TRIP
DATE 2012-09-09 
DECLINATION     0.00
DATA
1.0	1.1	10.26	-2.00	2.983	>
1.0	1.2	3.22	-5.04	5.235	>
1.2		182.15	5.06	5.236	>
1.2		187.97	3.09	1.893	>
1.2		168.83	1.17	1.915	>
1.2		218.60	-0.17	1.383	>
1.2		248.02	1.51	0.644	>
1.2		105.28	-3.27	0.684	>
1.2		140.40	-2.98	1.558	>
1.2		176.54	-47.46	1.840	>
1.2		167.79	-47.95	1.821	>
1.2		189.88	-63.98	1.541	>
1.2		132.31	-59.63	1.608	>
1.2	1.3	166.70	-60.10	2.635	>
1.3		345.96	60.28	0.225	>
1.3		347.87	60.51	2.631	>
1.3		9.85	76.68	0.938	>
1.3		232.19	12.39	0.312	>
1.3		31.02	10.34	0.351	>
1.3		8.60	-70.82	0.468	>
1.3	1.4	330.77	-25.13	3.101	>
1.4		152.39	25.35	3.116	>
1.4		208.53	-0.71	0.561	>
1.4		140.71	80.27	0.588	>
1.4		188.94	-86.08	1.318	>
1.4		43.78	87.45	1.495	>
1.4	1.5	275.80	-12.09	4.512	>
1.5		94.73	12.12	4.511	>
1.5		123.81	5.65	3.446	>
1.5		134.16	0.13	3.514	>
1.5		129.45	11.11	6.656	>
1.5		149.61	-6.69	2.325	>
1.5		153.48	-11.15	1.639	>
1.5		252.62	-12.19	0.791	>
1.5		296.12	-7.84	1.218	>
1.5		296.72	-23.02	2.958	>
1.5		42.54	10.51	1.507	>
1.5		72.82	11.85	4.242	>
1.5		333.94	81.53	0.696	>
1.5		114.64	-67.05	0.547	>
1.5	1.6	50.69	-22.31	2.407	>
1.6		230.76	22.38	2.377	>
1.6		2.16	81.31	0.351	>
1.6		220.60	-79.24	0.296	>
1.6		299.04	-0.90	0.507	>
1.6		108.17	1.37	0.208	>
1.6	1.7	37.31	11.49	1.084	>
1.7		217.21	-12.24	1.090	>
1.7		327.11	66.57	0.797	>
1.7		176.06	-83.09	4.115	>
1.7		287.51	-77.52	0.723	>
1.7		292.40	-18.80	0.599	>
1.7		100.10	16.74	2.024	>
1.7	1.8	6.09	11.48	1.999	>
1.8		184.81	-11.16	2.005	>
1.8		98.33	-7.51	1.469	>
1.8		105.12	52.89	0.191	>
1.8		102.21	-61.06	1.241	>
1.8		109.36	0.39	0.884	>
1.8	1.9	56.58	0.17	1.008	>
1.9		236.71	-0.45	1.024	>
1.9		12.89	64.48	0.479	>
1.9		279.78	-8.51	0.601	>
1.9		275.58	-73.43	0.468	>
1.9		74.99	6.09	3.537	>
1.9	1.10	336.52	5.80	3.067	>
1.10		156.18	-6.26	3.079	>
1.10		232.64	-1.48	0.580	>
1.10		64.74	-58.35	1.309	>
1.10		101.25	-11.90	1.425	>
1.10		78.34	-36.91	1.139	>
1.9	1.11	64.66	5.28	2.421	>
1.11		245.35	-5.40	2.423	>
1.11		233.13	24.23	0.439	>
1.11		42.59	-21.83	0.199	>
1.11		239.60	45.97	0.452	>
1.11		178.43	-53.65	0.493	>
1.11		118.40	17.89	3.298	>
1.11	1.12	106.57	19.30	4.500	>
1.12		296.57	84.79	0.246	>
1.12		126.03	-84.05	0.262	>
1.12		197.89	18.64	0.598	>
1.12		327.15	-9.65	1.169	>
1.12		13.18	-2.28	1.632	>
1.12		96.78	12.17	1.864	>
1.10		209.98	51.35	3.756	>
1.10	1.13	80.57	-45.65	0.943	>
1.13		259.77	45.33	0.937	>
1.13		97.19	56.63	0.843	>
1.13		144.81	14.03	1.155	>
1.13		130.74	-25.39	0.485	>
1.13		324.83	25.51	0.583	>
1.13	1.14	65.16	19.50	5.312	>
1.14		246.22	-19.66	5.822	>
1.14		206.97	-10.30	0.643	>
1.14		185.31	-53.48	0.545	>
1.14		279.34	69.61	0.212	>
1.14		161.85	8.16	2.086	>
1.14		286.00	-13.40	0.850	>
1.10	1.15	329.16	-18.17	3.268	>
1.15		149.03	17.89	3.253	>
1.15		63.26	-13.22	0.774	>
1.15		243.43	79.64	0.696	>
1.15		97.41	-82.81	0.805	>
1.15		233.97	-23.81	2.373	>
1.15		168.29	10.58	0.942	>
1.15	1.16	334.09	-6.32	3.568	>
1.16		154.40	6.43	3.580	>
1.16		52.53	-10.88	0.291	>
1.16		63.12	-62.49	0.699	>
1.16		221.54	2.29	0.726	>
1.16		250.07	55.66	1.825	>
1.16		237.55	47.66	0.855	>
1.16		195.11	6.01	0.860	>
1.16	1.17	207.98	-9.42	2.407	>
1.17		28.73	9.45	2.405	>
1.17		24.62	-70.16	1.549	>
1.17		336.77	-9.34	1.331	>
1.17		26.63	-33.67	0.485	>
1.17		83.58	13.62	0.663	>
1.17		193.75	-23.61	1.671	>
1.17	1.18	308.01	-19.24	4.050	>
1.18		128.34	19.13	4.052	>
1.18		155.56	12.31	1.544	>
1.18		300.02	2.80	0.594	>
1.18		261.25	65.01	0.280	>
1.18		183.12	-85.39	0.685	>
1.18	1.19	211.49	-16.04	2.056	>
1.19		31.72	16.13	2.045	>
1.19		320.92	71.96	0.553	>
1.19		308.44	-85.40	1.545	>
1.19		306.74	-13.67	0.461	>
1.19	1.20	233.56	-35.83	2.936	>
1.20		53.58	35.68	2.953	>
1.20		64.29	12.44	0.984	>
1.20		44.01	13.76	0.929	>
1.20		84.09	80.29	1.555	>
1.20		301.27	-84.42	1.624	>
1.20	1.21	14.54	-39.10	2.042	>
1.21		195.35	38.68	2.042	>
1.21		235.96	12.16	1.800	>
1.21		339.30	-76.98	0.213	>
1.21		53.20	3.85	0.343	>
1.21		230.11	64.32	3.170	>
TRIP
DATE 2013-02-23 
DECLINATION     0.00
DATA
1.5	2.0	0.00	0.00	0.000	>
2.0		190.48	0.70	0.572	>
2.0		258.69	80.80	0.670	>
2.0		2.05	3.06	1.347	>
2.0		97.13	-85.05	0.561	>
2.0		271.97	-24.99	4.053	>
2.0		271.79	-25.07	4.250	>
2.0	2.1	270.72	-25.50	4.080	>
2.1		51.56	-3.26	1.990	>
2.1		106.14	80.16	0.463	>
2.1		94.76	-80.83	1.511	>
2.1		97.99	-2.77	4.222	>
2.1		122.23	-12.39	3.396	>
2.1		150.51	-15.80	3.128	>
2.1		142.46	-10.55	6.656	>
2.1	2.2	354.35	-29.81	3.772	>
2.2		241.86	-8.22	0.658	>
2.2		85.49	-81.69	1.935	>
2.2		61.88	0.48	0.592	>
2.2		236.45	81.47	0.744	>
2.2		66.86	-56.31	1.674	>
2.2		149.62	-32.24	1.305	>
2.2	2.3	336.11	-24.78	4.330	>
2.3		273.39	76.95	1.198	>
2.3		54.71	1.25	0.457	>
2.3		248.81	6.57	0.192	>
2.3		67.32	-81.45	0.488	>
2.3		244.08	2.35	0.440	>
2.3	2.4	337.71	-4.40	2.774	>
2.4		45.42	-70.34	1.444	>
2.4		246.91	-7.71	0.499	>
2.4		271.73	60.67	2.234	>
2.4	2.5	343.72	-25.59	3.140	>
2.5		67.96	4.48	0.307	>
2.5		199.65	-82.51	0.228	>
2.5		212.74	65.60	3.008	>
2.5		228.78	1.97	1.834	>
2.5		149.66	-4.85	2.235	>
2.5		119.81	-19.63	1.066	>
2.5	2.6	332.43	6.50	1.872	>
2.6		84.99	2.24	0.333	>
2.6		234.74	4.02	0.813	>
2.6		76.68	-85.12	0.459	>
2.6		224.57	20.78	1.308	>
2.6		233.43	69.73	2.646	>
2.6	2.7	343.34	-5.28	2.259	>
2.7		90.00	-82.85	0.506	>
2.7		225.37	-8.31	0.443	>
2.7		226.24	51.06	1.813	>
2.7	2.8	258.62	12.28	1.721	>
2.8		122.44	-3.93	0.789	>
2.8		125.26	-80.04	0.821	>
2.8		113.40	59.46	1.021	>
2.7	2.9	310.48	4.44	1.097	>
2.9		99.09	-87.45	0.570	>
2.9		250.69	3.71	0.897	>
2.9		233.37	70.97	0.879	>
2.9		60.03	-19.69	0.600	>
2.9	2.10	334.58	4.18	2.371	>
2.10		51.68	0.88	0.261	>
2.10		45.00	-88.12	0.431	>
2.10		235.88	0.65	0.442	>
2.10		241.41	71.11	2.304	>
2.10	2.11	263.74	46.91	1.115	>
2.11		52.79	1.89	0.637	>
2.11		190.35	76.04	1.454	>
2.11		0.51	-83.35	0.976	>
2.11	2.12	351.74	-3.88	3.530	>
2.12		261.51	10.43	0.834	>
2.12		249.03	60.36	1.011	>
2.12	2.13	312.48	39.31	1.973	>
2.13		98.80	-1.20	0.909	>
2.13		59.83	83.80	0.461	>
2.13		62.59	-71.79	1.071	>
2.13	2.14	28.12	3.32	2.386	>
2.14		267.20	-13.20	1.533	>
2.14		261.31	-82.96	0.594	>
2.14		137.86	73.72	0.505	>
2.14	2.15	306.11	-13.04	0.855	>
2.15		78.15	4.99	0.459	>
2.15		248.71	6.67	0.646	>
2.15		264.29	-88.60	0.412	>
2.15		125.17	82.36	0.405	>
2.15		23.52	0.85	0.471	>
2.15	2.16	48.38	7.37	4.553	>
2.16		223.69	-3.46	2.915	>
2.16		236.59	2.00	3.004	>
2.16		276.32	-3.03	1.645	>
2.16		238.04	72.75	0.898	>
2.16		109.55	-71.64	1.593	>
2.16		204.15	-9.07	2.398	>
2.16		254.44	2.91	1.262	>
2.16	2.17	328.01	-9.82	2.339	>
2.17		103.77	-2.40	1.501	>
2.17		173.42	80.13	1.221	>
2.17	2.18	86.23	-7.22	2.650	>
2.18		185.83	6.37	2.099	>
2.18		223.45	82.56	0.404	>
2.18		10.70	10.63	0.509	>
2.18		175.19	-79.39	0.518	>
2.18	2.19	146.69	18.50	0.835	>
2.19		43.54	3.87	1.391	>
2.19		159.86	17.52	0.512	>
2.19		98.53	87.11	0.402	>
2.19	2.20	87.95	13.23	1.813	>
2.20		43.10	4.20	0.600	>
2.20		208.48	63.28	1.637	>
2.20		209.41	-0.92	0.874	>
2.20	2.21	164.44	7.33	1.733	>
2.21		33.20	4.39	0.680	>
2.21		234.14	82.94	1.195	>
2.21		41.63	-84.41	0.247	>
2.21	2.22	113.94	7.56	2.911	>
2.22		255.16	77.95	1.328	>
2.22		220.21	0.07	0.880	>
2.22		136.27	-85.46	0.402	>
2.22		358.27	2.06	2.393	>
2.22		320.27	-8.84	4.282	>
2.22	2.23	181.18	30.12	1.513	>
2.23		214.34	-9.61	0.198	>
2.23		55.53	-74.17	1.263	>
2.23		35.15	9.11	0.385	>
2.23		243.43	88.07	0.399	>
2.23		34.58	-40.95	1.791	>
2.23	2.24	108.18	-8.18	4.585	>
2.24		27.46	19.01	2.122	>
2.24		265.37	83.09	1.442	>
2.24		209.32	20.18	2.737	>
2.24		204.38	31.07	3.060	>
2.24		172.95	38.50	2.697	>
2.24		119.13	44.68	2.756	>
2.24		105.48	35.64	4.287	>
2.24		94.03	37.40	3.313	>
2.24		321.98	7.70	3.410	>
2.24	2.25	188.74	35.45	3.216	>
2.25		228.02	4.32	1.170	>
2.25		342.41	79.94	2.445	>
2.25		172.87	80.93	0.870	>
2.25		33.39	9.48	0.370	>
2.25		97.27	36.04	4.183	>
2.25	2.26	139.60	16.69	4.133	>
2.26		231.42	-0.48	0.475	>
2.26		135.00	89.71	0.562	>
2.26		13.51	28.44	1.149	>
2.26		147.12	-77.06	0.526	>
2.26		118.05	16.63	3.061	>
2.25	2.27	97.32	39.05	4.944	>
2.27		73.53	39.89	0.529	>
2.27		146.00	24.41	2.860	>
2.27		181.17	14.96	2.081	>
2.27		159.34	16.76	3.638	>
2.24	2.28	323.60	-24.94	2.775	>
2.28		240.58	79.45	2.013	>
2.28		150.75	-80.12	1.169	>
2.28		153.56	-10.02	0.420	>
2.28	2.29	90.00	-48.90	0.893	>
2.29		345.85	68.45	0.657	>
2.29		153.16	1.64	0.736	>
2.29		303.40	1.68	0.647	>
2.29		85.90	-77.62	1.173	>
2.29		23.76	-19.20	1.259	>
2.29	2.30	324.60	-29.83	6.283	>
2.30		224.66	72.45	1.953	>
2.30		213.57	5.23	1.491	>
2.30		52.77	6.26	0.321	>
2.30		224.17	-83.47	0.429	>
2.30	2.31	264.23	41.75	1.547	>
2.31		36.18	2.86	1.182	>
2.31		7.14	4.71	1.413	>
2.31		76.84	80.68	0.977	>
2.31		206.68	4.66	0.431	>
2.31		164.60	-87.26	1.499	>
2.31	2.32	15.80	12.55	2.265	>
2.32		258.32	-39.45	0.877	>
2.32		254.46	-1.83	0.407	>
2.32		258.03	37.34	0.625	>
2.32		1.35	-83.56	0.758	>
2.32	2.33	323.45	-41.62	6.029	>
2.31	2.34	314.22	-30.46	5.131	>
2.34		117.96	6.32	1.809	>
2.34		169.41	73.17	1.673	>
2.34		104.76	-65.17	0.776	>
2.34	2.35	19.80	-19.74	2.760	>
2.35		249.76	75.42	3.596	>
2.35		4.86	17.88	0.583	>
2.35		222.30	3.91	1.232	>
2.35	2.36	90.99	26.23	4.445	>
2.36		172.41	2.45	2.366	>
2.36		280.27	82.98	2.478	>
2.36		0.69	7.78	1.168	>
2.36		351.57	-81.83	0.384	>
2.36		16.94	43.97	4.812	>
2.36	2.37	112.79	18.69	6.610	>
2.37		143.58	88.43	2.768	>
2.37		47.16	8.66	1.235	>
2.37		237.65	2.14	2.197	>
2.37		23.25	-72.66	0.519	>
2.37	2.38	158.52	22.40	3.917	>
2.38		265.36	79.76	2.574	>
2.38		258.24	76.01	1.766	>
2.38		188.75	-87.28	0.833	>
2.38		247.04	2.21	1.090	>
2.38		47.32	-9.21	1.131	>
2.38	2.39	158.54	15.55	5.061	>
2.39		95.36	80.88	0.811	>
2.39		243.29	-2.25	0.356	>
2.39		68.36	1.56	1.356	>
2.39		143.13	-87.25	0.312	>
2.39		37.39	14.64	2.223	>
2.39		124.16	28.99	1.238	>
2.39		169.88	20.43	1.519	>
2.39		184.02	6.77	3.173	>
2.39	2.40	137.30	35.75	3.303	>
2.40		330.78	80.41	0.406	>
2.40		24.61	16.30	0.723	>
2.40		242.47	10.68	0.431	>
2.40	2.41	156.92	21.03	1.538	>
2.41		313.23	86.65	1.174	>
2.41		273.70	17.62	0.763	>
2.41		52.79	9.23	1.147	>
2.41	2.42	188.40	54.13	1.227	>
2.42		20.18	66.00	0.306	>
2.42		64.53	1.83	0.563	>
2.42		246.49	30.02	0.252	>
2.42		119.23	24.03	1.213	>
2.35	2.43	271.86	-10.71	7.822	>
2.43		340.04	72.40	2.956	>
2.43		18.70	7.93	0.624	>
2.43		202.10	11.00	0.655	>
2.43		172.77	-79.06	1.715	>
2.43	2.44	132.78	-54.76	1.582	>
2.43	2.45	283.16	-3.82	4.220	>
2.45		5.51	2.86	0.261	>
2.45		147.31	-80.06	0.923	>
2.45		187.60	77.31	2.168	>
2.45		144.44	74.73	1.423	>
2.45		171.62	2.39	1.030	>
2.44	2.46	0.00	0.00	0.000	>
2.46		359.84	20.73	1.167	>
2.46		279.80	44.74	1.034	>
2.46	2.47	278.13	-22.88	4.082	>
2.47		175.17	69.15	1.167	>
2.47		146.11	-60.94	0.665	>
2.47		181.62	1.32	0.958	>
2.47	2.48	127.58	7.40	1.622	>
2.48		222.76	-13.16	0.316	>
2.48		203.90	77.00	0.428	>
2.48		106.86	-84.40	0.706	>
2.48		143.21	1.27	6.382	>
2.48		143.56	0.28	9.205	>
2.45	2.49	265.02	1.39	2.395	>
2.49		353.98	78.67	2.282	>
2.49		198.26	-1.66	0.517	>
2.49		19.98	9.03	0.892	>
2.49		358.39	-81.38	0.714	>
2.49		142.10	-59.72	3.781	>
2.49	2.50	297.62	28.09	2.056	>
2.50		36.72	83.46	0.690	>
2.50		191.36	6.18	0.465	>
2.50		186.67	-84.13	0.758	>
2.50	2.51	317.24	16.74	2.382	>
2.51		90.88	79.33	0.351	>
2.51		44.21	5.42	0.667	>
2.51		251.78	-12.44	1.903	>
2.51		13.37	-82.25	4.011	>
2.51	2.52	335.02	-5.36	2.804	>
2.52		212.51	-9.20	2.096	>
2.52		155.77	88.11	0.663	>
2.52		206.57	-87.80	1.105	>
2.52		140.09	-4.65	0.704	>
2.52	2.53	77.58	15.81	8.003	>
2.52	2.54	251.79	-11.14	2.991	>
2.54		7.08	14.18	1.498	>
2.54		156.77	-77.23	4.941	>
2.54		326.59	73.28	1.382	>
2.54	2.55	287.67	-14.32	2.750	>
2.55		212.31	8.18	0.478	>
2.55		2.21	0.71	1.785	>
2.55		356.98	51.35	1.246	>
2.55		0.83	-70.83	4.845	>
2.55		347.75	56.77	2.297	>
2.55	2.56	280.29	-11.16	6.043	>
2.56		173.80	-9.68	2.575	>
2.56		210.67	72.83	0.910	>
2.56		258.48	-78.70	5.523	>
2.56		355.77	-2.48	1.222	>
2.56	2.57	167.81	-69.81	4.719	>
2.57		35.68	84.02	5.529	>
2.57		358.49	5.80	1.484	>
2.57		175.95	-0.16	0.709	>
2.57		91.17	-86.28	0.755	>
2.57	2.58	266.27	3.97	6.261	>
2.58		320.10	6.41	0.913	>
2.58		289.70	73.93	2.540	>
2.58		155.97	1.06	2.051	>
2.58		137.60	-73.54	0.770	>
2.58		86.03	-33.48	4.366	>
2.58	2.59	221.33	-28.43	5.344	>
2.59		309.95	9.34	5.411	>
2.59		144.62	3.09	1.856	>
2.59		302.62	79.62	3.037	>
2.59		133.07	-79.39	0.684	>
2.59		353.29	-42.52	4.713	>
2.59		67.98	28.73	2.886	>
2.59		85.87	13.93	2.487	>
2.59		112.78	22.55	2.952	>
2.59		207.67	8.62	1.834	>
2.59		237.30	-3.60	5.282	>
2.59		272.90	-3.40	5.322	>
2.59		8.04	23.96	3.216	>
TRIP
DATE 2013-02-24 
DECLINATION     0.00
DATA
3.13	4.0	0.00	0.00	0.000	>
4.0		33.99	-0.50	0.574	>
4.0		110.32	-85.64	0.758	>
4.0		327.14	86.41	2.736	>
4.0	4.1	316.67	0.98	3.202	>
4.1		136.76	-1.39	3.220	>
4.1		38.41	3.10	0.574	>
4.1		103.20	-84.17	1.466	>
4.1		260.75	87.92	2.405	>
4.1	4.2	308.84	-15.08	7.104	>
4.2		128.55	14.54	7.096	>
4.2		194.90	1.13	0.661	>
4.2		349.82	82.91	2.891	>
4.2		179.53	-65.42	0.878	>
4.2	4.3	278.91	-12.52	4.240	>
4.3		98.44	12.27	4.211	>
4.3		81.30	88.44	3.158	>
4.3		354.96	-84.90	0.768	>
2.39	5.0	0.00	0.00	0.000	>
5.0	5.1	49.35	7.26	1.558	>
5.1		331.11	9.15	0.503	>
5.1		271.35	77.61	0.396	>
5.1		254.36	-87.97	0.731	>
5.1		351.99	40.18	0.611	>
5.1		43.60	51.40	0.558	>
5.1	5.2	10.53	51.20	1.746	>
5.2		189.76	-51.67	1.760	>
5.2		258.57	0.40	0.288	>
5.2		338.71	-79.21	0.883	>
5.2		150.81	76.25	0.699	>
5.2	5.3	347.52	12.12	4.071	>
5.3		169.15	-12.50	4.107	>
5.3		169.13	-12.74	4.103	>
5.3		347.90	14.57	1.829	>
5.3		250.25	-6.23	0.959	>
5.3		83.66	87.46	0.409	>
5.3		216.38	-86.92	0.439	>
5.3		148.71	-10.99	0.824	>
5.3		190.32	-16.90	1.225	>
5.3	5.4	50.59	25.22	3.617	>
5.4		230.43	-25.56	3.627	>
5.4		348.06	4.39	0.432	>
5.4		170.53	-5.87	1.632	>
5.4		61.17	-82.00	0.894	>
5.4		344.81	-7.60	2.111	>
5.4	5.5	67.67	12.62	3.250	>
5.5		247.14	-13.26	3.279	>
5.5		323.62	84.54	0.248	>
5.5		170.46	5.79	0.952	>
5.5		330.91	-6.08	2.133	>
5.5		222.84	-84.38	0.766	>
5.5	5.6	56.56	19.52	3.451	>
5.6		237.93	-19.53	3.493	>
5.6		154.07	-15.18	1.417	>
5.6		71.57	-87.09	0.561	>
5.6		341.80	-3.44	0.616	>
5.6		233.90	-20.78	2.147	>
5.6		168.53	2.89	4.024	>
5.6		124.69	10.46	2.435	>
5.6		106.22	14.43	1.870	>
5.6		182.56	1.04	2.752	>
5.6	5.7	151.98	-12.12	1.419	>
5.7		329.67	11.35	1.418	>
5.7		42.08	39.52	1.549	>
5.7		180.56	4.65	2.995	>
5.7		354.45	85.34	0.890	>
5.7		29.36	-87.64	0.445	>
5.7	5.8	84.92	26.43	6.297	>
5.8		355.73	6.10	0.810	>
5.8		173.10	10.04	0.321	>
5.8		349.11	81.90	0.188	>
5.8		157.62	-75.24	0.361	>
2.62	6.4	0.00	0.00	0.000	>
2.59	2.60	249.87	-18.28	3.635	>
2.60		98.60	33.33	2.914	>
2.60		127.09	30.31	4.036	>
2.60		153.59	27.64	3.546	>
2.60		181.97	11.16	5.460	>
2.60		10.69	-16.02	2.536	>
2.60		23.71	-10.67	3.085	>
2.60		196.88	-31.46	4.510	>
2.60	2.61	187.99	-36.35	6.143	>
2.61		109.02	-3.70	0.929	>
2.61		154.63	72.91	4.462	>
2.61		191.44	-82.46	3.267	>
2.61	2.62	31.61	-42.73	1.039	>
2.59	6.0	0.00	0.00	0.000	>
6.0	6.1	25.03	-14.34	3.316	>
6.1		206.41	14.30	3.262	>
6.1		315.04	-8.84	0.983	>
6.1		174.75	-0.37	0.765	>
6.1		219.51	-12.94	2.488	>
6.1		280.22	-27.04	1.898	>
6.1	6.2	255.27	-30.20	5.697	>
6.2		74.10	29.85	5.714	>
6.2		162.51	-1.35	1.058	>
6.2		220.11	80.96	1.215	>
6.2		332.91	1.17	0.391	>
6.2		198.82	-82.81	1.140	>
6.2	6.3	201.54	-10.25	3.090	>
6.3		20.13	10.18	3.100	>
6.3		263.55	-6.54	1.300	>
6.3		284.28	-86.49	0.928	>
6.3		75.34	-2.52	0.933	>
6.3		235.01	85.65	0.322	>
6.3	6.4	164.72	-15.91	4.553	>
6.4		344.84	15.77	4.522	>
6.4		258.45	-2.14	0.615	>
6.4		86.28	-2.26	0.633	>
6.4		284.91	86.05	5.527	>
6.4		181.72	-82.24	2.469	>
6.4	6.5	199.29	-26.78	2.384	>
6.5		18.11	26.15	2.369	>
6.5		318.08	0.70	0.816	>
6.5		143.35	2.76	0.726	>
6.5		191.94	83.34	5.249	>
6.5		246.95	-88.09	1.529	>
6.5	6.6	239.56	-9.78	6.285	>
6.6		58.58	9.67	6.262	>
6.6		349.17	-5.80	1.258	>
6.6		42.48	-84.91	1.452	>
6.6		174.02	2.49	0.230	>
6.6		340.21	65.15	4.364	>
6.6	6.7	284.16	-7.13	7.661	>
6.7		104.12	6.94	7.646	>
6.7		184.44	-3.04	1.112	>
6.7		315.78	-87.58	1.225	>
6.7		284.27	87.68	5.903	>
6.7	6.8	224.21	-8.55	2.577	>
6.8		43.16	8.81	2.580	>
6.8		307.58	-0.89	1.489	>
6.8		259.48	81.94	5.155	>
6.8		109.18	-87.37	1.061	>
6.8	6.9	205.89	-6.50	6.798	>
6.9		24.81	6.09	6.774	>
6.9		71.98	-5.16	1.402	>
6.9		82.59	71.47	3.439	>
6.9		18.97	-83.88	1.270	>
6.9	6.10	108.55	-5.30	2.090	>
6.10		289.79	4.08	2.120	>
6.10		243.22	-9.21	1.180	>
6.10		300.21	-85.44	1.149	>
6.10		281.62	67.93	5.456	>
6.10	6.11	204.84	6.96	7.845	>
6.11		23.37	-7.46	7.853	>
6.11		20.69	-17.04	4.038	>
6.11		31.33	-11.01	4.085	>
6.11		122.92	1.76	3.577	>
6.11		146.16	5.40	5.018	>
6.11		258.29	-10.90	3.817	>
6.11		291.06	-0.54	3.954	>
6.11		341.36	-3.34	5.881	>
6.11		332.38	-2.75	6.540	>
6.11		124.51	87.58	3.223	>
6.11		81.58	-78.83	1.022	>
TRIP
DATE 2016-07-10 
DECLINATION     0.00
DATA
6.8	6.12	339.33	62.01	4.600	>
6.12		103.36	86.66	1.409	>
6.12		65.33	2.24	0.230	>
6.12		347.91	-85.10	0.335	>
6.12	6.13	333.39	27.44	2.795	>
6.13		27.20	80.58	0.495	>
6.13		242.20	5.21	0.187	>
6.13		270.00	-84.79	0.297	>

PLAN
STATIONS
12.604	-18.999	1.0
13.135	-16.065	1.1
12.897	-13.792	1.2
13.199	-15.070	1.3
11.828	-12.620	1.4
7.439	-12.174	1.5
9.162	-10.763	1.6
9.806	-9.918	1.7
10.014	-7.970	1.8
10.855	-7.415	1.9
9.639	-4.616	1.10
13.034	-6.383	1.11
17.105	-7.594	1.12
10.289	-4.508	1.13
14.833	-2.405	1.14
8.047	-1.950	1.15
6.497	1.240	1.16
5.383	-0.857	1.17
2.370	1.498	1.18
1.338	-0.187	1.19
-0.577	-1.601	1.20
-0.179	-0.067	1.21
7.439	-12.174	2.0
3.757	-12.128	2.1
3.435	-8.871	2.2
1.843	-5.277	2.3
0.794	-2.718	2.4
-0.861	1.649	2.6
-1.506	3.804	2.7
-3.155	3.472	2.8
-2.338	4.514	2.9
-3.353	6.650	2.10
-4.110	6.567	2.11
-4.616	10.052	2.12
-5.742	11.083	2.13
-4.619	13.184	2.14
-5.292	13.675	2.15
-1.917	16.674	2.16
-3.138	18.629	2.17
-0.515	18.802	2.18
-0.080	18.140	2.19
1.684	18.203	2.20
2.145	16.547	2.21
4.782	15.376	2.22
4.755	14.068	2.23
9.067	12.652	2.24
8.669	10.063	2.25
11.235	7.048	2.26
12.477	9.574	2.27
7.574	14.677	2.28
8.161	14.677	2.29
5.004	19.120	2.30
3.856	19.004	2.31
4.458	21.131	2.32
1.774	24.752	2.33
0.686	22.089	2.34
1.566	24.533	2.35
5.553	24.464	2.36
11.326	22.039	2.37
12.652	18.669	2.38
14.436	14.131	2.39
16.254	12.161	2.40
16.817	10.840	2.41
16.712	10.129	2.42
-6.116	24.782	2.43
-5.446	24.162	2.44
-10.216	25.741	2.45
-5.446	24.162	2.46
-9.169	24.694	2.47
-7.894	23.713	2.48
-12.601	25.533	2.49
-14.208	26.374	2.50
-15.757	28.049	2.51
-16.936	30.580	2.52
-9.416	32.236	2.53
-19.724	29.663	2.54
-22.263	30.472	2.55
-28.096	31.531	2.56
-27.752	29.939	2.57
-33.985	29.533	2.58
-37.089	26.004	2.59
-40.330	24.816	2.60
-41.018	19.917	2.61
-40.618	20.567	2.62
-25.080	19.107	4.0
-27.277	21.436	4.1
-32.620	25.738	4.2
-36.709	26.379	4.3
14.436	14.131	5.0
15.609	15.138	5.1
15.809	16.214	5.2
14.949	20.100	5.3
17.477	22.177	5.4
20.411	23.382	5.5
23.125	25.174	5.6
23.777	23.949	5.7
29.394	24.448	5.8
-37.089	26.004	6.0
-35.730	28.915	6.1
-40.492	27.663	6.2
-41.608	24.835	6.3
-40.618	20.567	6.4
-41.157	18.602	6.5
-46.497	15.464	6.6
-53.868	17.324	6.7
-55.645	15.497	6.8
-58.594	9.421	6.9
-56.621	8.759	6.10
-59.892	1.692	6.11
-56.407	17.517	6.12
-57.518	19.735	6.13
-48.177	7.168	6.11
-62.562	16.398	6.9
-57.882	21.268	6.8
-47.217	22.478	6.6
-50.237	29.133	6.5
29.526	22.924	5.8
26.164	15.784	5.5
14.294	31.969	5.4
17.564	18.419	5.3
19.254	15.519	5.2
-32.985	20.657	4.2
-43.348	36.671	2.59
-34.223	36.796	2.58
-27.393	39.386	2.56
-17.053	37.811	2.54
-8.848	35.590	2.51
-11.417	29.740	2.49
-4.287	27.945	2.43
20.893	17.075	2.39
15.688	22.640	2.38
12.303	27.455	2.37
16.238	14.597	2.31
4.491	8.575	2.24
2.436	13.995	2.23
-0.804	20.849	2.19
3.711	17.254	2.16
-7.549	13.954	2.15
-6.926	11.046	2.13
-2.846	10.641	2.12
-1.686	7.313	2.10
-0.364	5.177	2.9
-4.116	1.050	2.6
-6.686	-0.480	2.5
-2.674	-3.163	2.4
-0.644	-6.268	2.3
0.321	-11.003	2.2
0.105	2.885	1.19
3.485	2.370	1.18
12.338	-1.549	1.15
17.426	-3.585	1.14
18.021	0.810	1.10
17.091	-9.620	1.12
13.111	-8.160	1.11
13.616	-12.072	1.6
17.550	-15.343	1.4
SHOTS
-0.577	-1.601	-0.179	-0.067
-0.179	-0.067	-1.233	-0.948
-0.179	-0.067	0.095	0.138
-0.179	-0.067	-0.196	-0.022
-0.179	-0.067	-1.637	-1.052
-0.179	-0.067	-0.601	-1.604
1.338	-0.187	-0.577	-1.601
-0.577	-1.601	-0.712	-1.519
-0.577	-1.601	-0.316	-1.574
-0.577	-1.601	0.050	-0.952
-0.577	-1.601	0.289	-1.184
-0.577	-1.601	1.353	-0.177
2.370	1.498	1.338	-0.187
1.338	-0.187	0.979	0.081
1.338	-0.187	1.241	-0.110
1.338	-0.187	1.230	-0.054
1.338	-0.187	2.371	1.484
5.383	-0.857	2.370	1.498
2.370	1.498	2.367	1.443
2.370	1.498	2.253	1.480
2.370	1.498	1.856	1.795
2.370	1.498	2.994	0.125
2.370	1.498	5.373	-0.877
6.497	1.240	5.383	-0.857
5.383	-0.857	5.019	-2.344
5.383	-0.857	6.023	-0.785
5.383	-0.857	5.564	-0.496
5.383	-0.857	4.865	0.350
5.383	-0.857	5.602	-0.379
5.383	-0.857	6.523	1.223
8.047	-1.950	6.497	1.240
6.497	1.240	6.274	0.414
6.497	1.240	6.011	0.931
6.497	1.240	5.529	0.889
6.497	1.240	6.016	0.697
6.497	1.240	6.785	1.386
6.497	1.240	6.724	1.414
6.497	1.240	8.034	-1.968
9.639	-4.616	8.047	-1.950
8.047	-1.950	8.235	-2.857
8.047	-1.950	6.291	-3.227
8.047	-1.950	8.147	-1.963
8.047	-1.950	7.935	-2.006
8.047	-1.950	8.720	-1.611
8.047	-1.950	9.640	-4.604
10.289	-4.508	14.833	-2.405
14.833	-2.405	14.038	-2.177
14.833	-2.405	15.476	-4.367
14.833	-2.405	14.760	-2.393
14.833	-2.405	14.803	-2.728
14.833	-2.405	14.546	-2.969
14.833	-2.405	9.816	-4.616
9.639	-4.616	10.289	-4.508
10.289	-4.508	9.986	-4.078
10.289	-4.508	10.621	-4.794
10.289	-4.508	10.935	-5.424
10.289	-4.508	10.749	-4.566
10.289	-4.508	9.641	-4.625
13.034	-6.383	17.105	-7.594
17.105	-7.594	18.914	-7.809
17.105	-7.594	17.477	-6.006
17.105	-7.594	16.480	-6.626
17.105	-7.594	16.931	-8.133
17.105	-7.594	17.127	-7.610
17.105	-7.594	17.085	-7.584
10.855	-7.415	13.034	-6.383
13.034	-6.383	15.795	-7.876
13.034	-6.383	13.042	-6.675
13.034	-6.383	12.763	-6.542
13.034	-6.383	13.159	-6.247
13.034	-6.383	12.714	-6.623
13.034	-6.383	10.842	-7.389
10.855	-7.415	9.639	-4.616
9.639	-4.616	8.467	-6.648
9.639	-4.616	10.531	-4.432
9.639	-4.616	11.007	-4.888
9.639	-4.616	10.260	-4.323
9.639	-4.616	9.178	-4.968
9.639	-4.616	10.875	-7.416
10.014	-7.970	10.855	-7.415
10.855	-7.415	14.252	-6.504
10.855	-7.415	10.722	-7.402
10.855	-7.415	10.269	-7.314
10.855	-7.415	10.901	-7.214
10.855	-7.415	9.999	-7.977
9.806	-9.918	10.014	-7.970
10.014	-7.970	10.848	-8.263
10.014	-7.970	10.601	-8.097
10.014	-7.970	10.125	-8.000
10.014	-7.970	11.455	-8.181
10.014	-7.970	9.849	-9.930
9.162	-10.763	9.806	-9.918
9.806	-9.918	11.714	-10.258
9.806	-9.918	9.282	-9.702
9.806	-9.918	9.657	-9.871
9.806	-9.918	9.840	-10.412
9.806	-9.918	9.634	-9.652
9.806	-9.918	9.162	-10.766
12.604	-18.999	13.135	-16.065
12.897	-13.792	12.604	-18.999
13.199	-15.070	12.897	-13.792
12.897	-13.792	13.498	-14.339
12.897	-13.792	12.781	-14.458
12.897	-13.792	13.155	-14.984
12.897	-13.792	12.972	-15.034
12.897	-13.792	13.889	-14.991
12.897	-13.792	13.556	-13.972
12.897	-13.792	12.300	-14.033
12.897	-13.792	12.034	-14.873
12.897	-13.792	13.268	-15.670
12.897	-13.792	12.635	-15.664
12.897	-13.792	12.701	-19.004
11.828	-12.620	13.199	-15.070
13.199	-15.070	13.222	-14.918
13.199	-15.070	13.377	-14.774
13.199	-15.070	12.958	-15.257
13.199	-15.070	13.236	-14.857
13.199	-15.070	12.927	-13.804
13.199	-15.070	13.172	-14.962
7.439	-12.174	11.828	-12.620
11.828	-12.620	11.874	-12.572
11.828	-12.620	11.814	-12.709
11.828	-12.620	11.891	-12.697
11.828	-12.620	11.560	-13.113
11.828	-12.620	13.133	-15.115
7.439	-12.174	9.162	-10.763
9.162	-10.763	9.360	-10.828
9.162	-10.763	8.719	-10.517
9.162	-10.763	9.126	-10.805
9.162	-10.763	9.164	-10.710
9.162	-10.763	7.460	-12.153
7.439	-12.174	7.439	-12.174
7.439	-12.174	7.633	-12.263
7.439	-12.174	7.394	-12.082
7.439	-12.174	11.405	-10.948
7.439	-12.174	8.441	-11.082
7.439	-12.174	5.007	-10.950
7.439	-12.174	6.356	-11.643
7.439	-12.174	6.701	-12.405
7.439	-12.174	8.157	-13.613
7.439	-12.174	8.607	-14.166
7.439	-12.174	12.482	-16.324
7.439	-12.174	9.960	-14.622
7.439	-12.174	10.288	-14.082
7.439	-12.174	11.834	-12.538
3.757	-12.128	7.439	-12.174
7.439	-12.174	3.591	-12.054
7.439	-12.174	3.768	-12.048
7.439	-12.174	7.487	-12.180
7.439	-12.174	7.487	-10.830
7.439	-12.174	7.334	-12.195
7.439	-12.174	7.335	-12.736
3.435	-8.871	3.757	-12.128
3.757	-12.128	7.744	-17.317
3.757	-12.128	5.239	-14.748
3.757	-12.128	6.563	-13.897
3.757	-12.128	7.933	-12.714
3.757	-12.128	3.997	-12.148
3.757	-12.128	3.833	-12.150
3.757	-12.128	5.313	-10.893
1.843	-5.277	3.435	-8.871
3.435	-8.871	3.993	-9.823
3.435	-8.871	4.289	-8.506
3.435	-8.871	3.343	-8.932
3.435	-8.871	3.957	-8.592
3.435	-8.871	3.714	-8.849
3.435	-8.871	2.861	-9.178
0.794	-2.718	1.843	-5.277
1.843	-5.277	1.448	-5.469
1.843	-5.277	1.910	-5.249
1.843	-5.277	1.665	-5.346
1.843	-5.277	2.216	-5.013
1.843	-5.277	1.573	-5.261
0.000	0.000	0.794	-2.718
0.794	-2.718	-0.300	-2.685
0.794	-2.718	0.339	-2.912
0.794	-2.718	1.140	-2.377
-40.618	20.567	-40.618	20.567
-56.407	17.517	-57.518	19.735
-57.518	19.735	-57.481	19.807
-57.518	19.735	-57.683	19.648
-57.518	19.735	-57.545	19.735
-55.645	15.497	-56.407	17.517
-56.407	17.517	-56.327	17.498
-56.407	17.517	-56.198	17.613
-56.407	17.517	-56.413	17.545
-56.621	8.759	-59.892	1.692
-59.892	1.692	-56.803	8.840
-59.892	1.692	-58.528	5.304
-59.892	1.692	-57.807	5.117
-59.892	1.692	-56.891	-0.251
-59.892	1.692	-57.110	-2.458
-59.892	1.692	-63.562	0.931
-59.892	1.692	-63.582	3.113
-59.892	1.692	-61.769	7.255
-59.892	1.692	-62.920	7.480
-59.892	1.692	-59.780	1.615
-59.892	1.692	-59.696	1.721
-58.594	9.421	-56.621	8.759
-56.621	8.759	-58.611	9.475
-56.621	8.759	-57.661	8.234
-56.621	8.759	-56.700	8.805
-56.621	8.759	-58.629	9.172
-55.645	15.497	-58.594	9.421
-58.594	9.421	-55.767	15.535
-58.594	9.421	-57.266	9.853
-58.594	9.421	-57.510	9.562
-58.594	9.421	-58.550	9.549
-53.868	17.324	-55.645	15.497
-55.645	15.497	-53.901	17.357
-55.645	15.497	-56.825	16.405
-55.645	15.497	-56.356	15.365
-55.645	15.497	-55.599	15.481
-46.497	15.464	-53.868	17.324
-53.868	17.324	-46.507	15.472
-53.868	17.324	-53.954	16.217
-53.868	17.324	-53.904	17.361
-53.868	17.324	-54.100	17.383
-41.157	18.602	-46.497	15.464
-46.497	15.464	-41.229	18.682
-46.497	15.464	-46.732	16.693
-46.497	15.464	-46.410	15.559
-46.497	15.464	-46.473	15.235
-46.497	15.464	-47.118	17.190
-40.454	20.611	-41.157	18.602
-41.157	18.602	-40.496	20.623
-41.157	18.602	-41.702	19.209
-41.157	18.602	-40.724	18.020
-41.157	18.602	-41.283	18.006
-41.157	18.602	-41.204	18.582
-41.608	24.835	-40.454	20.611
-40.454	20.611	-41.592	24.811
-40.454	20.611	-41.056	20.488
-40.454	20.611	-39.823	20.652
-40.454	20.611	-40.822	20.709
-40.454	20.611	-40.464	20.278
-40.492	27.663	-41.608	24.835
-41.608	24.835	-40.558	27.700
-41.608	24.835	-42.891	24.690
-41.608	24.835	-41.663	24.849
-41.608	24.835	-40.706	25.071
-41.608	24.835	-41.628	24.821
-35.730	28.915	-40.492	27.663
-40.492	27.663	-35.726	29.021
-40.492	27.663	-40.174	26.654
-40.492	27.663	-40.615	27.517
-40.492	27.663	-40.670	28.011
-40.492	27.663	-40.538	27.528
-37.089	26.004	-35.730	28.915
-35.730	28.915	-37.136	26.084
-35.730	28.915	-36.416	29.602
-35.730	28.915	-35.660	28.153
-35.730	28.915	-37.273	27.044
-35.730	28.915	-37.394	29.215
-37.089	26.004	-37.089	26.004
-41.018	19.917	-40.618	20.567
-40.330	24.816	-41.018	19.917
-41.018	19.917	-40.142	19.615
-41.018	19.917	-40.456	18.732
-41.018	19.917	-41.103	19.497
-37.089	26.004	-40.330	24.816
-40.330	24.816	-37.923	24.452
-40.330	24.816	-37.551	22.715
-40.330	24.816	-38.933	22.003
-40.330	24.816	-40.514	19.462
-40.330	24.816	-39.878	27.211
-40.330	24.816	-39.111	27.592
-40.330	24.816	-41.447	21.135
23.777	23.949	29.394	24.448
29.394	24.448	29.334	25.251
29.394	24.448	29.432	24.134
29.394	24.448	29.389	24.474
29.394	24.448	29.429	24.363
23.125	25.174	23.777	23.949
23.777	23.949	23.075	25.149
23.777	23.949	24.578	24.836
23.777	23.949	23.748	20.964
23.777	23.949	23.770	24.021
23.777	23.949	23.786	23.965
20.411	23.382	23.125	25.174
23.125	25.174	20.335	23.426
23.125	25.174	23.723	23.944
23.125	25.174	23.152	25.183
23.125	25.174	22.933	25.758
23.125	25.174	21.503	23.991
23.125	25.174	23.924	21.235
23.125	25.174	25.094	23.811
23.125	25.174	24.864	24.668
23.125	25.174	23.002	22.425
17.477	22.177	20.411	23.382
20.411	23.382	17.470	22.142
20.411	23.382	20.397	23.401
20.411	23.382	20.568	22.448
20.411	23.382	19.380	25.235
20.411	23.382	20.360	23.327
14.949	20.100	17.477	22.177
17.477	22.177	14.955	20.093
17.477	22.177	17.388	22.598
17.477	22.177	17.744	20.576
17.477	22.177	17.586	22.237
17.477	22.177	16.929	24.196
15.809	16.214	14.949	20.100
14.949	20.100	15.704	16.162
14.949	20.100	15.704	16.170
14.949	20.100	14.578	21.831
14.949	20.100	14.052	19.778
14.949	20.100	14.967	20.102
14.949	20.100	14.935	20.081
14.949	20.100	15.369	19.409
14.949	20.100	14.739	18.947
15.609	15.138	15.809	16.214
15.809	16.214	15.624	15.138
15.809	16.214	15.527	16.157
15.809	16.214	15.749	16.368
15.809	16.214	15.890	16.069
14.436	14.131	15.609	15.138
15.609	15.138	15.369	15.573
15.609	15.138	15.524	15.140
15.609	15.138	15.584	15.131
15.609	15.138	15.544	15.600
15.609	15.138	15.849	15.390
14.436	14.131	14.436	14.131
-32.620	25.738	-36.709	26.379
-36.709	26.379	-32.639	25.775
-36.709	26.379	-36.624	26.392
-36.709	26.379	-36.715	26.447
-27.277	21.436	-32.620	25.738
-32.620	25.738	-27.248	21.458
-32.620	25.738	-32.790	25.099
-32.620	25.738	-32.683	26.089
-32.620	25.738	-32.617	25.373
-25.080	19.107	-27.277	21.436
-27.277	21.436	-25.072	19.091
-27.277	21.436	-26.921	21.885
-27.277	21.436	-27.132	21.402
-27.277	21.436	-27.363	21.422
-25.080	19.107	-25.080	19.107
-25.080	19.107	-24.759	19.583
-25.080	19.107	-25.026	19.087
-25.080	19.107	-25.173	19.251
-33.985	29.533	-37.089	26.004
-37.089	26.004	-41.182	29.432
-37.089	26.004	-36.016	24.493
-37.089	26.004	-37.550	26.299
-37.089	26.004	-36.997	25.918
-37.089	26.004	-37.495	29.454
-37.089	26.004	-34.743	26.953
-37.089	26.004	-34.681	26.178
-37.089	26.004	-34.575	24.948
-37.089	26.004	-37.931	24.398
-37.089	26.004	-41.525	23.156
-37.089	26.004	-42.395	26.273
-37.089	26.004	-36.678	28.914
-27.752	29.939	-33.985	29.533
-33.985	29.533	-34.567	30.229
-33.985	29.533	-34.647	29.770
-33.985	29.533	-33.150	27.660
-33.985	29.533	-33.838	29.372
-33.985	29.533	-30.352	29.785
-28.096	31.531	-27.752	29.939
-27.752	29.939	-27.416	30.407
-27.752	29.939	-27.791	31.415
-27.752	29.939	-27.702	29.232
-27.752	29.939	-27.703	29.938
-22.263	30.472	-28.096	31.531
-28.096	31.531	-27.822	29.007
-28.096	31.531	-28.233	31.300
-28.096	31.531	-29.156	31.315
-28.096	31.531	-28.186	32.749
-19.724	29.663	-22.263	30.472
-22.263	30.472	-22.516	30.072
-22.263	30.472	-22.194	32.256
-22.263	30.472	-22.304	31.249
-22.263	30.472	-22.240	32.063
-22.263	30.472	-22.530	31.702
-16.936	30.580	-19.724	29.663
-19.724	29.663	-19.545	31.104
-19.724	29.663	-19.293	28.659
-19.724	29.663	-19.943	29.995
-16.936	30.580	-9.416	32.236
-15.757	28.049	-16.936	30.580
-16.936	30.580	-18.048	28.835
-16.936	30.580	-16.927	30.560
-16.936	30.580	-16.955	30.542
-16.936	30.580	-16.486	30.042
-14.208	26.374	-15.757	28.049
-15.757	28.049	-15.692	28.048
-15.757	28.049	-15.294	28.525
-15.757	28.049	-17.522	27.468
-15.757	28.049	-15.632	28.575
-12.601	25.533	-14.208	26.374
-14.208	26.374	-14.161	26.437
-14.208	26.374	-14.299	25.921
-14.208	26.374	-14.217	26.297
-10.216	25.741	-12.601	25.533
-12.601	25.533	-12.648	25.979
-12.601	25.533	-12.763	25.042
-12.601	25.533	-12.300	26.361
-12.601	25.533	-12.604	25.640
-12.601	25.533	-11.430	24.029
-9.169	24.694	-7.894	23.713
-7.894	23.713	-8.103	23.487
-7.894	23.713	-7.933	23.625
-7.894	23.713	-7.828	23.693
-7.894	23.713	-4.073	18.603
-7.894	23.713	-2.427	16.308
-5.446	24.162	-9.169	24.694
-9.169	24.694	-9.134	24.280
-9.169	24.694	-8.989	24.426
-9.169	24.694	-9.196	23.737
-5.446	24.162	-5.446	24.162
-5.446	24.162	-5.449	25.253
-5.446	24.162	-6.170	24.287
-6.116	24.782	-10.216	25.741
-10.216	25.741	-10.191	26.000
-10.216	25.741	-10.130	25.607
-10.216	25.741	-10.279	25.269
-10.216	25.741	-9.998	25.436
-10.216	25.741	-10.066	24.723
-6.116	24.782	-5.446	24.162
1.566	24.533	-6.116	24.782
-6.116	24.782	-6.421	25.622
-6.116	24.782	-5.918	25.367
-6.116	24.782	-6.358	24.186
-6.116	24.782	-6.075	24.459
16.817	10.840	16.712	10.129
16.712	10.129	16.755	10.246
16.712	10.129	17.220	10.371
16.712	10.129	16.512	10.042
16.712	10.129	17.679	9.588
16.254	12.161	16.817	10.840
16.817	10.840	16.767	10.887
16.817	10.840	16.091	10.887
16.817	10.840	17.719	11.525
14.436	14.131	16.254	12.161
16.254	12.161	16.221	12.220
16.254	12.161	16.543	12.792
16.254	12.161	15.878	11.965
12.652	18.669	14.436	14.131
14.436	14.131	14.564	14.119
14.436	14.131	14.118	13.971
14.436	14.131	15.696	14.631
14.436	14.131	14.445	14.119
14.436	14.131	15.742	15.840
14.436	14.131	15.332	13.523
14.436	14.131	14.686	12.730
14.436	14.131	14.215	10.988
11.326	22.039	12.652	18.669
12.652	18.669	12.196	18.632
12.652	18.669	12.234	18.582
12.652	18.669	12.646	18.630
12.652	18.669	11.649	18.244
12.652	18.669	13.473	19.426
5.553	24.464	11.326	22.039
11.326	22.039	11.371	21.978
11.326	22.039	12.221	22.869
11.326	22.039	9.471	20.864
11.326	22.039	11.387	22.181
1.566	24.533	5.553	24.464
5.553	24.464	5.865	22.121
5.553	24.464	5.255	24.518
5.553	24.464	5.567	25.621
5.553	24.464	5.545	24.518
5.553	24.464	6.562	27.777
0.686	22.089	1.566	24.533
1.566	24.533	0.717	24.220
1.566	24.533	1.613	25.086
1.566	24.533	0.739	23.624
3.856	19.004	0.686	22.089
0.686	22.089	2.274	21.246
0.686	22.089	0.775	21.613
0.686	22.089	1.001	22.006
4.458	21.131	1.774	24.752
3.856	19.004	4.458	21.131
4.458	21.131	3.795	20.994
4.458	21.131	4.066	21.022
4.458	21.131	3.972	21.028
4.458	21.131	4.460	21.216
5.004	19.120	3.856	19.004
3.856	19.004	4.553	19.957
3.856	19.004	4.031	20.401
3.856	19.004	4.010	19.040
3.856	19.004	3.663	18.620
3.856	19.004	3.875	18.935
8.161	14.677	5.004	19.120
5.004	19.120	4.590	18.701
5.004	19.120	4.183	17.883
5.004	19.120	5.258	19.313
5.004	19.120	4.970	19.085
7.574	14.677	8.161	14.677
8.161	14.677	8.102	14.911
8.161	14.677	8.493	14.021
8.161	14.677	7.621	15.033
8.161	14.677	8.412	14.695
8.161	14.677	8.640	15.765
9.067	12.652	7.574	14.677
7.574	14.677	7.253	14.496
7.574	14.677	7.672	14.502
7.574	14.677	7.758	14.307
8.669	10.063	12.477	9.574
12.477	9.574	12.866	9.689
12.477	9.574	13.933	7.415
12.477	9.574	12.436	7.564
12.477	9.574	13.706	6.315
8.669	10.063	11.235	7.048
11.235	7.048	10.864	6.752
11.235	7.048	11.237	7.046
11.235	7.048	11.471	8.030
11.235	7.048	11.299	6.949
11.235	7.048	13.823	5.669
9.067	12.652	8.669	10.063
8.669	10.063	7.802	9.283
8.669	10.063	8.540	10.470
8.669	10.063	8.686	9.927
8.669	10.063	8.870	10.368
8.669	10.063	12.024	9.635
4.755	14.068	9.067	12.652
9.067	12.652	9.992	14.432
9.067	12.652	8.894	12.638
9.067	12.652	7.809	10.412
9.067	12.652	7.985	10.265
9.067	12.652	9.326	10.557
9.067	12.652	10.779	11.698
9.067	12.652	12.425	11.722
9.067	12.652	11.692	12.467
9.067	12.652	6.986	15.314
4.782	15.376	4.755	14.068
4.755	14.068	4.645	13.907
4.755	14.068	5.039	14.263
4.755	14.068	4.974	14.379
4.755	14.068	4.743	14.062
4.755	14.068	5.523	15.182
2.145	16.547	4.782	15.376
4.782	15.376	4.514	15.305
4.782	15.376	4.214	14.704
4.782	15.376	4.804	15.353
4.782	15.376	4.710	17.766
4.782	15.376	2.078	18.630
1.684	18.203	2.145	16.547
2.145	16.547	2.516	17.114
2.145	16.547	2.026	16.461
2.145	16.547	2.161	16.565
-0.080	18.140	1.684	18.203
1.684	18.203	2.093	18.640
1.684	18.203	1.333	17.556
1.684	18.203	1.255	17.442
-0.515	18.802	-0.080	18.140
-0.080	18.140	0.876	19.146
-0.080	18.140	0.088	17.682
-0.080	18.140	-0.060	18.137
-3.138	18.629	-0.515	18.802
-0.515	18.802	-0.727	16.727
-0.515	18.802	-0.551	18.764
-0.515	18.802	-0.422	19.294
-0.515	18.802	-0.507	18.707
-1.917	16.674	-3.138	18.629
-3.138	18.629	-1.681	18.272
-3.138	18.629	-3.114	18.421
-5.292	13.675	-1.917	16.674
-1.917	16.674	-3.927	14.570
-1.917	16.674	-4.423	15.021
-1.917	16.674	-3.550	16.855
-1.917	16.674	-2.143	16.533
-1.917	16.674	-1.444	16.506
-1.917	16.674	-2.886	14.513
-1.917	16.674	-3.131	16.336
-4.619	13.184	-5.292	13.675
-5.292	13.675	-4.844	13.769
-5.292	13.675	-5.890	13.442
-5.292	13.675	-5.302	13.674
-5.292	13.675	-5.248	13.644
-5.292	13.675	-5.104	14.107
-5.742	11.083	-4.619	13.184
-4.619	13.184	-6.110	13.111
-4.619	13.184	-4.691	13.173
-4.619	13.184	-4.524	13.079
-4.616	10.052	-5.742	11.083
-5.742	11.083	-4.844	10.944
-5.742	11.083	-5.699	11.108
-5.742	11.083	-5.445	11.237
-4.110	6.567	-4.616	10.052
-4.616	10.052	-5.427	9.931
-4.616	10.052	-5.083	9.873
-3.353	6.650	-4.110	6.567
-4.110	6.567	-3.603	6.952
-4.110	6.567	-4.173	6.222
-4.110	6.567	-4.109	6.680
-2.338	4.514	-3.353	6.650
-3.353	6.650	-3.148	6.812
-3.353	6.650	-3.343	6.660
-3.353	6.650	-3.719	6.402
-3.353	6.650	-4.008	6.293
-1.506	3.804	-2.338	4.514
-2.338	4.514	-2.313	4.510
-2.338	4.514	-3.183	4.218
-2.338	4.514	-2.568	4.343
-2.338	4.514	-1.849	4.796
-1.506	3.804	-3.155	3.472
-3.155	3.472	-2.491	3.050
-3.155	3.472	-3.039	3.390
-3.155	3.472	-2.679	3.266
-0.861	1.649	-1.506	3.804
-1.506	3.804	-1.443	3.804
-1.506	3.804	-1.818	3.496
-1.506	3.804	-2.329	3.016
0.000	0.000	-0.861	1.649
-0.861	1.649	-0.530	1.678
-0.861	1.649	-1.523	1.181
-0.861	1.649	-0.823	1.658
-0.861	1.649	-1.719	0.778
-0.861	1.649	-1.597	1.103
-48.177	7.168	-47.984	6.148	
-48.177	7.168	-47.901	5.985	
-48.177	7.168	-48.634	6.388	
-48.177	7.168	-51.716	7.278	
-48.177	7.168	-52.442	7.640	
-48.177	7.168	-45.164	6.446	
-48.177	7.168	-44.231	7.131	
-48.177	7.168	-44.140	6.825	
-48.177	7.168	-43.001	6.854	
-48.177	7.168	-48.311	10.388	
-48.177	7.168	-48.343	6.165	
-62.562	16.398	-67.538	17.117	
-62.562	16.398	-63.953	16.272	
-62.562	16.398	-63.616	19.659	
-62.562	16.398	-62.652	15.135	
-57.882	21.268	-58.245	21.663	
-57.882	21.268	-56.395	21.245	
-57.882	21.268	-57.375	26.372	
-57.882	21.268	-57.929	20.208	
-47.217	22.478	-44.778	23.530	
-47.217	22.478	-45.967	22.351	
-47.217	22.478	-47.135	21.032	
-47.217	22.478	-47.447	22.488	
-47.217	22.478	-45.421	26.438	
-50.237	29.133	-49.464	30.177	
-50.237	29.133	-49.430	29.143	
-50.237	29.133	-50.941	29.168	
-50.237	29.133	-50.518	34.347	
-50.237	29.133	-50.213	27.605	
29.526	22.924	28.721	23.010	
29.526	22.924	29.842	22.980	
29.526	22.924	29.500	23.110	
29.526	22.924	29.614	22.575	
26.164	15.784	25.890	15.032	
26.164	15.784	26.141	16.031	
26.164	15.784	27.063	15.880	
26.164	15.784	24.044	15.558	
26.164	15.784	26.189	15.022	
14.294	31.969	14.298	30.404	
14.294	31.969	13.913	32.002	
14.294	31.969	15.699	31.802	
14.294	31.969	14.317	31.084	
14.294	31.969	12.388	31.690	
17.564	18.419	19.565	17.530	
17.564	18.419	19.563	17.514	
17.564	18.419	16.647	18.879	
17.564	18.419	16.822	18.315	
17.564	18.419	17.580	18.828	
17.564	18.419	17.557	17.981	
17.564	18.419	18.187	18.262	
17.564	18.419	17.743	18.063	
19.254	15.519	19.049	14.138	
19.254	15.519	18.971	15.521	
19.254	15.519	19.197	14.652	
19.254	15.519	19.332	16.198	
-32.985	20.657	-32.952	22.438	
-32.985	20.657	-33.589	20.670	
-32.985	20.657	-32.751	23.526	
-32.985	20.657	-33.268	19.859	
-43.348	36.671	-38.011	37.549	
-43.348	36.671	-45.152	36.771	
-43.348	36.671	-42.807	39.658	
-43.348	36.671	-43.474	35.999	
-43.348	36.671	-40.763	33.486	
-43.348	36.671	-44.481	38.058	
-43.348	36.671	-45.040	37.270	
-43.348	36.671	-45.933	37.803	
-43.348	36.671	-43.777	36.946	
-43.348	36.671	-41.901	36.339	
-43.348	36.671	-39.188	36.355	
-43.348	36.671	-41.733	37.977	
-34.223	36.796	-33.490	36.898	
-34.223	36.796	-33.942	39.237	
-34.223	36.796	-36.148	36.834	
-34.223	36.796	-34.394	36.058	
-34.223	36.796	-34.217	34.387	
-27.393	39.386	-29.346	38.953	
-27.393	39.386	-27.456	40.255	
-27.393	39.386	-26.782	33.970	
-27.393	39.386	-26.481	39.333	
-17.053	37.811	-15.742	38.178	
-17.053	37.811	-18.142	32.992	
-17.053	37.811	-16.669	39.135	
-8.848	35.590	-8.795	35.935	
-8.848	35.590	-8.199	35.653	
-8.848	35.590	-10.639	35.180	
-8.848	35.590	-8.452	31.616	
-11.417	29.740	-10.969	31.978	
-11.417	29.740	-11.892	29.725	
-11.417	29.740	-10.619	29.880	
-11.417	29.740	-11.310	29.034	
-11.417	29.740	-13.018	26.475	
-4.287	27.945	-3.457	30.763	
-4.287	27.945	-3.696	28.031	
-4.287	27.945	-4.890	28.070	
-4.287	27.945	-4.609	26.261	
20.893	17.075	20.778	17.876	
20.893	17.075	21.248	17.061	
20.893	17.075	19.537	17.112	
20.893	17.075	20.889	16.763	
20.893	17.075	19.052	17.637	
20.893	17.075	20.282	17.675	
20.893	17.075	21.174	17.605	
20.893	17.075	22.251	17.449	
15.688	22.640	16.125	25.173	
15.688	22.640	16.109	24.354	
15.688	22.640	15.707	21.808	
15.688	22.640	16.777	22.682	
15.688	22.640	14.647	22.459	
12.303	27.455	12.342	30.222	
12.303	27.455	11.190	27.641	
12.303	27.455	14.108	27.537	
12.303	27.455	12.148	26.960	
16.238	14.597	17.385	14.656	
16.238	14.597	17.270	14.713	
16.238	14.597	16.379	15.561	
16.238	14.597	15.843	14.632	
16.238	14.597	16.208	13.100	
4.491	8.575	2.513	9.266	
4.491	8.575	4.558	10.007	
4.491	8.575	7.009	9.519	
4.491	8.575	7.095	10.154	
4.491	8.575	6.405	10.254	
4.491	8.575	4.872	10.513	
4.491	8.575	4.342	11.073	
4.491	8.575	3.859	10.587	
4.491	8.575	2.599	9.032	
2.436	13.995	2.543	13.962	
2.436	13.995	2.157	12.780	
2.436	13.995	2.225	14.056	
2.436	13.995	2.447	14.394	
2.436	13.995	1.695	12.821	
-0.804	20.849	-2.136	20.943	
-0.804	20.849	-0.474	21.003	
-0.804	20.849	-0.811	21.250	
3.711	17.254	2.025	17.078	
3.711	17.254	1.469	17.359	
3.711	17.254	2.069	17.167	
3.711	17.254	3.508	18.112	
3.711	17.254	4.203	15.742	
3.711	17.254	3.063	16.876	
3.711	17.254	2.559	17.318	
-7.549	13.954	-7.097	13.994	
-7.549	13.954	-8.158	14.029	
-7.549	13.954	-7.559	13.542	
-7.549	13.954	-7.506	14.355	
-7.549	13.954	-7.341	13.961	
-6.926	11.046	-6.064	11.027	
-6.926	11.046	-6.879	11.504	
-6.926	11.046	-6.607	10.029	
-2.846	10.641	-3.619	10.792	
-2.846	10.641	-3.342	11.520	
-1.686	7.313	-1.445	7.317	
-1.686	7.313	-1.672	6.882	
-1.686	7.313	-2.081	7.318	
-1.686	7.313	-2.316	9.493	
-0.364	5.177	-0.351	4.608	
-0.364	5.177	-1.138	5.235	
-0.364	5.177	-0.644	6.008	
-0.364	5.177	0.168	4.975	
-4.116	1.050	-3.810	1.063	
-4.116	1.050	-4.920	1.107	
-4.116	1.050	-4.078	0.593	
-4.116	1.050	-5.280	1.514	
-4.116	1.050	-5.021	3.532	
-6.686	-0.480	-6.381	-0.456	
-6.686	-0.480	-6.704	-0.706	
-6.686	-0.480	-7.626	2.259	
-6.686	-0.480	-8.350	-0.417	
-6.686	-0.480	-6.150	-0.669	
-6.686	-0.480	-5.991	-0.838	
-2.674	-3.163	-3.695	-1.215	
-2.674	-3.163	-3.168	-3.230	
-2.674	-3.163	-2.234	-4.523	
-0.644	-6.268	-1.083	-6.250	
-0.644	-6.268	-0.571	-6.751	
-0.644	-6.268	-0.835	-6.246	
-0.644	-6.268	-0.196	-6.258	
-0.644	-6.268	-0.884	-5.101	
0.321	-11.003	0.784	-11.699	
0.321	-11.003	1.207	-12.396	
0.321	-11.003	0.224	-10.267	
0.321	-11.003	0.868	-10.998	
0.321	-11.003	0.601	-12.918	
0.321	-11.003	-0.280	-11.097	
0.105	2.885	0.551	2.776	
0.105	2.885	0.229	1.345	
0.105	2.885	0.274	3.411	
0.105	2.885	0.472	3.453	
3.485	2.370	3.431	1.687	
3.485	2.370	3.489	2.624	
3.485	2.370	3.870	2.399	
3.485	2.370	2.022	2.699	
3.485	2.370	0.609	3.698	
12.338	-1.549	12.035	-1.376	
12.338	-1.549	10.176	-2.507	
12.338	-1.549	12.417	-2.348	
12.338	-1.549	12.213	-0.864	
12.338	-1.549	13.089	-1.726	
12.338	-1.549	12.345	-0.550	
17.426	-3.585	16.887	-3.782	
17.426	-3.585	19.478	-3.289	
17.426	-3.585	17.385	-3.386	
17.426	-3.585	17.707	-4.023	
17.426	-3.585	17.819	-3.700	
17.426	-3.585	17.342	-5.544	
18.021	0.810	16.138	3.743	
18.021	0.810	18.913	0.126	
18.021	0.810	19.169	0.516	
18.021	0.810	18.707	-0.304	
18.021	0.810	17.458	0.795	
18.021	0.810	18.042	0.474	
17.091	-9.620	16.783	-9.227	
17.091	-9.620	15.463	-9.685	
17.091	-9.620	16.340	-9.816	
17.091	-9.620	17.657	-9.429	
17.091	-9.620	17.101	-9.881	
17.091	-9.620	17.087	-9.375	
13.111	-8.160	14.813	-7.147	
13.111	-8.160	13.403	-8.557	
13.111	-8.160	13.248	-7.835	
13.111	-8.160	12.985	-8.234	
13.111	-8.160	13.326	-7.980	
13.111	-8.160	13.944	-8.388	
13.616	-12.072	13.803	-12.067	
13.616	-12.072	13.126	-12.080	
13.616	-12.072	13.619	-12.363	
13.616	-12.072	13.581	-11.725	
13.616	-12.072	13.358	-11.167	
17.550	-15.343	17.614	-13.849	
17.550	-15.343	17.494	-16.658	
17.550	-15.343	17.567	-14.763	
17.550	-15.343	17.073	-15.350	
17.550	-15.343	17.452	-14.009	
POLYLINE BLACK
-57.681	19.672
-57.597	19.770
-57.590	19.791
-57.576	19.784
-57.548	19.784
-57.513	19.798
-57.499	19.798
-57.450	19.777
-57.415	19.735
-57.394	19.651
-57.394	19.637
-57.387	19.609
-57.359	19.581
-57.352	19.539
-57.324	19.497
-57.303	19.448
-57.268	19.406
-57.254	19.364
-57.240	19.350
-57.240	19.336
-57.191	19.238
-57.184	19.203
-57.156	19.133
-57.086	19.028
-57.051	18.972
-57.030	18.944
-57.016	18.937
-56.995	18.895
-56.967	18.867
-56.946	18.832
-56.932	18.825
-56.820	18.699
-56.813	18.678
-56.792	18.650
-56.785	18.629
-56.757	18.587
-56.729	18.531
-56.687	18.475
-56.673	18.440
-56.617	18.363
-56.610	18.342
-56.575	18.293
-56.547	18.251
-56.505	18.188
-56.463	18.118
-56.414	18.013
-56.400	17.999
-56.302	17.789
-56.253	17.733
-56.225	17.691
-56.190	17.649
-56.176	17.642
-56.162	17.607
POLYLINE BLACK
-57.513	19.812
-57.513	19.798
-57.499	19.784
POLYLINE BLACK
-57.668	19.694
-57.648	19.674
-57.538	19.414
-57.498	19.314
-57.458	19.254
-57.428	19.184
-57.408	19.164
-57.298	18.934
-57.128	18.654
-57.088	18.564
-57.008	18.434
-56.988	18.384
-56.918	18.284
-56.888	18.234
-56.888	18.214
-56.848	18.174
-56.708	17.964
-56.628	17.864
-56.568	17.764
-56.568	17.744
-56.478	17.624
-56.438	17.554
-56.428	17.494
-56.408	17.474
-56.408	17.454
POLYLINE BLACK
-56.188	17.634
-56.128	17.564
-56.108	17.564
-56.028	17.514
-55.988	17.504
-55.788	17.454
-55.748	17.464
-55.698	17.474
-55.598	17.504
-55.578	17.504
-55.538	17.534
-55.498	17.524
-55.478	17.534
-55.428	17.524
-55.388	17.534
-55.248	17.554
-55.208	17.594
-55.168	17.604
-55.058	17.634
-54.978	17.644
-54.938	17.654
-54.868	17.654
-54.818	17.684
-54.738	17.694
-54.698	17.694
-54.648	17.704
-54.518	17.704
-54.478	17.714
-54.438	17.684
-54.398	17.684
POLYLINE BLACK
-56.758	16.444
-56.708	16.634
-56.688	16.724
-56.688	16.784
-56.658	16.914
-56.568	17.064
-56.498	17.164
-56.458	17.234
-56.438	17.354
-56.438	17.514
-56.448	17.554
POLYLINE BLACK
-51.177	6.538
-51.207	6.688
-51.207	6.898
-51.177	7.018
-51.177	7.228
-51.147	7.408
-51.147	7.558
-51.087	7.978
-51.057	8.098
-51.057	8.368
-50.907	8.968
-50.817	9.298
-50.847	9.418
-50.847	9.808
-50.817	9.928
-50.847	10.048
-50.847	10.228
-50.877	10.348
-50.907	10.468
-50.877	10.528
POLYLINE BLACK
-44.697	9.808
-44.697	9.868
POLYLINE BLACK
-44.787	5.998
-44.907	6.178
-44.967	6.568
-44.937	6.898
-44.937	7.048
-44.787	7.708
-44.667	8.038
-44.667	8.428
-44.607	9.028
-44.637	9.178
-44.637	9.358
-44.667	9.478
-44.727	9.778
POLYLINE BLACK
-46.347	6.688
-46.407	6.808
-46.407	7.348
-46.377	7.468
-46.257	7.438
-46.137	7.378
-45.927	7.378
-45.687	7.318
-45.477	7.318
-45.147	7.438
-45.087	7.378
-45.087	6.748
-45.057	6.628
-45.057	6.508
-45.177	6.538
-45.597	6.538
-45.777	6.598
-46.107	6.598
-46.407	6.688
-46.557	6.658
-46.617	6.688
POLYLINE BLACK
-48.747	6.748
-48.747	6.988
-48.627	7.078
-48.507	7.078
-48.387	7.108
-47.997	7.138
-47.757	7.108
-47.637	7.108
-47.577	7.048
-47.577	6.718
-47.697	6.688
-47.817	6.628
-47.937	6.658
-48.027	6.628
-48.267	6.718
-48.507	6.718
-48.687	6.778
-48.747	6.748
-48.867	6.808
POLYLINE BLACK
-51.957	6.448
-52.077	6.418
-52.347	6.418
-52.407	6.448
POLYLINE BLACK
-52.617	10.888
-52.587	10.678
-52.617	10.618
-52.737	10.708
-52.917	10.708
POLYLINE BLACK
-51.807	10.618
-51.927	10.588
-52.047	10.618
POLYLINE BLACK
-51.537	6.358
-51.537	6.298
-51.357	6.358
-51.147	6.328
-50.847	6.298
-50.667	6.238
-50.517	6.268
-50.157	6.208
-49.977	6.208
-49.917	6.178
-49.767	6.178
-49.557	6.148
-49.107	6.148
-48.957	6.178
-48.837	6.148
-48.717	6.178
-48.387	6.088
-47.997	6.088
-47.697	6.028
-47.307	6.028
-46.857	5.938
-46.227	5.938
-45.597	5.758
-45.507	5.758
-45.357	5.788
-45.237	5.788
-45.027	5.878
-44.907	5.848
-44.787	5.878
-44.277	5.878
-44.217	5.848
-44.097	5.878
-44.037	5.878
POLYLINE BLACK
-51.387	10.588
-51.327	10.528
-51.207	10.558
-51.087	10.588
-50.967	10.558
-50.847	10.558
-50.697	10.528
-50.277	10.528
-50.157	10.498
-49.617	10.498
-49.407	10.468
-49.287	10.528
-49.137	10.438
-49.077	10.468
-48.957	10.438
-48.837	10.408
-48.717	10.438
-48.597	10.408
-48.537	10.438
-48.297	10.378
-48.177	10.378
-47.907	10.318
-47.577	10.258
-47.427	10.258
-47.187	10.168
-47.067	10.168
-46.977	10.198
-46.857	10.168
-46.737	10.168
-46.617	10.108
-46.497	10.138
-46.377	10.168
-46.257	10.138
-45.927	10.078
-45.447	10.018
-45.297	10.018
-45.177	9.988
-45.117	9.988
-45.057	9.928
-44.397	9.928
POLYLINE CONNECT
-48.177	7.168
-59.892	1.692
POLYLINE BLACK
-60.457	3.398
-60.457	3.318
-60.417	3.198
-60.397	2.998
-60.377	2.958
-60.377	2.838
-60.297	2.818
-60.237	2.838
-60.037	2.838
-59.997	2.858
-59.897	2.838
-59.737	2.858
-59.437	2.858
-59.397	2.838
-59.257	2.858
-59.177	2.858
-59.157	2.898
-59.157	3.238
-59.177	3.318
-59.177	3.438
-59.417	3.438
-59.497	3.418
-59.637	3.398
-59.677	3.418
-59.897	3.398
-60.117	3.338
-60.157	3.358
-60.377	3.298
-60.417	3.318
-60.437	3.278
POLYLINE BLACK
-62.517	1.898
-62.517	2.018
-62.357	2.738
-62.357	2.878
-62.317	3.158
-62.257	3.338
-62.237	3.498
-62.097	4.158
-62.077	4.198
-62.077	4.298
-62.057	4.478
-62.017	4.478
-61.997	4.438
-61.957	4.458
-61.857	4.438
-61.777	4.418
-61.657	4.378
-61.497	4.398
-61.217	4.438
-61.137	4.458
-61.057	4.458
-60.977	4.438
-60.777	4.438
-60.557	4.398
-60.557	4.218
-60.577	4.038
-60.597	3.938
-60.617	3.758
-60.637	3.718
-60.657	3.398
-60.677	3.358
-60.677	3.078
-60.717	2.958
-60.717	2.858
-60.837	2.518
-60.857	2.338
-60.897	2.158
-60.917	1.898
-60.937	1.818
-61.017	1.778
-61.097	1.798
-61.217	1.798
-61.297	1.778
-61.457	1.798
-61.537	1.798
-61.617	1.838
-61.677	1.838
-61.857	1.898
-62.397	1.778
-62.517	1.778
-62.617	1.818
POLYLINE BLACK
-61.557	7.238
-61.637	7.258
-61.737	7.418
-61.757	7.498
-61.837	7.658
POLYLINE BLACK
-61.057	6.658
-61.097	6.658
-61.217	6.758
-61.257	6.758
-61.377	6.858
-61.557	6.898
-61.597	6.938
-61.777	6.958
-61.817	6.978
-62.057	6.978
-62.197	6.958
-62.237	6.918
-62.317	6.918
-62.517	6.798
-62.677	6.698
-62.897	6.458
-62.997	6.278
-62.997	6.198
POLYLINE BLUE
-61.857	6.418
-61.937	6.438
-62.017	6.438
-62.097	6.458
-62.257	6.358
-62.317	6.238
-62.257	5.978
-62.257	5.898
-62.337	5.818
-62.437	5.798
-62.637	5.678
-62.677	5.678
-62.757	5.558
-62.757	5.478
-62.597	5.278
-62.537	5.198
-62.517	5.058
-62.557	4.938
-62.597	4.898
-62.657	4.898
-62.897	4.798
-62.917	4.698
-62.777	4.398
-62.777	4.318
-62.897	4.118
-62.917	3.978
-62.897	3.898
-62.897	3.818
-62.957	3.698
-63.057	3.798
-63.117	4.058
-62.997	3.898
-62.957	3.698
-62.877	3.718
-62.717	3.818
-62.657	3.818
-62.537	3.918
POLYLINE BLACK
-63.517	1.658
-63.577	1.718
-63.617	1.778
-63.617	1.858
POLYLINE BLACK
-63.017	1.718
-63.037	1.758
-63.097	1.758
-63.277	1.858
-63.337	1.918
POLYLINE BLACK
-62.637	2.138
-62.797	2.178
-62.897	2.238
POLYLINE BLACK
-62.397	2.498
-62.557	2.538
-62.597	2.578
POLYLINE BLACK
-62.237	2.978
-62.277	2.958
-62.477	3.038
POLYLINE BLACK
-62.117	3.518
-62.477	3.478
POLYLINE BLACK
-62.017	4.038
-62.097	4.018
-62.397	4.018
POLYLINE BLACK
-61.957	4.658
-61.997	4.618
-62.117	4.618
-62.197	4.598
-62.297	4.658
POLYLINE BLACK
-61.917	5.078
-61.997	5.058
-62.177	5.058
-62.217	5.078
POLYLINE BLACK
-61.777	5.578
-61.777	5.538
-61.857	5.538
-62.037	5.578
-62.077	5.578
POLYLINE BLACK
-63.717	1.678
-63.757	1.658
-63.917	1.718
-64.017	1.718
-64.117	1.778
-64.157	1.778
POLYLINE BLACK
-63.497	3.258
-63.597	3.158
-63.757	3.078
-63.917	3.058
-64.037	3.058
-64.117	3.038
-64.197	3.018
POLYLINE BLACK
-61.637	5.718
-61.677	5.718
-61.837	5.598
-61.897	5.418
-61.897	5.298
-61.917	5.198
-61.917	4.958
-61.957	4.778
-62.037	4.618
-62.057	4.458
-62.057	4.278
-62.077	4.198
-62.077	3.898
-62.157	3.658
-62.177	3.578
-62.237	3.378
-62.237	3.258
-62.217	3.178
-62.237	3.098
-62.237	2.938
-62.277	2.778
-62.317	2.618
-62.377	2.478
-62.677	2.118
-62.857	1.818
-63.077	1.618
-63.397	1.478
-63.517	1.458
-63.797	1.558
-63.837	1.538
-63.877	1.578
-63.917	1.558
-63.937	1.598
POLYLINE BLUE
-58.917	5.038
-59.077	4.918
-59.357	4.918
-59.397	5.058
-59.377	5.138
-59.477	5.158
-59.637	5.098
-59.677	5.058
-59.837	5.018
-59.937	5.118
-59.957	5.338
-59.937	5.418
-59.937	5.458
-60.017	5.498
-60.117	5.458
-60.157	5.418
-60.237	5.398
-60.277	5.358
-60.317	5.398
-60.357	5.578
-60.397	5.678
-60.537	5.818
-60.557	5.778
-60.497	5.658
-60.497	5.598
-60.437	5.438
-60.437	5.398
-60.517	5.618
-60.517	5.678
-60.557	5.798
-60.477	5.798
-60.397	5.818
-60.317	5.818
-60.277	5.798
-60.237	5.818
-60.197	5.778
POLYLINE BLACK
-61.557	5.698
-61.537	5.778
-61.537	5.898
-61.557	5.978
-61.557	6.018
POLYLINE BLACK
-61.077	5.598
-60.957	5.958
POLYLINE BLACK
-60.697	5.318
-60.577	5.558
POLYLINE BLACK
-60.337	5.038
-60.197	5.298
POLYLINE BLACK
-59.937	4.718
-59.897	4.798
-59.897	4.858
-59.837	4.978
POLYLINE BLACK
-59.677	4.578
-59.717	4.538
-59.797	4.558
-59.837	4.558
-59.877	4.598
-59.957	4.618
-60.197	4.758
-60.317	4.938
-60.357	4.938
-60.557	5.078
-60.697	5.218
-60.837	5.358
-60.997	5.478
-61.137	5.618
-61.217	5.638
-61.277	5.638
-61.317	5.678
-61.477	5.718
-61.597	5.658
-61.677	5.638
-61.757	5.558
POLYLINE BLACK
-58.027	4.838
-58.087	4.898
POLYLINE BLACK
-58.327	4.643
-58.327	4.673
-58.372	4.778
POLYLINE BLACK
-58.702	4.538
-58.702	4.583
-58.747	4.718
POLYLINE BLACK
-59.017	4.508
-59.017	4.568
-59.047	4.688
POLYLINE BLACK
-59.287	4.508
-59.287	4.538
-59.302	4.598
-59.302	4.628
POLYLINE BLACK
-59.632	4.553
-59.617	4.613
-59.617	4.643
POLYLINE BLACK
-59.782	4.538
POLYLINE BLACK
-58.027	4.838
-58.087	4.748
-58.147	4.703
-58.177	4.703
-58.237	4.673
-58.267	4.673
-58.417	4.598
-58.477	4.598
-58.537	4.568
-58.612	4.568
-58.672	4.508
-58.732	4.508
-58.822	4.463
-58.882	4.478
-59.152	4.478
-59.212	4.463
-59.272	4.463
-59.302	4.433
-59.362	4.448
-59.452	4.448
-59.542	4.493
-59.587	4.493
-59.647	4.508
-59.707	4.508
-59.782	4.523
-59.812	4.523
-59.872	4.538
POLYLINE BLUE
-58.192	3.128
-58.252	3.113
-58.342	3.113
-58.402	3.128
-58.402	3.248
-58.327	3.413
-58.327	3.578
-58.372	3.638
-58.432	3.653
-58.462	3.653
-58.582	3.728
-58.582	3.863
-58.522	4.088
-58.477	4.178
-58.477	4.208
-58.507	4.208
-58.627	4.268
-58.657	4.328
-58.657	4.358
-58.687	4.418
-58.717	4.433
-58.867	4.268
-58.927	4.148
-58.897	4.178
-58.897	4.208
-58.822	4.298
-58.777	4.403
-58.717	4.448
-58.687	4.448
-58.657	4.463
-58.537	4.403
-58.402	4.298
-58.312	4.238
POLYLINE BLUE
-57.652	0.053
-57.682	0.113
-57.682	0.383
-57.652	0.473
-57.652	0.548
-57.712	0.593
-57.877	0.668
-57.922	0.758
-57.922	0.863
-57.817	1.043
-57.742	1.103
-57.682	1.253
-57.682	1.283
-57.892	1.463
-57.922	1.463
-58.042	1.598
-57.967	1.718
-57.937	1.733
-57.877	1.868
-57.877	1.898
-57.862	1.928
-57.967	2.153
-57.967	2.183
-57.997	2.243
-57.997	2.288
-58.072	2.438
-58.072	2.468
-58.087	2.498
-58.117	2.408
-58.162	2.348
-58.162	2.318
-58.192	2.258
-58.192	2.288
-58.102	2.468
-57.997	2.588
-57.967	2.588
-57.937	2.558
-57.937	2.528
-57.802	2.378
-57.772	2.363
-57.757	2.333
POLYLINE BLACK
-60.352	1.808
-60.262	1.988
-60.157	2.138
-60.127	2.153
-60.112	2.198
-60.052	2.243
-59.977	2.348
-59.797	2.483
-59.767	2.468
-59.737	2.393
-59.662	2.303
-59.647	2.258
-59.572	2.168
-59.392	1.913
-59.257	1.763
-59.242	1.718
-59.122	1.613
-59.002	1.448
-58.897	1.328
-58.807	1.253
-58.777	1.193
-58.792	1.163
-58.837	1.148
-58.912	1.058
-58.972	1.013
-59.047	0.893
-59.137	0.818
-59.257	0.728
-59.257	0.758
-59.287	0.743
-59.437	0.818
-59.602	0.893
-59.752	0.998
-59.827	1.088
-59.857	1.103
-60.037	1.328
-60.127	1.448
-60.142	1.493
-60.187	1.553
-60.217	1.628
-60.292	1.748
-60.352	1.868
-60.352	1.898
-60.382	1.928
POLYLINE BLACK
-56.977	-0.112
-57.052	-0.022
-57.082	0.038
-57.112	0.203
-57.112	0.233
-57.142	0.323
POLYLINE BLACK
-57.862	5.213
-57.862	5.183
-57.892	5.123
-57.892	5.063
-57.907	5.003
-57.907	4.838
-57.892	4.808
-57.892	4.673
-57.907	4.613
-57.907	4.403
-57.892	4.343
-57.892	4.148
-57.877	4.088
-57.877	4.013
-57.862	3.953
-57.862	3.908
-57.832	3.773
-57.832	3.608
-57.817	3.533
-57.817	3.428
-57.802	3.368
-57.802	3.323
-57.787	3.263
-57.787	3.233
-57.757	3.173
-57.757	3.128
-57.742	3.068
-57.742	2.993
-57.682	2.888
-57.682	2.858
-57.622	2.693
-57.592	2.588
-57.592	2.528
-57.607	2.468
-57.622	2.333
-57.547	2.048
-57.472	1.838
-57.472	1.808
-57.427	1.703
-57.427	1.673
-57.367	1.463
-57.367	1.433
-57.352	1.403
-57.352	1.298
-57.337	1.238
-57.337	1.028
-57.007	0.023
POLYLINE BLACK
-63.697	1.013
-63.727	0.998
-63.697	0.998
-63.637	0.968
-63.607	0.968
-63.547	0.938
-63.517	0.938
-63.487	0.908
-63.457	0.908
-63.337	0.818
-63.247	0.758
-63.067	0.623
-62.962	0.563
-62.482	0.128
-62.392	0.008
-62.227	-0.052
-62.137	-0.052
-61.987	-0.127
-61.957	-0.127
-61.897	-0.142
-61.822	-0.142
-61.762	-0.172
-61.732	-0.172
-61.537	-0.217
-61.507	-0.217
-61.357	-0.277
-61.327	-0.307
-61.267	-0.307
-61.132	-0.337
-61.102	-0.367
-61.072	-0.367
-60.967	-0.442
-60.907	-0.457
-60.802	-0.532
-60.772	-0.577
-60.712	-0.622
-60.682	-0.622
-60.607	-0.682
-60.577	-0.682
-60.517	-0.697
-60.487	-0.697
-60.352	-0.757
-60.247	-0.787
-60.142	-0.802
-60.007	-0.832
-59.887	-0.907
-59.647	-1.027
-59.602	-1.027
-59.362	-1.132
-59.317	-1.132
-59.122	-1.207
-59.062	-1.252
-59.032	-1.297
-59.002	-1.312
-58.972	-1.357
-58.852	-1.447
-58.747	-1.507
-58.657	-1.567
-58.597	-1.567
-58.537	-1.612
-58.507	-1.612
-58.462	-1.672
-58.387	-1.687
-58.357	-1.717
-58.252	-1.762
-58.132	-1.852
-57.937	-1.972
-57.907	-1.972
-57.877	-2.002
-57.802	-2.017
-57.742	-2.062
-57.712	-2.062
-57.532	-2.182
-57.457	-2.197
-57.367	-2.257
-57.337	-2.257
-57.187	-2.332
POLYLINE BLACK
-62.887	7.478
-62.887	7.448
-62.842	7.343
-62.842	7.283
-62.827	7.193
-62.857	7.028
-62.857	6.788
-62.872	6.653
-62.872	6.428
-62.857	6.398
-62.857	6.323
-62.842	6.263
-62.842	6.233
-62.857	6.173
-62.872	6.098
-62.932	6.023
-62.992	5.978
-63.112	5.783
-63.172	5.648
-63.172	5.333
-63.187	5.273
-63.187	5.123
-63.202	5.063
-63.202	5.018
-63.187	4.988
-63.202	4.928
-63.202	4.898
-63.217	4.868
-63.217	4.673
-63.202	4.628
-63.202	4.568
-63.187	4.538
-63.187	4.358
-63.202	4.298
-63.382	4.088
-63.382	3.953
-63.367	3.923
-63.367	3.623
-63.427	3.383
-63.472	3.323
-63.472	3.278
-63.547	3.158
-63.577	3.158
-63.637	3.128
POLYLINE BLACK
-58.507	5.438
-58.537	5.438
-58.582	5.378
-58.612	5.378
-58.642	5.363
-58.657	5.333
-58.717	5.333
-58.807	5.303
-58.852	5.303
-58.912	5.288
-58.942	5.288
-59.002	5.273
-59.062	5.288
-59.122	5.288
-59.182	5.318
-59.212	5.318
-59.272	5.333
-59.302	5.333
-59.377	5.378
-59.407	5.378
-59.467	5.393
-59.497	5.393
-59.617	5.468
-59.647	5.468
-59.827	5.573
-59.872	5.588
-59.962	5.663
-59.977	5.693
-60.097	5.768
-60.172	5.858
-60.202	5.858
-60.277	5.948
-60.322	5.963
-60.322	6.008
-60.427	6.158
-60.457	6.158
-60.457	6.188
-60.487	6.188
-60.547	6.203
-60.667	6.293
-60.712	6.353
-60.802	6.428
-60.817	6.458
-60.967	6.578
-61.147	6.803
-61.237	6.878
-61.357	7.043
-61.402	7.058
-61.492	7.133
-61.552	7.148
-61.582	7.193
-61.642	7.208
-61.672	7.238
-61.762	7.268
POLYLINE BLUE
-57.307	7.883
-57.367	7.868
-57.442	7.748
-57.472	7.613
-57.472	7.553
-57.457	7.523
-57.457	7.418
-57.397	7.223
-57.397	7.193
-57.382	7.163
-57.472	7.088
-57.532	7.088
-57.562	7.058
-57.592	7.073
-57.622	7.058
-57.652	6.983
-57.592	6.938
-57.532	6.848
-57.502	6.743
-57.577	6.623
-57.757	6.503
-57.787	6.443
-57.787	6.293
-57.832	6.233
-57.832	6.203
-57.862	6.203
-57.877	6.248
-57.937	6.293
-57.982	6.398
-58.027	6.458
-58.027	6.488
-57.997	6.458
-57.982	6.413
-57.847	6.263
-57.802	6.188
-57.802	6.158
-57.772	6.188
-57.727	6.203
-57.562	6.323
-57.532	6.323
-57.502	6.353
-57.472	6.353
POLYLINE BLACK
-57.772	5.918
-57.802	5.918
-57.817	5.978
-57.787	6.053
-57.727	6.068
-57.697	6.068
-57.667	6.053
-57.652	5.993
-57.652	5.963
-57.682	5.933
-57.742	5.933
POLYLINE BLACK
-57.772	6.713
-57.802	6.713
-57.817	6.773
-57.772	6.833
-57.712	6.878
-57.652	6.878
-57.622	6.773
-57.637	6.743
-57.697	6.728
-57.787	6.818
POLYLINE BLACK
-57.217	7.328
-57.247	7.313
-57.277	7.358
-57.277	7.418
-57.247	7.478
-57.157	7.508
-57.097	7.418
-57.142	7.358
-57.172	7.343
-57.202	7.358
-57.247	7.358
POLYLINE BLACK
-57.322	8.243
-57.352	8.258
-57.352	8.288
-57.337	8.318
-57.247	8.348
-57.187	8.303
-57.232	8.243
-57.292	8.213
-57.322	8.213
POLYLINE BLACK
-57.802	5.153
-57.802	5.213
-57.757	5.348
-57.757	5.378
-57.682	5.528
-57.652	5.558
-57.652	5.588
-57.637	5.618
-57.487	5.738
-57.487	5.768
-57.457	5.828
-57.457	5.903
-57.442	5.963
-57.307	6.203
-57.307	6.233
-57.217	6.428
-57.217	6.458
-57.202	6.518
-57.217	6.623
-57.202	6.683
-57.202	6.713
-57.142	6.878
-57.142	6.923
-57.067	7.043
-57.022	7.148
-57.022	7.178
-56.962	7.298
-56.962	7.343
-56.827	7.628
-56.812	7.838
-56.812	7.913
-56.797	7.973
-56.797	8.033
-56.737	8.198
-56.737	8.228
-56.707	8.288
-56.707	8.318
-56.692	8.378
-56.692	8.483
-56.677	8.513
-56.677	8.558
-56.662	8.618
-56.662	8.648
-56.647	8.708
-56.647	8.768
-56.662	8.798
POLYLINE BLACK
-57.697	8.468
-57.652	8.363
-57.652	8.303
-57.622	8.183
-57.712	8.018
-57.712	7.958
-57.727	7.898
-57.727	7.868
-57.787	7.688
-57.817	7.658
-57.817	7.598
-57.832	7.523
-57.832	7.328
-57.847	7.268
-57.847	7.238
-57.862	7.178
-57.892	7.013
-57.937	6.938
-57.937	6.908
-57.967	6.848
-57.997	6.683
-58.087	6.563
-58.087	6.533
-58.132	6.473
-58.162	6.368
-58.207	6.308
-58.207	6.278
-58.267	6.158
-58.267	6.128
-58.282	6.068
-58.282	5.963
-58.342	5.798
-58.342	5.768
-58.447	5.558
-58.447	5.528
-58.477	5.468
-58.537	5.423
-58.552	5.393
POLYLINE BLACK
-56.992	8.873
-57.052	8.888
-57.082	8.918
-57.082	8.948
-57.037	9.008
-56.977	8.978
-56.947	8.918
-56.947	8.888
-56.962	8.858
-57.022	8.813
-57.082	8.843
POLYLINE BLACK
-57.547	8.903
-57.637	8.963
-57.652	9.023
-57.622	9.053
-57.592	9.053
-57.562	9.068
-57.502	9.023
-57.487	8.963
-57.517	8.903
-57.577	8.888
POLYLINE BLACK
-57.547	9.653
-57.577	9.668
-57.607	9.638
-57.652	9.713
-57.652	9.743
-57.622	9.773
-57.562	9.773
-57.502	9.728
-57.487	9.668
-57.547	9.578
POLYLINE BLACK
-58.162	9.668
-58.222	9.668
-58.237	9.743
-58.192	9.803
-58.162	9.818
-58.102	9.773
-58.102	9.713
-58.132	9.653
-58.162	9.638
POLYLINE BLACK
-58.597	9.683
-58.597	9.653
-58.447	9.368
-58.417	9.353
-58.402	9.323
-58.372	9.323
-58.327	9.218
-58.192	9.038
-58.087	8.918
-58.027	8.873
-57.982	8.813
-57.952	8.798
-57.862	8.693
-57.802	8.663
-57.727	8.543
-57.727	8.513
-57.667	8.408
-57.667	8.378
-57.652	8.348
POLYLINE BLACK
-57.337	10.373
-57.277	10.253
-57.277	10.013
-57.262	9.953
-57.262	9.878
-57.247	9.833
-57.247	9.773
-57.172	9.623
-57.172	9.593
-57.157	9.563
-57.097	9.518
-56.977	9.368
-56.917	9.323
-56.692	9.008
-56.692	8.978
-56.662	8.963
-56.632	8.903
-56.632	8.843
-56.662	8.783
POLYLINE BLACK
-58.192	11.603
POLYLINE BLACK
-63.867	16.583
-63.907	16.363
-63.907	16.323
POLYLINE BLACK
-62.527	16.443
-62.527	16.523
-62.547	16.563
-62.527	16.703
-62.527	16.823
-62.487	16.943
-62.527	17.123
-62.607	17.323
-62.607	17.383
-62.667	17.563
-62.727	17.843
-62.867	18.143
-62.887	18.223
-62.987	18.523
-62.987	18.603
-63.047	18.743
-63.167	18.903
-63.167	18.943
-63.247	19.063
-63.247	19.103
-63.327	19.183
-63.347	19.263
-63.487	19.483
-63.487	19.643
-63.447	19.683
-63.447	19.763
-63.427	19.843
-63.407	19.923
-63.347	20.123
-63.327	20.203
-63.227	20.363
-63.227	20.523
-63.287	20.583
-63.367	20.563
-63.507	20.423
-63.567	20.303
-63.607	20.123
-63.647	20.083
-63.687	19.923
-63.747	19.763
-63.747	19.663
-63.787	19.503
-63.787	19.423
-63.847	19.303
-63.887	19.043
-63.887	18.643
-63.807	18.363
-63.807	18.043
-63.687	17.743
-63.687	17.443
-63.767	17.183
-63.767	16.983
-63.787	16.903
-63.787	16.723
-63.807	16.643
-63.827	16.563
-63.867	16.443
-63.867	16.383
POLYLINE BLACK
-62.567	15.223
-62.527	15.263
-62.507	15.343
-62.487	15.423
-62.467	15.583
-62.467	15.703
-62.447	15.783
-62.407	15.943
-62.427	16.023
-62.427	16.083
-62.467	16.203
-62.467	16.263
-62.487	16.343
-62.487	16.463
POLYLINE BLACK
-62.467	15.203
-62.687	15.143
-62.807	15.143
-62.847	15.163
-62.967	15.123
-63.087	15.163
-63.187	15.143
-63.267	15.123
-63.307	15.143
-63.387	15.103
-63.427	15.143
-63.507	15.143
-63.547	15.123
-63.627	15.143
-63.667	15.143
-63.887	15.363
-63.907	15.543
-63.887	15.703
-63.887	15.823
-63.927	15.983
-63.927	16.183
-63.907	16.223
POLYLINE CONNECT
-62.562	16.398
-58.594	9.421
POLYLINE BLUE
-57.387	10.783
-57.507	10.663
-57.587	10.583
-57.627	10.523
-57.727	10.463
-57.927	10.263
-58.207	10.063
POLYLINE BLUE
-57.247	11.223
-57.347	11.083
-57.567	10.923
-58.247	10.223
-58.267	10.163
POLYLINE BLUE
-57.247	11.463
-57.367	11.343
-57.987	10.723
-58.087	10.683
-58.347	10.423
-58.407	10.343
POLYLINE BLUE
-57.427	11.683
-57.547	11.503
-57.887	11.163
-58.007	11.043
-58.347	10.743
-58.487	10.583
POLYLINE BLUE
-57.607	11.803
-57.787	11.603
-57.847	11.503
-57.967	11.343
-58.107	11.263
-58.267	11.103
POLYLINE BLUE
-57.767	11.983
-57.867	11.783
-58.147	11.523
POLYLINE BLUE
-57.787	11.963
-57.627	11.803
-57.587	11.803
-57.387	11.643
-57.327	11.583
-57.207	11.383
-57.207	11.243
-57.247	10.923
-57.387	10.723
-57.547	10.543
-57.607	10.383
-57.847	10.103
-57.967	10.063
-58.007	10.083
-58.047	10.063
-58.127	10.083
-58.207	10.103
-58.247	10.143
-58.327	10.163
-58.427	10.263
-58.507	10.483
-58.507	10.563
-58.327	10.963
-58.267	11.223
-58.167	11.463
-58.167	11.683
-58.187	11.763
-58.027	12.023
-57.987	12.003
-57.947	12.023
-57.867	12.003
-57.787	12.003
POLYLINE BLUE
-57.187	13.323
-57.187	13.323
-57.307	13.603
-57.387	13.723
-57.387	13.783
POLYLINE BLUE
-56.507	14.983
-56.467	14.983
-56.447	14.903
-56.527	14.743
-56.687	14.643
-56.827	14.443
-56.827	14.283
-56.727	14.103
-56.687	14.063
-56.707	13.983
-56.887	13.803
-57.007	13.723
-57.027	13.643
-57.007	13.483
-57.127	13.223
-57.147	13.143
-57.067	13.163
-56.867	13.263
-56.767	13.423
POLYLINE BLACK
-57.247	11.983
-57.167	11.883
-57.267	11.783
-57.347	11.763
-57.447	11.923
-57.367	11.943
-57.267	11.963
-57.227	11.943
POLYLINE BLACK
-57.287	13.343
-57.227	13.383
-57.147	13.383
-57.107	13.303
-57.167	13.223
-57.307	13.183
-57.367	13.263
-57.387	13.363
-57.367	13.403
-57.227	13.403
POLYLINE BLACK
-56.527	14.303
-56.487	14.303
-56.407	14.223
-56.507	14.123
-56.587	14.103
-56.627	14.103
-56.667	14.143
-56.667	14.243
-56.587	14.283
-56.507	14.243
POLYLINE BLACK
-56.427	15.663
-56.347	15.583
-56.347	15.503
-56.527	15.363
-56.607	15.383
-56.627	15.423
-56.567	15.483
-56.387	15.563
POLYLINE BLACK
-55.607	15.523
-55.607	15.443
-55.707	14.883
-55.707	14.803
-55.927	14.443
-55.947	14.363
-56.047	14.063
-56.207	13.803
-56.227	13.723
-56.247	13.763
-56.267	13.683
-56.327	13.603
-56.327	13.503
-56.367	13.343
-56.407	13.143
-56.467	12.983
-56.507	12.923
-56.527	12.843
-56.587	12.723
-56.767	12.603
-56.867	12.423
-56.867	12.223
-56.847	12.123
-56.787	12.043
-56.787	11.883
-56.847	11.723
-56.847	11.663
-56.887	11.623
-56.907	11.523
-56.967	11.403
-56.967	11.303
-57.187	10.783
-57.207	10.703
-57.267	10.583
-57.267	10.443
-57.307	10.283
-57.267	10.103
-57.287	10.063
POLYLINE BLACK
-56.807	16.603
-56.747	16.503
-56.907	16.083
-56.947	15.923
-56.987	15.743
-56.987	15.623
-57.007	15.543
-57.007	15.463
-57.047	15.283
-57.047	15.123
-57.107	14.943
-57.187	14.863
-57.207	14.783
-57.327	14.543
-57.387	14.463
-57.467	14.283
-57.487	14.103
-57.487	13.983
-57.507	13.903
-57.527	13.823
-57.567	13.643
-57.587	13.563
-57.687	13.263
-57.747	13.183
-57.787	13.023
-57.867	12.803
-57.887	12.723
-57.987	12.503
-58.047	12.423
-58.047	12.363
-58.067	12.283
-58.087	12.103
-58.427	11.563
-58.567	11.123
-58.587	10.943
-58.607	10.863
-58.647	10.703
-58.707	10.583
-58.747	10.403
-58.787	10.243
-58.787	10.163
-58.767	10.083
-58.767	9.963
-58.687	9.703
-58.647	9.663
-58.647	9.623
-58.607	9.583
POLYLINE BLACK
-56.712	26.308
-56.712	26.278
-56.682	26.218
-56.682	26.188
-56.667	26.128
-56.667	26.008
-56.697	25.888
-56.697	25.858
-56.742	25.798
-56.757	25.753
-56.787	25.723
-56.772	25.663
-56.772	25.498
-56.757	25.438
-56.757	25.348
-56.772	25.288
-56.772	25.228
-56.787	25.198
-56.787	25.153
-56.772	25.093
-56.772	25.033
-56.802	25.033
-56.802	24.943
-56.817	24.913
-56.817	24.838
-56.802	24.778
-56.802	24.748
-56.772	24.628
-56.772	24.538
-56.787	24.463
-56.787	24.433
-56.817	24.373
-56.817	24.343
-56.832	24.313
-56.832	24.208
-56.787	24.148
-56.712	24.118
-56.682	23.983
-56.682	23.683
-56.667	23.653
-56.667	23.548
-56.652	23.488
-56.652	23.353
-56.637	23.293
-56.637	23.263
-56.622	23.233
-56.622	23.188
-56.487	22.903
-56.487	22.873
-56.457	22.753
-56.457	22.648
-56.427	22.558
-56.427	22.348
-56.442	22.273
-56.442	22.108
-56.427	22.048
-56.427	21.988
-56.412	21.928
-56.412	21.868
-56.397	21.808
-56.397	21.718
-56.412	21.658
-56.412	21.598
-56.427	21.538
-56.427	21.313
-56.412	21.253
-56.427	21.193
-56.412	21.133
POLYLINE BLACK
-57.927	21.388
-57.927	21.463
-57.867	21.598
-57.867	21.673
-57.837	21.793
-57.837	21.928
-57.882	22.093
-57.882	22.123
-57.897	22.183
-57.897	22.258
-57.942	22.408
-57.942	22.483
-57.927	22.513
-57.927	22.558
-57.852	22.843
-57.852	22.873
-57.837	22.933
-57.837	23.368
-57.807	23.503
-57.747	23.623
-57.702	23.683
-57.627	23.848
-57.627	23.953
-57.657	24.013
-57.657	24.058
-57.672	24.088
-57.672	24.133
-57.687	24.193
-57.687	24.358
-57.672	24.418
-57.672	24.478
-57.657	24.553
-57.657	24.613
-57.642	24.673
-57.642	24.703
-57.627	24.733
-57.627	24.898
-57.612	24.958
-57.612	25.093
-57.597	25.153
-57.597	25.348
-57.567	25.453
-57.567	25.588
-57.582	25.648
-57.582	25.828
-57.567	25.888
-57.567	25.933
-57.537	26.023
-57.507	26.023
-57.417	26.173
-57.417	26.233
-57.387	26.323
-57.342	26.383
-57.312	26.383
-57.252	26.413
-57.222	26.383
-57.162	26.413
-57.132	26.398
-57.072	26.413
-57.042	26.443
-57.027	26.413
-56.997	26.428
-56.937	26.398
-56.817	26.398
-56.787	26.383
-56.772	26.353
-56.742	26.353
-56.697	26.293
-56.682	26.218
-56.682	26.218
-56.682	26.218
POLYLINE BLACK
-57.642	20.248
-57.477	20.473
-57.417	20.518
-57.372	20.578
-57.312	20.623
-57.267	20.698
-57.237	20.698
-57.222	20.728
-57.192	20.728
-57.057	20.668
-57.027	20.668
-56.787	20.518
-56.727	20.473
-56.697	20.473
-56.712	20.398
-56.712	20.368
-56.742	20.263
POLYLINE BLACK
-56.562	20.353
-56.562	20.383
-56.532	20.443
-56.532	20.533
-56.517	20.593
-56.517	20.908
-56.487	20.968
-56.487	21.013
-56.457	21.133
-56.457	21.223
POLYLINE BLACK
-56.562	20.323
-56.607	20.263
-56.667	20.263
-56.757	20.218
-56.787	20.218
-56.817	20.203
-56.877	20.233
-57.087	20.233
-57.222	20.203
-57.297	20.203
-57.357	20.218
-57.492	20.173
-57.642	20.203
-57.717	20.203
-57.777	20.218
-57.807	20.218
-57.837	20.248
-57.867	20.233
-57.927	20.248
-57.927	20.293
-57.957	20.353
-57.957	20.503
-58.002	20.668
-58.017	20.698
-58.017	20.743
-58.032	20.803
-58.032	21.043
-57.972	21.193
-57.912	21.328
POLYLINE CONNECT
-57.882	21.268
-55.645	15.497
POLYLINE GREEN
-55.002	18.403
-55.092	18.148
-54.972	18.058
-54.957	17.938
-55.032	17.833
-55.092	17.803
-55.152	17.713
-55.107	17.653
-54.987	17.578
-54.957	17.488
-54.957	17.398
-54.972	17.278
-54.972	17.248
POLYLINE GREEN
-55.197	18.343
-55.062	18.358
-55.002	18.388
-54.882	18.373
POLYLINE BLACK
-55.497	15.943
-55.527	15.943
-55.587	15.988
-55.542	16.078
-55.512	16.078
-55.452	16.093
-55.422	16.063
-55.422	16.003
-55.467	15.943
-55.497	15.958
-55.527	15.943
-55.557	15.958
POLYLINE BLACK
-55.887	16.363
-55.917	16.378
-55.917	16.423
-55.932	16.483
-55.932	16.513
-55.917	16.543
-55.782	16.543
-55.752	16.498
-55.752	16.438
-55.812	16.408
-55.842	16.408
POLYLINE BLACK
-55.197	16.603
-55.227	16.618
-55.242	16.678
-55.242	16.708
-55.197	16.768
-55.137	16.723
-55.137	16.663
-55.122	16.603
-55.257	16.543
POLYLINE BLACK
-54.807	16.363
-54.867	16.378
-54.897	16.408
-54.897	16.453
-54.822	16.543
-54.762	16.543
-54.762	16.513
-54.747	16.483
-54.762	16.423
-54.852	16.363
POLYLINE BLACK
-54.387	17.023
-54.417	16.993
-54.477	16.993
-54.507	17.023
-54.507	17.068
-54.402	17.143
-54.312	17.113
-54.312	17.053
-54.357	16.993
-54.387	16.993
-54.447	16.963
POLYLINE BLACK
-53.787	16.633
-53.817	16.633
-53.877	16.663
-53.892	16.723
-53.877	16.768
-53.817	16.828
-53.757	16.813
-53.727	16.843
-53.697	16.768
-53.742	16.708
-53.817	16.663
-53.847	16.663
POLYLINE BLACK
-53.922	16.483
-53.952	16.423
-54.012	16.378
-54.042	16.378
-54.072	16.348
-54.102	16.348
-54.207	16.228
-54.222	16.168
-54.222	16.138
-54.192	16.048
-54.207	15.973
-54.297	15.913
-54.327	15.928
-54.417	15.883
-54.447	15.883
-54.477	15.898
-54.507	15.883
-54.537	15.898
-54.567	15.883
-54.732	15.883
-54.777	15.898
-54.807	15.883
-54.867	15.898
-54.897	15.898
-54.927	15.913
-54.987	15.898
-55.017	15.898
-55.107	15.853
-55.137	15.853
-55.227	15.793
-55.257	15.793
-55.287	15.763
-55.317	15.763
-55.437	15.688
-55.527	15.613
POLYLINE BLACK
-53.712	17.503
-53.742	17.503
-53.802	17.518
-53.832	17.518
-53.892	17.503
-53.922	17.473
-53.982	17.473
-54.132	17.548
-54.252	17.638
-54.267	17.668
-54.297	17.653
-54.327	17.683
-54.357	17.683
-54.447	17.713
-54.537	17.683
-54.552	17.653
-54.582	17.653
-54.612	17.638
-54.657	17.638
-54.717	17.623
-54.747	17.623
-54.807	17.608
-54.837	17.578
-54.867	17.578
-55.047	17.473
-55.062	17.443
-55.092	17.443
-55.182	17.368
-55.317	17.188
-55.482	17.068
-55.512	17.068
-55.572	17.023
-55.617	17.023
-55.647	16.993
-55.677	16.993
-55.737	16.963
-55.767	16.963
-55.797	16.978
-55.812	16.948
-55.872	16.963
-55.902	16.963
-55.962	16.948
-55.992	16.918
-56.052	16.933
-56.112	16.918
-56.142	16.918
-56.172	16.888
-56.202	16.888
-56.217	16.858
-56.247	16.858
-56.277	16.783
-56.307	16.783
-56.487	16.648
-56.517	16.648
-56.607	16.588
-56.652	16.528
-56.772	16.423
-56.802	16.363
POLYLINE BLUE
-49.642	16.228
-49.642	16.188
-49.722	16.168
-50.022	15.948
POLYLINE BLUE
-49.982	16.308
-50.162	16.148
-50.262	16.008
-50.322	15.948
POLYLINE BLUE
-50.382	16.428
-50.442	16.328
-50.542	16.268
-50.822	16.028
-50.862	16.008
POLYLINE BLUE
-50.642	16.528
-50.762	16.468
-50.922	16.288
-50.982	16.268
-51.002	16.228
POLYLINE BLUE
-51.042	16.568
-51.082	16.488
-51.182	16.428
-51.342	16.308
POLYLINE BLUE
-51.502	16.528
-51.462	16.548
-51.802	16.268
POLYLINE BLUE
-51.762	16.668
-51.902	16.528
-52.062	16.428
-52.122	16.328
POLYLINE BLUE
-52.042	16.768
-52.122	16.628
-52.382	16.408
-52.422	16.368
POLYLINE BLUE
-52.422	16.808
-52.722	16.568
-52.762	16.468
POLYLINE BLUE
-52.702	16.908
-52.722	16.828
-52.942	16.588
-53.042	16.448
POLYLINE BLUE
-50.022	16.668
-49.862	16.308
-49.742	16.328
-49.622	16.288
-49.482	16.148
-49.422	16.028
-49.442	15.968
-49.562	15.928
-49.642	15.868
-49.782	15.868
-49.862	15.848
-50.102	15.888
-50.302	15.868
-50.462	15.948
-50.542	15.968
-50.682	15.988
-50.762	15.988
-50.842	16.008
-51.042	16.048
-51.082	16.028
-51.162	16.068
-51.302	16.068
-51.462	16.128
-51.582	16.128
-51.762	16.168
-52.002	16.248
-52.082	16.288
-52.222	16.288
-52.262	16.308
-52.342	16.288
-52.422	16.328
-52.462	16.308
-52.542	16.328
-52.662	16.348
-52.702	16.388
-52.742	16.368
-52.782	16.408
-52.862	16.428
-52.982	16.468
-53.022	16.508
-53.082	16.508
-53.222	16.648
-53.222	16.728
-53.242	16.768
-53.182	16.848
-53.102	16.848
-52.922	16.888
-52.842	16.868
-52.802	16.888
-52.682	16.888
-52.502	16.868
-52.342	16.808
-52.262	16.788
-52.222	16.768
-52.162	16.788
-51.982	16.728
-51.582	16.648
-51.482	16.648
-51.442	16.628
-51.362	16.628
-51.202	16.668
-50.922	16.608
-50.762	16.608
-50.722	16.588
-50.662	16.608
-50.382	16.508
-50.222	16.388
-50.182	16.388
-50.142	16.348
-49.982	16.328
-49.862	16.328
-49.782	16.288
POLYLINE BLACK
-53.242	16.868
-53.322	16.908
-53.342	17.048
-53.242	17.148
-53.162	17.128
-53.102	17.048
-53.102	17.008
-53.222	16.968
-53.262	16.928
POLYLINE BLACK
-52.642	16.528
-52.682	16.488
-52.742	16.548
-52.722	16.628
-52.642	16.708
-52.582	16.648
-52.702	16.428
POLYLINE BLACK
-51.282	16.248
-51.322	16.228
-51.362	16.248
-51.402	16.228
-51.442	16.268
-51.462	16.348
-51.342	16.508
-51.302	16.528
-51.242	16.468
-51.222	16.388
-51.222	16.328
-51.362	16.188
POLYLINE BLACK
-49.962	16.248
-50.122	16.228
-50.182	16.308
-50.182	16.408
-50.102	16.548
-50.022	16.608
-49.982	16.548
-49.962	16.468
-49.942	16.428
-49.982	16.348
-50.102	16.228
-50.142	16.228
POLYLINE BLACK
-48.882	15.788
-48.982	15.808
-49.062	15.888
-49.062	15.968
-48.962	16.068
-48.902	16.068
-48.822	16.088
-48.802	15.968
-48.882	15.848
-48.962	15.808
POLYLINE BLACK
-48.002	16.268
-48.042	16.248
-48.082	16.288
-48.042	16.408
-47.982	16.448
-47.882	16.348
-47.882	16.308
-47.962	16.228
-48.082	16.228
POLYLINE BLACK
-47.282	15.668
-47.422	15.648
-47.462	15.728
-47.442	15.788
-47.402	15.788
-47.382	15.708
-47.382	15.648
-47.442	15.588
POLYLINE BLACK
-45.582	16.188
-45.622	16.148
-45.702	16.188
-45.682	16.268
-45.622	16.328
-45.602	16.288
-45.642	16.168
-45.722	16.108
POLYLINE BLACK
-53.822	17.508
-53.842	17.468
-53.662	17.388
-53.482	17.388
-53.342	17.348
-53.302	17.368
-53.182	17.328
-53.142	17.348
-53.022	17.308
-52.982	17.328
-52.882	17.308
-52.722	17.268
-52.642	17.248
-52.562	17.228
-52.482	17.208
-52.402	17.208
-52.302	17.188
-52.182	17.188
-52.122	17.168
-52.042	17.188
-51.962	17.168
-51.782	17.168
-51.602	17.128
-51.402	17.048
-51.262	17.028
-51.142	16.968
-51.042	16.968
-50.642	16.888
-50.562	16.888
-50.442	16.848
-50.342	16.868
-50.262	16.868
-49.982	16.788
-49.902	16.808
-49.822	16.788
-49.642	16.788
-49.482	16.748
-49.362	16.748
-49.242	16.708
-49.062	16.708
-49.022	16.728
-48.942	16.688
-48.862	16.708
-48.762	16.708
-48.682	16.728
-48.582	16.708
-48.502	16.728
-48.402	16.708
-48.322	16.728
-48.162	16.728
-48.062	16.748
-47.862	16.748
-47.782	16.768
-47.742	16.748
-47.642	16.768
-47.562	16.768
-47.522	16.748
-47.442	16.768
-47.362	16.748
-47.162	16.748
-47.082	16.768
-47.002	16.748
-46.882	16.748
-46.842	16.728
-46.762	16.748
-46.682	16.728
-46.642	16.748
-46.602	16.728
POLYLINE BLACK
-46.462	15.368
-46.662	15.308
-46.862	15.308
-46.982	15.348
-47.042	15.348
-47.122	15.368
-47.202	15.368
-47.362	15.408
-47.442	15.428
-47.522	15.448
-47.642	15.448
-47.722	15.468
-48.022	15.468
-48.122	15.448
-48.282	15.468
-48.362	15.448
-48.542	15.468
-48.702	15.488
-48.802	15.468
-48.982	15.508
-49.122	15.508
-49.282	15.548
-49.382	15.548
-49.462	15.568
-49.542	15.548
-49.622	15.548
-49.762	15.528
-50.042	15.528
-50.162	15.568
-50.262	15.568
-50.422	15.628
-50.542	15.628
-50.722	15.688
-50.802	15.708
-51.182	15.888
-51.242	15.888
-51.442	15.948
-51.502	15.948
-51.762	16.008
-51.942	16.008
-52.082	16.048
-52.162	16.028
-52.242	16.048
-52.322	16.048
-52.422	16.088
-52.462	16.068
-52.582	16.088
-52.682	16.108
-52.862	16.188
-52.942	16.208
-53.182	16.308
-53.262	16.308
-53.442	16.368
-53.562	16.328
-53.602	16.348
-53.682	16.328
-53.762	16.328
-53.842	16.348
-54.022	16.348
-54.062	16.368
POLYLINE BLACK
-46.032	21.168
-46.012	21.128
-45.952	21.188
-45.952	21.248
-45.932	21.328
-45.912	21.408
-45.932	21.488
-45.952	21.588
-45.992	21.748
-45.992	21.828
-45.972	21.908
-45.952	22.068
-45.952	22.148
-45.932	22.188
-45.992	22.348
-45.992	22.448
-45.952	22.568
-46.012	22.888
-46.012	22.968
-45.972	23.008
-45.972	23.088
-46.012	23.108
-45.952	23.448
-45.932	23.768
-45.932	24.028
-45.952	24.228
-45.912	24.568
-45.892	24.608
-45.892	24.768
-45.832	24.928
-45.792	24.968
-45.752	25.128
-45.532	25.828
-45.432	26.488
POLYLINE BLACK
-45.372	26.488
-45.392	26.448
-45.472	26.428
-45.552	26.408
-45.632	26.328
-45.632	26.288
-45.772	26.108
-45.912	25.968
-46.272	25.508
-46.292	25.428
-46.292	25.288
-46.332	25.128
-46.452	24.928
-46.652	24.548
-46.832	24.348
-46.852	24.248
-46.972	24.148
-47.092	24.068
-47.132	24.028
-47.152	23.868
-47.152	23.768
-47.232	23.528
-47.292	23.268
-47.412	22.908
-47.432	22.728
-47.432	22.648
-47.412	22.568
-47.392	22.388
-47.372	22.288
-47.392	22.208
-47.392	22.088
-47.412	21.948
-47.432	21.768
-47.452	21.608
-47.292	21.148
-47.272	21.068
-47.192	21.068
-47.152	21.088
-46.892	21.008
-46.812	21.008
-46.732	21.028
-46.612	21.048
-46.572	21.028
-46.492	21.088
-46.452	21.068
-46.372	21.088
-46.212	21.068
-46.052	21.068
POLYLINE CONNECT
-47.217	22.478
-46.497	15.464
POLYLINE BLACK
-41.547	17.633
-41.622	17.633
-41.667	17.693
-41.652	17.723
-41.562	17.663
-41.562	17.633
POLYLINE BLACK
-41.637	18.548
-41.757	18.518
-41.772	18.563
-41.772	18.623
-41.727	18.683
-41.607	18.533
-41.592	18.503
POLYLINE BLACK
-41.232	17.918
-41.292	17.918
-41.352	17.903
-41.382	17.918
-41.397	17.978
-41.337	17.993
-41.262	17.993
-41.202	17.963
-41.202	17.933
-41.262	17.873
POLYLINE BLACK
-40.947	18.413
-40.932	18.383
-40.932	18.308
-40.917	18.218
-40.887	18.188
-40.857	18.188
-40.767	18.353
-40.782	18.398
-40.827	18.398
-40.857	18.413
-40.917	18.368
POLYLINE BLACK
-40.752	18.983
-40.707	19.073
-40.677	19.073
-40.602	19.028
-40.572	18.968
-40.572	18.923
-40.617	18.863
-40.677	18.848
-40.737	18.848
-40.767	18.863
-40.797	18.923
POLYLINE BLACK
-41.352	19.013
-41.397	19.073
-41.412	19.148
-41.412	19.178
-41.397	19.208
-41.367	19.193
-41.337	19.223
-41.277	19.208
-41.232	19.133
-41.292	19.088
POLYLINE BLUE
-42.132	17.783
-42.327	17.288
-42.327	17.258
POLYLINE BLUE
-42.357	17.678
-42.402	17.618
-42.627	17.093
POLYLINE BLUE
-42.447	17.753
-42.492	17.723
-42.657	17.363
-42.687	17.333
-42.747	17.168
-42.822	17.063
POLYLINE BLUE
-42.702	17.618
-42.702	17.588
-42.867	17.288
-42.942	17.108
-42.942	17.078
POLYLINE BLUE
-42.702	17.048
-42.732	17.018
-42.762	17.018
-42.822	17.033
-42.882	17.033
-42.927	17.093
-42.957	17.258
-43.002	17.348
-43.002	17.438
-42.957	17.588
-42.897	17.633
-42.792	17.678
-42.762	17.678
-42.702	17.693
-42.552	17.798
-42.522	17.798
-42.462	17.813
-42.432	17.813
-42.372	17.828
-42.207	17.768
-42.117	17.723
-42.132	17.663
-42.132	17.633
-42.162	17.573
-42.162	17.528
-42.192	17.438
-42.222	17.408
-42.252	17.333
-42.312	17.288
-42.342	17.243
-42.372	17.228
-42.417	17.168
-42.477	17.123
-42.507	17.123
-42.567	17.078
-42.612	17.078
-42.702	17.033
POLYLINE BLUE
-43.332	17.123
-43.362	17.063
-43.362	17.033
-43.452	16.853
-43.467	16.778
-43.527	16.688
-43.542	16.643
POLYLINE BLUE
-43.437	17.243
-43.437	17.213
-43.557	16.928
-43.617	16.808
-43.722	16.553
-43.722	16.523
POLYLINE BLUE
-43.557	17.303
-43.602	17.243
-43.677	17.063
-43.707	16.958
-43.842	16.688
-43.947	16.478
-43.947	16.433
POLYLINE BLUE
-43.737	17.213
-43.767	17.183
-44.097	16.538
-44.142	16.478
-44.157	16.403
POLYLINE BLUE
-43.932	17.183
-44.082	16.883
-44.112	16.793
-44.217	16.613
-44.307	16.358
-44.307	16.313
-44.322	16.283
POLYLINE BLUE
-44.142	17.078
-44.472	16.388
-44.487	16.313
POLYLINE BLUE
-44.262	16.958
-44.547	16.343
POLYLINE BLUE
-43.302	16.898
-43.272	16.793
-43.407	16.643
-43.692	16.478
-43.932	16.328
-44.007	16.313
-44.037	16.283
-44.157	16.253
-44.262	16.223
-44.352	16.223
-44.382	16.238
-44.412	16.223
-44.517	16.268
-44.592	16.358
-44.592	16.388
-44.607	16.448
-44.607	16.613
-44.562	16.733
-44.502	16.868
-44.322	17.018
-44.187	17.093
-44.052	17.123
-43.902	17.198
-43.767	17.213
POLYLINE BLUE
-41.232	18.398
-41.552	18.318
-41.592	18.278
-41.592	18.078
-41.652	17.978
-41.832	17.918
-41.912	17.938
-42.072	17.918
-42.192	17.858
-42.212	17.638
-42.392	17.518
-42.592	17.458
-42.632	17.418
-42.812	17.398
-42.712	17.578
-42.592	17.698
-42.552	17.798
-42.492	17.878
-42.512	17.778
-42.612	17.538
-42.812	17.318
-42.672	17.398
-42.452	17.458
-42.372	17.438
-42.252	17.378
-42.212	17.398
-42.172	17.378
-42.332	17.338
-42.412	17.338
-42.452	17.378
-42.532	17.398
-42.572	17.378
-42.652	17.398
-42.732	17.358
-42.772	17.378
POLYLINE BLACK
-43.212	16.918
-43.292	16.898
POLYLINE BLACK
-43.132	17.098
-43.252	17.038
POLYLINE BLACK
-43.132	17.238
-43.352	17.118
POLYLINE BLACK
-43.312	17.358
-43.392	17.198
POLYLINE BLACK
-44.312	17.318
-44.272	17.298
-44.172	17.318
-43.992	17.258
-43.912	17.238
-43.792	17.178
-43.552	17.278
-43.512	17.258
-43.472	17.298
-43.352	17.298
-43.112	17.238
-43.052	17.158
-43.052	17.058
-43.092	16.938
-43.132	16.938
-43.232	16.838
-43.312	16.598
-43.412	16.398
POLYLINE BLACK
-40.672	18.138
-40.772	17.958
-40.952	17.718
-40.992	17.718
-41.112	17.618
-41.292	17.518
-41.452	17.418
-41.492	17.378
-41.532	17.378
-41.592	17.298
-41.672	17.278
-41.852	17.218
-41.932	17.138
-42.052	17.118
-42.152	17.038
-42.232	17.018
-42.352	16.958
-42.432	16.938
-42.852	16.798
-43.032	16.678
-43.072	16.618
-43.212	16.538
-43.332	16.438
-43.552	16.338
-43.592	16.338
-43.892	16.178
-44.032	16.058
-44.172	15.998
-44.312	15.898
-44.452	15.758
-44.632	15.678
-44.732	15.678
-44.812	15.698
-44.952	15.698
-45.152	15.598
-45.192	15.558
-45.312	15.558
-45.392	15.538
-45.492	15.538
-45.572	15.518
-45.852	15.478
-45.892	15.458
-45.972	15.478
-46.052	15.458
-46.372	15.358
-46.452	15.358
-46.492	15.318
POLYLINE BLACK
-41.672	19.318
-41.692	19.198
-41.792	19.078
-41.792	19.038
-41.932	18.898
-42.092	18.638
-42.152	18.538
-42.192	18.518
-42.232	18.418
-42.392	18.318
-42.532	18.278
-42.712	18.118
-42.812	18.058
-42.852	18.018
-42.892	18.018
-42.972	17.938
-43.072	17.878
-43.132	17.838
-43.212	17.818
-43.372	17.758
-43.432	17.758
-43.512	17.718
-43.572	17.718
-43.692	17.638
-43.772	17.618
-43.872	17.578
-43.912	17.598
-43.952	17.558
-44.032	17.538
-44.112	17.478
-44.192	17.458
-44.292	17.398
-44.352	17.318
-44.492	17.258
-44.692	17.118
-44.892	16.958
-45.012	16.858
-45.072	16.858
-45.292	16.718
-45.452	16.678
-45.712	16.598
-45.792	16.618
-45.932	16.638
-46.012	16.618
-46.172	16.658
-46.392	16.658
-46.412	16.618
-46.532	16.678
-46.612	16.678
-46.612	16.678
POLYLINE BLACK
-49.302	29.548
-49.342	29.548
-49.382	29.408
-49.382	29.188
POLYLINE BLACK
-49.322	29.368
-49.342	29.528
-49.382	29.788
-49.402	29.948
-49.402	30.148
-49.522	30.428
-49.542	30.508
-49.582	30.768
-49.602	30.848
-49.682	31.068
-49.702	31.148
-49.722	31.248
-49.762	31.528
-49.822	31.788
-49.882	31.888
-49.942	32.088
-50.002	32.188
-50.082	32.568
-50.082	32.788
-50.102	32.868
-50.122	32.948
-50.182	33.128
-50.182	33.188
-50.222	33.348
-50.222	33.448
-50.242	33.528
-50.242	33.748
-50.282	33.908
-50.282	33.988
-50.302	34.128
-50.282	34.208
-50.282	34.468
-50.302	34.548
-50.362	34.628
POLYLINE BLACK
-50.782	29.268
-50.802	29.428
-50.802	29.528
-50.782	29.608
-50.742	30.008
-50.802	30.228
-50.902	30.328
-51.142	30.428
-51.182	30.468
-51.222	30.448
-51.242	30.488
-51.282	30.468
-51.322	30.488
-51.402	30.468
-51.442	30.468
-51.802	30.828
-51.762	31.048
-51.742	31.128
-51.682	31.388
-51.662	31.548
-51.662	31.728
-51.682	31.808
-51.722	32.028
-51.722	32.108
-51.602	32.408
-51.602	32.528
-51.582	32.488
-51.602	32.668
-51.602	32.668
-51.522	32.688
-51.362	32.808
-51.262	32.988
-51.242	33.068
-51.062	33.368
-51.002	33.468
-50.882	33.588
-50.782	33.748
-50.682	33.968
-50.642	34.168
-50.642	34.248
-50.602	34.328
-50.422	34.508
-50.362	34.448
-50.282	34.468
POLYLINE GREEN
-50.362	29.008
-50.342	29.088
-50.242	29.248
-50.202	29.268
-50.102	29.168
-50.062	29.028
-50.062	28.988
POLYLINE BLACK
-49.822	29.008
-49.822	28.928
-49.842	28.848
-49.842	28.628
-49.862	28.548
-49.902	28.508
-49.862	28.468
-49.702	28.428
-49.562	28.448
-49.482	28.408
-49.442	28.428
-49.362	28.408
-49.242	28.828
-49.242	28.928
-49.362	28.968
-49.442	28.948
-49.522	28.928
-49.682	28.988
-49.802	29.008
POLYLINE BLACK
-49.382	27.848
-49.302	27.968
-49.222	28.308
-49.222	28.448
-49.242	28.588
-49.242	28.648
-49.262	28.728
-49.262	28.868
-49.302	29.028
-49.342	29.248
POLYLINE BLACK
-50.742	28.888
-50.742	28.848
-50.622	28.848
-50.322	28.928
-50.282	28.968
-50.222	28.968
-50.142	28.988
-50.062	28.988
-49.942	28.788
-49.882	28.568
-49.982	28.468
-50.042	28.468
-50.162	28.388
-50.302	28.348
-50.382	28.288
POLYLINE BLACK
-49.402	27.808
-49.402	27.768
-49.482	27.748
-49.562	27.748
-49.702	27.708
-49.862	27.708
-49.942	27.688
-50.022	27.708
-50.102	27.688
-50.262	27.748
-50.282	27.828
-50.282	27.908
-50.302	27.988
-50.302	28.048
-50.322	28.128
-50.282	28.288
-50.422	28.428
-50.422	28.468
-50.582	28.568
-50.642	28.648
-50.682	28.648
-50.762	28.788
-50.822	29.068
-50.822	29.188
-50.782	29.328
POLYLINE CONNECT
-50.237	29.133
-41.157	18.602
POLYLINE BROWN
-40.682	18.123
-40.652	18.138
-40.637	18.183
-40.562	18.303
-40.397	18.648
-40.397	18.678
-40.352	18.768
-40.352	18.798
-40.322	18.858
-40.322	18.888
-40.262	19.053
-40.262	19.083
-40.217	19.188
-40.217	19.233
-40.187	19.293
-40.187	19.323
-40.127	19.518
-40.127	19.548
-40.082	19.638
-40.082	19.698
-40.052	19.758
-40.052	19.833
-40.022	19.893
-40.022	19.968
-40.007	20.028
-40.007	20.058
-39.977	20.178
-39.977	20.223
-39.962	20.283
-39.962	20.343
-39.947	20.403
-39.947	20.553
-39.932	20.613
-39.932	20.808
POLYLINE BROWN
-41.237	20.613
-41.222	20.583
-41.222	20.508
-41.162	20.358
-41.162	20.298
-41.147	20.238
-41.147	20.073
-41.177	19.968
-41.267	19.803
-41.312	19.743
-41.327	19.698
-41.402	19.608
-41.432	19.593
-41.657	19.338
-41.687	19.263
-41.747	19.203
POLYLINE BROWN
-41.252	20.643
POLYLINE BROWN
-40.067	20.928
-40.007	20.943
POLYLINE BROWN
-40.082	21.183
-40.022	21.213
POLYLINE BROWN
-40.202	21.348
-40.172	21.363
-40.127	21.363
-40.097	21.393
POLYLINE BROWN
-40.382	21.468
-40.337	21.528
POLYLINE BROWN
-40.682	21.468
-40.652	21.498
-40.652	21.528
-40.622	21.588
POLYLINE BROWN
-40.892	21.423
-40.907	21.498
-40.907	21.558
POLYLINE BROWN
-41.162	21.363
-41.147	21.318
-41.177	21.303
-41.222	21.408
POLYLINE BROWN
-40.007	21.258
-40.082	21.318
-40.157	21.408
-40.217	21.453
-40.247	21.498
-40.412	21.573
-40.442	21.573
-40.472	21.588
-40.577	21.588
-40.652	21.573
-40.682	21.588
-40.802	21.573
-40.862	21.543
-40.892	21.543
-40.922	21.528
-40.997	21.528
-41.297	21.333
-41.357	21.288
-41.387	21.228
-41.387	21.198
POLYLINE BROWN
-41.132	23.148
POLYLINE BROWN
-39.887	20.928
-39.827	20.748
-39.842	20.718
-39.962	20.973
-39.992	21.138
-40.007	21.198
-40.007	21.258
-40.022	21.318
-40.022	21.378
-40.112	21.723
-40.187	21.888
-40.187	21.918
-40.217	21.948
-40.217	21.978
-40.307	22.158
-40.307	22.203
-40.322	22.233
-40.322	22.293
-40.352	22.398
-40.352	22.488
-40.457	22.833
-40.487	22.893
-40.532	23.073
-40.562	23.313
-40.562	23.913
-40.577	23.943
-40.562	24.033
-40.562	24.123
-40.547	24.198
-40.562	24.228
-40.562	24.423
-40.577	24.528
-40.577	24.663
-40.592	24.723
-40.622	24.963
-40.682	25.203
POLYLINE BROWN
-41.192	20.523
-41.252	20.568
-41.327	20.718
-41.327	20.763
-41.417	20.988
-41.492	21.078
-41.597	21.243
-41.597	21.273
-41.642	21.363
-41.642	21.408
-41.732	21.633
-41.837	21.918
-41.867	22.038
-41.867	22.098
-41.897	22.263
-41.927	22.398
-41.972	22.488
-41.972	22.518
-42.092	22.818
-42.152	22.998
-42.227	23.148
-42.587	23.973
-42.587	24.003
-42.617	24.063
-42.617	24.123
-42.647	24.183
-42.647	24.273
-42.662	24.303
-42.662	24.378
-42.677	24.438
-42.677	24.663
-42.692	24.723
-42.692	24.783
POLYLINE BROWN
-40.073	26.735
-40.118	26.615
-40.313	26.360
-40.463	26.000
-40.523	25.850
-40.613	25.730
-40.613	25.700
-40.643	25.670
-40.643	25.625
-40.658	25.565
-40.658	25.460
-40.673	25.430
-40.658	25.400
-40.673	25.340
-40.673	25.145
-40.688	25.085
POLYLINE BROWN
-40.598	28.115
-40.583	28.055
-40.643	28.055
-40.673	28.025
-40.928	27.920
-41.228	27.650
-41.243	27.620
-41.273	27.620
-41.498	27.455
-41.633	27.305
-41.723	27.170
-41.723	27.125
-41.858	26.900
-41.903	26.885
-42.083	26.645
-42.158	26.480
-42.173	26.300
-42.203	26.180
-42.233	26.075
-42.293	25.940
-42.323	25.910
-42.383	25.760
-42.383	25.730
-42.443	25.565
-42.608	25.340
-42.653	25.280
-42.713	25.145
-42.713	25.115
-42.743	24.980
-42.743	24.845
-42.728	24.785
-42.728	24.725
-42.743	24.695
POLYLINE BROWN
-40.658	28.070
-40.658	28.010
-40.628	27.980
-40.568	28.010
-40.493	28.010
-40.403	28.070
-40.178	28.190
-40.148	28.190
-40.088	28.250
-40.058	28.250
-39.923	28.310
-39.893	28.310
-39.728	28.370
-39.578	28.415
-39.548	28.400
-39.518	28.430
-39.488	28.430
-39.428	28.445
-39.398	28.445
-39.368	28.460
-39.293	28.460
-39.263	28.475
-39.203	28.460
-39.173	28.475
-39.113	28.460
-39.083	28.460
-38.963	28.520
-38.933	28.520
-38.813	28.610
-38.723	28.610
-38.558	28.685
-38.438	28.775
-38.408	28.775
-38.318	28.850
-38.243	28.850
-38.153	28.895
-38.123	28.880
-38.048	28.940
-37.973	28.940
-37.883	28.985
-37.853	28.985
-37.823	29.015
-37.733	29.015
-37.568	29.075
-37.418	29.105
-37.358	29.135
-37.328	29.135
-37.268	29.195
-37.238	29.195
-37.058	29.330
-36.893	29.435
-36.803	29.480
-36.743	29.480
-36.683	29.510
-36.653	29.510
-36.593	29.540
-36.563	29.540
-36.503	29.555
-36.443	29.555
-36.413	29.570
-36.353	29.555
POLYLINE BROWN
-37.433	27.395
-37.463	27.395
-37.493	27.365
-37.523	27.380
-37.553	27.365
-37.613	27.395
-37.643	27.395
-37.703	27.425
-37.868	27.395
-37.898	27.380
-38.198	27.395
-38.258	27.380
-38.288	27.395
-38.348	27.395
-38.378	27.380
-38.438	27.380
-38.468	27.365
-38.528	27.395
-38.663	27.395
-38.723	27.380
-38.753	27.395
-38.858	27.395
-38.888	27.410
-38.918	27.395
-38.948	27.410
-39.068	27.335
-39.083	27.305
-39.143	27.305
-39.338	27.200
-39.458	27.110
-39.518	27.080
-39.548	27.080
-39.638	27.005
-39.788	26.900
-39.803	26.870
-39.833	26.870
-39.908	26.825
-39.938	26.825
-39.998	26.780
-40.013	26.750
-40.043	26.750
-40.073	26.705
-40.133	26.690
POLYLINE BROWN
-35.373	28.125
-35.383	28.105
-35.463	28.135
-35.523	28.235
-35.523	28.385
-35.513	28.425
-35.523	28.475
-35.513	28.495
-35.523	28.535
-35.523	28.755
-35.533	28.795
-35.543	28.835
-35.583	28.895
-35.633	28.955
-35.793	29.195
-35.883	29.295
-35.903	29.295
-35.963	29.345
-36.093	29.425
-36.223	29.545
-36.323	29.605
-36.363	29.605
-36.383	29.615
-36.403	29.605
POLYLINE GREEN
-38.199	23.364
-38.199	23.274
-38.109	23.184
-37.989	23.154
-37.779	23.244
-37.719	23.304
-37.689	23.424
POLYLINE GREEN
-38.349	23.844
-38.349	23.754
-38.289	23.694
-38.199	23.784
-38.139	23.994
POLYLINE GREEN
-40.029	23.124
-40.009	23.064
-39.909	22.994
-39.859	23.004
-39.779	23.054
POLYLINE GREEN
-40.679	23.134
-40.679	23.134
-40.669	23.064
-40.649	23.014
-40.609	23.004
-40.499	23.094
POLYLINE GREEN
-41.109	22.554
-41.039	22.424
-41.019	22.364
-40.979	22.324
-40.959	22.324
-40.859	22.374
-40.819	22.414
POLYLINE GREEN
-39.639	22.674
-39.629	22.634
-39.609	22.534
-39.569	22.494
-39.509	22.544
POLYLINE GREEN
-40.329	22.464
-40.339	22.364
-40.329	22.254
-40.319	22.234
-40.299	22.234
-40.189	22.294
-40.129	22.354
POLYLINE GREEN
-40.609	21.674
-40.519	21.544
-40.509	21.484
POLYLINE GREEN
-40.649	21.904
-40.659	21.884
-40.599	21.644
-40.639	21.604
-40.749	21.404
POLYLINE GREEN
-39.919	21.854
-39.919	21.804
-39.859	21.684
-39.819	21.674
-39.759	21.694
POLYLINE GREEN
-40.329	21.314
-40.349	21.204
-40.339	21.144
-40.339	21.124
-40.299	21.094
-40.229	21.124
POLYLINE GREEN
-41.159	21.544
-41.159	21.384
-41.139	21.344
-41.119	21.334
-41.069	21.344
-40.879	21.434
POLYLINE BLACK
-40.309	19.984
-40.329	19.974
-40.369	19.994
-40.389	19.984
POLYLINE BLACK
-40.389	20.174
-40.499	20.094
POLYLINE BLACK
-40.369	20.424
-40.389	20.394
-40.409	20.394
-40.439	20.364
POLYLINE BLACK
-40.379	20.644
-40.489	20.554
POLYLINE BLACK
-40.589	20.834
-40.659	20.644
POLYLINE BLACK
-40.759	20.914
-40.759	20.844
-40.779	20.764
POLYLINE BLACK
-40.929	20.914
-40.929	20.834
-40.939	20.784
POLYLINE BLACK
-41.109	20.974
-41.099	20.934
-41.119	20.844
POLYLINE BLACK
-41.269	21.054
-41.259	20.974
-41.259	20.924
-41.269	20.884
POLYLINE BLACK
-41.439	21.184
-41.399	21.124
-41.309	21.034
-41.229	21.004
-41.209	21.014
-41.069	20.974
-40.979	20.954
-40.939	20.954
-40.899	20.934
-40.879	20.944
-40.839	20.934
-40.819	20.944
-40.759	20.924
-40.639	20.894
-40.479	20.734
-40.419	20.634
-40.419	20.604
-40.389	20.524
-40.389	20.484
-40.379	20.444
-40.379	20.344
-40.389	20.324
-40.379	20.284
-40.379	20.214
-40.369	20.174
-40.359	20.134
-40.319	20.054
-40.319	20.034
POLYLINE BLACK
-41.539	23.284
-41.549	23.264
-41.469	23.024
-41.469	22.974
-41.459	22.934
-41.459	22.834
-41.449	22.764
-41.459	22.724
-41.459	22.654
-41.469	22.614
-41.469	22.484
-41.479	22.444
-41.459	22.334
-41.459	22.164
-41.449	22.144
-41.449	22.094
-41.439	22.054
-41.439	21.984
-41.449	21.914
-41.459	21.824
-41.469	21.714
-41.469	21.394
-41.459	21.344
-41.469	21.304
-41.469	21.244
-41.459	21.204
-41.459	21.174
-41.439	21.094
-41.439	21.054
-41.419	20.964
-41.399	20.844
-41.379	20.804
-41.379	20.774
-41.359	20.754
-41.339	20.674
-41.269	20.494
-41.269	20.474
-41.149	20.274
-41.109	20.184
-41.079	20.144
-41.009	19.994
-40.999	19.954
-40.929	19.854
-40.899	19.804
-40.809	19.664
-40.709	19.574
-40.689	19.574
-40.649	19.534
-40.609	19.534
-40.589	19.514
-40.549	19.514
-40.509	19.524
-40.489	19.524
-40.399	19.614
-40.389	19.654
-40.369	19.754
-40.369	19.794
-40.339	19.854
-40.329	19.904
-40.309	19.964
-40.299	20.004
-40.229	20.174
-40.229	20.194
-40.209	20.214
-40.199	20.254
-40.149	20.364
-40.139	20.404
-40.109	20.444
-40.099	20.494
-40.049	20.574
-40.049	20.594
-39.959	20.714
-39.949	20.754
-39.879	20.824
-39.809	20.924
-39.759	21.014
-39.729	21.054
-39.729	21.084
-39.689	21.184
-39.599	21.314
-39.599	21.334
-39.579	21.354
-39.539	21.364
-39.469	21.454
-39.229	21.694
-39.199	21.744
-39.169	21.774
-39.039	21.934
-38.949	22.024
POLYLINE GREEN
-38.519	22.944
-38.579	22.884
-38.669	22.874
-38.829	22.964
POLYLINE GREEN
-38.739	23.394
-38.759	23.394
-38.779	23.364
-38.909	23.314
-39.039	23.324
-39.129	23.404
POLYLINE GREEN
-39.729	23.564
-39.819	23.484
-39.889	23.484
-40.049	23.564
POLYLINE GREEN
-40.319	23.934
-40.329	23.854
-40.349	23.834
-40.479	23.804
-40.559	23.834
-40.649	23.924
POLYLINE GREEN
-39.499	24.844
-39.469	24.794
-39.419	24.774
-39.369	24.774
POLYLINE GREEN
-39.529	25.364
-39.589	25.284
-39.599	25.244
-39.579	25.184
-39.529	25.144
-39.419	25.124
POLYLINE GREEN
-39.099	25.834
-39.179	25.724
-39.199	25.654
-39.179	25.584
-39.119	25.494
-39.059	25.444
POLYLINE GREEN
-39.319	26.464
-39.369	26.454
-39.409	26.414
-39.439	26.324
-39.429	26.274
-39.379	26.224
POLYLINE GREEN
-38.959	26.434
-38.979	26.444
-39.009	26.434
-39.039	26.364
-38.989	26.274
-38.949	26.244
POLYLINE GREEN
-38.869	27.044
-38.899	27.074
-38.929	27.074
-38.989	27.034
-39.019	26.984
-39.029	26.944
-39.019	26.894
-38.989	26.854
-38.939	26.824
POLYLINE BLACK
-40.199	26.194
-40.219	26.204
-40.219	26.254
-40.179	26.284
-40.139	26.274
-40.119	26.214
-40.169	26.164
POLYLINE BLACK
-40.249	26.744
-40.289	26.754
-40.339	26.824
-40.329	26.874
-40.259	26.914
-40.209	26.914
-40.149	26.874
-40.129	26.854
-40.159	26.804
-40.249	26.734
POLYLINE BLACK
-40.559	26.314
-40.579	26.304
-40.619	26.314
-40.659	26.344
-40.669	26.374
-40.639	26.404
-40.589	26.424
-40.519	26.424
-40.509	26.384
-40.519	26.354
-40.549	26.324
-40.599	26.314
POLYLINE BLACK
-41.099	26.614
-41.139	26.644
-41.139	26.664
-41.089	26.704
-41.049	26.714
-41.009	26.704
-40.979	26.664
-40.989	26.624
-41.079	26.644
-41.099	26.654
-41.119	26.644
POLYLINE BLACK
-41.819	26.394
-41.859	26.404
-41.889	26.444
-41.849	26.474
-41.809	26.474
-41.769	26.454
-41.759	26.414
-41.769	26.384
-41.809	26.374
POLYLINE BLACK
-41.259	25.444
-41.309	25.514
POLYLINE BLACK
-40.989	25.874
-41.029	25.864
-41.069	25.874
-41.069	25.914
-41.029	25.954
-40.959	25.934
-40.919	25.894
-40.919	25.874
-40.979	25.884
POLYLINE BLACK
-41.559	25.844
-41.639	25.914
-41.599	25.984
-41.559	25.994
-41.529	25.944
-41.529	25.924
-41.569	25.904
POLYLINE BLACK
-41.809	25.474
-41.849	25.484
-41.869	25.524
-41.829	25.584
-41.809	25.584
-41.739	25.534
-41.739	25.514
-41.829	25.504
POLYLINE GREEN
-40.299	24.794
-40.239	24.694
-40.199	24.634
POLYLINE GREEN
-40.319	25.124
-40.269	24.914
-40.269	24.864
-40.259	24.784
-40.259	24.704
-40.299	24.714
-40.399	24.634
-40.449	24.544
POLYLINE GREEN
-40.539	24.694
-40.539	24.674
-40.589	24.524
-40.669	24.474
-40.699	24.474
-40.719	24.464
-40.789	24.464
-40.869	24.544
POLYLINE GREEN
-40.999	25.034
-41.019	24.944
-41.029	24.904
-41.059	24.854
-41.179	24.804
-41.259	24.824
-41.299	24.854
-41.329	24.854
POLYLINE GREEN
-40.619	25.314
-40.659	25.304
-40.699	25.284
-40.749	25.284
-40.829	25.234
-40.849	25.234
-40.999	25.184
-41.019	25.194
-41.109	25.184
-41.149	25.184
-41.219	25.154
-41.269	25.154
-41.309	25.144
-41.349	25.104
-41.379	25.054
-41.509	24.974
-41.589	24.954
-41.609	24.944
-41.679	24.954
-41.839	24.904
-41.979	24.884
-42.019	24.894
-42.059	24.924
-42.089	24.924
POLYLINE GREEN
-39.149	27.414
-39.209	27.314
-39.269	27.194
-39.369	27.054
-39.399	26.964
-39.449	26.864
-39.469	26.844
-39.469	26.824
-39.489	26.804
-39.499	26.764
-39.539	26.704
-39.549	26.664
-39.589	26.584
-39.599	26.544
-39.639	26.414
-39.639	26.374
-39.649	26.304
-39.629	26.204
-39.629	26.184
-39.649	26.184
-39.659	26.204
-39.679	26.194
-39.679	26.194
-39.679	26.194
-39.769	25.984
-39.799	25.944
-39.809	25.844
-39.829	25.784
-39.919	25.744
-40.009	25.694
-40.129	25.574
-40.189	25.494
-40.289	25.434
-40.329	25.424
-40.389	25.384
-40.409	25.364
-40.409	25.344
-40.449	25.304
-40.459	25.284
-40.499	25.274
-40.519	25.264
-40.559	25.274
-40.569	25.254
-40.569	25.254
-40.569	25.274
-40.579	25.254
-40.599	25.254
-40.639	25.194
-40.659	25.174
POLYLINE BLACK
-39.079	27.594
-39.119	27.594
-39.179	27.554
-39.199	27.554
POLYLINE BLACK
-39.969	27.354
-39.939	27.314
-39.839	27.374
POLYLINE BLACK
-39.119	27.444
-39.159	27.434
-39.199	27.464
-39.269	27.464
POLYLINE BLACK
-39.379	27.294
-39.429	27.354
POLYLINE BLACK
-39.589	27.214
-39.589	27.264
-39.599	27.304
POLYLINE BLACK
-39.849	27.184
-39.819	27.214
-39.799	27.274
POLYLINE BLACK
-39.209	27.674
-39.209	27.594
POLYLINE BLACK
-39.419	27.634
-39.379	27.574
-39.389	27.554
POLYLINE BLACK
-39.629	27.564
-39.579	27.474
-39.579	27.454
POLYLINE BLACK
-39.849	27.444
-39.829	27.464
-39.749	27.374
POLYLINE BLACK
-39.109	27.634
-39.079	27.554
-39.109	27.464
-39.169	27.384
-39.289	27.284
-39.329	27.274
-39.449	27.204
-39.479	27.204
-39.519	27.194
-39.559	27.194
-39.659	27.154
-39.679	27.164
-39.699	27.144
-39.739	27.164
-39.759	27.154
-39.799	27.164
-39.879	27.164
-39.919	27.174
-39.959	27.234
-39.969	27.314
-39.969	27.344
-39.869	27.434
-39.849	27.434
-39.779	27.474
-39.759	27.474
-39.699	27.514
-39.659	27.524
-39.549	27.574
-39.379	27.634
-39.359	27.634
-39.339	27.654
-39.299	27.654
-39.279	27.664
-39.119	27.604
POLYLINE BLACK
-37.474	22.779
-37.504	22.659
-37.564	22.614
-37.639	22.524
-37.729	22.479
-37.759	22.479
-37.894	22.419
-37.924	22.419
-38.074	22.359
-38.209	22.299
-38.299	22.299
-38.389	22.239
-38.419	22.239
-38.599	22.134
-38.629	22.134
-38.689	22.104
-38.719	22.104
-38.779	22.074
-38.809	22.074
-38.869	22.044
-38.899	22.059
-38.914	22.029
POLYLINE BLACK
-37.834	24.309
-37.759	24.039
-37.729	23.979
-37.699	23.814
-37.699	23.769
-37.669	23.634
-37.669	23.604
-37.639	23.514
-37.624	23.409
-37.594	23.319
-37.594	23.274
-37.564	23.214
-37.564	23.184
-37.549	23.154
-37.549	23.079
-37.534	23.019
-37.534	22.929
-37.519	22.869
-37.519	22.839
-37.489	22.719
POLYLINE BROWN
31.171	23.489
31.186	23.449
31.186	23.439
31.196	23.414
31.196	23.374
POLYLINE BROWN
31.136	23.124
31.136	23.114
31.171	23.114
31.181	23.109
31.191	23.114
31.211	23.109
31.221	23.109
31.231	23.104
POLYLINE BROWN
31.836	23.099
31.841	23.064
31.851	23.044
31.851	23.034
31.856	23.014
31.856	23.004
POLYLINE BROWN
31.966	23.169
31.936	23.154
31.906	23.154
31.886	23.144
31.876	23.144
POLYLINE BROWN
32.046	23.259
32.036	23.254
32.051	23.254
32.076	23.264
32.201	23.284
32.261	23.299
32.291	23.299
32.301	23.294
POLYLINE BROWN
32.131	23.264
32.161	23.164
32.171	23.139
32.171	23.124
32.181	23.099
32.186	23.074
32.191	23.064
32.191	23.049
32.201	23.039
POLYLINE BROWN
31.946	23.299
31.946	23.214
31.956	23.149
31.956	23.124
31.961	23.114
31.961	23.089
31.976	23.029
31.976	23.014
POLYLINE BROWN
31.841	23.149
31.881	23.149
31.906	23.159
POLYLINE BROWN
31.816	23.284
31.816	23.239
31.821	23.224
31.821	23.189
31.831	23.129
31.831	23.114
31.841	23.074
POLYLINE BROWN
31.636	23.139
31.661	23.134
31.711	23.139
31.746	23.139
POLYLINE BROWN
31.681	23.274
31.631	23.274
31.581	23.229
31.576	23.214
31.556	23.184
31.556	23.169
31.546	23.139
31.551	23.099
31.551	23.089
31.561	23.074
31.581	23.059
31.601	23.059
31.641	23.089
31.656	23.094
31.666	23.104
31.696	23.039
31.696	23.029
POLYLINE BROWN
31.331	23.254
31.336	23.244
31.331	23.229
31.336	23.219
31.336	23.174
31.341	23.164
31.341	23.144
31.346	23.134
31.346	23.119
31.351	23.089
31.351	23.074
31.356	23.054
31.366	23.044
31.376	23.044
31.416	23.074
31.426	23.114
31.426	23.189
31.421	23.224
31.421	23.254
POLYLINE BROWN
31.166	23.104
31.176	23.104
31.186	23.109
31.201	23.104
POLYLINE BROWN
31.126	23.009
31.136	23.029
31.156	23.124
31.156	23.139
31.166	23.164
31.166	23.179
31.171	23.204
31.176	23.229
31.186	23.219
31.196	23.189
31.206	23.179
31.231	23.124
31.241	23.114
31.241	23.099
31.276	23.039
31.281	23.024
POLYLINE BROWN
31.151	22.994
POLYLINE BROWN
30.931	23.174
30.956	23.204
30.976	23.214
30.986	23.214
31.006	23.219
31.031	23.209
31.046	23.189
31.046	23.179
31.036	23.154
30.991	23.124
30.981	23.119
30.996	23.099
31.031	23.069
31.041	23.044
31.056	23.024
31.071	22.984
POLYLINE BROWN
30.926	23.199
30.931	23.189
30.931	23.174
30.941	23.144
30.946	23.074
30.946	23.044
30.951	23.019
30.951	22.994
POLYLINE BROWN
30.726	23.194
30.751	23.204
30.801	23.204
30.811	23.209
30.841	23.194
30.871	23.149
30.871	23.134
30.876	23.114
30.876	23.059
30.861	23.019
30.851	23.009
30.841	23.009
30.831	22.999
30.821	22.999
30.806	22.989
POLYLINE BROWN
30.736	23.184
30.741	23.164
30.751	23.124
30.751	23.109
30.756	23.094
30.756	23.069
30.761	23.054
30.761	23.034
30.766	22.999
30.766	22.964
POLYLINE BROWN
31.521	23.654
31.531	23.629
31.526	23.619
31.536	23.629
31.546	23.624
31.561	23.629
31.606	23.629
31.656	23.639
31.716	23.639
POLYLINE BROWN
31.591	23.609
31.591	23.569
31.596	23.554
31.596	23.539
31.606	23.514
31.611	23.464
31.616	23.449
31.616	23.414
POLYLINE BROWN
31.431	23.619
31.431	23.629
31.421	23.609
31.421	23.499
31.431	23.429
31.431	23.414
31.436	23.384
POLYLINE BROWN
31.316	23.509
31.331	23.499
31.366	23.509
31.381	23.509
31.411	23.519
31.426	23.519
POLYLINE BROWN
31.311	23.619
31.311	23.609
31.306	23.599
31.306	23.559
31.311	23.544
31.311	23.529
31.316	23.514
31.316	23.499
31.326	23.469
31.326	23.429
31.331	23.419
31.331	23.394
POLYLINE BROWN
31.151	23.474
31.176	23.484
31.201	23.484
31.221	23.489
31.231	23.484
31.256	23.484
POLYLINE BROWN
31.191	23.569
31.176	23.589
31.146	23.589
31.116	23.564
31.091	23.514
31.081	23.444
31.086	23.409
31.101	23.384
31.126	23.379
31.156	23.394
31.186	23.429
31.191	23.439
31.191	23.429
31.196	23.409
31.196	23.394
31.201	23.374
31.201	23.364
POLYLINE BROWN
30.941	23.594
30.941	23.584
30.936	23.564
30.941	23.554
30.941	23.484
30.951	23.409
30.956	23.369
30.961	23.359
POLYLINE BROWN
30.751	23.579
30.756	23.559
30.756	23.524
30.766	23.469
30.771	23.424
30.776	23.414
30.776	23.399
30.771	23.379
30.781	23.374
30.806	23.374
30.886	23.389
30.906	23.389
POLYLINE BROWN
30.661	23.579
30.636	23.574
30.571	23.544
30.556	23.524
30.561	23.514
30.646	23.479
30.696	23.444
30.716	23.414
30.716	23.399
30.711	23.379
30.696	23.364
30.671	23.349
30.651	23.349
30.636	23.354
30.611	23.354
30.561	23.364
30.531	23.389
POLYLINE BLACK
29.801	22.849
29.906	22.849
POLYLINE BLACK
29.531	22.889
29.551	22.914
29.566	22.924
29.616	22.999
29.621	23.009
29.631	23.009
29.656	22.999
29.681	22.999
29.726	22.989
29.751	22.989
29.786	22.979
29.806	22.964
29.816	22.964
29.836	22.959
29.841	22.949
29.836	22.934
29.826	22.924
29.821	22.899
29.811	22.869
29.811	22.854
29.806	22.829
29.806	22.794
29.801	22.779
29.801	22.704
29.806	22.684
29.801	22.664
29.801	22.644
29.796	22.634
29.796	22.634
POLYLINE BLACK
29.281	22.839
29.271	22.839
29.261	22.844
29.286	22.849
29.296	22.859
29.306	22.859
29.316	22.869
29.331	22.874
29.411	22.934
29.431	22.939
29.436	22.929
29.436	22.929
29.471	22.914
29.511	22.879
29.566	22.874
29.586	22.869
29.596	22.869
29.586	22.864
29.566	22.824
29.556	22.784
29.556	22.759
29.551	22.729
29.551	22.714
29.546	22.694
29.546	22.684
29.531	22.644
29.531	22.634
POLYLINE BLACK
29.011	22.834
29.016	22.859
29.026	22.869
29.061	22.944
29.061	22.954
29.066	22.964
29.076	22.959
29.136	22.959
29.156	22.954
29.191	22.954
29.201	22.959
29.226	22.954
29.316	22.954
29.306	22.944
29.301	22.929
29.291	22.919
29.291	22.909
29.281	22.874
29.281	22.754
29.286	22.694
29.286	22.659
29.256	22.604
29.256	22.594
29.246	22.584
POLYLINE BLACK
28.716	22.704
28.726	22.714
28.736	22.739
28.776	22.784
28.801	22.819
28.821	22.849
28.826	22.859
28.851	22.854
28.926	22.824
28.946	22.824
28.956	22.819
28.966	22.824
28.991	22.819
29.071	22.819
29.101	22.814
29.086	22.779
29.076	22.769
29.031	22.654
29.011	22.614
POLYLINE BLACK
29.821	23.034
29.831	23.009
29.861	22.969
29.871	22.949
29.876	22.924
29.901	22.874
29.901	22.864
29.911	22.844
29.911	22.834
29.916	22.814
29.916	22.759
29.926	22.719
29.926	22.664
29.921	22.654
29.911	22.649
29.896	22.629
29.856	22.609
29.816	22.609
29.806	22.614
29.786	22.609
29.766	22.614
29.746	22.609
29.736	22.614
29.721	22.614
29.701	22.609
29.691	22.609
29.671	22.614
29.641	22.604
29.621	22.614
29.601	22.609
29.526	22.609
29.506	22.604
29.496	22.604
29.476	22.609
29.456	22.604
29.411	22.604
29.391	22.599
29.381	22.599
29.371	22.594
29.351	22.599
29.316	22.599
29.306	22.594
29.276	22.604
29.256	22.599
29.191	22.599
29.171	22.594
29.116	22.594
29.106	22.589
29.086	22.594
29.066	22.594
29.056	22.604
29.031	22.599
29.011	22.599
28.961	22.614
28.936	22.614
28.916	22.609
28.891	22.614
28.881	22.614
28.861	22.619
28.851	22.619
28.831	22.624
28.786	22.629
28.726	22.654
28.716	22.674
28.716	22.694
28.706	22.714
28.706	22.724
28.696	22.739
28.696	22.749
28.666	22.789
28.666	22.809
28.671	22.829
28.671	22.839
28.676	22.859
28.676	22.884
POLYLINE BLACK
29.831	23.014
29.821	23.009
29.751	23.044
29.741	23.054
29.706	23.069
29.696	23.069
29.676	23.074
29.646	23.099
29.606	23.099
29.596	23.109
29.546	23.109
29.526	23.114
29.496	23.114
29.486	23.109
29.476	23.114
29.456	23.109
29.436	23.109
29.426	23.104
29.416	23.109
29.396	23.104
29.386	23.109
29.366	23.104
29.346	23.104
29.336	23.099
29.326	23.104
29.316	23.099
29.306	23.104
29.286	23.099
29.276	23.099
29.256	23.104
29.246	23.104
29.236	23.109
29.216	23.104
29.206	23.109
29.181	23.109
29.171	23.104
29.151	23.109
29.131	23.104
29.121	23.104
29.101	23.099
29.091	23.104
29.081	23.094
29.071	23.094
29.051	23.089
29.041	23.094
29.031	23.084
29.021	23.084
29.011	23.089
29.001	23.079
28.981	23.084
28.971	23.079
28.961	23.084
28.921	23.069
28.896	23.074
28.876	23.064
28.856	23.069
28.836	23.069
28.826	23.059
28.816	23.059
28.806	23.049
28.796	23.054
28.756	23.024
28.751	23.014
28.751	23.024
28.746	23.004
28.726	22.989
28.691	22.929
28.671	22.899
28.671	22.889
28.661	22.869
28.661	22.859
28.656	22.849
28.666	22.854
POLYLINE CONNECT
29.526	22.924
29.394	24.448
POLYLINE ORANGE
31.741	23.919
31.751	23.919
31.771	23.934
31.806	23.939
31.851	23.954
31.861	23.954
POLYLINE ORANGE
31.756	24.044
31.826	24.044
POLYLINE ORANGE
31.731	24.109
31.741	24.114
31.756	24.114
31.781	24.124
31.796	24.124
31.821	24.129
POLYLINE ORANGE
31.746	24.139
31.746	24.104
31.741	24.089
31.746	24.059
31.746	23.904
POLYLINE ORANGE
31.571	24.014
31.581	24.014
31.591	24.009
31.616	24.009
31.641	24.014
31.666	24.014
POLYLINE ORANGE
31.671	24.129
31.661	24.129
31.641	24.134
31.616	24.129
31.606	24.129
31.576	24.119
31.561	24.109
31.531	24.044
31.521	23.974
31.526	23.954
31.546	23.934
31.586	23.949
31.601	23.949
31.626	23.979
31.626	23.969
31.631	23.959
31.631	23.944
31.646	23.894
POLYLINE ORANGE
31.311	23.979
31.331	23.979
31.366	23.989
31.406	23.989
POLYLINE ORANGE
31.301	23.894
31.301	23.944
31.311	23.994
31.326	24.024
31.346	24.089
31.346	24.099
31.371	24.069
31.391	24.039
31.421	23.964
31.446	23.914
31.446	23.904
POLYLINE ORANGE
31.251	24.114
31.241	24.124
31.221	24.124
31.181	24.109
31.171	24.099
31.146	24.089
31.126	24.074
31.106	24.049
31.106	24.039
31.126	24.019
31.201	23.989
31.216	23.969
31.216	23.959
31.166	23.934
31.131	23.924
31.111	23.914
POLYLINE ORANGE
31.031	24.099
31.021	24.104
31.006	24.104
30.996	24.109
30.926	24.079
30.916	24.059
30.916	24.049
30.926	24.034
30.956	24.014
31.026	23.979
31.021	23.954
31.006	23.934
30.966	23.909
30.926	23.909
POLYLINE ORANGE
30.696	23.969
30.696	23.954
30.706	23.969
30.746	23.969
30.761	23.964
30.781	23.969
30.791	23.969
30.801	23.974
POLYLINE ORANGE
30.641	23.869
30.641	23.869
30.686	23.979
30.696	24.009
30.711	24.029
30.721	24.054
30.736	24.049
30.766	24.004
30.781	23.974
30.791	23.939
30.801	23.899
30.801	23.889
30.806	23.869
POLYLINE ORANGE
30.501	24.099
30.516	24.049
30.516	24.034
30.521	24.024
30.521	23.914
30.511	23.869
30.511	23.889
30.506	23.914
30.506	23.954
30.511	24.009
30.511	24.034
30.516	24.069
30.526	24.079
30.541	24.119
30.556	24.119
30.576	24.124
30.601	24.124
30.631	24.099
30.641	24.074
30.641	24.049
30.611	24.004
30.551	23.964
30.541	23.959
POLYLINE ORANGE
31.171	24.479
31.171	24.459
31.181	24.429
31.181	24.374
31.186	24.344
31.181	24.334
31.181	24.309
31.171	24.289
31.181	24.284
31.196	24.284
31.231	24.294
31.281	24.299
31.341	24.299
POLYLINE ORANGE
30.981	24.464
30.971	24.459
30.966	24.449
30.966	24.394
30.971	24.384
30.971	24.354
30.966	24.339
30.966	24.294
30.971	24.284
31.006	24.269
31.031	24.269
31.041	24.274
31.056	24.269
31.066	24.274
31.096	24.274
31.116	24.279
31.126	24.279
POLYLINE ORANGE
30.866	24.454
30.866	24.409
30.861	24.389
30.866	24.344
30.866	24.329
30.861	24.314
30.861	24.284
30.856	24.274
30.856	24.244
POLYLINE ORANGE
30.706	24.364
30.716	24.359
30.741	24.359
30.761	24.364
30.781	24.359
30.806	24.359
30.816	24.354
POLYLINE ORANGE
30.686	24.444
30.711	24.444
30.771	24.459
30.806	24.464
30.826	24.459
POLYLINE ORANGE
30.696	24.439
30.706	24.419
30.706	24.394
30.716	24.359
30.716	24.289
30.711	24.279
30.711	24.264
30.706	24.254
POLYLINE ORANGE
31.726	24.799
31.671	24.799
31.661	24.794
31.646	24.794
31.626	24.784
31.616	24.759
31.616	24.749
31.666	24.699
31.681	24.669
31.681	24.659
31.661	24.639
31.606	24.624
31.516	24.624
POLYLINE ORANGE
31.421	24.709
31.476	24.654
31.506	24.614
POLYLINE ORANGE
31.391	24.684
31.401	24.694
31.451	24.719
31.491	24.739
31.506	24.739
POLYLINE ORANGE
31.376	24.804
31.376	24.789
31.381	24.779
31.386	24.709
31.386	24.659
31.391	24.649
31.391	24.614
POLYLINE ORANGE
31.241	24.779
31.216	24.779
31.191	24.774
31.166	24.769
31.121	24.759
31.111	24.754
31.086	24.719
31.086	24.704
31.081	24.694
31.091	24.659
31.111	24.629
31.136	24.609
31.146	24.604
31.196	24.604
31.246	24.609
31.276	24.619
POLYLINE ORANGE
30.926	24.619
30.906	24.624
30.881	24.624
30.861	24.644
30.861	24.654
30.856	24.664
30.856	24.699
30.871	24.734
30.921	24.779
30.941	24.784
30.971	24.759
30.991	24.724
30.991	24.684
30.986	24.664
30.956	24.629
30.931	24.614
POLYLINE ORANGE
30.641	24.809
30.661	24.814
30.676	24.824
30.691	24.824
30.711	24.829
30.721	24.829
30.761	24.794
30.761	24.779
30.766	24.759
30.751	24.729
30.716	24.704
30.706	24.704
30.696	24.699
30.686	24.709
30.691	24.694
30.706	24.689
30.716	24.679
30.761	24.664
30.796	24.634
30.816	24.604
POLYLINE ORANGE
30.636	24.819
30.646	24.789
30.646	24.774
30.661	24.724
30.666	24.674
30.671	24.659
30.671	24.574
POLYLINE ORANGE
31.886	25.199
31.961	25.199
31.981	25.194
32.016	25.169
32.026	25.144
32.026	25.134
32.006	25.104
31.976	25.079
31.966	25.079
31.936	25.064
31.926	25.069
31.906	25.064
POLYLINE ORANGE
31.891	25.209
31.906	25.169
31.906	25.149
31.916	25.124
31.916	25.064
POLYLINE ORANGE
31.726	25.044
31.746	25.039
31.761	25.039
31.771	25.044
31.786	25.039
31.796	25.044
31.821	25.039
POLYLINE ORANGE
31.706	25.129
31.741	25.129
POLYLINE ORANGE
31.691	25.184
31.701	25.184
31.711	25.194
31.726	25.194
31.751	25.204
31.786	25.204
POLYLINE ORANGE
31.696	25.209
31.691	25.184
31.696	25.174
31.696	25.159
31.701	25.149
31.701	25.134
31.711	25.109
31.711	25.099
31.716	25.079
31.716	25.039
POLYLINE ORANGE
31.441	25.164
31.601	25.194
POLYLINE ORANGE
31.501	25.174
31.516	25.119
31.516	25.049
31.521	25.039
POLYLINE ORANGE
31.301	25.209
31.301	25.174
31.306	25.139
31.311	25.119
31.311	25.104
31.316	25.079
31.316	25.069
31.311	25.049
POLYLINE ORANGE
31.151	25.204
31.146	25.214
31.131	25.219
31.081	25.204
31.046	25.179
31.006	25.129
31.001	25.119
31.001	25.104
31.016	25.079
31.031	25.064
31.061	25.049
31.166	25.049
31.181	25.054
POLYLINE ORANGE
30.816	25.219
30.816	25.209
30.811	25.199
30.811	25.169
30.816	25.154
30.816	25.129
30.821	25.109
30.821	25.054
30.841	25.044
30.941	25.059
30.976	25.059
POLYLINE ORANGE
30.656	25.089
30.676	25.094
30.721	25.099
30.751	25.099
POLYLINE ORANGE
30.636	25.049
30.641	25.069
30.641	25.094
30.646	25.129
30.666	25.184
30.666	25.194
30.671	25.204
30.686	25.174
30.696	25.149
30.706	25.139
30.716	25.114
30.726	25.104
30.766	24.999
POLYLINE ORANGE
30.561	25.194
30.561	25.204
30.551	25.214
30.531	25.204
30.511	25.204
30.496	25.199
30.456	25.149
30.446	25.114
30.446	25.094
30.456	25.069
30.486	25.039
30.506	25.039
30.516	25.034
30.541	25.034
30.591	25.049
POLYLINE ORANGE
29.256	25.779
29.121	25.614
29.016	25.359
28.926	25.209
28.881	25.089
28.836	25.014
28.806	24.864
28.761	24.759
28.641	24.549
28.566	24.384
28.566	24.354
POLYLINE ORANGE
29.001	25.629
28.851	25.509
28.776	25.449
28.746	25.404
28.701	25.374
28.491	25.134
28.221	24.954
28.116	24.864
27.966	24.654
27.816	24.429
POLYLINE ORANGE
29.421	25.704
29.271	25.584
29.226	25.524
29.166	25.329
29.136	25.164
29.121	24.999
29.091	24.684
29.076	24.609
29.076	24.549
POLYLINE BLACK
29.961	24.399
29.916	24.249
29.916	24.219
29.946	24.204
30.021	24.204
30.081	24.189
30.201	24.219
30.276	24.324
30.276	24.354
30.291	24.414
30.291	24.444
30.156	24.429
29.976	24.414
29.946	24.399
POLYLINE BLACK
29.901	25.179
29.856	25.044
29.856	24.969
29.916	24.954
30.051	24.954
30.156	24.999
30.216	24.999
30.216	25.119
30.171	25.284
30.096	25.284
29.961	25.254
29.931	25.224
POLYLINE BLACK
29.796	24.939
29.766	24.909
29.751	24.774
29.751	24.639
29.781	24.609
29.856	24.624
30.051	24.684
30.126	24.924
30.126	24.969
30.141	25.029
30.081	25.044
29.946	25.044
29.736	24.954
POLYLINE BLACK
29.766	24.639
29.766	24.579
29.751	24.519
29.751	24.444
29.736	24.384
29.736	24.354
29.766	24.354
29.796	24.369
29.916	24.339
30.051	24.339
30.096	24.324
30.156	24.369
30.291	24.594
30.261	24.624
30.066	24.639
29.811	24.594
29.781	24.564
POLYLINE BLACK
29.406	24.189
29.481	24.174
29.541	24.174
29.601	24.189
29.661	24.189
29.691	24.174
29.721	24.189
29.781	24.144
29.841	24.159
29.931	24.159
29.991	24.189
30.081	24.189
30.111	24.174
POLYLINE BLACK
29.301	25.254
29.316	25.224
29.346	25.239
29.406	25.224
29.436	25.224
29.466	25.239
29.661	25.179
29.691	25.179
29.751	25.209
29.781	25.209
29.811	25.224
29.886	25.224
29.916	25.239
29.976	25.224
30.006	25.194
POLYLINE BLACK
29.391	24.174
29.361	24.174
29.301	24.159
29.271	24.159
29.136	24.114
29.076	24.144
29.001	24.099
28.911	24.099
28.881	24.084
28.851	24.099
28.746	24.069
28.611	24.069
28.581	24.054
28.506	24.054
28.476	24.039
28.431	24.039
28.371	24.024
28.341	24.024
28.281	24.039
28.146	24.024
28.071	24.024
28.011	24.039
27.861	24.039
27.756	24.009
27.711	24.009
27.561	23.964
27.531	23.979
27.456	23.964
27.396	23.964
27.366	23.979
27.336	23.964
27.231	23.964
27.201	23.979
27.171	23.964
27.141	23.979
27.081	23.964
27.051	23.934
26.991	23.934
26.916	23.919
26.886	23.919
26.826	23.889
26.796	23.889
26.691	23.844
26.661	23.859
26.601	23.829
26.541	23.829
26.511	23.844
26.466	23.844
26.436	23.829
26.376	23.844
26.211	23.844
26.136	23.829
26.046	23.829
25.971	23.814
25.866	23.814
25.836	23.829
25.806	23.814
25.716	23.859
25.686	23.859
25.596	23.829
25.536	23.844
25.431	23.844
25.401	23.829
25.371	23.844
25.221	23.799
25.161	23.784
POLYLINE BLACK
29.256	25.239
29.226	25.239
29.091	25.194
29.031	25.149
29.001	25.149
28.836	25.089
28.596	25.104
28.566	25.119
28.521	25.119
28.461	25.104
28.431	25.119
28.371	25.104
28.311	25.104
28.236	25.089
28.206	25.104
28.161	25.104
28.101	25.089
28.026	25.104
27.966	25.074
27.861	25.074
27.741	25.044
27.651	25.044
27.621	25.029
27.546	25.029
27.441	24.984
27.366	24.984
27.306	24.969
27.276	24.969
27.246	24.954
27.201	24.954
27.081	24.924
27.006	24.909
26.961	24.894
26.901	24.894
26.841	24.879
26.706	24.864
26.586	24.834
26.511	24.849
26.391	24.849
26.331	24.864
26.301	24.864
26.241	24.879
26.151	24.879
26.076	24.909
26.046	24.894
26.016	24.909
25.956	24.894
25.896	24.894
25.866	24.909
25.791	24.894
25.686	24.909
25.626	24.894
25.431	24.894
25.356	24.879
25.296	24.894
25.266	24.879
25.176	24.924
25.146	24.924
25.116	24.894
25.086	24.909
24.951	24.879
24.921	24.879
24.891	24.864
24.861	24.879
24.831	24.849
24.771	24.849
24.741	24.834
24.711	24.849
POLYLINE ORANGE
30.545	26.119
30.545	26.105
30.573	26.098
30.615	26.112
30.636	26.112
30.678	26.119
30.762	26.119
30.790	26.126
POLYLINE ORANGE
30.636	26.091
30.650	26.056
30.650	26.028
30.657	25.986
30.657	25.825
POLYLINE ORANGE
30.398	26.105
30.398	26.056
30.405	26.028
30.412	25.965
30.419	25.951
30.419	25.825
POLYLINE ORANGE
30.181	26.112
30.181	26.098
30.174	26.070
30.174	26.021
30.181	25.979
30.181	25.860
POLYLINE ORANGE
30.020	25.951
30.048	25.965
30.069	25.965
30.097	25.972
30.125	25.972
30.174	25.979
30.188	25.979
POLYLINE ORANGE
29.978	26.084
29.978	26.056
29.985	26.042
29.985	26.007
29.992	25.979
29.992	25.902
29.999	25.888
29.999	25.832
30.006	25.811
POLYLINE ORANGE
29.880	26.056
29.845	26.070
29.796	26.070
29.782	26.077
29.761	26.070
29.747	26.056
29.747	26.042
29.838	25.958
29.880	25.902
29.859	25.874
29.810	25.846
29.789	25.846
29.761	25.839
29.740	25.839
29.726	25.832
29.705	25.832
29.691	25.825
29.677	25.832
POLYLINE ORANGE
29.187	26.077
29.187	26.063
29.180	26.049
29.187	26.035
29.187	26.014
29.201	25.965
29.201	25.902
29.208	25.874
29.208	25.825
POLYLINE ORANGE
29.068	26.049
29.082	26.063
29.110	26.056
29.145	26.056
29.159	26.049
29.173	26.056
29.208	26.056
29.222	26.063
29.271	26.063
29.285	26.056
POLYLINE ORANGE
28.858	25.916
28.851	25.930
28.893	25.958
28.907	25.958
28.921	25.951
28.970	25.965
28.998	25.958
POLYLINE ORANGE
28.795	25.825
28.802	25.860
28.837	25.965
28.879	26.063
28.949	25.916
28.956	25.881
28.984	25.825
28.984	25.811
POLYLINE ORANGE
28.543	26.035
28.599	26.049
28.613	26.063
28.627	26.063
28.641	26.070
28.683	26.056
28.690	26.028
28.676	25.993
28.634	25.972
28.592	25.937
28.592	25.937
28.641	25.951
28.669	25.944
28.711	25.909
28.711	25.881
28.704	25.867
28.662	25.846
28.634	25.825
28.620	25.825
28.606	25.818
28.578	25.825
POLYLINE ORANGE
28.515	26.028
28.529	25.993
28.529	25.979
28.536	25.951
28.536	25.811
POLYLINE ORANGE
30.223	26.378
30.237	26.364
30.265	26.371
30.279	26.371
30.293	26.378
POLYLINE ORANGE
30.181	26.427
30.223	26.455
30.258	26.469
30.307	26.476
POLYLINE ORANGE
30.167	26.420
30.167	26.392
30.181	26.357
30.188	26.308
30.195	26.280
30.195	26.245
POLYLINE ORANGE
30.006	26.231
29.957	26.231
29.908	26.252
29.887	26.280
29.880	26.301
29.880	26.343
29.901	26.392
29.922	26.413
29.964	26.434
29.999	26.434
30.041	26.399
30.055	26.371
30.055	26.308
30.034	26.266
30.006	26.245
29.992	26.245
29.964	26.231
POLYLINE ORANGE
29.383	26.434
29.355	26.427
29.313	26.427
29.236	26.385
29.264	26.364
29.341	26.329
29.355	26.315
29.355	26.301
29.362	26.287
29.334	26.245
29.306	26.217
29.285	26.217
29.257	26.210
29.243	26.210
29.215	26.224
29.201	26.217
POLYLINE ORANGE
28.956	26.413
28.970	26.406
29.047	26.420
29.096	26.427
29.110	26.434
29.131	26.434
29.145	26.441
29.159	26.434
POLYLINE ORANGE
29.054	26.406
29.040	26.392
29.033	26.266
29.026	26.210
POLYLINE ORANGE
28.781	26.224
28.781	26.210
28.753	26.224
28.739	26.224
28.711	26.245
28.697	26.280
28.697	26.294
28.725	26.350
28.774	26.399
28.788	26.399
28.802	26.406
28.858	26.357
28.865	26.294
28.865	26.280
28.809	26.231
28.795	26.224
POLYLINE ORANGE
28.466	26.441
28.466	26.413
28.459	26.378
28.459	26.364
28.452	26.336
28.452	26.322
28.445	26.294
28.452	26.231
28.445	26.217
28.452	26.189
28.466	26.189
28.494	26.196
28.508	26.189
28.536	26.203
28.571	26.203
28.585	26.196
28.599	26.203
28.627	26.196
POLYLINE BLACK
24.691	24.850
24.607	24.850
24.551	24.836
24.523	24.850
24.509	24.850
24.453	24.871
24.439	24.871
24.425	24.885
24.411	24.885
24.369	24.913
24.355	24.913
24.341	24.927
24.306	24.934
24.278	24.941
24.236	24.969
24.222	24.969
24.173	24.997
24.159	24.997
24.103	25.032
24.089	25.032
24.047	25.067
24.033	25.067
23.956	25.130
23.928	25.151
23.914	25.151
23.858	25.200
23.844	25.200
23.830	25.221
23.788	25.249
23.711	25.326
23.641	25.389
23.571	25.452
23.550	25.480
23.522	25.501
23.494	25.536
23.480	25.543
23.445	25.592
23.403	25.620
23.347	25.662
23.319	25.662
23.277	25.697
23.158	25.753
23.130	25.753
23.116	25.767
23.081	25.767
23.039	25.795
23.011	25.795
22.955	25.816
22.927	25.795
22.899	25.795
22.885	25.788
POLYLINE GREEN
23.399	22.259
23.429	22.274
23.474	22.349
23.594	22.454
POLYLINE GREEN
23.384	22.274
23.354	22.274
23.324	22.349
23.294	22.379
23.294	22.409
23.279	22.439
POLYLINE GREEN
23.084	22.769
23.099	22.814
23.264	22.919
POLYLINE GREEN
23.039	22.769
22.919	22.844
22.889	22.844
22.859	22.859
POLYLINE GREEN
22.244	22.274
22.439	22.409
22.454	22.439
22.289	22.319
22.274	22.289
22.214	22.259
22.184	22.259
22.049	22.409
22.004	22.469
POLYLINE GREEN
22.244	22.289
22.184	22.289
22.154	22.304
POLYLINE GREEN
22.199	21.899
22.244	21.779
22.274	21.614
POLYLINE GREEN
22.229	22.289
22.214	22.214
22.214	21.959
22.229	21.899
22.049	21.629
22.034	21.599
POLYLINE GREEN
23.699	21.704
23.639	21.674
23.609	21.614
23.609	21.509
23.639	21.434
23.669	21.419
23.744	21.419
POLYLINE GREEN
23.729	22.859
23.729	22.829
23.654	22.709
23.639	22.604
23.654	22.499
23.684	22.424
23.759	22.379
POLYLINE GREEN
24.164	22.859
24.014	22.619
24.014	22.574
24.059	22.514
24.134	22.514
24.194	22.529
POLYLINE GREEN
23.879	23.384
23.849	23.354
23.819	23.354
23.789	23.339
23.774	23.294
23.774	23.159
23.834	23.114
POLYLINE GREEN
24.689	22.889
24.599	22.829
24.599	22.799
24.629	22.769
POLYLINE GREEN
24.509	23.579
24.449	23.579
24.314	23.504
24.299	23.474
24.344	23.399
24.419	23.354
POLYLINE GREEN
24.164	23.954
24.134	23.954
23.999	23.834
23.939	23.744
23.939	23.669
23.969	23.609
POLYLINE GREEN
24.524	23.954
24.494	23.954
24.329	23.909
24.209	23.834
24.164	23.774
24.149	23.714
24.164	23.639
24.194	23.609
POLYLINE GREEN
24.734	23.399
24.749	23.369
24.719	23.369
24.614	23.279
24.584	23.234
24.554	23.114
24.584	23.039
24.644	23.024
POLYLINE GREEN
24.914	23.744
24.884	23.744
24.779	23.774
24.734	23.774
24.614	23.714
24.599	23.639
24.599	23.609
24.629	23.579
POLYLINE GREEN
23.429	23.609
23.429	23.639
23.489	23.774
23.579	23.909
23.579	23.939
23.654	24.029
23.744	24.089
23.909	24.104
23.939	24.104
23.999	24.149
24.029	24.134
24.089	24.164
24.149	24.149
24.179	24.149
24.239	24.104
24.269	24.119
24.359	24.059
24.389	24.059
24.449	24.014
24.479	24.014
24.539	23.984
24.584	23.984
24.674	23.939
24.734	23.939
24.839	23.879
24.869	23.879
25.019	23.819
25.079	23.789
25.109	23.789
25.169	23.774
25.169	23.744
POLYLINE GREEN
24.314	22.679
24.269	22.619
24.239	22.544
24.239	22.484
24.269	22.379
24.299	22.349
24.374	22.319
POLYLINE GREEN
24.074	22.289
24.044	22.259
24.044	22.229
24.029	22.199
24.029	22.094
24.044	22.034
24.074	22.004
24.104	22.004
24.179	22.034
POLYLINE GREEN
24.074	22.769
24.074	22.799
24.194	22.904
24.239	22.889
POLYLINE GREEN
23.924	22.484
23.894	22.484
23.864	22.469
23.819	22.469
23.789	22.499
23.789	22.529
23.774	22.559
23.789	22.664
23.849	22.709
POLYLINE GREEN
23.879	23.039
23.909	23.174
23.999	23.234
24.089	23.219
POLYLINE GREEN
23.444	22.814
23.414	22.874
23.429	22.949
23.594	23.039
POLYLINE GREEN
23.789	22.004
23.759	22.019
23.729	22.064
23.609	22.154
23.294	22.499
23.189	22.724
23.189	22.799
23.159	23.039
23.159	23.309
23.189	23.384
23.234	23.399
23.279	23.474
23.339	23.459
23.504	23.504
23.594	23.534
23.639	23.534
23.699	23.549
23.729	23.549
23.759	23.564
23.849	23.489
23.909	23.489
24.044	23.399
24.074	23.399
24.164	23.339
24.314	23.234
24.389	23.114
24.389	23.084
24.434	22.979
24.434	22.949
24.479	22.784
24.479	22.754
24.494	22.694
24.494	22.664
24.509	22.604
24.509	22.364
24.494	22.304
24.494	22.259
24.434	22.064
24.434	22.034
24.404	21.974
24.404	21.914
24.359	21.854
24.269	21.794
24.239	21.764
24.209	21.764
24.149	21.749
24.119	21.749
24.059	21.734
23.939	21.809
23.849	21.869
23.789	21.869
23.699	21.944
23.669	22.049
23.669	22.094
23.654	22.154
23.654	22.184
POLYLINE GREEN
23.369	21.914
23.369	21.884
23.399	21.794
23.429	21.764
23.474	21.644
POLYLINE GREEN
23.369	22.274
23.354	22.139
23.354	22.004
23.339	21.974
23.339	21.929
23.354	21.899
23.234	21.734
23.189	21.644
POLYLINE GREEN
23.009	22.484
23.159	22.139
POLYLINE GREEN
23.009	22.844
23.024	22.814
23.024	22.409
22.874	22.229
22.859	22.199
22.844	22.229
POLYLINE BLACK
19.844	21.554
19.814	21.554
19.784	21.584
19.634	21.524
19.544	21.494
19.514	21.464
19.439	21.449
19.349	21.389
19.154	21.299
19.064	21.239
19.019	21.224
18.959	21.179
18.749	21.089
18.719	21.089
18.494	20.999
18.464	20.969
18.359	20.939
18.239	20.879
18.179	20.834
18.149	20.834
18.029	20.759
17.999	20.759
17.939	20.714
17.879	20.699
17.849	20.669
17.804	20.654
17.774	20.624
POLYLINE BLACK
23.954	21.284
23.834	21.209
23.804	21.224
23.654	21.134
23.639	21.104
23.609	21.089
23.564	21.104
23.504	21.059
23.474	21.059
23.414	21.044
23.384	21.014
23.324	21.014
23.264	20.984
23.234	20.984
23.114	20.909
23.084	20.909
22.949	20.849
22.919	20.849
22.769	20.804
22.709	20.759
22.634	20.744
22.454	20.684
22.334	20.684
22.259	20.669
22.229	20.684
22.124	20.654
22.094	20.639
21.989	20.639
21.929	20.624
21.899	20.639
21.824	20.624
21.719	20.639
21.539	20.789
21.449	20.834
21.419	20.834
21.329	20.894
21.284	20.999
21.254	21.104
21.254	21.149
21.224	21.209
21.164	21.224
21.029	21.239
20.999	21.224
20.939	21.239
20.909	21.239
20.864	21.269
20.849	21.299
20.819	21.299
20.759	21.344
20.654	21.389
20.594	21.449
20.564	21.449
20.444	21.524
20.339	21.554
20.279	21.524
20.249	21.524
20.084	21.569
20.024	21.554
19.994	21.554
19.844	21.599
19.784	21.584
19.739	21.524
POLYLINE BLACK
25.139	23.804
24.974	23.489
24.974	23.459
24.959	23.399
24.959	23.369
24.929	23.234
24.929	23.204
24.884	23.099
24.869	23.024
24.824	22.934
24.824	22.904
24.764	22.769
24.764	22.739
24.749	22.679
24.749	22.649
24.734	22.589
24.734	22.484
24.719	22.454
24.719	22.409
24.704	22.379
24.704	22.334
24.599	22.094
24.524	22.004
24.434	21.794
24.434	21.764
24.404	21.704
24.404	21.674
24.344	21.554
24.299	21.494
24.269	21.494
24.089	21.359
24.059	21.344
24.044	21.314
23.924	21.239
POLYLINE BROWN
21.689	25.499
21.659	25.469
21.614	25.319
21.614	25.229
21.599	25.094
21.629	25.064
21.764	25.034
21.839	25.034
21.899	25.049
22.004	25.064
22.034	25.049
22.169	25.334
22.139	25.364
22.034	25.394
21.899	25.409
21.869	25.424
21.689	25.454
POLYLINE BROWN
20.864	25.124
20.894	25.004
20.894	24.929
20.954	24.629
21.344	24.824
21.359	24.854
21.359	25.004
21.314	25.064
21.194	25.124
21.134	25.124
21.014	25.079
20.864	24.989
POLYLINE BROWN
20.129	25.064
20.144	25.019
20.174	24.989
20.264	24.749
20.264	24.719
20.279	24.659
20.279	24.629
20.324	24.629
20.639	24.704
20.744	24.749
20.759	24.779
20.759	24.899
20.729	25.109
20.699	25.109
20.399	24.989
20.264	24.974
20.159	24.944
20.174	24.914
20.204	24.899
POLYLINE BLACK
19.409	25.229
19.439	25.214
19.664	25.319
19.694	25.319
19.754	25.364
19.814	25.364
19.919	25.394
19.949	25.424
19.979	25.424
20.039	25.454
20.129	25.454
20.294	25.514
20.324	25.514
20.384	25.544
20.459	25.559
20.519	25.544
20.549	25.544
20.579	25.559
20.789	25.559
20.954	25.604
20.984	25.604
21.044	25.634
21.104	25.634
21.209	25.679
21.269	25.664
21.329	25.664
21.389	25.679
21.419	25.679
21.479	25.694
21.539	25.694
21.599	25.664
21.659	25.664
21.689	25.649
21.764	25.649
21.824	25.664
22.004	25.664
22.064	25.679
22.169	25.649
22.229	25.664
22.289	25.664
22.349	25.679
22.409	25.664
22.469	25.664
22.499	25.679
22.529	25.664
22.589	25.694
22.619	25.694
22.754	25.739
22.769	25.769
22.829	25.754
22.889	25.784
22.919	25.784
22.949	25.799
POLYLINE BLACK
20.639	23.039
20.609	23.039
20.564	23.099
20.564	23.129
20.534	23.249
20.519	23.324
20.504	23.354
20.624	23.504
20.699	23.549
20.714	23.609
20.744	23.609
20.924	23.729
20.954	23.729
21.074	23.804
21.104	23.804
21.134	23.849
21.224	23.909
21.254	23.909
21.374	23.984
21.434	23.999
21.464	24.029
21.539	23.939
21.584	23.909
21.659	23.759
21.734	23.639
21.779	23.489
21.779	23.459
21.674	23.339
21.599	23.279
21.524	23.174
21.314	23.039
POLYLINE BROWN
19.354	23.714
19.354	23.654
19.374	23.614
19.374	23.354
19.494	23.374
19.694	23.374
19.754	23.434
19.774	23.574
19.834	23.714
19.734	23.814
19.534	23.834
19.494	23.814
POLYLINE BROWN
19.534	24.594
19.494	24.434
19.494	24.334
19.474	24.254
19.494	24.174
19.594	24.134
19.694	24.054
19.874	23.994
19.994	23.874
20.174	24.174
20.234	24.294
20.234	24.354
20.254	24.394
20.154	24.414
19.854	24.494
19.754	24.494
POLYLINE BROWN
18.374	24.534
18.434	24.494
18.534	24.334
18.634	24.254
18.814	24.274
18.994	24.394
19.034	24.434
19.014	24.534
18.914	24.694
18.674	24.634
18.594	24.574
POLYLINE BROWN
18.594	23.994
18.654	23.814
18.654	23.754
18.674	23.674
18.694	23.594
18.774	23.554
18.894	23.574
18.974	23.634
19.054	23.594
19.134	23.834
19.194	23.994
19.014	24.014
18.774	23.994
18.734	23.974
POLYLINE BROWN
17.894	23.294
17.934	23.114
17.934	22.994
17.994	22.934
18.114	22.894
18.214	22.894
18.334	22.874
18.374	22.834
18.454	22.854
18.614	23.154
18.594	23.234
18.554	23.274
18.414	23.274
18.374	23.294
18.254	23.294
18.154	23.274
POLYLINE BROWN
17.554	23.954
17.634	23.634
17.694	23.454
17.974	23.494
18.054	23.514
18.094	23.494
18.114	23.534
18.114	23.834
18.054	23.854
17.794	23.854
POLYLINE BROWN
16.874	23.534
16.894	23.314
16.854	23.154
16.914	23.094
17.274	22.974
17.314	22.974
17.354	23.014
17.454	23.314
17.434	23.394
17.414	23.434
17.194	23.434
17.054	23.454
16.954	23.494
POLYLINE BLACK
26.254	16.124
26.254	16.104
26.234	16.084
26.134	16.064
POLYLINE BLACK
24.654	15.294
24.644	15.334
24.644	15.414
24.634	15.454
24.634	15.474
24.614	15.494
24.574	15.474
24.524	15.474
24.284	15.534
24.234	15.564
24.194	15.554
24.154	15.554
24.134	15.564
24.114	15.554
24.094	15.564
24.074	15.544
24.074	15.464
24.064	15.414
24.064	15.374
24.054	15.334
24.054	15.294
24.044	15.314
24.044	15.294
24.064	15.304
24.234	15.244
24.284	15.244
24.324	15.234
24.364	15.234
24.404	15.244
24.444	15.234
24.504	15.234
24.554	15.224
24.634	15.224
24.674	15.234
24.684	15.254
24.664	15.314
24.674	15.334
POLYLINE BLACK
25.944	15.144
25.944	15.184
25.914	15.244
25.874	15.374
25.834	15.384
25.794	15.374
25.704	15.364
25.684	15.374
25.664	15.364
25.644	15.374
25.624	15.364
25.584	15.374
25.564	15.364
25.544	15.374
25.504	15.364
25.484	15.344
25.464	15.354
25.424	15.294
25.414	15.244
POLYLINE BLACK
26.604	13.834
POLYLINE BLACK
24.744	15.244
24.694	15.364
24.714	15.374
24.874	15.374
24.954	15.384
25.004	15.384
25.024	15.374
25.054	15.384
25.074	15.374
25.154	15.384
25.244	15.374
25.264	15.354
25.324	15.354
25.344	15.364
25.384	15.224
25.394	15.134
25.384	15.114
POLYLINE BLACK
27.274	15.904
27.254	15.904
27.174	15.964
27.064	16.014
26.964	16.094
26.944	16.104
26.984	16.164
27.264	16.454
27.334	16.534
27.404	16.464
27.484	16.414
27.504	16.394
27.524	16.394
27.564	16.354
27.614	16.324
27.744	16.234
27.754	16.214
27.734	16.214
27.664	16.114
27.614	16.044
27.494	15.924
27.464	15.914
27.414	15.834
27.384	15.864
27.304	15.914
27.294	15.934
POLYLINE BLACK
26.354	16.314
26.334	16.174
26.334	16.084
26.324	15.994
26.314	15.954
26.314	15.874
26.404	15.864
26.444	15.854
26.504	15.854
26.524	15.844
26.544	15.854
26.644	15.814
26.674	15.814
26.854	15.754
26.864	15.794
26.894	15.944
26.894	15.984
26.904	16.034
26.914	16.144
26.924	16.184
26.924	16.334
26.914	16.354
26.874	16.364
26.834	16.354
26.774	16.354
26.734	16.364
26.714	16.354
26.644	16.374
26.584	16.364
26.544	16.374
26.454	16.364
26.394	16.364
26.374	16.354
26.364	16.324
POLYLINE BLACK
27.144	15.774
27.124	15.784
27.084	15.774
27.054	15.774
27.014	15.764
26.964	15.764
26.934	15.774
26.834	15.754
26.754	15.754
26.734	15.744
26.714	15.754
26.674	15.734
26.644	15.734
26.624	15.744
26.614	15.664
26.624	15.624
26.624	15.314
26.654	15.194
26.654	15.124
POLYLINE BLACK
27.494	15.814
27.474	15.794
27.414	15.814
27.274	15.814
27.254	15.824
27.234	15.814
27.194	15.824
27.144	15.824
27.124	15.834
27.124	15.754
27.134	15.704
27.134	15.604
27.124	15.584
27.124	15.524
27.054	15.294
27.054	15.264
27.044	15.244
27.064	15.204
POLYLINE BLACK
27.984	15.944
27.934	15.934
27.884	15.944
27.734	15.944
27.624	15.954
27.604	15.944
27.564	15.954
27.544	15.934
27.544	15.894
27.504	15.774
27.474	15.714
27.474	15.684
27.434	15.594
27.424	15.554
27.374	15.484
27.494	15.444
27.544	15.444
27.564	15.424
27.664	15.414
27.684	15.394
POLYLINE BLACK
26.994	16.794
26.934	16.794
26.844	16.764
26.824	16.774
26.764	16.744
26.744	16.754
26.724	16.734
26.704	16.734
26.694	16.754
26.694	16.734
26.654	16.734
26.574	16.704
26.554	16.704
26.534	16.684
26.434	16.664
26.414	16.644
26.394	16.644
26.314	16.504
26.314	16.464
26.304	16.414
26.304	16.354
26.294	16.314
26.284	16.234
26.264	16.134
26.244	16.094
26.194	16.044
POLYLINE BLACK
26.194	15.084
26.234	15.094
26.264	15.094
26.304	15.104
26.384	15.124
26.484	15.124
26.514	15.144
26.554	15.134
26.594	15.134
26.624	15.144
26.684	15.124
26.734	15.134
26.754	15.124
26.844	15.154
26.904	15.164
26.944	15.194
26.964	15.184
27.004	15.204
27.034	15.204
27.114	15.224
27.164	15.224
27.204	15.214
27.254	15.214
27.334	15.254
27.374	15.264
27.394	15.284
27.414	15.284
27.434	15.304
27.474	15.294
27.504	15.294
27.584	15.274
27.604	15.274
27.654	15.324
27.684	15.354
27.784	15.374
27.824	15.364
27.854	15.404
27.874	15.404
27.964	15.484
27.984	15.554
27.984	15.644
27.974	15.694
27.974	15.804
27.984	15.844
27.984	15.884
28.004	15.954
28.004	16.004
28.014	16.054
27.994	16.134
27.954	16.274
27.954	16.384
27.944	16.424
27.944	16.534
27.924	16.614
27.924	16.704
27.894	16.764
27.884	16.804
27.844	16.864
27.804	16.854
27.744	16.834
27.674	16.834
27.634	16.824
27.614	16.834
27.594	16.824
27.574	16.834
27.534	16.814
27.284	16.814
27.244	16.824
27.184	16.834
27.094	16.794
27.074	16.814
27.034	16.784
26.954	16.774
26.934	16.774
26.914	16.744
POLYLINE BLACK
26.214	15.104
26.214	15.084
26.194	15.074
26.154	15.084
26.134	15.074
26.094	15.084
26.034	15.084
26.014	15.074
25.974	15.094
25.944	15.094
25.904	15.104
25.884	15.094
25.864	15.104
25.804	15.084
25.744	15.094
25.724	15.084
25.664	15.104
25.474	15.104
25.414	15.124
25.354	15.104
25.274	15.094
25.204	15.094
25.094	15.124
25.074	15.114
25.054	15.134
25.034	15.124
25.014	15.144
24.994	15.134
24.954	15.144
24.914	15.154
24.894	15.144
24.854	15.154
24.814	15.164
24.784	15.194
24.724	15.204
24.704	15.194
24.684	15.214
24.624	15.194
24.604	15.214
24.394	15.214
24.374	15.204
24.294	15.224
24.254	15.234
24.214	15.224
24.164	15.234
24.144	15.224
24.024	15.274
23.974	15.354
23.964	15.434
23.964	15.554
23.984	15.594
24.004	15.594
24.054	15.644
24.114	15.684
24.154	15.694
24.174	15.714
24.214	15.724
24.274	15.754
24.294	15.744
24.334	15.754
24.354	15.774
24.394	15.764
24.434	15.764
24.504	15.784
24.524	15.774
24.644	15.824
24.664	15.804
24.704	15.824
24.724	15.814
24.794	15.834
24.814	15.854
24.834	15.844
24.944	15.884
25.014	15.884
25.064	15.894
25.084	15.884
25.184	15.924
25.214	15.924
25.234	15.934
25.254	15.924
25.334	15.954
25.374	15.964
25.394	15.984
25.474	15.974
25.584	16.004
25.604	16.014
25.624	16.004
25.644	16.014
25.714	16.004
25.734	16.014
25.754	16.004
25.794	16.014
25.834	16.014
25.874	16.024
25.934	16.014
25.974	16.024
26.034	16.034
26.054	16.024
26.114	16.044
26.154	16.034
POLYLINE CONNECT
26.164	15.784
20.411	23.382
POLYLINE BLACK
20.624	23.059
20.639	23.029
20.609	22.969
20.549	22.729
20.504	22.519
20.489	22.309
20.474	22.279
20.549	22.159
20.744	21.994
20.894	21.919
20.984	21.859
21.014	21.934
21.089	22.039
21.134	22.144
21.194	22.234
21.239	22.339
21.239	22.369
21.404	22.669
21.479	22.879
21.494	22.939
21.464	22.924
21.329	22.984
21.149	23.014
21.014	23.074
20.939	23.089
20.894	23.104
20.834	23.104
20.804	23.119
20.774	23.104
20.729	23.104
20.669	23.074
20.639	23.074
20.609	23.044
POLYLINE BLACK
19.409	22.804
19.484	22.579
19.604	22.354
19.709	22.114
19.739	22.084
19.769	22.009
19.799	21.979
19.874	21.814
19.874	21.784
19.889	21.754
19.934	21.814
20.039	21.889
20.114	21.904
20.324	22.039
20.354	22.039
20.384	22.054
20.399	22.084
20.354	22.189
20.264	22.579
20.234	22.684
20.234	22.729
20.189	22.939
20.189	22.969
20.159	22.984
20.129	22.969
20.099	22.984
20.069	22.969
20.024	22.984
19.904	22.939
19.859	22.939
19.634	22.834
19.544	22.759
19.529	22.714
POLYLINE BLACK
18.809	22.594
18.824	22.564
18.824	22.519
18.854	22.384
18.884	22.144
18.944	21.919
19.019	21.679
19.049	21.619
19.079	21.619
19.109	21.604
19.184	21.634
19.364	21.619
19.439	21.619
19.469	21.604
19.499	21.619
19.529	21.604
19.589	21.619
19.619	21.604
19.619	21.664
19.604	21.739
19.604	21.814
19.589	21.844
19.589	21.919
19.574	21.979
19.574	22.009
19.559	22.069
19.544	22.279
19.544	22.339
19.529	22.414
19.529	22.474
19.514	22.504
19.454	22.534
19.349	22.534
19.229	22.579
19.184	22.579
19.124	22.594
19.004	22.594
18.944	22.609
18.869	22.609
18.839	22.594
POLYLINE BLACK
17.939	20.764
17.939	20.764
17.909	20.794
17.909	20.824
17.819	20.959
17.789	21.049
17.624	21.244
17.429	21.634
17.399	21.739
17.369	21.799
17.369	21.829
17.324	21.919
17.324	21.949
17.399	21.979
17.429	22.009
17.459	22.009
17.549	22.069
17.609	22.069
17.729	22.144
17.804	22.174
17.834	22.159
17.984	22.219
18.149	22.294
18.179	22.294
18.194	22.324
18.284	22.369
18.314	22.354
18.329	22.384
18.359	22.399
18.359	22.429
18.374	22.399
18.464	22.324
18.509	22.249
18.779	21.949
18.809	21.874
18.839	21.844
18.929	21.664
19.004	21.544
19.049	21.454
18.914	21.364
18.884	21.319
18.764	21.229
18.719	21.214
18.629	21.139
18.464	21.049
18.434	21.049
18.374	20.989
18.299	20.959
18.269	20.929
18.239	20.929
18.014	20.764
POLYLINE BLACK
16.889	24.199
16.904	24.229
17.009	24.244
17.189	24.334
17.309	24.379
17.369	24.439
17.489	24.499
17.564	24.514
17.639	24.559
17.669	24.559
17.924	24.664
17.999	24.664
18.329	24.799
18.359	24.799
18.389	24.829
18.614	24.904
18.704	24.964
18.779	24.979
18.809	25.009
18.884	25.039
18.944	25.084
19.019	25.084
19.244	25.189
19.274	25.189
19.439	25.234
POLYLINE BROWN
17.279	22.399
17.234	22.459
POLYLINE BROWN
16.889	22.204
16.859	22.219
16.844	22.294
POLYLINE BROWN
16.544	22.054
16.514	22.084
16.499	22.159
POLYLINE BROWN
16.019	21.964
16.004	21.994
16.004	22.039
15.989	22.099
POLYLINE BROWN
15.284	22.369
POLYLINE BROWN
15.659	21.889
15.629	21.949
15.629	21.979
POLYLINE BROWN
15.209	22.009
POLYLINE BROWN
15.239	21.829
15.209	21.889
POLYLINE BROWN
14.924	21.724
14.924	21.754
14.909	21.814
POLYLINE BROWN
17.009	24.214
16.934	24.199
16.904	24.199
16.844	24.154
16.814	24.154
16.784	24.139
16.769	24.109
16.649	24.049
16.619	24.064
16.529	24.004
16.499	24.004
16.379	23.914
16.214	23.824
16.064	23.719
15.944	23.569
15.824	23.419
15.734	23.344
15.704	23.284
15.674	23.269
15.614	23.194
15.524	23.134
15.524	23.104
15.494	23.089
15.419	22.999
15.389	22.984
15.314	22.864
15.179	22.684
15.119	22.579
15.119	22.549
15.029	22.399
14.999	22.399
14.939	22.264
14.909	22.249
14.804	22.069
14.774	22.054
14.774	22.009
14.759	21.979
14.729	21.964
14.669	21.874
14.639	21.874
14.594	21.814
14.564	21.814
14.429	21.724
POLYLINE BLACK
14.389	32.029
14.309	32.059
14.289	32.079
14.289	32.139
14.319	32.199
14.339	32.299
14.379	32.359
14.399	32.439
14.379	32.509
14.359	32.509
14.339	32.529
14.319	32.529
14.229	32.439
14.179	32.389
14.129	32.349
14.109	32.349
14.029	32.259
14.019	32.219
13.989	32.159
13.979	32.119
13.959	32.039
13.949	31.999
POLYLINE BLACK
15.659	31.889
15.669	31.849
15.679	31.869
15.659	31.929
15.579	31.999
15.519	32.019
15.499	32.009
15.399	32.039
15.319	32.049
15.279	32.059
15.239	32.069
15.179	32.069
15.139	32.079
15.059	32.079
14.999	32.119
14.919	32.119
14.839	32.149
14.719	32.109
14.679	32.099
14.639	32.099
14.599	32.089
14.499	32.089
14.479	32.099
14.459	32.089
14.439	32.099
14.399	32.089
14.319	32.079
POLYLINE BLACK
13.989	31.679
14.109	31.649
14.149	31.639
14.189	31.639
14.289	31.679
14.329	31.799
14.349	31.839
14.429	31.819
14.449	31.829
14.489	31.819
14.569	31.819
14.609	31.829
14.649	31.819
14.669	31.829
14.749	31.809
14.789	31.809
14.829	31.799
14.869	31.789
14.889	31.799
14.949	31.779
15.029	31.769
15.079	31.769
15.099	31.759
15.119	31.769
15.159	31.759
15.199	31.769
15.239	31.779
15.279	31.779
15.319	31.759
15.359	31.769
15.399	31.759
15.479	31.769
15.519	31.769
15.569	31.799
15.609	31.789
15.649	31.809
15.659	31.789
15.679	31.809
15.699	31.789
POLYLINE BLACK
13.899	32.079
13.939	32.009
13.919	31.979
13.899	31.979
13.879	31.959
13.859	31.979
13.819	31.969
13.779	31.969
13.759	31.959
13.699	31.979
13.679	31.969
13.639	31.979
13.599	31.989
13.579	31.979
13.559	31.989
13.519	31.979
13.429	31.979
13.389	31.969
13.329	31.969
13.309	31.959
13.269	31.969
13.249	31.959
13.209	31.969
13.169	31.969
13.109	31.989
13.089	31.979
13.069	31.989
13.049	31.979
13.029	31.989
13.009	31.979
12.989	31.989
12.949	31.979
12.929	31.989
12.869	31.959
12.829	31.969
12.799	31.969
12.759	31.959
12.689	31.959
12.649	31.949
12.589	31.949
12.549	31.939
12.509	31.939
12.429	31.849
12.429	31.789
12.449	31.699
12.509	31.679
12.519	31.659
12.539	31.659
12.559	31.679
12.599	31.669
12.619	31.679
12.659	31.669
12.679	31.679
12.699	31.669
12.739	31.679
12.759	31.679
12.779	31.699
12.799	31.689
12.819	31.709
12.879	31.719
12.919	31.709
12.979	31.709
12.999	31.719
13.039	31.699
13.059	31.709
13.139	31.679
13.769	31.689
13.789	31.669
13.809	31.689
13.849	31.679
13.869	31.669
13.909	31.679
13.949	31.669
13.989	31.669
14.009	31.659
POLYLINE BLACK
13.909	32.039
POLYLINE CONNECT
14.294	31.969
17.477	22.177
POLYLINE BLACK
17.459	18.254
17.549	18.314
17.609	18.314
17.669	18.344
17.699	18.314
17.699	18.284
17.789	18.089
17.789	18.059
17.759	18.059
17.729	18.029
17.699	18.044
17.579	17.999
POLYLINE BLACK
17.069	18.014
17.009	18.059
16.904	18.209
16.874	18.239
17.294	18.389
17.324	18.389
17.384	18.374
17.414	18.374
17.444	18.314
17.444	18.284
17.549	18.104
17.519	18.089
17.474	18.104
17.129	18.029
17.099	18.014
POLYLINE BLACK
16.844	18.044
16.874	18.029
16.919	18.029
17.084	17.984
17.114	17.984
17.174	17.969
17.204	17.969
17.264	17.984
17.384	17.984
17.444	17.999
17.504	17.984
17.819	17.984
17.879	17.999
17.939	17.999
17.969	17.984
18.044	17.999
18.134	17.999
18.194	18.014
18.254	17.999
18.314	17.999
18.374	17.984
18.479	18.014
18.524	18.014
18.584	17.999
18.644	17.999
18.674	18.029
18.704	18.029
18.764	18.014
18.884	18.014
18.974	17.984
19.034	18.014
19.094	17.984
19.124	18.014
19.154	17.999
19.184	18.029
19.214	18.014
19.274	18.029
19.334	18.029
19.334	18.059
19.364	18.044
19.379	18.074
19.409	18.074
19.454	18.134
19.454	18.164
19.439	18.224
19.439	18.254
19.379	18.419
19.349	18.404
19.229	18.509
19.214	18.539
19.184	18.539
19.079	18.569
19.049	18.569
19.019	18.599
18.929	18.599
18.869	18.614
18.839	18.614
18.779	18.599
18.734	18.659
18.674	18.644
18.614	18.644
18.584	18.629
18.509	18.644
18.449	18.644
18.389	18.689
18.359	18.674
18.194	18.719
18.164	18.719
18.104	18.734
18.014	18.734
17.984	18.719
17.924	18.734
17.744	18.734
17.714	18.749
17.654	18.719
17.594	18.719
17.564	18.704
17.534	18.719
17.444	18.689
17.414	18.659
17.354	18.659
17.294	18.614
17.264	18.614
17.054	18.539
17.024	18.539
16.994	18.509
16.964	18.509
16.949	18.479
16.889	18.434
16.844	18.374
16.784	18.329
16.784	18.164
16.814	18.179
16.859	18.119
16.889	18.119
16.904	18.059
16.889	18.029
16.904	17.999
16.934	17.984
16.949	17.954
17.009	17.969
17.039	17.969
POLYLINE CONNECT
17.564	18.419
14.949	20.100
POLYLINE GREEN
15.624	16.174
15.654	16.104
15.674	16.064
15.714	16.044
15.744	16.084
15.744	16.114
15.754	16.134
POLYLINE GREEN
15.564	16.534
15.624	16.474
15.664	16.454
15.694	16.494
15.694	16.564
POLYLINE GREEN
15.484	16.904
15.514	16.854
15.574	16.834
15.604	16.874
15.614	16.964
15.614	17.014
POLYLINE GREEN
15.364	17.394
15.464	17.324
15.514	17.374
15.514	17.474
POLYLINE GREEN
15.264	17.824
15.344	17.764
15.384	17.764
15.414	17.804
15.414	17.864
POLYLINE GREEN
15.054	18.194
15.074	18.154
15.164	18.104
15.184	18.104
15.224	18.144
15.254	18.244
15.274	18.314
POLYLINE GREEN
15.034	18.694
15.064	18.664
15.124	18.574
15.174	18.564
15.204	18.594
15.224	18.684
15.224	18.704
POLYLINE GREEN
14.824	19.174
14.874	19.024
14.914	18.984
14.964	18.974
15.104	19.044
POLYLINE GREEN
14.974	19.604
14.984	19.554
15.044	19.494
15.084	19.474
15.154	19.494
15.174	19.514
POLYLINE GREEN
14.664	19.924
14.644	19.814
14.674	19.724
14.714	19.704
14.814	19.724
14.884	19.774
POLYLINE GREEN
15.294	20.514
15.264	20.484
15.234	20.434
15.234	20.384
15.264	20.324
15.314	20.284
15.364	20.264
POLYLINE GREEN
15.564	21.044
15.524	21.004
15.454	20.964
15.424	20.814
15.424	20.764
15.454	20.714
15.514	20.694
POLYLINE GREEN
16.054	20.894
15.974	20.784
15.954	20.694
15.964	20.664
15.994	20.634
16.034	20.624
POLYLINE GREEN
16.424	21.364
16.364	21.314
16.324	21.234
16.314	21.154
16.424	21.124
POLYLINE GREEN
16.854	21.324
16.784	21.144
16.794	21.094
16.844	21.044
POLYLINE GREEN
17.064	21.604
17.024	21.594
16.974	21.534
16.964	21.494
16.974	21.454
17.044	21.384
17.074	21.374
17.114	21.384
POLYLINE BROWN
16.394	20.654
16.464	20.544
16.564	20.414
16.594	20.344
16.654	20.264
16.674	20.254
16.714	20.274
16.724	20.294
16.834	20.344
16.954	20.414
17.074	20.464
17.084	20.494
17.124	20.504
17.134	20.524
17.094	20.644
17.034	20.924
17.014	20.924
16.924	20.864
16.804	20.814
16.764	20.784
16.744	20.784
16.694	20.754
16.664	20.714
16.644	20.714
16.494	20.624
16.454	20.614
16.414	20.594
POLYLINE BROWN
15.514	20.204
15.554	20.124
15.614	19.904
15.824	19.934
16.004	19.964
16.114	19.964
16.154	19.974
16.204	19.974
16.244	19.984
16.304	19.994
16.314	20.044
16.294	20.164
16.294	20.254
16.284	20.314
16.284	20.404
16.274	20.424
16.234	20.414
16.134	20.404
15.914	20.374
15.764	20.314
15.744	20.314
15.724	20.294
15.694	20.294
15.574	20.224
15.534	20.194
POLYLINE BROWN
14.974	21.634
15.094	21.414
15.184	21.204
15.294	21.054
15.344	21.064
15.454	21.114
15.594	21.204
16.154	21.394
16.244	21.414
16.374	21.484
16.444	21.494
16.484	21.524
16.484	21.614
16.444	21.784
16.444	21.824
16.424	21.864
16.424	21.894
16.384	22.014
16.384	22.054
16.364	22.114
16.344	22.134
16.324	22.134
16.304	22.154
16.264	22.144
15.944	21.994
15.674	21.904
15.624	21.904
15.484	21.864
15.394	21.824
15.304	21.814
15.204	21.744
15.184	21.744
15.054	21.664
15.004	21.634
14.984	21.634
POLYLINE BLACK
14.464	21.174
14.444	21.114
14.434	20.974
14.434	20.784
14.474	20.774
14.574	20.714
14.594	20.714
14.654	20.694
14.714	20.694
14.794	20.684
14.824	20.714
14.954	21.084
15.004	21.194
15.004	21.224
14.984	21.224
14.964	21.204
14.784	21.184
14.684	21.194
14.664	21.204
14.554	21.204
14.514	21.214
14.424	21.204
14.404	21.184
POLYLINE BLACK
14.234	20.524
14.274	20.434
14.474	20.124
14.714	20.294
14.804	20.354
14.684	20.634
14.624	20.684
14.534	20.654
14.514	20.634
14.394	20.574
14.354	20.544
14.284	20.534
14.244	20.514
POLYLINE GREEN
14.964	20.034
15.084	19.944
15.094	19.924
POLYLINE GREEN
14.934	20.274
14.944	20.324
14.944	20.344
14.944	20.294
14.954	20.274
14.954	20.114
14.964	20.074
14.964	20.014
14.884	19.954
14.864	19.904
14.884	19.904
14.894	19.924
POLYLINE BROWN
14.614	21.824
14.594	21.804
14.554	21.794
14.534	21.774
14.484	21.774
14.444	21.754
14.424	21.764
14.404	21.744
14.364	21.744
14.264	21.714
14.204	21.664
14.184	21.664
14.084	21.604
14.064	21.604
13.964	21.524
13.884	21.424
13.854	21.334
13.814	21.304
13.814	21.244
13.834	21.224
13.854	21.124
13.844	21.084
13.844	20.954
13.854	20.914
13.854	20.844
13.864	20.804
13.864	20.764
13.874	20.714
13.874	20.654
13.884	20.614
13.884	20.544
13.894	20.494
13.914	20.374
13.974	20.154
14.004	20.094
14.024	20.014
14.074	19.864
14.104	19.774
POLYLINE BROWN
17.794	20.584
17.754	20.574
17.734	20.584
17.594	20.534
17.564	20.534
17.524	20.524
17.484	20.494
17.444	20.484
17.324	20.444
17.284	20.414
17.264	20.424
17.244	20.404
17.204	20.394
17.104	20.324
17.064	20.314
17.024	20.304
17.004	20.284
16.964	20.274
16.944	20.254
16.894	20.244
16.794	20.194
16.714	20.144
16.624	20.114
16.514	20.064
16.474	20.054
16.454	20.034
16.434	20.034
16.414	20.014
16.394	20.014
16.334	19.974
16.304	19.974
16.184	19.894
16.064	19.834
16.044	19.804
16.004	19.804
15.944	19.764
15.924	19.764
15.854	19.694
15.804	19.664
15.784	19.644
15.744	19.634
15.714	19.604
15.674	19.594
15.634	19.554
15.594	19.544
15.554	19.514
15.514	19.504
15.494	19.484
15.434	19.474
15.394	19.444
15.374	19.444
15.334	19.364
POLYLINE BROWN
17.404	22.614
17.364	22.614
17.294	22.554
17.214	22.504
17.194	22.504
17.174	22.484
17.154	22.484
17.054	22.424
16.984	22.414
16.924	22.374
16.884	22.364
16.834	22.354
16.814	22.334
16.774	22.344
16.754	22.324
16.714	22.324
16.674	22.294
16.614	22.294
16.534	22.264
16.434	22.204
16.374	22.184
16.354	22.194
16.224	22.164
16.184	22.154
16.104	22.124
16.064	22.114
16.044	22.124
16.004	22.114
15.974	22.114
15.934	22.104
15.894	22.104
15.674	22.054
15.604	22.034
15.544	22.044
15.524	22.024
15.474	22.024
15.454	22.034
15.344	21.994
15.304	21.994
15.244	21.974
15.214	21.954
15.134	21.944
15.114	21.944
15.064	21.914
15.044	21.924
15.004	21.914
14.964	21.914
14.924	21.884
14.884	21.874
14.774	21.824
14.734	21.824
14.674	21.804
14.654	21.814
14.604	21.794
14.584	21.804
14.544	21.794
14.524	21.794
POLYLINE BLACK
15.774	16.274
15.764	16.314
15.764	16.354
15.754	16.404
15.744	16.494
15.724	16.574
15.714	16.654
15.714	16.824
15.694	16.924
15.624	17.214
15.604	17.314
15.604	17.354
15.594	17.404
15.594	17.434
15.584	17.474
15.534	17.674
15.534	17.744
15.514	17.824
15.484	17.964
15.474	18.074
15.454	18.254
15.434	18.314
15.434	18.384
15.424	18.424
15.424	18.464
15.414	18.504
15.404	18.594
15.384	18.674
15.384	18.724
15.364	18.804
15.334	18.934
15.314	18.994
15.304	19.074
15.294	19.164
15.294	19.354
15.304	19.394
15.314	19.434
POLYLINE BLACK
15.524	16.234
15.524	16.254
15.544	16.194
15.544	16.144
15.504	16.264
15.484	16.324
15.484	16.374
POLYLINE BLACK
15.564	16.234
15.514	16.474
15.484	16.624
15.464	16.704
15.444	16.814
15.414	16.984
15.384	17.104
15.364	17.164
15.334	17.214
15.324	17.254
15.224	17.544
15.194	17.624
15.114	17.784
15.104	17.824
15.054	17.974
15.024	18.014
15.004	18.094
14.944	18.224
14.934	18.264
14.904	18.354
14.894	18.394
14.804	18.704
14.744	18.854
14.734	18.894
14.644	19.064
14.604	19.104
14.604	19.124
14.474	19.254
14.364	19.364
14.264	19.494
14.224	19.524
14.204	19.574
14.154	19.634
14.134	19.684
14.074	19.784
14.064	19.824
14.054	19.844
POLYLINE BLACK
18.954	15.434
18.984	15.374
18.984	15.364
18.979	15.344
18.979	15.334
18.974	15.314
18.974	15.294
18.979	15.269
18.979	15.219
18.984	15.184
18.979	15.164
18.979	15.134
18.984	15.104
18.974	15.069
18.974	15.039
18.964	14.999
18.964	14.974
18.959	14.964
18.959	14.949
18.939	14.869
18.939	14.839
18.934	14.819
18.939	14.799
18.939	14.779
18.944	14.759
18.944	14.749
POLYLINE BLACK
19.234	14.669
19.244	14.704
19.274	14.764
19.284	14.774
19.284	14.794
19.289	14.814
19.289	14.844
19.284	14.859
19.289	14.879
19.284	14.899
19.284	14.954
19.279	14.979
19.284	14.999
19.284	15.049
19.279	15.059
19.284	15.084
19.284	15.104
19.279	15.114
19.279	15.139
19.274	15.159
19.274	15.169
19.264	15.209
19.264	15.274
19.269	15.294
19.269	15.314
19.264	15.334
19.264	15.379
19.269	15.399
19.264	15.409
19.264	15.424
19.269	15.444
19.269	15.474
19.274	15.494
19.274	15.524
19.279	15.544
19.279	15.564
19.274	15.584
19.279	15.604
19.279	15.629
19.329	15.734
19.329	15.754
19.334	15.774
19.329	15.799
19.329	15.859
19.324	15.879
19.324	15.914
19.319	15.934
19.319	15.944
19.339	15.999
19.349	16.019
19.349	16.084
19.354	16.094
19.339	16.154
19.339	16.219
19.329	16.249
19.299	16.239
19.289	16.229
19.269	16.229
19.259	16.224
19.254	16.214
19.244	16.214
19.224	16.199
19.214	16.199
19.204	16.189
19.184	16.189
19.174	16.179
19.164	16.179
19.144	16.169
19.139	16.159
19.109	16.144
19.089	16.124
19.079	16.124
19.074	16.114
19.064	16.114
19.054	16.104
19.044	16.104
19.034	16.084
19.014	16.084
19.014	16.079
19.009	16.089
19.009	16.079
18.994	16.059
18.974	16.044
18.959	16.014
18.959	15.949
18.954	15.879
18.954	15.849
18.959	15.824
18.959	15.729
18.954	15.704
18.954	15.694
18.949	15.674
18.949	15.649
18.964	15.619
18.999	15.579
19.009	15.559
19.009	15.544
19.014	15.524
19.009	15.504
19.009	15.474
18.984	15.419
18.984	15.409
18.979	15.389
18.979	15.339
18.974	15.329
POLYLINE BLACK
19.244	14.664
19.204	14.654
19.184	14.659
19.174	14.654
19.159	14.654
19.119	14.664
19.029	14.664
19.009	14.674
18.989	14.674
18.969	14.684
18.949	14.714
18.949	14.754
18.944	14.774
POLYLINE CONNECT
19.254	15.519
15.809	16.214
POLYLINE BLACK
15.509	15.654
15.504	15.579
POLYLINE BLACK
15.414	15.629
15.429	15.609
15.429	15.599
15.439	15.579
15.439	15.569
POLYLINE BLACK
15.679	15.239
15.679	15.229
15.699	15.249
15.709	15.249
15.724	15.269
15.739	15.304
15.759	15.334
15.794	15.414
15.794	15.424
15.804	15.444
15.809	15.479
15.819	15.499
15.819	15.509
15.829	15.534
15.829	15.544
15.839	15.564
15.839	15.574
15.849	15.604
15.849	15.629
15.854	15.649
15.854	15.674
15.859	15.684
15.859	15.709
15.869	15.739
15.869	15.774
15.874	15.794
15.874	15.829
15.869	15.849
15.874	15.869
15.874	15.914
15.869	15.959
15.869	15.979
15.864	15.999
15.864	16.034
15.859	16.054
15.859	16.074
15.849	16.109
15.849	16.119
15.844	16.139
15.844	16.149
15.829	16.189
15.829	16.199
15.809	16.229
POLYLINE BLACK
15.414	15.639
15.534	15.859
15.544	15.889
15.544	15.904
15.549	15.924
15.549	15.949
15.554	15.969
15.554	15.979
15.559	15.999
15.559	16.124
15.554	16.144
15.554	16.154
15.549	16.164
15.549	16.154
POLYLINE BLACK
15.374	15.609
15.379	15.589
15.399	15.604
15.439	15.619
15.459	15.634
15.469	15.629
15.479	15.639
15.489	15.639
15.509	15.634
15.524	15.634
15.534	15.624
15.544	15.624
15.574	15.604
15.584	15.599
15.589	15.589
POLYLINE BLACK
15.590	15.602
15.585	15.592
15.575	15.592
15.545	15.572
15.525	15.552
POLYLINE BLACK
15.630	15.502
15.610	15.502
15.575	15.487
POLYLINE BLACK
15.665	15.407
15.645	15.402
15.610	15.397
POLYLINE BLACK
15.680	15.267
15.665	15.272
15.660	15.282
15.640	15.287
15.630	15.282
POLYLINE BLACK
15.620	15.167
15.620	15.187
15.605	15.222
POLYLINE BLACK
15.520	15.227
15.520	15.227
15.525	15.252
15.535	15.262
POLYLINE BLACK
15.455	15.322
15.475	15.352
POLYLINE BLACK
15.410	15.407
15.430	15.427
15.450	15.432
POLYLINE BLACK
15.385	15.507
15.395	15.507
15.415	15.512
15.425	15.507
POLYLINE BLACK
15.635	15.162
15.640	15.152
15.660	15.182
15.660	15.192
15.675	15.217
15.675	15.277
15.665	15.322
15.665	15.332
15.660	15.352
15.655	15.377
15.650	15.397
15.645	15.432
15.625	15.472
15.625	15.482
15.615	15.502
15.610	15.537
15.575	15.612
15.575	15.622
15.565	15.632
15.565	15.642
15.570	15.627
POLYLINE BLACK
15.645	15.152
15.650	15.142
15.640	15.137
15.630	15.142
15.600	15.127
15.580	15.127
15.570	15.122
15.565	15.132
15.555	15.132
15.510	15.182
15.500	15.187
15.480	15.217
15.470	15.222
15.405	15.352
15.405	15.362
15.395	15.372
15.380	15.417
15.380	15.427
15.370	15.447
15.370	15.457
15.365	15.477
15.365	15.547
15.370	15.557
15.370	15.572
15.380	15.592
15.400	15.582
POLYLINE BLACK
-36.025	25.447
-35.965	25.287
-35.935	25.137
-35.935	25.097
-35.925	25.077
-35.855	25.067
-35.765	25.067
-35.545	25.017
-35.505	25.017
-35.535	25.197
-35.535	25.437
-35.545	25.487
-35.545	25.527
-35.585	25.527
-35.705	25.477
-35.805	25.477
-35.895	25.447
-35.995	25.417
POLYLINE BLACK
-36.375	25.347
-36.375	25.347
-36.435	25.157
-36.495	25.007
-36.505	24.967
-36.455	24.957
-36.255	24.877
-36.235	24.867
-36.215	24.887
-36.135	25.077
-36.035	25.227
-36.105	25.287
-36.195	25.307
-36.235	25.327
-36.265	25.327
-36.305	25.337
-36.325	25.357
POLYLINE GREEN
-34.525	25.887
-34.565	25.947
-34.555	25.997
-34.505	26.047
-34.485	26.037
-34.465	26.047
-34.445	26.037
POLYLINE GREEN
-34.765	25.687
-34.785	25.687
-34.815	25.727
-34.805	25.767
-34.755	25.847
-34.695	25.817
POLYLINE GREEN
-34.885	25.357
-34.905	25.347
-34.945	25.357
-34.995	25.417
-34.985	25.477
-34.955	25.497
-34.935	25.497
POLYLINE GREEN
-34.705	25.097
-34.745	25.097
-34.785	25.087
-34.865	25.107
-34.885	25.127
-34.855	25.167
POLYLINE GREEN
-34.935	24.917
-34.955	24.917
-35.075	25.037
-35.175	25.197
-35.195	25.307
-35.195	25.457
-35.125	25.617
-34.995	25.777
-34.915	25.837
-34.895	25.887
-34.815	25.987
-34.775	26.077
POLYLINE BLUE
-33.605	25.627
-33.685	25.477
-33.775	25.347
POLYLINE BLUE
-33.675	25.767
-33.685	25.717
-33.725	25.667
-33.785	25.557
-33.815	25.517
-33.905	25.367
POLYLINE BLUE
-33.715	25.917
-33.725	25.937
-33.765	25.877
-33.815	25.797
-33.885	25.687
-33.945	25.567
-34.095	25.337
-34.165	25.237
-34.205	25.157
POLYLINE BLUE
-33.855	26.037
-34.145	25.567
-34.185	25.477
-34.255	25.367
-34.275	25.317
-34.305	25.277
-34.315	25.237
-34.355	25.177
-34.355	25.137
POLYLINE BLUE
-34.015	26.047
-34.075	25.997
-34.165	25.877
-34.215	25.767
-34.285	25.657
-34.325	25.567
-34.355	25.527
-34.385	25.457
-34.455	25.377
-34.525	25.227
-34.545	25.207
-34.555	25.167
POLYLINE BLUE
-34.305	25.837
-34.395	25.737
-34.565	25.447
-34.585	25.397
-34.635	25.327
-34.685	25.277
-34.705	25.227
POLYLINE BLUE
-34.535	25.727
-34.555	25.677
-34.775	25.377
-34.785	25.337
-34.805	25.297
POLYLINE BLUE
-34.195	25.987
-34.155	26.017
-34.115	26.027
-34.095	26.047
-33.975	26.047
-33.835	25.997
-33.715	25.877
-33.665	25.797
-33.655	25.757
-33.625	25.677
-33.625	25.647
-33.615	25.607
-33.615	25.527
-33.645	25.427
-33.655	25.387
-33.675	25.387
-33.675	25.367
-33.695	25.377
-33.715	25.357
-33.755	25.357
-33.765	25.337
-33.805	25.367
-33.845	25.377
-33.925	25.347
-34.085	25.177
-34.115	25.147
-34.155	25.137
-34.195	25.127
-34.235	25.117
-34.295	25.107
-34.355	25.127
-34.615	25.197
-34.665	25.197
-34.725	25.217
-34.775	25.297
-34.775	25.337
-34.805	25.427
-34.805	25.487
-34.795	25.527
-34.655	25.657
-34.565	25.687
-34.465	25.737
-34.445	25.737
-34.415	25.767
-34.375	25.777
-34.275	25.877
-34.205	25.997
-34.155	26.037
-34.115	26.037
-34.095	26.017
-34.095	25.997
POLYLINE GREEN
-33.515	25.647
-33.565	25.657
-33.585	25.667
-33.625	25.787
-33.595	25.867
-33.565	25.907
-33.545	25.907
POLYLINE GREEN
-33.165	25.307
-33.205	25.297
-33.245	25.307
-33.315	25.337
-33.345	25.377
-33.345	25.427
-33.295	25.517
POLYLINE GREEN
-32.905	25.637
-32.975	25.627
-33.035	25.657
-33.075	25.717
-33.085	25.777
-33.065	25.827
POLYLINE GREEN
-32.765	25.217
-32.805	25.217
-32.865	25.277
-32.895	25.337
-32.875	25.407
-32.855	25.437
POLYLINE GREEN
-32.435	25.467
-32.495	25.517
-32.515	25.607
-32.515	25.647
-32.465	25.707
POLYLINE GREEN
-32.325	25.117
-32.355	25.117
-32.405	25.167
-32.415	25.207
-32.385	25.297
-32.345	25.337
POLYLINE GREEN
-32.005	25.197
-32.045	25.207
-32.075	25.247
-32.075	25.297
-32.065	25.337
-32.015	25.397
-31.995	25.377
POLYLINE GREEN
-31.945	24.897
-31.985	24.937
-31.975	24.997
-31.925	25.057
-31.885	25.067
POLYLINE GREEN
-31.625	24.927
-31.655	24.967
-31.645	25.027
-31.625	25.047
POLYLINE GREEN
-31.625	24.637
-31.635	24.677
-31.615	24.727
-31.575	24.767
POLYLINE BLACK
-30.985	24.577
-30.995	24.557
-31.035	24.557
-31.065	24.587
-31.065	24.637
-31.015	24.687
-30.975	24.627
-31.015	24.567
POLYLINE BLACK
-30.685	23.917
-30.705	23.907
-30.725	23.927
-30.745	23.927
-30.765	23.977
-30.745	24.017
-30.705	24.037
-30.655	23.987
-30.655	23.947
-30.705	23.897
-30.725	23.917
POLYLINE BLACK
-29.935	23.707
-29.985	23.677
-30.025	23.667
-30.045	23.687
-30.045	23.717
-30.025	23.757
-29.965	23.787
-29.915	23.727
-29.935	23.667
-29.955	23.647
-30.015	23.667
POLYLINE BLACK
-29.575	22.717
-29.615	22.737
-29.645	22.777
-29.645	22.797
-29.565	22.847
-29.545	22.847
-29.525	22.827
-29.505	22.827
-29.495	22.777
-29.555	22.737
-29.575	22.737
POLYLINE BLACK
-28.825	22.727
-28.865	22.717
-28.885	22.787
-28.855	22.827
-28.825	22.827
-28.805	22.837
-28.755	22.787
-28.765	22.727
-28.875	22.697
POLYLINE BLACK
-28.405	22.027
-28.425	22.037
-28.445	22.027
-28.475	22.057
-28.485	22.097
-28.465	22.137
-28.425	22.137
-28.355	22.107
-28.355	22.077
-28.415	22.047
-28.445	22.047
POLYLINE BLACK
-27.915	22.307
-27.935	22.307
-27.955	22.357
-27.925	22.397
-27.905	22.397
-27.885	22.307
-27.885	22.267
-27.945	22.267
-27.965	22.277
POLYLINE BLACK
-27.265	21.907
-27.285	21.887
-27.325	21.947
-27.315	21.987
-27.265	22.027
-27.225	22.017
-27.205	21.977
-27.235	21.917
-27.275	21.907
-27.295	21.887
POLYLINE BLACK
-36.055	24.567
-36.035	24.557
-35.945	24.587
-35.905	24.577
-35.845	24.597
-35.825	24.597
-35.805	24.617
-35.775	24.607
-35.655	24.637
-35.615	24.637
-35.565	24.667
-35.505	24.687
-35.435	24.697
-35.355	24.727
-35.285	24.727
-35.245	24.767
-35.205	24.767
-35.145	24.787
-35.035	24.807
-35.015	24.827
-34.865	24.867
-34.775	24.907
-34.675	24.927
-34.635	24.937
-34.615	24.957
-34.575	24.957
-34.455	24.997
-34.215	25.047
-34.175	25.057
-34.055	25.087
-34.035	25.087
POLYLINE BLACK
-32.585	25.847
-32.595	25.827
-32.655	25.867
-32.695	25.857
-32.715	25.877
-32.755	25.877
-32.835	25.907
-32.865	25.907
-32.905	25.917
-32.945	25.917
-33.025	25.947
-33.205	25.987
-33.225	25.977
-33.375	26.027
-33.525	26.057
-33.605	26.047
-33.655	26.047
-33.745	26.077
-33.785	26.077
-33.845	26.097
-33.865	26.087
-33.935	26.107
-33.975	26.117
-33.995	26.127
-34.035	26.117
-34.095	26.127
-34.115	26.147
-34.175	26.147
-34.215	26.157
-34.295	26.147
-34.385	26.147
POLYLINE BLACK
-32.825	25.127
-32.925	25.147
-32.965	25.147
-33.005	25.157
-33.045	25.147
-33.065	25.157
-33.105	25.147
-33.165	25.147
-33.205	25.157
-33.295	25.157
-33.335	25.167
-33.475	25.147
-33.575	25.147
-33.615	25.157
-33.645	25.157
-33.665	25.147
-33.685	25.157
-33.705	25.147
-33.725	25.157
-33.875	25.097
-33.935	25.097
-33.975	25.087
-34.095	25.087
-34.115	25.097
POLYLINE BLACK
-32.615	23.447
-32.605	23.407
-32.625	23.347
-32.625	23.317
-32.645	23.257
-32.645	23.197
-32.655	23.157
-32.655	23.117
-32.675	23.037
-32.685	22.967
-32.675	22.927
-32.665	22.837
-32.665	22.747
-32.715	22.557
-32.735	22.467
-32.735	22.407
-32.755	22.367
-32.755	22.257
-32.735	22.167
-32.735	22.127
-32.765	22.017
-32.795	21.977
-32.795	21.957
-32.815	21.927
-32.835	21.807
-32.845	21.767
-32.855	21.717
-32.875	21.637
-32.875	21.597
-32.865	21.557
-32.865	21.517
-32.855	21.477
-32.895	21.287
-32.905	21.207
-32.905	21.097
-32.935	20.977
-32.955	20.887
-32.965	20.847
-32.975	20.767
-32.995	20.627
-32.995	20.607
POLYLINE BLACK
-33.565	20.737
-33.575	20.777
-33.595	20.877
-33.595	20.907
-33.585	20.947
-33.565	21.027
-33.545	21.107
-33.545	21.167
-33.495	21.387
-33.465	21.427
-33.445	21.477
-33.405	21.537
-33.405	21.577
-33.345	21.757
-33.335	21.797
-33.295	21.917
-33.295	21.957
-33.275	22.067
-33.285	22.157
-33.235	22.257
-33.155	22.387
-33.145	22.427
-33.115	22.517
-33.095	22.597
-33.035	22.737
-33.035	22.767
-32.935	22.957
-32.925	23.017
-32.965	23.117
-32.965	23.167
-32.975	23.207
-32.985	23.277
-32.975	23.317
-32.965	23.407
-32.935	23.467
-32.905	23.497
-32.895	23.517
-32.875	23.517
-32.855	23.537
-32.795	23.527
-32.785	23.547
-32.695	23.547
-32.675	23.557
-32.625	23.507
-32.605	23.447
-32.605	23.387
-32.645	23.327
POLYLINE BLACK
-32.955	19.977
-32.955	19.957
-32.985	20.067
-32.985	20.117
-32.995	20.157
-32.995	20.197
-33.005	20.237
-33.005	20.367
-33.015	20.407
-33.015	20.487
-32.995	20.577
-32.995	20.687
POLYLINE BLACK
-32.955	19.927
-32.945	19.897
-33.005	19.877
-33.085	19.877
-33.105	19.887
-33.125	19.877
-33.255	19.907
-33.275	19.897
-33.315	19.907
-33.335	19.897
-33.375	19.907
-33.435	19.887
-33.515	19.917
-33.595	19.927
-33.615	19.947
-33.655	19.957
-33.705	20.037
-33.715	20.087
-33.695	20.167
-33.695	20.227
-33.635	20.367
-33.585	20.517
-33.585	20.717
POLYLINE CONNECT
-32.985	20.657
-32.620	25.738
POLYLINE BLACK
-30.155	24.197
-31.305	24.987
-31.345	25.027
-31.435	25.087
-31.535	25.187
-31.705	25.287
-31.745	25.297
-31.955	25.457
-32.105	25.587
-32.225	25.657
-32.245	25.657
-32.265	25.677
-32.305	25.687
-32.365	25.707
-32.425	25.757
-32.475	25.757
-32.515	25.767
-32.535	25.787
-32.575	25.777
-32.595	25.787
-32.635	25.777
POLYLINE BLACK
-30.475	23.497
-30.555	23.527
-30.635	23.607
-30.665	23.617
-30.845	23.797
-31.035	23.957
-31.155	24.077
-31.355	24.237
-31.425	24.327
-31.625	24.517
-31.645	24.567
-31.795	24.687
-31.905	24.737
-31.945	24.777
-32.055	24.827
-32.135	24.887
-32.205	24.907
-32.295	24.977
-32.345	24.987
-32.515	25.067
-32.605	25.077
-32.625	25.097
-32.665	25.107
-32.685	25.127
-32.745	25.117
-32.765	25.137
POLYLINE BLACK
-28.075	22.807
-28.145	22.807
-28.225	22.847
-28.295	22.847
-28.355	22.897
-28.415	22.897
-28.475	22.957
-28.525	22.967
-28.615	23.007
-28.775	23.107
-28.825	23.137
-28.925	23.217
-29.035	23.297
-29.185	23.407
-29.295	23.497
-29.415	23.577
-29.475	23.647
-29.525	23.677
-29.615	23.747
-29.705	23.837
-29.865	23.977
-29.885	23.977
-29.985	24.057
-30.045	24.097
-30.105	24.147
-30.145	24.157
-30.175	24.187
POLYLINE BLACK
-29.065	21.927
-29.075	21.907
-29.155	21.927
-29.265	21.987
-29.305	22.017
-29.325	22.017
-29.415	22.087
-29.455	22.097
-29.635	22.177
-29.735	22.247
-29.785	22.327
-29.815	22.357
-29.885	22.447
-29.895	22.497
-29.915	22.577
-29.975	22.697
-30.005	22.737
-30.005	22.757
-30.035	22.807
-30.045	22.847
-30.105	22.977
-30.135	23.017
-30.165	23.027
-30.205	23.117
-30.385	23.347
-30.515	23.477
POLYLINE BLACK
-26.895	21.937
-26.975	22.017
-27.185	22.237
-27.205	22.237
-27.395	22.397
-27.605	22.517
-27.715	22.557
-27.755	22.587
-27.875	22.617
-27.915	22.647
-27.935	22.647
-28.095	22.777
-28.135	22.787
POLYLINE GREEN
-27.825	21.807
-27.815	21.827
-27.825	21.897
-27.815	21.977
-27.815	22.017
-27.805	22.037
-27.815	21.957
-27.835	21.817
-27.835	21.777
POLYLINE GREEN
-27.945	21.647
-27.875	21.757
-27.815	21.797
-27.725	21.687
-27.715	21.667
POLYLINE BLACK
-29.105	21.877
-29.035	21.797
-28.965	21.707
-28.965	21.687
-28.885	21.617
-28.845	21.607
-28.785	21.557
-28.705	21.537
-28.645	21.517
-28.535	21.517
-28.445	21.497
-28.405	21.507
-28.365	21.507
-28.325	21.517
-28.305	21.507
-28.265	21.517
-28.155	21.527
-28.115	21.537
-28.055	21.537
-27.975	21.557
-27.945	21.547
-27.905	21.557
-27.865	21.557
-27.815	21.567
-27.715	21.587
-27.675	21.577
-27.585	21.567
-27.525	21.547
-27.485	21.517
-27.445	21.517
-27.385	21.487
-27.345	21.487
-27.285	21.427
POLYLINE BLACK
-26.750	21.357
-26.790	21.357
-26.810	21.367
-26.810	21.437
-26.750	21.477
-26.710	21.457
-26.700	21.417
-26.710	21.377
-26.770	21.327
POLYLINE BLACK
-26.810	20.727
-26.860	20.777
-26.850	20.847
-26.820	20.867
-26.800	20.867
-26.790	20.887
-26.760	20.827
-26.810	20.747
-26.830	20.757
POLYLINE BLACK
-26.350	20.787
-26.390	20.757
-26.430	20.767
-26.450	20.787
-26.450	20.837
-26.430	20.857
-26.390	20.867
-26.370	20.877
-26.350	20.867
-26.350	20.807
-26.380	20.767
POLYLINE BLACK
-25.660	19.687
-25.700	19.697
-25.730	19.737
-25.720	19.777
-25.680	19.807
-25.640	19.797
-25.640	19.777
-25.680	19.737
POLYLINE BLACK
-25.330	19.837
-25.370	19.847
-25.390	19.887
-25.360	19.927
-25.320	19.937
-25.290	19.897
-25.290	19.857
-25.350	19.817
-25.370	19.827
POLYLINE BLACK
-25.220	19.417
-25.260	19.417
-25.280	19.437
-25.260	19.477
-25.220	19.507
-25.180	19.497
-25.170	19.457
-25.170	19.437
-25.190	19.417
-25.210	19.427
POLYLINE BLACK
-26.160	20.557
-26.030	20.337
-25.920	20.107
-25.870	20.047
-25.850	20.007
-25.800	20.037
-25.770	20.037
-25.710	20.077
-25.640	20.077
-25.580	20.117
-25.540	20.127
-25.490	20.157
-25.450	20.157
-25.430	20.197
-25.450	20.227
-25.460	20.267
-25.590	20.477
-25.610	20.537
-25.630	20.557
-25.640	20.607
-25.690	20.687
-25.700	20.727
-25.710	20.757
-25.730	20.767
-25.750	20.747
-25.770	20.757
-25.860	20.727
-25.880	20.707
-26.020	20.637
-26.120	20.577
-26.140	20.577
-26.160	20.557
POLYLINE BLACK
-24.730	19.647
-24.750	19.637
-24.870	19.687
-25.070	19.847
-25.180	19.957
-25.260	20.057
-25.400	20.337
-25.460	20.437
-25.510	20.517
-25.590	20.617
-25.810	20.817
-25.830	20.817
-25.890	20.867
-26.150	21.037
-26.190	21.047
-26.250	21.087
-26.350	21.217
-26.400	21.267
-26.550	21.467
-26.570	21.517
-26.640	21.617
-26.730	21.747
-26.770	21.757
-26.820	21.827
-26.880	21.867
-26.910	21.907
POLYLINE BLACK
-26.150	19.907
-26.190	19.917
-26.210	19.907
-26.270	19.927
-26.290	19.947
-26.330	19.957
-26.350	19.977
-26.350	20.117
-26.370	20.167
-26.370	20.197
-26.400	20.237
-26.400	20.257
-26.380	20.247
-26.340	20.257
-26.290	20.237
-26.180	20.267
-26.150	20.267
-26.110	20.257
-26.070	20.257
-26.050	20.267
-26.030	20.247
-26.000	19.997
-25.990	19.957
-25.970	19.867
-26.010	19.887
-26.060	19.887
-26.080	19.877
-26.160	19.907
-26.180	19.897
POLYLINE BLACK
-25.610	20.887
POLYLINE BLACK
-25.080	19.137
-25.210	19.217
-25.300	19.277
-25.340	19.287
-25.460	19.337
-25.720	19.547
-25.810	19.587
-25.820	19.617
-25.960	19.687
-25.980	19.707
-26.020	19.717
-26.120	19.797
-26.250	19.877
-26.330	19.927
-26.350	19.927
-26.390	19.957
-26.420	19.957
-26.450	19.987
-26.540	20.047
-26.580	20.087
-26.670	20.157
-26.900	20.407
-26.950	20.497
-26.980	20.557
-26.990	20.597
-27.020	20.687
-27.060	20.797
-27.070	20.837
-27.100	20.977
-27.150	21.187
-27.210	21.347
-27.260	21.407
POLYLINE GREEN
-37.738	24.536
-37.708	24.551
-37.693	24.596
-37.588	24.716
-37.543	24.791
-37.543	24.821
-37.393	24.941
-37.258	25.001
-37.063	25.136
-36.913	25.256
-36.823	25.331
-36.793	25.331
-36.763	25.346
-36.748	25.376
-36.643	25.421
-36.613	25.451
-36.583	25.451
-36.388	25.601
-36.298	25.766
-36.298	26.171
-36.283	26.231
-36.283	26.456
POLYLINE GREEN
-38.593	25.001
POLYLINE GREEN
-37.843	27.146
-37.903	27.146
-37.948	27.131
-38.143	27.131
-38.263	27.116
-38.398	27.026
-38.458	26.921
-38.548	26.846
-38.608	26.726
-38.623	26.651
-38.653	26.606
-38.683	26.501
-38.683	26.366
-38.668	26.306
-38.668	26.156
-38.683	26.126
-38.683	26.051
-38.713	25.931
-38.698	25.901
-38.698	25.856
-38.683	25.796
-38.653	25.766
-38.653	25.601
-38.623	25.571
-38.623	25.496
-38.608	25.436
-38.608	25.331
-38.638	25.211
-38.638	25.151
-38.608	25.091
POLYLINE BLACK
-35.113	27.491
-35.113	27.521
-35.203	27.641
POLYLINE BLACK
-35.218	27.281
-35.293	27.296
-35.353	27.341
POLYLINE BLACK
-35.503	26.906
-35.533	26.936
-35.563	27.041
POLYLINE BLACK
-35.713	26.681
-35.713	26.711
-35.743	26.741
-35.788	26.891
POLYLINE BLACK
-36.148	26.606
-36.148	26.681
-36.133	26.756
POLYLINE BLACK
-36.463	26.486
-36.463	26.516
-36.403	26.711
POLYLINE BLACK
-36.778	26.636
-36.748	26.696
POLYLINE BLACK
-37.063	26.741
-37.003	26.831
POLYLINE BLACK
-37.333	26.771
-37.333	26.741
-37.243	26.846
POLYLINE BLACK
-37.648	26.861
-37.588	26.921
-37.558	26.921
POLYLINE BLACK
-37.708	27.236
-37.723	27.206
-37.678	27.131
POLYLINE BLACK
-37.393	27.371
-37.393	27.221
POLYLINE BLACK
-37.048	27.326
-37.078	27.266
-37.078	27.221
POLYLINE BLACK
-36.778	27.281
-36.778	27.206
-36.808	27.146
POLYLINE BLACK
-36.433	27.386
-36.433	27.251
POLYLINE BLACK
-36.283	27.551
-36.223	27.476
-36.178	27.446
-36.163	27.401
POLYLINE BLACK
-36.193	27.776
-36.148	27.716
POLYLINE BLACK
-35.938	28.091
-35.923	27.941
POLYLINE BLACK
-35.743	28.121
-35.743	27.971
POLYLINE BLACK
-35.443	28.076
-35.473	27.941
POLYLINE BLACK
-35.503	28.076
-35.458	28.016
-35.428	28.046
-35.398	28.031
-35.323	28.046
-35.218	28.106
POLYLINE BLACK
-35.458	28.016
POLYLINE BLACK
-36.208	26.546
-36.103	26.546
-36.043	26.576
-35.998	26.576
-35.848	26.621
-35.713	26.621
-35.503	26.786
-35.353	26.891
-35.308	26.966
-35.308	26.996
-35.263	27.086
-35.218	27.251
-35.128	27.326
-35.083	27.401
-35.083	27.431
-35.053	27.491
-35.053	27.521
-34.918	27.671
POLYLINE BLACK
-35.308	27.641
POLYLINE BLACK
-36.298	27.491
-36.208	27.626
-36.208	27.686
-36.193	27.746
-36.193	27.776
-36.058	28.046
-35.998	28.106
-35.968	28.106
-35.908	28.151
-35.803	28.151
-35.743	28.166
-35.713	28.166
-35.653	28.136
-35.623	28.136
-35.533	28.061
-35.503	27.971
-35.458	27.911
-35.368	27.866
-35.338	27.806
-35.338	27.776
-35.323	27.716
-35.323	27.686
POLYLINE BLACK
-37.048	27.401
-37.018	27.401
-36.913	27.356
POLYLINE BLACK
-37.243	26.741
-37.183	26.711
-37.123	26.711
-37.048	26.651
-36.988	26.651
-36.868	26.621
-36.793	26.606
-36.733	26.576
-36.673	26.576
-36.583	26.516
-36.553	26.516
-36.463	26.471
-36.373	26.471
-36.313	26.486
-36.238	26.501
POLYLINE BLACK
-37.213	26.696
-37.303	26.666
-37.333	26.696
-37.408	26.696
-37.618	26.846
-37.753	27.056
-37.753	27.086
-37.738	27.146
-37.663	27.236
-37.573	27.296
-37.543	27.296
-37.408	27.356
-37.378	27.341
-37.318	27.371
-37.228	27.371
-37.168	27.356
-37.078	27.356
-37.048	27.371
-36.958	27.326
POLYLINE BLUE
-34.828	27.566
-34.858	27.626
-35.038	27.536
-35.278	27.476
-35.278	27.296
-35.338	27.116
-35.398	27.056
-35.518	27.086
-35.818	27.176
-35.878	27.146
-35.938	27.176
-35.878	26.846
-36.328	26.846
-36.448	26.816
-36.568	26.846
-36.688	26.846
-36.658	26.906
-36.448	26.996
-36.328	27.086
-36.328	27.086
-36.628	26.966
-36.688	26.906
-36.688	26.846
-36.358	26.696
-36.208	26.486
POLYLINE GREEN
-38.248	24.536
-38.248	24.536
-38.263	24.596
-38.263	24.626
-38.308	24.716
-38.338	24.731
-38.413	24.836
-38.548	24.896
-38.578	24.896
-38.608	24.911
-38.668	24.896
-38.788	24.821
-38.968	24.686
-39.103	24.536
-39.163	24.386
-39.223	24.326
-39.238	24.251
-39.238	24.161
-39.223	24.131
-39.223	24.086
-39.193	23.996
-39.073	23.891
-39.043	23.876
-38.998	23.876
-38.938	23.861
-38.743	23.846
-38.503	23.996
-38.413	24.071
-38.383	24.131
-38.383	24.176
-38.338	24.266
-38.338	24.296
-38.323	24.356
-38.323	24.386
-38.308	24.416
-38.308	24.611
-38.323	24.566
POLYLINE GREEN
-38.353	25.256
-38.458	25.421
POLYLINE GREEN
-38.398	25.721
-38.413	25.751
-38.473	25.796
-38.518	25.856
-38.548	25.961
-38.533	25.991
-38.503	26.006
POLYLINE GREEN
-38.518	26.651
-38.443	26.876
-38.368	26.966
-38.278	26.981
POLYLINE GREEN
-37.858	26.951
-37.888	26.921
-37.813	27.026
-37.753	27.071
-37.693	27.071
-37.543	27.011
POLYLINE GREEN
-37.858	26.381
-37.858	26.426
-37.873	26.456
-37.813	26.606
-37.738	26.621
-37.708	26.606
POLYLINE GREEN
-37.693	25.781
-37.858	25.856
-37.888	25.961
-37.858	26.036
POLYLINE GREEN
-35.953	29.006
-35.923	28.976
-36.043	28.691
POLYLINE GREEN
-36.208	29.561
-36.118	29.531
-36.028	29.456
POLYLINE GREEN
-36.643	29.381
-36.643	29.426
-36.568	29.516
-36.388	29.516
POLYLINE GREEN
-37.138	29.276
-37.198	29.261
-37.228	29.231
-37.243	29.156
-37.243	29.051
-37.183	29.006
POLYLINE GREEN
-37.183	28.466
-37.183	28.436
-37.198	28.406
-37.198	28.331
-37.183	28.271
-37.153	28.241
-37.063	28.241
POLYLINE GREEN
-36.583	28.226
-36.538	28.196
-36.508	28.196
-36.373	28.256
-36.283	28.346
POLYLINE GREEN
-36.898	27.881
-36.853	27.716
-36.823	27.686
-36.718	27.746
-36.613	27.926
POLYLINE GREEN
-37.288	29.456
-37.438	29.276
-37.483	29.171
-37.483	29.126
-37.498	29.096
-37.483	28.991
-37.408	28.811
-37.408	28.721
-37.378	28.601
-37.378	28.436
-37.438	28.271
-37.438	28.151
-37.378	27.956
-37.333	27.851
-37.243	27.731
-37.153	27.656
-37.093	27.551
-37.033	27.506
-37.003	27.461
-36.793	27.311
-36.763	27.311
-36.673	27.266
-36.628	27.266
-36.418	27.326
-36.328	27.386
-36.313	27.521
-36.313	27.551
-36.298	27.581
-36.298	27.716
-36.223	27.926
-36.163	27.986
-36.163	28.016
-35.953	28.256
-35.908	28.316
-35.848	28.316
-35.728	28.376
-35.653	28.436
-35.608	28.496
-35.608	28.556
-35.698	28.721
-35.728	28.751
-35.773	28.856
-35.773	28.886
-35.788	28.946
-35.788	28.991
-35.803	29.051
-35.803	29.201
-35.833	29.261
-35.833	29.306
-35.848	29.366
-35.848	29.456
-35.818	29.501
-35.818	29.531
-35.803	29.591
-35.803	29.636
-35.788	29.696
-35.788	29.831
POLYLINE GREEN
-36.463	28.631
-36.523	28.571
-36.553	28.571
-36.688	28.526
-36.883	28.541
-36.913	28.541
-36.943	28.616
-36.973	28.646
-36.988	28.811
-37.003	28.871
-37.003	28.946
-36.943	29.081
-36.913	29.111
-36.868	29.126
-36.808	29.201
-36.703	29.246
-36.673	29.246
-36.643	29.276
-36.613	29.276
-36.583	29.291
-36.418	29.231
-36.403	29.201
-36.343	29.171
-36.268	29.006
-36.268	28.946
-36.253	28.916
-36.298	28.766
-36.388	28.616
-36.418	28.616
-36.598	28.526
-36.643	28.511
POLYLINE GREEN
-36.748	25.601
-36.778	25.616
-36.973	25.571
-37.093	25.571
-37.258	25.631
-37.378	25.736
-37.453	25.856
-37.468	25.931
-37.498	25.991
-37.498	26.141
-37.468	26.261
-37.468	26.291
-37.378	26.411
-37.273	26.531
-37.198	26.576
-37.168	26.576
-37.063	26.606
-37.033	26.606
-36.973	26.621
-36.838	26.621
-36.643	26.546
-36.583	26.456
-36.568	26.411
-36.508	26.321
-36.463	26.186
-36.463	26.126
-36.448	26.066
-36.448	25.991
-36.523	25.871
-36.523	25.841
-36.538	25.811
-36.628	25.751
-36.688	25.646
-36.838	25.601
-36.868	25.601
-36.898	25.616
POLYLINE BLACK
-42.373	26.381
-42.373	26.246
-42.358	26.186
-42.358	26.156
-42.343	26.126
-42.343	26.021
-42.313	25.901
-42.313	25.841
-42.268	25.706
-42.268	25.661
-42.253	25.631
-42.253	25.586
-42.238	25.526
-42.238	25.451
-42.223	25.391
-42.223	25.361
-42.208	25.331
-42.208	25.256
-42.193	25.226
-42.193	25.151
-42.178	25.091
-42.178	25.046
-42.103	24.746
-42.073	24.656
-42.073	24.611
-42.013	24.476
-41.983	24.371
-41.893	24.161
-41.878	24.086
-41.668	23.651
-41.653	23.576
-41.593	23.441
-41.593	23.411
-41.563	23.351
-41.563	23.321
-41.518	23.231
-41.518	23.201
-41.488	23.141
-41.488	23.141
POLYLINE BLACK
-41.023	29.456
-41.023	29.426
-41.098	29.336
-41.278	29.201
-41.368	29.126
-41.413	29.051
-41.473	29.006
-41.503	28.931
-41.563	28.856
-41.593	28.841
-41.683	28.706
-41.713	28.676
-41.728	28.631
-41.863	28.481
-41.908	28.376
-41.968	28.286
-41.998	28.211
-42.028	28.181
-42.133	27.956
-42.133	27.896
-42.208	27.686
-42.208	27.656
-42.253	27.521
-42.253	27.491
-42.328	27.266
-42.328	27.191
-42.343	27.161
-42.343	26.531
-42.358	26.471
-42.358	26.351
-42.373	26.291
POLYLINE BLACK
-40.648	29.306
POLYLINE GREEN
-41.473	24.056
-41.443	24.056
-41.383	24.041
-41.248	24.041
-41.218	24.026
POLYLINE GREEN
-41.353	24.011
-41.473	23.801
-41.473	23.741
-41.413	23.681
-41.383	23.681
-41.293	23.606
-41.263	23.501
-41.263	23.471
-41.308	23.411
-41.398	23.336
-41.413	23.306
-41.323	23.141
-41.308	23.066
-41.323	23.006
-41.323	22.946
POLYLINE BLACK
-35.938	24.611
-35.968	24.581
-35.998	24.596
-36.058	24.566
-36.193	24.566
-36.253	24.536
-36.358	24.536
-36.478	24.491
-36.568	24.491
-36.628	24.461
-36.763	24.431
-36.793	24.446
-36.898	24.416
-36.988	24.401
-37.048	24.416
-37.078	24.416
-37.183	24.386
-37.453	24.386
-37.513	24.371
-37.543	24.386
-37.588	24.386
-37.708	24.416
-37.798	24.416
-37.858	24.446
-37.888	24.431
-37.888	24.371
-37.858	24.311
-37.858	24.236
-37.813	24.176
POLYLINE BLACK
-32.608	25.586
-32.548	25.586
-32.518	25.601
POLYLINE BLACK
-34.633	26.396
-34.618	26.261
-34.618	26.231
-34.588	26.201
-34.588	26.171
-34.528	26.186
-34.498	26.171
-34.453	26.171
-34.393	26.156
-34.333	26.156
-34.258	26.126
POLYLINE BLACK
-32.968	27.716
-32.998	27.716
-33.103	27.656
-33.163	27.656
-33.193	27.641
-33.238	27.641
-33.358	27.596
-33.418	27.596
-33.553	27.536
-33.583	27.536
-33.643	27.521
-33.673	27.521
-33.808	27.431
-33.838	27.431
-33.898	27.401
-33.928	27.401
-33.988	27.356
-34.018	27.356
-34.168	27.266
-34.198	27.266
-34.288	27.236
-34.408	27.161
-34.438	27.161
-34.528	27.116
-34.558	27.116
-34.708	26.996
-34.738	26.936
-34.738	26.786
-34.723	26.711
-34.723	26.681
-34.738	26.621
-34.708	26.501
-34.708	26.471
-34.693	26.411
-34.693	26.381
-34.618	26.261
POLYLINE GREEN
-43.048	39.611
-42.948	39.511
-42.928	39.431
-42.888	39.291
-42.848	39.011
-42.808	38.911
-42.668	38.771
-42.608	38.831
-42.508	39.051
-42.508	39.051
-42.508	38.991
-42.528	38.911
-42.488	38.711
-42.448	38.631
-42.088	39.731
POLYLINE GREEN
-44.228	39.651
-44.168	39.531
-44.148	39.431
-44.068	39.271
-44.068	39.151
-44.048	39.071
-43.988	38.791
-43.968	38.711
-43.908	38.631
-43.808	38.791
-43.708	39.131
-43.708	39.311
-43.628	39.511
-43.588	39.551
POLYLINE GREEN
-39.468	38.011
-39.328	38.151
-39.288	38.151
-39.268	38.071
-39.248	37.991
POLYLINE GREEN
-41.568	36.771
-41.508	36.851
-41.488	36.931
-41.408	37.151
-41.408	37.311
-41.388	37.391
-41.388	37.471
-41.368	37.551
-41.348	37.631
-41.308	37.731
-41.268	37.771
-41.148	37.571
-41.148	37.511
-41.128	37.431
-41.128	37.391
-41.088	37.371
-41.068	37.411
-41.028	37.391
-40.988	37.431
-40.928	37.431
-40.828	37.551
-40.828	37.211
-40.788	37.091
-40.748	37.091
-40.708	37.051
-40.628	37.091
-40.148	37.571
-40.008	37.711
-39.988	37.751
-39.908	37.771
-39.828	37.831
-39.748	37.831
-39.668	37.891
-39.628	37.891
-39.588	37.931
-39.548	37.911
-39.488	37.951
-39.448	37.951
-39.408	37.991
-39.328	38.011
-39.288	38.031
-39.248	38.011
-39.168	38.051
-38.968	37.951
-38.888	37.931
-38.748	37.811
-38.588	37.731
-38.408	37.691
-38.288	37.651
-38.248	37.611
-38.168	37.611
-38.048	37.551
POLYLINE BLACK
-40.668	33.591
-40.588	34.371
-40.588	34.571
-40.528	34.691
-40.508	34.871
-40.528	34.951
-40.548	35.031
-40.548	35.211
-40.568	35.311
-40.608	35.511
-40.668	35.631
-40.668	35.671
-40.788	35.831
-40.908	35.911
-40.928	35.951
-40.968	35.931
-41.048	36.011
-41.168	36.031
-41.288	36.111
-41.348	36.131
-41.388	36.111
-41.508	36.151
-41.608	36.251
-41.648	36.231
-41.788	36.391
-41.808	36.471
-41.848	36.511
-41.808	36.491
-41.768	36.531
-41.768	36.571
-41.628	36.671
-41.588	36.671
-41.548	36.711
-41.508	36.711
-41.468	36.751
-41.388	36.751
-41.348	36.771
-41.228	36.731
-41.188	36.751
-41.108	36.731
-41.068	36.751
-40.988	36.711
-40.828	36.771
-40.748	36.771
-40.668	36.831
-40.608	36.831
-40.568	36.811
-40.528	36.831
-40.488	36.811
-40.468	36.851
-40.428	36.851
-40.408	36.891
-40.248	36.891
-40.168	36.951
-40.168	36.951
-40.168	36.951
-40.168	36.951
-40.008	36.971
-39.928	36.991
-39.848	36.971
-39.488	37.071
-39.328	37.071
-39.268	37.091
-39.168	37.091
-38.948	37.131
-38.788	37.171
-38.488	37.311
-38.388	37.311
-38.348	37.351
-38.268	37.351
-38.188	37.411
-38.148	37.391
-38.028	37.471
-38.008	37.551
-38.008	37.731
-38.128	37.811
-38.208	37.971
-38.208	38.271
-38.188	38.351
-38.148	38.611
-38.108	38.811
-38.048	39.091
-38.048	39.411
-38.088	39.571
-38.208	39.611
-38.248	39.591
-38.388	39.611
-38.528	39.611
-38.608	39.631
-38.768	39.611
-38.888	39.611
-38.968	39.631
-39.008	39.631
-39.168	39.891
-39.188	39.971
-39.248	40.171
-39.268	40.271
-39.308	40.311
-39.328	40.391
-39.368	40.411
-39.568	40.111
-39.608	39.871
-39.708	39.771
-39.748	39.771
-39.768	39.731
-39.768	39.731
-39.768	39.731
-39.988	39.651
-40.028	39.671
-40.068	39.651
-40.148	39.671
-40.348	39.711
-40.388	39.751
-40.528	39.751
-40.608	39.771
-40.688	39.771
-40.848	39.811
-41.008	39.831
-41.168	39.811
-41.248	39.791
-41.288	39.811
-41.368	39.751
-41.428	39.751
-41.828	39.671
-42.068	39.651
-42.208	39.631
-42.368	39.631
-42.488	39.671
-42.648	39.711
-42.728	39.691
-42.748	39.651
-42.788	39.671
-42.828	39.631
-42.908	39.651
-42.988	39.591
-43.168	39.551
-43.388	39.491
-43.868	39.491
-43.948	39.511
-44.068	39.511
-44.248	39.551
-44.328	39.551
-44.448	39.591
-44.608	39.591
-44.728	39.551
-44.768	39.511
-44.768	39.471
-44.848	39.411
-44.948	39.371
-45.108	39.171
-45.128	39.091
-45.228	38.911
-45.228	38.471
-45.268	38.271
-45.268	38.151
-45.308	37.991
-45.308	37.731
-45.228	37.431
-45.188	37.251
-45.148	37.051
-45.148	36.931
-45.148	36.931
-45.148	36.931
-45.128	36.851
-45.088	36.711
-45.048	36.671
-45.028	36.491
-45.048	36.331
-45.028	36.251
-45.028	36.171
-44.988	36.191
-44.908	36.131
-44.688	36.071
-44.448	36.071
-44.408	36.091
-44.368	36.071
-44.208	36.111
-44.008	36.151
-43.928	36.151
POLYLINE BLACK
-44.048	36.091
-43.928	36.111
-43.748	36.111
-43.708	36.131
-43.428	36.091
-43.388	36.111
-43.208	36.051
-43.128	36.031
-42.888	35.951
-42.808	35.971
-42.608	35.931
-42.528	35.911
-42.488	35.871
-42.248	35.811
-42.208	35.771
-42.168	35.771
-41.868	35.471
-41.848	35.311
-41.848	35.211
-41.788	34.971
-41.808	34.891
-41.788	34.751
-41.828	34.551
-41.828	34.331
-41.768	34.151
-41.688	33.991
-41.628	33.731
-41.528	33.571
-41.448	33.551
-41.368	33.531
-41.288	33.531
-41.248	33.551
-41.088	33.511
-40.968	33.511
-40.928	33.491
-40.808	33.531
-40.688	33.491
-40.748	33.551
POLYLINE GREEN
-44.108	36.111
-43.988	36.111
-43.828	36.231
-43.768	36.291
-43.628	36.431
-43.528	36.591
-43.388	36.711
-43.348	36.711
-43.308	36.751
-43.188	36.731
-42.988	36.511
-42.968	36.431
-42.928	36.311
-42.928	36.251
-42.848	36.091
-42.788	36.031
-42.748	36.051
POLYLINE CONNECT
-43.348	36.671
-37.089	26.004
POLYLINE BLACK
-41.218	29.346
-41.178	29.386
-41.138	29.386
-40.838	29.566
-40.718	29.606
-40.638	29.666
-40.558	29.666
-40.378	29.626
-40.338	29.666
-40.178	29.666
-39.878	29.746
-39.798	29.706
-39.618	29.766
-39.398	29.766
-39.158	29.826
-39.078	29.806
-38.898	29.786
-38.818	29.786
-38.738	29.766
-38.678	29.766
-38.598	29.706
-38.518	29.686
-38.478	29.646
-38.398	29.626
-38.298	29.566
-38.218	29.546
-38.138	29.526
-38.038	29.486
-37.958	29.486
-37.738	29.386
-37.618	29.386
-37.578	29.366
-37.478	29.386
-37.378	29.406
-37.218	29.466
-37.118	29.486
-36.718	29.626
-36.638	29.646
-36.598	29.646
-36.558	29.686
-36.258	29.746
-36.158	29.746
-35.978	29.806
-35.878	29.806
-35.598	29.866
-35.498	29.886
-35.018	30.066
-34.938	30.086
-34.798	30.206
-34.678	30.206
-34.638	30.226
POLYLINE GREEN
-33.513	34.986
-33.708	34.671
-33.918	34.416
POLYLINE GREEN
-33.573	35.526
-33.843	35.031
-34.053	34.701
-34.068	34.641
POLYLINE GREEN
-33.528	36.246
-33.783	35.796
-34.113	35.271
-34.203	35.106
POLYLINE GREEN
-33.798	36.291
-33.933	36.036
-33.963	35.946
-34.293	35.361
-34.338	35.301
POLYLINE GREEN
-34.038	36.561
-34.158	36.306
-34.293	36.066
-34.398	35.916
-34.488	35.751
-34.593	35.601
-34.698	35.406
-34.728	35.316
POLYLINE GREEN
-34.578	36.411
-35.223	35.271
-35.253	35.241
POLYLINE GREEN
-34.938	36.246
-35.013	36.171
-35.253	35.796
-35.583	35.181
-35.673	34.986
-35.793	34.776
-35.883	34.671
POLYLINE GREEN
-35.358	36.141
-35.688	35.631
-35.943	35.121
-36.003	34.986
POLYLINE GREEN
-35.658	36.216
-35.658	36.171
-35.733	35.991
-35.733	35.961
-35.883	35.766
POLYLINE GREEN
-33.558	36.321
-33.618	36.306
-33.648	36.306
-33.678	36.291
-33.738	36.306
-33.783	36.366
-33.828	36.396
-33.873	36.456
-33.903	36.456
-34.008	36.576
-34.068	36.666
-34.143	36.756
-34.233	36.801
-34.263	36.801
-34.383	36.741
-34.413	36.711
-34.443	36.711
-34.503	36.666
-34.533	36.666
-34.623	36.606
-34.638	36.546
-34.638	36.516
-34.683	36.456
-34.743	36.411
-34.773	36.426
-34.863	36.381
-34.893	36.381
-34.953	36.336
-35.013	36.351
-35.043	36.351
-35.163	36.306
-35.193	36.321
-35.253	36.306
-35.313	36.336
-35.343	36.336
-35.433	36.381
-35.508	36.381
-35.598	36.351
-35.688	36.276
-35.718	36.276
-35.748	36.246
-35.778	36.261
-35.838	36.246
-35.898	36.246
-35.958	36.231
POLYLINE GREEN
-35.403	34.491
-35.433	34.551
-35.433	34.611
-35.403	34.686
-35.373	34.701
-35.358	34.806
-35.253	35.076
-35.253	35.106
-35.238	35.136
-35.208	35.136
-35.178	35.181
-35.103	35.196
-34.968	35.226
-34.938	35.256
-34.878	35.256
-34.773	35.286
-34.743	35.286
-34.653	35.256
-34.548	35.256
-34.428	35.166
-34.353	35.151
-34.293	35.106
-34.233	35.106
-34.188	35.046
-34.188	35.016
-34.158	34.956
-34.158	34.926
-34.143	34.866
-34.113	34.836
-34.098	34.701
-34.098	34.581
-34.113	34.521
-34.113	34.416
-34.083	34.386
-34.023	34.386
POLYLINE BLUE
-34.863	34.461
-34.893	34.401
-34.833	34.386
-34.743	34.416
-34.743	34.356
-34.638	34.386
-34.608	34.386
-34.473	34.431
-34.443	34.431
-34.458	34.401
-34.413	34.416
-34.383	34.446
-34.323	34.446
-34.368	34.386
-34.428	34.341
-34.458	34.356
-34.668	34.356
-34.818	34.416
-34.848	34.416
-34.878	34.431
-34.968	34.416
-35.073	34.416
-35.163	34.371
-35.013	34.386
-34.878	34.401
-34.728	34.416
POLYLINE BLUE
-34.953	34.491
-34.953	34.461
-34.983	34.431
POLYLINE BLUE
-35.088	34.461
-35.118	34.461
-35.178	34.431
POLYLINE BLUE
-35.223	34.431
-35.223	34.461
-35.193	34.491
-35.133	34.491
-34.983	34.446
-34.788	34.446
-34.728	34.431
-34.698	34.431
-34.668	34.446
-34.623	34.431
-34.488	34.476
-34.458	34.461
-34.398	34.476
-34.308	34.476
-34.278	34.446
-34.278	34.386
-34.263	34.326
POLYLINE BLACK
-35.973	34.521
-35.973	34.551
-35.988	34.611
-35.988	34.701
POLYLINE BLACK
-33.543	36.891
-33.543	37.521
-33.528	37.566
-33.528	37.626
-33.513	37.731
-33.513	38.346
-33.483	38.436
-33.483	38.481
-33.468	38.511
-33.468	38.691
-33.558	39.351
-33.573	39.411
-33.573	39.471
-33.633	39.666
-33.663	39.726
-33.663	39.756
-33.798	39.816
-33.858	39.786
-33.918	39.666
-33.918	39.546
-33.873	39.441
-33.903	39.351
-33.963	39.306
-33.978	39.261
-34.128	39.156
-34.158	39.156
-34.188	39.126
-34.218	39.126
-34.248	39.111
-34.278	39.126
-34.338	39.081
-34.368	39.096
-34.383	39.066
-34.413	39.066
-34.443	39.036
-34.503	39.066
-34.818	39.066
-34.878	39.051
-34.908	39.051
-34.968	39.066
-35.028	39.051
-35.073	39.051
-35.133	39.066
-35.193	39.066
-35.223	39.081
-35.253	39.066
-35.313	39.081
-35.343	39.081
-35.403	39.066
-35.433	39.081
-35.463	39.066
-35.523	39.096
-35.553	39.096
-35.613	39.081
-35.643	39.096
-35.673	39.066
-35.703	39.066
-35.793	38.976
-35.823	38.976
-35.898	38.871
-35.898	38.841
-35.913	38.781
-35.928	38.631
-35.958	38.556
-35.958	38.466
-35.988	38.286
-35.988	38.226
-36.033	38.046
-36.033	38.001
-36.078	37.836
-36.108	37.611
-36.108	37.476
-36.123	37.431
-36.123	37.296
-36.108	37.161
-36.048	36.951
-36.048	36.921
-36.033	36.891
-36.033	36.846
-36.018	36.816
-36.018	36.696
-35.973	36.486
-35.973	36.456
-35.958	36.396
-35.943	36.261
-35.943	35.511
-35.958	35.436
-35.958	34.581
POLYLINE BLACK
-36.003	34.491
-35.973	34.461
-35.943	34.461
-35.853	34.416
-35.718	34.431
-35.568	34.431
-35.463	34.461
-35.358	34.416
-35.178	34.371
-34.968	34.371
-34.893	34.356
-34.803	34.356
-34.623	34.326
-34.428	34.326
-34.398	34.341
-34.323	34.341
-34.233	34.356
-34.203	34.356
-34.173	34.341
-34.113	34.356
-34.023	34.356
-33.993	34.371
-33.933	34.356
-33.903	34.371
-33.873	34.356
-33.738	34.431
-33.633	34.596
-33.498	34.761
-33.498	34.836
-33.543	34.971
-33.543	35.031
-33.558	35.061
-33.558	35.136
-33.588	35.241
-33.588	35.346
-33.603	35.406
-33.603	35.661
-33.588	35.736
-33.588	35.991
-33.573	36.021
-33.573	36.231
-33.558	36.306
-33.558	36.846
POLYLINE CONNECT
-34.223	36.796
-33.985	29.533
POLYLINE BLUE
-30.933	28.976
-30.993	28.956
-31.233	29.056
-31.413	29.256
-31.473	29.316
-31.633	29.376
-31.713	29.376
-31.893	29.316
-31.933	29.276
-31.973	29.276
-32.093	29.176
-32.173	29.216
-32.213	29.296
-32.253	29.296
-32.133	29.416
-31.973	29.476
-31.993	29.396
-32.173	29.136
-32.073	29.116
-31.953	29.036
-31.893	29.036
-31.853	29.016
POLYLINE BLUE
-27.693	29.796
-27.873	29.736
-28.233	29.736
-28.553	29.696
-28.633	29.656
-28.653	29.576
-28.653	29.416
-28.733	29.336
-28.913	29.276
-29.213	29.216
-29.533	29.216
-29.793	29.036
-29.993	28.976
-30.153	28.936
-30.173	29.016
-29.993	29.196
-29.873	29.316
-30.053	29.036
-30.133	28.956
-30.133	28.916
-29.873	28.876
-29.693	28.776
-29.653	28.756
POLYLINE GREEN
-32.893	29.156
-32.773	29.056
-32.773	28.956
-32.793	28.916
POLYLINE GREEN
-34.133	29.956
-33.893	30.036
-33.753	30.016
-33.693	29.976
POLYLINE GREEN
-33.553	30.116
-33.453	30.096
-33.273	29.976
-33.193	29.856
POLYLINE GREEN
-34.273	29.296
-34.273	29.116
-34.213	29.016
-34.173	29.016
POLYLINE GREEN
-33.353	28.816
-33.293	28.676
-33.213	28.616
-33.133	28.636
-32.993	28.736
POLYLINE GREEN
-34.013	28.296
-33.833	28.176
-33.733	28.176
-33.653	28.216
POLYLINE GREEN
-34.573	28.556
-34.573	28.276
-34.513	28.216
-34.413	28.256
POLYLINE GREEN
-33.473	30.516
-33.433	30.496
-33.353	30.516
-33.113	30.556
-33.033	30.576
-32.993	30.576
-32.953	30.536
-32.893	30.536
-32.813	30.476
-32.653	30.156
-32.633	30.076
-32.653	30.036
-32.653	29.896
-32.673	29.796
-32.673	29.676
-32.433	29.296
-32.373	29.076
-32.353	28.996
-32.313	28.716
-32.213	28.316
-32.353	28.136
-32.433	28.076
-32.433	28.036
-32.573	27.956
-32.653	27.936
-32.833	27.856
-32.913	27.736
-33.033	27.736
-33.413	27.616
-33.553	27.596
-33.633	27.616
-33.873	27.616
-34.053	27.576
-34.293	27.576
-34.493	27.616
-34.693	27.636
-34.993	27.676
-35.073	27.716
-35.173	27.916
-35.193	27.996
-35.233	28.056
-35.253	28.236
-35.253	28.496
-35.293	28.596
-35.293	28.736
-35.193	28.996
-34.893	29.376
-34.813	29.616
-34.853	29.736
-34.793	29.896
-34.753	29.936
-34.753	29.976
-34.533	30.236
-34.433	30.296
POLYLINE BLACK
-32.313	29.096
-32.273	28.916
-32.273	28.676
-32.293	28.596
-32.173	28.556
-32.093	28.556
-32.033	28.576
-31.893	28.576
-31.773	28.536
-31.733	28.756
-31.773	28.976
-31.873	28.996
-31.953	28.996
-32.173	28.916
-32.213	28.876
-32.253	28.876
POLYLINE BLACK
-32.133	30.216
-32.313	29.776
-32.313	29.736
-31.933	29.576
-31.893	29.596
-31.873	29.676
-31.793	29.996
-31.793	30.036
-32.093	30.216
POLYLINE BLACK
-31.153	30.636
-31.153	30.556
-31.173	30.456
-31.173	30.396
-31.193	30.296
-31.193	30.216
-31.213	30.176
-31.153	30.096
-30.853	30.036
-30.713	29.996
-30.653	30.096
-30.593	30.336
-30.513	30.516
-30.513	30.556
-30.553	30.596
-30.613	30.596
-30.713	30.616
-30.913	30.616
-31.153	30.536
POLYLINE BLACK
-30.573	29.796
-30.633	29.616
-30.793	29.336
-30.713	29.276
-30.473	29.196
-30.353	29.196
-30.293	29.276
-30.153	29.576
-30.113	29.616
-30.113	29.656
-30.213	29.676
-30.373	29.756
-30.493	29.756
POLYLINE BLACK
-29.673	29.836
-29.793	30.036
-29.913	30.236
-29.973	30.316
-29.733	30.436
-29.633	30.496
-29.553	30.496
-29.493	30.416
-29.313	30.016
-29.313	29.976
-29.353	29.996
-29.493	29.956
-29.533	29.916
-29.593	29.916
-29.733	29.776
POLYLINE BLACK
-28.873	29.636
-28.733	30.236
-28.573	30.076
-28.513	29.976
-28.413	29.856
-28.713	29.636
-28.873	29.576
POLYLINE BLACK
-27.773	29.056
-28.273	28.936
-28.333	28.936
-28.513	28.856
-28.553	28.816
-29.033	28.656
-29.213	28.616
-29.373	28.596
-29.793	28.476
-29.933	28.436
-30.333	28.356
-30.493	28.336
-30.633	28.276
-30.773	28.276
-30.873	28.216
-31.153	28.116
-31.213	28.116
-31.333	28.076
-31.513	28.036
-31.733	27.976
-31.853	27.916
-31.913	27.916
-32.033	27.856
-32.113	27.856
-32.193	27.836
-32.333	27.836
-32.673	27.716
-32.973	27.696
-33.133	27.656
POLYLINE BLACK
-28.273	31.416
-28.273	31.296
POLYLINE BLACK
-28.693	31.376
-28.693	31.256
POLYLINE BLACK
-29.113	31.476
-29.153	31.296
POLYLINE BLACK
-29.433	31.676
-29.533	31.576
-29.533	31.536
-29.573	31.496
-29.573	31.456
POLYLINE BLACK
-29.693	31.836
-29.813	31.716
-29.853	31.696
POLYLINE BLACK
-29.913	31.996
-30.013	31.896
-30.093	31.816
-30.113	31.756
POLYLINE BLACK
-30.393	32.116
-30.393	32.076
-30.193	32.196
-30.093	32.216
-29.973	32.316
-29.813	32.396
-29.713	32.396
-29.633	32.416
-29.553	32.436
-29.433	32.496
-29.293	32.496
-28.993	32.596
-28.913	32.576
-28.773	32.656
-28.633	32.656
-28.513	32.716
-28.393	32.716
-28.273	32.756
-28.213	32.756
POLYLINE BLACK
-30.393	32.116
-30.373	32.056
-30.413	32.056
-30.473	31.976
-30.513	31.976
-30.673	31.796
-30.753	31.656
-30.793	31.656
-30.893	31.556
-31.013	31.496
-31.053	31.496
-31.093	31.456
-31.133	31.456
-31.173	31.416
-31.253	31.396
-31.293	31.376
-31.333	31.396
-31.473	31.316
-31.653	31.276
-31.953	31.196
-32.153	31.076
-32.233	31.056
-32.333	30.996
-32.413	30.996
-32.653	30.896
-32.753	30.876
-32.953	30.776
-33.053	30.776
-33.293	30.656
-33.393	30.636
-33.633	30.536
-33.713	30.516
-33.833	30.456
-33.913	30.436
-34.013	30.416
-34.093	30.356
-34.173	30.336
-34.353	30.276
-34.633	30.156
-34.653	30.116
POLYLINE BLACK
-28.053	31.376
-28.233	31.416
-28.393	31.396
-28.473	31.396
-28.513	31.376
-28.553	31.396
-28.633	31.376
-28.733	31.396
-28.813	31.416
-28.933	31.396
-29.013	31.416
-29.093	31.436
-29.133	31.456
-29.173	31.436
-29.213	31.496
-29.293	31.516
-29.373	31.576
-29.413	31.576
-29.693	31.776
-29.813	31.936
-30.073	32.156
-30.153	32.176
POLYLINE BLACK
-28.793	33.376
POLYLINE BLUE
-27.893	34.266
-27.813	34.286
-27.773	34.326
-27.593	34.346
-27.553	34.326
-27.473	34.346
-27.313	34.306
-27.233	34.286
-27.093	34.266
-27.053	34.286
-26.973	34.266
-26.813	34.266
-26.773	34.306
-26.693	34.326
-27.093	34.326
-27.193	34.306
-27.373	34.346
-27.453	34.346
-27.533	34.366
-27.633	34.366
-27.793	34.326
-27.853	34.326
-27.893	34.306
-27.953	34.326
-28.113	34.286
-28.153	34.286
-28.053	34.266
-27.973	34.246
-27.893	34.266
-27.853	34.126
-27.733	34.246
-27.733	34.206
-27.793	34.106
-27.573	34.226
-27.493	34.286
-27.453	34.246
-27.353	34.266
-27.273	34.286
-27.253	34.246
-27.273	34.166
-27.073	34.186
-26.853	34.186
-26.813	34.206
-26.773	34.186
-26.793	34.226
-26.893	34.246
-27.073	34.306
-27.353	34.306
-27.453	34.286
-27.553	34.286
-27.653	34.266
-27.733	34.266
-27.813	34.246
-27.333	34.246
-27.153	34.266
-26.993	34.226
-26.913	34.226
-26.833	34.206
POLYLINE BLACK
-29.193	39.486
-29.193	39.406
-29.313	39.206
-29.433	39.126
-29.513	39.106
-29.533	39.066
-29.573	39.066
-29.593	38.986
-29.553	38.986
-29.433	38.906
-29.393	38.906
-29.353	38.866
-29.313	38.866
-29.173	38.666
-29.133	38.486
-29.133	38.226
-29.113	38.146
-29.113	38.026
POLYLINE BLACK
-27.253	38.966
-27.193	38.886
-27.193	38.766
-27.173	38.726
-27.173	38.366
-27.153	38.286
-27.113	37.966
-27.093	37.886
-27.073	37.786
-27.053	37.706
-27.053	37.646
-26.933	37.186
-26.913	36.986
-26.893	36.886
-26.873	36.606
-26.873	36.406
-26.893	36.326
-26.893	36.106
-26.873	36.006
-26.833	35.846
-26.713	35.526
-26.693	35.426
-26.613	35.066
-26.613	34.766
-26.633	34.686
-26.633	34.266
-26.733	34.106
-26.893	34.066
-26.973	34.086
-27.093	34.126
-27.193	34.126
-27.413	34.186
-27.493	34.206
-27.573	34.226
-27.733	34.166
-27.773	34.186
-27.853	34.166
-27.953	34.166
-28.033	34.146
-28.153	34.206
-28.233	34.186
-28.313	34.206
-28.393	34.226
-28.473	34.206
-28.553	34.226
-28.633	34.226
-28.793	34.266
-28.913	34.486
-28.913	34.686
-28.933	34.726
-28.913	34.786
-29.133	35.146
-29.133	35.186
-29.193	35.286
-29.153	35.486
-29.153	35.546
-29.113	35.666
-29.113	35.726
-29.073	35.846
-29.073	36.266
-29.093	36.346
-29.093	36.526
-29.073	36.566
-29.093	36.606
-29.073	36.686
-29.073	36.766
-29.053	36.866
-29.033	37.046
-29.013	37.206
-29.013	37.466
-29.033	37.546
-29.033	37.646
-29.053	37.726
-29.053	37.786
-29.133	38.066
-29.133	38.126
-29.193	38.286
-29.253	38.566
-29.293	38.746
-29.273	38.826
-29.273	38.986
-29.233	39.106
-29.233	39.166
-29.173	39.406
-29.153	39.566
-29.133	39.686
-29.153	39.786
-29.133	39.866
-29.133	39.946
-29.073	40.146
-28.913	40.226
-28.793	40.226
-28.713	40.246
-28.633	40.266
-28.553	40.286
-28.493	40.286
-28.413	40.306
-28.153	40.366
-28.033	40.326
-27.953	40.346
-27.873	40.326
-27.813	40.346
-27.773	40.326
-27.733	40.346
-27.653	40.326
-27.573	40.326
-27.533	40.306
-27.493	40.326
-27.453	40.306
-27.413	40.326
-27.393	40.286
POLYLINE BLACK
-27.493	40.286
-27.413	40.266
-27.373	40.186
-27.333	40.166
-27.313	40.046
-27.333	39.966
-27.333	39.746
-27.353	39.666
-27.353	39.546
-27.333	39.466
-27.253	39.406
-27.213	39.406
-27.173	39.366
-27.093	39.386
-27.013	39.386
-26.973	39.366
-26.853	39.406
-26.693	39.426
-26.613	39.446
-26.573	39.406
-26.533	39.406
-26.453	39.326
-26.473	39.246
-26.473	39.166
-26.493	39.126
-26.573	39.106
-26.693	39.066
-26.773	39.086
-26.853	39.066
-26.933	39.086
-27.093	39.046
-27.173	39.026
-27.233	38.966
-27.253	38.886
-27.233	38.846
-27.233	38.886
POLYLINE CONNECT
-27.393	39.386
-28.096	31.531
POLYLINE BLUE
-24.363	31.086
-24.393	31.071
-24.468	31.086
-24.528	31.086
-24.573	31.071
-24.603	31.086
-24.693	31.026
-24.753	30.936
-24.753	30.906
-24.783	30.801
-24.783	30.771
-24.843	30.681
-24.963	30.681
-25.068	30.696
-25.128	30.696
-25.188	30.726
-25.353	30.726
-25.443	30.666
-25.518	30.576
-25.518	30.501
-25.488	30.381
-25.578	30.306
-25.668	30.261
-25.863	30.321
-25.893	30.351
-25.968	30.336
-25.998	30.336
-26.118	30.261
-26.178	30.216
-26.223	30.201
-26.253	30.156
-26.373	30.081
-26.403	30.081
-26.418	30.051
-26.418	30.081
-26.358	30.171
-26.163	30.366
-26.268	30.231
-26.328	30.186
-26.418	30.066
-26.418	30.036
-26.403	30.066
-26.328	30.066
-26.253	30.051
-26.118	30.066
-26.088	30.066
POLYLINE BLACK
-23.448	32.166
-23.298	32.016
POLYLINE BLACK
-23.688	32.016
-23.553	31.851
POLYLINE BLACK
-24.003	31.746
-23.943	31.701
-23.898	31.701
-23.868	31.656
POLYLINE BLACK
-24.333	31.596
-24.273	31.551
POLYLINE BLACK
-24.708	31.581
-24.648	31.536
POLYLINE BLACK
-25.053	31.596
-25.023	31.536
-25.023	31.506
POLYLINE BLACK
-25.353	31.566
-25.323	31.491
POLYLINE BLACK
-25.773	31.476
-25.698	31.386
POLYLINE BLACK
-26.073	31.521
-26.043	31.461
-26.043	31.431
POLYLINE BLACK
-26.328	31.596
-26.313	31.536
-26.313	31.446
POLYLINE BLACK
-26.658	31.551
-26.658	31.581
-26.628	31.521
-26.628	31.446
POLYLINE BLACK
-27.033	31.551
-26.988	31.491
-26.958	31.386
POLYLINE BLACK
-27.378	31.446
-27.318	31.311
POLYLINE BLACK
-27.693	31.356
-27.633	31.206
-27.633	31.131
POLYLINE BLACK
-28.068	31.356
-28.053	31.326
-28.023	31.311
-27.948	31.326
-27.918	31.326
-27.888	31.311
-27.828	31.326
-27.798	31.326
-27.738	31.356
-27.678	31.356
-27.648	31.386
-27.618	31.386
-27.588	31.416
-27.558	31.401
-27.468	31.446
-27.438	31.446
-27.408	31.431
-27.348	31.461
-27.288	31.461
-27.258	31.491
-27.228	31.491
-27.138	31.521
-27.108	31.491
-27.093	31.521
-27.033	31.506
-26.943	31.551
-26.913	31.551
-26.853	31.596
-26.733	31.596
-26.658	31.611
-26.628	31.581
-26.598	31.581
-26.538	31.596
-26.373	31.596
-26.313	31.566
-26.283	31.566
-26.118	31.506
-25.968	31.506
-25.938	31.536
-25.893	31.536
-25.863	31.521
-25.818	31.536
-25.698	31.611
-25.638	31.596
-25.578	31.596
-25.548	31.581
-25.488	31.596
-25.443	31.581
-25.383	31.596
-25.353	31.581
-25.173	31.581
-25.143	31.596
-25.083	31.581
-24.948	31.566
-24.918	31.566
-24.858	31.581
-24.723	31.581
-24.663	31.596
-24.528	31.596
-24.453	31.611
-24.423	31.641
-24.348	31.641
-24.288	31.656
-24.123	31.686
-24.093	31.686
-24.003	31.746
-23.943	31.746
-23.898	31.806
-23.853	31.806
-23.673	31.941
-23.613	32.031
-23.568	32.091
-23.448	32.196
-23.418	32.196
-23.358	32.241
-23.328	32.241
-23.238	32.286
-23.208	32.286
-23.028	32.376
-22.998	32.376
POLYLINE BLACK
-23.073	32.346
-23.133	32.211
-23.133	32.151
-23.148	32.106
POLYLINE BLACK
-22.668	32.271
-22.668	32.301
-22.728	32.151
-22.728	32.106
POLYLINE BLACK
-22.383	32.271
-22.383	32.166
POLYLINE BLACK
-22.398	31.431
-22.398	31.566
POLYLINE BLACK
-22.818	31.326
-22.818	31.506
-22.803	31.536
POLYLINE BLACK
-23.178	31.266
-23.178	31.416
-23.163	31.446
POLYLINE BLACK
-23.508	31.101
-23.508	31.146
-23.553	31.251
-23.553	31.281
POLYLINE BLACK
-23.883	30.966
-23.928	31.086
-23.928	31.131
POLYLINE BLACK
-24.213	30.711
-24.303	30.906
POLYLINE BLACK
-24.543	30.501
-24.588	30.561
-24.588	30.591
-24.633	30.681
POLYLINE BLACK
-24.888	30.261
-24.948	30.306
-25.023	30.396
POLYLINE BLACK
-25.173	30.006
-25.188	30.036
-25.248	30.081
-25.263	30.111
-25.293	30.126
POLYLINE BLACK
-22.248	31.401
-22.308	31.386
-22.398	31.386
-22.428	31.401
-22.458	31.371
-22.548	31.371
-22.578	31.356
-22.608	31.371
-22.668	31.341
-22.743	31.341
-22.923	31.281
-23.088	31.251
-23.118	31.251
-23.178	31.206
-23.208	31.206
-23.298	31.161
-23.328	31.161
-23.388	31.116
-23.418	31.116
-23.478	31.071
-23.553	31.056
-23.643	30.996
-23.673	30.996
-23.793	30.936
-23.853	30.891
-23.883	30.906
-23.988	30.846
-24.003	30.816
-24.078	30.786
-24.093	30.756
-24.123	30.756
-24.153	30.726
-24.183	30.726
-24.213	30.696
-24.243	30.696
-24.333	30.636
-24.348	30.606
-24.378	30.591
-24.423	30.591
-24.453	30.561
-24.468	30.516
-24.528	30.501
-24.648	30.306
-24.708	30.261
-24.738	30.261
-24.858	30.186
-24.918	30.126
-24.948	30.126
-24.978	30.096
-25.008	30.096
-25.128	30.006
-25.158	30.006
-25.338	29.886
-25.398	29.871
-25.428	29.841
-25.458	29.856
-25.473	29.826
-25.503	29.826
-25.533	29.796
POLYLINE BLACK
-22.203	32.286
-22.233	32.271
-22.293	32.286
-22.353	32.286
-22.413	32.301
-22.473	32.301
-22.578	32.331
-22.638	32.346
-22.818	32.346
-22.878	32.361
-22.908	32.346
-22.953	32.361
-22.983	32.346
-23.043	32.346
-23.163	32.376
-23.223	32.361
-23.313	32.361
-23.433	32.376
-23.463	32.376
-23.493	32.361
-23.643	32.406
-23.748	32.421
-23.808	32.451
-23.928	32.451
-24.078	32.511
-24.213	32.526
-24.258	32.526
-24.393	32.571
-24.543	32.571
-24.573	32.586
-24.663	32.586
-24.753	32.601
-24.828	32.601
-24.858	32.616
-24.933	32.616
-25.008	32.631
-25.113	32.631
-25.308	32.661
-25.398	32.661
-25.578	32.691
-26.013	32.691
-26.103	32.706
-26.193	32.706
-26.298	32.736
-26.358	32.721
-26.478	32.721
-26.508	32.736
-26.733	32.736
-26.808	32.721
-26.838	32.721
-26.898	32.706
-27.213	32.721
-27.378	32.766
-27.438	32.796
-27.588	32.796
-27.648	32.811
-27.723	32.811
-27.753	32.796
-27.783	32.811
-27.843	32.796
-27.948	32.796
-28.008	32.781
-28.128	32.781
-28.188	32.766
-28.248	32.766
-28.278	32.751
POLYLINE BLACK
-22.443	30.111
-22.623	30.111
-22.683	30.126
-22.743	30.111
-22.803	30.111
-22.863	30.126
-22.968	30.126
-22.998	30.111
-23.028	30.126
-23.088	30.111
-23.193	30.141
-23.253	30.111
-23.433	30.111
-23.613	30.066
-23.643	30.066
-23.703	30.081
-23.763	30.051
-23.898	30.051
-23.958	30.036
-24.093	30.036
-24.153	30.051
-24.228	30.036
-24.378	30.036
-24.408	30.006
-24.438	30.006
-24.543	30.036
-24.663	30.036
-24.723	30.006
-24.828	30.006
-24.993	29.931
-25.023	29.946
-25.158	29.886
-25.203	29.886
-25.338	29.826
-25.368	29.841
-25.398	29.826
-25.443	29.826
-25.518	29.796
-25.563	29.796
-25.593	29.766
-25.683	29.766
-25.803	29.691
-25.833	29.691
-25.863	29.661
-25.908	29.646
-25.938	29.616
-25.968	29.616
-25.998	29.586
-26.073	29.586
-26.133	29.571
-26.238	29.511
-26.343	29.466
-26.373	29.466
-26.478	29.421
-26.508	29.421
-26.568	29.406
-26.628	29.361
-26.658	29.361
-26.718	29.331
-26.853	29.316
-26.913	29.286
-26.973	29.286
-27.138	29.226
-27.228	29.226
-27.288	29.196
-27.318	29.196
-27.378	29.166
-27.408	29.181
-27.573	29.106
-27.603	29.121
-27.693	29.076
-27.723	29.076
-27.783	29.046
-27.753	29.076
POLYLINE BLACK
-22.488	28.926
POLYLINE BLACK
-23.433	29.631
POLYLINE BLACK
-23.163	28.596
POLYLINE BLACK
-23.148	28.206
-23.223	28.176
-23.253	28.146
-23.283	28.146
-23.283	28.176
-23.358	28.071
-23.403	28.086
-23.478	28.041
-23.523	27.951
POLYLINE BLACK
-20.358	28.986
POLYLINE BLACK
-20.223	29.376
-20.163	29.136
-20.148	29.181
-20.163	29.211
-20.163	29.211
-20.163	29.241
-20.193	29.256
-20.358	29.181
-20.388	29.136
POLYLINE BLACK
-20.403	29.151
POLYLINE BLACK
-21.408	29.811
POLYLINE BLACK
-22.008	32.166
-22.053	32.046
-22.098	31.986
POLYLINE BLACK
-21.693	32.031
-21.783	31.851
POLYLINE BLACK
-21.363	31.896
-21.423	31.896
-21.513	31.731
POLYLINE BLACK
-21.153	31.686
-21.288	31.611
-21.318	31.611
POLYLINE BLACK
-20.928	31.461
-21.123	31.401
-21.153	31.371
POLYLINE BLACK
-20.688	31.191
-20.838	31.086
-20.928	31.056
POLYLINE BLACK
-20.373	31.011
-20.523	30.891
POLYLINE BLACK
-20.118	30.861
-20.178	30.801
-20.208	30.741
-20.208	30.711
POLYLINE BLACK
-19.788	30.786
-19.818	30.726
-19.833	30.651
-19.863	30.591
POLYLINE BLACK
-19.533	30.786
-19.533	30.576
-19.548	30.516
POLYLINE BLACK
-19.908	30.321
-19.908	30.186
-19.923	30.156
POLYLINE BLACK
-19.593	30.276
-19.593	30.186
-19.608	30.156
POLYLINE BLACK
-19.938	30.336
-19.923	30.261
POLYLINE BLACK
-20.328	30.441
-20.298	30.276
POLYLINE BLACK
-20.598	30.576
-20.628	30.516
-20.628	30.411
POLYLINE BLACK
-20.898	30.726
-20.928	30.621
-20.928	30.591
POLYLINE BLACK
-21.183	31.056
-21.183	31.026
-21.228	30.861
-21.228	30.831
POLYLINE BLACK
-21.528	31.206
-21.558	31.011
POLYLINE BLACK
-21.798	31.356
-21.798	31.266
-21.813	31.161
POLYLINE BLACK
-22.068	31.536
-22.053	31.506
-22.113	31.311
POLYLINE BLACK
-19.643	30.061
-19.683	30.101
-19.763	30.081
-19.863	30.081
-20.023	30.141
-20.123	30.161
-20.283	30.221
-20.363	30.281
-20.443	30.281
-20.603	30.361
-20.643	30.361
-20.703	30.401
-20.823	30.421
-21.003	30.601
-21.043	30.601
-21.143	30.701
-21.543	31.021
-21.703	31.121
-21.743	31.121
-21.983	31.281
-22.103	31.361
-22.183	31.381
-22.303	31.441
POLYLINE BLACK
-19.523	30.761
-19.523	30.721
-19.643	30.721
-19.683	30.761
-19.803	30.761
-19.963	30.801
-20.003	30.841
-20.083	30.841
-20.283	30.941
-20.363	30.961
-20.443	31.021
-20.523	31.041
-20.723	31.181
-20.963	31.441
-21.223	31.761
-21.343	31.861
POLYLINE BLACK
-19.363	31.261
-19.623	31.261
-19.923	31.301
-20.043	31.281
-20.343	31.361
-20.603	31.521
-20.863	31.701
-21.003	31.741
-21.043	31.781
-21.183	31.781
-21.303	31.881
-21.343	31.881
-21.423	31.941
-21.603	32.021
-21.643	32.061
-21.723	32.081
-21.803	32.121
-21.863	32.121
-21.943	32.181
-22.023	32.181
-22.223	32.241
POLYLINE BLACK
-19.583	29.641
-19.663	29.621
-19.803	29.661
-20.063	29.721
-20.203	29.721
-20.323	29.761
-20.563	29.761
-20.643	29.741
-21.003	29.821
-21.183	29.821
-21.263	29.861
-21.403	29.861
-21.743	29.921
-21.843	29.941
-21.923	29.921
-22.103	29.961
-22.183	29.981
-22.263	30.041
-22.463	30.081
POLYLINE BLUE
-16.803	33.121
-16.723	33.141
-16.683	33.161
POLYLINE BLUE
-16.903	33.141
-16.823	33.201
POLYLINE BLUE
-17.163	33.141
-17.103	33.141
-17.023	33.181
-16.923	33.281
POLYLINE BLUE
-17.163	33.161
POLYLINE BLUE
-17.303	33.121
-17.183	33.181
POLYLINE BLUE
-17.463	33.141
-17.443	33.181
-17.383	33.201
-17.263	33.321
POLYLINE BLUE
-17.523	33.261
-17.383	33.261
-17.263	33.221
-17.083	33.221
-17.003	33.241
-16.923	33.241
-16.823	33.221
-16.743	33.241
-16.583	33.241
POLYLINE BLACK
-17.203	38.041
-17.123	37.881
-17.123	37.841
-17.043	37.761
-17.003	37.761
-16.963	37.721
-16.883	37.741
-16.823	37.641
-16.843	37.481
-16.823	37.401
-16.803	37.321
-16.803	37.221
-16.783	37.141
-16.923	36.781
-16.943	36.681
-16.963	36.641
-16.923	36.521
-16.923	36.361
-16.903	36.321
-16.923	36.241
-16.923	35.941
-16.943	35.861
-16.943	35.641
-17.003	35.441
-17.003	35.381
-17.063	35.221
-17.083	35.141
-17.143	34.881
-17.203	34.721
-17.203	34.381
-17.163	34.241
-17.143	34.021
-17.183	33.861
-17.223	33.821
-17.263	33.821
-17.403	33.521
-17.463	33.261
-17.483	33.181
-17.483	33.141
-17.403	33.081
-17.163	33.081
-17.083	33.101
-16.923	33.101
-16.883	33.121
-16.763	33.081
-16.683	33.061
-16.603	33.081
-16.563	33.241
-16.563	33.381
-16.623	33.621
-16.623	33.801
-16.603	33.901
-16.563	34.061
-16.483	34.181
-16.463	34.361
-16.443	34.441
-16.443	34.561
-16.423	34.641
-16.423	34.701
-16.383	34.861
-16.383	35.201
-16.403	35.261
-16.383	35.341
-16.383	36.021
-16.403	36.101
-16.403	36.321
-16.423	36.421
-16.423	36.841
-16.383	36.881
-16.363	36.981
-16.323	37.101
-16.343	37.181
-16.343	37.801
-16.223	37.841
POLYLINE BLACK
-17.123	37.941
POLYLINE BLACK
-17.223	37.821
-17.163	37.901
-17.143	37.981
-17.083	38.121
-17.023	38.201
-16.983	38.181
-16.923	38.281
-16.883	38.281
-16.843	38.321
-16.803	38.321
-16.723	38.401
-16.643	38.421
-16.603	38.401
-16.563	38.441
-16.483	38.461
-16.363	38.581
-16.343	38.661
-16.343	38.741
-16.283	38.901
-16.263	39.021
-16.123	39.161
-16.043	39.161
-15.943	39.061
-15.883	38.901
-15.883	38.821
-15.863	38.741
-15.863	38.661
-15.843	38.581
-15.843	38.501
-15.723	38.301
-15.723	38.261
-15.683	38.221
-15.683	38.121
-15.663	38.041
-15.663	37.961
-15.703	37.961
-15.823	37.861
-16.383	37.781
POLYLINE CONNECT
-17.053	37.811
-19.724	29.663
POLYLINE BLACK
-15.603	28.241
-15.483	28.361
POLYLINE BLACK
-15.743	28.401
-15.683	28.481
POLYLINE BLACK
-15.923	28.641
-15.843	28.681
POLYLINE BLACK
-16.083	28.761
-16.043	28.761
POLYLINE BLACK
-16.463	30.021
-16.543	29.961
POLYLINE BLACK
-16.303	29.781
-16.403	29.681
POLYLINE BLACK
-16.163	29.501
-16.183	29.461
POLYLINE BLACK
-15.963	29.201
-16.003	29.161
POLYLINE BLACK
-15.763	28.921
-15.843	28.861
POLYLINE BLACK
-15.523	28.721
-15.583	28.641
POLYLINE BLACK
-16.203	28.981
POLYLINE BLACK
-16.463	29.261
-16.383	29.281
-16.343	29.301
POLYLINE BLACK
-16.643	29.481
-16.563	29.481
-16.483	29.521
POLYLINE BLACK
-16.863	29.681
-16.783	29.741
POLYLINE BLACK
-17.003	29.821
-16.883	29.921
POLYLINE BLACK
-17.043	30.841
-17.043	30.801
-17.223	30.901
POLYLINE BLACK
-17.303	30.861
-17.303	30.781
POLYLINE BLACK
-17.623	30.861
-17.583	30.701
POLYLINE BLACK
-17.863	30.821
-17.843	30.741
-17.843	30.701
POLYLINE BLACK
-18.263	30.761
-18.263	30.681
-18.203	30.581
POLYLINE BLACK
-18.263	30.761
POLYLINE BLACK
-18.563	30.801
-18.563	30.621
POLYLINE BLACK
-18.903	30.681
-18.883	30.601
-18.863	30.501
POLYLINE BLACK
-19.143	30.621
-19.103	30.541
POLYLINE BLACK
-19.463	30.781
-19.343	30.541
-19.323	30.461
-19.343	30.421
POLYLINE BLACK
-17.223	30.221
-17.243	30.141
POLYLINE BLACK
-17.443	30.361
-17.443	30.281
-17.463	30.241
POLYLINE BLACK
-17.823	30.401
-17.803	30.281
POLYLINE BLACK
-18.143	30.341
-18.143	30.261
POLYLINE BLACK
-18.463	30.281
-18.443	30.201
-18.423	30.161
POLYLINE BLACK
-18.823	30.301
-18.763	30.081
POLYLINE BLACK
-19.223	30.241
-19.123	30.041
POLYLINE BLACK
-19.403	30.221
-19.383	30.081
POLYLINE BLACK
-17.043	30.821
-17.003	30.801
-17.043	30.801
-17.103	30.881
-17.143	30.861
-17.243	30.881
-17.363	30.881
-17.403	30.861
-17.523	30.901
-17.683	30.881
-17.883	30.841
-17.923	30.801
-18.023	30.801
-18.183	30.741
-18.303	30.741
-18.563	30.661
-18.603	30.701
-18.723	30.701
-18.803	30.721
-19.083	30.601
-19.163	30.581
-19.203	30.601
-19.243	30.581
-19.323	30.601
-19.403	30.601
-19.523	30.661
-19.563	30.641
POLYLINE BLACK
-15.643	28.261
-15.763	28.321
-16.163	28.741
-16.263	29.021
-16.383	29.141
-16.463	29.161
-16.683	29.401
-16.803	29.601
-17.123	29.901
-17.203	29.941
-17.203	29.981
-17.403	30.121
-17.443	30.101
-17.543	30.181
-17.583	30.161
-17.703	30.221
-17.783	30.241
-17.843	30.221
-17.923	30.241
-17.963	30.201
-18.123	30.161
-18.343	30.061
-18.423	30.061
-18.463	30.041
-18.583	30.081
-18.663	30.101
-18.743	30.081
-18.843	30.081
-19.123	29.961
-19.163	29.981
-19.243	29.961
-19.403	29.961
-19.443	30.001
-19.563	30.001
-19.703	30.041
POLYLINE BLACK
-16.903	30.821
-16.943	30.801
-17.063	30.841
-17.103	30.881
-17.223	30.901
-17.303	30.961
-17.343	30.961
-17.383	31.001
-17.423	31.001
-17.583	31.101
-17.663	31.101
-17.783	31.161
-17.823	31.161
-17.983	31.261
-18.063	31.261
-18.103	31.281
-18.183	31.261
-18.263	31.301
-18.363	31.281
-18.443	31.261
-18.483	31.281
-18.603	31.241
-18.683	31.261
-18.763	31.261
-18.803	31.241
-18.983	31.281
-19.023	31.301
-19.103	31.281
-19.143	31.301
-19.223	31.281
-19.303	31.281
-19.383	31.241
-19.423	31.261
-19.463	31.221
-19.503	31.241
-19.443	31.241
POLYLINE BLACK
-17.383	27.561
-17.543	27.661
-17.603	27.841
-17.723	28.041
-17.903	28.481
-17.923	28.561
-17.983	28.721
-18.023	28.761
-18.023	28.801
-18.083	28.881
-18.103	28.941
-18.183	28.981
-18.243	29.041
-18.443	29.181
-18.483	29.221
-18.523	29.201
-18.563	29.241
-18.643	29.241
-18.723	29.301
-18.783	29.301
-18.943	29.361
-19.023	29.381
-19.263	29.501
-19.303	29.541
-19.383	29.561
-19.423	29.601
-19.463	29.581
-19.663	29.701
-19.703	29.701
POLYLINE GREEN
-15.683	30.521
-15.843	30.581
-15.903	30.661
-15.843	30.741
POLYLINE GREEN
-15.143	31.041
-15.223	31.041
-15.323	30.941
-15.323	30.781
POLYLINE GREEN
-15.143	30.781
-15.243	30.761
-15.283	30.781
-15.323	30.761
-15.343	30.841
-15.323	30.881
POLYLINE GREEN
-14.463	30.841
-14.503	30.821
-14.563	30.861
-14.703	30.881
-14.743	30.961
-14.743	31.021
-14.683	31.081
POLYLINE GREEN
-13.823	31.081
-13.983	31.121
-14.103	31.241
-14.063	31.341
-14.023	31.381
POLYLINE GREEN
-13.303	31.221
-13.383	31.241
-13.463	31.241
-13.543	31.321
-13.443	31.441
POLYLINE GREEN
-12.623	31.401
-12.623	31.361
-12.703	31.401
-12.743	31.381
-12.843	31.481
-12.863	31.521
-12.823	31.601
POLYLINE GREEN
-12.083	31.501
-12.083	31.541
-12.263	31.581
-12.283	31.661
-12.283	31.761
-12.263	31.801
POLYLINE GREEN
-11.463	31.641
-11.563	31.661
-11.643	31.801
-11.643	31.921
-11.543	31.981
POLYLINE GREEN
-10.503	31.841
-10.583	31.901
-10.603	32.021
-10.543	32.121
POLYLINE GREEN
-10.023	31.901
-10.223	31.941
-10.263	31.981
-10.243	32.121
-10.203	32.161
POLYLINE GREEN
-9.623	32.061
-9.703	32.081
-9.743	32.181
-9.703	32.261
-9.663	32.281
POLYLINE GREEN
-9.023	32.181
-9.063	32.181
-9.203	32.321
-9.223	32.401
-9.163	32.441
POLYLINE BROWN
-9.183	30.301
-9.263	30.421
-9.263	30.561
-9.323	30.821
-9.323	31.041
-9.343	31.141
-9.383	31.341
-9.403	31.421
-9.403	31.581
-9.463	31.701
-9.483	31.821
-9.443	31.861
-9.363	31.861
-9.223	31.961
-9.063	31.961
-9.023	32.001
-8.823	32.041
-8.783	32.021
-8.643	32.201
-8.603	32.321
-8.623	32.421
-8.623	32.501
-8.663	32.621
-8.723	32.701
-8.963	32.701
-9.043	32.681
-9.123	32.701
-9.323	32.641
-9.563	32.521
-9.643	32.421
POLYLINE BROWN
-9.163	29.781
-9.243	29.841
-9.263	29.921
POLYLINE BROWN
-9.043	29.201
-9.043	29.281
-9.063	29.361
POLYLINE BROWN
-8.923	28.481
-8.923	28.681
POLYLINE BROWN
-8.923	27.501
-8.943	27.541
-8.923	27.641
POLYLINE BROWN
-9.003	26.881
-9.003	26.941
-8.923	27.201
POLYLINE BROWN
-9.203	26.541
-9.123	26.601
POLYLINE BROWN
-9.483	26.521
-9.443	26.501
POLYLINE BROWN
-9.683	26.741
POLYLINE BROWN
-9.803	27.061
-9.783	27.021
POLYLINE BROWN
-9.943	27.481
-9.923	27.301
POLYLINE BROWN
-10.103	27.661
POLYLINE BROWN
-10.143	28.141
-10.123	28.061
POLYLINE BROWN
-10.143	28.541
-10.103	28.421
POLYLINE BROWN
-10.203	29.061
-10.183	29.001
POLYLINE BROWN
-13.303	31.101
-13.203	31.161
-13.123	31.181
-13.043	31.201
-12.903	31.201
-12.743	31.261
-12.623	31.241
-12.543	31.261
-12.323	31.281
-12.103	31.341
-11.823	31.421
-11.783	31.461
-11.543	31.501
-11.483	31.481
-11.383	31.501
-11.223	31.541
-11.183	31.561
-11.103	31.541
-11.003	31.561
-10.923	31.621
-10.843	31.621
-10.763	31.661
-10.663	31.661
-10.383	31.741
-10.223	31.801
-10.143	31.621
-10.143	31.541
-10.123	31.501
-10.183	31.341
-10.183	31.221
-10.163	31.141
-10.143	30.981
-10.143	30.721
-10.163	30.641
-10.143	30.601
-10.163	30.521
-10.163	30.321
-10.183	30.241
-10.083	29.981
-10.043	29.841
-10.063	29.761
-10.083	29.601
-10.083	29.521
-10.103	29.441
-10.103	29.341
POLYLINE BROWN
-14.443	31.421
-14.363	31.421
-14.143	31.501
-14.063	31.521
-13.943	31.561
-13.883	31.601
-13.643	31.621
-13.503	31.661
-13.263	31.701
-13.223	31.721
-13.123	31.721
-13.023	31.741
-12.723	31.801
-12.343	31.901
-12.023	31.981
-11.863	32.041
-11.683	32.081
-11.563	32.121
-11.463	32.121
-11.183	32.221
-11.123	32.221
-11.043	32.241
-10.963	32.261
-10.883	32.281
-10.743	32.281
-10.663	32.301
-10.403	32.301
-10.303	32.281
-10.223	32.301
-9.963	32.361
-9.923	32.381
-9.823	32.381
-9.743	32.421
-9.703	32.401
-9.583	32.461
-9.503	32.461
-9.383	32.521
POLYLINE BLACK
-16.677	30.290
-16.670	30.304
-16.635	30.318
-16.621	30.318
POLYLINE BLACK
-16.586	30.129
-16.502	30.213
POLYLINE BLACK
-16.635	30.185
-16.600	30.227
-16.565	30.241
POLYLINE BLACK
-16.705	30.262
-16.691	30.262
-16.642	30.283
POLYLINE BLACK
-16.747	30.339
-16.691	30.367
-16.628	30.409
POLYLINE BLACK
-16.824	30.423
-16.810	30.423
-16.754	30.472
-16.726	30.486
-16.705	30.486
POLYLINE BLACK
-16.859	30.514
-16.859	30.528
-16.796	30.570
-16.782	30.570
POLYLINE BLACK
-16.929	30.598
-16.880	30.612
-16.873	30.626
-16.852	30.626
-16.838	30.633
POLYLINE BLACK
-16.523	30.178
-16.523	30.192
-16.607	30.283
-16.649	30.318
-16.656	30.339
-16.705	30.395
-16.733	30.458
-16.775	30.514
-16.852	30.619
-16.852	30.633
-16.880	30.675
POLYLINE BLACK
-16.513	30.225
-16.483	30.210
-16.333	30.300
-16.303	30.300
-16.198	30.345
-16.138	30.345
-16.063	30.360
-15.973	30.360
-15.913	30.375
-15.823	30.390
-15.418	30.480
-15.358	30.480
-15.328	30.495
-15.283	30.495
-15.043	30.570
-14.968	30.570
-14.608	30.675
-14.563	30.675
-14.428	30.720
-14.353	30.765
-14.233	30.780
-14.173	30.795
-14.128	30.825
-14.053	30.840
-13.903	30.885
-13.858	30.885
-13.588	30.990
-13.483	31.005
-13.258	31.080
-13.138	31.125
-13.108	31.125
POLYLINE BLACK
-17.068	30.900
-16.993	30.780
-16.933	30.690
-16.903	30.660
-16.843	30.705
-16.813	30.705
-16.738	30.750
-16.678	30.750
-16.618	30.780
-16.588	30.780
-16.468	30.840
-16.438	30.825
-16.378	30.870
-16.318	30.870
-16.198	30.915
-16.063	30.915
-15.928	30.960
-15.898	30.945
-15.733	30.975
-15.703	30.975
-15.673	30.990
-15.598	30.990
-15.523	31.020
-15.463	31.020
-15.283	31.095
-15.238	31.095
-15.208	31.125
-15.073	31.185
-14.998	31.185
-14.458	31.350
-14.413	31.350
-14.383	31.365
-14.338	31.365
POLYLINE BLACK
-15.343	28.575
-15.463	28.680
-15.493	28.695
-15.523	28.740
-15.583	28.785
-15.643	28.875
-15.793	29.055
-15.853	29.160
-16.033	29.385
-16.048	29.430
-16.078	29.445
-16.243	29.700
-16.288	29.805
-16.378	29.925
-16.408	29.985
-16.438	30.000
-16.528	30.150
-16.528	30.180
-16.468	30.150
-16.438	30.150
POLYLINE BLACK
-8.213	35.645
-8.198	35.705
-8.198	35.765
-8.168	35.855
-8.168	35.900
-8.138	35.990
-8.078	36.035
-8.063	36.065
-8.033	36.080
-7.988	36.140
-7.988	36.170
-8.018	36.200
-8.048	36.185
-8.078	36.200
-8.138	36.170
-8.168	36.170
-8.258	36.110
-8.288	36.110
-8.468	36.065
-8.498	36.065
-8.558	36.050
-8.588	36.050
-8.648	36.035
-8.708	36.035
-8.813	35.990
-8.843	36.005
-8.933	35.945
POLYLINE BLACK
-9.108	35.220
-9.068	35.200
-8.948	35.240
-8.868	35.180
-8.788	35.180
-8.748	35.200
-8.548	35.060
-8.508	34.840
-8.508	34.520
-8.528	34.420
-8.528	34.260
-8.508	34.180
-8.508	34.120
-8.488	34.020
-8.468	33.680
-8.468	33.340
-8.448	33.260
-8.448	32.560
-8.428	32.480
-8.428	32.400
-8.448	32.320
-8.448	31.720
-8.468	31.680
-8.448	31.600
-8.408	31.560
-8.368	31.580
-8.288	31.560
-8.168	31.600
-8.148	31.640
-8.068	31.640
-7.988	31.680
-7.948	31.800
-7.948	32.000
-8.008	32.200
-8.008	32.260
-8.068	32.500
-8.068	32.640
-8.028	32.800
-8.028	32.960
-8.008	33.100
-8.008	33.180
-8.028	33.260
-8.028	34.180
-8.048	34.320
-8.048	34.440
-8.068	34.480
-8.068	34.660
-8.088	34.740
-8.108	34.960
-8.108	35.160
-8.128	35.240
-8.128	35.320
-8.168	35.500
-8.168	35.580
-8.188	35.660
-8.188	35.700
POLYLINE BLACK
-10.208	34.940
-10.228	35.020
-10.268	35.180
-10.268	35.340
-10.128	35.480
-10.048	35.540
-9.968	35.540
-9.888	35.620
-9.808	35.640
-9.548	35.740
-9.268	35.820
-9.228	35.860
-9.108	35.880
-9.048	35.920
-8.928	35.940
-8.888	35.980
-8.808	35.960
POLYLINE BLACK
-9.008	35.180
-8.968	35.140
-9.088	35.200
-9.128	35.200
-9.288	35.060
-9.308	35.000
-9.348	35.000
-9.388	34.960
-9.388	34.840
-9.448	34.780
-9.728	34.700
-9.768	34.700
-9.808	34.740
-9.888	34.740
-9.928	34.760
-9.968	34.740
-10.048	34.800
-10.128	34.820
-10.228	34.920
-10.248	35.000
-10.248	35.040
POLYLINE BLACK
-8.668	35.140
-8.628	35.100
-8.588	35.100
-8.528	35.000
-8.528	34.720
-8.508	34.640
-8.528	34.300
-8.508	34.240
-8.528	34.160
-8.528	34.060
-8.508	33.980
-8.488	33.780
-8.468	33.700
-8.468	33.640
-8.448	33.560
-8.448	33.020
-8.468	32.920
-8.468	32.760
-8.488	32.680
-8.468	32.540
-8.528	32.340
-8.528	31.960
-8.548	31.880
-8.528	31.820
-8.548	31.780
-8.488	31.660
-8.488	31.620
POLYLINE BLACK
-9.088	35.120
-9.008	35.120
-8.968	35.100
-8.928	35.120
-8.888	35.100
-8.848	35.140
-8.648	35.140
POLYLINE GREEN
-9.128	35.160
-9.088	35.200
-9.048	35.360
-8.948	35.520
-8.868	35.560
-8.808	35.440
-8.788	35.360
-8.728	35.120
POLYLINE CONNECT
-8.848	35.590
-15.757	28.049
POLYLINE BLACK
-14.558	27.060
-14.548	27.080
POLYLINE BLACK
-14.688	27.280
-14.638	27.350
POLYLINE BLACK
-14.768	27.420
-14.708	27.500
POLYLINE BLACK
-14.888	27.610
-14.878	27.630
-14.838	27.640
-14.818	27.650
POLYLINE BLACK
-14.968	27.760
-14.948	27.760
-14.888	27.810
POLYLINE BLACK
-15.078	27.920
-15.058	27.940
-15.038	27.940
-15.018	27.960
POLYLINE BLACK
-15.138	28.050
-15.078	28.090
POLYLINE BLACK
-15.228	28.240
-15.208	28.240
-15.168	28.270
-15.148	28.270
POLYLINE BLACK
-15.288	28.340
-15.228	28.390
POLYLINE BLACK
-15.468	28.050
-15.378	28.140
POLYLINE BLACK
-15.318	27.860
-15.268	27.940
POLYLINE BLACK
-15.168	27.700
-15.158	27.740
-15.148	27.790
-15.128	27.810
POLYLINE BLACK
-15.068	27.550
-15.018	27.650
POLYLINE BLACK
-14.958	27.400
-14.958	27.420
-14.898	27.500
POLYLINE BLACK
-14.848	27.260
-14.798	27.360
POLYLINE BLACK
-14.678	27.100
-14.668	27.190
-14.658	27.210
POLYLINE BLACK
-14.468	27.000
-14.478	27.080
POLYLINE BLACK
-14.238	26.820
-14.258	26.830
-14.298	26.810
-14.358	26.850
-14.438	26.900
-14.478	26.910
-14.548	26.970
-14.578	27.000
-14.598	27.000
-14.618	27.020
-14.658	27.030
-14.738	27.090
-14.788	27.150
-14.878	27.280
-14.898	27.300
-14.918	27.300
-14.998	27.400
-15.028	27.470
-15.188	27.630
-15.258	27.720
-15.328	27.820
-15.388	27.900
-15.428	27.940
-15.518	28.030
-15.618	28.110
-15.628	28.140
-15.648	28.150
POLYLINE BLACK
-14.228	26.630
-14.228	26.630
-14.278	26.760
POLYLINE BLACK
-14.238	26.720
-14.288	26.820
-14.358	26.920
-14.438	27.030
-14.488	27.080
-14.588	27.210
-14.668	27.390
-14.758	27.520
-14.808	27.580
-14.848	27.650
-14.858	27.690
-14.868	27.730
-14.898	27.770
-14.918	27.820
-15.018	27.950
-15.108	28.100
-15.138	28.110
-15.208	28.260
-15.218	28.300
-15.248	28.390
-15.278	28.440
-15.338	28.560
POLYLINE BLACK
-14.258	25.990
-14.278	26.000
-14.298	25.990
-14.358	26.010
-14.378	26.000
-14.418	26.030
-14.568	26.060
-14.608	26.070
-14.668	26.100
-14.708	26.110
-14.808	26.190
-14.848	26.230
-14.938	26.350
-15.008	26.420
-15.068	26.500
-15.178	26.570
-15.278	26.640
-15.288	26.660
-15.338	26.670
-15.508	26.730
-15.688	26.890
-15.738	26.940
-15.888	27.040
-15.908	27.060
-15.928	27.060
-15.958	27.090
-15.988	27.110
-16.028	27.120
-16.058	27.150
-16.168	27.230
-16.258	27.270
-16.278	27.300
-16.318	27.310
-16.378	27.350
-16.398	27.350
-16.458	27.390
-16.598	27.410
-16.638	27.420
-16.698	27.420
-16.758	27.400
-16.778	27.410
-16.818	27.380
-16.848	27.380
-16.888	27.370
-16.928	27.370
-16.968	27.360
-17.058	27.360
-17.078	27.370
-17.128	27.370
-17.208	27.400
-17.248	27.390
-17.268	27.410
-17.298	27.410
-17.398	27.440
-17.458	27.480
-17.468	27.520
-17.458	27.560
-17.438	27.650
POLYLINE BLACK
-12.298	26.370
-12.318	26.360
-12.338	26.380
-12.378	26.390
-12.418	26.380
-12.488	26.380
-12.548	26.340
-12.568	26.350
-12.588	26.340
-12.628	26.370
-12.688	26.350
-12.758	26.350
-12.798	26.360
-12.858	26.360
-12.968	26.430
-13.008	26.420
-13.048	26.430
-13.108	26.430
-13.158	26.440
-13.238	26.450
-13.438	26.450
-13.478	26.460
-13.518	26.460
-13.668	26.500
-13.728	26.510
-13.748	26.530
-13.828	26.550
-13.888	26.570
-13.898	26.590
-13.918	26.570
-13.998	26.570
-14.088	26.450
-14.168	26.410
-14.178	26.390
-14.198	26.390
-14.208	26.410
-14.198	26.430
-14.218	26.490
-14.208	26.570
-14.218	26.610
-14.238	26.630
-14.258	26.630
-14.268	26.650
POLYLINE BLUE
-12.598	26.570
-12.588	26.550
-12.618	26.520
-12.638	26.590
-12.598	26.550
-12.598	26.550
-12.648	26.530
-12.668	26.550
-12.748	26.550
-12.908	26.570
POLYLINE BLUE
-12.958	26.560
-12.898	26.570
-12.858	26.560
-12.898	26.530
-12.848	26.560
-12.808	26.560
-12.818	26.520
-12.758	26.550
-12.728	26.550
-12.708	26.560
-12.718	26.520
POLYLINE BLUE
-12.938	26.560
-12.948	26.540
POLYLINE BLUE
-12.828	26.550
-12.868	26.540
POLYLINE BLUE
-12.668	26.560
-12.708	26.560
POLYLINE BLUE
-12.648	26.550
-12.668	26.530
POLYLINE BLUE
-12.528	26.620
-12.568	26.580
POLYLINE BLUE
-12.568	26.580
-12.598	26.570
POLYLINE BLUE
-12.638	26.590
-12.648	26.550
POLYLINE BLUE
-12.708	26.580
-12.698	26.560
-12.748	26.500
POLYLINE BLUE
-12.768	26.580
-12.798	26.530
POLYLINE BLUE
-12.798	26.610
-12.838	26.550
POLYLINE BLUE
-12.848	26.610
-12.848	26.590
-12.888	26.550
POLYLINE BLUE
-12.878	26.650
-12.888	26.610
-12.938	26.550
POLYLINE BLUE
-12.928	26.650
-12.978	26.570
POLYLINE BLUE
-12.978	26.610
-13.048	26.550
POLYLINE BLUE
-13.078	26.580
-13.078	26.600
-13.068	26.580
-12.988	26.610
-12.878	26.610
-12.858	26.620
-12.818	26.610
-12.778	26.610
-12.758	26.620
-12.738	26.600
-12.638	26.600
-12.618	26.590
-12.528	26.610
POLYLINE BLACK
-11.538	28.980
-11.618	28.830
-11.618	28.810
-11.638	28.790
-11.668	28.640
-11.688	28.620
-11.698	28.580
-11.748	28.490
-11.758	28.450
-11.768	28.410
-11.768	28.380
-11.828	28.260
-11.908	28.140
-11.988	28.040
-11.988	28.000
-11.998	27.930
-11.968	27.800
-11.968	27.760
-12.018	27.610
-12.068	27.480
-12.098	27.440
-12.148	27.290
-12.268	27.170
-12.348	27.040
-12.388	26.840
-12.398	26.800
-12.408	26.760
-12.438	26.690
-12.458	26.670
-12.468	26.600
-12.608	26.500
-12.648	26.490
-12.728	26.500
-12.788	26.500
-12.808	26.490
-12.828	26.500
-12.848	26.490
-12.888	26.500
-12.928	26.500
-12.968	26.510
-12.988	26.510
-13.008	26.530
-13.028	26.530
-13.058	26.590
-13.048	26.630
-13.048	26.700
-13.038	26.740
-13.028	26.780
-12.988	26.870
-12.928	26.950
-12.918	27.000
-12.878	27.060
-12.868	27.120
-12.848	27.160
-12.848	27.190
-12.818	27.250
-12.818	27.290
-12.758	27.440
-12.728	27.490
-12.728	27.510
-12.698	27.580
-12.668	27.630
-12.638	27.710
-12.638	27.790
-12.608	27.930
-12.488	28.140
-12.458	28.190
-12.338	28.330
-12.288	28.420
-12.278	28.470
-12.218	28.640
-12.148	28.750
-12.138	28.800
-12.068	28.890
-12.018	28.970
-11.998	29.070
-11.948	29.150
POLYLINE BLACK
-12.768	25.110
-12.868	25.130
-12.908	25.130
-12.928	25.150
-12.958	25.150
-13.038	25.200
-13.058	25.220
-13.078	25.220
-13.218	25.310
-13.308	25.330
-13.408	25.400
-13.508	25.500
-13.528	25.510
-13.568	25.580
-13.728	25.680
-13.818	25.690
-13.918	25.730
-13.938	25.750
-13.958	25.750
-14.018	25.790
-14.068	25.820
-14.098	25.860
-14.118	25.860
-14.198	25.910
-14.218	25.910
-14.238	25.940
-14.258	25.930
-14.278	25.950
-14.298	25.950
-14.338	25.990
POLYLINE BROWN
-12.098	24.050
-12.198	24.070
POLYLINE BROWN
-11.698	24.040
-11.718	24.060
-11.738	24.040
-11.828	24.050
POLYLINE BROWN
-11.778	24.880
-11.818	24.890
-11.858	24.890
-11.968	24.930
-12.038	24.930
POLYLINE BROWN
-11.348	24.860
-11.458	24.900
-11.478	24.900
-11.558	24.930
-11.598	24.940
POLYLINE BROWN
-10.848	24.940
-10.888	24.930
-10.938	24.920
-11.038	24.920
POLYLINE BROWN
-10.868	25.010
-10.958	25.030
POLYLINE BROWN
-10.598	24.990
-10.638	25.010
-10.668	25.010
-10.708	25.030
-10.738	25.030
POLYLINE BROWN
-10.168	24.810
-10.228	24.830
-10.268	24.830
-10.408	24.900
POLYLINE BROWN
-9.828	24.780
-9.868	24.800
-9.918	24.790
POLYLINE BROWN
-9.188	23.750
-9.198	23.770
-9.248	23.770
-9.428	23.810
-9.508	23.830
-9.578	23.810
-9.598	23.820
-9.668	23.810
-9.758	23.810
-9.818	23.830
-9.888	23.830
-9.958	23.840
-10.058	23.860
-10.078	23.870
-10.148	23.870
-10.308	23.910
-10.428	23.910
-10.558	23.930
-10.648	23.930
-10.768	23.960
-10.788	23.950
-10.888	23.970
-10.948	23.970
-10.998	23.980
-11.048	23.980
-11.108	24.000
-11.138	24.000
-11.178	24.010
-11.288	24.030
-11.338	24.020
-11.378	24.010
-11.498	24.010
-11.518	24.000
-11.588	24.020
POLYLINE BLUE
-12.197	28.167
-12.197	28.153
POLYLINE GREEN
-11.574	29.105
-11.567	29.091
-11.581	29.091
-11.595	29.084
-11.588	29.056
-11.588	29.028
-11.560	29.007
-11.546	29.014
-11.532	29.000
-11.490	29.000
-11.455	28.993
-11.441	28.993
-11.413	28.986
-11.364	29.000
-11.350	28.993
-11.336	29.000
-11.322	28.993
-11.294	29.000
-11.266	29.000
-11.238	28.993
-11.203	28.993
-11.175	28.986
-11.147	28.986
-11.119	28.979
-11.091	28.986
-11.056	28.986
-11.021	28.979
-10.958	28.986
-10.930	28.986
-10.902	28.993
-10.853	28.986
-10.832	28.986
-10.804	28.993
-10.776	28.986
-10.762	28.986
-10.734	28.993
-10.720	29.007
-10.706	29.007
-10.678	29.014
-10.636	29.049
-10.636	29.063
POLYLINE BLACK
-11.882	30.561
-11.882	30.547
-11.861	30.631
-11.861	30.673
-11.868	30.701
-11.868	30.736
-11.875	30.764
-11.875	30.806
-11.882	30.834
-11.882	30.890
-11.861	30.960
-11.840	30.988
-11.798	31.009
-11.560	31.016
-11.504	31.037
-11.462	31.065
-11.455	31.079
-11.441	31.079
-11.392	31.135
-11.392	31.149
-11.385	31.177
-11.385	31.310
-11.392	31.338
-11.364	31.380
-11.364	31.394
-11.336	31.443
-11.336	31.457
-11.273	31.555
-11.259	31.611
-11.259	31.625
-11.266	31.653
-11.259	31.716
-11.259	31.744
-11.252	31.772
-11.252	31.786
-11.238	31.835
-11.217	31.863
-11.217	31.877
-11.203	31.884
-11.189	31.919
-11.133	31.954
-11.112	31.954
-11.056	31.975
-11.042	31.989
-11.028	31.989
-11.000	31.996
-10.986	31.996
-10.958	31.982
-10.902	31.982
-10.888	31.968
-10.874	31.975
-10.867	31.961
-10.853	31.961
-10.825	31.933
-10.811	31.933
-10.769	31.877
-10.734	31.807
-10.734	31.723
-10.741	31.695
-10.741	31.569
-10.734	31.534
-10.734	31.471
-10.727	31.443
-10.727	31.380
-10.720	31.352
-10.720	31.338
-10.713	31.310
-10.713	31.247
-10.699	31.205
-10.692	31.128
-10.699	31.114
-10.699	31.023
-10.685	30.981
-10.685	30.932
-10.678	30.918
-10.678	30.883
-10.671	30.848
-10.671	30.806
-10.650	30.764
-10.650	30.750
-10.643	30.736
-10.643	30.715
-10.629	30.687
-10.629	30.673
-10.622	30.645
-10.622	30.631
-10.615	30.603
-10.615	30.589
-10.608	30.561
-10.608	30.526
-10.601	30.498
-10.601	30.407
-10.608	30.379
-10.608	30.253
-10.601	30.218
-10.601	30.141
-10.594	30.113
-10.594	30.099
-10.587	30.071
-10.587	29.924
POLYLINE BLACK
-11.889	29.770
-11.889	29.819
-11.896	29.833
-11.889	29.882
-11.889	29.938
-11.882	29.966
-11.882	30.078
-11.889	30.092
-11.889	30.267
-11.896	30.281
-11.896	30.330
-11.889	30.344
-11.889	30.379
-11.882	30.414
-11.882	30.442
-11.875	30.477
-11.875	30.533
-11.868	30.547
-11.854	30.554
POLYLINE BLACK
-11.966	29.119
-11.952	29.126
-11.924	29.175
-11.917	29.210
-11.889	29.266
-11.889	29.287
-11.882	29.315
-11.882	29.329
-11.875	29.357
-11.875	29.378
-11.868	29.406
-11.868	29.455
-11.875	29.490
-11.875	29.630
-11.882	29.658
-11.882	29.672
-11.889	29.700
-11.889	29.728
-11.896	29.749
-11.889	29.777
-11.889	29.805
POLYLINE BLACK
-10.650	29.042
-10.650	29.070
-10.622	29.161
-10.615	29.189
-10.608	29.224
-10.580	29.336
-10.580	29.364
-10.573	29.392
-10.573	29.476
-10.580	29.490
-10.573	29.504
-10.580	29.532
-10.580	29.560
-10.587	29.574
-10.587	29.714
-10.594	29.742
-10.594	29.784
-10.601	29.812
-10.601	29.854
-10.608	29.889
-10.608	29.903
-10.615	29.917
POLYLINE GREEN
-11.280	29.077
-11.210	29.049
-11.168	29.056
-11.154	29.063
-11.147	29.077
-11.133	29.077
-11.098	29.119
-11.042	29.189
-11.000	29.210
-11.000	29.224
-10.958	29.259
-10.944	29.259
-10.930	29.252
-10.916	29.259
-10.902	29.252
-10.874	29.210
-10.860	29.203
-10.853	29.189
-10.839	29.182
-10.832	29.161
-10.804	29.154
-10.790	29.154
-10.762	29.161
-10.748	29.154
-10.734	29.161
-10.706	29.140
-10.685	29.098
-10.671	29.084
-10.454	29.000
POLYLINE GREEN
-11.574	29.063
-11.560	29.091
-11.560	29.154
-11.553	29.182
-11.553	29.210
-11.574	29.252
-11.574	29.266
-11.602	29.322
-11.602	29.350
-11.609	29.385
-11.609	29.413
-11.602	29.441
-11.602	29.462
-11.574	29.532
-11.553	29.574
POLYLINE GREEN
-11.224	29.574
-11.203	29.532
-11.189	29.518
-11.189	29.504
-11.182	29.490
-11.154	29.469
-11.126	29.406
-11.126	29.350
-11.140	29.301
-11.154	29.259
-11.175	29.231
-11.203	29.217
-11.231	29.175
-11.259	29.154
-11.273	29.098
-11.273	29.056
-11.280	29.028
-11.280	29.014
POLYLINE GREEN
-11.399	29.756
-11.385	29.742
-11.371	29.749
-11.287	29.693
-11.259	29.651
-11.238	29.595
-11.238	29.581
-11.224	29.553
-11.224	29.532
POLYLINE GREEN
-11.399	29.749
-11.427	29.742
-11.455	29.742
-11.483	29.735
-11.546	29.665
-11.574	29.602
-11.574	29.588
-11.588	29.574
-11.588	29.539
POLYLINE CONNECT
-11.417	29.740
-12.601	25.533
POLYLINE BLACK
-12.137	25.130
-12.117	25.150
-12.097	25.150
-12.057	25.180
-12.027	25.180
POLYLINE BLACK
-12.037	25.310
-11.997	25.310
-11.907	25.250
POLYLINE BLACK
-10.957	25.310
-10.987	25.310
-11.057	25.290
POLYLINE BLACK
-11.137	25.420
-11.127	25.380
-11.137	25.360
POLYLINE BLACK
-11.327	25.450
-11.307	25.410
POLYLINE BLACK
-11.537	25.450
-11.527	25.390
POLYLINE BLACK
-11.827	25.400
-11.817	25.420
-11.757	25.360
POLYLINE BLACK
-12.117	25.260
-12.077	25.260
-12.037	25.240
POLYLINE BLACK
-11.077	25.190
-11.057	25.170
POLYLINE BLACK
-11.267	25.200
-11.217	25.140
POLYLINE BLACK
-11.497	25.200
-11.467	25.150
POLYLINE BLACK
-11.717	25.130
-11.687	25.100
POLYLINE BLACK
-11.917	25.130
-11.887	25.040
POLYLINE BLACK
-11.987	25.030
-11.987	25.010
-12.007	25.030
-12.027	25.030
-12.137	25.140
-12.147	25.210
-12.137	25.250
-12.037	25.350
-11.967	25.390
-11.937	25.390
-11.877	25.420
-11.697	25.460
-11.627	25.460
-11.577	25.470
-11.537	25.470
-11.517	25.460
-11.497	25.470
-11.447	25.460
-11.407	25.460
-11.347	25.450
-11.277	25.450
-11.167	25.410
-11.137	25.410
-11.117	25.420
-11.077	25.390
-11.037	25.380
-10.937	25.290
-10.927	25.200
-11.007	25.120
-11.057	25.110
-11.077	25.090
-11.117	25.090
POLYLINE GREEN
-12.297	26.010
-12.277	26.010
-12.247	25.970
POLYLINE GREEN
-12.327	26.260
-12.327	26.230
-12.317	26.210
-12.317	26.170
-12.297	26.080
-12.297	26.040
-12.367	25.930
POLYLINE GREEN
-12.617	25.540
-12.597	25.530
-12.537	25.420
POLYLINE GREEN
-12.617	25.860
-12.597	25.820
-12.577	25.700
-12.577	25.660
-12.567	25.620
-12.567	25.560
-12.647	25.500
-12.697	25.430
POLYLINE GREEN
-12.207	26.010
-12.207	25.990
-12.267	25.940
-12.347	25.920
-12.387	25.930
-12.437	26.000
-12.437	26.060
-12.417	26.100
-12.367	26.130
-12.307	26.130
-12.267	26.120
-12.227	26.110
-12.167	26.060
-12.167	26.020
POLYLINE GREEN
-12.497	25.340
-12.537	25.320
-12.587	25.320
-12.627	25.310
-12.697	25.310
-12.757	25.360
-12.757	25.390
-12.777	25.430
-12.777	25.520
-12.737	25.610
-12.657	25.690
-12.607	25.710
-12.567	25.740
-12.517	25.750
-12.497	25.730
-12.477	25.730
-12.387	25.640
-12.357	25.580
-12.347	25.500
-12.387	25.410
-12.387	25.390
-12.497	25.280
-12.527	25.260
-12.567	25.260
-12.597	25.270
-12.617	25.260
POLYLINE BROWN
-10.967	25.190
-11.017	25.200
-11.067	25.230
-11.107	25.240
POLYLINE BROWN
-9.257	24.770
-9.317	24.780
POLYLINE BLACK
-10.117	26.090
-10.177	26.110
-10.287	26.080
-10.347	26.080
-10.457	26.060
-10.547	26.070
-10.667	26.110
-10.827	26.150
-10.897	26.190
-10.937	26.200
-11.167	26.290
-11.277	26.300
-11.347	26.320
-11.467	26.310
-11.617	26.340
-11.767	26.360
-11.867	26.380
-11.927	26.370
-11.957	26.370
-12.057	26.390
-12.097	26.380
-12.137	26.390
-12.167	26.390
-12.207	26.400
-12.387	26.400
POLYLINE BLACK
-10.067	24.810
-10.117	24.860
-10.217	24.930
-10.367	25.080
-10.387	25.080
-10.407	25.100
-10.427	25.100
-10.477	25.150
-10.517	25.160
-10.537	25.150
-10.557	25.170
-10.617	25.170
-10.697	25.130
-10.717	25.130
-10.737	25.110
-10.757	25.120
-10.837	25.090
-10.927	25.120
-10.987	25.140
-11.147	25.140
-11.167	25.130
-11.187	25.140
-11.257	25.140
-11.327	25.120
-11.397	25.120
-11.417	25.110
-11.437	25.120
-11.457	25.100
-11.497	25.100
-11.567	25.060
-11.647	25.050
-11.687	25.060
-11.737	25.050
-11.767	25.060
-11.787	25.050
-11.807	25.060
-11.867	25.040
-11.897	25.050
-11.977	25.030
-12.117	25.010
-12.157	24.990
-12.217	24.980
-12.257	24.990
-12.347	24.970
-12.397	24.980
-12.437	24.980
-12.567	25.020
-12.607	25.030
-12.727	25.070
-12.747	25.090
-12.767	25.090
POLYLINE BROWN
-11.837	25.020
-11.987	25.040
POLYLINE BROWN
-10.457	25.120
POLYLINE BROWN
-9.527	24.760
-9.627	24.770
-9.647	24.780
POLYLINE BROWN
-9.197	24.770
-9.217	24.760
-9.267	24.790
-9.287	24.780
POLYLINE BROWN
-7.917	23.410
-7.937	23.410
-8.017	23.470
-8.057	23.480
-8.097	23.510
-8.117	23.510
-8.137	23.530
-8.217	23.550
-8.287	23.570
-8.327	23.570
-8.367	23.590
-8.437	23.600
-8.477	23.610
-8.557	23.620
-8.577	23.630
-8.637	23.620
-8.657	23.640
-8.737	23.640
-8.777	23.650
-8.857	23.650
-8.897	23.660
-8.937	23.650
-8.997	23.690
-9.037	23.700
-9.157	23.740
-9.197	23.740
-9.237	23.750
-9.257	23.730
POLYLINE BROWN
-5.967	24.150
-5.867	23.930
-5.847	23.910
-5.927	23.940
-6.007	23.960
-6.067	23.990
-6.117	24.000
-6.197	24.020
-6.237	24.020
-6.257	24.030
-6.347	24.010
-6.387	24.010
-6.407	24.000
-6.427	24.010
-6.477	24.000
-6.497	24.010
-6.537	24.010
-6.577	24.000
-6.627	24.000
-6.647	24.010
-6.707	23.990
-6.867	23.960
-6.937	23.940
-7.027	23.930
-7.117	23.920
-7.157	23.920
-7.197	23.930
-7.297	23.910
-7.357	23.910
-7.467	23.860
-7.477	23.830
-7.607	23.790
-7.627	23.800
-7.687	23.780
-7.707	23.790
-7.727	23.780
-7.747	23.790
-7.767	23.780
-7.757	23.740
-7.717	23.720
-7.687	23.690
-7.667	23.680
POLYLINE BROWN
-3.197	17.730
-3.237	17.780
-3.277	17.880
POLYLINE BROWN
-3.077	17.510
-3.137	17.590
POLYLINE BROWN
-2.887	17.140
-2.907	17.210
-2.967	17.270
POLYLINE BROWN
-2.677	16.900
-2.717	16.920
-2.757	16.980
POLYLINE BROWN
-2.547	16.630
-2.587	16.720
POLYLINE BROWN
-2.387	16.390
-2.387	16.420
-2.457	16.470
POLYLINE BROWN
-2.497	16.300
-2.487	16.280
POLYLINE BROWN
-2.657	16.460
-2.617	16.420
POLYLINE BROWN
-2.827	16.650
-2.767	16.600
-2.757	16.570
POLYLINE BROWN
-2.997	16.900
-2.997	16.880
-2.937	16.820
POLYLINE BROWN
-3.187	17.080
-3.127	17.030
POLYLINE BROWN
-3.327	17.260
-3.277	17.200
-3.267	17.170
POLYLINE BROWN
-3.437	17.430
-3.417	17.420
-3.387	17.370
-3.387	17.350
POLYLINE BLUE
-6.777	22.250
-6.897	22.400
-6.947	22.550
-6.957	22.610
-6.977	22.630
-6.997	22.610
-7.057	22.660
-7.097	22.660
-7.117	22.690
-7.117	22.710
-7.167	22.790
-7.167	22.900
-7.157	22.940
-7.167	22.960
-7.207	22.960
-7.267	22.980
-7.287	22.970
-7.307	22.990
-7.337	22.990
-7.397	23.020
-7.437	23.080
-7.457	23.160
-7.527	23.310
-7.547	23.330
-7.547	23.290
-7.527	23.210
-7.527	23.150
-7.517	23.110
-7.567	23.330
-7.567	23.350
-7.557	23.330
-7.507	23.310
-7.447	23.260
-7.427	23.260
-7.417	23.240
POLYLINE BLUE
-3.837	18.320
-3.977	18.430
-4.027	18.540
-4.027	18.650
-4.037	18.690
-4.037	18.730
-4.057	18.770
-4.117	18.770
-4.157	18.780
-4.197	18.770
-4.247	18.790
-4.297	18.840
-4.317	18.900
-4.317	19.090
-4.337	19.170
-4.377	19.200
-4.457	19.220
-4.517	19.260
-4.647	19.420
-4.687	19.490
-4.697	19.440
-4.687	19.340
-4.657	19.250
-4.637	19.230
-4.637	19.210
-4.717	19.490
-4.627	19.480
-4.577	19.450
-4.557	19.460
-4.537	19.440
POLYLINE BLACK
-3.327	17.860
-3.487	18.060
-3.607	18.240
-3.607	18.280
-3.687	18.360
-3.707	18.440
-3.947	18.840
-4.107	19.100
-4.207	19.200
-4.427	19.480
-4.647	19.820
-4.787	19.980
-4.787	20.020
-4.847	20.120
-4.987	20.260
-5.187	20.560
-5.367	20.820
-5.627	21.080
-5.687	21.180
-5.967	21.500
-6.187	21.800
-6.327	21.940
-6.507	22.160
-6.667	22.380
-6.727	22.480
-6.867	22.660
-6.927	22.720
-7.007	22.860
-7.187	23.060
-7.467	23.400
-7.647	23.600
-7.707	23.660
-7.747	23.760
POLYLINE BLACK
-8.007	23.640
-7.887	23.360
-7.627	23.060
-7.507	22.980
-7.307	22.740
-7.247	22.680
-7.107	22.480
-7.027	22.360
-7.027	22.300
-6.827	22.020
-6.807	21.960
-6.607	21.760
-6.427	21.500
-6.207	21.220
-6.207	21.180
-6.087	21.020
-6.007	20.880
-5.807	20.600
-5.767	20.500
-5.707	20.480
-5.647	20.400
-5.647	20.360
-5.547	20.240
-5.407	20.040
-5.247	19.840
-5.187	19.740
-4.967	19.440
-4.747	19.160
-4.707	19.080
-4.627	19.000
-4.467	18.800
-4.367	18.660
-4.307	18.600
-4.227	18.500
-4.227	18.460
-4.107	18.300
-4.047	18.200
-3.827	17.920
-3.827	17.880
-3.707	17.720
-3.487	17.500
-3.467	17.460
POLYLINE BLACK
-6.047	25.060
-6.007	25.100
-5.907	25.100
-5.827	25.120
POLYLINE BLACK
-5.947	24.280
-5.827	24.180
POLYLINE BLACK
-5.947	24.620
-5.907	24.640
-5.767	24.600
POLYLINE BLACK
-5.927	24.880
-5.767	24.880
POLYLINE BLACK
-6.147	25.080
-6.067	25.100
-6.027	25.100
POLYLINE BLACK
-6.047	25.460
-5.867	25.280
POLYLINE BLACK
-6.127	23.980
-6.007	24.180
-5.967	24.300
-5.967	24.480
-5.947	24.520
-5.967	24.600
-5.967	24.680
-5.947	24.760
-5.947	24.820
-5.967	24.900
-6.187	25.220
-6.247	25.280
-6.247	25.320
-6.147	25.420
-5.987	25.500
-5.867	25.520
-5.827	25.500
POLYLINE BLACK
-5.747	25.480
-5.907	25.520
-5.967	25.520
-6.247	25.600
-6.327	25.600
-6.387	25.620
-6.427	25.600
-6.687	25.660
-6.767	25.720
-6.907	25.740
-7.227	25.840
-7.407	25.880
-7.527	25.900
-7.707	25.880
-7.747	25.900
-8.127	25.900
-8.207	25.920
-8.467	25.920
-8.647	25.980
-8.707	25.960
-8.867	26.020
-8.907	26.000
-9.087	26.040
-9.267	26.040
-9.447	26.060
-9.587	26.060
-9.627	26.080
-9.767	26.060
-9.847	26.060
-9.947	26.080
-10.027	26.060
-10.107	26.080
-10.147	26.060
-10.187	26.080
POLYLINE BLACK
-6.427	24.060
-6.607	24.160
-6.687	24.160
-6.807	24.220
-6.927	24.240
-6.967	24.280
-7.047	24.300
-7.267	24.400
-7.367	24.400
-7.427	24.440
-7.647	24.480
-7.727	24.500
-7.827	24.500
-7.987	24.540
-8.167	24.560
-8.247	24.580
-8.347	24.580
-8.467	24.620
-8.567	24.620
-8.687	24.660
-8.787	24.680
-8.827	24.660
-8.887	24.680
-8.927	24.660
-9.007	24.680
-9.147	24.680
-9.227	24.660
-9.367	24.660
-9.447	24.680
-9.627	24.660
-9.787	24.660
-9.887	24.680
-9.967	24.700
-10.087	24.800
-10.127	24.800
POLYLINE GREEN
-5.337	24.095
-5.337	24.065
-5.427	24.005
-5.532	24.005
-5.562	24.035
-5.592	24.035
-5.652	24.095
-5.652	24.155
-5.622	24.215
-5.607	24.290
-5.517	24.350
-5.457	24.335
-5.427	24.350
-5.307	24.305
-5.307	24.275
-5.277	24.245
-5.277	24.170
-5.352	24.020
-5.412	24.020
POLYLINE GREEN
-4.722	28.025
-4.647	28.190
-4.647	28.250
-4.602	28.445
-4.602	28.505
-4.587	28.535
-4.587	28.580
-4.557	28.640
-4.467	28.610
-4.482	28.565
-4.437	28.475
-4.437	28.415
-4.422	28.355
-4.467	28.220
-4.467	28.160
-4.437	28.040
-4.392	27.980
POLYLINE BLACK
-4.857	27.395
-4.827	27.395
-4.767	27.410
-4.737	27.410
-4.617	27.470
-4.557	27.515
-4.527	27.500
-4.377	27.590
-4.362	27.620
-4.332	27.620
-4.242	27.695
-4.212	27.680
-4.137	27.800
-4.137	27.830
-4.122	27.890
-4.182	27.935
-4.422	27.935
-4.452	27.920
-4.512	27.935
-4.572	27.980
-4.632	27.980
-4.662	27.965
-4.692	27.980
-4.707	28.010
-4.797	28.010
-4.857	28.040
-4.887	28.040
POLYLINE BLACK
-4.752	26.360
-4.782	26.330
-4.842	26.330
-5.022	26.480
-5.067	26.570
-5.067	26.600
-5.052	26.660
-5.052	26.690
-5.022	26.780
-5.022	26.855
-4.947	27.065
-4.857	27.245
-4.857	27.275
-4.827	27.365
-4.827	27.440
-4.842	27.500
-4.842	27.530
-4.857	27.590
-4.857	27.725
-4.887	27.845
-4.887	27.950
-4.872	28.010
-4.872	28.100
-4.857	28.070
POLYLINE BLACK
-4.782	26.285
-4.752	26.285
-4.692	26.255
-4.662	26.270
-4.542	26.225
-4.512	26.240
-4.482	26.210
-4.422	26.240
-4.362	26.240
-4.332	26.255
-4.302	26.240
-4.152	26.285
-4.122	26.270
-4.092	26.285
-4.077	26.255
-4.062	26.285
-4.002	26.300
-3.972	26.300
-3.942	26.315
-3.867	26.525
-3.822	26.615
-3.822	26.645
-3.792	26.705
-3.792	27.035
-3.777	27.095
-3.777	27.305
-3.732	27.395
-3.732	27.425
-3.687	27.515
-3.687	27.575
-3.672	27.635
-3.672	27.920
-3.687	27.950
-3.687	27.995
-3.702	28.025
POLYLINE BLACK
-4.887	28.010
-4.887	28.175
-4.827	28.295
-4.827	28.355
-4.767	28.550
-4.737	28.610
-4.677	28.610
-4.617	28.655
-4.587	28.655
-4.557	28.670
-4.542	28.700
-4.542	28.670
-4.482	28.700
-4.452	28.700
-4.377	28.805
-4.347	28.835
-4.347	28.865
-4.302	29.045
-4.302	29.075
-4.287	29.105
-4.287	29.150
-4.257	29.210
-4.257	29.240
-4.077	29.615
-4.032	29.675
-3.972	29.840
-3.972	29.870
-3.942	29.930
-3.942	29.975
-3.912	30.005
-3.912	30.035
-3.867	30.170
-3.867	30.200
-3.822	30.290
-3.822	30.320
-3.762	30.470
-3.672	30.605
-3.552	30.710
-3.552	30.740
-3.492	30.785
-3.477	30.815
-3.417	30.785
-3.387	30.785
-3.357	30.800
-3.297	30.740
-3.297	30.650
-3.267	30.590
-3.267	30.530
-3.297	30.485
-3.297	30.455
-3.342	30.305
-3.387	30.155
-3.387	30.110
-3.402	30.050
-3.402	30.020
-3.417	29.960
-3.417	29.930
-3.477	29.780
-3.492	29.750
-3.522	29.735
-3.567	29.630
-3.567	29.525
-3.552	29.465
-3.552	29.405
-3.567	29.345
-3.552	29.300
-3.567	29.240
-3.567	29.120
-3.537	29.060
-3.537	28.955
-3.522	28.925
-3.522	28.685
-3.507	28.625
-3.507	28.460
-3.582	28.340
-3.672	28.280
-3.687	28.250
-3.657	28.190
-3.657	28.100
-3.672	28.070
-3.672	27.995
-3.657	27.935
POLYLINE CONNECT
-4.287	27.945
-6.116	24.782
POLYLINE BLACK
-3.807	24.795
-3.807	24.735
-3.867	24.735
-4.377	24.165
-4.377	24.165
-4.287	24.075
-3.897	23.865
-3.687	23.655
-3.537	23.565
-3.507	23.505
-3.327	23.775
-3.237	24.015
-3.057	24.285
-2.967	24.375
-3.207	24.525
-3.717	24.825
POLYLINE BLACK
-2.247	24.375
-2.247	24.285
-2.097	23.775
-2.007	23.505
-1.977	23.385
-1.797	23.445
-1.497	23.445
-1.377	23.415
-1.167	23.475
-1.197	23.625
-1.227	23.895
-1.257	24.015
-1.257	24.255
-1.287	24.345
-1.347	24.285
-1.527	24.345
-1.827	24.285
-2.097	24.255
-2.157	24.225
POLYLINE BLACK
-0.297	23.835
-0.297	23.715
-0.327	23.535
-0.327	22.875
-0.267	22.815
-0.117	22.845
0.213	22.785
0.483	22.785
0.603	22.815
0.633	22.965
0.603	23.355
0.633	23.475
0.633	23.535
0.573	23.505
0.453	23.535
0.273	23.565
0.123	23.595
-0.057	23.595
-0.117	23.655
-0.177	23.625
POLYLINE BLACK
1.893	22.515
1.833	22.515
1.623	22.755
1.533	22.905
1.473	22.935
1.473	22.995
1.593	23.025
2.103	23.295
2.313	22.905
2.523	22.515
2.313	22.485
2.193	22.515
1.653	22.515
POLYLINE BLACK
-5.757	25.455
-5.577	25.515
-5.457	25.485
-5.187	25.485
-5.127	25.455
-5.067	25.485
-4.947	25.455
-4.827	25.425
-4.767	25.455
-4.587	25.395
-4.467	25.365
-4.347	25.335
-3.867	25.245
-3.747	25.185
-3.627	25.215
-3.507	25.185
-3.357	25.155
-3.237	25.185
-3.027	25.125
-2.607	25.125
-2.487	25.155
-2.247	25.125
-1.287	25.125
-1.227	25.155
-1.077	25.125
-0.957	25.125
-0.837	25.095
-0.507	25.125
-0.447	25.125
-0.387	25.185
-0.147	25.155
0.183	25.155
0.243	25.125
0.303	25.155
0.483	25.095
0.543	25.035
0.783	25.065
0.903	25.035
1.023	25.065
1.143	25.035
1.263	25.035
1.383	25.005
1.563	25.005
1.623	24.945
1.803	24.945
1.863	24.975
POLYLINE BLACK
-6.507	24.075
-6.447	24.105
-6.207	24.015
-6.147	24.045
-6.087	23.985
-5.967	23.985
-5.727	23.865
-5.487	23.805
-5.307	23.715
-5.187	23.685
-5.067	23.655
-4.767	23.595
-4.707	23.535
-4.617	23.535
-4.437	23.445
-4.347	23.445
-4.077	23.355
-3.957	23.325
-3.807	23.325
-3.447	23.145
-3.357	23.145
-3.117	22.995
-2.967	22.995
-2.637	22.845
-2.397	22.845
-2.187	22.785
-2.127	22.725
-2.007	22.725
-1.707	22.635
-1.587	22.605
-1.317	22.515
-1.047	22.395
-0.687	22.305
-0.417	22.215
-0.207	22.215
-0.027	22.125
0.093	22.155
0.213	22.155
0.393	22.095
0.693	22.035
POLYLINE BLACK
11.133	20.865
11.153	20.825
11.393	20.825
11.433	20.805
POLYLINE BLACK
14.193	16.305
14.193	16.245
14.113	15.925
14.293	15.885
14.553	15.765
14.593	15.725
14.593	15.785
14.733	16.285
14.313	16.385
14.233	16.405
14.173	16.425
POLYLINE BLACK
13.213	17.265
13.353	17.285
POLYLINE BLACK
13.193	17.305
13.353	16.785
13.353	16.725
13.373	16.645
13.373	16.605
13.713	16.605
13.893	16.585
13.933	16.565
13.953	16.665
13.893	16.965
13.853	17.265
13.813	17.365
13.733	17.345
13.433	17.305
13.393	17.245
POLYLINE BLACK
12.253	19.085
12.353	19.005
12.373	18.945
12.933	18.265
13.033	18.285
13.333	18.505
13.573	18.705
13.613	18.705
13.353	19.065
13.093	19.525
13.053	19.525
12.953	19.465
12.873	19.445
12.733	19.365
12.553	19.325
12.373	19.245
12.173	19.105
12.033	18.965
POLYLINE BLACK
11.153	20.845
11.153	20.725
11.333	20.065
11.413	20.005
11.513	20.005
11.693	19.965
11.913	19.905
11.973	19.905
12.093	19.865
12.173	19.865
12.193	19.965
12.193	20.065
12.173	20.145
12.173	20.365
12.153	20.465
12.153	20.665
11.873	20.765
11.373	20.845
11.373	20.805
POLYLINE BLACK
9.993	23.145
10.453	22.225
10.833	22.445
10.913	22.465
11.213	22.645
11.233	22.685
11.033	22.945
10.973	22.985
10.853	23.145
10.673	23.325
10.593	23.445
10.573	23.405
10.533	23.405
10.393	23.325
10.173	23.205
10.093	23.145
POLYLINE BLACK
8.133	22.885
8.273	22.185
8.273	22.085
8.753	22.085
9.093	21.965
9.133	21.945
9.173	22.105
9.173	22.265
9.153	22.525
9.153	22.665
9.173	22.865
9.173	22.905
8.833	22.885
8.233	22.965
8.133	22.945
POLYLINE BLACK
6.913	24.625
7.173	24.065
7.333	23.725
7.613	23.985
7.673	24.005
7.813	24.125
7.913	24.185
7.953	24.185
7.973	24.285
7.993	24.425
7.953	24.745
7.893	24.865
7.793	24.825
7.613	24.825
7.333	24.765
7.073	24.685
6.993	24.625
POLYLINE BLACK
5.433	23.425
5.633	22.865
5.653	22.785
5.693	22.745
5.833	22.745
6.353	22.945
6.453	22.985
6.533	22.985
6.573	23.005
6.533	23.205
6.373	23.605
6.333	23.625
6.233	23.625
5.613	23.465
POLYLINE BLACK
4.493	24.805
4.573	24.705
4.673	24.445
4.693	24.205
4.693	24.105
4.713	24.025
4.713	23.965
4.933	24.025
5.233	24.005
5.293	24.065
5.293	24.405
5.253	24.885
5.153	24.885
4.793	24.805
4.533	24.785
4.453	24.725
POLYLINE BLACK
3.913	22.965
3.873	22.945
3.693	22.985
3.513	23.105
3.493	23.145
3.573	23.285
3.653	23.585
3.673	23.685
3.753	23.705
3.933	23.665
4.033	23.665
4.173	23.625
4.353	23.645
4.433	23.645
4.313	23.345
4.133	23.025
4.053	22.965
3.933	23.025
3.833	23.045
POLYLINE BLACK
16.643	10.345
16.643	10.385
16.653	10.425
16.653	10.765
16.663	10.825
16.663	10.915
16.673	10.955
16.683	10.995
16.683	10.975
16.753	10.875
16.793	10.795
16.853	10.515
16.883	10.425
16.913	10.385
16.913	10.365
16.833	10.395
16.813	10.385
16.793	10.395
16.753	10.385
16.653	10.365
16.633	10.375
16.613	10.365
POLYLINE BLACK
17.263	10.395
17.343	10.295
17.423	10.235
17.443	10.235
17.483	10.195
17.793	9.615
17.733	9.515
17.713	9.495
17.673	9.485
17.593	9.445
17.573	9.455
17.533	9.445
17.493	9.455
17.433	9.435
17.383	9.435
17.363	9.425
17.323	9.435
17.223	9.455
17.143	9.485
17.103	9.525
17.053	9.525
16.993	9.575
16.973	9.575
16.863	9.685
16.733	9.815
16.623	9.925
16.603	9.975
16.553	10.035
POLYLINE BLACK
16.513	10.055
16.373	10.245
16.323	10.335
16.273	10.445
16.263	10.495
16.233	10.575
16.223	10.625
16.183	10.745
16.123	10.935
POLYLINE BLACK
17.713	11.575
17.743	11.465
17.743	11.415
17.703	11.315
17.613	11.195
17.563	11.085
17.533	11.045
17.503	10.995
17.413	10.895
17.383	10.865
17.363	10.855
17.333	10.805
17.283	10.745
17.233	10.665
17.233	10.635
17.213	10.575
17.213	10.475
17.253	10.375
POLYLINE BLACK
16.803	12.625
16.673	12.755
16.593	12.835
POLYLINE BLACK
17.713	11.545
17.673	11.585
17.643	11.635
17.613	11.685
17.533	11.785
17.473	11.885
17.383	11.975
17.373	12.005
17.333	12.035
17.243	12.165
16.963	12.445
16.903	12.485
16.773	12.625
16.743	12.635
16.563	12.825
POLYLINE BLACK
15.863	12.045
16.013	11.775
16.023	11.735
16.033	11.695
16.033	11.615
16.043	11.545
16.053	11.435
16.073	11.345
16.073	11.315
16.083	11.275
16.083	11.215
16.103	11.125
16.103	11.085
16.143	10.965
16.153	10.925
16.173	10.865
POLYLINE GREEN
16.228	12.170
16.288	12.035
16.318	12.005
POLYLINE GREEN
16.198	12.365
16.213	12.305
16.213	12.125
16.168	12.035
POLYLINE GREEN
14.683	15.095
14.713	15.065
14.773	14.855
14.803	14.795
POLYLINE GREEN
14.608	15.485
14.608	15.455
14.668	15.185
14.668	15.125
14.683	15.095
14.593	14.960
14.533	14.840
POLYLINE GREEN
14.083	14.855
14.158	14.705
14.248	14.585
POLYLINE GREEN
14.068	15.215
14.068	14.975
14.083	14.855
14.083	14.795
14.053	14.780
14.023	14.735
13.858	14.585
POLYLINE GREEN
14.398	14.135
14.443	14.030
14.458	14.060
14.443	14.120
14.413	14.270
14.353	14.495
POLYLINE GREEN
14.548	14.000
POLYLINE GREEN
14.323	13.865
14.368	14.000
14.428	14.015
14.488	14.000
14.578	13.895
14.608	13.880
14.608	13.850
POLYLINE BROWN
15.958	12.005
15.928	12.035
15.868	12.035
15.838	12.050
15.808	12.035
15.703	12.095
15.613	12.155
15.583	12.155
15.568	12.200
15.418	12.320
15.298	12.410
15.253	12.410
15.163	12.485
15.043	12.545
14.863	12.680
14.773	12.740
14.743	12.740
14.713	12.770
POLYLINE BROWN
16.633	12.800
16.543	12.845
16.513	12.830
16.453	12.860
16.423	12.860
16.393	12.905
16.363	12.905
16.273	12.950
16.243	12.950
16.213	12.980
16.183	12.980
16.153	13.010
16.078	13.010
16.018	13.025
15.988	13.055
15.928	13.055
15.808	13.115
15.778	13.115
15.598	13.220
15.583	13.250
15.493	13.310
15.433	13.355
POLYLINE BROWN
14.233	10.625
14.133	10.425
POLYLINE BROWN
14.133	10.645
14.133	10.525
POLYLINE BROWN
14.313	10.885
14.293	10.805
14.233	10.685
POLYLINE BROWN
14.133	10.905
14.133	10.705
POLYLINE BROWN
14.373	11.005
14.373	10.925
POLYLINE BLACK
20.953	16.785
21.003	16.775
21.043	16.785
21.083	16.775
21.153	16.795
21.183	16.845
21.203	16.845
21.223	16.935
21.243	16.995
21.243	17.055
21.213	17.145
21.213	17.215
21.203	17.255
21.203	17.305
21.193	17.345
21.173	17.435
21.103	17.585
21.043	17.665
20.993	17.695
20.973	17.745
20.933	17.785
20.913	17.835
20.853	17.885
20.853	17.905
20.773	18.005
20.733	17.945
20.653	17.885
20.623	17.855
20.603	17.855
20.563	17.815
20.543	17.815
20.503	17.755
20.503	17.705
20.493	17.655
20.473	17.575
20.423	17.515
20.403	17.465
20.383	17.465
20.353	17.435
20.263	17.385
20.243	17.395
20.163	17.345
20.093	17.325
19.973	17.305
19.933	17.295
19.893	17.305
19.833	17.285
19.803	17.285
19.763	17.295
19.703	17.275
19.713	17.295
POLYLINE BLACK
20.673	16.795
20.673	16.775
20.633	16.775
20.583	16.785
20.393	16.785
20.303	16.795
20.273	16.795
20.233	16.785
20.183	16.795
20.143	16.785
20.103	16.795
20.063	16.785
20.033	16.785
19.953	16.805
19.903	16.805
19.883	16.795
19.863	16.815
19.773	16.815
19.663	16.865
19.603	16.875
19.553	16.955
19.553	17.145
19.643	17.235
19.683	17.245
POLYLINE GREEN
20.838	16.975
20.838	17.040
20.853	17.075
20.863	17.075
20.873	17.085
20.903	17.065
20.918	17.045
20.928	17.000
20.938	16.990
20.938	16.980
POLYLINE BLACK
20.933	17.000
20.913	17.005
20.878	16.995
20.848	16.995
20.808	16.980
20.793	16.980
20.773	16.970
20.733	16.970
20.713	16.980
20.678	16.975
20.668	16.970
20.663	16.950
20.663	16.785
20.683	16.780
20.698	16.780
20.708	16.775
20.728	16.780
20.788	16.780
20.838	16.765
20.883	16.765
20.903	16.760
20.923	16.765
20.953	16.765
20.963	16.760
20.963	16.810
20.953	16.850
20.953	16.875
20.948	16.905
20.948	16.925
20.943	16.950
20.943	16.990
20.923	16.985
20.913	16.990
20.898	16.985
POLYLINE CONNECT
20.893	17.075
14.436	14.131
POLYLINE BROWN
15.488	13.290
15.428	13.380
15.398	13.410
15.398	13.440
15.368	13.500
15.368	13.560
15.398	13.650
15.458	13.695
15.473	13.725
15.503	13.740
15.563	13.815
15.593	13.815
15.683	13.875
15.758	13.965
15.758	13.995
15.788	14.025
15.788	14.055
15.818	14.115
15.818	14.280
15.803	14.340
15.803	14.370
15.788	14.400
15.788	14.505
15.773	14.565
15.773	14.595
15.758	14.655
15.758	14.685
15.728	14.745
15.728	14.775
15.698	14.835
15.698	14.805
POLYLINE BROWN
14.363	11.070
14.363	11.070
14.363	11.235
14.393	11.295
14.393	11.325
14.423	11.445
14.423	11.490
14.468	11.580
14.468	11.625
14.483	11.685
14.483	11.805
14.498	11.865
14.498	11.940
14.513	12.000
14.513	12.060
14.528	12.120
14.528	12.150
14.543	12.180
14.543	12.225
14.588	12.375
14.603	12.435
14.603	12.465
14.633	12.600
14.633	12.630
14.648	12.690
14.648	12.720
14.663	12.780
14.753	12.660
14.783	12.600
14.783	12.570
POLYLINE BROWN
14.078	14.040
14.138	13.950
14.138	13.890
14.153	13.830
14.153	13.725
14.168	13.665
14.153	13.605
14.153	13.245
14.138	13.185
14.138	13.050
14.123	12.900
14.123	12.705
14.108	12.675
14.108	12.540
14.123	12.480
14.123	12.390
14.138	12.285
14.138	12.240
14.153	12.180
14.153	11.910
14.138	11.850
14.153	11.790
14.153	11.610
14.138	11.580
14.153	11.550
14.153	11.475
14.138	11.415
14.138	11.250
14.153	11.190
14.153	11.070
14.138	11.010
14.138	10.980
POLYLINE BLACK
14.078	13.995
14.003	14.130
14.003	14.160
13.928	14.280
13.853	14.400
13.778	14.565
13.748	14.595
13.733	14.670
13.418	15.090
13.238	15.360
13.073	15.585
13.028	15.690
12.998	15.720
12.743	16.275
12.698	16.335
12.668	16.410
12.668	16.455
12.563	16.665
12.353	17.205
12.128	17.565
12.053	17.700
12.023	17.730
11.993	17.805
11.918	17.925
11.903	17.970
11.768	18.150
11.693	18.270
11.678	18.315
11.633	18.375
POLYLINE BLACK
15.803	17.160
POLYLINE BLACK
16.028	17.175
POLYLINE BLACK
16.388	17.145
POLYLINE BLACK
16.973	17.340
POLYLINE BLACK
17.303	17.550
POLYLINE BLACK
17.033	19.035
POLYLINE BLACK
16.808	19.110
POLYLINE BLACK
16.148	17.370
POLYLINE BLACK
15.938	17.400
15.968	17.370
POLYLINE BLACK
15.683	17.475
POLYLINE BLACK
15.158	17.700
POLYLINE BLACK
15.593	17.205
POLYLINE ORANGE
16.465	17.921
POLYLINE BLACK
15.723	14.750
15.678	14.810
15.678	14.855
15.558	15.110
15.528	15.215
15.468	15.380
15.393	15.665
15.393	15.695
15.378	15.725
15.363	15.830
15.318	15.920
15.318	15.950
15.258	16.070
15.228	16.100
15.198	16.190
15.138	16.295
15.048	16.520
14.838	16.970
14.808	17.000
14.643	17.375
14.583	17.465
14.163	18.305
14.148	18.350
14.103	18.410
14.058	18.515
14.058	18.545
13.998	18.650
13.788	19.100
13.788	19.130
13.758	19.190
13.743	19.265
13.683	19.460
13.653	19.580
13.653	19.610
13.608	19.745
13.608	19.775
13.548	19.910
POLYLINE GREEN
15.278	23.180
15.268	23.220
15.248	23.300
15.298	23.470
15.298	23.510
15.288	23.550
15.298	23.570
POLYLINE GREEN
15.498	23.250
15.438	23.320
15.408	23.390
15.408	23.420
15.418	23.460
15.418	23.490
15.428	23.530
15.448	23.630
15.448	23.660
15.438	23.700
15.408	23.740
15.408	23.760
POLYLINE GREEN
15.598	22.990
15.588	23.030
15.558	23.080
15.528	23.200
15.538	23.240
15.598	23.350
15.598	23.390
15.608	23.430
15.608	23.500
15.558	23.650
15.558	23.720
15.538	23.780
15.548	23.820
15.538	23.870
15.538	23.930
15.618	24.050
15.628	24.160
15.618	24.180
POLYLINE GREEN
15.648	24.300
15.648	24.160
15.658	24.090
15.658	23.930
15.668	23.880
15.668	23.810
15.678	23.790
15.668	23.750
15.668	23.670
15.658	23.620
15.658	23.280
15.668	23.210
15.668	23.070
15.638	22.970
15.598	22.930
15.568	22.900
15.548	22.860
15.508	22.850
15.508	22.870
15.478	22.920
15.428	23.060
15.418	23.100
15.388	23.210
15.368	23.220
15.328	23.170
15.328	23.150
15.308	23.130
15.288	23.150
15.248	23.140
15.208	23.150
15.168	23.160
15.118	23.220
POLYLINE BLACK
16.198	24.460
16.168	24.490
16.148	24.670
16.148	24.740
16.138	24.790
16.138	24.930
16.118	24.950
16.118	24.990
16.108	25.030
16.108	25.070
16.088	25.150
16.088	25.200
16.078	25.240
16.048	25.210
15.948	25.040
15.948	25.010
15.938	24.970
15.918	24.810
15.898	24.750
15.898	24.720
15.888	24.680
15.898	24.640
15.888	24.590
15.888	24.510
15.878	24.490
15.838	24.480
15.708	24.390
15.678	24.380
15.578	24.260
15.568	24.220
15.508	24.150
15.488	24.110
15.488	24.040
15.478	24.000
15.468	23.930
15.428	23.810
15.358	23.710
15.328	23.650
15.298	23.640
15.288	23.610
15.228	23.570
15.138	23.440
15.138	23.420
15.058	23.260
15.068	23.220
15.148	23.130
15.188	23.040
15.198	22.980
15.068	22.860
15.048	22.860
14.988	22.810
14.928	22.790
14.868	22.740
14.788	22.680
14.718	22.560
POLYLINE BLACK
16.658	21.810
16.698	21.800
16.738	21.810
16.778	21.830
16.838	21.810
16.898	21.830
16.918	21.850
16.958	21.860
17.008	21.910
17.008	21.970
16.988	22.060
16.998	22.110
16.988	22.150
16.988	22.190
16.928	22.320
16.868	22.380
16.868	22.400
16.828	22.460
16.838	22.480
16.788	22.630
16.748	22.650
16.708	22.730
16.708	22.810
16.698	22.850
16.638	22.890
16.608	22.930
16.608	22.950
16.578	22.990
16.498	23.230
16.498	23.270
16.488	23.340
16.488	23.410
16.478	23.450
16.488	23.530
16.488	23.730
16.448	23.810
16.418	23.960
16.418	24.040
16.408	24.090
16.408	24.330
16.388	24.390
16.368	24.390
16.318	24.420
16.278	24.430
16.198	24.440
16.138	24.440
16.118	24.420
POLYLINE BLACK
16.758	21.830
16.708	21.780
16.618	21.760
16.558	21.760
16.458	21.790
16.388	21.790
16.288	21.830
16.218	21.830
16.178	21.850
16.138	21.840
16.098	21.860
16.038	21.840
15.938	21.820
15.918	21.840
15.808	21.830
15.768	21.830
15.718	21.840
15.678	21.840
15.638	21.830
15.538	21.860
15.508	21.860
15.488	21.850
15.448	21.860
15.428	21.860
15.418	21.880
15.378	21.870
15.298	21.890
15.258	21.870
15.218	21.890
15.178	21.880
15.088	21.880
15.068	21.890
15.048	21.880
15.008	21.890
14.928	21.900
14.888	21.910
14.848	21.920
14.768	21.920
14.708	21.940
14.668	21.940
14.628	21.950
14.508	21.960
14.408	21.990
14.368	22.000
14.358	22.020
14.338	22.010
14.328	22.050
14.308	22.070
14.358	22.160
14.358	22.240
14.388	22.270
14.478	22.350
14.518	22.380
14.538	22.380
14.568	22.420
14.588	22.420
14.628	22.460
14.628	22.480
14.668	22.500
14.708	22.600
POLYLINE GREEN
15.348	21.870
15.368	21.860
15.438	21.940
POLYLINE GREEN
16.008	21.840
15.928	21.890
15.908	21.910
POLYLINE GREEN
15.438	21.880
15.468	21.920
15.508	22.140
15.518	22.220
15.518	22.290
15.528	22.330
15.528	22.370
15.548	22.450
15.558	22.490
15.618	22.590
15.648	22.630
15.688	22.620
15.718	22.590
15.738	22.580
15.758	22.530
15.778	22.510
15.798	22.380
15.798	22.340
15.808	22.300
15.858	22.090
15.858	22.060
15.908	21.920
15.938	21.880
POLYLINE CONNECT
15.688	22.640
12.652	18.669
POLYLINE BLACK
11.668	18.300
11.588	18.420
11.588	18.460
11.548	18.560
11.368	18.840
11.228	19.020
11.048	19.200
10.908	19.420
10.848	19.480
10.768	19.600
10.628	19.780
10.048	20.380
9.968	20.500
9.708	20.760
9.548	20.880
9.448	20.980
9.408	21.000
POLYLINE BLACK
13.748	19.600
13.648	19.720
13.328	20.360
13.148	20.880
13.148	20.940
12.948	21.460
12.948	21.520
12.608	22.340
12.428	22.620
12.388	22.720
12.288	22.880
12.248	22.900
POLYLINE BLACK
11.888	30.340
11.888	30.300
11.808	30.250
11.768	30.250
POLYLINE BLACK
11.898	30.300
11.928	30.330
11.978	30.410
11.978	30.450
12.018	30.550
12.038	30.570
12.098	30.500
12.128	30.440
12.138	30.400
12.218	30.250
12.258	30.250
12.278	30.240
12.308	30.260
12.328	30.260
POLYLINE BLACK
11.948	30.280
11.868	30.250
11.828	30.260
11.788	30.250
11.708	30.260
11.688	30.250
11.668	30.260
11.588	30.240
11.498	30.230
11.458	30.240
11.438	30.230
11.418	30.240
11.378	30.230
11.358	30.250
11.298	30.230
11.258	30.240
11.218	30.240
11.178	30.230
11.138	30.190
11.128	30.120
11.128	29.990
11.118	29.950
11.108	29.900
11.118	29.880
11.108	29.860
11.118	29.810
11.108	29.780
11.158	29.630
11.208	29.570
11.238	29.500
11.238	29.470
11.268	29.410
11.278	29.370
11.288	29.330
11.278	29.290
11.288	29.270
11.278	29.220
11.328	29.050
11.348	28.940
11.348	28.870
11.358	28.830
11.328	28.720
11.318	28.680
11.318	28.590
11.308	28.550
11.298	28.460
11.298	28.340
11.258	28.200
11.258	28.120
11.228	28.030
11.198	27.950
11.198	27.870
11.188	27.830
11.188	27.770
11.178	27.730
11.178	27.690
11.158	27.610
11.158	27.590
POLYLINE BLACK
12.138	30.270
12.138	30.290
12.068	30.390
12.038	30.470
12.038	30.490
12.028	30.450
12.028	30.350
11.998	30.260
11.958	30.260
11.938	30.270
POLYLINE BLACK
14.108	27.500
14.088	27.560
14.088	27.590
14.078	27.630
14.078	27.670
14.058	27.730
14.008	27.810
13.928	27.840
13.878	27.920
13.858	27.970
13.828	28.000
13.838	28.040
13.838	28.290
13.878	28.370
13.878	28.390
13.898	28.420
13.898	28.460
13.908	28.510
13.838	28.680
13.758	28.740
13.718	28.750
13.688	28.780
13.588	28.830
13.568	28.820
13.548	28.840
13.508	28.840
13.468	28.870
13.428	28.870
13.398	28.910
13.398	28.890
13.328	28.960
13.288	29.050
13.268	29.130
13.248	29.150
13.248	29.200
13.238	29.220
13.258	29.210
13.268	29.250
13.248	29.330
13.268	29.410
13.258	29.500
13.248	29.540
13.228	29.640
13.218	29.660
13.218	29.700
13.158	29.900
13.138	29.920
13.128	29.960
13.068	30.040
13.048	30.040
13.028	30.090
13.008	30.110
12.968	30.120
12.868	30.170
12.778	30.230
12.738	30.230
12.718	30.250
12.588	30.260
12.548	30.270
12.508	30.270
12.468	30.260
12.428	30.270
12.388	30.260
12.368	30.270
12.348	30.250
12.258	30.260
12.098	30.260
12.078	30.250
POLYLINE BLACK
11.218	27.090
11.158	27.090
11.128	27.160
11.128	27.190
11.108	27.210
11.108	27.240
11.088	27.330
11.088	27.490
11.118	27.550
11.118	27.570
11.148	27.620
11.158	27.660
POLYLINE BLACK
11.238	27.080
11.278	27.070
11.318	27.060
11.368	27.070
11.408	27.070
11.468	27.050
11.528	27.040
11.548	27.050
11.638	27.030
11.788	27.020
11.888	27.020
11.978	27.030
11.998	27.020
12.038	27.030
12.098	27.040
12.168	27.020
12.208	27.030
12.258	27.020
12.778	27.020
12.948	27.040
12.998	27.050
13.038	27.050
13.088	27.060
13.118	27.060
13.178	27.080
13.268	27.070
13.308	27.080
13.358	27.070
13.398	27.080
13.438	27.070
13.478	27.080
13.508	27.080
13.588	27.060
13.608	27.070
13.668	27.040
13.718	27.050
13.778	27.040
13.798	27.050
13.838	27.030
13.858	27.040
13.898	27.030
13.918	27.040
14.008	27.020
14.048	27.030
14.098	27.080
14.118	27.160
14.138	27.270
14.138	27.340
14.118	27.420
14.118	27.450
14.108	27.420
POLYLINE CONNECT
12.303	27.455
11.326	22.039
POLYLINE BLACK
6.273	27.175
6.353	26.975
6.253	26.975
6.133	26.895
POLYLINE BLACK
6.153	26.895
6.193	26.855
6.233	26.555
6.253	26.395
6.253	26.235
6.273	26.155
6.273	26.115
6.393	26.415
6.413	26.495
6.493	26.835
6.533	26.875
6.533	26.915
6.493	26.895
6.413	26.915
6.373	26.895
6.333	26.915
6.253	26.895
POLYLINE BLACK
7.133	25.615
6.993	25.755
6.933	25.895
6.893	25.935
6.853	26.235
6.833	26.315
6.833	26.555
6.953	26.955
6.993	27.075
7.033	27.135
7.053	27.215
7.153	27.315
7.213	27.315
POLYLINE BLACK
5.933	27.135
5.813	26.975
5.773	26.875
5.593	26.595
5.293	26.255
5.153	26.055
5.133	25.975
5.013	25.815
4.873	25.695
4.773	25.595
4.713	25.535
4.673	25.515
POLYLINE BLACK
6.613	25.615
6.573	25.655
6.453	25.615
6.293	25.635
6.213	25.635
6.053	25.695
5.913	25.695
5.813	25.715
5.693	25.735
5.613	25.715
5.573	25.715
POLYLINE GREEN
6.493	27.235
6.453	27.235
6.413	27.195
6.373	27.215
6.333	27.195
6.193	27.255
6.093	27.375
6.113	27.415
POLYLINE GREEN
6.793	27.415
6.713	27.335
6.673	27.335
6.573	27.395
6.493	27.475
6.433	27.555
6.413	27.635
POLYLINE GREEN
7.973	27.915
7.973	27.875
7.733	27.755
7.653	27.775
7.573	27.815
7.593	27.895
7.693	28.015
POLYLINE GREEN
7.193	27.515
7.113	27.535
7.033	27.575
6.893	27.755
POLYLINE GREEN
7.493	27.595
7.413	27.595
7.273	27.655
7.173	27.775
7.193	27.855
7.313	27.975
POLYLINE GREEN
7.913	27.755
7.773	28.035
POLYLINE GREEN
8.193	28.035
8.153	28.015
8.113	28.035
8.073	28.015
8.033	28.035
8.033	28.115
POLYLINE BLACK
7.713	27.515
7.753	27.515
7.833	27.575
7.873	27.575
7.913	27.615
7.993	27.615
8.133	27.775
8.273	27.915
8.513	28.015
8.593	28.075
8.633	28.075
8.573	28.135
8.413	28.175
8.313	28.175
8.233	28.195
8.073	28.235
7.933	28.255
7.733	28.255
7.653	28.195
POLYLINE BLACK
5.873	27.175
5.873	27.095
5.833	27.115
5.673	27.035
5.633	27.055
5.473	27.015
5.393	27.015
5.313	27.055
5.253	27.055
5.093	27.175
4.953	27.255
4.933	27.355
5.173	27.595
5.213	27.655
5.293	27.655
5.373	27.735
POLYLINE BLACK
7.153	27.315
7.353	27.355
7.493	27.395
7.553	27.435
7.753	27.475
7.833	27.495
POLYLINE BLACK
5.193	27.615
5.233	27.595
5.473	27.675
5.553	27.715
5.753	27.755
5.913	27.835
6.173	27.875
6.293	27.875
6.373	27.915
6.533	27.935
6.633	27.975
6.753	27.995
7.093	28.055
7.293	28.095
7.413	28.095
7.733	28.155
POLYLINE BLACK
12.213	22.935
12.073	23.055
11.853	23.195
11.633	23.295
11.513	23.315
11.413	23.375
11.373	23.375
11.273	23.435
11.173	23.475
11.053	23.575
11.013	23.575
10.873	23.635
10.593	23.815
10.293	23.955
9.993	24.195
9.873	24.315
9.813	24.335
9.653	24.495
9.173	24.795
8.973	24.895
8.753	25.035
8.533	25.135
8.373	25.235
8.333	25.235
8.193	25.315
8.013	25.355
7.973	25.395
7.893	25.395
7.713	25.455
7.613	25.455
7.293	25.535
7.133	25.515
7.033	25.515
6.953	25.535
6.813	25.535
6.653	25.575
6.493	25.575
6.373	25.615
6.333	25.615
POLYLINE BLACK
9.473	20.915
9.413	20.995
9.333	21.015
9.073	21.175
8.913	21.215
8.793	21.255
8.713	21.275
8.553	21.335
8.493	21.335
8.333	21.435
8.253	21.455
8.053	21.555
7.973	21.575
7.933	21.595
7.893	21.575
7.793	21.655
7.633	21.695
7.593	21.735
7.433	21.735
7.133	21.835
6.853	21.875
6.813	21.915
6.693	21.915
6.593	21.975
6.513	21.975
6.053	22.095
5.933	22.095
5.813	22.135
5.693	22.095
5.653	22.115
POLYLINE BLACK
4.413	21.855
4.393	21.935
4.393	21.975
POLYLINE BLACK
3.833	21.735
3.833	21.815
3.813	21.875
POLYLINE BLACK
4.273	21.795
4.253	21.935
POLYLINE BLACK
4.053	21.775
4.033	21.935
POLYLINE BLACK
3.833	21.775
3.813	21.855
POLYLINE BLACK
3.673	21.655
3.633	21.815
POLYLINE BLACK
4.413	21.335
4.413	21.495
4.393	21.575
4.413	21.655
4.533	21.815
POLYLINE BLACK
3.773	21.295
3.653	21.575
3.613	21.555
3.573	21.595
3.473	21.595
POLYLINE BLACK
2.313	21.255
2.413	21.355
2.553	21.435
2.593	21.415
2.633	21.455
2.713	21.455
2.813	21.475
2.893	21.475
2.993	21.495
3.073	21.515
3.253	21.575
3.353	21.575
3.513	21.615
3.613	21.635
3.693	21.655
3.773	21.655
3.953	21.715
4.013	21.715
4.293	21.795
4.373	21.795
4.653	21.835
4.813	21.855
4.873	21.855
4.953	21.875
5.033	21.875
5.253	21.935
5.453	21.975
5.533	21.995
5.613	22.015
5.693	22.035
5.893	22.075
POLYLINE BLACK
5.533	25.595
5.293	25.495
5.213	25.515
5.133	25.515
4.913	25.455
4.833	25.455
4.753	25.415
4.693	25.415
4.573	25.375
4.493	25.375
4.413	25.355
4.273	25.355
4.093	25.295
3.933	25.295
3.853	25.255
3.813	25.275
3.713	25.255
3.493	25.255
3.333	25.195
3.233	25.195
3.073	25.155
3.013	25.155
2.673	25.075
2.593	25.055
2.293	25.055
2.173	25.015
2.073	25.035
1.993	24.995
1.953	25.015
1.833	24.975
1.753	24.975
1.713	24.995
1.673	24.955
1.633	24.955
1.633	24.915
POLYLINE GREEN
1.713	24.635
1.713	24.825
1.703	24.925
1.703	24.995
1.683	25.075
POLYLINE GREEN
1.573	24.415
1.583	24.395
1.593	24.435
1.653	24.525
1.673	24.575
1.713	24.635
1.773	24.535
1.813	24.395
1.833	24.375
POLYLINE ORANGE
1.803	24.595
1.793	24.555
1.723	24.495
1.623	24.445
1.603	24.455
1.553	24.445
1.513	24.445
1.483	24.485
1.483	24.535
1.523	24.655
1.563	24.715
1.643	24.785
1.763	24.865
1.823	24.865
1.873	24.815
1.883	24.775
1.883	24.715
1.833	24.605
1.793	24.545
1.753	24.515
POLYLINE BLACK
0.773	22.705
POLYLINE BLACK
2.983	21.385
POLYLINE BLACK
4.063	20.415
4.043	20.415
4.003	20.455
3.963	20.465
3.923	20.475
3.843	20.475
3.773	20.485
3.733	20.495
3.673	20.525
3.653	20.525
3.513	20.615
3.493	20.615
3.393	20.695
3.283	20.795
3.163	20.835
3.073	20.885
3.033	20.885
2.973	20.925
2.933	20.935
2.893	20.965
2.873	20.965
2.853	20.985
2.813	20.995
2.703	21.045
2.663	21.055
2.503	21.145
2.463	21.155
2.403	21.195
2.363	21.195
2.333	21.225
2.283	21.285
POLYLINE BLACK
0.738	22.195
0.738	22.165
0.723	22.105
0.813	21.910
0.963	21.685
1.098	21.460
1.218	21.280
1.338	21.085
1.338	21.055
1.428	20.980
1.458	20.905
1.488	20.890
1.653	20.680
1.818	20.485
1.863	20.425
1.908	20.410
2.058	20.230
2.208	20.110
2.313	20.020
2.328	19.990
2.508	19.840
2.523	19.795
2.703	19.630
2.748	19.615
2.853	19.495
2.868	19.450
3.018	19.330
3.213	19.075
3.243	19.015
3.303	18.970
3.393	18.835
3.483	18.775
3.498	18.745
3.528	18.730
3.603	18.625
3.633	18.610
3.678	18.550
3.753	18.505
3.783	18.505
POLYLINE GREEN
16.182	14.470
16.182	14.442
16.154	14.414
16.126	14.414
16.112	14.400
16.098	14.400
16.084	14.393
16.070	14.400
16.042	14.386
16.014	14.386
15.986	14.379
15.972	14.379
15.958	14.393
15.902	14.379
15.860	14.351
15.846	14.344
POLYLINE BLACK
15.790	13.938
16.007	13.966
16.021	13.980
16.077	14.001
16.133	14.008
16.224	14.008
16.259	14.015
16.273	14.015
16.287	14.022
16.406	14.022
16.476	14.001
16.539	13.973
16.651	13.910
16.700	13.875
16.777	13.777
16.812	13.749
16.826	13.721
16.826	13.707
16.798	13.686
16.749	13.707
16.721	13.707
16.707	13.714
16.693	13.707
16.679	13.721
16.651	13.714
16.637	13.714
16.609	13.700
16.497	13.700
16.469	13.679
16.455	13.686
16.427	13.679
16.413	13.679
16.322	13.644
16.294	13.602
16.294	13.588
16.287	13.560
16.287	13.546
16.273	13.504
16.273	13.483
16.259	13.441
16.231	13.399
16.231	13.385
16.203	13.329
16.161	13.294
16.126	13.231
16.126	13.217
16.112	13.210
16.112	13.196
16.091	13.154
16.091	13.140
16.077	13.126
POLYLINE GREEN
16.105	15.520
16.119	15.464
16.119	15.450
16.126	15.436
16.126	15.415
16.140	15.359
16.140	15.338
16.147	15.310
16.147	15.296
16.154	15.268
16.154	15.254
16.161	15.226
16.161	15.198
16.168	15.170
16.175	15.121
16.182	15.093
16.182	15.051
16.189	15.037
16.189	15.016
16.203	14.988
16.203	14.960
16.210	14.932
16.210	14.918
16.224	14.862
16.301	14.876
16.315	14.925
16.315	14.953
16.322	14.981
16.322	15.009
16.336	15.065
16.336	15.079
16.350	15.135
16.350	15.170
16.357	15.198
16.357	15.240
16.364	15.268
16.364	15.331
16.371	15.359
16.371	15.492
16.378	15.520
16.378	15.548
16.385	15.562
16.385	15.583
POLYLINE GREEN
16.434	14.029
16.378	14.071
16.336	14.155
16.336	14.169
16.329	14.197
16.329	14.519
16.308	14.561
16.280	14.589
16.266	14.589
16.238	14.596
16.210	14.575
16.189	14.519
16.189	14.344
16.196	14.316
16.196	14.267
16.203	14.239
16.203	14.197
16.196	14.169
16.196	14.148
16.147	14.050
16.126	14.022
POLYLINE GREEN
16.063	13.175
16.077	13.168
16.119	13.196
16.154	13.266
16.182	13.308
16.203	13.350
16.210	13.413
16.210	13.434
16.231	13.490
16.231	13.504
16.252	13.546
16.280	13.588
16.280	13.651
16.287	13.665
16.301	13.665
16.315	13.679
16.329	13.679
16.343	13.672
16.378	13.686
16.406	13.686
16.462	13.700
16.532	13.700
16.560	13.693
16.588	13.693
16.616	13.686
16.686	13.686
16.700	13.693
16.728	13.686
16.756	13.707
16.770	13.735
16.770	13.749
16.777	13.777
16.777	13.791
16.756	13.833
16.707	13.889
16.651	13.917
16.623	13.917
16.581	13.945
16.553	13.945
16.504	14.001
16.490	14.001
16.483	14.015
16.427	14.015
16.413	14.008
16.399	14.015
16.371	14.008
16.343	14.008
16.329	14.015
16.301	14.008
16.273	14.015
16.238	14.022
16.210	14.015
16.168	14.015
16.154	14.008
16.119	14.008
16.091	14.001
16.063	14.008
16.042	14.008
16.028	14.001
16.000	14.008
15.972	14.008
15.944	14.001
15.923	14.008
15.895	14.001
15.867	14.001
15.853	13.994
15.825	14.001
15.811	13.994
POLYLINE BLACK
17.330	14.638
17.337	14.624
17.337	14.603
17.344	14.575
17.344	14.547
17.351	14.519
17.351	14.498
17.365	14.463
17.372	14.414
17.379	14.386
17.379	14.358
17.386	14.323
17.393	14.260
17.393	14.190
17.400	14.155
17.400	14.085
17.393	14.071
17.393	14.022
17.372	13.952
17.358	13.910
17.358	13.875
17.351	13.847
17.351	13.819
17.344	13.784
17.344	13.714
17.351	13.686
17.351	13.672
17.365	13.637
17.365	13.623
17.379	13.595
17.379	13.574
17.421	13.511
17.421	13.490
17.449	13.441
17.449	13.427
17.456	13.399
17.456	13.385
17.428	13.329
17.428	13.315
17.407	13.259
17.407	13.245
17.400	13.231
17.400	13.210
17.386	13.182
17.386	13.168
17.372	13.168
17.365	13.133
17.323	13.119
POLYLINE BLACK
16.399	15.576
16.434	15.548
16.448	15.548
16.476	15.541
16.511	15.541
16.539	15.527
16.567	15.527
16.609	15.499
16.693	15.429
16.784	15.331
16.868	15.198
16.882	15.149
16.882	15.135
16.903	15.086
16.903	15.072
16.973	14.925
16.973	14.911
17.008	14.848
17.057	14.806
17.113	14.764
17.141	14.750
17.162	14.750
17.204	14.729
17.232	14.729
17.246	14.722
17.316	14.638
17.344	14.596
17.344	14.596
POLYLINE BLACK
15.853	14.638
15.853	14.694
15.860	14.708
15.860	14.785
15.867	14.848
15.867	14.876
15.874	14.904
15.874	14.925
15.888	14.953
15.888	14.981
15.895	14.995
15.895	15.016
15.909	15.044
15.909	15.065
15.923	15.121
15.923	15.163
15.930	15.177
15.930	15.198
15.958	15.268
16.007	15.373
16.028	15.401
16.028	15.415
16.084	15.478
16.140	15.506
16.168	15.527
16.182	15.527
16.273	15.562
16.371	15.562
16.399	15.569
16.455	15.541
16.469	15.541
16.483	15.534
POLYLINE BLACK
15.881	14.631
POLYLINE BLACK
15.811	13.210
15.797	13.210
15.769	13.315
15.769	13.441
15.776	13.455
15.769	13.483
15.776	13.511
15.776	13.693
15.783	13.721
15.783	13.812
15.790	13.840
15.790	13.938
15.797	13.994
15.797	14.141
15.804	14.169
15.804	14.204
15.818	14.246
15.818	14.267
15.846	14.351
15.846	14.414
15.853	14.428
15.853	14.463
15.860	14.491
15.860	14.568
15.867	14.596
15.867	14.638
POLYLINE BLACK
17.309	13.091
17.295	13.091
17.267	13.084
17.239	13.091
17.225	13.091
17.197	13.098
17.169	13.091
17.134	13.105
17.064	13.105
17.029	13.112
16.980	13.112
16.945	13.098
16.917	13.098
16.875	13.112
16.861	13.105
16.826	13.112
16.798	13.105
16.770	13.105
16.735	13.119
16.637	13.119
16.602	13.112
16.553	13.112
16.525	13.105
16.378	13.105
16.364	13.098
16.343	13.098
16.329	13.091
16.315	13.098
16.294	13.091
16.266	13.098
16.217	13.098
16.189	13.105
16.119	13.105
16.105	13.098
16.000	13.098
15.986	13.091
15.958	13.105
15.930	13.098
15.916	13.098
15.888	13.112
15.874	13.112
15.846	13.133
15.825	13.168
15.811	13.175
POLYLINE CONNECT
16.238	14.597
3.856	19.004
POLYLINE BLACK
4.478	20.107
4.468	20.067
4.408	19.977
POLYLINE BLACK
4.338	20.207
4.288	20.107
POLYLINE BLACK
4.238	20.307
4.188	20.197
4.188	20.177
POLYLINE BLACK
4.098	20.357
4.108	20.317
4.088	20.277
POLYLINE BLACK
4.528	21.177
4.528	21.197
4.488	21.257
4.478	21.337
4.478	21.427
4.488	21.467
POLYLINE BLACK
4.058	20.417
4.038	20.477
4.018	20.497
4.018	20.537
3.998	20.627
3.978	20.707
3.948	20.797
3.888	21.037
3.888	21.087
3.848	21.187
3.848	21.217
3.788	21.317
POLYLINE BLACK
4.638	20.027
4.518	20.537
4.518	20.627
4.528	20.677
4.518	20.717
4.528	20.757
4.528	20.927
4.518	20.967
4.518	21.097
4.508	21.137
4.508	21.207
POLYLINE BLACK
4.638	20.007
POLYLINE BLACK
4.608	20.107
POLYLINE BLACK
4.628	19.967
4.598	19.997
4.458	20.117
4.388	20.157
4.228	20.307
4.188	20.317
4.148	20.357
4.108	20.367
4.018	20.437
3.998	20.447
POLYLINE BLACK
4.718	18.552
4.868	18.177
4.958	18.177
5.213	18.252
5.273	18.267
5.378	18.267
5.393	18.297
5.318	18.462
5.288	18.492
5.288	18.522
5.198	18.657
5.093	18.642
5.018	18.642
4.808	18.582
4.733	18.522
POLYLINE BLACK
7.658	15.852
7.718	15.507
7.733	15.477
7.793	15.447
7.838	15.462
8.108	15.462
8.138	15.447
8.168	15.522
8.168	15.882
8.153	15.942
8.093	15.972
7.763	15.972
7.733	15.957
POLYLINE BLACK
7.403	16.707
7.433	16.602
7.463	16.347
7.493	16.242
7.583	16.242
7.733	16.287
7.838	16.287
7.868	16.302
7.898	16.287
7.913	16.317
7.808	16.662
7.778	16.722
7.763	16.797
7.613	16.797
7.493	16.737
POLYLINE BLACK
6.248	16.692
6.278	16.662
6.428	16.332
6.458	16.317
6.563	16.377
6.818	16.512
6.863	16.572
6.758	16.782
6.653	16.917
6.623	16.932
6.353	16.707
6.323	16.677
POLYLINE BLACK
6.263	17.727
6.263	17.727
6.173	17.412
6.188	17.382
6.428	17.262
6.548	17.217
6.578	17.187
6.608	17.202
6.683	17.412
6.683	17.487
6.698	17.547
6.698	17.682
6.653	17.682
6.593	17.727
6.308	17.832
6.173	17.847
POLYLINE BLACK
5.303	17.802
5.423	17.457
5.423	17.427
5.438	17.397
5.498	17.397
5.648	17.442
5.708	17.442
5.858	17.487
5.843	17.592
5.798	17.787
5.798	17.832
5.768	17.892
5.738	17.892
5.678	17.922
5.483	17.877
5.423	17.847
5.348	17.772
POLYLINE BROWN
5.303	19.392
5.213	19.452
4.883	19.767
4.673	19.947
4.643	19.962
4.628	19.992
4.568	20.037
POLYLINE BROWN
5.258	19.437
POLYLINE BROWN
4.223	17.997
4.163	18.087
4.103	18.132
4.013	18.252
3.923	18.312
3.818	18.447
3.758	18.492
3.713	18.552
3.683	18.567
3.593	18.687
POLYLINE BROWN
4.238	17.982
4.298	17.892
4.598	17.652
4.718	17.577
4.898	17.457
4.928	17.442
4.973	17.382
5.033	17.337
5.108	17.247
5.168	17.232
5.273	17.112
5.513	16.917
5.588	16.827
5.618	16.782
5.798	16.617
5.843	16.557
5.963	16.452
6.098	16.302
6.128	16.302
6.278	16.182
6.293	16.152
6.698	15.837
6.758	15.792
6.788	15.792
6.818	15.777
6.833	15.747
6.863	15.747
6.953	15.687
7.013	15.687
7.073	15.642
7.103	15.642
7.148	15.582
7.223	15.552
7.298	15.462
7.328	15.462
7.373	15.402
7.463	15.342
7.523	15.267
7.613	15.192
7.658	15.132
7.733	15.072
7.763	15.072
POLYLINE BROWN
7.573	14.747
7.593	14.767
7.603	14.807
7.643	14.967
7.643	15.027
7.613	15.117
7.533	15.247
7.443	15.347
7.413	15.377
7.393	15.377
7.343	15.427
7.273	15.477
7.253	15.477
7.123	15.587
7.103	15.587
7.043	15.627
7.023	15.627
POLYLINE BROWN
7.853	14.397
7.883	14.367
7.923	14.377
7.963	14.367
7.983	14.357
8.003	14.377
8.023	14.357
8.063	14.347
8.123	14.327
8.143	14.307
8.183	14.297
8.243	14.277
8.283	14.237
8.323	14.227
8.403	14.167
8.423	14.187
8.463	14.177
8.483	14.187
8.523	14.177
8.593	14.247
8.643	14.307
8.683	14.397
8.683	14.437
8.743	14.607
8.773	14.757
8.793	14.817
8.793	14.847
8.803	14.887
8.823	14.997
8.833	15.087
8.843	15.177
8.843	15.447
8.833	15.487
8.823	15.527
8.753	15.777
8.703	15.867
8.683	15.907
POLYLINE BLACK
5.273	19.422
5.288	19.377
5.363	19.332
5.393	19.287
5.453	19.242
5.573	19.107
5.603	19.092
5.858	18.792
5.948	18.717
6.098	18.552
6.143	18.522
6.413	18.237
6.563	18.102
6.578	18.072
6.623	18.057
6.638	18.027
6.803	17.892
6.893	17.787
6.953	17.742
6.983	17.697
7.073	17.637
7.283	17.412
7.358	17.352
7.568	17.112
7.898	16.797
7.988	16.677
8.168	16.512
8.363	16.287
8.648	15.912
8.708	15.822
POLYLINE BLACK
7.613	15.342
POLYLINE BLACK
7.535	14.333
7.549	14.340
7.591	14.396
POLYLINE BLACK
7.479	14.431
7.535	14.473
POLYLINE BLACK
7.465	14.606
7.479	14.606
7.521	14.571
7.535	14.564
POLYLINE BLACK
7.626	14.725
7.661	14.683
7.661	14.669
7.675	14.655
7.675	14.641
7.682	14.627
POLYLINE BLACK
7.808	14.739
7.808	14.697
7.815	14.669
7.815	14.655
POLYLINE BLACK
7.976	14.760
7.976	14.774
7.962	14.739
7.941	14.718
POLYLINE BLACK
8.053	14.613
7.997	14.613
7.983	14.606
POLYLINE BLACK
8.004	14.452
7.976	14.480
7.962	14.480
7.934	14.494
POLYLINE BLACK
7.864	14.368
7.836	14.424
POLYLINE BLACK
7.703	14.284
7.703	14.312
7.689	14.347
7.689	14.361
7.682	14.375
POLYLINE BLACK
7.822	14.333
7.731	14.298
7.717	14.298
7.675	14.284
7.647	14.291
7.633	14.291
7.619	14.284
7.605	14.298
7.577	14.298
7.507	14.361
7.493	14.389
7.493	14.403
7.472	14.445
7.472	14.473
7.465	14.487
7.465	14.536
7.479	14.578
7.479	14.599
7.500	14.627
7.584	14.690
7.598	14.690
7.675	14.725
7.717	14.725
7.731	14.732
7.780	14.732
7.843	14.746
7.871	14.746
7.906	14.760
7.927	14.760
7.969	14.781
7.997	14.774
8.025	14.732
8.039	14.704
8.039	14.690
8.046	14.662
8.046	14.599
8.039	14.571
8.032	14.522
8.018	14.494
8.018	14.480
7.990	14.424
7.955	14.382
7.941	14.382
7.885	14.347
7.871	14.347
7.822	14.333
7.808	14.333
7.766	14.305
POLYLINE BROWN
8.116	10.395
8.116	10.415
POLYLINE BROWN
7.856	10.395
7.856	10.415
POLYLINE BROWN
7.646	10.255
7.606	10.365
POLYLINE BROWN
7.686	9.985
7.606	9.985
POLYLINE BROWN
7.856	9.935
7.846	9.905
POLYLINE BROWN
8.196	10.285
8.196	10.265
8.176	10.275
8.046	10.265
7.976	10.275
7.856	10.265
7.776	10.245
7.746	10.195
7.716	10.165
7.706	10.115
7.726	10.015
7.776	10.015
POLYLINE BROWN
8.286	9.975
8.196	9.975
8.116	9.955
7.946	9.965
POLYLINE BROWN
8.666	9.855
8.686	9.825
8.686	9.745
POLYLINE BROWN
8.506	9.875
8.496	9.835
POLYLINE BROWN
8.176	9.865
8.146	9.825
POLYLINE BROWN
8.496	9.835
POLYLINE BROWN
8.946	9.795
8.936	9.775
POLYLINE BROWN
9.346	9.755
9.326	9.715
POLYLINE BROWN
9.676	9.765
9.676	9.715
9.666	9.675
POLYLINE BROWN
9.546	10.245
9.556	10.265
POLYLINE BROWN
9.306	10.265
9.326	10.305
POLYLINE BROWN
8.966	10.275
8.976	10.345
POLYLINE BROWN
8.546	10.325
8.546	10.345
8.566	10.375
POLYLINE BROWN
8.306	10.325
8.306	10.395
POLYLINE BROWN
9.836	10.225
9.836	10.195
9.856	10.145
9.806	10.115
9.786	10.125
9.686	10.115
9.556	10.135
9.516	10.125
9.426	10.135
9.386	10.135
9.326	10.145
9.286	10.145
9.236	10.165
9.136	10.155
9.026	10.165
8.986	10.175
8.966	10.195
8.846	10.195
8.786	10.215
8.716	10.215
8.676	10.225
8.496	10.205
8.396	10.215
8.256	10.205
8.186	10.215
POLYLINE BROWN
9.836	9.795
9.806	9.795
9.766	9.805
9.726	9.795
9.676	9.805
9.486	9.795
9.466	9.795
9.376	9.835
9.156	9.855
9.066	9.875
8.996	9.875
8.896	9.885
8.846	9.875
8.826	9.885
8.696	9.885
8.586	9.905
8.496	9.895
8.396	9.905
8.306	9.915
POLYLINE BROWN
10.036	9.695
10.036	9.675
POLYLINE BROWN
9.936	9.815
9.876	9.765
POLYLINE BROWN
9.976	10.065
9.926	10.105
POLYLINE BROWN
10.226	10.175
10.206	10.215
POLYLINE BROWN
10.606	10.065
10.596	10.115
POLYLINE BROWN
11.026	10.035
11.016	10.135
POLYLINE BROWN
11.356	9.975
11.336	9.995
11.336	10.125
POLYLINE BROWN
11.646	9.865
11.666	9.935
POLYLINE BROWN
11.686	9.615
11.716	9.615
11.736	9.605
POLYLINE BROWN
11.516	9.525
11.556	9.485
POLYLINE BROWN
11.236	9.525
11.246	9.485
POLYLINE BROWN
10.946	9.565
10.946	9.525
POLYLINE BROWN
10.606	9.585
10.616	9.545
10.616	9.515
POLYLINE BROWN
10.336	9.635
10.336	9.575
10.326	9.555
POLYLINE BROWN
11.546	9.675
11.526	9.595
11.406	9.595
11.366	9.575
11.326	9.595
11.246	9.575
11.066	9.555
10.766	9.615
10.686	9.635
10.526	9.635
10.326	9.695
10.146	9.715
10.026	9.815
10.026	9.935
10.106	9.995
10.146	9.995
10.186	10.035
10.346	10.035
10.426	10.015
10.626	9.975
10.766	9.975
10.946	9.935
11.146	9.935
11.286	9.895
11.366	9.895
11.426	9.835
11.466	9.835
11.546	9.775
11.586	9.775
11.626	9.715
11.606	9.635
11.526	9.575
11.366	9.555
POLYLINE BLACK
12.056	9.625
12.156	9.365
12.116	9.365
12.036	9.265
11.996	9.205
11.946	9.145
11.816	8.925
11.816	8.905
11.746	8.785
11.686	8.685
11.646	8.605
11.646	8.575
11.636	8.535
11.636	8.515
11.616	8.495
11.616	8.445
11.606	8.405
11.566	8.215
11.546	8.135
11.526	8.075
11.526	7.985
POLYLINE BLACK
12.406	7.645
12.376	7.695
12.366	7.735
12.336	7.845
12.306	7.975
12.276	8.065
12.276	8.085
12.256	8.125
12.256	8.155
12.206	8.305
12.166	8.475
12.166	8.635
12.176	8.715
12.176	8.765
12.186	8.805
12.186	8.855
12.196	8.945
12.206	9.035
12.216	9.075
12.206	9.115
12.216	9.185
12.206	9.225
12.186	9.335
12.176	9.375
POLYLINE BLACK
13.966	7.575
13.966	7.655
13.936	7.805
13.926	7.905
13.866	8.175
13.836	8.265
13.806	8.385
13.786	8.415
13.716	8.625
13.616	8.845
13.546	8.955
13.476	9.105
13.456	9.155
13.316	9.325
13.136	9.515
13.096	9.585
13.026	9.685
12.986	9.725
12.956	9.755
12.866	9.825
12.826	9.845
POLYLINE BROWN
13.696	6.385
13.696	6.365
13.776	6.445
13.816	6.515
13.866	6.585
13.866	6.605
13.896	6.645
13.966	6.805
13.986	6.895
14.006	6.975
14.006	7.215
13.996	7.255
13.996	7.335
13.976	7.425
13.976	7.495
13.966	7.535
13.966	7.565
POLYLINE BROWN
13.716	6.335
13.676	6.325
13.556	6.325
13.466	6.345
13.296	6.465
13.166	6.575
12.936	6.865
12.786	7.045
12.696	7.155
12.606	7.285
12.576	7.335
12.546	7.375
12.546	7.395
12.446	7.545
12.406	7.625
POLYLINE BLACK
12.106	9.775
12.086	9.715
12.086	9.675
12.066	9.635
12.056	9.555
11.996	9.415
11.996	9.395
12.036	9.385
12.126	9.355
12.156	9.355
12.256	9.325
12.306	9.405
12.306	9.435
12.346	9.555
12.346	9.595
12.356	9.645
12.366	9.705
12.336	9.735
12.296	9.755
12.256	9.745
12.166	9.775
12.146	9.765
12.106	9.795
POLYLINE BLACK
12.031	9.845
12.061	9.815
12.196	9.800
12.361	9.800
12.421	9.785
12.526	9.815
12.586	9.800
12.616	9.830
12.646	9.830
12.706	9.815
12.736	9.830
12.796	9.815
12.826	9.785
12.886	9.800
12.916	9.785
POLYLINE ORANGE
16.636	6.725
16.651	6.665
16.651	6.590
16.666	6.530
16.681	6.365
16.696	6.320
16.696	6.230
16.711	6.155
16.711	6.065
16.726	5.990
POLYLINE ORANGE
16.321	6.725
16.351	6.710
16.396	6.710
16.426	6.725
16.516	6.725
16.681	6.755
16.771	6.740
16.816	6.755
16.936	6.755
17.026	6.725
POLYLINE ORANGE
15.736	6.320
15.811	6.320
15.841	6.335
15.961	6.350
16.216	6.425
16.291	6.425
POLYLINE ORANGE
15.556	5.975
15.616	6.110
15.646	6.140
15.676	6.215
15.721	6.275
15.751	6.350
15.781	6.380
15.841	6.545
15.841	6.575
15.886	6.635
16.006	6.410
16.081	6.215
16.081	6.185
16.096	6.155
16.096	6.110
16.126	5.975
POLYLINE ORANGE
15.136	6.635
15.256	6.710
15.331	6.740
15.376	6.740
15.511	6.785
15.526	6.725
15.526	6.695
15.466	6.605
15.361	6.485
15.301	6.455
15.271	6.455
15.181	6.425
15.361	6.455
15.481	6.380
15.496	6.320
15.496	6.260
15.436	6.095
15.406	6.035
15.271	6.005
15.181	6.005
15.106	5.975
POLYLINE ORANGE
15.151	6.620
15.151	6.425
15.166	6.395
15.166	6.290
15.181	6.170
15.166	6.110
15.151	6.005
POLYLINE ORANGE
18.211	7.235
18.211	7.205
18.181	7.205
18.241	7.190
18.391	7.190
18.421	7.175
18.451	7.190
18.481	7.175
POLYLINE ORANGE
18.211	7.400
18.211	7.430
18.151	7.430
18.091	7.400
18.061	7.400
17.986	7.280
17.986	7.220
17.971	7.190
17.971	7.115
18.001	7.025
18.031	6.995
18.061	6.995
18.121	7.040
18.196	7.055
18.226	7.070
18.226	7.100
18.256	7.070
18.286	6.905
POLYLINE ORANGE
17.371	7.070
17.386	7.145
17.386	7.205
17.416	7.325
17.416	7.355
17.431	7.385
17.566	7.160
17.566	7.130
17.596	7.100
17.596	7.070
17.626	7.040
17.656	7.145
17.716	7.235
17.746	7.340
17.761	7.400
POLYLINE ORANGE
17.176	7.475
17.161	7.400
17.161	7.190
17.146	7.115
17.146	7.055
POLYLINE ORANGE
16.351	7.445
16.381	7.430
16.516	7.460
16.621	7.490
16.771	7.490
16.891	7.505
16.996	7.505
POLYLINE ORANGE
16.531	7.400
16.591	7.175
16.591	7.130
16.606	7.070
16.606	7.010
POLYLINE ORANGE
16.186	7.430
16.171	7.475
16.096	7.475
15.976	7.430
15.961	7.370
16.096	7.205
16.141	7.145
16.126	7.115
16.021	7.070
15.841	7.070
15.796	7.055
POLYLINE ORANGE
15.481	7.010
15.421	7.055
15.346	7.190
15.346	7.220
15.331	7.250
15.376	7.310
15.511	7.385
15.571	7.385
15.661	7.310
15.691	7.250
15.691	7.115
15.676	7.085
15.646	7.085
15.616	7.040
15.586	7.040
15.556	7.025
15.496	7.040
15.421	7.040
POLYLINE ORANGE
14.986	7.010
14.956	7.040
14.926	7.040
14.821	7.175
14.821	7.250
14.836	7.310
14.896	7.385
14.956	7.415
14.986	7.415
15.076	7.355
15.136	7.295
15.181	7.160
15.181	7.130
15.046	6.980
15.016	6.965
14.986	6.980
POLYLINE ORANGE
14.236	7.445
14.266	7.430
14.476	7.520
14.506	7.520
14.536	7.535
14.566	7.520
14.596	7.535
14.686	7.505
14.746	7.415
14.746	7.310
14.656	7.250
14.626	7.250
14.566	7.235
14.506	7.265
14.476	7.265
14.446	7.295
14.446	7.250
14.491	7.190
14.566	7.010
14.626	6.920
POLYLINE ORANGE
14.356	7.415
14.356	7.385
14.371	7.355
14.371	7.190
14.386	7.115
14.386	6.905
POLYLINE ORANGE
13.501	6.035
13.681	6.155
13.726	6.170
13.741	6.200
13.981	6.410
13.996	6.470
14.071	6.590
14.101	6.650
14.101	6.680
14.161	6.815
14.266	6.935
POLYLINE BLACK
10.801	6.785
10.831	6.770
10.846	6.725
10.936	6.650
11.056	6.500
11.161	6.470
11.401	6.335
11.476	6.305
11.626	6.170
11.716	6.110
11.791	6.080
11.911	5.975
12.001	5.915
12.091	5.885
12.451	5.675
12.676	5.540
12.736	5.540
12.766	5.525
12.811	5.525
12.871	5.510
12.901	5.510
12.931	5.525
13.066	5.525
13.126	5.510
13.186	5.510
13.216	5.540
13.321	5.540
13.501	5.435
13.531	5.435
13.561	5.420
13.711	5.540
13.726	5.570
13.786	5.615
13.786	5.645
13.801	5.705
13.801	5.735
13.846	5.885
13.816	6.005
13.816	6.050
13.801	6.110
13.801	6.140
13.651	6.320
13.561	6.380
13.471	6.455
13.441	6.455
13.261	6.545
13.231	6.545
13.126	6.665
13.111	6.695
12.991	6.800
12.916	6.815
12.886	6.845
12.736	6.890
12.706	6.890
12.646	6.935
12.616	6.935
12.496	7.040
12.451	7.100
12.226	7.265
12.001	7.430
11.506	8.000
11.476	8.015
POLYLINE BLACK
7.861	9.560
7.861	9.350
7.921	9.140
8.086	8.930
8.206	8.780
8.296	8.645
8.341	8.630
8.371	8.555
8.446	8.435
8.491	8.375
8.716	8.240
8.731	8.210
8.836	8.135
8.926	8.000
9.121	7.895
9.151	7.895
9.316	7.820
9.346	7.820
9.451	7.760
9.601	7.640
9.616	7.610
9.676	7.565
9.826	7.385
9.886	7.340
9.916	7.235
9.916	7.205
9.976	7.160
10.036	7.175
10.126	7.100
10.201	6.995
10.306	6.875
10.396	6.830
10.561	6.860
10.681	6.920
10.741	6.875
10.861	6.725
POLYLINE BLACK
7.726	10.640
7.726	10.610
7.831	10.280
7.861	10.160
7.861	10.100
7.876	10.040
7.876	9.980
7.891	9.860
7.891	9.830
7.906	9.770
7.906	9.740
7.891	9.710
7.891	9.575
7.876	9.515
7.876	9.485
7.861	9.425
7.861	9.395
7.831	9.305
POLYLINE BLACK
12.076	9.800
12.091	9.770
12.061	9.770
12.001	9.785
11.941	9.770
11.851	9.770
11.791	9.785
11.746	9.785
11.716	9.815
11.656	9.800
11.536	9.875
11.506	9.860
11.356	9.950
11.326	9.950
11.296	9.980
11.266	9.980
11.236	9.995
11.191	9.995
11.131	10.025
11.101	10.025
11.071	10.040
11.026	10.040
10.936	10.085
10.906	10.085
10.876	10.100
10.771	10.100
10.741	10.115
10.711	10.100
10.561	10.145
10.486	10.145
10.426	10.160
10.291	10.160
10.126	10.205
10.096	10.205
10.036	10.235
9.991	10.235
9.931	10.280
9.901	10.280
9.811	10.310
9.781	10.340
9.751	10.340
9.721	10.370
9.646	10.385
9.616	10.385
9.466	10.460
9.346	10.565
9.346	10.595
9.286	10.655
POLYLINE BLACK
7.171	8.630
7.141	8.750
7.126	8.885
7.126	8.915
7.111	8.975
7.111	9.035
7.096	9.065
7.096	9.140
7.081	9.170
7.081	9.335
7.051	9.395
7.051	9.455
7.021	9.515
7.021	9.560
6.976	9.650
6.976	9.680
6.886	9.875
6.676	9.995
6.616	10.010
6.586	10.010
6.496	10.055
6.466	10.055
6.406	10.085
6.376	10.085
6.316	10.115
6.241	10.100
6.181	10.145
6.136	10.145
6.016	10.235
5.956	10.250
5.776	10.370
5.536	10.475
5.446	10.475
5.386	10.490
5.356	10.475
5.296	10.490
5.251	10.490
5.191	10.505
5.131	10.505
4.936	10.565
4.906	10.565
4.846	10.580
4.816	10.580
4.756	10.595
4.726	10.595
4.666	10.610
4.441	10.610
4.381	10.595
4.321	10.595
4.291	10.580
4.231	10.595
4.216	10.565
4.156	10.580
4.096	10.565
4.066	10.565
3.916	10.505
3.886	10.490
3.871	10.460
3.841	10.445
3.781	10.355
3.691	10.295
3.661	10.295
3.541	10.205
3.511	10.205
3.421	10.130
3.376	10.115
3.361	10.085
3.301	10.055
3.256	10.055
3.196	10.010
3.166	10.010
3.106	9.995
3.046	9.995
2.926	9.965
2.896	9.965
2.866	9.980
2.791	9.950
2.761	9.920
2.731	9.920
2.716	9.890
2.626	9.830
2.641	9.755
2.641	9.665
2.656	9.605
2.656	9.185
2.671	9.125
2.671	9.095
2.701	8.975
2.701	8.885
2.746	8.795
2.776	8.780
2.791	8.750
2.851	8.735
2.881	8.705
2.971	8.705
3.046	8.690
3.106	8.720
3.226	8.690
3.256	8.705
3.301	8.705
3.361	8.675
3.421	8.675
3.526	8.630
3.556	8.645
3.616	8.630
3.646	8.630
3.706	8.615
3.901	8.615
3.931	8.600
3.976	8.600
4.006	8.615
4.051	8.615
4.111	8.600
4.141	8.600
4.201	8.615
4.291	8.585
4.351	8.600
4.411	8.555
4.591	8.555
4.621	8.570
4.651	8.540
4.651	8.570
4.771	8.600
4.861	8.600
4.891	8.615
4.921	8.600
4.951	8.630
5.011	8.615
5.071	8.645
5.146	8.645
5.206	8.660
5.236	8.660
5.266	8.675
5.326	8.660
5.401	8.660
5.491	8.630
5.716	8.630
5.821	8.600
5.851	8.600
5.881	8.585
6.061	8.585
6.091	8.570
6.121	8.585
6.151	8.570
6.226	8.570
6.301	8.555
6.331	8.555
6.361	8.570
6.796	8.570
6.826	8.585
6.871	8.585
6.901	8.570
6.961	8.585
7.036	8.600
7.066	8.615
7.096	8.600
7.186	8.645
7.201	8.705
POLYLINE CONNECT
4.491	8.575
9.067	12.652
POLYLINE BLACK
10.101	12.865
10.071	12.895
10.041	12.895
9.921	12.970
9.816	13.000
POLYLINE BLACK
8.316	11.215
8.316	11.185
8.286	11.215
8.226	11.395
POLYLINE BLACK
8.391	11.200
8.331	11.275
8.256	11.530
POLYLINE BLACK
8.436	11.230
8.346	11.365
8.331	11.410
POLYLINE BLACK
8.286	11.125
8.271	11.290
8.241	11.455
POLYLINE BLACK
8.271	11.170
8.196	11.410
8.196	11.605
POLYLINE BLACK
8.391	11.260
8.316	11.395
8.271	11.530
POLYLINE BLACK
8.391	11.260
8.301	11.425
8.271	11.515
8.226	11.590
8.196	11.680
POLYLINE BLACK
8.421	11.185
8.346	11.485
8.271	11.635
POLYLINE BLACK
8.331	11.185
8.271	11.320
8.181	11.665
POLYLINE BLACK
8.301	11.200
8.256	11.290
8.241	11.380
8.211	11.440
8.211	11.485
8.121	11.755
POLYLINE BLACK
10.386	12.850
10.356	12.835
10.086	12.925
POLYLINE BLACK
10.326	12.955
10.191	13.030
10.161	13.015
10.086	13.030
10.011	13.015
POLYLINE BLACK
10.416	13.015
10.386	13.000
10.341	13.000
10.296	13.015
10.176	13.015
10.041	13.060
10.011	13.060
POLYLINE BLACK
10.251	12.865
10.311	12.835
10.416	12.835
POLYLINE BLACK
10.146	12.880
10.176	12.850
10.311	12.820
10.416	12.790
POLYLINE BLACK
10.056	13.090
10.266	13.030
10.356	13.015
POLYLINE BLACK
10.146	13.045
10.416	12.955
POLYLINE BLACK
10.011	13.120
10.161	13.075
10.206	13.075
10.281	13.045
10.371	13.060
10.416	13.045
POLYLINE BLACK
9.936	13.045
10.011	12.985
10.221	12.910
10.371	12.880
POLYLINE BLACK
9.891	13.030
9.906	13.000
10.176	12.805
10.251	12.790
POLYLINE BLACK
9.726	13.045
9.756	13.045
9.801	13.015
9.921	12.985
10.071	12.895
10.191	12.850
POLYLINE BLACK
9.756	13.060
9.876	13.000
10.056	12.955
10.296	12.850
POLYLINE BLACK
9.756	13.090
9.831	13.045
10.146	12.985
10.281	12.970
10.311	12.955
10.371	12.955
POLYLINE BLACK
9.831	13.960
9.831	13.915
9.951	13.645
9.951	13.600
9.981	13.540
10.251	13.660
10.221	13.975
10.191	13.990
10.026	13.975
9.981	13.960
POLYLINE BLACK
9.621	12.145
9.651	12.085
9.681	11.980
9.711	11.920
9.711	11.890
9.726	11.860
9.891	11.875
9.996	11.920
10.026	11.950
10.071	11.950
10.131	11.965
10.146	12.010
10.071	12.220
10.011	12.235
9.891	12.235
9.726	12.205
9.606	12.145
POLYLINE BLACK
10.386	13.030
10.326	13.045
10.296	13.045
10.236	13.060
10.206	13.060
10.176	13.075
10.131	13.075
10.101	13.090
10.071	13.075
9.876	13.075
9.816	13.105
9.786	13.090
9.606	13.105
9.576	13.090
9.576	13.120
9.591	13.090
9.711	13.015
9.801	12.940
9.831	12.940
9.891	12.895
9.996	12.865
10.026	12.835
10.056	12.835
10.116	12.820
10.191	12.775
10.251	12.775
10.311	12.745
10.401	12.745
10.431	12.865
10.431	12.925
10.446	12.955
10.446	13.000
10.461	13.060
POLYLINE BLACK
8.466	11.215
8.376	11.140
8.316	11.095
8.256	11.095
8.376	11.125
8.436	11.125
8.526	11.170
8.436	11.170
8.376	11.140
8.346	11.140
8.241	11.095
POLYLINE BLACK
8.256	10.990
8.211	11.050
8.196	11.185
8.181	11.275
8.181	11.350
8.151	11.485
8.151	11.515
8.136	11.575
8.121	11.665
8.106	11.725
8.106	11.755
8.076	11.875
8.136	11.785
8.301	11.545
8.391	11.350
8.391	11.320
8.421	11.290
8.496	11.125
8.436	11.140
8.346	11.140
8.286	11.125
8.256	11.125
8.226	11.110
POLYLINE BLACK
7.341	12.385
7.401	12.130
7.401	12.040
7.416	12.010
7.476	11.995
7.626	12.040
7.776	12.070
7.836	12.100
7.866	12.100
7.896	12.115
7.881	12.190
7.776	12.430
7.746	12.475
7.686	12.490
7.551	12.445
7.371	12.430
7.296	12.400
POLYLINE BLACK
7.791	12.985
7.731	13.180
7.701	13.240
7.671	13.375
7.641	13.345
7.581	13.345
7.536	13.330
7.476	13.345
7.311	13.285
7.281	13.285
7.251	13.270
7.236	13.240
7.326	13.000
7.386	12.850
7.386	12.820
7.491	12.820
7.551	12.850
7.761	12.910
7.851	12.940
POLYLINE BLACK
8.376	12.865
8.346	12.865
8.166	13.015
8.046	13.075
7.986	13.075
7.956	13.105
7.806	12.790
7.731	12.670
7.866	12.550
7.986	12.475
8.091	12.430
8.121	12.505
8.196	12.595
8.271	12.745
8.271	12.790
8.301	12.850
8.301	12.880
POLYLINE BLACK
8.286	13.075
8.316	13.045
8.391	12.880
8.391	12.805
8.421	12.700
8.421	12.565
8.436	12.535
8.496	12.580
8.526	12.580
8.586	12.610
8.751	12.640
8.781	12.640
8.826	12.700
8.826	12.850
8.841	12.880
8.826	12.955
8.826	13.135
8.766	13.135
8.706	13.120
8.601	13.120
8.481	13.075
8.451	13.090
8.391	13.045
8.361	13.060
POLYLINE BLACK
8.901	14.365
8.856	14.395
8.706	14.395
8.586	14.380
8.121	14.275
8.121	14.140
8.136	13.975
8.136	13.420
8.631	13.405
8.781	13.375
8.856	13.375
9.051	13.345
9.096	13.720
9.111	13.750
9.111	13.825
9.126	13.855
9.126	14.005
9.141	14.155
9.186	14.320
9.066	14.335
8.871	14.335
POLYLINE BLACK
6.981	15.340
6.981	15.370
7.011	15.370
7.071	15.400
7.101	15.385
7.176	15.400
7.206	15.385
7.236	15.400
7.296	15.370
7.326	15.385
7.401	15.385
7.461	15.400
7.521	15.370
7.581	15.370
7.866	15.280
7.896	15.280
8.031	15.235
8.106	15.220
8.226	15.160
8.346	15.145
8.406	15.130
8.436	15.130
8.466	15.100
8.631	15.070
8.691	15.025
8.751	15.025
9.111	14.860
9.381	14.725
9.441	14.680
9.471	14.680
9.531	14.635
9.591	14.635
9.711	14.560
9.771	14.560
9.876	14.515
9.906	14.485
9.936	14.485
10.026	14.425
10.041	14.395
POLYLINE BLACK
5.601	15.220
5.691	15.160
5.721	15.160
5.736	15.130
5.796	15.130
5.856	15.100
5.901	15.100
5.961	15.070
5.991	15.085
6.021	15.055
6.051	15.055
6.081	15.040
6.141	15.070
6.276	15.085
6.336	15.100
6.366	15.100
6.426	15.115
6.486	15.115
6.591	15.160
6.621	15.160
6.741	15.220
6.861	15.295
6.891	15.310
6.906	15.340
6.936	15.340
6.996	15.385
POLYLINE BLACK
7.791	10.660
7.791	10.615
7.761	10.615
7.641	10.690
7.476	10.825
7.461	10.855
7.281	11.005
7.251	11.050
7.221	11.050
7.206	11.095
6.966	11.290
6.876	11.350
6.651	11.605
6.606	11.680
6.471	11.785
6.351	11.950
6.096	12.250
5.916	12.400
5.826	12.475
5.781	12.490
5.721	12.535
5.676	12.610
5.646	12.625
5.616	12.670
5.586	12.685
5.286	13.030
5.241	13.105
5.211	13.120
5.121	13.285
5.046	13.375
4.971	13.465
4.956	13.510
4.881	13.630
4.836	13.735
4.836	13.780
4.806	13.840
4.806	13.870
4.641	14.080
4.641	14.110
POLYLINE BLACK
11.676	12.655
11.676	12.625
11.826	12.415
12.036	12.265
12.081	12.205
12.126	12.175
12.246	12.025
12.336	11.920
12.366	11.905
12.366	11.875
12.396	11.845
12.396	11.815
12.411	11.785
12.366	11.725
12.336	11.710
12.306	11.725
12.246	11.710
12.081	11.770
11.991	11.800
11.916	11.800
11.856	11.830
11.751	11.830
11.691	11.815
11.661	11.815
11.601	11.830
11.541	11.830
11.436	11.875
11.406	11.875
11.346	11.890
11.241	11.890
11.181	11.920
11.046	11.920
10.986	11.935
10.926	11.920
10.866	11.920
10.806	11.905
10.746	11.860
POLYLINE BLACK
9.936	14.545
9.951	14.515
9.981	14.500
10.071	14.365
10.251	14.125
10.296	14.095
10.386	13.960
10.416	13.885
10.506	13.780
10.776	13.420
10.851	13.315
10.926	13.225
11.016	13.150
11.091	13.060
11.121	13.045
11.166	12.985
11.466	12.745
11.586	12.655
11.631	12.595
11.691	12.550
POLYLINE BLACK
7.956	10.390
7.911	10.450
7.746	10.555
7.716	10.555
POLYLINE BLACK
9.321	10.675
9.321	10.735
9.381	10.870
9.456	10.900
9.606	11.035
9.816	11.140
9.906	11.215
10.056	11.320
10.116	11.365
10.176	11.440
10.296	11.515
10.326	11.560
10.386	11.560
10.566	11.680
10.686	11.755
10.731	11.770
10.851	11.860
10.881	11.860
10.941	11.905
POLYLINE BLACK
4.676	13.975
4.566	14.085
4.546	14.135
4.486	14.235
4.466	14.275
4.466	14.305
4.406	14.405
4.376	14.495
4.326	14.625
4.226	14.785
POLYLINE BLACK
5.576	15.185
5.576	15.165
5.536	15.195
5.516	15.195
5.476	15.225
5.436	15.235
5.316	15.275
5.216	15.295
5.196	15.305
5.166	15.295
5.126	15.305
5.066	15.305
5.006	15.335
4.966	15.335
4.946	15.355
4.906	15.355
4.866	15.385
POLYLINE BLACK
2.176	12.800
2.216	12.815
2.241	12.845
2.251	12.850
2.266	12.870
2.266	12.890
2.271	12.915
2.271	13.010
2.281	13.050
2.296	13.070
2.311	13.105
2.331	13.135
2.331	13.150
2.356	13.205
2.356	13.215
2.411	13.330
2.411	13.340
2.426	13.380
2.426	13.395
2.441	13.425
2.441	13.435
2.451	13.455
2.451	13.465
2.476	13.510
2.496	13.570
2.521	13.600
2.551	13.665
2.561	13.675
2.566	13.700
2.581	13.735
2.581	13.765
2.586	13.775
2.581	13.785
2.581	13.785
2.581	13.800
2.576	13.820
2.576	13.850
2.571	13.870
2.571	13.915
2.581	13.955
2.581	13.965
2.586	13.985
2.586	13.985
2.581	13.995
2.581	13.995
2.581	13.985
2.566	14.005
2.546	14.015
2.536	14.015
2.516	14.020
2.506	14.030
2.486	14.030
2.476	14.035
2.456	14.025
2.436	14.030
2.426	14.030
2.406	14.025
2.396	14.025
2.376	14.020
2.356	14.020
2.336	14.010
2.326	14.010
2.321	14.000
2.311	14.000
2.301	13.995
2.296	13.985
2.286	13.985
2.271	13.965
2.261	13.965
2.236	13.935
2.236	13.925
2.226	13.900
2.226	13.890
2.211	13.830
2.211	13.810
2.201	13.770
2.201	13.760
2.186	13.740
2.186	13.725
2.176	13.705
2.176	13.695
2.156	13.675
2.156	13.665
2.126	13.625
2.126	13.615
2.106	13.600
2.086	13.560
2.076	13.550
2.076	13.540
2.026	13.465
2.016	13.460
1.996	13.430
1.991	13.415
1.971	13.400
1.936	13.360
1.926	13.355
1.891	13.315
1.876	13.295
1.866	13.290
1.836	13.250
1.821	13.230
1.691	13.000
1.691	12.980
1.696	12.960
1.691	12.940
1.691	12.890
1.686	12.880
1.691	12.860
1.691	12.850
1.696	12.840
1.706	12.840
1.736	12.850
POLYLINE BLACK
2.181	12.810
2.161	12.805
2.151	12.805
2.131	12.800
2.101	12.800
2.081	12.795
2.071	12.800
2.051	12.795
2.031	12.800
2.011	12.795
1.986	12.795
1.966	12.800
1.946	12.795
1.926	12.800
1.901	12.800
1.861	12.810
1.846	12.805
1.826	12.815
1.816	12.815
1.806	12.820
1.786	12.810
1.766	12.820
1.736	12.820
1.716	12.835
1.706	12.830
1.686	12.835
POLYLINE CONNECT
2.436	13.995
4.755	14.068
POLYLINE GREEN
3.296	18.305
POLYLINE GREEN
3.166	16.035
3.146	16.035
3.106	16.075
3.036	16.005
3.036	15.945
3.086	15.895
POLYLINE GREEN
3.236	16.535
3.176	16.565
3.116	16.535
3.106	16.505
3.116	16.465
POLYLINE GREEN
2.506	16.835
2.516	16.805
2.456	16.795
2.436	16.775
2.426	16.735
2.436	16.685
POLYLINE GREEN
2.516	16.805
POLYLINE GREEN
4.656	17.335
4.656	17.295
4.636	17.255
4.666	17.225
4.736	17.235
POLYLINE GREEN
4.536	17.775
4.506	17.725
4.496	17.665
4.536	17.635
4.556	17.635
POLYLINE GREEN
4.386	17.545
4.386	17.455
4.396	17.415
4.426	17.395
4.496	17.395
4.606	17.435
POLYLINE GREEN
4.166	17.845
4.146	17.825
4.146	17.805
4.116	17.775
4.106	17.745
4.126	17.705
4.176	17.695
4.216	17.705
4.236	17.705
POLYLINE GREEN
4.796	17.025
4.756	17.035
4.736	17.055
4.666	17.085
4.496	17.195
4.476	17.215
4.386	17.265
4.246	17.355
4.166	17.425
4.016	17.695
3.976	17.835
3.936	17.985
3.936	18.035
POLYLINE BROWN
4.576	16.035
4.606	16.075
POLYLINE BROWN
4.316	16.115
4.336	16.165
POLYLINE BROWN
3.856	16.305
3.886	16.365
POLYLINE BROWN
3.466	16.515
3.506	16.575
POLYLINE BROWN
3.156	16.695
3.206	16.775
POLYLINE BROWN
2.886	16.795
2.936	16.875
POLYLINE BROWN
2.706	16.885
2.716	16.905
POLYLINE BROWN
2.576	17.135
2.686	17.055
2.776	17.005
2.876	16.975
2.946	16.935
3.066	16.885
3.326	16.755
3.396	16.715
3.466	16.685
3.506	16.655
3.526	16.655
3.576	16.635
3.616	16.605
3.686	16.575
3.706	16.555
3.746	16.545
3.836	16.475
3.916	16.445
3.936	16.425
3.966	16.425
4.166	16.345
4.246	16.305
4.276	16.305
4.486	16.185
4.526	16.175
4.616	16.115
4.636	16.115
4.766	16.025
POLYLINE BROWN
2.106	16.615
POLYLINE BROWN
4.306	14.745
4.306	14.725
4.266	14.715
4.186	14.765
4.116	14.855
3.966	15.005
3.916	15.035
3.536	15.405
3.416	15.505
3.316	15.565
3.216	15.625
3.076	15.695
3.026	15.725
2.986	15.735
2.886	15.805
2.726	15.935
2.696	15.965
2.646	15.995
2.636	16.015
2.606	16.025
2.596	16.045
2.546	16.075
2.516	16.105
2.396	16.225
2.356	16.285
2.316	16.325
2.276	16.385
2.186	16.475
2.166	16.525
2.136	16.555
2.096	16.615
POLYLINE BROWN
4.796	16.265
4.806	16.215
4.786	16.135
4.786	16.085
4.776	16.045
4.796	16.005
4.856	15.985
4.916	15.945
4.956	15.955
4.966	15.935
4.966	15.955
5.006	15.925
5.026	15.925
5.056	15.885
5.036	15.805
4.966	15.705
4.906	15.655
4.886	15.645
4.876	15.605
4.836	15.545
4.826	15.495
4.796	15.435
4.806	15.395
4.926	15.305
4.936	15.285
POLYLINE BROWN
4.716	17.795
4.766	17.755
4.786	17.645
4.786	17.565
4.806	17.455
4.806	17.385
4.816	17.345
4.816	17.275
4.826	17.195
4.826	17.065
4.816	17.025
4.816	16.935
4.826	16.885
4.826	16.705
4.836	16.635
4.836	16.395
4.846	16.355
4.846	16.175
POLYLINE BROWN
2.376	17.135
2.416	17.205
POLYLINE BROWN
2.256	17.275
2.296	17.305
2.326	17.315
POLYLINE BROWN
2.126	17.585
2.146	17.565
2.166	17.565
2.186	17.585
POLYLINE BROWN
2.086	17.805
2.126	17.835
2.146	17.835
POLYLINE BROWN
2.046	18.045
2.086	18.045
POLYLINE BROWN
2.016	18.295
2.076	18.295
2.096	18.305
POLYLINE BROWN
1.996	18.525
1.996	18.505
2.016	18.515
POLYLINE BROWN
1.966	18.815
2.026	18.785
2.076	18.735
2.166	18.705
2.316	18.655
2.456	18.595
2.496	18.585
2.586	18.535
2.696	18.505
2.736	18.475
2.876	18.455
2.936	18.425
2.986	18.425
3.146	18.365
3.236	18.345
3.296	18.315
3.316	18.315
3.576	18.235
3.626	18.225
3.696	18.175
3.736	18.165
3.786	18.135
3.926	18.095
4.176	17.985
4.196	17.985
4.296	17.935
4.346	17.905
4.416	17.895
4.476	17.855
4.686	17.775
4.746	17.755
POLYLINE GREEN
2.036	17.225
2.056	17.245
2.026	17.285
2.026	17.315
2.006	17.375
2.056	17.435
2.096	17.445
2.116	17.435
2.136	17.445
2.176	17.415
2.196	17.415
2.256	17.365
POLYLINE BLACK
1.986	18.815
1.926	18.845
1.876	18.855
1.836	18.885
1.796	18.895
1.706	18.915
1.626	18.945
1.606	18.965
1.566	18.975
1.526	19.005
1.486	19.015
1.426	19.045
1.386	19.055
1.306	19.085
1.266	19.085
1.176	19.115
1.136	19.105
1.076	19.135
1.056	19.125
1.016	19.135
0.976	19.145
0.916	19.165
0.876	19.155
0.816	19.165
0.776	19.155
0.726	19.165
0.686	19.155
0.646	19.165
0.626	19.165
0.606	19.185
0.566	19.185
0.496	19.205
0.456	19.215
0.396	19.235
0.376	19.235
0.246	19.305
0.226	19.305
0.186	19.335
0.106	19.355
0.086	19.365
0.066	19.355
0.046	19.365
0.026	19.355
-0.064	19.375
-0.104	19.375
-0.144	19.385
-0.184	19.375
-0.204	19.385
-0.244	19.375
-0.264	19.395
-0.304	19.385
-0.344	19.395
-0.424	19.365
-0.444	19.365
-0.464	19.335
-0.484	19.345
-0.554	19.315
POLYLINE BROWN
2.576	17.145
2.386	17.365
2.376	17.395
2.346	17.425
2.296	17.515
2.256	17.635
2.236	17.745
2.216	17.845
2.186	17.985
2.186	18.025
2.176	18.075
2.176	18.335
2.166	18.385
2.146	18.505
2.116	18.565
2.106	18.605
2.066	18.695
2.016	18.755
1.986	18.815
1.976	18.795
1.936	18.835
POLYLINE BROWN
2.096	16.575
2.066	16.695
2.006	16.835
1.976	16.885
1.916	16.985
1.786	17.115
1.706	17.175
1.666	17.185
1.556	17.295
1.496	17.335
1.466	17.365
1.326	17.455
1.306	17.455
1.266	17.485
1.186	17.505
POLYLINE GREEN
-1.094	21.050
-1.094	21.075
-1.089	21.085
-1.089	21.110
-1.084	21.120
-1.084	21.145
-1.079	21.165
-1.079	21.190
-1.074	21.210
-1.074	21.255
POLYLINE GREEN
-1.039	20.835
-1.049	20.870
-1.049	20.895
-1.059	20.955
-1.059	20.995
-1.049	21.035
POLYLINE GREEN
-1.069	20.810
-1.069	20.825
-1.074	20.845
-1.079	20.870
-1.079	20.920
-1.084	20.950
-1.084	20.975
-1.074	21.040
-1.074	21.075
-1.069	21.115
POLYLINE GREEN
-1.114	20.825
-1.114	20.935
-1.109	20.965
-1.114	20.995
-1.114	21.060
POLYLINE GREEN
-1.139	20.840
-1.139	20.865
-1.134	20.885
-1.134	21.040
-1.129	21.050
POLYLINE GREEN
-1.049	21.275
-1.044	21.250
-1.049	21.240
-1.044	21.230
-1.049	21.210
-1.049	21.180
-1.054	21.160
-1.054	21.140
-1.059	21.120
-1.059	21.100
-1.054	21.090
-1.054	21.075
-1.034	21.035
-1.034	21.025
-1.019	20.995
-1.019	20.985
-1.014	20.965
-1.014	20.925
-1.009	20.915
-1.009	20.830
-1.004	20.810
POLYLINE GREEN
-1.114	21.295
-1.109	21.280
-1.099	21.275
-1.094	21.250
-1.094	21.240
-1.099	21.220
-1.099	21.190
-1.104	21.180
-1.099	21.170
-1.109	21.140
-1.109	21.115
-1.124	21.085
-1.144	21.055
-1.159	21.035
-1.159	20.950
-1.154	20.930
-1.154	20.835
POLYLINE GREEN
-1.474	20.885
-1.474	20.895
-1.469	20.905
-1.469	20.995
-1.464	21.025
POLYLINE GREEN
-1.409	20.900
-1.409	20.910
-1.414	20.920
-1.409	20.945
-1.409	20.965
-1.404	20.985
-1.404	21.000
-1.399	21.020
-1.399	21.055
POLYLINE GREEN
-1.409	20.860
-1.419	20.885
-1.419	20.905
-1.424	20.915
-1.424	20.955
-1.429	20.985
-1.429	21.000
-1.434	21.020
-1.434	21.055
-1.439	21.075
-1.439	21.085
-1.444	21.105
-1.444	21.140
-1.449	21.160
-1.449	21.170
-1.454	21.190
-1.454	21.220
-1.459	21.230
POLYLINE GREEN
-1.459	20.845
-1.459	20.865
-1.449	20.890
-1.449	20.900
-1.439	20.915
-1.424	20.975
-1.414	21.015
-1.404	21.085
-1.394	21.105
POLYLINE GREEN
-1.489	20.860
-1.489	20.890
-1.484	20.915
-1.484	20.940
-1.474	21.005
-1.459	21.050
-1.459	21.080
POLYLINE GREEN
-1.534	20.850
-1.529	20.860
-1.529	20.885
-1.519	20.940
-1.514	20.950
-1.514	20.965
-1.504	20.975
-1.504	20.985
-1.474	21.035
-1.459	21.065
-1.459	21.075
-1.454	21.085
-1.454	21.100
-1.449	21.110
POLYLINE GREEN
-1.554	20.840
-1.564	20.865
-1.564	20.880
POLYLINE GREEN
-1.389	20.850
-1.389	20.880
-1.399	20.910
POLYLINE GREEN
-1.379	20.870
-1.379	20.947
-1.372	20.975
-1.372	20.996
-1.379	21.024
-1.379	21.066
-1.400	21.108
-1.414	21.122
-1.414	21.136
-1.428	21.164
-1.428	21.192
-1.421	21.213
-1.407	21.213
POLYLINE GREEN
-1.568	20.863
-1.554	20.919
-1.554	20.947
-1.547	20.961
-1.547	20.982
-1.512	21.052
-1.498	21.059
-1.484	21.094
-1.463	21.122
-1.477	21.178
-1.477	21.192
-1.484	21.220
POLYLINE BLACK
-0.819	20.835
-0.847	20.835
-0.875	20.828
-0.917	20.828
-0.931	20.821
-0.959	20.835
-0.987	20.828
-1.001	20.828
-1.015	20.821
-1.043	20.828
-1.057	20.821
-1.085	20.828
-1.120	20.828
-1.134	20.821
-1.204	20.849
-1.218	20.842
-1.232	20.849
-1.260	20.835
-1.407	20.835
-1.421	20.828
-1.449	20.842
-1.463	20.835
-1.491	20.849
-1.554	20.842
-1.596	20.842
-1.617	20.849
-1.645	20.835
-1.659	20.835
-1.687	20.828
-1.701	20.828
-1.715	20.835
-1.743	20.828
-1.771	20.842
-1.792	20.842
-1.820	20.849
-1.834	20.849
-1.862	20.856
-1.897	20.842
-1.911	20.849
-1.946	20.849
-1.974	20.842
-1.988	20.842
-2.016	20.835
-2.044	20.842
-2.058	20.856
-2.072	20.849
-2.114	20.870
-2.142	20.933
-2.142	20.961
-2.114	20.982
-2.093	21.010
-2.079	21.010
-2.058	21.038
-2.016	21.059
-1.988	21.080
-1.974	21.080
-1.946	21.094
-1.932	21.094
-1.890	21.115
-1.876	21.115
-1.848	21.129
-1.834	21.115
-1.820	21.129
-1.764	21.108
-1.715	21.115
-1.701	21.108
-1.673	21.122
-1.659	21.122
-1.617	21.157
-1.554	21.185
-1.526	21.185
-1.512	21.199
-1.484	21.199
-1.449	21.213
-1.428	21.213
-1.365	21.234
-1.351	21.248
-1.330	21.248
-1.302	21.262
-1.288	21.262
-1.274	21.276
-1.246	21.276
-1.218	21.269
-1.190	21.283
-1.169	21.283
-1.141	21.276
-1.050	21.262
-1.022	21.262
-1.001	21.248
-0.924	21.248
-0.882	21.269
-0.854	21.262
-0.840	21.269
-0.826	21.262
-0.805	21.262
-0.777	21.248
-0.763	21.248
-0.735	21.241
-0.721	21.241
-0.707	21.227
-0.679	21.227
-0.651	21.220
-0.637	21.206
-0.623	21.206
-0.567	21.185
-0.546	21.185
-0.518	21.164
-0.469	21.073
-0.469	21.052
-0.455	21.024
-0.455	21.010
-0.441	20.968
-0.455	20.940
-0.455	20.926
-0.483	20.926
-0.511	20.919
-0.539	20.898
-0.546	20.877
-0.560	20.870
-0.567	20.856
-0.595	20.849
-0.609	20.835
-0.623	20.842
-0.651	20.828
-0.742	20.828
-0.770	20.835
-0.798	20.835
-0.826	20.842
-0.840	20.842
POLYLINE CONNECT
-0.804	20.849
-0.080	18.140
POLYLINE GREEN
2.036	18.439
2.046	18.419
2.006	18.409
1.966	18.419
1.916	18.419
1.896	18.429
1.836	18.409
1.816	18.389
1.816	18.279
1.946	18.149
POLYLINE GREEN
1.586	17.899
1.546	17.899
1.516	17.889
1.496	17.899
1.456	17.889
1.416	17.879
1.376	17.859
1.366	17.819
1.376	17.779
1.436	17.729
POLYLINE GREEN
1.146	18.709
1.086	18.689
1.026	18.649
1.006	18.579
1.026	18.519
1.106	18.449
1.186	18.409
POLYLINE GREEN
0.886	18.189
0.936	18.119
0.906	18.079
0.816	18.049
0.746	18.009
0.736	17.969
0.826	17.899
0.886	17.869
POLYLINE GREEN
0.416	18.539
0.256	18.439
0.246	18.419
0.296	18.349
0.426	18.289
POLYLINE GREEN
0.046	19.239
0.026	19.219
-0.004	19.219
-0.044	19.189
-0.084	19.179
-0.094	19.129
-0.064	19.049
-0.004	19.009
0.016	18.989
POLYLINE BLACK
-0.324	19.469
-0.324	19.319
-0.334	19.269
-0.334	19.209
-0.344	19.189
-0.334	19.169
-0.344	19.129
-0.344	19.099
-0.334	19.059
-0.334	19.019
-0.324	18.979
-0.324	18.939
-0.294	18.869
-0.264	18.829
-0.224	18.759
-0.214	18.719
-0.194	18.639
-0.194	18.489
-0.204	18.449
-0.224	18.349
-0.234	18.309
-0.234	18.269
-0.244	18.239
-0.234	18.199
-0.234	18.139
-0.214	18.079
-0.184	18.039
-0.184	18.009
-0.154	17.949
-0.144	17.909
-0.114	17.809
-0.114	17.779
-0.144	17.749
POLYLINE GREEN
-1.644	18.799
-1.554	18.709
-1.544	18.659
POLYLINE GREEN
-1.694	19.089
-1.674	18.999
-1.674	18.889
-1.644	18.809
-1.644	18.779
-1.704	18.679
-1.764	18.619
POLYLINE GREEN
-1.824	19.199
-1.804	19.199
-1.704	19.079
-1.684	19.039
-1.634	19.089
-1.564	19.179
-1.544	19.199
POLYLINE BLACK
1.216	17.479
1.176	17.489
1.006	17.559
0.966	17.559
0.876	17.579
0.826	17.579
0.776	17.569
0.716	17.569
0.616	17.599
0.566	17.599
0.416	17.649
0.356	17.659
0.236	17.699
0.136	17.719
0.056	17.749
-0.044	17.749
POLYLINE BLACK
-1.694	18.769
-1.674	18.769
-1.614	18.729
-1.574	18.719
POLYLINE BLACK
-1.594	19.009
-1.574	18.989
-1.574	18.969
-1.524	18.959
-1.464	18.939
POLYLINE BLACK
-1.694	18.739
-1.664	18.699
-1.624	18.689
POLYLINE BLACK
-1.824	18.419
-1.784	18.419
-1.744	18.409
POLYLINE BLACK
-1.934	18.109
-1.924	18.089
-1.814	18.089
POLYLINE BLACK
-1.974	17.799
-1.934	17.809
POLYLINE BLACK
-2.014	17.489
-1.994	17.509
-1.954	17.509
POLYLINE BLACK
-2.034	17.219
-2.014	17.209
-1.974	17.219
POLYLINE BLACK
-1.674	18.269
-1.704	18.319
-1.664	18.259
-1.644	18.349
-1.624	18.409
-1.624	18.429
-1.584	18.489
-1.574	18.529
-1.504	18.669
-1.494	18.719
-1.434	18.849
-1.424	18.889
-1.364	18.989
-1.264	19.139
-1.244	19.139
-1.224	19.159
-1.204	19.159
-1.144	19.209
-1.124	19.219
POLYLINE BLACK
-1.764	18.429
POLYLINE BLACK
-3.094	18.749
-2.964	18.859
-2.874	18.919
-2.774	19.039
-2.744	19.069
-2.684	19.119
-2.644	19.129
-2.584	19.179
-2.474	19.229
-2.454	19.229
-2.354	19.289
-2.314	19.299
-2.274	19.299
-2.214	19.329
-2.174	19.319
-2.134	19.329
-2.094	19.329
-2.054	19.319
-2.014	19.319
-1.974	19.309
-1.954	19.309
-1.934	19.289
-1.894	19.279
-1.864	19.259
-1.844	19.269
-1.644	19.199
-1.604	19.209
-1.544	19.179
-1.504	19.199
-1.454	19.189
-1.394	19.199
-1.354	19.189
-1.324	19.199
-1.284	19.179
-1.234	19.189
-1.194	19.189
-1.174	19.179
-1.134	19.189
-1.064	19.189
-1.024	19.179
-1.004	19.189
-0.964	19.179
-0.944	19.199
-0.854	19.209
-0.834	19.199
-0.784	19.219
-0.764	19.209
-0.684	19.249
-0.644	19.249
-0.604	19.279
-0.564	19.289
-0.514	19.309
-0.494	19.329
-0.474	19.329
POLYLINE BLACK
-0.674	16.839
-0.664	16.949
-0.594	17.129
-0.594	17.189
-0.584	17.239
-0.574	17.279
-0.534	17.359
-0.514	17.369
-0.504	17.399
-0.434	17.469
-0.374	17.549
-0.304	17.619
-0.294	17.639
-0.254	17.649
-0.234	17.669
-0.194	17.679
-0.174	17.699
-0.154	17.689
-0.134	17.699
-0.054	17.699
0.006	17.739
0.026	17.729
0.066	17.739
POLYLINE BLACK
-1.994	15.989
-1.984	16.029
-1.964	16.049
-1.954	16.089
-1.894	16.139
-1.864	16.189
-1.784	16.259
-1.784	16.289
-1.694	16.389
-1.664	16.439
-1.624	16.459
-1.574	16.539
-1.484	16.629
-1.404	16.709
-1.254	16.769
-1.214	16.769
-1.114	16.799
-1.094	16.789
-1.054	16.799
-1.014	16.799
-0.844	16.759
-0.764	16.759
-0.724	16.769
-0.724	16.789
-0.714	16.769
-0.664	16.819
POLYLINE BLACK
2.636	16.239
2.636	16.219
2.596	16.229
2.536	16.249
2.436	16.319
2.356	16.369
2.306	16.459
2.256	16.549
2.246	16.589
2.216	16.649
2.196	16.749
2.196	16.809
2.206	16.879
2.186	16.969
2.146	17.029
2.076	17.129
2.066	17.149
2.046	17.139
1.986	17.179
1.946	17.169
1.846	17.229
1.806	17.239
1.796	17.259
1.796	17.239
POLYLINE BLACK
3.506	18.089
3.486	18.089
3.446	18.119
3.406	18.109
3.386	18.109
3.366	18.089
3.326	18.079
3.286	18.049
3.246	18.039
3.186	18.019
3.166	17.999
3.126	17.989
3.026	17.929
3.006	17.909
2.966	17.899
2.906	17.849
2.886	17.859
2.826	17.819
2.786	17.819
2.726	17.789
2.686	17.779
2.606	17.759
2.566	17.769
2.476	17.759
2.316	17.689
2.236	17.669
2.196	17.659
2.176	17.639
2.116	17.629
2.076	17.599
2.056	17.609
2.016	17.599
1.996	17.599
1.976	17.579
1.946	17.579
1.826	17.539
1.786	17.529
1.706	17.509
1.666	17.509
1.646	17.499
1.626	17.519
1.586	17.489
1.546	17.499
1.546	17.479
1.516	17.439
1.506	17.369
1.516	17.329
1.576	17.299
1.596	17.299
1.616	17.279
1.656	17.279
1.716	17.249
1.756	17.239
1.786	17.199
POLYLINE BLACK
3.736	17.109
3.756	17.129
3.746	17.169
3.746	17.219
3.726	17.299
3.716	17.389
3.726	17.409
3.716	17.449
3.716	17.489
3.706	17.529
3.706	17.609
3.716	17.629
3.706	17.669
3.706	17.689
3.776	17.789
3.766	17.869
3.746	17.959
3.696	17.999
3.656	18.009
3.556	18.049
3.536	18.079
3.516	18.079
3.456	18.129
POLYLINE BLACK
3.976	15.799
3.936	15.819
3.906	15.819
3.826	15.869
3.796	15.999
3.746	16.079
3.706	16.089
3.626	16.129
3.586	16.129
3.536	16.159
3.476	16.159
3.436	16.169
3.396	16.169
POLYLINE BLACK
3.746	16.999
3.656	17.009
3.536	17.009
3.356	17.029
3.246	17.049
3.226	17.039
3.096	17.039
3.056	17.029
3.006	17.039
2.926	17.029
2.866	17.039
2.846	17.059
2.736	17.069
2.716	17.079
2.696	17.069
2.676	17.089
2.656	17.019
2.656	16.929
2.636	16.839
2.636	16.759
2.626	16.689
2.626	16.359
2.636	16.319
2.666	16.169
2.706	16.179
2.766	16.199
2.806	16.189
2.926	16.199
3.036	16.199
3.086	16.219
3.226	16.219
3.326	16.189
3.416	16.179
3.486	16.169
3.546	16.169
3.736	16.109
3.776	16.109
3.816	16.079
3.806	16.159
3.806	16.259
3.786	16.349
3.786	16.419
3.776	16.489
3.766	16.569
3.756	16.669
3.746	16.709
3.726	16.849
3.726	16.999
POLYLINE BLACK
3.946	15.799
3.986	15.789
4.046	15.789
4.116	15.799
4.136	15.789
4.156	15.799
4.176	15.789
4.216	15.799
4.236	15.789
4.286	15.859
4.286	15.939
4.276	15.979
4.276	16.109
4.266	16.149
4.266	16.189
4.166	16.399
4.156	16.449
4.096	16.549
4.056	16.609
4.016	16.679
3.936	16.749
3.876	16.809
3.786	16.959
3.786	17.029
3.796	17.069
3.796	17.159
3.786	17.199
POLYLINE CONNECT
3.711	17.254
-1.917	16.674
POLYLINE GREEN
-7.494	13.669
-7.479	13.609
-7.484	13.599
POLYLINE GREEN
-7.584	13.909
-7.564	13.859
-7.564	13.844
-7.554	13.794
-7.519	13.709
-7.524	13.684
-7.524	13.674
-7.529	13.654
-7.529	13.619
-7.524	13.609
POLYLINE GREEN
-7.524	13.924
-7.509	13.899
-7.504	13.874
-7.484	13.829
-7.484	13.819
-7.474	13.794
-7.474	13.744
-7.464	13.724
-7.459	13.679
-7.464	13.634
-7.464	13.594
POLYLINE GREEN
-7.549	14.339
-7.549	14.234
-7.539	14.174
-7.539	14.159
-7.534	14.149
-7.534	14.114
-7.529	14.084
-7.529	14.039
-7.544	14.009
-7.544	13.994
-7.549	13.984
-7.544	13.964
-7.544	13.929
-7.539	13.919
-7.539	13.839
-7.534	13.829
-7.534	13.804
-7.524	13.784
-7.524	13.729
POLYLINE GREEN
-7.584	14.019
-7.589	14.039
-7.589	14.139
-7.584	14.149
-7.584	14.174
-7.594	14.194
-7.599	14.229
-7.599	14.254
-7.594	14.274
-7.594	14.289
-7.589	14.299
POLYLINE GREEN
-7.589	13.964
-7.619	14.009
-7.629	14.054
-7.629	14.119
-7.634	14.134
-7.644	14.144
-7.644	14.164
-7.649	14.174
-7.649	14.264
POLYLINE GREEN
-7.509	13.634
-7.519	13.644
-7.519	13.699
-7.514	13.729
-7.514	13.754
-7.519	13.764
-7.519	13.779
-7.534	13.799
-7.549	13.839
-7.549	13.854
-7.584	13.904
-7.589	13.939
-7.589	13.969
POLYLINE GREEN
-7.584	13.629
-7.594	13.659
-7.599	13.699
-7.609	13.754
-7.609	13.799
-7.604	13.829
-7.604	13.839
-7.599	13.849
-7.599	13.864
-7.594	13.884
-7.594	13.894
POLYLINE GREEN
-7.679	14.264
-7.679	14.254
-7.674	14.234
-7.674	14.124
-7.669	14.114
-7.669	14.099
-7.654	14.059
-7.654	14.049
-7.639	14.029
-7.639	14.019
-7.634	13.999
-7.634	13.979
-7.629	13.969
-7.629	13.954
-7.624	13.934
-7.624	13.924
-7.619	13.904
-7.619	13.849
-7.624	13.839
-7.619	13.819
-7.624	13.799
-7.624	13.789
-7.639	13.749
-7.639	13.739
-7.644	13.729
-7.644	13.714
-7.649	13.694
-7.649	13.684
-7.629	13.614
-7.624	13.604
POLYLINE GREEN
-7.469	13.599
-7.469	13.629
-7.464	13.649
-7.464	13.664
-7.459	13.684
-7.459	13.739
-7.464	13.759
-7.464	13.779
-7.469	13.804
-7.469	13.814
-7.474	13.834
-7.474	13.854
-7.484	13.874
-7.484	13.884
-7.499	13.914
-7.529	13.954
-7.544	13.974
-7.554	13.979
-7.559	13.999
-7.559	14.029
-7.549	14.049
-7.549	14.059
-7.544	14.079
-7.544	14.089
-7.534	14.129
-7.534	14.239
-7.529	14.259
-7.529	14.294
-7.534	14.314
-7.534	14.344
POLYLINE BLACK
-7.544	13.604
-7.564	13.664
-7.544	13.594
-7.554	13.594
-7.564	13.589
-7.584	13.594
-7.594	13.589
-7.614	13.594
-7.634	13.589
-7.689	13.589
-7.709	13.594
-7.739	13.594
-7.759	13.589
-7.799	13.599
-7.809	13.609
-7.829	13.609
-7.849	13.624
-7.864	13.624
-7.884	13.619
-7.914	13.634
-7.924	13.634
-7.949	13.664
-7.994	13.724
-8.004	13.729
-8.014	13.749
-8.044	13.769
-8.064	13.769
-8.094	13.789
-8.104	13.789
-8.109	13.804
-8.159	13.829
-8.164	13.839
-8.189	13.849
-8.199	13.849
-8.219	13.864
-8.239	13.859
-8.249	13.859
-8.269	13.869
-8.279	13.864
-8.289	13.869
-8.299	13.889
-8.294	13.909
-8.294	13.919
-8.264	13.959
-8.254	13.959
-8.224	13.984
-8.214	13.984
-8.139	14.034
-8.109	14.054
POLYLINE BLACK
-7.589	13.569
-7.354	13.564
-7.334	13.559
-7.314	13.564
-7.189	13.564
-7.179	13.569
-7.169	13.564
-7.139	13.569
-7.129	13.569
-7.099	13.589
-7.079	13.619
-7.069	13.659
-7.064	13.734
-7.074	13.774
-7.079	13.824
-7.079	13.854
-7.084	13.899
-7.084	13.919
-7.094	13.959
-7.094	13.979
-7.099	13.989
-7.099	14.019
-7.104	14.029
-7.114	14.109
-7.114	14.169
-7.109	14.194
-7.109	14.229
-7.119	14.269
-7.119	14.289
-7.124	14.309
-7.124	14.329
-7.129	14.354
-7.129	14.364
-7.134	14.384
-7.134	14.394
-7.144	14.414
-7.144	14.424
-7.149	14.434
-7.159	14.429
-7.169	14.439
-7.179	14.439
-7.189	14.444
-7.204	14.444
-7.244	14.434
-7.254	14.434
-7.274	14.429
-7.294	14.429
-7.319	14.419
-7.329	14.419
-7.359	14.399
-7.369	14.399
-7.399	14.384
-7.409	14.384
-7.439	14.364
-7.459	14.359
-7.479	14.359
-7.514	14.339
-7.534	14.339
-7.554	14.324
-7.564	14.324
-7.604	14.299
-7.609	14.289
-7.639	14.274
-7.649	14.264
-7.659	14.269
-7.669	14.259
-7.704	14.249
-7.714	14.234
-7.724	14.234
-7.774	14.209
-7.804	14.189
-7.824	14.179
-7.834	14.179
-7.864	14.164
-7.884	14.164
-7.914	14.144
-7.924	14.144
-7.944	14.134
-7.954	14.134
-7.994	14.119
-8.054	14.079
-8.064	14.079
-8.094	14.059
-8.104	14.059
-8.134	14.034
-8.144	14.039
-8.149	14.029
-8.159	14.024
-8.184	13.994
POLYLINE CONNECT
-7.549	13.954
-5.292	13.675
POLYLINE BLACK
-3.439	16.884
-3.429	16.904
-3.469	16.984
-3.489	17.094
-3.489	17.154
-3.449	17.234
-3.429	17.314
-3.399	17.374
-3.339	17.414
-3.309	17.454
-3.309	17.494
-3.279	17.554
-3.279	17.604
-3.269	17.644
-3.269	17.914
-3.259	17.954
-3.259	18.004
-3.249	18.084
-3.249	18.194
-3.229	18.274
-3.229	18.424
-3.219	18.474
-3.219	18.514
-3.179	18.614
-3.099	18.684
-3.069	18.714
-3.059	18.694
POLYLINE BLACK
-1.859	16.664
-1.859	17.034
-1.849	17.074
-1.849	17.114
-1.839	17.154
-1.829	17.194
-1.849	17.274
-1.849	17.444
-1.839	17.494
-1.839	17.574
-1.829	17.614
-1.829	17.744
-1.819	17.784
-1.809	17.824
-1.769	17.904
-1.749	17.984
-1.719	18.044
-1.699	18.194
-1.689	18.254
-1.669	18.274
-1.659	18.314
POLYLINE ORANGE
0.471	14.959
0.446	14.949
0.401	14.949
0.371	14.939
0.356	14.939
0.346	14.944
0.336	14.934
POLYLINE ORANGE
0.621	15.014
0.626	15.024
0.666	15.034
0.731	15.034
0.751	15.039
0.781	15.014
0.786	15.004
0.786	14.989
0.776	14.964
0.711	14.929
0.666	14.929
0.721	14.859
0.756	14.809
0.791	14.764
POLYLINE ORANGE
0.611	15.004
0.631	14.959
0.636	14.919
0.641	14.909
0.641	14.804
0.636	14.794
0.636	14.779
POLYLINE ORANGE
0.376	14.819
0.386	14.814
0.401	14.819
0.416	14.819
0.426	14.824
0.446	14.824
0.486	14.834
0.496	14.829
0.506	14.834
0.531	14.829
POLYLINE ORANGE
0.351	15.019
0.351	15.009
0.371	15.009
0.431	15.024
0.446	15.024
0.476	15.029
0.501	15.029
POLYLINE ORANGE
0.341	15.014
0.336	14.989
0.336	14.974
0.346	14.939
0.346	14.914
0.351	14.904
0.351	14.839
0.356	14.819
0.356	14.794
POLYLINE ORANGE
0.121	15.009
0.161	14.999
0.171	14.999
0.196	14.989
0.206	14.989
0.236	14.964
0.236	14.919
0.216	14.874
0.191	14.844
0.126	14.799
POLYLINE ORANGE
0.101	14.989
0.111	14.969
0.111	14.954
0.121	14.929
0.126	14.874
0.126	14.844
0.121	14.829
0.121	14.779
POLYLINE ORANGE
-0.119	14.989
-0.119	14.964
-0.114	14.944
-0.114	14.904
-0.109	14.884
-0.109	14.829
-0.104	14.809
-0.069	14.799
-0.059	14.804
-0.044	14.799
0.021	14.799
0.031	14.794
POLYLINE ORANGE
-0.319	14.974
-0.319	14.924
-0.314	14.899
-0.314	14.884
-0.309	14.864
-0.309	14.839
-0.294	14.809
-0.269	14.819
-0.249	14.839
-0.244	14.854
-0.229	14.874
-0.219	14.899
-0.209	14.959
-0.209	14.979
-0.214	14.989
-0.214	15.014
POLYLINE ORANGE
-0.434	14.794
-0.439	14.784
-0.449	14.784
-0.459	14.789
-0.474	14.789
-0.484	14.794
-0.499	14.794
-0.524	14.804
-0.559	14.844
-0.564	14.859
-0.554	14.884
-0.504	14.919
-0.479	14.924
-0.469	14.919
-0.449	14.924
-0.434	14.919
-0.409	14.884
-0.409	14.859
-0.414	14.834
-0.439	14.799
-0.464	14.789
-0.474	14.789
POLYLINE ORANGE
-0.759	14.924
-0.724	14.944
-0.709	14.959
-0.694	14.959
-0.659	14.974
-0.629	14.974
-0.619	14.969
-0.614	14.959
-0.614	14.944
-0.639	14.899
-0.664	14.874
-0.674	14.874
-0.704	14.854
-0.654	14.854
-0.634	14.844
-0.614	14.819
-0.614	14.809
-0.644	14.779
-0.679	14.769
-0.689	14.764
-0.714	14.764
POLYLINE ORANGE
-0.754	14.944
-0.739	14.904
-0.739	14.889
-0.729	14.869
-0.729	14.839
-0.724	14.824
-0.724	14.759
-0.729	14.749
-0.729	14.734
POLYLINE ORANGE
0.096	15.309
0.126	15.334
0.156	15.349
0.191	15.349
0.231	15.314
0.231	15.294
0.226	15.279
0.206	15.249
0.181	15.229
0.161	15.229
0.151	15.224
0.161	15.224
0.196	15.179
0.211	15.169
0.241	15.134
0.256	15.114
POLYLINE ORANGE
0.091	15.329
0.091	15.319
0.101	15.299
0.106	15.274
0.116	15.239
0.116	15.184
0.111	15.164
0.111	15.139
POLYLINE ORANGE
-0.079	15.149
-0.069	15.149
-0.059	15.154
-0.044	15.154
-0.019	15.164
0.026	15.164
0.036	15.169
POLYLINE ORANGE
-0.084	15.239
-0.074	15.234
-0.064	15.239
-0.049	15.239
-0.039	15.244
-0.014	15.244
POLYLINE ORANGE
-0.099	15.334
-0.089	15.329
-0.074	15.334
-0.064	15.329
-0.039	15.334
-0.014	15.329
POLYLINE ORANGE
-0.114	15.314
-0.114	15.289
-0.109	15.264
-0.109	15.144
-0.114	15.134
POLYLINE ORANGE
-0.334	15.304
-0.324	15.304
-0.314	15.309
-0.299	15.309
-0.289	15.304
-0.264	15.304
-0.224	15.269
-0.209	15.244
-0.209	15.224
-0.224	15.189
-0.254	15.164
-0.299	15.134
POLYLINE ORANGE
-0.324	15.284
-0.324	15.264
-0.314	15.239
-0.314	15.229
-0.309	15.219
-0.309	15.184
-0.304	15.159
-0.304	15.134
POLYLINE ORANGE
-0.569	15.119
-0.574	15.144
-0.574	15.189
-0.569	15.214
-0.569	15.224
-0.564	15.234
-0.564	15.264
-0.559	15.284
-0.504	15.209
-0.474	15.139
-0.474	15.129
-0.469	15.119
-0.459	15.139
-0.449	15.204
-0.444	15.219
-0.444	15.234
-0.429	15.284
POLYLINE ORANGE
-0.749	15.284
-0.749	15.259
-0.744	15.239
-0.739	15.194
-0.739	15.174
-0.734	15.154
-0.734	15.144
-0.724	15.124
-0.714	15.119
-0.699	15.119
-0.669	15.134
-0.644	15.164
-0.644	15.179
-0.634	15.214
-0.634	15.244
-0.644	15.289
-0.644	15.299
POLYLINE ORANGE
0.846	15.554
0.851	15.564
0.851	15.579
0.856	15.589
0.856	15.629
0.861	15.644
0.861	15.659
0.876	15.699
0.876	15.709
0.886	15.704
0.926	15.609
0.926	15.599
0.931	15.589
0.931	15.574
0.941	15.554
0.941	15.554
0.946	15.564
0.946	15.579
0.951	15.589
0.951	15.644
0.956	15.654
0.956	15.674
0.966	15.699
0.966	15.729
POLYLINE ORANGE
0.626	15.699
0.651	15.639
0.651	15.624
0.671	15.559
0.676	15.549
0.701	15.599
0.711	15.629
0.721	15.639
0.721	15.649
0.731	15.649
0.741	15.624
0.741	15.614
0.746	15.604
0.746	15.589
0.756	15.569
0.766	15.574
0.791	15.644
0.791	15.654
0.801	15.679
0.801	15.694
0.811	15.714
POLYLINE ORANGE
0.531	15.534
0.491	15.569
0.481	15.579
0.471	15.604
0.471	15.639
0.491	15.669
0.536	15.699
0.556	15.689
0.571	15.659
0.571	15.604
0.561	15.579
0.561	15.569
0.531	15.549
0.516	15.544
POLYLINE ORANGE
0.251	15.704
0.261	15.704
0.271	15.714
0.286	15.714
0.306	15.719
0.331	15.719
0.351	15.724
0.371	15.724
0.381	15.714
0.396	15.709
0.416	15.694
0.421	15.684
0.421	15.639
0.411	15.614
0.401	15.604
0.396	15.589
0.356	15.559
0.346	15.559
0.311	15.544
0.301	15.549
POLYLINE ORANGE
0.241	15.714
0.276	15.639
0.301	15.539
0.296	15.519
POLYLINE ORANGE
-0.214	15.569
-0.204	15.569
-0.184	15.574
-0.164	15.574
-0.119	15.579
-0.104	15.579
-0.079	15.589
-0.069	15.589
POLYLINE ORANGE
-0.219	15.639
-0.174	15.654
-0.154	15.649
-0.144	15.649
POLYLINE ORANGE
-0.259	15.709
-0.234	15.714
-0.209	15.719
-0.149	15.719
POLYLINE ORANGE
-0.254	15.709
-0.254	15.699
-0.249	15.689
-0.249	15.674
-0.234	15.614
-0.234	15.604
-0.229	15.594
-0.229	15.529
POLYLINE ORANGE
-0.464	15.694
-0.464	15.684
-0.459	15.664
-0.459	15.639
-0.454	15.614
-0.454	15.554
-0.449	15.534
-0.409	15.524
-0.394	15.524
-0.364	15.534
-0.349	15.534
-0.334	15.544
-0.289	15.549
POLYLINE ORANGE
-0.584	15.529
-0.604	15.529
-0.634	15.549
-0.649	15.574
-0.654	15.619
-0.644	15.644
-0.614	15.664
-0.594	15.669
-0.584	15.669
-0.544	15.639
-0.529	15.619
-0.524	15.594
-0.524	15.584
-0.529	15.574
-0.529	15.559
-0.534	15.549
-0.544	15.544
-0.549	15.534
-0.569	15.529
POLYLINE ORANGE
-0.704	15.689
-0.704	15.669
-0.699	15.644
-0.699	15.554
-0.694	15.534
-0.694	15.524
POLYLINE ORANGE
-0.819	15.594
-0.794	15.594
-0.774	15.604
-0.749	15.599
-0.729	15.609
-0.719	15.609
POLYLINE ORANGE
-0.829	15.664
-0.814	15.624
-0.814	15.614
-0.799	15.559
-0.799	15.514
-0.804	15.494
POLYLINE ORANGE
-3.094	16.069
-2.959	16.024
-2.659	15.904
-2.359	15.829
-1.744	15.649
-1.504	15.589
-1.459	15.559
-1.369	15.544
-1.204	15.484
-1.159	15.454
-1.129	15.454
-0.994	15.394
-0.964	15.394
-0.934	15.379
POLYLINE BLACK
-2.971	15.838
-2.985	15.845
-3.006	15.887
-3.020	15.901
POLYLINE BLACK
-2.796	15.985
-2.810	15.985
-2.838	15.992
-2.866	15.992
-2.901	15.999
POLYLINE BLACK
-2.754	16.083
-2.726	16.125
-2.712	16.139
-2.712	16.153
-2.698	16.167
POLYLINE BLACK
-2.796	16.118
POLYLINE BLACK
-2.894	16.153
-2.894	16.216
-2.873	16.244
POLYLINE BLACK
-3.055	16.153
-3.055	16.167
-3.048	16.195
-3.048	16.209
POLYLINE BLACK
-3.132	16.048
-3.153	16.076
-3.174	16.125
-3.174	16.139
-3.181	16.167
POLYLINE BLACK
-3.174	15.964
-3.188	15.957
-3.202	15.978
-3.244	15.999
POLYLINE BLACK
-3.174	15.859
-3.216	15.824
-3.251	15.824
POLYLINE BLACK
-3.069	15.859
-3.069	15.803
-3.076	15.789
POLYLINE BLACK
-3.111	15.796
-3.097	15.747
-3.125	15.747
-3.139	15.754
-3.153	15.747
-3.202	15.747
-3.230	15.754
-3.258	15.775
-3.279	15.810
-3.279	15.936
-3.258	15.992
-3.258	16.006
-3.237	16.055
-3.195	16.111
-3.174	16.139
-3.160	16.174
-3.139	16.202
-3.083	16.237
-3.069	16.237
-3.055	16.244
-2.957	16.244
-2.943	16.237
-2.915	16.244
-2.880	16.244
-2.824	16.230
-2.810	16.230
-2.782	16.223
-2.768	16.223
-2.726	16.188
-2.670	16.111
-2.663	16.083
-2.663	16.069
POLYLINE BLACK
-2.516	16.237
-2.558	16.202
-2.579	16.188
-2.621	16.139
-2.740	16.041
-2.859	15.929
-2.922	15.859
-2.957	15.831
-2.964	15.817
-3.132	15.663
-3.188	15.614
-3.195	15.600
-3.181	15.579
-3.125	15.439
-3.104	15.369
-3.083	15.341
-3.055	15.250
-3.027	15.187
-2.936	15.299
-2.761	15.432
-2.747	15.453
-2.593	15.565
-2.488	15.621
-2.474	15.621
-2.432	15.656
-2.355	15.684
-2.341	15.698
-2.355	15.726
-2.362	15.768
-2.376	15.803
-2.383	15.838
-2.397	15.852
-2.404	15.880
-2.418	15.894
-2.439	15.964
-2.481	16.055
-2.488	16.090
-2.502	16.118
-2.509	16.167
-2.523	16.195
-2.523	16.209
POLYLINE BLACK
-2.250	16.153
-2.222	16.195
-2.180	16.286
-2.166	16.300
-2.138	16.384
-2.061	16.566
-2.061	16.587
-2.026	16.650
-2.026	16.664
-2.005	16.706
-1.991	16.720
-1.977	16.769
-1.963	16.797
-1.949	16.804
-1.928	16.846
-1.928	16.867
-1.886	16.923
-1.872	16.951
-1.949	16.979
-1.963	16.979
-1.998	16.993
-2.012	16.993
-2.040	17.007
-2.068	17.007
-2.110	17.028
-2.159	17.028
-2.229	17.056
-2.243	17.070
-2.257	17.070
-2.278	17.084
-2.292	17.084
-2.334	17.112
-2.390	17.133
-2.439	17.161
-2.474	17.168
-2.502	17.182
-2.530	17.182
-2.572	17.203
-2.607	17.203
-2.635	17.217
-2.649	17.217
-2.698	17.238
-2.712	17.238
-2.740	17.245
-2.740	17.217
-2.803	17.119
-2.957	16.986
-2.999	16.937
-3.125	16.839
-3.132	16.825
-3.188	16.776
-3.237	16.706
-3.244	16.685
-3.272	16.643
-3.265	16.629
-3.237	16.629
-3.209	16.608
-3.188	16.608
-3.146	16.587
-3.132	16.587
-3.020	16.538
-2.978	16.510
-2.908	16.475
-2.880	16.468
-2.866	16.454
-2.831	16.440
-2.705	16.356
-2.677	16.335
-2.628	16.321
-2.579	16.300
-2.565	16.286
-2.516	16.265
-2.495	16.265
-2.467	16.258
-2.453	16.244
-2.418	16.237
-2.369	16.216
-2.355	16.202
-2.341	16.202
-2.313	16.188
-2.299	16.188
-2.292	16.174
-2.278	16.174
-2.236	16.146
POLYLINE BLACK
-4.378	15.096
-4.371	15.082
-4.371	15.075
-4.357	15.110
-4.308	15.166
-4.217	15.306
-4.189	15.348
-4.133	15.425
-4.063	15.495
-4.035	15.509
-4.014	15.537
-3.986	15.551
-3.965	15.586
-3.951	15.586
-3.888	15.635
-3.853	15.677
-3.769	15.747
-3.685	15.810
-3.664	15.817
-3.636	15.845
-3.587	15.866
-3.566	15.894
-3.538	15.915
-3.447	16.020
-3.391	16.083
-3.384	16.104
-3.349	16.146
-3.335	16.153
-3.286	16.209
-3.272	16.216
-3.265	16.237
-3.251	16.237
-3.216	16.279
-3.202	16.279
-3.132	16.328
-3.132	16.342
-3.118	16.370
-3.118	16.384
-3.125	16.412
-3.167	16.468
-3.174	16.482
-3.188	16.489
-3.202	16.524
-3.237	16.566
-3.258	16.594
-3.258	16.608
-3.321	16.692
-3.419	16.818
-3.461	16.874
-3.475	16.874
POLYLINE BLACK
-4.371	15.075
POLYLINE BLACK
-3.944	14.648
-3.944	14.578
-3.832	14.634
-3.804	14.634
-3.776	14.641
-3.762	14.641
-3.748	14.648
-3.699	14.648
-3.664	14.655
-3.636	14.655
-3.622	14.648
-3.608	14.662
-3.587	14.662
-3.559	14.648
-3.517	14.648
-3.475	14.634
-3.461	14.641
-3.433	14.634
-3.419	14.634
-3.391	14.627
-3.377	14.627
-3.349	14.620
-3.328	14.620
-3.300	14.606
-3.258	14.606
-3.216	14.578
-3.202	14.578
-3.146	14.550
-3.104	14.550
-3.076	14.543
-3.048	14.543
-3.034	14.550
-3.006	14.536
-2.992	14.543
-2.964	14.536
-2.936	14.536
-2.908	14.550
-2.894	14.550
-2.866	14.564
-2.852	14.564
-2.782	14.620
-2.775	14.634
-2.761	14.634
-2.719	14.662
-2.719	14.676
-2.677	14.704
-2.663	14.704
-2.656	14.718
-2.628	14.739
-2.614	14.739
-2.586	14.795
-2.572	14.802
-2.551	14.844
-2.467	14.956
-2.446	15.005
-2.362	15.131
-2.334	15.187
-2.264	15.292
-2.229	15.348
-2.166	15.432
-2.152	15.474
-2.138	15.488
-2.110	15.558
-2.096	15.572
-2.096	15.586
-2.033	15.712
-2.033	15.726
-2.019	15.754
-2.019	15.775
-1.970	15.880
-1.970	15.894
-1.963	15.908
-1.963	15.929
-1.949	15.985
-1.949	15.999
-1.942	16.027
-1.942	16.055
-1.935	16.090
-1.935	16.118
-1.921	16.188
-1.921	16.202
-1.914	16.230
-1.914	16.258
-1.900	16.314
-1.900	16.328
-1.893	16.356
-1.893	16.433
-1.886	16.461
-1.893	16.489
-1.893	16.594
-1.907	16.636
-1.907	16.657
-1.914	16.671
-1.914	16.706
-1.921	16.734
-1.914	16.720
POLYLINE BLACK
-4.784	13.801
-4.791	13.815
-4.707	13.955
-4.679	13.976
-4.630	14.032
-4.553	14.095
-4.539	14.116
-4.525	14.123
-4.511	14.144
-4.406	14.207
-4.392	14.207
-4.343	14.249
-4.259	14.312
-4.196	14.361
-4.175	14.368
-4.049	14.473
-3.979	14.529
-3.972	14.543
-3.958	14.543
-3.888	14.599
-3.874	14.599
-3.860	14.606
POLYLINE BLACK
-5.085	14.186
-5.085	14.172
-5.071	14.172
-5.036	14.214
-5.022	14.221
-4.924	14.347
-4.917	14.361
-4.875	14.396
-4.847	14.438
-4.777	14.522
-4.721	14.557
-4.707	14.557
-4.679	14.585
-4.665	14.620
-4.616	14.676
-4.588	14.697
-4.581	14.718
-4.504	14.816
-4.483	14.844
-4.434	14.949
-4.434	14.963
-4.413	14.991
-4.413	15.005
-4.406	15.033
-4.406	15.047
-4.392	15.075
POLYLINE GREEN
-5.400	14.242
-5.428	14.228
-5.421	14.200
-5.421	14.186
-5.400	14.158
-5.372	14.158
-5.358	14.172
-5.344	14.165
-5.309	14.207
-5.288	14.263
POLYLINE GREEN
-5.554	14.725
-5.575	14.683
-5.568	14.669
-5.568	14.648
-5.540	14.606
-5.512	14.585
-5.484	14.592
-5.428	14.648
-5.414	14.697
-5.407	14.711
POLYLINE GREEN
-5.708	14.347
-5.715	14.333
-5.715	14.312
-5.680	14.242
-5.666	14.228
-5.638	14.228
-5.603	14.256
-5.561	14.326
POLYLINE GREEN
-5.778	13.857
-5.778	13.843
-5.771	13.829
-5.771	13.808
-5.764	13.794
-5.736	13.787
-5.666	13.815
-5.638	13.836
-5.617	13.885
POLYLINE GREEN
-5.806	13.192
-5.806	13.178
-5.799	13.164
-5.743	13.136
-5.715	13.136
-5.624	13.192
-5.617	13.206
-5.617	13.227
-5.610	13.241
-5.610	13.262
POLYLINE GREEN
-5.281	13.878
-5.281	13.906
-5.246	13.976
-5.211	14.018
POLYLINE GREEN
-5.274	13.892
-5.288	13.892
-5.295	13.906
-5.323	13.920
-5.337	13.920
-5.386	13.955
POLYLINE GREEN
-5.253	13.563
-5.253	13.549
-5.211	13.486
-5.183	13.444
POLYLINE GREEN
-5.281	13.892
-5.288	13.878
-5.281	13.850
-5.281	13.815
-5.274	13.787
-5.274	13.731
-5.267	13.703
-5.267	13.612
-5.260	13.584
-5.274	13.528
-5.274	13.514
-5.330	13.472
-5.351	13.444
POLYLINE BLACK
-4.763	13.703
-4.756	13.689
-4.798	13.717
-4.812	13.745
-4.812	13.787
-4.805	13.808
-4.749	13.850
-4.742	13.864
-4.728	13.864
-4.714	13.871
POLYLINE BLACK
-5.295	14.543
POLYLINE BLACK
-4.791	13.738
-4.784	13.724
POLYLINE BLACK
-6.037	13.143
-6.051	13.157
-6.044	13.185
-6.044	13.213
-6.037	13.241
-6.023	13.262
-6.023	13.276
-5.995	13.346
-5.960	13.402
-5.939	13.430
-5.939	13.451
-5.960	13.507
-5.960	13.521
-5.974	13.549
-5.974	13.563
-6.037	13.647
-6.037	13.661
-6.044	13.689
-6.044	13.752
-6.037	13.780
-6.037	13.808
-6.023	13.871
-6.023	13.885
-6.030	13.913
-6.030	13.927
-6.009	13.983
-6.009	13.997
-6.002	14.025
-6.002	14.116
-5.995	14.130
-5.995	14.151
-5.981	14.193
-5.967	14.214
-5.967	14.228
-5.911	14.305
-5.897	14.333
-5.897	14.347
-5.869	14.410
-5.869	14.424
-5.855	14.452
-5.855	14.466
-5.841	14.480
-5.813	14.543
-5.813	14.557
-5.785	14.627
-5.764	14.655
-5.764	14.676
-5.694	14.739
-5.687	14.760
-5.673	14.753
-5.617	14.788
-5.603	14.788
-5.547	14.816
-5.519	14.809
-5.491	14.809
-5.463	14.802
-5.407	14.802
-5.351	14.781
-5.302	14.718
-5.302	14.704
-5.295	14.676
-5.302	14.648
-5.302	14.515
-5.295	14.501
-5.302	14.473
-5.302	14.438
-5.295	14.410
-5.295	14.396
-5.281	14.368
-5.281	14.354
-5.253	14.298
-5.253	14.284
-5.225	14.228
-5.211	14.214
-5.204	14.193
-5.162	14.165
-5.106	14.137
-5.092	14.123
-5.078	14.123
-5.064	14.116
-5.050	14.123
POLYLINE BLACK
-6.121	13.647
POLYLINE BLACK
-6.023	13.150
POLYLINE GREEN
-5.026	13.113
-5.026	13.073
-4.966	12.973
-4.946	12.953
-4.926	12.973
-4.906	12.963
-4.856	13.023
-4.816	13.083
-4.816	13.133
-4.806	13.153
POLYLINE GREEN
-5.456	12.693
-5.456	12.633
-5.406	12.553
-5.346	12.553
-5.286	12.573
-5.196	12.663
-5.176	12.693
-5.166	12.733
POLYLINE GREEN
-5.206	12.163
-5.146	12.063
-5.106	12.033
-5.036	12.103
-4.996	12.193
POLYLINE GREEN
-5.506	11.633
-5.506	11.563
-5.476	11.463
-5.426	11.433
-5.386	11.433
-5.306	11.473
-5.286	11.523
-5.256	11.563
POLYLINE GREEN
-5.216	11.023
-5.186	10.933
-5.136	10.883
-5.116	10.883
-5.056	10.933
-5.026	11.023
-5.016	11.043
POLYLINE GREEN
-5.476	10.573
-5.456	10.513
-5.396	10.473
-5.376	10.483
-5.356	10.473
-5.286	10.513
-5.246	10.583
POLYLINE BLACK
-6.957	10.487
-6.950	10.459
-6.922	10.452
-6.908	10.452
-6.880	10.445
-6.852	10.445
-6.796	10.424
-6.782	10.389
-6.768	10.382
-6.754	10.354
-6.754	10.340
-6.733	10.256
-6.726	10.221
-6.705	10.165
-6.705	10.151
-6.684	10.123
-6.684	10.109
-6.656	10.067
-6.614	10.011
-6.586	9.990
-6.572	9.990
-6.565	9.969
-6.551	9.983
-6.537	9.983
-6.530	9.969
-6.523	9.983
-6.509	9.969
-6.502	9.983
-6.488	9.983
-6.474	9.990
-6.460	9.983
-6.404	9.997
-6.348	9.997
-6.341	9.983
-6.341	9.997
-6.327	9.997
-6.299	10.004
-6.271	10.004
-6.201	10.032
-6.194	10.095
-6.180	10.123
-6.180	10.137
-6.173	10.165
-6.173	10.263
-6.166	10.291
-6.166	10.312
-6.152	10.368
-6.152	10.396
-6.110	10.543
-6.103	10.557
-6.103	10.578
-6.089	10.606
-6.082	10.641
-6.068	10.669
-6.068	10.697
-6.054	10.725
-6.054	10.753
-6.047	10.781
-6.047	10.816
-6.040	10.844
-6.040	10.879
-6.033	10.893
-6.040	10.921
-6.040	10.977
-6.047	11.005
-6.047	11.033
-6.061	11.075
-6.089	11.096
-6.103	11.096
-6.117	11.103
-6.124	11.117
-6.194	11.180
-6.243	11.236
-6.264	11.285
-6.341	11.390
-6.355	11.425
-6.383	11.467
-6.397	11.467
-6.439	11.495
-6.495	11.516
-6.509	11.516
-6.579	11.537
-6.649	11.565
-6.663	11.565
-6.677	11.572
-6.691	11.565
-6.747	11.579
-6.831	11.558
-6.859	11.544
-6.873	11.544
-6.950	11.481
-6.985	11.439
-6.985	11.404
-7.013	11.334
-6.957	11.145
-6.957	11.103
-6.943	11.019
-6.950	11.005
-6.929	10.928
-6.957	10.725
-6.936	10.522
-6.901	10.417
POLYLINE CONNECT
-6.926	11.046
-5.742	11.083
POLYLINE BLACK
-5.526	10.046
-5.556	10.076
-5.596	10.136
-5.596	10.156
-5.626	10.206
-5.636	10.246
-5.676	10.336
-5.686	10.426
-5.716	10.556
-5.726	10.626
-5.726	10.656
-5.736	10.696
-5.756	10.806
-5.776	10.916
-5.776	11.086
-5.766	11.126
-5.766	11.476
-5.776	11.526
-5.776	11.706
-5.796	11.766
-5.806	11.806
-5.816	11.846
-5.816	11.886
-5.806	11.916
-5.816	11.956
-5.816	12.016
-5.756	12.146
-5.746	12.186
-5.706	12.306
-5.706	12.426
-5.716	12.466
-5.726	12.546
-5.726	12.576
-5.766	12.696
-5.786	12.686
-5.816	12.716
-5.856	12.726
-5.966	12.846
-6.046	13.016
-6.056	13.056
-6.086	13.146
POLYLINE BLACK
-4.886	10.936
-4.886	11.076
-4.896	11.116
-4.896	11.326
-4.876	11.406
-4.866	11.496
-4.846	11.586
-4.826	11.716
-4.816	11.756
-4.766	11.946
-4.766	11.996
-4.756	12.036
-4.746	12.156
-4.736	12.236
-4.736	12.266
-4.706	12.376
-4.706	12.406
-4.696	12.446
-4.686	12.536
-4.676	12.626
-4.666	12.676
-4.656	12.716
-4.656	12.746
-4.636	12.806
-4.626	12.896
-4.626	12.936
-4.616	12.976
-4.616	13.066
-4.636	13.106
-4.626	13.146
-4.626	13.226
-4.666	13.376
-4.726	13.546
-4.776	13.666
-4.846	13.766
POLYLINE GREEN
-2.726	5.566
-2.716	5.526
-2.676	5.496
-2.656	5.496
-2.626	5.516
-2.596	5.566
-2.576	5.586
POLYLINE GREEN
-2.666	5.086
-2.646	5.066
-2.646	5.046
-2.586	4.986
-2.546	4.966
-2.496	5.016
-2.466	5.056
-2.446	5.156
-2.426	5.196
POLYLINE GREEN
-3.346	4.916
-3.196	4.866
-2.986	4.706
-2.896	4.686
-2.806	4.646
-2.746	4.646
-2.726	4.636
-2.686	4.636
-2.546	4.676
-2.356	4.826
-2.296	4.906
-2.236	4.946
-2.216	5.006
-2.216	5.046
-2.206	5.066
-2.216	5.106
-2.216	5.156
-2.246	5.236
-2.246	5.266
-2.256	5.286
POLYLINE GREEN
-2.926	5.276
-2.896	5.366
-2.896	5.406
-2.916	5.456
POLYLINE GREEN
-3.186	5.386
-3.166	5.356
-3.166	5.336
-3.096	5.246
-3.046	5.236
-3.006	5.236
-2.936	5.266
-2.916	5.286
-2.886	5.286
POLYLINE GREEN
-3.026	5.746
-2.946	5.676
-2.906	5.706
-2.886	5.696
-2.876	5.736
-2.836	5.766
-2.836	5.786
-2.816	5.806
POLYLINE GREEN
-3.546	5.916
-3.526	5.876
-3.436	5.846
-3.396	5.956
-3.396	5.976
POLYLINE GREEN
-3.266	6.246
-3.206	6.196
-3.096	6.146
-3.076	6.146
-3.016	6.266
POLYLINE GREEN
-3.886	6.496
-3.826	6.436
-3.746	6.396
-3.666	6.456
-3.636	6.496
-3.626	6.556
POLYLINE GREEN
-3.996	7.046
-3.886	6.936
-3.846	6.916
-3.786	6.976
-3.746	7.086
POLYLINE GREEN
-4.246	7.386
-4.236	7.326
-4.176	7.276
-4.106	7.366
-4.086	7.446
POLYLINE GREEN
-4.366	7.906
-4.386	7.906
-4.376	7.866
-4.326	7.806
-4.276	7.816
-4.216	7.906
POLYLINE GREEN
-4.566	8.336
-4.416	8.236
-4.376	8.246
-4.346	8.276
-4.326	8.326
-4.306	8.346
POLYLINE GREEN
-4.576	8.796
-4.516	8.746
-4.476	8.736
-4.456	8.726
-4.416	8.756
-4.396	8.826
-4.396	8.866
POLYLINE GREEN
-4.756	9.016
-4.656	8.956
-4.636	8.956
-4.596	9.016
-4.566	9.086
POLYLINE GREEN
-4.656	9.326
-4.556	9.246
-4.476	9.266
-4.456	9.336
-4.446	9.376
POLYLINE GREEN
-4.886	9.506
-4.866	9.446
-4.826	9.416
-4.786	9.406
-4.766	9.426
-4.766	9.446
-4.716	9.536
POLYLINE GREEN
-4.856	9.786
-4.776	9.726
-4.736	9.726
-4.696	9.816
POLYLINE GREEN
-4.966	10.056
-4.966	9.986
-4.906	9.946
-4.876	9.946
-4.836	9.956
-4.796	10.026
POLYLINE BLACK
-4.211	6.616
-4.256	6.766
-4.256	6.826
-4.271	6.856
-4.271	6.931
-4.316	7.081
-4.346	7.141
-4.346	7.171
-4.406	7.261
-4.406	7.291
-4.421	7.321
-4.421	7.366
-4.466	7.456
-4.466	7.486
-4.526	7.681
-4.526	7.756
-4.541	7.816
-4.556	7.951
-4.586	8.011
-4.586	8.041
-4.631	8.221
-4.646	8.386
-4.691	8.536
-4.751	8.761
-4.751	8.806
-4.766	8.866
-4.766	8.896
-4.811	9.046
-4.826	9.106
-4.826	9.136
-4.856	9.196
-4.856	9.226
-4.901	9.331
-4.901	9.361
-4.961	9.511
-4.961	9.571
-4.976	9.631
-4.976	9.661
POLYLINE BLACK
-4.226	6.691
POLYLINE BLACK
-4.226	6.691
POLYLINE BLACK
-4.316	6.676
POLYLINE BLACK
-4.742	10.285
-4.756	10.285
-4.777	10.257
-4.826	10.152
POLYLINE BLACK
-4.889	10.362
-4.882	10.313
-4.875	10.285
-4.875	10.257
-4.882	10.236
POLYLINE BLACK
-5.099	10.320
-5.029	10.264
-4.980	10.194
POLYLINE BLACK
-5.134	10.159
-5.057	10.117
-5.043	10.117
POLYLINE BLACK
-5.169	10.019
-5.155	10.019
-5.127	10.005
-5.092	10.012
-5.064	10.005
-5.057	9.991
POLYLINE BLACK
-4.749	10.285
-4.763	10.299
-4.763	10.313
-4.833	10.369
-4.861	10.369
-4.889	10.376
-4.903	10.376
-4.931	10.362
-4.945	10.362
-5.008	10.341
-5.092	10.271
-5.127	10.229
-5.134	10.208
-5.162	10.166
-5.162	10.152
-5.169	10.138
-5.169	10.089
-5.162	10.075
-5.162	10.040
-5.155	10.012
-5.155	9.998
-5.127	9.935
-5.127	9.921
-5.099	9.879
-5.092	9.865
-5.078	9.858
POLYLINE BLACK
-4.626	10.106
-4.606	10.066
-4.696	10.156
-4.706	10.196
-4.726	10.216
-4.756	10.366
-4.766	10.406
-4.776	10.446
-4.776	10.476
-4.796	10.536
-4.796	10.566
-4.806	10.606
-4.836	10.766
-4.856	10.876
-4.856	10.916
-4.866	10.956
POLYLINE BLACK
-4.946	9.596
-4.976	9.656
-4.996	9.736
-5.046	9.856
-5.146	9.916
-5.186	9.906
-5.206	9.896
-5.226	9.906
-5.266	9.886
-5.306	9.896
-5.346	9.886
-5.386	9.886
-5.426	9.916
-5.446	9.916
-5.496	9.996
-5.506	10.066
POLYLINE BLACK
-2.856	10.646
-2.851	10.671
-2.841	10.691
-2.841	10.701
-2.826	10.731
-2.826	10.741
-2.821	10.761
-2.821	10.856
-2.836	10.896
-2.851	10.936
-2.851	10.946
-2.876	10.991
-2.876	11.001
-2.896	11.016
-2.906	11.031
-2.936	11.051
-2.966	11.081
-2.966	11.091
-3.036	11.156
-3.066	11.201
-3.091	11.216
-3.116	11.251
-3.126	11.256
-3.131	11.271
-3.156	11.301
-3.196	11.331
-3.201	11.346
-3.241	11.396
-3.261	11.426
-3.271	11.451
-3.291	11.481
-3.316	11.521
POLYLINE BLACK
-2.856	10.666
-2.851	10.641
-2.871	10.636
-2.876	10.626
-2.906	10.616
-2.926	10.621
-2.946	10.616
-2.966	10.616
-2.986	10.621
-2.996	10.621
-3.016	10.626
-3.046	10.626
-3.066	10.631
-3.076	10.626
-3.086	10.631
-3.096	10.621
-3.106	10.626
-3.146	10.611
-3.156	10.606
-3.166	10.611
-3.186	10.606
-3.196	10.606
-3.216	10.611
-3.256	10.611
-3.286	10.626
-3.291	10.636
-3.311	10.641
-3.341	10.641
-3.351	10.646
-3.361	10.641
-3.391	10.656
-3.401	10.656
-3.426	10.686
-3.466	10.696
-3.476	10.696
-3.486	10.701
-3.496	10.696
-3.506	10.701
-3.526	10.696
-3.556	10.706
-3.576	10.721
-3.601	10.766
-3.601	10.786
-3.616	10.816
-3.616	10.841
-3.611	10.861
-3.601	10.871
-3.601	10.881
-3.581	10.911
-3.571	10.931
-3.571	10.941
-3.566	10.961
-3.566	10.971
-3.556	11.001
-3.556	11.076
-3.561	11.096
-3.561	11.171
-3.551	11.211
-3.541	11.221
-3.536	11.256
-3.526	11.296
-3.526	11.306
-3.511	11.356
-3.491	11.401
-3.451	11.441
-3.446	11.451
-3.436	11.456
-3.431	11.471
-3.391	11.506
-3.371	11.506
-3.331	11.516
-3.311	11.506
POLYLINE CONNECT
-2.846	10.641
-4.616	10.052
POLYLINE BLACK
-3.761	7.356
-3.641	7.071
-3.701	7.116
-3.761	7.236
-3.881	7.416
-3.896	7.461
-3.971	7.581
-3.971	7.611
-4.106	7.881
-4.106	7.911
-4.136	7.971
-4.136	8.001
-4.196	8.226
-4.196	8.286
-4.211	8.346
-4.211	8.376
-4.241	8.481
-4.256	8.556
-4.271	8.616
-4.271	8.646
-4.286	8.706
-4.286	8.781
-4.316	8.901
-4.316	8.931
-4.331	8.991
-4.331	9.036
-4.346	9.066
-4.346	9.141
-4.376	9.261
-4.391	9.336
-4.466	9.576
-4.616	9.936
-4.661	10.011
-4.661	10.041
-4.706	10.131
POLYLINE BLACK
-3.071	7.731
POLYLINE BLACK
-2.275	9.509
-2.275	9.523
-2.289	9.523
-2.303	9.530
-2.317	9.523
-2.331	9.530
-2.359	9.523
-2.387	9.523
-2.415	9.509
-2.471	9.509
-2.485	9.516
-2.534	9.516
-2.562	9.495
-2.576	9.495
-2.604	9.474
-2.625	9.432
-2.632	9.369
-2.632	9.355
-2.618	9.327
-2.618	9.292
-2.625	9.278
-2.618	9.250
-2.618	9.236
-2.639	9.180
-2.639	9.159
-2.660	9.103
-2.660	9.089
-2.688	9.012
-2.688	8.998
-2.695	8.970
-2.695	8.907
-2.681	8.851
-2.681	8.830
-2.660	8.760
-2.646	8.732
-2.639	8.697
-2.625	8.655
-2.597	8.613
-2.583	8.564
-2.513	8.410
-2.485	8.368
-2.429	8.291
-2.394	8.249
-2.359	8.186
-2.317	8.130
-2.282	8.088
-2.212	8.025
-2.205	7.997
-2.170	7.934
-2.170	7.920
-2.156	7.864
-2.156	7.787
-2.163	7.773
-2.163	7.710
-2.156	7.682
-2.156	7.668
-2.149	7.640
POLYLINE BLACK
-1.687	6.940
-1.701	6.926
-1.729	6.926
-1.757	6.940
-1.771	6.933
-1.799	6.947
-1.855	6.947
-1.883	6.954
-1.897	6.954
-1.953	6.989
-1.960	7.017
-1.953	7.045
-1.953	7.059
-1.932	7.143
-1.932	7.157
-1.960	7.213
-1.981	7.241
-2.023	7.269
-2.058	7.332
-2.086	7.353
-2.114	7.402
-2.114	7.416
-2.128	7.444
-2.128	7.458
-2.142	7.486
-2.142	7.500
-2.156	7.528
-2.163	7.577
-2.177	7.633
-2.177	7.647
-2.184	7.661
POLYLINE BLACK
-1.652	6.863
POLYLINE BLACK
-1.442	7.381
-1.456	7.395
-1.491	7.472
-1.512	7.500
-1.519	7.535
-1.533	7.563
-1.533	7.577
-1.547	7.591
-1.547	7.605
-1.582	7.717
-1.624	7.822
-1.645	7.864
-1.666	7.892
-1.666	7.913
-1.722	8.032
-1.750	8.074
-1.813	8.221
-1.813	8.235
-1.855	8.375
-1.876	8.424
-1.883	8.459
-1.932	8.557
-1.967	8.648
-1.967	8.662
-1.988	8.746
-1.995	8.795
-1.995	8.830
-2.002	8.858
-2.002	8.872
-2.009	8.886
-2.009	8.921
-2.023	8.977
-2.023	8.991
-2.037	9.019
-2.037	9.040
-2.058	9.096
-2.058	9.110
-2.086	9.201
-2.135	9.306
-2.135	9.320
-2.149	9.334
-2.149	9.348
-2.177	9.390
-2.177	9.404
-2.205	9.425
-2.219	9.460
-2.247	9.481
-2.275	9.523
POLYLINE BLACK
-1.729	6.912
-1.715	6.912
-1.659	6.926
-1.645	6.926
-1.631	6.933
-1.617	6.926
-1.603	6.933
-1.575	6.926
-1.561	6.926
-1.519	6.940
-1.484	6.996
-1.463	7.045
-1.463	7.059
-1.442	7.101
-1.442	7.136
-1.435	7.164
-1.435	7.248
-1.442	7.283
-1.442	7.311
-1.456	7.353
POLYLINE CONNECT
-1.686	7.313
-3.353	6.650
POLYLINE BLACK
-3.202	6.860
-3.181	6.825
-3.195	6.839
-3.251	6.839
-3.265	6.832
-3.286	6.832
-3.314	6.825
-3.328	6.825
-3.370	6.797
-3.384	6.797
-3.398	6.804
-3.412	6.790
-3.440	6.797
-3.475	6.797
-3.503	6.818
-3.517	6.818
-3.559	6.874
-3.608	6.958
-3.643	7.014
POLYLINE BLACK
-1.879	4.851
-1.949	4.956
-2.033	5.082
-2.040	5.103
-2.124	5.222
-2.208	5.341
-2.222	5.355
-2.229	5.376
-2.299	5.481
-2.362	5.586
-2.376	5.621
-2.397	5.649
-2.446	5.740
-2.656	6.006
-2.740	6.118
-2.747	6.139
-2.775	6.181
-2.817	6.279
-2.831	6.293
-2.831	6.307
-2.845	6.321
-2.859	6.356
-2.901	6.419
-2.929	6.447
-2.950	6.489
-3.006	6.559
-3.090	6.685
-3.097	6.706
-3.118	6.734
-3.118	6.748
-3.139	6.776
-3.139	6.790
-3.153	6.811
-3.153	6.825
-3.167	6.839
-3.160	6.818
POLYLINE BLACK
-3.174	4.319
-3.174	4.291
-3.174	4.291
-3.188	4.319
-3.188	4.333
-3.202	4.361
-3.202	4.375
-3.216	4.403
-3.216	4.417
-3.237	4.466
-3.237	4.480
-3.258	4.536
-3.258	4.557
-3.272	4.599
-3.272	4.620
-3.293	4.669
-3.293	4.683
-3.321	4.774
-3.321	4.788
-3.335	4.816
-3.335	4.830
-3.356	4.886
-3.356	4.907
-3.398	4.998
-3.398	5.012
-3.419	5.061
-3.419	5.075
-3.440	5.103
-3.440	5.117
-3.461	5.145
-3.461	5.159
-3.475	5.173
-3.475	5.187
-3.503	5.229
-3.510	5.264
-3.531	5.306
-3.531	5.320
-3.545	5.334
-3.545	5.348
-3.566	5.404
-3.566	5.418
-3.580	5.446
-3.580	5.460
-3.594	5.495
-3.594	5.509
-3.608	5.537
-3.608	5.558
-3.664	5.670
-3.664	5.684
-3.685	5.733
-3.685	5.747
-3.699	5.761
-3.699	5.775
-3.706	5.803
-3.727	5.831
-3.741	5.831
-3.748	5.852
-3.776	5.894
-3.797	5.943
-3.811	5.957
-3.860	6.062
-3.909	6.118
-3.916	6.139
-3.951	6.181
-3.979	6.202
-4.007	6.244
-4.077	6.300
-4.091	6.300
-4.133	6.328
-4.147	6.363
-4.175	6.405
-4.189	6.433
-4.189	6.447
-4.203	6.503
-4.210	6.566
-4.210	6.594
-4.217	6.622
POLYLINE BLACK
-3.174	4.298
POLYLINE GREEN
-0.287	5.199
-0.287	5.227
-0.294	5.269
-0.294	5.290
-0.301	5.318
-0.301	5.332
-0.308	5.346
-0.308	5.381
POLYLINE GREEN
-0.315	5.262
-0.329	5.262
-0.350	5.290
-0.350	5.416
-0.357	5.444
-0.357	5.458
-0.364	5.472
-0.364	5.507
-0.371	5.535
-0.371	5.563
POLYLINE GREEN
-0.378	5.276
-0.392	5.276
-0.406	5.283
-0.420	5.311
-0.420	5.332
-0.434	5.360
-0.434	5.444
-0.406	5.521
-0.406	5.619
-0.413	5.647
POLYLINE GREEN
-0.168	5.073
-0.168	5.059
-0.196	5.101
-0.252	5.185
-0.280	5.206
-0.308	5.206
-0.336	5.192
-0.364	5.199
-0.378	5.199
-0.406	5.220
-0.420	5.213
-0.434	5.220
-0.434	5.248
-0.448	5.262
-0.448	5.276
-0.462	5.332
-0.462	5.465
-0.469	5.493
-0.469	5.535
-0.441	5.612
-0.441	5.626
-0.434	5.654
-0.434	5.696
-0.441	5.724
-0.441	5.738
-0.448	5.752
POLYLINE BLACK
0.112	4.646
0.126	4.660
0.126	4.744
0.112	4.765
0.112	4.779
0.084	4.849
0.042	4.905
-0.028	4.940
-0.042	4.940
-0.126	5.017
-0.147	5.045
-0.161	5.052
-0.203	5.150
-0.203	5.164
-0.231	5.206
-0.252	5.276
-0.287	5.395
-0.287	5.409
-0.315	5.472
-0.315	5.486
-0.350	5.542
-0.350	5.556
-0.371	5.584
-0.371	5.598
-0.420	5.703
-0.434	5.717
-0.441	5.752
-0.483	5.836
-0.511	5.878
-0.532	5.920
-0.532	5.934
-0.560	5.976
-0.602	6.032
POLYLINE BLACK
0.126	4.625
0.112	4.632
0.084	4.618
0.070	4.618
0.056	4.625
0.042	4.618
0.028	4.625
0.000	4.618
-0.105	4.618
-0.147	4.604
-0.161	4.611
-0.224	4.604
-0.280	4.604
-0.294	4.618
-0.322	4.618
-0.336	4.611
-0.364	4.618
-0.406	4.618
-0.420	4.611
-0.434	4.618
-0.448	4.611
-0.476	4.618
-0.504	4.618
-0.532	4.625
-0.560	4.611
-0.588	4.625
-0.602	4.618
-0.658	4.639
-0.672	4.639
-0.700	4.646
-0.728	4.646
-0.742	4.653
-0.763	4.653
-0.777	4.646
-0.791	4.667
-0.833	4.667
-0.861	4.674
-0.889	4.660
-0.917	4.660
-0.931	4.667
-0.945	4.653
-0.959	4.660
-0.966	4.674
-1.036	4.730
-1.050	4.772
-1.050	4.863
-1.078	4.905
-1.085	4.926
-1.113	4.968
-1.141	5.031
-1.141	5.045
-1.155	5.101
-1.155	5.150
-1.162	5.178
-1.162	5.192
-1.155	5.220
-1.155	5.248
-1.120	5.325
-1.078	5.381
-1.071	5.409
-1.071	5.395
-1.071	5.395
-1.071	5.395
-1.071	5.395
-1.071	5.416
-1.036	5.472
-1.036	5.486
-0.973	5.584
-0.910	5.668
-0.861	5.780
-0.861	5.780
-0.847	5.808
-0.840	5.843
-0.826	5.871
-0.826	5.885
-0.819	5.913
-0.812	5.976
-0.812	6.109
-0.819	6.137
-0.819	6.235
-0.812	6.263
-0.798	6.270
-0.728	6.214
-0.700	6.172
-0.658	6.109
-0.630	6.067
-0.588	6.011
-0.581	5.997
POLYLINE CONNECT
-0.364	5.177
-2.338	4.514
POLYLINE BLACK
-1.464	3.907
-1.534	4.007
-1.554	4.057
-1.614	4.157
-1.664	4.347
-1.664	4.377
-1.734	4.547
-1.744	4.587
-1.844	4.797
POLYLINE BLACK
-3.194	3.637
-3.184	3.597
-3.024	3.717
-2.984	3.777
-2.964	3.887
-2.964	3.947
-2.974	3.987
-2.994	4.067
-3.064	4.197
-3.094	4.227
-3.114	4.227
-3.154	4.267
POLYLINE BLACK
-0.544	1.757
-0.619	1.997
-0.694	2.177
-0.994	2.777
-0.994	2.807
-1.234	3.302
-1.339	3.482
-1.459	3.782
-1.519	3.917
POLYLINE BLACK
-1.672	1.328
-1.686	1.356
-1.686	1.377
-1.693	1.405
-1.728	1.524
-1.756	1.629
-1.770	1.657
-1.770	1.678
-1.784	1.706
-1.812	1.804
-1.840	1.895
-1.917	2.119
-1.938	2.161
-1.952	2.210
-1.987	2.308
-2.022	2.385
-2.022	2.399
-2.043	2.441
-2.043	2.462
-2.141	2.686
-2.155	2.700
-2.197	2.791
-2.211	2.805
-2.211	2.819
-2.260	2.896
-2.302	2.987
-2.323	3.015
-2.337	3.015
-2.379	3.050
-2.393	3.050
-2.407	3.057
-2.491	3.057
-2.519	3.050
-2.533	3.022
POLYLINE GREEN
-3.184	3.498
-3.170	3.491
-3.170	3.512
-3.163	3.540
-3.163	3.596
-3.170	3.624
-3.170	3.638
-3.163	3.666
-3.163	3.680
-3.170	3.694
-3.170	3.743
-3.177	3.757
POLYLINE GREEN
-3.219	3.414
-3.170	3.470
-3.156	3.477
-3.149	3.463
-3.107	3.428
POLYLINE GREEN
-3.030	3.463
-3.072	3.407
-3.163	3.365
-3.177	3.365
-3.219	3.386
-3.261	3.421
-3.275	3.456
-3.275	3.484
-3.219	3.561
-3.205	3.561
-3.184	3.589
-3.156	3.582
-3.142	3.589
-3.058	3.540
-3.044	3.526
-3.037	3.505
-3.016	3.477
-3.016	3.449
-3.030	3.421
-3.058	3.400
-3.072	3.400
-3.079	3.386
-3.107	3.372
-3.135	3.386
-3.170	3.365
POLYLINE BLACK
-3.408	3.337
-3.373	3.379
-3.331	3.407
-3.296	3.449
-3.275	3.491
-3.261	3.505
-3.261	3.519
-3.247	3.526
-3.240	3.547
-3.226	3.547
-3.184	3.582
-3.170	3.575
POLYLINE BLACK
-2.477	3.043
-2.519	3.043
-2.589	3.015
-2.603	3.015
-2.659	2.973
-2.687	2.959
-2.708	2.931
-2.722	2.931
-2.764	2.896
-2.778	2.896
POLYLINE BLACK
-3.770	1.053
-3.770	1.081
-3.784	1.095
-3.784	1.130
-3.791	1.144
-3.791	1.165
-3.805	1.207
POLYLINE GREEN
-4.134	1.130
-4.162	1.144
-4.204	1.144
-4.218	1.137
-4.232	1.144
-4.288	1.116
-4.316	1.123
-4.330	1.123
-4.344	1.144
-4.358	1.151
-4.365	1.165
-4.358	1.193
-4.358	1.249
-4.344	1.312
-4.337	1.382
-4.337	1.438
-4.323	1.452
POLYLINE GREEN
-4.302	0.920
-4.309	0.906
-4.302	0.815
POLYLINE GREEN
-4.295	0.962
-4.302	0.913
-4.302	0.864
-4.295	0.850
POLYLINE GREEN
-4.316	0.927
-4.316	0.822
POLYLINE GREEN
-4.316	1.053
-4.316	0.878
POLYLINE GREEN
-4.337	1.039
-4.351	1.011
-4.365	0.920
-4.365	0.857
POLYLINE GREEN
-4.295	1.011
-4.295	0.976
-4.281	0.850
-4.281	0.822
POLYLINE GREEN
-4.302	0.997
-4.302	0.948
-4.309	0.885
-4.309	0.794
-4.302	0.766
POLYLINE GREEN
-4.281	1.004
-4.281	0.969
-4.288	0.941
-4.288	0.822
-4.302	0.710
POLYLINE GREEN
-4.288	1.046
-4.288	0.962
-4.281	0.934
-4.281	0.773
POLYLINE GREEN
-4.323	1.011
-4.323	0.983
-4.351	0.878
-4.358	0.815
POLYLINE GREEN
-4.365	0.941
-4.365	1.004
-4.351	1.032
-4.351	1.046
-4.323	1.067
-4.281	1.032
-4.260	0.990
-4.260	0.962
-4.267	0.934
-4.267	0.864
-4.260	0.836
-4.260	0.780
-4.253	0.752
-4.253	0.717
-4.246	0.703
POLYLINE GREEN
-4.146	1.125
-4.146	1.105
-4.206	1.065
-4.226	1.065
-4.246	1.045
-4.286	1.045
-4.306	1.065
-4.316	1.145
-4.316	1.255
-4.296	1.315
POLYLINE GREEN
-3.826	1.245
-3.836	1.315
POLYLINE GREEN
-3.966	1.225
-3.996	1.335
-3.996	1.395
POLYLINE GREEN
-4.036	1.205
-4.056	1.285
-4.056	1.335
-4.046	1.355
POLYLINE GREEN
-4.156	1.115
-4.156	1.145
-4.186	1.205
-4.186	1.255
-4.196	1.275
-4.186	1.295
POLYLINE GREEN
-3.876	1.285
-3.896	1.355
-3.906	1.425
-3.906	1.535
-3.916	1.575
-3.916	1.615
-3.906	1.655
-3.906	1.685
POLYLINE GREEN
-3.996	1.295
-4.016	1.375
-4.016	1.445
-3.996	1.555
-3.996	1.605
-3.986	1.655
-3.996	1.695
-3.986	1.955
POLYLINE GREEN
-4.056	1.245
-4.126	1.335
-4.126	1.445
-4.116	1.515
-4.126	1.605
-4.126	1.675
-4.106	1.755
-4.106	1.795
-4.086	1.865
-4.086	1.895
-4.096	1.935
-4.106	2.045
POLYLINE GREEN
-4.186	1.225
-4.206	1.215
-4.236	1.255
-4.226	1.355
-4.216	1.445
-4.206	1.495
-4.206	1.555
-4.216	1.605
-4.216	1.675
-4.196	1.745
-4.206	1.785
-4.206	1.895
-4.176	1.945
-4.176	1.965
-4.146	2.055
-4.146	2.185
-4.226	2.375
-4.236	2.445
POLYLINE GREEN
-3.746	1.195
-3.826	1.215
-3.846	1.235
-3.866	1.215
-3.886	1.225
-3.926	1.215
-3.946	1.215
-3.956	1.195
-3.996	1.195
-4.076	1.125
-4.176	1.085
-4.186	1.105
-4.246	1.105
-4.306	1.145
-4.316	1.195
-4.366	1.335
-4.366	1.485
-4.356	1.525
-4.356	1.555
-4.336	1.635
-4.306	1.775
-4.286	1.915
-4.286	2.075
-4.306	2.165
-4.306	2.205
-4.316	2.255
-4.316	2.485
-4.326	2.525
-4.316	2.565
-4.316	2.925
-4.306	2.945
POLYLINE BLACK
-4.086	0.675
-4.126	0.675
-4.146	0.685
-4.166	0.665
-4.226	0.665
-4.286	0.695
-4.366	0.835
-4.376	0.875
-4.396	0.935
-4.496	0.995
-4.536	1.025
-4.596	1.025
-4.636	1.035
-4.676	1.035
-4.736	1.015
-4.756	1.015
-4.776	1.065
-4.816	1.105
-4.826	1.145
-4.846	1.165
-4.846	1.185
POLYLINE BLACK
-4.266	2.665
-4.226	2.625
-4.266	2.635
-4.296	2.695
-4.296	2.735
-4.306	2.775
-4.306	2.805
-4.316	2.845
-4.346	2.975
-4.446	3.065
-4.466	3.165
-4.466	3.205
-4.526	3.405
-4.546	3.465
-4.546	3.495
-4.556	3.535
-4.556	3.585
-4.566	3.625
-4.566	3.645
-4.636	3.715
-4.726	3.735
-4.776	3.745
-4.836	3.745
-4.916	3.715
-4.996	3.655
-4.996	3.595
-4.976	3.555
-4.976	3.525
-4.946	3.445
-4.946	3.405
-4.936	3.365
-4.916	3.345
-4.896	3.265
-4.926	3.175
-4.936	3.135
-4.966	3.095
-5.036	3.065
-5.106	2.965
-5.196	2.785
-5.196	2.755
-5.216	2.695
-5.236	2.585
-5.256	2.385
-5.276	2.295
-5.286	2.205
-5.296	2.125
-5.296	1.965
-5.276	1.875
-5.276	1.785
-5.256	1.705
-5.246	1.665
-5.186	1.475
-5.166	1.455
-5.156	1.415
-5.116	1.325
-5.016	1.205
-4.996	1.205
-4.956	1.175
-4.936	1.185
-4.876	1.165
-4.836	1.095
-4.826	1.055
POLYLINE BLACK
-3.786	1.155
-3.776	1.135
-3.766	1.155
-3.776	1.195
-3.786	1.235
-3.836	1.395
-3.836	1.445
-3.846	1.485
-3.866	1.505
-3.886	1.645
-3.906	1.735
-3.936	1.875
-3.986	2.015
-4.076	2.205
-4.076	2.235
-4.116	2.295
-4.136	2.355
-4.136	2.385
-4.196	2.485
-4.206	2.505
-4.206	2.505
-4.216	2.525
-4.256	2.535
-4.316	2.575
POLYLINE BLACK
-4.146	0.615
-4.106	0.645
-4.006	0.665
-3.986	0.675
-3.946	0.655
-3.926	0.665
-3.886	0.655
-3.846	0.655
-3.776	0.725
-3.766	0.765
-3.746	0.825
-3.746	0.895
-3.756	0.935
-3.756	0.995
-3.786	1.095
POLYLINE CONNECT
-4.116	1.050
-0.861	1.649
POLYLINE BLACK
0.249	0.225
0.219	0.255
0.219	0.285
0.174	0.345
0.174	0.375
0.054	0.525
0.054	0.555
0.024	0.585
0.024	0.615
-0.006	0.645
-0.201	1.080
-0.216	1.140
-0.276	1.230
-0.276	1.260
-0.366	1.410
-0.366	1.440
-0.396	1.485
-0.396	1.515
-0.456	1.620
-0.456	1.650
-0.471	1.710
-0.501	1.740
-0.501	1.770
POLYLINE BLACK
-1.731	-0.570
-1.761	-0.555
-1.806	-0.450
-1.806	-0.420
-1.836	-0.300
-1.836	-0.270
-1.851	-0.210
-1.851	-0.150
-1.866	-0.090
-1.866	0.255
-1.851	0.315
-1.851	0.450
-1.821	0.510
-1.821	0.540
-1.761	0.660
-1.761	0.690
-1.731	0.750
-1.731	0.780
-1.701	0.840
-1.701	0.870
-1.686	0.930
-1.686	0.960
-1.671	1.020
-1.671	1.185
-1.656	1.215
-1.671	1.275
-1.671	1.305
-1.656	1.365
POLYLINE BLACK
-1.476	-0.015
POLYLINE BLACK
-1.371	0.525
-1.386	0.555
POLYLINE BLACK
-1.776	-0.600
-1.776	-0.570
-1.761	-0.510
-1.611	-0.390
-1.566	-0.330
-1.476	-0.270
-1.236	-0.105
-1.221	-0.075
-1.191	-0.075
-1.131	-0.045
-1.131	-0.015
-1.101	0.045
-1.101	0.135
-1.161	0.300
-1.221	0.390
-1.251	0.390
-1.311	0.420
-1.341	0.480
-1.371	0.495
-1.401	0.480
-1.461	0.495
-1.521	0.480
-1.671	0.480
-1.701	0.450
-1.731	0.465
-1.761	0.435
-1.821	0.435
-1.836	0.390
-1.866	0.405
-1.896	0.390
-1.926	0.405
-1.941	0.360
POLYLINE BLACK
-6.691	-0.610
-6.711	-0.620
-6.731	-0.600
-6.771	-0.610
-6.831	-0.610
-6.871	-0.600
-6.911	-0.610
-6.951	-0.610
-6.991	-0.600
-7.051	-0.610
-7.151	-0.580
POLYLINE BLACK
-6.251	-0.360
-6.351	-0.260
-6.391	-0.250
-6.521	-0.120
-6.531	-0.080
-6.551	-0.060
-6.561	-0.020
-6.591	0.040
-6.591	0.090
-6.601	0.140
-6.621	0.240
-6.621	0.370
-6.631	0.410
-6.651	0.430
-6.651	0.430
-6.781	0.570
-6.821	0.630
-6.831	0.670
-6.841	0.720
-6.861	0.740
-6.871	0.780
-6.891	0.840
-6.911	0.920
-6.961	1.110
-6.981	1.190
-7.151	1.510
-7.211	1.660
-7.301	1.810
-7.391	2.010
-7.391	2.050
-7.421	2.110
-7.421	2.140
-7.461	2.220
-7.461	2.250
-7.491	2.330
-7.491	2.350
POLYLINE BLACK
-8.321	-0.350
-8.321	-0.320
-8.331	-0.300
-8.241	-0.100
-8.211	-0.050
-8.141	0.050
-8.101	0.060
-8.001	0.160
-7.981	0.160
-7.951	0.200
-7.921	0.210
-7.921	0.230
-7.871	0.290
-7.821	0.390
-7.811	0.430
-7.791	0.510
-7.791	0.640
-7.881	0.780
-7.941	0.800
-8.041	0.880
-8.081	0.920
-8.131	1.010
-8.141	1.050
-8.151	1.100
-8.181	1.140
-8.201	1.220
-8.211	1.260
-8.231	1.280
-8.231	1.320
-8.251	1.380
-8.251	1.410
-8.261	1.430
-8.251	1.470
-8.231	1.550
-8.161	1.640
-8.161	1.670
-8.141	1.710
-8.141	1.740
-8.071	1.930
-8.061	1.970
-8.051	2.010
-8.041	2.060
-8.021	2.080
-8.021	2.060
-7.981	2.090
-7.931	2.090
-7.811	2.140
-7.761	2.190
-7.731	2.220
-7.611	2.430
-7.591	2.430
-7.541	2.370
-7.471	2.190
POLYLINE BLACK
-6.971	-0.600
-7.061	-0.590
-7.101	-0.590
-7.141	-0.600
-7.221	-0.600
-7.291	-0.610
-7.331	-0.600
-7.381	-0.610
-7.471	-0.610
-7.511	-0.600
-7.571	-0.610
-7.611	-0.600
-7.631	-0.610
-7.651	-0.590
-7.941	-0.590
-7.981	-0.580
-8.021	-0.590
-8.111	-0.590
-8.211	-0.560
-8.231	-0.540
-8.251	-0.540
-8.271	-0.520
-8.271	-0.500
-8.311	-0.460
-8.321	-0.420
-8.331	-0.340
POLYLINE BLACK
-6.581	-0.650
-6.641	-0.630
-6.691	-0.640
-6.731	-0.630
-6.771	-0.650
-6.811	-0.640
-6.891	-0.640
-6.911	-0.650
-6.931	-0.640
-6.971	-0.650
-7.011	-0.650
-7.051	-0.640
POLYLINE BLACK
-6.521	-0.630
-6.551	-0.570
-6.551	-0.550
-6.611	-0.470
-6.651	-0.460
-6.691	-0.480
-6.711	-0.540
-6.711	-0.580
-6.721	-0.630
-6.721	-0.670
POLYLINE BLACK
-6.391	-0.870
-6.481	-0.770
-6.491	-0.730
-6.631	-0.620
-6.651	-0.620
-6.661	-0.640
-6.641	-0.630
-6.621	-0.640
POLYLINE BLACK
-5.401	-1.500
-5.441	-1.470
-5.491	-1.440
-5.561	-1.360
-5.581	-1.310
-5.661	-1.220
-5.751	-1.070
-5.891	-0.880
-5.951	-0.790
-6.011	-0.740
-6.011	-0.720
-6.091	-0.600
-6.111	-0.580
-6.111	-0.560
-6.131	-0.540
-6.131	-0.510
-6.201	-0.440
-6.241	-0.430
-6.301	-0.410
-6.311	-0.390
POLYLINE BLACK
-6.431	-0.880
-6.301	-1.080
-6.291	-1.120
-6.231	-1.290
-6.221	-1.330
-6.181	-1.460
-6.171	-1.500
-6.061	-1.660
-6.011	-1.740
-5.951	-1.780
POLYLINE CONNECT
-6.686	-0.480
0.000	0.000
POLYLINE BROWN
0.814	-0.420
0.709	-0.300
0.679	-0.285
0.649	-0.240
0.559	-0.165
0.544	-0.135
0.514	-0.120
0.394	0.030
0.334	0.075
0.169	0.285
POLYLINE BROWN
0.982	-1.754
1.003	-1.768
POLYLINE BROWN
0.975	-1.593
1.003	-1.586
1.052	-1.600
1.101	-1.600
POLYLINE BROWN
0.982	-1.411
0.975	-1.425
1.066	-1.425
1.094	-1.418
1.108	-1.425
POLYLINE BROWN
0.961	-1.278
0.989	-1.292
1.052	-1.299
1.094	-1.299
POLYLINE BROWN
0.947	-1.054
1.038	-1.019
1.052	-1.019
POLYLINE BROWN
0.919	-0.893
0.933	-0.893
1.024	-0.858
1.045	-0.858
POLYLINE BROWN
0.863	-0.802
0.877	-0.809
0.940	-0.781
POLYLINE BROWN
0.828	-0.627
0.779	-0.571
POLYLINE BROWN
0.828	-0.816
0.821	-0.802
0.695	-0.718
0.667	-0.690
POLYLINE BROWN
0.786	-1.019
0.758	-1.012
0.723	-0.984
0.688	-0.970
0.674	-0.956
0.660	-0.956
0.646	-0.942
0.632	-0.942
POLYLINE BROWN
0.835	-1.320
0.800	-1.299
0.758	-1.306
0.695	-1.292
0.667	-1.278
POLYLINE BROWN
0.814	-1.383
0.856	-1.481
0.828	-1.481
0.779	-1.488
0.737	-1.488
0.709	-1.481
0.695	-1.488
POLYLINE BROWN
0.905	-1.670
0.891	-1.670
0.863	-1.691
0.849	-1.691
0.772	-1.726
0.758	-1.726
POLYLINE BROWN
0.982	-1.747
0.961	-1.761
0.947	-1.796
0.884	-1.845
0.863	-1.873
POLYLINE BROWN
0.877	-0.494
0.891	-0.501
0.877	-0.487
0.863	-0.487
0.835	-0.494
0.821	-0.508
0.807	-0.508
0.779	-0.550
0.765	-0.599
0.751	-0.613
0.751	-0.627
0.723	-0.683
0.723	-0.704
0.695	-0.795
0.688	-0.844
0.681	-0.872
0.681	-0.900
0.674	-0.914
0.674	-0.935
0.667	-0.963
0.667	-0.977
0.660	-1.005
0.646	-1.103
0.639	-1.166
0.639	-1.222
0.660	-1.306
0.660	-1.327
0.716	-1.544
0.716	-1.558
0.730	-1.600
0.730	-1.621
0.800	-1.754
0.870	-1.838
0.940	-1.894
1.010	-1.936
1.038	-1.929
POLYLINE BROWN
1.066	-1.908
1.073	-1.880
1.073	-1.866
1.080	-1.838
1.080	-1.824
1.087	-1.796
1.087	-1.754
1.101	-1.698
1.108	-1.635
1.115	-1.607
1.115	-1.516
1.122	-1.502
1.115	-1.474
1.122	-1.425
1.122	-1.369
1.115	-1.355
1.115	-1.278
1.108	-1.229
1.108	-1.215
1.094	-1.159
1.087	-1.096
1.087	-1.082
1.080	-1.054
1.080	-1.012
1.073	-0.984
1.073	-0.970
1.045	-0.879
0.982	-0.753
0.982	-0.739
0.954	-0.697
0.940	-0.662
0.926	-0.648
0.926	-0.634
0.898	-0.578
0.884	-0.564
0.884	-0.550
0.870	-0.536
0.870	-0.522
0.856	-0.508
POLYLINE BROWN
1.094	-2.349
1.101	-2.321
1.101	-2.307
1.094	-2.279
1.087	-2.216
1.087	-2.181
1.080	-2.153
1.080	-2.041
1.087	-2.027
1.080	-2.013
1.087	-1.985
1.080	-1.957
1.080	-1.922
1.073	-1.894
1.073	-1.880
POLYLINE BLACK
0.289	-2.902
0.296	-2.916
0.240	-2.881
0.226	-2.867
0.212	-2.867
0.170	-2.832
0.156	-2.832
0.142	-2.818
0.114	-2.818
0.086	-2.797
0.058	-2.797
0.030	-2.783
0.016	-2.783
-0.012	-2.776
-0.026	-2.776
-0.040	-2.769
-0.061	-2.769
-0.089	-2.755
-0.103	-2.755
-0.131	-2.741
-0.145	-2.741
-0.173	-2.734
-0.208	-2.734
-0.250	-2.713
-0.264	-2.713
-0.278	-2.720
-0.306	-2.692
-0.348	-2.692
-0.404	-2.664
-0.418	-2.664
-0.446	-2.636
-0.460	-2.636
-0.446	-2.643
POLYLINE BLACK
1.549	-5.450
1.507	-5.429
1.500	-5.415
1.486	-5.408
1.451	-5.345
1.437	-5.331
1.430	-5.296
1.402	-5.240
1.402	-5.226
1.381	-5.191
1.381	-5.177
1.353	-5.121
1.353	-5.100
1.339	-5.086
1.332	-5.051
1.290	-4.967
1.290	-4.953
1.276	-4.939
1.276	-4.925
1.255	-4.883
1.248	-4.848
1.234	-4.820
1.234	-4.792
1.171	-4.645
1.171	-4.631
1.150	-4.603
1.150	-4.589
1.108	-4.498
1.080	-4.456
1.031	-4.351
1.003	-4.309
0.989	-4.274
0.933	-4.197
0.905	-4.155
0.870	-4.113
0.856	-4.078
0.828	-4.036
0.772	-3.931
0.751	-3.903
0.744	-3.882
0.709	-3.840
0.681	-3.798
0.674	-3.763
0.660	-3.735
0.653	-3.700
0.625	-3.609
0.583	-3.504
0.555	-3.420
0.555	-3.406
0.492	-3.266
0.478	-3.259
0.443	-3.182
0.422	-3.154
0.422	-3.140
0.401	-3.091
0.380	-3.063
0.373	-3.042
0.317	-2.958
0.310	-2.944
0.296	-2.937
0.275	-2.902
0.261	-2.895
0.254	-2.881
0.240	-2.888
0.212	-2.874
0.184	-2.874
0.156	-2.867
0.142	-2.867
0.128	-2.860
0.128	-2.874
POLYLINE BLACK
0.352	-2.741
0.338	-2.748
0.317	-2.790
0.275	-2.853
POLYLINE BLACK
0.492	-2.741
0.492	-2.783
0.499	-2.797
0.499	-2.846
0.506	-2.860
POLYLINE BLACK
0.688	-2.734
0.681	-2.748
0.681	-2.769
0.646	-2.839
POLYLINE BLACK
0.842	-2.727
0.856	-2.720
0.863	-2.755
0.863	-2.769
0.835	-2.811
POLYLINE BLACK
1.255	-3.266
1.227	-3.252
1.213	-3.252
1.143	-3.224
1.115	-3.203
1.101	-3.203
1.052	-3.147
1.024	-3.091
1.024	-3.077
0.968	-2.965
0.968	-2.951
0.954	-2.937
0.940	-2.902
0.891	-2.846
0.849	-2.818
0.835	-2.804
POLYLINE BLACK
2.193	-4.932
2.144	-4.876
2.130	-4.841
2.088	-4.785
2.088	-4.771
2.074	-4.750
2.074	-4.736
2.025	-4.624
2.011	-4.610
1.990	-4.561
1.976	-4.547
1.934	-4.463
1.920	-4.449
1.808	-4.225
1.738	-4.099
1.724	-4.085
1.724	-4.071
1.689	-4.029
1.682	-4.008
1.661	-3.980
1.626	-3.896
1.598	-3.854
1.584	-3.826
POLYLINE BLACK
1.346	-3.133
1.353	-3.161
1.353	-3.217
1.367	-3.245
1.367	-3.266
1.374	-3.294
1.374	-3.308
1.381	-3.336
1.381	-3.350
1.395	-3.385
1.395	-3.399
1.402	-3.413
1.402	-3.434
1.444	-3.539
1.479	-3.588
1.479	-3.602
1.507	-3.644
1.507	-3.658
1.556	-3.756
1.563	-3.791
1.577	-3.819
1.577	-3.833
1.591	-3.861
1.591	-3.875
1.598	-3.903
POLYLINE BLACK
1.241	-3.147
1.241	-3.175
1.227	-3.224
1.227	-3.238
1.213	-3.273
POLYLINE BLACK
1.192	-3.077
1.157	-3.133
1.101	-3.189
POLYLINE BLACK
1.122	-2.979
1.094	-3.000
1.024	-3.084
POLYLINE BLACK
1.052	-2.895
0.982	-2.951
0.961	-2.993
POLYLINE BLACK
0.940	-2.811
0.940	-2.839
0.919	-2.881
0.919	-2.895
POLYLINE BLACK
0.666	-2.853
0.626	-2.853
0.566	-2.873
0.526	-2.873
0.506	-2.883
0.456	-2.873
0.416	-2.883
0.376	-2.873
0.336	-2.883
0.296	-2.873
0.246	-2.883
0.226	-2.873
0.196	-2.893
POLYLINE BLACK
0.996	-2.923
0.976	-2.923
0.876	-2.843
0.756	-2.813
0.716	-2.823
0.676	-2.833
0.636	-2.843
0.616	-2.863
0.576	-2.873
0.526	-2.903
0.486	-2.913
0.446	-2.933
0.446	-2.953
POLYLINE BLACK
0.946	-2.753
0.956	-2.793
0.936	-2.833
POLYLINE BLACK
1.206	-3.283
1.226	-3.273
1.266	-3.283
1.306	-3.293
1.336	-3.213
1.336	-3.173
1.346	-3.133
1.346	-3.093
1.316	-2.983
1.276	-2.863
1.236	-2.743
1.236	-2.703
1.176	-2.513
1.156	-2.433
1.096	-2.303
POLYLINE BLACK
-2.634	-2.993
-2.704	-2.923
-2.824	-2.733
-2.854	-2.693
-2.894	-2.583
-2.894	-2.553
-2.954	-2.343
-3.054	-2.123
-3.064	-2.083
-3.084	-2.063
-3.094	-2.013
-3.134	-1.933
-3.144	-1.893
-3.164	-1.843
-3.194	-1.803
-3.314	-1.543
-3.344	-1.503
-3.384	-1.413
-3.424	-1.373
-3.454	-1.323
-3.554	-1.203
-3.614	-1.153
POLYLINE BLACK
-2.994	-3.203
-3.034	-3.223
-3.094	-3.193
-3.134	-3.183
-3.204	-3.113
-3.244	-3.023
-3.264	-3.003
-3.274	-2.963
-3.344	-2.783
-3.364	-2.673
-3.374	-2.633
-3.414	-2.493
-3.474	-2.323
-3.474	-2.283
-3.484	-2.213
-3.504	-2.123
-3.534	-2.033
-3.534	-2.003
-3.554	-1.943
-3.554	-1.913
-3.604	-1.803
-3.614	-1.763
-3.684	-1.523
-3.714	-1.403
-3.754	-1.273
-3.754	-1.193
-3.724	-1.163
-3.664	-1.183
-3.644	-1.203
-3.624	-1.193
-3.554	-1.223
POLYLINE BLACK
-2.994	-3.223
POLYLINE BLACK
-2.204	-4.423
-2.224	-4.433
-2.244	-4.413
-2.284	-4.403
-2.394	-4.313
-2.484	-4.223
-2.504	-4.173
-2.564	-4.073
-2.594	-3.993
-2.604	-3.953
-2.664	-3.743
-2.664	-3.703
-2.694	-3.623
-2.694	-3.583
-2.744	-3.473
-2.754	-3.433
-2.804	-3.353
-2.884	-3.293
-2.904	-3.293
-2.924	-3.273
-2.984	-3.263
-3.084	-3.183
-3.104	-3.183
-3.114	-3.163
POLYLINE BLACK
-2.244	-4.463
-2.224	-4.463
-2.174	-4.403
-2.174	-4.363
-2.254	-4.103
-2.304	-3.913
-2.304	-3.883
-2.354	-3.743
-2.354	-3.693
-2.364	-3.653
-2.374	-3.613
-2.444	-3.403
-2.464	-3.323
-2.484	-3.273
-2.564	-3.173
-2.584	-3.163
-2.584	-3.143
-2.604	-3.123
-2.604	-3.103
-2.624	-3.083
-2.634	-3.043
-2.644	-3.023
-2.644	-3.023
POLYLINE CONNECT
-2.674	-3.163
0.794	-2.718
POLYLINE BLACK
2.741	-8.843
2.741	-8.933
2.771	-8.993
2.771	-9.023
2.831	-9.188
2.831	-9.218
2.846	-9.248
2.876	-9.263
POLYLINE BLACK
2.186	-4.958
2.216	-5.063
2.276	-5.183
2.306	-5.213
2.306	-5.243
2.366	-5.363
2.381	-5.438
2.486	-5.663
2.636	-5.873
2.741	-6.038
2.831	-6.218
2.906	-6.338
3.041	-6.563
3.086	-6.668
3.161	-6.758
3.161	-6.788
3.191	-6.818
3.221	-6.923
3.311	-7.103
3.326	-7.178
3.371	-7.268
3.371	-7.313
3.401	-7.373
3.401	-7.403
3.431	-7.433
3.431	-7.463
3.446	-7.523
3.476	-7.568
3.476	-7.598
3.536	-7.793
3.581	-7.883
3.581	-7.913
3.611	-7.943
3.641	-8.048
3.776	-8.348
3.836	-8.438
3.881	-8.543
3.941	-8.633
POLYLINE BLACK
3.941	-8.483
POLYLINE BLACK
2.816	-9.053
2.786	-9.038
2.636	-8.783
2.606	-8.678
2.561	-8.513
2.561	-8.453
2.531	-8.348
2.531	-8.318
2.516	-8.258
2.516	-8.198
2.501	-8.123
2.501	-8.063
2.456	-7.913
2.396	-7.748
2.381	-7.673
2.246	-7.283
2.171	-7.073
2.171	-7.043
2.126	-6.953
2.126	-6.908
2.096	-6.848
2.081	-6.773
1.961	-6.503
1.961	-6.473
1.901	-6.338
1.901	-6.308
1.871	-6.248
1.856	-6.173
1.781	-5.993
1.781	-5.963
1.631	-5.633
1.631	-5.603
1.586	-5.528
1.586	-5.498
1.526	-5.408
POLYLINE BLACK
-0.484	-6.718
-0.484	-6.738
-0.404	-6.748
-0.364	-6.758
-0.304	-6.738
-0.264	-6.748
-0.204	-6.728
-0.184	-6.748
-0.084	-6.728
-0.044	-6.718
-0.004	-6.658
0.016	-6.558
-0.004	-6.438
-0.034	-6.378
-0.044	-6.338
-0.084	-6.248
-0.154	-6.148
POLYLINE BLACK
-0.724	-6.218
-0.714	-6.278
-0.674	-6.318
-0.674	-6.338
-0.644	-6.378
-0.644	-6.438
-0.654	-6.478
-0.654	-6.608
-0.564	-6.748
-0.524	-6.758
-0.504	-6.768
-0.494	-6.748
-0.494	-6.768
POLYLINE BLACK
-0.724	-6.208
-0.744	-6.228
-0.764	-6.228
-0.834	-6.128
-0.834	-6.108
-0.874	-6.038
-0.904	-6.008
-1.044	-5.718
-1.054	-5.678
-1.094	-5.508
-1.094	-5.488
POLYLINE BLACK
-0.144	-6.238
-0.184	-6.158
-0.204	-6.058
-0.214	-5.978
-0.214	-5.948
-0.224	-5.908
-0.254	-5.788
-0.284	-5.708
-0.304	-5.618
-0.324	-5.538
-0.334	-5.498
-0.364	-5.348
-0.384	-5.308
-0.414	-5.278
-0.434	-5.238
-0.514	-5.158
-0.554	-5.098
-0.614	-5.058
-0.734	-5.038
-0.754	-5.048
-0.794	-5.038
-0.814	-5.018
-0.794	-5.018
POLYLINE BLACK
-1.084	-5.598
-1.124	-5.508
-1.134	-5.428
-1.134	-5.348
-1.124	-5.278
-1.124	-5.218
-1.114	-5.178
-1.114	-5.118
-1.124	-5.078
-1.124	-4.968
-1.074	-4.838
-1.024	-4.788
-1.004	-4.778
-0.984	-4.798
-0.964	-4.798
-0.934	-4.848
-0.884	-4.898
-0.854	-5.008
-0.834	-5.028
-0.814	-5.028
-0.774	-5.058
POLYLINE CONNECT
-0.644	-6.268
1.843	-5.277
POLYLINE BROWN
5.326	-10.378
5.536	-10.768
5.566	-10.798
POLYLINE BROWN
5.086	-10.318
5.131	-10.408
POLYLINE BROWN
4.771	-10.018
4.861	-10.078
4.876	-10.108
POLYLINE BROWN
4.486	-9.598
4.606	-9.748
POLYLINE BROWN
4.231	-9.208
4.306	-9.358
4.336	-9.388
POLYLINE BROWN
4.066	-11.023
4.096	-11.068
POLYLINE BROWN
3.901	-10.618
3.901	-10.648
3.946	-10.738
POLYLINE BROWN
3.706	-10.228
3.706	-10.258
3.751	-10.348
POLYLINE BROWN
3.631	-9.898
3.631	-9.973
3.646	-10.003
POLYLINE BROWN
3.901	-10.648
3.886	-10.678
POLYLINE BROWN
3.766	-10.303
POLYLINE BROWN
3.571	-9.898
POLYLINE BROWN
4.126	-9.418
4.096	-9.418
4.066	-9.433
POLYLINE BROWN
4.096	-9.298
4.006	-9.298
3.946	-9.328
POLYLINE BROWN
4.096	-9.088
4.066	-9.073
3.961	-9.118
3.931	-9.118
3.841	-9.178
POLYLINE BROWN
3.811	-8.983
3.826	-9.013
3.811	-9.043
3.826	-9.103
POLYLINE BROWN
3.466	-9.178
3.586	-9.253
POLYLINE BROWN
3.361	-9.463
3.376	-9.433
3.451	-9.433
3.511	-9.403
POLYLINE BROWN
3.556	-9.553
3.601	-9.493
3.631	-9.478
POLYLINE BROWN
3.361	-9.358
3.361	-9.388
3.346	-9.328
3.346	-9.298
3.421	-9.178
3.556	-9.073
3.706	-9.028
3.736	-8.998
3.916	-8.968
3.946	-8.953
4.021	-8.953
4.081	-8.968
4.156	-8.968
POLYLINE BROWN
4.126	-9.673
4.156	-9.568
4.171	-9.493
4.156	-9.418
4.126	-9.223
4.051	-9.043
4.051	-9.013
POLYLINE BROWN
3.301	-9.373
3.286	-9.403
3.316	-9.403
3.466	-9.538
3.616	-9.658
3.631	-9.688
3.691	-9.718
3.736	-9.778
POLYLINE BLACK
3.871	-9.778
3.871	-9.748
3.841	-9.628
POLYLINE BLACK
4.081	-9.508
4.156	-9.628
4.186	-9.688
POLYLINE BLACK
3.796	-9.613
3.826	-9.673
3.826	-9.703
3.856	-9.733
POLYLINE BLACK
3.526	-9.658
3.571	-9.748
3.571	-9.793
3.601	-9.913
POLYLINE BLACK
3.526	-9.728
3.566	-9.728
3.566	-9.768
POLYLINE BLACK
3.566	-9.668
3.586	-9.708
POLYLINE BLACK
3.366	-9.968
3.306	-9.828
POLYLINE BLACK
4.366	-9.708
4.286	-9.688
4.206	-9.708
4.066	-9.708
3.946	-9.768
3.766	-9.808
3.586	-9.888
3.506	-9.908
3.466	-9.928
3.426	-9.908
3.346	-9.968
3.306	-9.968
3.286	-10.028
3.306	-10.108
3.306	-10.308
3.326	-10.388
3.326	-10.608
3.346	-10.688
3.346	-10.808
3.426	-10.828
3.566	-10.828
3.686	-10.848
4.046	-10.768
4.186	-10.768
4.226	-10.748
4.366	-10.748
4.566	-10.708
4.646	-10.708
4.586	-10.548
4.566	-10.448
4.546	-10.368
4.506	-10.188
4.486	-10.108
4.446	-9.928
4.406	-9.768
4.406	-9.728
POLYLINE BLACK
1.216	-12.388
1.176	-12.398
1.096	-12.398
1.056	-12.388
1.036	-12.398
0.936	-12.338
0.916	-12.338
0.896	-12.318
0.876	-12.318
0.876	-12.378
0.856	-12.458
0.846	-12.538
0.846	-12.598
0.836	-12.638
0.836	-12.668
0.776	-12.788
0.706	-12.848
0.666	-12.878
0.646	-12.878
POLYLINE BLACK
0.756	-10.288
0.836	-10.368
0.866	-10.458
0.866	-10.498
0.876	-10.538
0.866	-10.578
0.826	-10.638
0.756	-10.738
0.726	-10.768
0.706	-10.768
0.636	-10.838
0.576	-10.878
0.476	-10.898
0.456	-10.898
0.446	-10.918
0.386	-10.928
0.346	-10.988
0.346	-11.008
0.376	-11.048
0.456	-11.058
0.536	-11.078
0.596	-11.118
0.646	-11.168
0.786	-11.228
0.886	-11.388
0.926	-11.508
0.946	-11.548
0.946	-11.578
0.976	-11.638
0.986	-11.678
1.056	-11.848
1.116	-11.978
1.216	-12.358
1.216	-12.418
POLYLINE BLACK
-0.984	-8.888
-0.974	-8.928
-0.954	-8.968
POLYLINE BLACK
-0.284	-11.078
-0.274	-11.038
-0.284	-10.998
-0.294	-10.958
-0.314	-10.878
-0.334	-10.788
-0.374	-10.668
-0.384	-10.598
-0.364	-10.538
-0.284	-10.428
-0.194	-10.338
-0.174	-10.328
-0.164	-10.298
-0.054	-10.248
0.046	-10.228
0.086	-10.218
0.206	-10.218
0.246	-10.198
0.306	-10.218
0.366	-10.218
0.406	-10.228
0.446	-10.238
0.516	-10.248
0.556	-10.248
0.576	-10.238
0.616	-10.268
0.636	-10.258
0.696	-10.278
0.776	-10.328
0.776	-10.348
POLYLINE BLACK
0.666	-12.868
0.626	-12.878
0.546	-12.868
0.486	-12.868
0.446	-12.878
0.386	-12.858
0.346	-12.858
0.306	-12.848
0.236	-12.778
0.196	-12.698
0.176	-12.598
0.166	-12.558
0.136	-12.478
0.106	-12.348
0.076	-12.218
0.056	-12.198
0.036	-12.118
-0.004	-12.048
-0.084	-11.818
-0.084	-11.788
-0.104	-11.748
-0.104	-11.718
-0.134	-11.638
-0.134	-11.608
-0.154	-11.548
-0.154	-11.498
-0.164	-11.428
-0.164	-11.398
-0.174	-11.358
-0.174	-11.318
-0.194	-11.278
-0.194	-11.248
-0.234	-11.188
-0.244	-11.148
-0.264	-11.088
POLYLINE CONNECT
0.321	-11.003
3.435	-8.871
POLYLINE BLACK
2.776	-9.168
2.836	-9.318
2.836	-9.348
2.896	-9.513
2.896	-9.573
2.941	-9.708
2.941	-9.768
3.136	-10.218
3.136	-10.248
3.211	-10.413
3.211	-10.443
3.256	-10.548
3.256	-10.608
3.286	-10.698
3.286	-10.743
3.316	-10.878
3.316	-10.908
3.346	-11.028
3.346	-11.088
3.361	-11.118
3.361	-11.163
3.406	-11.313
3.406	-11.343
3.466	-11.478
3.466	-11.523
3.511	-11.613
3.511	-11.643
3.571	-11.838
3.571	-12.108
POLYLINE BLACK
4.951	-10.878
4.891	-10.833
4.846	-10.728
4.846	-10.668
4.771	-10.428
4.696	-10.233
4.696	-10.203
4.636	-10.053
4.636	-10.023
4.576	-9.903
4.561	-9.828
4.351	-9.393
4.276	-9.303
4.246	-9.228
4.126	-9.063
4.066	-8.958
3.856	-8.613
3.826	-8.553
POLYLINE BLUE
3.091	-7.803
3.121	-7.803
POLYLINE BLUE
3.166	-7.923
POLYLINE BLUE
3.031	-7.893
3.061	-7.923
POLYLINE BLUE
6.841	-13.038
6.811	-13.068
6.751	-13.053
6.691	-13.053
6.661	-12.948
6.661	-12.918
6.601	-12.828
6.511	-12.798
6.451	-12.753
6.436	-12.723
6.466	-12.663
6.391	-12.573
6.331	-12.528
6.331	-12.498
6.271	-12.663
6.346	-12.513
6.406	-12.528
6.526	-12.603
6.556	-12.588
6.586	-12.618
POLYLINE BLUE
7.831	-13.743
7.786	-13.803
7.696	-13.803
7.636	-13.758
7.546	-13.563
7.456	-13.503
7.366	-13.503
7.306	-13.548
7.276	-13.548
7.186	-13.488
7.186	-13.443
7.126	-13.293
7.051	-13.263
6.991	-13.218
6.961	-13.218
6.931	-13.278
6.931	-13.413
6.961	-13.473
6.961	-13.218
6.976	-13.158
7.006	-13.173
7.066	-13.158
7.186	-13.158
7.231	-13.173
POLYLINE BLACK
6.721	-13.038
6.721	-13.068
6.676	-13.143
6.616	-13.173
6.586	-13.173
6.526	-13.218
6.406	-13.218
6.286	-13.158
6.196	-13.083
6.151	-12.978
6.091	-12.888
6.076	-12.753
6.061	-12.693
6.061	-12.408
6.121	-12.258
6.256	-12.153
POLYLINE BLACK
5.191	-11.118
5.011	-11.373
POLYLINE BLACK
5.506	-11.433
5.386	-11.583
5.326	-11.643
POLYLINE BLACK
5.896	-11.688
5.896	-11.718
5.821	-11.838
5.746	-11.943
POLYLINE BLACK
6.316	-11.943
6.226	-12.078
6.106	-12.198
POLYLINE BLACK
6.571	-12.228
6.571	-12.258
6.406	-12.453
6.376	-12.513
POLYLINE BLACK
7.606	-17.433
7.516	-17.358
7.291	-17.088
7.216	-16.983
7.051	-16.848
6.931	-16.713
6.796	-16.608
6.721	-16.518
6.646	-16.458
6.616	-16.413
6.571	-16.383
6.541	-16.338
6.466	-16.278
6.151	-15.903
6.016	-15.738
5.656	-15.303
5.596	-15.243
5.521	-15.138
5.476	-15.108
5.251	-14.823
5.206	-14.763
5.176	-14.748
5.041	-14.568
5.011	-14.493
4.876	-14.328
4.741	-14.148
4.501	-13.803
4.426	-13.653
4.396	-13.623
4.381	-13.578
4.321	-13.518
4.261	-13.383
4.231	-13.353
3.856	-12.573
3.796	-12.513
3.766	-12.408
3.736	-12.378
3.736	-12.348
3.586	-12.108
3.586	-12.078
3.571	-12.048
POLYLINE BLACK
6.346	-13.803
6.346	-13.833
6.211	-14.028
6.151	-14.118
6.151	-14.148
6.136	-14.208
6.136	-14.493
6.166	-14.553
6.166	-14.583
6.301	-14.853
6.406	-14.943
6.436	-15.018
6.526	-15.093
6.676	-15.273
6.721	-15.378
6.796	-15.468
7.051	-15.843
7.111	-15.963
7.231	-16.143
7.351	-16.368
7.726	-16.968
7.726	-16.998
7.816	-17.193
7.846	-17.223
7.846	-17.253
POLYLINE BLACK
6.856	-12.288
6.856	-12.423
6.871	-12.453
6.856	-12.618
6.811	-12.783
6.811	-12.828
6.781	-12.888
6.781	-12.918
6.736	-13.023
6.736	-13.053
6.661	-13.218
6.661	-13.248
6.616	-13.308
6.466	-13.638
6.466	-13.698
6.406	-13.818
6.406	-13.848
6.391	-13.878
POLYLINE BLACK
4.966	-10.938
4.966	-10.968
5.161	-11.178
5.191	-11.178
5.266	-11.283
5.476	-11.418
5.566	-11.493
5.671	-11.553
5.791	-11.628
5.821	-11.658
5.851	-11.658
5.911	-11.703
5.956	-11.718
6.016	-11.778
6.076	-11.793
6.136	-11.868
6.286	-12.003
6.331	-12.018
6.391	-12.078
6.436	-12.093
6.601	-12.243
6.631	-12.243
6.691	-12.303
6.721	-12.288
6.841	-12.363
6.901	-12.393
6.931	-12.393
7.021	-12.468
7.051	-12.468
7.081	-12.498
7.111	-12.498
7.231	-12.558
7.261	-12.588
7.291	-12.588
7.306	-12.618
7.366	-12.663
7.396	-12.663
7.411	-12.693
7.591	-12.783
7.681	-12.858
7.711	-12.873
7.756	-12.933
7.756	-12.933
7.756	-12.933
7.756	-12.933
7.771	-12.993
7.921	-13.188
8.041	-13.338
8.131	-13.503
8.131	-13.533
8.146	-13.563
8.146	-13.608
POLYLINE BROWN
8.791	-9.948
POLYLINE BROWN
8.251	-14.313
8.341	-14.268
8.371	-14.268
8.401	-14.238
8.431	-14.238
8.521	-14.178
8.536	-14.148
8.626	-14.088
8.626	-14.043
8.641	-13.983
8.641	-13.953
8.626	-13.893
8.626	-13.863
8.611	-13.833
8.611	-13.788
8.521	-13.638
8.491	-13.623
8.341	-13.323
8.221	-13.188
8.161	-13.038
8.056	-12.888
7.951	-12.768
7.891	-12.723
7.861	-12.648
7.711	-12.543
POLYLINE BROWN
8.206	-14.298
8.206	-14.328
8.176	-14.328
8.146	-14.358
8.116	-14.358
8.086	-14.388
8.041	-14.373
7.981	-14.388
7.831	-14.388
7.801	-14.403
7.741	-14.388
7.726	-14.358
7.666	-14.343
7.636	-14.343
7.576	-14.313
7.546	-14.313
7.486	-14.253
7.441	-14.253
7.351	-14.223
7.201	-14.103
7.171	-14.103
7.111	-14.073
7.081	-14.073
6.931	-14.013
6.751	-13.953
6.721	-13.968
6.601	-13.893
6.541	-13.893
6.481	-13.878
POLYLINE BLACK
-0.409	-2.698
-0.449	-2.678
-0.469	-2.648
-0.509	-2.638
-0.609	-2.538
-0.779	-2.318
-0.989	-1.968
-1.109	-1.748
-1.159	-1.668
-1.189	-1.618
-1.239	-1.548
-1.279	-1.448
-1.459	-1.178
-1.539	-1.058
-1.559	-1.008
-1.669	-0.858
-1.699	-0.818
-1.729	-0.768
-1.759	-0.738
-1.829	-0.628
POLYLINE BLACK
0.221	-1.248
0.281	-1.348
0.441	-1.488
0.621	-1.698
0.721	-1.798
POLYLINE GREEN
-0.209	-0.098
-0.119	-0.248
-0.109	-0.268
POLYLINE GREEN
-0.209	0.142
-0.199	0.102
-0.199	-0.008
-0.189	-0.078
-0.189	-0.118
-0.309	-0.248
POLYLINE BLACK
-0.009	-0.988
-0.029	-0.888
-0.029	-0.848
-0.039	-0.778
-0.039	-0.738
-0.029	-0.688
-0.019	-0.648
-0.009	-0.608
-0.009	-0.558
0.001	-0.518
0.021	-0.388
0.021	-0.348
0.061	-0.198
0.071	-0.128
0.061	-0.088
0.061	0.092
0.051	0.112
POLYLINE BLACK
0.108	1.460
0.115	1.425
0.129	1.432
0.129	1.446
0.136	1.474
0.136	1.712
0.129	1.740
0.129	1.775
0.122	1.789
0.122	1.824
0.115	1.852
0.115	1.915
0.087	1.978
0.087	2.020
0.080	2.048
0.080	2.062
0.073	2.090
0.073	2.090
0.073	2.090
0.073	2.104
0.101	2.216
0.101	2.251
0.108	2.279
0.108	2.356
0.101	2.384
0.101	2.412
0.087	2.461
0.087	2.587
0.094	2.622
0.094	2.699
0.101	2.727
0.101	2.846
0.087	2.874
0.080	2.909
0.066	2.937
POLYLINE BLACK
0.129	1.411
POLYLINE BLACK
0.227	3.441
0.248	3.413
0.262	3.413
0.276	3.420
0.311	3.378
0.311	3.364
0.325	3.322
0.339	3.308
0.353	3.308
0.395	3.287
0.423	3.294
0.451	3.287
0.465	3.287
0.493	3.259
0.507	3.259
0.549	3.189
0.549	3.175
0.570	3.133
0.591	3.105
0.591	3.056
0.612	3.000
0.612	2.972
0.584	2.930
0.584	2.916
0.563	2.874
0.563	2.846
0.556	2.818
0.556	2.783
POLYLINE BLACK
0.052	2.930
0.080	2.881
0.080	2.944
0.073	2.972
0.073	2.986
0.031	3.042
0.017	3.091
0.017	3.105
-0.004	3.147
-0.004	3.161
-0.018	3.182
-0.018	3.196
-0.025	3.210
-0.011	3.238
0.003	3.238
0.045	3.252
0.066	3.252
0.094	3.259
0.122	3.259
0.150	3.273
0.164	3.273
0.192	3.294
0.220	3.336
0.220	3.350
0.248	3.392
0.248	3.406
0.255	3.420
POLYLINE BLACK
0.269	1.481
0.297	1.418
0.311	1.418
0.318	1.439
0.346	1.481
0.367	1.537
0.367	1.621
0.374	1.656
0.374	1.698
0.381	1.712
0.381	1.733
0.388	1.761
0.388	1.775
0.409	1.831
0.409	1.845
0.416	1.873
0.416	1.873
0.416	1.873
0.416	1.992
0.381	2.300
0.381	2.328
0.374	2.356
0.374	2.475
0.402	2.545
0.430	2.615
0.458	2.657
0.472	2.664
0.486	2.685
0.500	2.692
0.507	2.706
0.521	2.713
0.542	2.741
0.542	2.825
0.549	2.811
0.549	2.825
POLYLINE BLACK
0.115	1.390
0.171	1.348
0.178	1.334
0.213	1.334
0.227	1.327
0.241	1.334
0.255	1.327
0.262	1.362
0.297	1.418
POLYLINE CONNECT
0.105	2.885
1.338	-0.187
POLYLINE BLACK
0.885	0.144
0.899	0.116
0.899	0.081
0.892	0.053
0.822	0.004
POLYLINE BLACK
0.878	0.102
0.864	0.109
0.850	0.137
0.829	0.151
0.801	0.200
0.801	0.214
0.780	0.270
0.780	0.298
0.787	0.319
0.801	0.305
0.829	0.319
0.843	0.319
0.857	0.326
0.871	0.312
0.927	0.312
0.955	0.305
0.969	0.305
0.997	0.291
1.067	0.354
1.067	0.368
POLYLINE BLACK
1.795	1.175
1.815	1.155
1.775	0.985
1.725	0.875
1.725	0.855
1.695	0.815
1.685	0.775
1.645	0.655
1.625	0.625
1.615	0.585
1.585	0.545
1.575	0.485
1.555	0.455
1.555	0.435
1.535	0.415
1.515	0.335
1.475	0.255
1.475	0.225
1.445	0.165
1.435	0.125
1.405	0.055
1.355	0.005
1.335	-0.045
1.315	-0.065
1.315	-0.085
1.295	-0.105
POLYLINE BLACK
3.005	0.165
2.995	0.145
2.955	0.155
2.855	0.125
2.765	0.115
2.685	0.095
2.665	0.115
2.605	0.095
2.575	0.095
2.495	0.075
2.455	0.075
2.405	0.065
2.345	0.065
2.205	0.045
2.165	0.035
2.115	0.045
2.055	0.025
2.015	0.015
1.975	0.025
1.895	0.015
1.855	0.015
1.785	0.005
1.705	-0.005
POLYLINE BLACK
0.455	-0.960
0.455	-0.970
0.395	-0.995
POLYLINE BLACK
1.065	-1.150
1.085	-1.155
1.115	-1.135
1.125	-1.130
1.130	-1.140
1.140	-1.145
1.150	-1.165
1.150	-1.220
1.145	-1.240
1.145	-1.250
1.140	-1.270
1.140	-1.270
1.140	-1.260
1.160	-1.210
1.190	-1.165
1.200	-1.160
1.210	-1.145
1.220	-1.155
1.225	-1.180
1.230	-1.200
1.230	-1.255
1.225	-1.280
1.225	-1.260
1.240	-1.220
1.290	-1.155
1.300	-1.150
1.305	-1.140
1.305	-1.150
1.320	-1.160
1.335	-1.195
1.335	-1.210
1.340	-1.230
1.340	-1.275
1.335	-1.295
1.335	-1.305
1.330	-1.315
POLYLINE BLACK
0.870	-1.080
0.880	-1.080
0.935	-1.035
0.945	-1.035
0.965	-1.030
0.985	-1.060
0.985	-1.075
0.995	-1.105
0.990	-1.115
0.990	-1.135
0.965	-1.185
0.925	-1.225
0.895	-1.240
0.885	-1.250
0.885	-1.260
0.910	-1.260
0.955	-1.265
0.995	-1.265
1.015	-1.270
1.025	-1.270
POLYLINE BLACK
0.775	-1.065
0.775	-1.055
0.750	-1.045
0.720	-1.045
0.695	-1.040
0.685	-1.040
0.675	-1.045
0.660	-1.065
0.635	-1.075
0.625	-1.095
0.625	-1.145
0.635	-1.175
0.670	-1.215
0.710	-1.245
0.720	-1.240
0.730	-1.245
0.790	-1.235
0.800	-1.230
POLYLINE BLACK
0.420	-0.980
0.425	-0.990
0.400	-0.980
0.370	-0.995
POLYLINE BLACK
0.435	-0.890
0.435	-0.900
0.390	-0.915
POLYLINE BLACK
0.415	-0.825
0.380	-0.865
0.360	-0.885
POLYLINE BLACK
0.370	-0.760
0.370	-0.790
0.350	-0.820
POLYLINE BLACK
0.265	-0.740
0.270	-0.755
0.285	-0.775
0.285	-0.820
0.280	-0.830
POLYLINE BLACK
0.440	-1.020
0.450	-1.025
0.460	-1.005
0.460	-0.895
0.450	-0.860
0.420	-0.820
0.410	-0.815
0.390	-0.785
0.380	-0.775
0.370	-0.775
0.325	-0.760
0.305	-0.760
0.245	-0.775
0.225	-0.775
0.210	-0.780
POLYLINE BLACK
1.345	-0.220
1.305	-0.240
1.295	-0.270
1.235	-0.310
1.115	-0.450
1.015	-0.530
0.785	-0.720
0.685	-0.810
0.595	-0.890
0.575	-0.890
0.575	-0.920
0.545	-0.950
0.515	-0.970
0.505	-1.010
0.385	-1.090
0.365	-1.110
0.345	-1.110
0.325	-1.130
0.305	-1.130
0.255	-1.180
0.235	-1.180
0.225	-1.200
POLYLINE BLACK
-0.015	-0.980
0.045	-0.950
0.215	-0.810
0.255	-0.770
0.325	-0.680
0.395	-0.610
0.425	-0.600
0.565	-0.440
0.595	-0.390
0.635	-0.330
0.695	-0.270
0.765	-0.170
0.775	-0.120
0.875	0.050
0.955	0.150
POLYLINE BLACK
4.195	-1.540
4.225	-1.610
4.355	-1.690
4.375	-1.710
4.415	-1.720
4.425	-1.740
4.445	-1.740
4.465	-1.760
4.505	-1.770
4.545	-1.800
4.595	-1.810
4.675	-1.850
4.705	-1.820
4.775	-1.750
POLYLINE BLACK
5.195	-2.560
5.165	-2.530
5.155	-2.480
5.105	-2.450
5.075	-2.400
4.995	-2.330
4.965	-2.320
4.895	-2.250
4.745	-2.130
4.735	-2.110
4.665	-2.070
4.505	-1.970
4.415	-1.930
4.315	-1.850
4.295	-1.860
4.225	-1.790
4.125	-1.720
4.105	-1.720
4.085	-1.700
4.045	-1.690
4.025	-1.670
4.005	-1.670
4.005	-1.670
POLYLINE BLACK
3.765	-1.520
3.795	-1.550
3.865	-1.580
3.945	-1.630
3.975	-1.630
4.015	-1.650
POLYLINE BLACK
4.555	-1.740
4.605	-1.790
4.695	-1.810
4.715	-1.800
POLYLINE BLACK
4.365	-1.650
4.445	-1.730
4.465	-1.740
POLYLINE BLACK
3.935	-1.410
4.025	-1.480
4.125	-1.530
POLYLINE BLACK
3.435	-1.120
3.635	-1.240
POLYLINE BLACK
3.015	-0.940
3.055	-0.950
3.145	-1.010
POLYLINE BLACK
2.455	-0.550
2.485	-0.630
2.605	-0.710
2.695	-0.750
2.735	-0.780
POLYLINE BLACK
2.125	-0.420
2.255	-0.480
2.295	-0.520
POLYLINE BLACK
1.795	-0.270
1.995	-0.390
POLYLINE BLACK
1.845	-0.440
1.775	-0.400
1.765	-0.380
1.695	-0.360
1.685	-0.340
POLYLINE BLACK
2.415	-0.790
2.405	-0.760
2.335	-0.710
2.295	-0.670
2.265	-0.660
POLYLINE BLACK
2.965	-1.050
2.975	-1.080
2.835	-0.960
POLYLINE BLACK
3.595	-1.400
3.575	-1.400
3.465	-1.330
POLYLINE BLACK
4.755	-1.900
4.755	-1.840
4.825	-1.710
4.845	-1.700
4.845	-1.680
4.885	-1.640
4.895	-1.600
4.945	-1.510
4.995	-1.430
5.115	-1.180
5.185	-1.080
5.185	-1.060
5.215	-1.020
5.255	-0.950
5.265	-0.870
POLYLINE BLACK
1.525	-0.170
1.555	-0.230
1.575	-0.310
1.535	-0.290
1.525	-0.270
1.485	-0.270
1.425	-0.230
1.325	-0.210
1.185	-0.350
POLYLINE BLACK
1.775	0.020
1.785	0.000
1.705	-0.010
1.665	0.000
1.605	-0.030
1.585	-0.030
1.535	-0.080
1.525	-0.120
1.625	-0.170
1.675	-0.220
1.765	-0.260
POLYLINE BLACK
3.275	1.890
3.365	1.720
3.355	1.700
3.335	1.700
3.305	1.740
3.305	1.780
3.295	1.820
3.295	1.860
3.275	1.940
3.275	2.090
3.235	2.150
3.165	2.180
3.105	2.210
3.005	2.220
2.965	2.210
2.945	2.220
2.785	2.200
2.665	2.230
2.585	2.250
2.495	2.290
2.325	2.400
2.255	2.470
2.175	2.530
2.025	2.700
2.055	2.690
2.175	2.710
2.335	2.670
2.485	2.670
2.525	2.680
2.545	2.670
2.745	2.680
2.865	2.660
2.905	2.670
3.075	2.640
3.195	2.640
3.385	2.630
3.555	2.630
3.545	2.640
POLYLINE BLACK
3.525	2.650
3.545	2.510
3.545	2.310
3.555	2.270
3.555	2.200
3.565	2.160
3.565	1.780
3.555	1.740
3.545	1.700
3.505	1.690
3.485	1.690
3.465	1.670
3.445	1.680
3.445	1.660
3.435	1.680
3.435	1.660
3.385	1.720
3.365	1.700
3.305	1.690
POLYLINE CONNECT
3.485	2.370
2.370	1.498
POLYLINE BLACK
4.955	-0.300
5.125	-0.650
5.145	-0.670
5.125	-0.680
5.045	-0.610
4.985	-0.570
4.965	-0.550
4.945	-0.550
4.875	-0.490
4.815	-0.450
4.785	-0.450
4.705	-0.390
4.685	-0.390
4.535	-0.270
4.465	-0.230
4.385	-0.160
4.155	-0.040
4.115	-0.030
4.065	0.000
3.965	0.060
3.845	0.150
3.745	0.250
3.695	0.270
3.655	0.300
3.605	0.320
3.525	0.390
3.505	0.390
3.395	0.470
3.375	0.470
3.295	0.540
3.055	0.660
3.035	0.660
2.995	0.700
2.955	0.700
2.895	0.740
2.875	0.760
2.795	0.780
2.775	0.810
2.735	0.810
2.695	0.830
2.685	0.850
2.665	0.850
2.565	0.910
2.545	0.910
2.525	0.930
2.505	0.930
2.325	1.070
2.205	1.190
2.185	1.180
2.155	1.210
2.135	1.210
2.115	1.230
2.095	1.220
2.035	1.260
2.015	1.240
1.975	1.260
1.955	1.240
1.915	1.240
1.915	1.240
1.915	1.220
1.855	1.170
1.855	1.150
1.825	1.110
1.795	0.970
1.775	0.890
1.765	0.850
1.765	0.830
1.735	0.780
1.735	0.740
1.705	0.700
1.705	0.650
POLYLINE BLACK
5.135	-0.170
5.185	-0.270
5.125	-0.250
5.085	-0.220
5.055	-0.220
4.975	-0.190
4.825	-0.070
4.785	-0.060
4.625	0.040
4.545	0.060
4.485	0.100
4.435	0.110
4.315	0.210
4.295	0.210
4.235	0.270
4.215	0.270
4.105	0.380
3.995	0.460
3.775	0.660
3.735	0.700
3.635	0.770
3.545	0.870
3.525	0.870
3.435	0.950
3.335	1.030
3.315	1.050
3.275	1.060
3.055	1.160
POLYLINE BLACK
2.415	1.500
2.435	1.480
2.435	1.500
2.335	1.570
2.285	1.580
2.225	1.620
2.205	1.640
2.145	1.650
2.095	1.700
2.005	1.740
1.985	1.730
1.905	1.770
1.865	1.760
1.845	1.780
1.825	1.780
1.785	1.810
1.755	1.780
1.745	1.730
1.685	1.620
1.675	1.580
1.575	1.440
1.565	1.400
1.555	1.370
1.505	1.320
1.455	1.190
1.405	1.090
1.375	1.050
1.365	1.010
1.355	0.960
1.335	0.940
1.325	0.900
1.245	0.730
1.235	0.690
1.185	0.610
1.155	0.560
1.125	0.510
1.055	0.340
1.025	0.260
1.005	0.250
1.005	0.230
0.975	0.180
0.955	0.140
POLYLINE BLACK
5.235	0.660
5.245	0.640
5.185	0.590
5.045	0.490
4.985	0.440
4.945	0.430
4.885	0.390
4.825	0.380
4.785	0.390
4.745	0.400
4.605	0.480
4.585	0.500
4.545	0.510
4.505	0.540
4.465	0.550
4.445	0.570
4.405	0.570
4.365	0.600
4.105	0.720
4.055	0.750
4.035	0.750
3.995	0.790
3.945	0.790
3.815	0.880
3.565	0.990
3.475	1.010
3.385	1.030
3.305	1.050
3.225	1.080
3.195	1.080
3.055	1.140
3.035	1.160
2.995	1.170
2.925	1.210
2.885	1.220
2.805	1.270
2.765	1.280
2.715	1.310
2.695	1.310
2.615	1.370
2.545	1.400
2.505	1.440
2.465	1.450
2.405	1.470
2.385	1.490
2.345	1.500
2.275	1.530
2.245	1.530
2.195	1.580
2.175	1.580
2.155	1.600
2.135	1.600
2.105	1.620
2.085	1.620
2.025	1.680
1.855	1.780
POLYLINE BLACK
5.305	-0.810
5.305	-0.830
5.225	-0.780
5.145	-0.730
5.055	-0.710
4.995	-0.680
4.975	-0.690
4.955	-0.670
4.915	-0.660
4.895	-0.640
4.845	-0.630
4.745	-0.570
4.655	-0.540
4.635	-0.520
4.595	-0.510
4.505	-0.480
4.485	-0.460
4.455	-0.460
4.325	-0.390
4.225	-0.330
4.175	-0.320
4.095	-0.290
4.065	-0.290
4.005	-0.260
3.955	-0.270
3.895	-0.220
3.805	-0.190
3.735	-0.150
3.695	-0.140
3.615	-0.090
3.575	-0.040
3.375	0.050
3.295	0.070
3.265	0.110
3.155	0.150
3.135	0.170
2.995	0.190
2.985	0.170
2.965	0.170
2.945	0.110
POLYLINE BLACK
6.305	1.210
6.295	1.170
6.215	1.040
6.125	0.950
6.095	0.900
6.045	0.820
6.015	0.730
5.945	0.630
5.925	0.580
5.895	0.530
5.835	0.410
5.825	0.340
5.795	0.300
5.795	0.280
5.755	0.220
5.745	0.180
5.695	0.100
5.665	0.010
5.635	-0.030
5.625	-0.070
5.555	-0.280
5.555	-0.320
5.545	-0.370
5.545	-0.390
5.505	-0.420
5.425	-0.410
5.405	-0.420
5.325	-0.390
5.285	-0.360
5.245	-0.350
5.185	-0.310
5.165	-0.310
5.145	-0.280
5.125	-0.280
POLYLINE BLACK
6.735	1.480
6.715	1.500
6.695	1.500
6.565	1.630
6.515	1.680
6.435	1.740
6.425	1.760
6.405	1.760
6.245	1.890
6.225	1.890
6.175	1.920
6.145	1.950
6.125	1.960
6.115	1.920
6.115	1.880
6.135	1.830
6.155	1.810
6.155	1.790
6.235	1.670
6.285	1.540
6.375	1.370
6.375	1.330
6.395	1.260
6.395	1.280
6.355	1.270
6.295	1.270
6.255	1.250
6.245	1.230
6.205	1.220
6.125	1.190
6.105	1.170
6.065	1.170
5.955	1.120
5.935	1.120
5.905	1.090
5.865	1.060
5.805	1.080
5.705	0.980
5.545	0.850
5.415	0.720
5.225	0.600
5.185	0.590
5.045	0.500
5.005	0.490
4.965	0.470
4.945	0.480
4.905	0.460
4.885	0.480
4.795	0.500
4.715	0.550
POLYLINE BLACK
5.855	-1.080
5.895	-1.160
5.895	-1.220
5.885	-1.270
5.875	-1.320
5.855	-1.380
5.775	-1.500
5.735	-1.590
5.725	-1.630
5.705	-1.650
5.665	-1.660
5.585	-1.760
5.555	-1.790
5.515	-1.850
5.505	-1.890
5.425	-2.010
5.355	-2.080
5.335	-2.200
5.295	-2.260
5.245	-2.340
5.215	-2.370
5.205	-2.420
POLYLINE BLACK
5.965	-0.780
5.985	-0.840
5.965	-0.930
5.945	-0.950
5.935	-1.000
5.905	-1.080
5.915	-1.160
5.925	-1.200
5.945	-1.240
5.945	-1.270
5.965	-1.290
5.975	-1.330
6.025	-1.380
6.035	-1.420
6.065	-1.490
6.095	-1.530
6.095	-1.550
6.125	-1.600
POLYLINE BLACK
5.635	-2.910
5.675	-2.950
5.725	-2.970
5.825	-3.090
POLYLINE BLACK
5.235	-2.390
5.225	-2.370
5.285	-2.520
5.375	-2.570
5.475	-2.640
5.505	-2.680
POLYLINE BLACK
7.915	-1.920
7.935	-1.940
7.935	-1.920
7.845	-1.800
7.765	-1.650
7.645	-1.420
7.635	-1.380
7.595	-1.310
7.475	-1.040
7.415	-0.950
7.415	-0.930
7.385	-0.890
7.305	-0.740
7.275	-0.660
7.095	-0.400
7.015	-0.290
6.935	-0.180
6.925	-0.150
6.765	0.010
6.735	0.060
6.595	0.190
6.495	0.290
6.425	0.360
6.365	0.400
6.335	0.440
6.275	0.300
6.265	0.260
6.255	0.210
6.235	0.110
6.195	-0.070
6.165	-0.160
6.145	-0.250
6.115	-0.330
6.095	-0.410
6.015	-0.690
6.015	-0.730
5.995	-0.770
POLYLINE BLACK
5.755	-1.230
5.715	-1.200
POLYLINE BLACK
5.955	-1.430
5.925	-1.440
5.875	-1.390
POLYLINE BLACK
6.325	-1.680
6.325	-1.680
6.245	-1.610
POLYLINE BLACK
5.315	-2.540
POLYLINE BLACK
5.315	-2.580
POLYLINE BLACK
5.545	-2.800
5.485	-2.720
POLYLINE BLACK
5.785	-3.020
5.765	-2.970
POLYLINE BLACK
5.935	-3.170
6.055	-3.290
6.055	-3.310
6.005	-3.260
POLYLINE BLACK
6.245	-3.460
6.225	-3.460
POLYLINE BLACK
6.295	-3.490
POLYLINE BLACK
6.695	-3.500
6.655	-3.520
6.615	-3.510
6.575	-3.520
6.545	-3.510
6.505	-3.520
POLYLINE BLACK
6.675	-3.460
POLYLINE BLACK
8.735	-1.570
8.655	-1.490
8.555	-1.340
8.485	-1.240
8.435	-1.150
8.245	-0.890
8.135	-0.720
8.075	-0.650
8.005	-0.550
7.995	-0.520
7.965	-0.490
7.805	-0.290
7.765	-0.250
7.735	-0.200
7.615	-0.030
7.475	0.160
7.415	0.270
7.375	0.330
7.195	0.650
7.165	0.700
7.105	0.830
7.105	0.860
7.045	0.990
6.925	1.130
6.895	1.200
6.775	1.360
6.705	1.460
POLYLINE BLACK
6.880	-2.216
6.901	-2.251
6.936	-2.258
6.964	-2.258
6.999	-2.272
7.041	-2.265
7.083	-2.265
7.104	-2.258
7.132	-2.272
7.167	-2.272
7.223	-2.251
7.279	-2.209
7.286	-2.195
7.321	-2.188
7.335	-2.188
7.363	-2.160
7.377	-2.160
7.405	-2.153
7.419	-2.139
7.433	-2.139
7.461	-2.132
7.482	-2.139
7.510	-2.125
7.524	-2.132
7.552	-2.125
7.566	-2.125
7.594	-2.111
7.615	-2.111
7.643	-2.097
7.671	-2.097
7.699	-2.076
7.741	-2.076
7.769	-2.062
7.811	-2.062
7.825	-2.048
7.839	-2.055
7.881	-2.027
7.895	-2.034
7.937	-2.006
7.951	-1.999
7.958	-1.985
7.972	-1.978
7.972	-1.978
7.972	-1.908
POLYLINE BLACK
6.712	-2.139
6.726	-2.139
6.768	-2.167
6.796	-2.188
POLYLINE BLACK
6.733	-2.111
POLYLINE BLACK
6.635	-2.020
6.649	-2.041
6.663	-2.048
POLYLINE BLACK
6.593	-2.013
POLYLINE BLACK
6.579	-1.880
6.607	-1.901
6.635	-1.950
POLYLINE BLACK
6.005	-2.258
5.991	-2.251
POLYLINE BLACK
6.075	-2.328
6.068	-2.314
POLYLINE BLACK
6.656	-3.609
6.642	-3.623
POLYLINE BLACK
8.266	-2.909
8.196	-2.860
8.161	-2.860
8.147	-2.853
8.119	-2.860
8.105	-2.860
8.000	-2.888
7.986	-2.888
7.958	-2.895
7.881	-2.895
7.867	-2.909
7.811	-2.909
7.783	-2.923
7.769	-2.923
7.727	-2.951
7.671	-2.972
7.657	-2.972
7.622	-2.986
7.608	-2.986
7.594	-3.000
7.580	-3.000
7.538	-3.021
7.503	-3.028
7.461	-3.049
7.447	-3.049
7.405	-3.063
7.342	-3.105
7.314	-3.126
7.279	-3.133
7.244	-3.175
7.237	-3.189
7.167	-3.245
7.139	-3.245
7.104	-3.259
7.090	-3.273
7.062	-3.273
7.048	-3.287
6.971	-3.322
6.964	-3.336
6.922	-3.364
6.908	-3.364
6.894	-3.371
6.845	-3.427
6.845	-3.441
6.803	-3.483
6.789	-3.483
6.761	-3.504
6.747	-3.504
6.740	-3.518
POLYLINE BLACK
11.881	-1.637
11.825	-1.658
11.811	-1.658
11.783	-1.665
11.769	-1.665
11.755	-1.672
11.734	-1.672
11.706	-1.686
11.692	-1.686
11.650	-1.700
11.643	-1.714
11.629	-1.714
11.573	-1.763
11.559	-1.763
11.545	-1.777
11.531	-1.777
11.475	-1.805
11.461	-1.805
11.433	-1.819
11.398	-1.826
11.384	-1.819
11.370	-1.826
11.342	-1.819
11.300	-1.847
11.286	-1.847
11.244	-1.875
11.230	-1.868
11.167	-1.896
11.125	-1.896
11.111	-1.910
11.097	-1.910
11.034	-1.938
11.013	-1.938
10.964	-1.959
10.943	-1.959
10.880	-1.987
10.866	-1.987
10.838	-2.001
10.824	-2.001
10.747	-2.050
10.740	-2.064
10.698	-2.099
10.677	-2.106
10.621	-2.148
10.600	-2.155
10.544	-2.197
10.453	-2.239
10.439	-2.253
10.418	-2.260
10.404	-2.274
10.390	-2.274
10.383	-2.295
10.369	-2.309
10.355	-2.309
10.348	-2.323
10.334	-2.316
10.299	-2.316
10.257	-2.344
10.215	-2.365
10.201	-2.379
10.187	-2.379
10.173	-2.386
POLYLINE BLACK
12.364	-1.882
12.322	-1.917
12.308	-1.910
12.280	-1.924
12.266	-1.924
12.252	-1.938
12.238	-1.938
12.196	-1.966
12.182	-1.966
12.154	-1.980
12.126	-1.980
12.112	-1.994
12.063	-1.994
12.049	-1.987
12.014	-2.001
12.000	-2.001
11.937	-2.036
11.923	-2.036
11.895	-2.057
11.881	-2.057
11.825	-2.099
11.804	-2.106
11.790	-2.120
11.762	-2.120
11.720	-2.148
11.692	-2.162
11.678	-2.162
11.664	-2.169
11.643	-2.169
11.531	-2.204
11.482	-2.211
11.440	-2.232
11.426	-2.232
11.335	-2.260
11.321	-2.274
11.307	-2.274
11.244	-2.309
11.202	-2.330
11.188	-2.330
11.174	-2.337
11.153	-2.337
11.125	-2.351
11.111	-2.351
11.062	-2.365
11.048	-2.365
11.034	-2.379
11.020	-2.379
10.978	-2.407
10.929	-2.414
10.915	-2.421
10.880	-2.421
10.845	-2.435
10.810	-2.428
10.782	-2.442
10.768	-2.435
10.726	-2.456
10.677	-2.456
10.593	-2.477
10.565	-2.477
10.551	-2.470
10.516	-2.484
10.474	-2.484
10.460	-2.477
10.432	-2.484
10.418	-2.484
10.404	-2.491
10.390	-2.484
10.362	-2.491
10.348	-2.491
10.334	-2.498
10.299	-2.498
10.243	-2.526
10.229	-2.526
10.201	-2.519
10.187	-2.519
10.173	-2.533
10.159	-2.526
POLYLINE BLACK
12.938	-1.434
12.952	-1.462
12.952	-1.476
12.987	-1.553
13.043	-1.637
13.057	-1.644
13.092	-1.700
13.113	-1.728
13.141	-1.742
13.162	-1.770
13.162	-1.770
13.162	-1.756
13.155	-1.770
13.211	-1.847
13.211	-1.861
13.225	-1.882
13.225	-1.896
13.239	-1.924
13.239	-1.938
13.246	-1.966
13.253	-2.029
13.281	-2.071
13.295	-2.078
13.295	-2.092
13.309	-2.148
13.309	-2.183
13.302	-2.211
13.302	-2.225
13.295	-2.253
13.267	-2.295
13.246	-2.337
13.211	-2.351
13.169	-2.351
13.141	-2.358
13.113	-2.358
13.057	-2.337
13.043	-2.337
13.029	-2.323
12.987	-2.323
12.994	-2.288
13.015	-2.246
13.015	-2.183
13.008	-2.155
13.008	-2.127
13.001	-2.099
13.001	-2.099
12.987	-2.085
12.987	-2.071
12.931	-1.987
12.931	-1.987
12.931	-2.001
12.910	-2.001
12.854	-1.987
12.840	-1.987
12.798	-1.952
12.791	-1.938
12.777	-1.938
12.749	-1.917
12.728	-1.917
12.658	-1.889
12.644	-1.903
12.602	-1.903
12.574	-1.896
12.532	-1.896
12.518	-1.889
12.504	-1.903
12.490	-1.903
12.434	-1.875
12.406	-1.882
12.392	-1.882
12.350	-1.896
12.343	-1.910
POLYLINE BLACK
11.874	-1.672
11.888	-1.672
11.895	-1.658
11.923	-1.658
11.965	-1.644
11.986	-1.644
12.028	-1.623
12.056	-1.623
12.070	-1.609
12.098	-1.609
12.140	-1.588
12.154	-1.588
12.182	-1.574
12.203	-1.574
12.245	-1.553
12.259	-1.553
12.273	-1.560
12.287	-1.546
12.301	-1.553
12.301	-1.525
12.308	-1.497
12.308	-1.476
12.280	-1.420
12.266	-1.406
12.259	-1.357
12.238	-1.315
12.238	-1.301
12.217	-1.217
12.217	-1.196
12.210	-1.168
12.210	-1.154
12.217	-1.140
12.210	-1.112
12.210	-1.084
12.196	-1.028
12.196	-1.014
12.189	-0.986
12.182	-0.923
12.175	-0.895
12.175	-0.853
12.168	-0.825
12.168	-0.811
12.175	-0.783
12.175	-0.734
12.189	-0.706
12.189	-0.650
12.196	-0.622
12.196	-0.622
12.196	-0.580
12.182	-0.538
12.210	-0.517
12.301	-0.545
12.315	-0.566
12.329	-0.566
12.336	-0.580
12.350	-0.580
12.364	-0.615
12.378	-0.622
12.406	-0.664
12.420	-0.671
12.420	-0.685
12.490	-0.748
12.525	-0.790
12.553	-0.811
12.560	-0.825
12.574	-0.825
12.588	-0.846
12.616	-0.860
12.630	-0.888
12.637	-0.874
12.637	-0.888
12.651	-0.888
12.679	-0.902
12.693	-0.902
12.749	-0.930
12.791	-0.965
12.847	-1.056
12.847	-1.070
12.861	-1.098
12.861	-1.112
12.868	-1.140
12.861	-1.168
12.868	-1.203
12.868	-1.245
12.875	-1.273
12.875	-1.301
12.882	-1.329
12.882	-1.357
12.896	-1.385
12.896	-1.413
12.924	-1.483
12.931	-1.497
POLYLINE CONNECT
12.338	-1.549
8.047	-1.950
POLYLINE BLACK
6.328	-3.609
6.408	-3.799
6.408	-3.829
6.418	-3.849
6.418	-3.829
6.488	-3.719
6.558	-3.859
6.578	-3.879
6.688	-3.689
6.708	-3.669
POLYLINE BLACK
6.228	-3.909
6.158	-3.899
6.098	-3.829
6.088	-3.779
6.098	-3.739
6.178	-3.659
6.268	-3.719
6.288	-3.779
6.298	-3.819
6.268	-3.869
6.228	-3.899
POLYLINE BLACK
5.818	-3.719
5.818	-3.759
5.858	-3.849
5.878	-3.939
5.928	-3.939
5.948	-3.929
6.078	-3.929
POLYLINE BLACK
6.278	-1.819
6.338	-1.929
6.348	-1.969
6.368	-2.009
6.368	-2.039
6.388	-2.059
6.388	-2.009
6.438	-1.889
6.438	-1.869
6.478	-1.909
6.538	-1.999
6.578	-1.879
6.598	-1.789
6.598	-1.739
6.608	-1.719
POLYLINE BLACK
6.188	-2.109
6.148	-2.109
6.058	-2.019
6.108	-1.939
6.168	-1.919
6.208	-1.929
6.228	-1.929
6.258	-1.969
6.248	-2.009
6.188	-2.069
POLYLINE BLACK
5.818	-1.999
5.818	-2.019
5.798	-2.029
5.798	-2.049
5.858	-2.149
5.888	-2.209
5.888	-2.239
5.908	-2.259
5.908	-2.279
6.088	-2.149
POLYLINE BLACK
6.738	-2.799
6.758	-2.819
6.778	-2.809
6.798	-2.819
6.808	-2.799
6.848	-2.799
6.968	-2.729
7.098	-2.679
7.168	-2.649
7.318	-2.559
7.338	-2.569
7.478	-2.479
7.488	-2.459
7.498	-2.499
7.518	-2.599
7.518	-2.659
7.528	-2.699
7.528	-2.719
7.438	-2.749
7.398	-2.739
7.318	-2.749
7.278	-2.749
7.258	-2.759
7.218	-2.749
7.168	-2.759
7.148	-2.749
7.128	-2.759
7.088	-2.749
7.048	-2.759
6.968	-2.759
6.928	-2.769
6.858	-2.769
6.838	-2.789
6.798	-2.779
6.758	-2.799
POLYLINE BLACK
9.238	-4.939
9.168	-4.839
9.098	-4.689
9.098	-4.659
9.018	-4.529
8.998	-4.469
8.958	-4.409
8.868	-4.199
8.838	-4.089
8.768	-3.849
8.728	-3.739
8.668	-3.609
8.568	-3.449
8.408	-3.099
8.348	-2.999
8.308	-2.939
8.288	-2.929
8.278	-2.879
POLYLINE BLACK
9.098	-4.999
9.118	-5.049
9.138	-5.059
9.188	-5.009
9.218	-4.959
POLYLINE BLACK
10.018	-4.019
9.918	-3.969
9.828	-3.879
9.808	-3.829
9.768	-3.789
9.758	-3.749
9.738	-3.679
9.718	-3.659
9.698	-3.569
9.678	-3.529
9.678	-3.499
9.638	-3.419
9.628	-3.379
9.528	-3.169
9.528	-3.139
9.508	-3.119
9.508	-3.099
9.378	-2.849
9.358	-2.829
9.348	-2.789
9.238	-2.549
9.228	-2.509
9.168	-2.369
9.158	-2.319
9.128	-2.249
9.128	-2.219
9.058	-2.089
8.988	-1.989
8.918	-1.909
8.878	-1.839
8.708	-1.579
8.728	-1.599
POLYLINE BLACK
8.528	-6.049
8.538	-6.089
8.548	-6.069
8.548	-6.089
8.568	-6.109
8.578	-6.149
8.608	-6.229
8.688	-6.299
8.708	-6.309
8.828	-6.209
8.868	-6.149
8.958	-6.069
9.088	-5.939
9.098	-5.919
9.118	-5.919
9.178	-5.879
9.208	-5.869
9.218	-5.839
9.258	-5.829
9.268	-5.809
9.228	-5.819
9.118	-5.839
9.078	-5.839
9.038	-5.869
8.988	-5.879
8.838	-5.939
8.798	-5.949
8.738	-5.969
8.718	-5.989
8.698	-5.979
8.578	-6.059
8.558	-6.059
POLYLINE BLACK
9.918	-6.169
9.918	-6.169
9.858	-6.109
9.698	-6.089
9.458	-6.149
9.378	-6.209
9.338	-6.209
9.318	-6.249
9.278	-6.249
9.138	-6.389
9.058	-6.409
8.918	-6.509
8.818	-6.549
8.738	-6.629
8.658	-6.629
8.498	-6.669
8.458	-6.669
8.418	-6.629
8.378	-6.629
8.238	-6.429
8.198	-6.289
8.198	-6.209
8.318	-5.969
8.378	-5.909
8.518	-5.689
8.938	-5.269
9.078	-5.069
9.138	-5.009
POLYLINE BLACK
13.376	-4.335
13.356	-4.345
13.316	-4.315
13.306	-4.275
13.276	-4.215
13.296	-4.125
13.306	-4.105
13.306	-4.105
13.276	-4.025
13.256	-4.005
13.246	-3.945
13.196	-3.855
13.216	-3.795
13.276	-3.735
13.436	-3.665
13.586	-3.635
13.606	-3.645
13.666	-3.635
13.826	-3.675
13.886	-3.715
13.906	-3.715
13.976	-3.885
13.966	-3.925
13.896	-3.995
13.896	-4.035
13.846	-4.145
13.766	-4.205
13.766	-4.235
POLYLINE BLACK
13.396	-4.355
13.456	-4.375
13.476	-4.365
13.496	-4.375
13.536	-4.365
13.556	-4.375
13.596	-4.365
13.636	-4.365
13.696	-4.345
13.756	-4.275
13.786	-4.205
13.806	-4.185
POLYLINE GRAY
12.446	-3.815
12.456	-3.835
12.476	-3.835
12.506	-3.915
12.576	-4.125
12.596	-4.175
12.616	-4.195
12.616	-4.215
12.666	-4.295
12.686	-4.345
12.726	-4.385
12.736	-4.425
12.976	-4.355
13.056	-4.305
13.076	-4.305
13.106	-4.265
13.106	-4.245
13.046	-4.215
13.016	-4.215
12.996	-4.225
12.976	-4.215
13.056	-4.205
13.096	-4.195
13.116	-4.215
13.116	-4.285
13.066	-4.415
POLYLINE GRAY
11.886	-2.445
11.946	-2.535
11.966	-2.605
12.046	-2.725
12.126	-2.905
12.146	-2.925
12.156	-2.965
12.196	-3.025
POLYLINE BLACK
17.696	-4.025
17.676	-4.005
17.636	-4.005
17.596	-4.015
17.556	-4.005
17.516	-4.015
17.496	-3.995
17.476	-4.015
17.456	-4.005
17.436	-4.015
17.336	-3.985
17.316	-3.965
17.296	-3.965
17.246	-3.905
17.206	-3.845
17.206	-3.645
17.216	-3.605
17.236	-3.515
17.296	-3.415
17.336	-3.395
17.356	-3.405
17.376	-3.395
17.396	-3.405
17.436	-3.385
17.496	-3.405
17.516	-3.385
17.536	-3.405
17.576	-3.385
17.596	-3.395
17.656	-3.375
17.716	-3.375
17.836	-3.425
17.856	-3.445
17.896	-3.455
17.916	-3.475
17.916	-3.615
17.926	-3.655
17.866	-3.755
17.866	-3.865
17.816	-3.965
17.776	-3.985
17.766	-4.005
17.746	-4.005
17.726	-4.025
17.706	-4.015
17.666	-4.035
17.626	-4.025
17.586	-4.035
POLYLINE CONNECT
17.426	-3.585
14.833	-2.405
POLYLINE BLACK
14.361	-5.665
14.316	-5.560
14.286	-5.545
POLYLINE BLACK
14.886	-5.920
15.006	-6.235
15.006	-6.235
15.066	-6.130
15.081	-6.100
15.111	-6.100
15.171	-6.235
15.171	-6.265
15.381	-5.905
15.381	-5.875
POLYLINE BLACK
14.646	-6.250
14.616	-6.250
14.526	-6.175
14.511	-6.100
14.586	-5.980
14.646	-5.935
14.706	-5.935
14.766	-5.980
14.766	-6.010
14.796	-6.070
14.781	-6.130
14.706	-6.220
14.676	-6.235
POLYLINE BLACK
14.181	-5.965
14.196	-6.025
14.196	-6.220
14.226	-6.250
14.256	-6.250
14.391	-6.220
14.451	-6.220
POLYLINE BLACK
14.691	-5.650
14.661	-5.650
14.631	-5.575
14.691	-5.440
14.751	-5.395
14.826	-5.425
14.901	-5.545
14.901	-5.575
14.841	-5.665
14.811	-5.665
14.781	-5.680
14.736	-5.665
14.676	-5.695
POLYLINE BLACK
14.316	-5.545
14.316	-5.485
14.301	-5.455
14.316	-5.395
14.421	-5.365
14.481	-5.410
14.481	-5.440
14.526	-5.500
14.526	-5.545
14.511	-5.605
14.481	-5.605
14.421	-5.620
14.376	-5.620
14.346	-5.635
14.331	-5.605
POLYLINE BLACK
14.331	-5.650
POLYLINE BLACK
13.866	-5.380
13.896	-5.395
13.926	-5.365
14.136	-5.365
14.241	-5.380
POLYLINE BLACK
14.061	-5.395
14.061	-5.455
14.076	-5.515
14.076	-5.620
14.091	-5.680
POLYLINE BLACK
14.286	-5.065
14.286	-5.170
POLYLINE BLACK
14.541	-4.585
14.541	-4.615
14.511	-4.630
14.466	-4.720
14.451	-4.795
POLYLINE BLACK
15.351	-4.480
15.336	-4.600
POLYLINE BLACK
15.201	-5.155
15.186	-5.230
15.141	-5.290
POLYLINE BLACK
15.231	-4.780
15.246	-4.810
15.246	-4.855
15.231	-4.885
POLYLINE BLACK
15.381	-4.570
POLYLINE BLACK
14.316	-4.945
POLYLINE BLACK
14.451	-4.705
POLYLINE BLACK
14.646	-4.345
14.616	-4.375
14.616	-4.405
POLYLINE BLACK
14.511	-2.995
14.511	-3.025
14.541	-3.040
14.601	-3.025
14.616	-3.055
14.706	-3.130
14.751	-3.190
14.751	-3.220
14.766	-3.280
14.766	-3.430
14.796	-3.490
14.781	-3.550
14.781	-3.580
14.766	-3.640
14.766	-3.745
14.736	-3.865
14.736	-3.970
14.706	-4.030
14.706	-4.060
14.691	-4.120
14.691	-4.150
POLYLINE BLACK
15.351	-4.180
15.396	-4.240
15.426	-4.315
15.456	-4.345
15.456	-4.015
15.396	-3.655
15.351	-3.460
15.306	-3.370
15.306	-3.340
15.186	-3.070
15.156	-3.040
15.156	-3.010
15.066	-2.830
14.976	-2.710
14.901	-2.590
14.871	-2.515
14.841	-2.500
14.811	-2.440
POLYLINE BLACK
9.936	-3.985
10.041	-4.015
10.311	-3.910
10.341	-3.910
10.746	-3.730
11.151	-3.565
11.196	-3.565
11.331	-3.475
11.481	-3.445
11.586	-3.400
11.646	-3.355
11.916	-3.220
11.976	-3.175
12.201	-3.100
12.771	-2.770
12.846	-2.740
13.056	-2.605
13.206	-2.530
13.266	-2.470
13.761	-2.260
14.001	-2.155
14.286	-2.125
14.406	-2.125
14.466	-2.170
14.496	-2.170
14.721	-2.305
14.736	-2.335
14.856	-2.440
POLYLINE BLACK
14.556	-2.995
14.496	-2.965
14.466	-2.965
14.436	-2.950
14.316	-3.010
14.286	-3.010
14.226	-3.055
14.136	-3.040
14.076	-3.085
14.001	-3.085
13.941	-3.115
13.746	-3.160
13.341	-3.340
13.311	-3.340
13.281	-3.370
13.221	-3.370
12.831	-3.565
12.351	-3.865
12.321	-3.865
12.291	-3.895
11.991	-4.045
11.871	-4.135
11.466	-4.390
11.061	-4.735
10.986	-4.855
10.956	-4.990
POLYLINE BLACK
18.126	0.930
18.141	0.900
18.201	0.855
18.231	0.855
18.306	0.825
18.366	0.840
18.441	0.810
18.501	0.825
18.576	0.825
18.606	0.840
18.666	0.795
18.726	0.825
18.786	0.825
18.846	0.840
18.921	0.840
19.041	0.885
19.071	0.855
19.131	0.855
19.191	0.840
19.251	0.840
19.296	0.780
19.356	0.780
19.386	0.765
19.386	0.705
19.326	0.585
19.221	0.435
19.071	0.345
19.056	0.315
19.026	0.315
18.966	0.225
18.966	0.105
18.951	0.075
19.071	-0.075
19.116	-0.135
19.116	-0.165
19.131	-0.225
19.131	-0.285
19.101	-0.300
19.086	-0.330
19.026	-0.345
18.876	-0.345
18.846	-0.330
18.771	-0.345
18.711	-0.330
18.621	-0.330
18.471	-0.270
18.321	-0.195
18.261	-0.075
18.186	0.045
18.186	0.075
18.156	0.135
18.156	0.165
18.126	0.225
18.126	0.255
18.006	0.360
17.916	0.405
17.871	0.465
17.841	0.465
17.811	0.495
17.781	0.495
17.691	0.555
17.676	0.585
17.586	0.645
17.556	0.705
17.526	0.720
17.511	0.750
POLYLINE BLACK
17.511	0.750
17.511	0.720
17.451	0.840
17.361	0.975
17.361	1.005
17.331	1.035
17.241	1.275
17.241	1.305
17.211	1.365
17.211	1.395
17.121	1.605
17.121	1.635
17.046	1.785
17.016	1.815
17.001	1.860
16.971	1.890
16.956	1.935
16.821	2.100
16.716	2.235
16.686	2.250
16.656	2.295
16.596	2.340
16.566	2.385
16.536	2.400
16.491	2.535
16.491	2.580
16.461	2.715
16.461	2.745
16.386	2.940
16.386	2.970
16.356	3.030
16.356	3.060
16.251	3.285
16.251	3.345
16.191	3.480
16.191	3.510
16.146	3.660
16.101	3.810
16.071	3.870
16.071	3.930
16.056	3.960
16.056	4.005
16.041	4.065
16.041	4.125
16.071	4.185
16.071	4.245
16.086	4.215
16.161	4.245
16.251	4.185
16.326	4.095
16.431	3.915
16.491	3.870
16.581	3.645
16.626	3.555
16.626	3.525
16.686	3.405
16.686	3.375
16.731	3.315
16.731	3.285
16.761	3.255
16.761	3.225
16.836	3.075
16.866	3.045
16.911	2.910
16.941	2.880
16.941	2.850
16.986	2.760
16.986	2.715
17.031	2.625
17.031	2.595
17.106	2.475
17.196	2.295
17.286	2.160
17.436	1.935
17.481	1.875
17.511	1.860
17.541	1.800
17.571	1.785
17.676	1.635
17.796	1.485
17.796	1.455
17.856	1.365
17.871	1.320
17.901	1.305
17.961	1.200
17.961	1.170
18.021	1.050
18.021	1.020
18.081	0.915
18.111	0.915
POLYLINE CONNECT
18.021	0.810
9.639	-4.616
POLYLINE BLACK
12.891	-8.440
12.891	-8.420
12.861	-8.370
12.851	-8.330
12.781	-8.260
12.761	-8.250
POLYLINE BLACK
12.841	-8.410
12.861	-8.420
12.861	-8.400
12.761	-8.330
POLYLINE BLACK
12.831	-8.350
12.831	-8.350
12.761	-8.250
12.711	-8.200
12.711	-8.050
12.831	-7.910
12.851	-7.900
12.911	-7.920
12.991	-7.910
13.031	-7.910
13.051	-7.890
13.111	-7.890
13.181	-7.880
13.201	-7.890
13.241	-7.880
13.281	-7.870
13.301	-7.880
13.321	-7.870
13.341	-7.880
13.361	-7.870
13.491	-7.910
13.521	-7.970
13.531	-8.050
13.531	-8.110
13.521	-8.150
13.521	-8.200
13.501	-8.240
13.501	-8.270
13.481	-8.310
POLYLINE BLACK
13.501	-8.200
13.501	-8.270
13.481	-8.330
13.471	-8.390
13.441	-8.430
13.441	-8.450
13.421	-8.460
13.391	-8.510
13.271	-8.570
13.221	-8.560
13.161	-8.580
13.121	-8.570
13.081	-8.560
13.001	-8.540
12.981	-8.520
12.961	-8.520
12.911	-8.410
12.911	-8.390
POLYLINE BLACK
12.611	-8.030
POLYLINE BLACK
17.041	-9.900
17.041	-9.920
17.111	-9.910
17.151	-9.910
17.171	-9.920
17.211	-9.910
17.251	-9.910
17.291	-9.900
17.321	-9.900
17.361	-9.890
17.441	-9.890
17.481	-9.880
17.521	-9.880
17.561	-9.870
17.581	-9.870
17.591	-9.840
17.611	-9.860
17.621	-9.840
17.661	-9.830
17.681	-9.810
17.701	-9.810
17.701	-9.770
17.711	-9.730
17.711	-9.670
17.701	-9.630
17.701	-9.600
17.641	-9.500
17.631	-9.460
17.651	-9.400
17.611	-9.390
17.571	-9.360
17.531	-9.370
17.491	-9.370
17.441	-9.380
17.401	-9.390
17.381	-9.400
17.361	-9.390
17.341	-9.400
17.281	-9.370
17.261	-9.380
17.221	-9.360
17.141	-9.380
17.101	-9.380
17.021	-9.350
16.961	-9.310
16.901	-9.310
16.881	-9.290
16.851	-9.290
16.791	-9.270
16.671	-9.310
16.561	-9.300
16.551	-9.320
16.531	-9.310
16.511	-9.330
16.491	-9.320
16.451	-9.350
16.271	-9.420
16.191	-9.440
16.111	-9.460
16.091	-9.480
16.031	-9.480
15.941	-9.510
15.901	-9.510
15.841	-9.540
15.811	-9.540
15.751	-9.560
15.711	-9.550
15.691	-9.560
15.671	-9.540
15.591	-9.560
15.551	-9.560
15.511	-9.580
15.481	-9.620
15.471	-9.680
15.521	-9.760
15.561	-9.760
15.581	-9.750
15.691	-9.780
15.861	-9.790
15.921	-9.810
15.971	-9.810
16.041	-9.800
16.061	-9.810
16.131	-9.790
16.171	-9.800
16.251	-9.810
16.291	-9.820
16.361	-9.840
16.401	-9.870
16.441	-9.870
16.481	-9.880
16.521	-9.880
16.541	-9.870
16.581	-9.890
16.611	-9.890
16.631	-9.880
16.691	-9.900
16.731	-9.900
16.771	-9.910
16.791	-9.900
16.831	-9.920
16.871	-9.910
16.921	-9.930
16.961	-9.920
17.021	-9.930
17.041	-9.910
17.061	-9.930
POLYLINE CONNECT
17.091	-9.620
17.105	-7.594
POLYLINE CONNECT
13.111	-8.160
13.034	-6.383
POLYLINE BLACK
20.031	-7.820
20.061	-7.860
20.111	-8.020
20.141	-7.990
20.201	-7.890
20.251	-8.010
20.351	-7.810
20.381	-7.770
20.391	-7.720
20.411	-7.700
POLYLINE BLACK
19.891	-8.050
19.851	-8.040
19.781	-7.970
19.781	-7.930
19.831	-7.860
19.891	-7.860
19.941	-7.910
19.951	-7.930
19.911	-8.030
19.851	-8.070
POLYLINE BLACK
19.521	-7.840
19.531	-7.930
19.531	-8.060
19.571	-8.070
19.701	-8.070
POLYLINE BLACK
19.961	-7.440
19.921	-7.430
19.881	-7.340
19.901	-7.270
19.921	-7.250
20.011	-7.250
20.031	-7.270
20.031	-7.300
20.041	-7.340
20.001	-7.430
19.961	-7.470
19.931	-7.480
POLYLINE BLACK
19.731	-7.450
19.711	-7.460
19.651	-7.400
19.651	-7.360
19.671	-7.320
19.731	-7.280
19.791	-7.320
19.801	-7.360
19.801	-7.390
19.751	-7.490
19.731	-7.510
POLYLINE BLACK
19.351	-7.320
19.471	-7.300
19.531	-7.280
POLYLINE BLACK
19.481	-7.300
19.491	-7.340
19.511	-7.420
19.521	-7.460
19.521	-7.510
POLYLINE BLACK
18.981	-7.570
18.981	-7.570
18.981	-7.570
18.851	-7.470
18.781	-7.440
18.711	-7.360
18.601	-7.190
18.521	-7.110
18.411	-6.980
18.311	-6.880
18.291	-6.830
18.251	-6.800
18.221	-6.750
18.191	-6.720
18.111	-6.620
18.071	-6.560
17.931	-6.420
17.851	-6.290
17.791	-6.220
17.721	-6.110
POLYLINE BLACK
16.861	-8.110
16.871	-8.150
16.911	-8.150
16.951	-8.140
17.001	-8.140
17.071	-8.130
17.161	-8.130
17.211	-8.120
17.271	-8.120
17.341	-8.140
17.391	-8.130
17.441	-8.130
17.461	-8.140
17.561	-8.120
17.601	-8.130
17.651	-8.130
17.761	-8.100
17.791	-8.110
17.841	-8.100
17.911	-8.090
17.941	-8.100
18.031	-8.070
18.201	-8.060
18.281	-8.060
18.331	-8.050
18.371	-8.050
18.421	-8.060
18.481	-8.040
18.521	-8.040
18.691	-7.990
18.711	-7.980
18.731	-7.990
18.851	-7.950
18.911	-7.910
18.971	-7.910
18.991	-7.890
19.011	-7.890
POLYLINE BLACK
17.451	-6.000
17.461	-5.920
17.461	-5.820
17.501	-5.820
17.521	-5.830
17.541	-5.820
17.621	-5.840
17.701	-5.910
17.711	-6.000
17.711	-6.060
17.691	-6.140
POLYLINE BLACK
17.431	-6.000
17.441	-6.020
17.421	-6.080
17.421	-6.110
17.351	-6.180
17.321	-6.210
17.221	-6.300
17.091	-6.420
16.991	-6.480
16.961	-6.480
16.821	-6.580
16.801	-6.570
16.781	-6.600
16.741	-6.600
16.721	-6.590
16.641	-6.630
16.601	-6.640
16.541	-6.660
16.501	-6.670
16.451	-6.680
16.431	-6.670
16.391	-6.680
16.371	-6.680
POLYLINE BLACK
14.071	-6.460
14.111	-6.480
14.131	-6.470
14.201	-6.510
14.321	-6.530
14.371	-6.540
14.461	-6.550
14.521	-6.550
14.541	-6.560
14.621	-6.550
14.641	-6.560
14.691	-6.560
14.711	-6.570
14.741	-6.560
14.761	-6.570
14.781	-6.560
14.821	-6.560
14.861	-6.580
14.891	-6.580
14.911	-6.600
14.971	-6.590
15.111	-6.610
15.161	-6.620
15.251	-6.630
15.271	-6.640
15.291	-6.630
15.381	-6.650
15.441	-6.650
15.481	-6.660
15.591	-6.660
15.631	-6.670
15.671	-6.660
15.711	-6.660
15.761	-6.650
15.811	-6.650
15.831	-6.660
15.851	-6.650
15.871	-6.660
15.941	-6.640
15.961	-6.650
15.991	-6.640
16.031	-6.650
16.171	-6.650
16.241	-6.660
16.281	-6.660
16.331	-6.670
16.401	-6.670
16.541	-6.640
16.561	-6.640
POLYLINE BLACK
16.871	-8.120
16.901	-8.160
16.861	-8.150
16.841	-8.140
16.801	-8.150
16.731	-8.140
16.691	-8.150
16.611	-8.150
16.571	-8.160
16.461	-8.120
16.411	-8.090
16.371	-8.080
16.321	-8.060
16.301	-8.070
16.231	-8.020
16.181	-8.010
16.021	-7.960
15.921	-7.940
15.881	-7.930
15.841	-7.940
15.821	-7.920
15.721	-7.910
15.591	-7.850
15.551	-7.840
15.401	-7.790
15.361	-7.770
15.321	-7.780
15.301	-7.760
15.271	-7.760
15.131	-7.720
15.091	-7.710
14.961	-7.640
14.811	-7.590
14.791	-7.570
14.561	-7.480
14.441	-7.440
14.251	-7.340
14.161	-7.310
13.951	-7.170
13.811	-7.050
13.791	-7.050
13.731	-7.000
13.631	-6.950
13.611	-6.950
13.551	-6.920
13.471	-6.900
13.391	-6.870
13.321	-6.860
13.281	-6.870
13.221	-6.870
13.181	-6.880
13.141	-6.890
13.101	-6.880
13.041	-6.880
13.001	-6.890
POLYLINE BLACK
11.391	-8.180
11.411	-8.190
11.561	-8.100
11.591	-8.030
11.731	-7.870
11.871	-7.680
11.921	-7.630
12.001	-7.520
12.041	-7.450
12.111	-7.380
12.181	-7.310
12.241	-7.270
12.341	-7.200
12.471	-7.130
12.611	-7.040
12.631	-7.040
12.691	-6.990
12.751	-6.960
12.791	-6.950
12.811	-6.930
12.831	-6.940
12.951	-6.890
13.001	-6.890
13.061	-6.870
13.081	-6.870
POLYLINE BLACK
14.171	-6.490
14.191	-6.510
14.121	-6.510
14.081	-6.480
14.051	-6.480
13.961	-6.440
13.941	-6.440
13.921	-6.420
13.881	-6.410
13.811	-6.390
13.781	-6.390
13.761	-6.370
13.721	-6.360
13.491	-6.300
13.421	-6.280
13.381	-6.270
13.361	-6.260
13.341	-6.270
13.281	-6.240
13.201	-6.240
13.171	-6.220
13.131	-6.220
13.111	-6.210
POLYLINE BLACK
10.961	-4.890
10.971	-4.970
10.951	-5.070
10.931	-5.190
10.931	-5.250
10.921	-5.290
10.921	-5.340
10.911	-5.390
10.911	-5.560
10.931	-5.650
10.931	-5.690
10.941	-5.740
10.941	-5.780
10.951	-5.820
10.941	-5.870
10.941	-5.910
10.891	-6.050
10.881	-6.160
10.881	-6.260
10.871	-6.300
10.871	-6.340
10.861	-6.380
10.861	-6.720
10.871	-6.740
10.861	-6.760
10.871	-6.830
10.871	-6.870
10.881	-6.910
10.881	-6.950
10.921	-7.070
10.941	-7.090
10.981	-7.080
11.001	-7.090
11.021	-7.080
11.061	-7.090
11.121	-7.090
11.141	-7.070
11.161	-7.070
11.191	-7.030
11.231	-7.020
11.291	-6.980
11.301	-6.960
11.321	-6.960
11.451	-6.830
11.461	-6.800
11.601	-6.700
11.641	-6.690
11.681	-6.650
11.741	-6.610
11.881	-6.510
11.901	-6.510
11.921	-6.490
11.961	-6.480
12.041	-6.430
12.081	-6.430
12.161	-6.380
12.201	-6.370
12.301	-6.330
12.321	-6.310
12.361	-6.310
12.381	-6.290
12.441	-6.290
12.501	-6.270
12.531	-6.270
12.571	-6.260
12.611	-6.250
12.631	-6.230
12.671	-6.240
12.701	-6.240
12.721	-6.230
12.741	-6.240
12.781	-6.230
12.821	-6.230
12.931	-6.210
13.011	-6.210
13.031	-6.220
13.051	-6.210
13.111	-6.230
13.131	-6.220
13.171	-6.250
13.171	-6.230
POLYLINE BLACK
10.791	-6.900
10.781	-6.940
10.621	-6.960
10.581	-6.960
10.491	-6.940
10.401	-6.950
10.361	-6.940
10.261	-6.960
10.231	-6.890
10.211	-6.680
10.151	-6.290
10.051	-5.870
10.041	-5.850
10.071	-5.850
10.291	-5.930
10.421	-5.960
10.511	-5.940
10.621	-5.940
10.741	-5.910
10.791	-5.890
10.791	-6.020
10.781	-6.070
10.781	-6.180
10.791	-6.280
10.791	-6.340
10.801	-6.450
10.811	-6.470
10.811	-6.760
10.801	-6.810
10.781	-6.890
10.771	-6.930
10.771	-6.950
POLYLINE BLACK
10.711	-8.150
10.701	-8.170
10.651	-8.180
10.631	-8.200
10.461	-8.280
10.351	-8.290
10.311	-8.300
10.271	-8.310
10.191	-8.180
10.151	-7.960
10.151	-7.920
10.141	-7.880
10.141	-7.800
10.131	-7.760
10.131	-7.730
10.171	-7.730
10.231	-7.710
10.271	-7.670
10.351	-7.630
10.521	-7.490
10.581	-7.450
10.631	-7.430
10.651	-7.410
10.671	-7.430
10.691	-7.580
10.691	-7.710
10.681	-7.840
10.661	-7.960
10.651	-8.060
10.641	-8.130
POLYLINE BLACK
10.211	-7.310
10.221	-7.330
10.241	-7.260
10.211	-7.060
10.141	-6.900
10.121	-6.810
10.111	-6.760
10.091	-6.590
10.081	-6.540
10.071	-6.440
10.031	-6.320
9.941	-6.190
9.791	-6.000
9.671	-5.760
9.641	-5.710
9.561	-5.600
9.531	-5.530
9.471	-5.430
9.261	-5.000
9.221	-4.940
POLYLINE BLACK
11.272	-8.397
11.195	-8.376
11.181	-8.376
11.132	-8.355
11.118	-8.355
11.076	-8.334
11.062	-8.334
10.992	-8.299
10.978	-8.299
10.950	-8.271
10.936	-8.271
10.894	-8.236
10.880	-8.236
10.838	-8.215
10.824	-8.201
10.824	-8.215
10.768	-8.292
10.719	-8.355
10.712	-8.376
10.677	-8.418
10.649	-8.481
10.572	-8.586
10.537	-8.628
10.474	-8.698
10.446	-8.740
10.432	-8.747
POLYLINE BLACK
10.278	-8.691
POLYLINE BLACK
10.390	-8.754
10.404	-8.768
10.418	-8.761
10.467	-8.782
10.516	-8.789
10.586	-8.817
10.691	-8.838
10.768	-8.866
10.782	-8.880
10.873	-8.922
10.887	-8.936
10.901	-8.936
10.901	-8.950
10.908	-8.936
10.922	-8.929
10.950	-8.866
11.090	-8.656
11.111	-8.642
11.118	-8.621
11.139	-8.607
11.216	-8.481
11.279	-8.404
11.321	-8.341
11.377	-8.271
11.384	-8.257
11.412	-8.236
11.454	-8.180
POLYLINE BLACK
9.886	-9.706
9.900	-9.706
9.907	-9.685
9.942	-9.643
9.963	-9.636
9.963	-9.615
9.991	-9.573
9.991	-9.538
10.047	-9.454
10.047	-9.440
10.061	-9.412
10.061	-9.398
10.096	-9.398
10.138	-9.384
10.166	-9.391
10.180	-9.391
10.208	-9.398
10.222	-9.398
10.264	-9.412
10.264	-9.398
10.313	-9.293
10.327	-9.286
10.369	-9.230
10.488	-9.097
10.544	-9.020
10.621	-8.936
10.656	-8.894
10.649	-8.880
10.551	-8.838
10.537	-8.845
10.530	-8.831
10.502	-8.824
10.488	-8.824
POLYLINE BLACK
9.936	-7.907
9.936	-7.937
9.956	-7.957
9.996	-7.827
10.036	-7.787
10.066	-7.717
10.106	-7.657
10.176	-7.527
10.186	-7.487
10.206	-7.417
10.226	-7.337
10.246	-7.317
10.246	-7.297
10.286	-7.257
POLYLINE BLUE
10.277	-10.061
10.291	-10.089
10.291	-10.110
10.319	-10.117
10.417	-10.173
POLYLINE BLUE
11.138	-10.187
11.117	-10.173
11.103	-10.145
11.061	-10.131
11.040	-10.131
11.012	-10.124
10.984	-10.138
10.949	-10.187
10.942	-10.208
10.900	-10.236
10.851	-10.215
10.781	-10.159
10.746	-10.117
10.718	-10.103
10.690	-10.110
10.676	-10.110
10.655	-10.138
10.641	-10.173
10.627	-10.173
10.613	-10.187
10.599	-10.187
10.585	-10.173
10.564	-10.173
10.480	-10.096
10.466	-10.096
10.424	-10.082
10.403	-10.082
10.347	-10.068
10.326	-10.054
10.312	-10.054
10.284	-10.047
10.256	-10.047
10.270	-10.040
10.291	-10.040
10.368	-10.012
10.382	-10.012
10.396	-9.998
10.431	-9.991
10.445	-9.991
POLYLINE BLACK
9.675	-10.341
9.675	-10.355
9.661	-10.369
9.619	-10.355
9.591	-10.327
POLYLINE BLACK
9.710	-10.229
9.710	-10.243
9.668	-10.243
9.654	-10.229
9.640	-10.229
9.626	-10.222
POLYLINE BLACK
9.752	-10.152
9.738	-10.152
9.710	-10.145
9.689	-10.145
9.661	-10.138
POLYLINE BLACK
9.787	-10.033
9.780	-10.047
9.724	-10.019
9.710	-10.019
POLYLINE BLACK
9.815	-9.942
9.801	-9.949
9.745	-9.914
POLYLINE BLACK
9.857	-9.809
9.850	-9.823
9.794	-9.788
POLYLINE BLACK
9.906	-9.711
9.906	-9.725
9.850	-9.879
9.822	-9.949
POLYLINE BLACK
9.906	-9.676
9.878	-9.676
9.850	-9.669
POLYLINE BLACK
9.983	-9.529
9.983	-9.543
9.990	-9.557
9.962	-9.557
9.934	-9.550
POLYLINE BLACK
9.997	-9.375
10.004	-9.389
9.983	-9.431
POLYLINE BLACK
9.899	-9.291
9.920	-9.326
9.920	-9.354
9.913	-9.382
9.913	-9.396
POLYLINE BLACK
9.808	-9.207
POLYLINE BLACK
10.081	-9.410
10.081	-9.424
10.053	-9.403
10.039	-9.403
9.997	-9.375
9.969	-9.354
9.948	-9.354
9.906	-9.326
9.878	-9.333
9.850	-9.305
9.836	-9.305
9.794	-9.284
9.787	-9.270
9.794	-9.242
9.794	-9.221
9.836	-9.137
9.871	-9.095
9.885	-9.060
9.920	-9.018
9.983	-8.906
10.004	-8.836
10.025	-8.787
10.025	-8.773
10.067	-8.682
10.067	-8.668
10.095	-8.626
10.095	-8.605
10.102	-8.619
10.158	-8.633
10.172	-8.633
10.214	-8.668
10.298	-8.710
10.312	-8.710
10.326	-8.731
10.368	-8.759
10.382	-8.773
10.396	-8.773
10.424	-8.794
10.438	-8.794
10.452	-8.808
10.466	-8.808
10.480	-8.822
10.473	-8.808
10.473	-8.822
POLYLINE BLACK
9.766	-9.284
9.780	-9.284
9.808	-9.305
9.878	-9.319
POLYLINE BLACK
9.724	-9.424
9.752	-9.438
9.780	-9.438
9.808	-9.459
9.822	-9.459
POLYLINE BLACK
9.661	-9.536
9.703	-9.571
9.738	-9.585
POLYLINE BLACK
9.535	-9.704
9.570	-9.676
9.647	-9.564
POLYLINE BLACK
9.619	-9.549
9.629	-9.599
9.679	-9.549
9.739	-9.409
9.789	-9.339
9.789	-9.269
9.829	-9.189
POLYLINE BLACK
9.929	-7.949
9.969	-7.979
9.989	-7.969
9.989	-8.009
9.939	-8.179
9.859	-8.349
9.829	-8.399
9.799	-8.489
9.769	-8.529
9.719	-8.669
9.709	-8.709
9.659	-8.819
9.659	-8.849
9.619	-8.909
9.609	-8.959
9.549	-9.089
9.539	-9.129
9.459	-9.329
9.339	-9.589
9.269	-9.689
9.259	-9.729
POLYLINE BLACK
9.699	-10.189
9.739	-10.219
9.889	-10.219
9.929	-10.229
9.999	-10.229
10.039	-10.219
10.189	-10.219
10.219	-10.229
10.269	-10.219
10.369	-10.219
10.409	-10.229
10.459	-10.229
10.549	-10.259
10.579	-10.259
10.649	-10.299
10.719	-10.299
10.779	-10.329
10.869	-10.349
10.909	-10.369
10.959	-10.369
11.029	-10.409
11.069	-10.399
11.109	-10.399
11.199	-10.419
11.219	-10.409
11.259	-10.419
11.329	-10.409
11.369	-10.419
11.409	-10.399
11.449	-10.409
11.489	-10.419
11.579	-10.439
11.609	-10.409
11.659	-10.359
11.699	-10.219
11.709	-10.179
11.709	-10.029
11.689	-9.939
11.669	-9.939
11.649	-9.919
11.609	-9.909
11.569	-9.919
11.549	-9.919
11.499	-9.999
11.459	-10.009
11.439	-10.009
11.419	-9.989
11.399	-9.999
11.319	-9.979
11.299	-9.999
11.279	-9.999
11.259	-9.979
11.199	-9.999
11.089	-9.949
11.059	-9.949
10.949	-9.909
10.909	-9.919
10.799	-9.919
10.759	-9.909
10.659	-9.889
10.619	-9.879
10.579	-9.869
10.559	-9.879
10.479	-9.839
10.439	-9.839
10.399	-9.829
10.369	-9.829
10.349	-9.819
10.309	-9.829
10.289	-9.809
10.249	-9.809
10.119	-9.779
10.079	-9.779
10.039	-9.759
9.999	-9.769
9.969	-9.759
9.949	-9.769
9.929	-9.749
9.889	-9.739
9.859	-9.709
9.859	-9.729
9.869	-9.709
POLYLINE BLACK
9.619	-9.899
POLYLINE BLACK
13.798	-12.064
13.798	-12.078
13.791	-12.092
13.763	-12.099
13.749	-12.099
13.735	-12.106
13.721	-12.092
13.707	-12.092
13.693	-12.099
13.679	-12.085
13.651	-12.092
13.623	-12.113
13.616	-12.127
13.630	-12.155
13.630	-12.295
13.616	-12.323
13.616	-12.337
13.602	-12.351
13.560	-12.351
13.546	-12.344
13.532	-12.358
13.518	-12.358
13.490	-12.351
13.476	-12.358
13.462	-12.351
13.448	-12.358
13.420	-12.351
13.406	-12.351
13.378	-12.344
13.350	-12.344
13.322	-12.330
13.308	-12.330
13.294	-12.337
13.266	-12.330
13.252	-12.316
13.238	-12.316
13.210	-12.309
13.196	-12.316
13.168	-12.302
13.147	-12.274
13.140	-12.239
13.140	-12.197
13.133	-12.176
13.140	-12.148
13.140	-12.120
13.133	-12.092
13.133	-12.078
13.147	-12.050
13.147	-12.036
13.189	-11.973
13.196	-11.959
13.196	-11.938
13.189	-11.910
13.189	-11.868
13.203	-11.833
13.238	-11.791
13.315	-11.756
13.343	-11.735
13.427	-11.714
13.455	-11.707
13.483	-11.721
13.497	-11.721
13.525	-11.714
13.539	-11.714
13.588	-11.735
13.602	-11.728
13.672	-11.756
13.686	-11.749
13.714	-11.756
13.756	-11.756
13.812	-11.777
13.826	-11.791
13.826	-11.973
13.819	-12.001
13.819	-12.015
13.812	-12.043
13.812	-12.057
13.798	-12.085
13.798	-12.099
POLYLINE CONNECT
13.616	-12.072
9.162	-10.763
POLYLINE BLACK
9.532	-9.711
9.546	-9.711
9.574	-9.718
9.588	-9.718
9.616	-9.725
9.630	-9.725
9.644	-9.732
POLYLINE BLACK
9.476	-9.823
9.504	-9.830
9.539	-9.830
9.553	-9.823
9.581	-9.844
POLYLINE BLACK
9.434	-9.900
9.434	-9.914
9.448	-9.928
9.455	-9.907
9.476	-9.879
9.518	-9.788
9.518	-9.774
9.546	-9.704
9.560	-9.690
9.560	-9.676
9.574	-9.648
POLYLINE BLACK
9.399	-10.019
9.455	-10.033
9.483	-10.033
9.497	-10.040
POLYLINE BLACK
9.434	-9.942
9.441	-9.956
9.455	-9.963
9.518	-9.963
9.546	-9.970
POLYLINE BLACK
9.357	-10.110
9.371	-10.110
9.385	-10.124
9.413	-10.124
9.427	-10.131
9.441	-10.124
POLYLINE BLACK
9.322	-10.229
9.322	-10.250
9.329	-10.264
9.413	-10.264
POLYLINE BLACK
9.392	-10.390
9.385	-10.418
9.385	-10.432
9.378	-10.446
9.378	-10.467
POLYLINE BLACK
9.518	-10.369
9.518	-10.383
9.525	-10.397
9.525	-10.418
9.511	-10.474
POLYLINE BLACK
9.567	-10.481
9.574	-10.495
9.546	-10.481
9.532	-10.488
POLYLINE BLACK
9.526	-10.442
9.546	-10.482
9.536	-10.502
9.516	-10.492
9.496	-10.502
9.476	-10.482
9.456	-10.492
9.436	-10.482
9.416	-10.492
9.376	-10.482
9.316	-10.472
9.296	-10.452
9.286	-10.382
9.296	-10.342
9.346	-10.282
9.356	-10.232
9.426	-10.022
9.506	-9.892
POLYLINE BLACK
8.706	-10.452
8.706	-10.482
8.736	-10.442
8.786	-10.432
8.886	-10.292
8.906	-10.282
8.946	-10.212
9.036	-10.102
9.086	-10.082
9.096	-10.042
9.126	-9.992
9.126	-9.972
9.156	-9.922
9.206	-9.822
9.256	-9.762
9.256	-9.742
9.286	-9.702
POLYLINE BLACK
9.406	-10.852
9.426	-10.792
9.426	-10.742
9.476	-10.632
9.556	-10.572
9.596	-10.482
9.626	-10.452
9.696	-10.342
9.696	-10.302
9.746	-10.152
9.766	-10.132
9.776	-10.092
9.816	-9.982
9.846	-9.942
POLYLINE BLACK
8.266	-10.922
8.296	-10.992
8.336	-11.002
8.466	-10.892
8.546	-10.802
8.556	-10.752
8.586	-10.722
8.646	-10.622
8.716	-10.512
POLYLINE BLACK
9.376	-10.832
9.436	-10.882
9.516	-10.892
9.556	-10.892
9.606	-10.872
9.626	-10.882
9.646	-10.872
9.676	-10.882
9.736	-10.862
9.766	-10.882
9.846	-10.872
9.886	-10.882
9.936	-10.902
10.096	-10.902
10.116	-10.892
10.136	-10.902
10.166	-10.892
10.206	-10.902
10.506	-10.902
10.526	-10.892
10.576	-10.902
10.626	-10.912
10.666	-10.902
10.706	-10.902
10.746	-10.892
10.796	-10.892
10.886	-10.872
10.956	-10.862
11.016	-10.892
11.056	-10.902
11.136	-10.922
11.156	-10.912
11.196	-10.942
11.216	-10.932
11.276	-10.952
11.316	-10.962
11.336	-10.952
11.356	-10.962
POLYLINE BROWN
14.076	-28.767
14.106	-28.827
14.106	-28.767
14.046	-28.707
14.076	-28.767
14.016	-28.797
POLYLINE BROWN
14.136	-29.067
14.166	-29.127
14.106	-29.157
14.166	-29.157
14.166	-29.097
POLYLINE BROWN
14.106	-29.157
POLYLINE BROWN
14.046	-28.857
POLYLINE BROWN
13.386	-29.367
13.446	-29.307
13.476	-29.157
13.566	-29.037
13.596	-28.887
13.686	-28.707
13.716	-28.587
POLYLINE BROWN
13.386	-28.677
13.476	-28.797
13.776	-29.427
POLYLINE BROWN
10.956	-27.357
11.061	-27.447
11.241	-27.657
11.256	-27.702
11.346	-27.792
11.376	-27.792
POLYLINE BROWN
10.941	-27.492
10.971	-27.477
11.061	-27.342
11.181	-27.207
11.346	-27.087
POLYLINE BROWN
10.851	-26.937
10.851	-27.012
10.911	-27.222
10.911	-27.252
10.926	-27.282
10.926	-27.357
10.941	-27.432
10.941	-27.507
10.956	-27.567
10.956	-27.837
POLYLINE BROWN
34.211	-29.587
34.451	-29.847
34.511	-30.107
34.511	-30.687
34.491	-30.787
34.491	-30.847
34.311	-31.147
34.171	-31.267
34.091	-31.307
34.071	-31.347
POLYLINE BROWN
33.551	-29.867
33.551	-29.847
33.551	-30.307
33.531	-30.447
33.511	-30.687
33.551	-30.767
33.611	-30.807
33.671	-30.807
33.751	-30.847
34.091	-30.847
POLYLINE BROWN
32.611	-29.887
32.631	-29.967
32.651	-30.207
32.651	-30.427
32.631	-30.507
32.631	-30.567
32.611	-30.647
32.691	-30.727
32.991	-30.807
33.231	-30.827
33.271	-30.847
POLYLINE BROWN
31.831	-30.527
31.831	-30.487
31.931	-30.507
32.051	-30.467
32.151	-30.487
32.231	-30.487
POLYLINE BROWN
31.671	-30.827
31.691	-30.727
31.691	-30.647
31.771	-30.287
31.791	-30.027
31.831	-29.907
32.031	-30.247
32.171	-30.587
32.191	-30.667
32.251	-30.827
POLYLINE BROWN
30.651	-30.787
30.691	-30.747
30.711	-30.627
30.791	-30.327
30.791	-30.247
30.871	-29.927
30.891	-29.887
30.911	-29.967
30.991	-30.167
31.031	-30.207
31.031	-30.247
31.111	-30.167
31.231	-29.887
31.231	-29.847
31.291	-29.947
31.291	-30.027
31.391	-30.467
31.411	-30.687
31.411	-30.747
POLYLINE BROWN
29.831	-29.887
29.871	-29.907
29.971	-29.847
30.051	-29.847
30.111	-29.827
30.271	-29.887
30.411	-29.987
30.511	-30.147
30.531	-30.247
30.431	-30.447
30.211	-30.647
30.111	-30.687
30.031	-30.747
POLYLINE BROWN
29.871	-29.867
29.911	-29.967
29.931	-30.367
29.951	-30.547
29.951	-30.707
29.971	-30.747
POLYLINE BROWN
29.131	-30.567
29.171	-30.587
29.231	-30.567
29.331	-30.587
29.451	-30.547
POLYLINE BROWN
28.951	-30.827
28.991	-30.847
29.031	-30.787
29.031	-30.747
29.071	-30.687
29.251	-29.767
29.491	-30.327
29.551	-30.627
29.571	-30.887
29.591	-30.947
POLYLINE BROWN
28.291	-29.987
28.331	-29.887
28.511	-29.787
28.591	-29.767
28.691	-29.767
28.771	-29.827
28.791	-29.947
28.791	-30.067
28.691	-30.187
28.511	-30.247
28.791	-30.667
28.871	-30.867
POLYLINE BROWN
28.351	-29.867
28.371	-29.947
28.451	-30.387
28.451	-30.467
28.471	-30.567
28.471	-30.927
POLYLINE BROWN
26.691	-30.847
26.771	-30.667
27.011	-30.247
27.191	-30.027
POLYLINE BROWN
26.531	-30.107
26.671	-30.267
26.731	-30.367
26.831	-30.507
POLYLINE BROWN
25.671	-30.767
25.691	-30.667
25.691	-30.287
25.731	-30.187
25.831	-30.307
25.971	-30.547
26.071	-30.727
26.111	-30.767
26.131	-30.687
26.231	-30.367
26.231	-30.287
26.291	-30.087
POLYLINE BROWN
25.211	-30.747
25.171	-30.767
25.071	-30.727
25.011	-30.647
24.991	-30.547
24.991	-30.447
25.011	-30.347
25.151	-30.247
25.191	-30.247
25.331	-30.147
25.431	-30.267
25.491	-30.367
25.511	-30.567
25.331	-30.747
POLYLINE BROWN
24.151	-30.147
24.151	-30.187
24.231	-30.147
24.351	-30.167
24.491	-30.147
24.551	-30.167
24.671	-30.127
24.771	-30.147
24.831	-30.147
24.911	-30.167
POLYLINE BROWN
24.471	-30.147
24.571	-30.527
24.591	-30.647
24.651	-30.887
POLYLINE BROWN
24.251	-31.227
24.251	-31.227
24.031	-30.967
23.951	-30.887
23.851	-30.667
23.831	-30.587
23.811	-30.487
23.811	-30.307
23.971	-29.867
24.051	-29.767
POLYLINE BROWN
22.251	-30.247
22.291	-30.207
22.291	-30.167
22.391	-30.107
22.491	-30.087
22.591	-30.067
22.711	-30.087
22.851	-30.207
22.871	-30.347
22.771	-30.447
22.611	-30.507
22.431	-30.447
22.631	-30.587
22.831	-30.807
23.011	-31.147
POLYLINE BROWN
22.331	-30.207
22.391	-30.707
22.451	-30.987
22.451	-31.067
POLYLINE BROWN
21.631	-31.027
21.591	-31.067
21.651	-31.027
21.731	-31.047
21.971	-31.047
22.051	-31.067
22.231	-31.067
POLYLINE BROWN
21.671	-30.527
21.791	-30.567
21.851	-30.567
POLYLINE BROWN
21.491	-30.147
21.531	-30.127
21.631	-30.147
21.811	-30.167
21.871	-30.147
POLYLINE BROWN
21.511	-30.107
21.551	-30.267
21.571	-30.607
21.591	-30.707
21.611	-30.947
21.631	-31.027
POLYLINE BROWN
21.151	-30.067
21.091	-30.067
20.911	-30.127
20.671	-30.407
20.631	-30.587
20.631	-30.707
20.671	-30.887
20.771	-31.007
20.851	-30.987
20.951	-30.947
21.071	-30.847
21.091	-30.947
21.131	-31.067
20.871	-30.727
20.851	-30.687
20.951	-30.667
21.051	-30.667
21.171	-30.707
21.291	-30.687
21.331	-30.687
POLYLINE BROWN
19.671	-30.227
19.751	-30.207
19.931	-30.207
20.211	-30.287
20.251	-30.287
20.391	-30.387
20.431	-30.487
20.391	-30.647
20.331	-30.787
20.191	-30.927
19.971	-31.067
POLYLINE BROWN
19.751	-30.187
19.791	-30.427
19.791	-30.567
19.891	-31.147
POLYLINE BROWN
18.951	-30.747
18.971	-30.787
19.051	-30.767
19.391	-30.767
19.531	-30.747
19.591	-30.747
POLYLINE BROWN
18.851	-31.207
18.871	-31.247
18.911	-31.187
18.931	-31.087
19.011	-30.687
19.051	-30.447
19.151	-30.187
19.331	-30.567
19.471	-30.987
19.531	-31.087
19.571	-31.167
POLYLINE BROWN
17.991	-30.287
18.031	-30.367
18.071	-30.387
18.251	-30.287
18.331	-30.267
18.451	-30.207
18.531	-30.227
18.591	-30.227
18.651	-30.307
18.631	-30.387
18.591	-30.487
18.471	-30.587
18.391	-30.627
18.711	-30.747
18.751	-30.787
18.751	-31.007
18.651	-31.067
18.431	-31.127
18.391	-31.107
18.291	-31.127
POLYLINE BROWN
18.111	-30.307
18.191	-30.427
18.311	-30.827
18.331	-31.167
18.351	-31.227
18.311	-31.367
POLYLINE BROWN
16.571	-30.487
16.551	-30.527
16.611	-30.807
16.631	-31.027
16.631	-31.087
16.651	-31.187
16.651	-31.367
POLYLINE BROWN
16.591	-30.607
16.631	-30.887
16.631	-31.107
POLYLINE BROWN
16.171	-30.927
16.251	-30.947
16.351	-30.947
16.491	-30.967
16.811	-30.967
16.911	-30.987
POLYLINE BROWN
28.451	-28.707
28.531	-28.367
28.531	-28.167
28.551	-27.987
28.571	-27.907
28.631	-27.987
28.791	-28.467
28.831	-28.647
28.851	-28.687
28.971	-28.387
29.031	-28.127
29.091	-27.907
29.091	-27.847
29.111	-27.747
POLYLINE BROWN
27.851	-28.447
27.891	-28.467
28.011	-28.427
28.111	-28.427
28.251	-28.407
POLYLINE BROWN
27.751	-28.727
27.871	-28.427
28.011	-27.887
28.071	-27.987
28.231	-28.407
28.251	-28.527
28.271	-28.607
POLYLINE BROWN
26.931	-28.727
26.971	-28.627
27.031	-28.207
27.091	-28.027
27.131	-28.147
27.191	-28.327
27.231	-28.327
27.511	-27.887
27.531	-27.967
27.571	-28.307
27.591	-28.407
27.591	-28.587
POLYLINE BROWN
26.271	-27.947
26.271	-28.147
26.251	-28.247
26.251	-28.367
26.231	-28.507
26.231	-28.687
26.271	-28.787
26.351	-28.767
26.411	-28.787
26.511	-28.767
26.751	-28.727
26.791	-28.707
POLYLINE BROWN
25.911	-27.907
25.991	-28.147
25.991	-28.307
26.011	-28.407
26.011	-28.487
26.031	-28.587
26.011	-28.727
POLYLINE BROWN
24.851	-27.907
24.851	-27.947
24.911	-28.027
24.931	-28.127
25.051	-28.547
25.051	-28.607
25.071	-28.687
25.071	-28.727
25.111	-28.727
25.171	-28.647
25.331	-28.267
25.391	-28.467
25.431	-28.707
25.491	-28.607
25.811	-27.947
POLYLINE BROWN
22.951	-28.887
23.031	-28.907
23.111	-28.887
23.371	-28.847
23.551	-28.807
23.651	-28.827
POLYLINE BROWN
22.851	-28.027
22.911	-28.187
22.971	-28.607
22.971	-28.867
22.991	-28.907
22.991	-28.987
POLYLINE BROWN
22.191	-28.087
22.231	-28.227
22.231	-28.307
22.251	-28.407
22.251	-28.507
22.271	-28.627
22.311	-28.787
22.391	-28.907
22.511	-28.787
22.551	-28.627
22.551	-28.527
22.571	-28.347
22.571	-28.247
22.551	-28.207
22.551	-28.107
22.531	-28.027
22.511	-27.947
22.491	-27.907
POLYLINE BROWN
21.611	-28.647
21.671	-28.667
21.751	-28.607
21.891	-28.587
POLYLINE BROWN
21.431	-29.027
21.491	-28.947
21.591	-28.527
21.591	-28.407
21.631	-28.107
21.651	-28.067
21.691	-28.167
21.751	-28.247
21.851	-28.447
21.931	-28.787
21.991	-28.967
21.991	-29.027
POLYLINE BROWN
20.871	-28.047
20.991	-27.967
21.131	-27.967
21.231	-27.947
21.311	-27.967
21.411	-28.187
21.391	-28.267
21.351	-28.367
21.131	-28.507
21.091	-28.527
21.031	-28.507
20.991	-28.527
20.951	-28.507
POLYLINE BROWN
20.891	-28.067
20.951	-28.147
20.971	-28.387
20.991	-28.447
21.011	-28.707
21.051	-28.947
21.051	-29.027
POLYLINE BROWN
19.331	-29.067
19.291	-29.087
19.191	-28.987
19.171	-28.947
POLYLINE BROWN
19.111	-28.227
19.151	-28.427
19.151	-28.527
19.171	-28.667
19.171	-28.967
19.251	-28.787
19.371	-28.687
19.411	-28.667
19.491	-28.727
19.491	-28.907
19.351	-29.047
19.271	-29.087
19.611	-28.867
19.631	-28.827
19.651	-28.907
19.671	-29.007
19.731	-29.067
19.871	-28.867
19.891	-28.827
19.891	-28.987
20.011	-29.547
20.011	-29.667
19.991	-29.747
19.891	-29.807
19.671	-29.807
19.511	-29.787
POLYLINE BROWN
17.671	-29.167
17.691	-29.207
17.731	-29.207
17.871	-29.107
17.951	-29.087
17.991	-29.047
POLYLINE BROWN
17.971	-28.407
17.991	-28.367
17.751	-28.407
17.651	-28.447
17.451	-28.667
17.351	-28.967
17.371	-29.087
17.551	-29.247
17.731	-29.267
POLYLINE BROWN
16.991	-28.407
16.551	-28.567
16.451	-28.727
16.451	-28.947
16.511	-29.107
16.671	-29.227
16.751	-29.247
16.851	-29.227
POLYLINE BROWN
15.911	-28.307
15.991	-28.427
15.991	-28.467
15.811	-28.547
15.631	-28.687
15.611	-28.747
15.671	-28.827
15.911	-28.947
15.951	-28.947
16.111	-29.087
15.991	-29.207
15.891	-29.267
15.731	-29.267
15.551	-29.187
POLYLINE BROWN
15.111	-27.287
POLYLINE BROWN
14.531	-28.567
14.571	-28.747
14.631	-28.947
14.631	-29.047
14.671	-29.227
14.691	-29.327
14.731	-29.267
14.751	-29.167
14.891	-28.887
14.891	-28.847
14.951	-28.967
14.991	-29.247
15.031	-29.327
15.231	-28.867
15.351	-28.527
POLYLINE BROWN
13.011	-29.447
12.971	-29.427
12.891	-29.447
12.711	-29.307
12.631	-29.187
12.631	-29.047
12.731	-28.847
12.811	-28.787
12.951	-28.767
13.171	-28.807
13.251	-28.847
13.311	-29.027
13.271	-29.187
13.151	-29.367
13.111	-29.407
POLYLINE BROWN
11.771	-28.787
11.811	-28.807
11.991	-28.747
12.111	-28.747
12.371	-28.667
12.431	-28.667
POLYLINE BROWN
12.091	-28.787
12.151	-28.887
12.171	-28.927
12.171	-29.007
12.191	-29.047
12.211	-29.387
12.211	-29.467
POLYLINE BROWN
11.631	-28.727
11.651	-28.767
11.531	-28.767
11.291	-28.847
11.191	-28.947
11.311	-29.047
11.491	-29.107
11.551	-29.107
11.651	-29.227
11.651	-29.327
11.531	-29.427
11.391	-29.447
11.311	-29.467
11.271	-29.447
POLYLINE BROWN
10.751	-28.767
10.811	-28.847
10.831	-29.047
10.831	-29.467
POLYLINE BROWN
10.191	-28.887
10.231	-28.847
10.291	-28.847
10.411	-28.807
10.511	-28.807
10.591	-28.847
10.651	-28.967
10.651	-29.147
10.591	-29.307
10.391	-29.507
10.351	-29.527
POLYLINE BROWN
10.251	-28.887
10.251	-28.987
10.271	-29.087
10.271	-29.267
10.291	-29.407
10.291	-29.587
POLYLINE BROWN
20.091	-26.867
20.271	-26.887
20.371	-26.847
POLYLINE BROWN
20.291	-26.447
20.251	-26.407
20.131	-26.407
20.031	-26.427
19.831	-26.667
19.811	-26.847
19.871	-26.987
19.951	-27.067
20.171	-27.067
20.271	-26.967
20.311	-27.007
20.291	-27.147
POLYLINE BROWN
19.171	-27.107
19.271	-27.127
19.351	-27.107
19.651	-27.027
POLYLINE BROWN
19.291	-26.767
19.391	-26.787
19.431	-26.767
POLYLINE BROWN
19.111	-26.527
19.131	-26.567
19.231	-26.527
19.291	-26.527
19.391	-26.487
19.491	-26.487
POLYLINE BROWN
19.131	-26.487
19.171	-26.647
19.171	-27.127
POLYLINE BROWN
18.511	-26.447
18.531	-26.707
18.551	-26.807
18.551	-26.887
18.531	-26.987
18.511	-27.167
18.591	-27.147
18.711	-27.127
18.971	-27.047
POLYLINE BROWN
17.731	-26.587
17.871	-26.607
17.931	-26.607
18.211	-26.507
18.291	-26.507
POLYLINE BROWN
17.991	-26.567
18.031	-26.807
18.051	-27.107
18.051	-27.267
POLYLINE BROWN
17.251	-27.287
17.171	-27.307
17.071	-27.187
17.031	-26.987
17.031	-26.927
17.051	-26.827
17.131	-26.747
17.231	-26.687
17.311	-26.687
17.511	-26.887
17.531	-27.067
17.491	-27.167
17.351	-27.347
17.251	-27.407
POLYLINE BROWN
16.511	-27.287
16.511	-27.327
16.391	-27.327
16.271	-27.187
16.211	-27.087
16.191	-27.007
16.211	-26.907
16.291	-26.787
16.491	-26.687
16.651	-26.687
16.711	-26.747
16.731	-26.827
16.731	-26.987
16.711	-27.067
16.691	-27.147
16.571	-27.267
16.531	-27.287
POLYLINE BROWN
15.751	-26.907
15.771	-26.947
15.871	-26.947
15.951	-26.907
POLYLINE BROWN
15.571	-26.667
15.611	-26.647
15.651	-26.667
15.771	-26.607
15.911	-26.587
16.091	-26.627
POLYLINE BROWN
15.651	-26.687
15.691	-26.667
15.751	-26.967
15.771	-27.307
15.771	-27.407
POLYLINE BROWN
14.791	-27.267
14.791	-27.307
POLYLINE BROWN
14.811	-26.927
POLYLINE BROWN
14.291	-26.747
14.311	-26.827
14.311	-26.927
14.331	-27.027
14.331	-27.487
14.311	-27.587
14.311	-27.647
POLYLINE BROWN
13.811	-27.227
13.851	-27.267
14.191	-27.147
POLYLINE BROWN
13.871	-26.827
13.911	-26.867
13.911	-27.027
13.931	-27.147
13.931	-27.447
13.911	-27.527
13.911	-27.587
POLYLINE BROWN
13.551	-26.747
13.551	-26.787
13.431	-26.767
13.251	-26.827
13.131	-26.967
13.091	-27.087
13.091	-27.267
13.171	-27.467
13.271	-27.527
13.351	-27.547
13.531	-27.547
POLYLINE BROWN
12.071	-26.907
12.151	-26.927
12.631	-26.847
12.811	-26.787
12.911	-26.787
POLYLINE BROWN
12.411	-26.947
12.471	-27.107
12.471	-27.507
12.431	-27.647
POLYLINE BROWN
11.571	-27.687
11.611	-27.727
11.691	-27.707
11.911	-27.707
12.031	-27.667
POLYLINE BROWN
11.611	-27.327
11.711	-27.347
11.791	-27.327
POLYLINE BROWN
11.511	-27.027
11.611	-27.047
11.771	-27.007
11.851	-27.007
11.911	-26.987
POLYLINE BROWN
11.551	-27.047
11.551	-27.107
11.631	-27.487
11.631	-27.667
11.651	-27.787
11.651	-27.827
POLYLINE BROWN
10.631	-27.007
10.631	-27.067
10.611	-27.107
10.471	-27.107
10.291	-27.167
10.291	-27.267
10.411	-27.367
10.591	-27.447
10.691	-27.567
10.671	-27.687
10.551	-27.787
10.471	-27.807
10.271	-27.807
10.191	-27.767
POLYLINE BROWN
18.071	-24.087
18.111	-24.087
18.311	-24.307
18.371	-24.527
18.371	-24.627
18.391	-24.667
18.391	-24.847
18.311	-25.087
18.311	-25.147
18.271	-25.247
17.951	-25.547
POLYLINE BROWN
17.611	-24.547
17.651	-24.547
17.791	-24.447
17.931	-24.447
17.991	-24.507
18.011	-24.607
18.011	-24.687
17.931	-24.807
17.811	-24.907
17.691	-24.927
POLYLINE BROWN
17.691	-24.547
17.691	-25.227
17.711	-25.327
POLYLINE BROWN
17.231	-24.467
17.271	-24.507
17.271	-24.567
17.331	-24.827
17.331	-25.027
17.351	-25.247
POLYLINE BROWN
16.471	-24.447
16.571	-24.467
16.671	-24.467
16.851	-24.527
16.931	-24.607
16.951	-24.687
16.831	-24.827
16.711	-24.887
16.671	-24.887
16.871	-25.047
16.991	-25.287
16.991	-25.347
17.011	-25.387
POLYLINE BROWN
16.471	-24.427
16.491	-24.527
16.571	-25.067
16.571	-25.307
16.551	-25.367
POLYLINE BROWN
15.311	-24.407
15.471	-24.487
15.651	-24.507
15.811	-24.507
15.951	-24.487
16.071	-24.507
16.171	-24.487
16.331	-24.487
16.391	-24.467
POLYLINE BROWN
15.811	-24.467
15.811	-24.547
15.871	-24.887
15.871	-24.967
15.891	-25.007
15.891	-25.407
POLYLINE BROWN
13.371	-24.647
13.631	-24.647
13.771	-24.607
13.851	-24.607
14.051	-24.527
14.111	-24.527
14.251	-24.467
14.351	-24.487
14.431	-24.487
POLYLINE BROWN
13.891	-24.647
13.951	-24.787
13.951	-24.847
14.051	-25.267
14.071	-25.527
POLYLINE BROWN
13.211	-24.467
13.271	-24.567
13.191	-24.587
12.931	-24.627
12.831	-24.727
12.891	-24.827
13.151	-24.987
13.251	-25.047
13.371	-25.167
13.391	-25.247
13.311	-25.367
12.971	-25.487
12.871	-25.487
POLYLINE BROWN
11.971	-24.647
12.271	-24.607
12.311	-24.587
12.391	-24.607
12.491	-24.747
12.471	-24.847
12.311	-24.967
12.171	-25.007
12.131	-24.987
12.371	-25.227
12.491	-25.467
12.511	-25.527
POLYLINE BROWN
12.031	-24.667
12.091	-24.967
12.131	-25.287
12.131	-25.527
POLYLINE BROWN
11.691	-24.567
11.711	-24.727
11.711	-24.887
11.731	-24.987
11.751	-25.207
11.771	-25.307
11.751	-25.447
POLYLINE BROWN
11.251	-25.027
11.291	-25.067
11.411	-25.067
11.511	-25.047
POLYLINE BROWN
11.131	-24.587
11.151	-24.667
11.151	-24.707
11.191	-24.727
11.351	-24.667
11.531	-24.667
11.591	-24.687
POLYLINE BROWN
11.211	-24.847
11.211	-25.087
11.231	-25.167
11.231	-25.367
11.251	-25.507
11.251	-25.567
POLYLINE BROWN
11.091	-24.527
11.011	-24.547
10.831	-24.667
10.731	-24.787
10.651	-24.947
10.631	-25.127
10.611	-25.307
10.611	-25.407
10.631	-25.487
10.671	-25.647
10.731	-25.707
10.931	-25.867
10.971	-25.927
11.071	-25.987
11.151	-26.007
POLYLINE BROWN
16.991	-23.927
17.111	-23.787
17.171	-23.647
17.251	-23.527
17.391	-23.207
17.491	-22.887
17.571	-22.727
17.571	-22.687
POLYLINE BROWN
16.791	-22.747
16.911	-22.867
16.971	-22.987
17.071	-23.087
17.231	-23.467
17.271	-23.507
POLYLINE BROWN
15.891	-23.787
15.911	-23.827
15.991	-23.787
16.091	-23.787
16.291	-23.727
16.351	-23.747
16.431	-23.727
16.531	-23.747
16.571	-23.727
POLYLINE BROWN
15.891	-23.247
15.971	-23.227
16.251	-23.287
16.291	-23.287
POLYLINE BROWN
15.691	-22.767
16.031	-22.767
16.151	-22.747
16.231	-22.747
16.371	-22.727
POLYLINE BROWN
15.671	-22.827
15.731	-23.007
15.771	-23.127
15.771	-23.207
15.831	-23.447
15.831	-23.567
15.851	-23.627
15.851	-23.787
15.871	-23.867
POLYLINE BROWN
14.891	-22.727
14.971	-23.067
15.031	-23.287
15.031	-23.367
15.071	-23.467
15.071	-23.547
15.131	-23.767
15.291	-23.187
15.291	-23.107
15.331	-22.907
15.351	-22.827
15.371	-22.787
POLYLINE BROWN
13.971	-23.027
14.191	-22.827
14.291	-22.787
14.331	-22.747
14.471	-22.747
14.571	-22.807
14.611	-22.887
14.611	-22.947
14.491	-23.067
14.431	-23.107
14.351	-23.127
14.271	-23.147
14.291	-23.227
14.491	-23.467
14.551	-23.587
14.611	-23.687
14.691	-23.887
POLYLINE BROWN
13.971	-22.867
14.031	-22.967
14.091	-23.207
14.131	-23.647
14.131	-23.727
14.171	-23.927
POLYLINE BROWN
13.271	-22.827
13.291	-22.907
13.311	-23.107
13.311	-23.487
13.371	-23.707
13.491	-23.807
13.671	-23.687
13.791	-23.507
13.831	-23.387
13.831	-23.287
13.851	-23.227
13.751	-22.927
13.671	-22.747
POLYLINE BROWN
12.911	-22.947
12.851	-22.907
12.771	-22.927
12.731	-22.927
12.491	-23.047
12.431	-23.127
12.431	-23.187
12.631	-23.387
12.911	-23.587
13.051	-23.747
13.051	-23.787
12.951	-23.867
12.851	-23.867
12.731	-23.887
12.571	-23.907
12.391	-23.847
12.291	-23.787
POLYLINE BROWN
11.591	-23.447
11.591	-23.867
11.571	-23.907
11.711	-23.947
11.891	-23.967
11.991	-23.947
12.091	-23.927
POLYLINE BROWN
11.531	-23.407
11.631	-23.427
11.711	-23.407
11.891	-23.367
POLYLINE BROWN
11.451	-22.947
11.451	-22.987
11.491	-23.007
11.551	-22.967
11.671	-22.947
11.831	-22.907
11.891	-22.907
POLYLINE BROWN
11.391	-23.047
11.491	-23.267
11.551	-23.487
11.551	-23.607
11.571	-23.687
POLYLINE BROWN
10.591	-22.987
10.591	-22.987
10.771	-22.907
10.811	-22.927
10.951	-22.887
11.091	-23.027
11.111	-23.127
11.071	-23.167
11.071	-23.207
11.011	-23.307
10.691	-23.447
10.651	-23.427
10.931	-23.627
11.251	-23.947
11.271	-24.007
POLYLINE BROWN
10.571	-22.987
10.511	-23.107
10.551	-23.307
10.571	-23.507
10.591	-23.607
10.591	-23.667
10.611	-23.747
10.611	-23.887
10.631	-23.967
10.631	-24.007
POLYLINE BROWN
16.691	-21.427
16.551	-21.427
16.411	-21.467
16.311	-21.547
16.271	-21.747
16.371	-21.847
16.571	-21.927
16.691	-22.127
16.651	-22.227
16.611	-22.267
16.531	-22.267
16.351	-22.307
16.171	-22.287
POLYLINE BROWN
15.151	-22.287
15.151	-22.187
15.171	-22.147
15.171	-22.067
15.151	-21.967
15.151	-21.747
15.171	-21.647
15.171	-21.587
15.211	-21.467
15.351	-21.707
15.611	-22.287
15.611	-22.147
15.631	-22.067
15.631	-21.967
15.651	-21.847
15.651	-21.607
15.691	-21.467
POLYLINE BROWN
14.611	-22.207
14.391	-22.127
14.311	-21.887
14.411	-21.727
14.511	-21.667
14.671	-21.667
14.811	-21.807
14.851	-21.867
14.851	-21.947
14.771	-22.127
14.611	-22.227
POLYLINE BROWN
13.431	-21.547
13.571	-21.527
13.751	-21.587
13.931	-21.787
13.971	-21.907
13.951	-22.027
13.691	-22.207
13.591	-22.227
13.511	-22.227
13.431	-22.187
POLYLINE BROWN
13.431	-21.527
13.471	-21.567
13.471	-21.667
13.491	-21.747
13.491	-21.987
13.511	-22.167
POLYLINE BROWN
12.591	-21.607
12.611	-21.707
12.611	-21.967
12.591	-22.087
12.551	-22.247
12.571	-22.287
12.651	-22.287
12.731	-22.307
12.931	-22.307
13.011	-22.247
POLYLINE BROWN
12.091	-21.667
12.151	-21.747
12.191	-22.007
12.191	-22.327
POLYLINE BROWN
11.171	-21.647
11.191	-21.747
11.251	-21.927
11.271	-22.087
11.331	-22.387
11.351	-22.467
11.351	-22.407
11.471	-22.047
11.571	-22.207
11.631	-22.347
11.671	-22.347
11.891	-21.787
11.931	-21.747
POLYLINE BROWN
10.931	-21.607
10.851	-21.627
10.751	-21.607
10.671	-21.607
10.571	-21.647
10.451	-21.827
10.451	-21.927
10.551	-22.047
10.651	-22.107
10.751	-22.107
10.891	-22.267
10.831	-22.347
10.771	-22.367
10.731	-22.427
10.591	-22.427
10.511	-22.487
10.431	-22.467
10.391	-22.487
POLYLINE BLACK
11.871	-12.557
11.871	-12.467
11.826	-12.362
11.826	-12.332
11.796	-12.302
11.796	-12.272
11.766	-12.242
11.766	-12.212
11.751	-12.152
11.751	-12.047
11.766	-11.987
11.766	-11.897
11.721	-11.747
11.721	-11.702
11.676	-11.582
11.676	-11.537
11.586	-11.312
11.586	-11.282
11.541	-11.222
11.541	-11.177
11.451	-10.967
11.331	-10.892
POLYLINE BROWN
8.376	-11.117
POLYLINE BROWN
8.181	-11.342
POLYLINE BROWN
7.926	-11.522
POLYLINE BROWN
7.731	-11.687
POLYLINE BROWN
7.476	-11.792
7.491	-11.822
POLYLINE BROWN
7.206	-11.882
7.221	-11.912
POLYLINE BROWN
6.921	-12.047
POLYLINE BROWN
6.636	-12.137
6.666	-12.152
POLYLINE BROWN
6.291	-12.137
6.306	-12.167
POLYLINE BROWN
5.991	-11.987
POLYLINE BROWN
5.751	-11.792
POLYLINE BROWN
5.541	-11.537
5.556	-11.567
POLYLINE BROWN
5.346	-11.372
POLYLINE BROWN
5.106	-11.207
5.106	-11.237
POLYLINE BROWN
8.391	-11.042
8.361	-11.042
8.316	-11.102
8.256	-11.147
8.151	-11.267
8.031	-11.342
7.911	-11.432
7.731	-11.567
7.701	-11.627
7.461	-11.747
7.416	-11.747
7.356	-11.792
7.326	-11.792
7.266	-11.822
7.236	-11.822
7.176	-11.852
7.146	-11.852
6.981	-11.912
6.951	-11.912
6.861	-11.957
6.831	-11.957
6.681	-12.017
6.606	-12.032
6.576	-12.047
6.546	-12.032
6.516	-12.047
6.411	-12.017
6.351	-11.987
6.321	-11.987
6.231	-11.927
6.201	-11.927
6.141	-11.852
6.051	-11.792
5.841	-11.627
5.691	-11.462
5.601	-11.402
5.421	-11.252
5.271	-11.162
5.256	-11.117
5.196	-11.072
5.196	-11.102
POLYLINE BLACK
4.926	-10.787
5.001	-11.012
5.136	-10.952
5.166	-10.922
5.196	-10.922
5.226	-10.892
5.256	-10.892
5.286	-10.877
5.331	-10.817
5.496	-10.712
5.526	-10.712
5.556	-10.682
5.586	-10.682
5.616	-10.667
5.631	-10.637
5.751	-10.577
5.871	-10.577
5.931	-10.592
5.991	-10.592
6.051	-10.607
6.126	-10.607
6.186	-10.622
6.216	-10.622
6.276	-10.637
6.336	-10.637
6.396	-10.667
6.471	-10.682
6.741	-10.892
6.831	-10.952
6.921	-11.027
7.071	-11.147
7.236	-11.252
7.266	-11.252
7.386	-11.342
7.446	-11.342
7.506	-11.312
7.566	-11.312
7.731	-11.252
7.791	-11.222
7.821	-11.237
7.881	-11.192
7.911	-11.192
8.061	-11.102
8.136	-11.087
8.226	-11.027
8.256	-11.027
8.346	-10.982
8.436	-10.982
POLYLINE BLACK
4.866	-10.682
POLYLINE BLACK
4.866	-10.832
4.881	-10.862
POLYLINE BLACK
4.866	-10.817
POLYLINE BLACK
5.061	-10.667
POLYLINE BLACK
5.886	-10.772
POLYLINE BLACK
8.736	-13.637
POLYLINE BLACK
8.601	-14.132
8.556	-14.222
8.376	-14.342
8.346	-14.342
8.286	-14.372
8.256	-14.372
8.196	-14.357
8.166	-14.327
8.136	-14.327
8.046	-14.252
7.956	-14.102
7.956	-14.012
8.016	-13.847
8.076	-13.757
8.106	-13.742
8.151	-13.682
POLYLINE BLACK
9.936	-14.597
9.876	-14.642
9.846	-14.642
9.786	-14.612
9.756	-14.612
9.546	-14.537
9.486	-14.507
9.456	-14.507
9.396	-14.477
9.366	-14.492
9.261	-14.447
9.231	-14.417
9.201	-14.417
9.081	-14.357
9.051	-14.357
8.991	-14.342
8.871	-14.252
8.841	-14.252
8.796	-14.222
8.766	-14.222
8.706	-14.177
8.676	-14.177
8.646	-14.162
POLYLINE BROWN
11.166	-18.062
11.196	-18.062
11.376	-17.927
11.541	-17.822
11.631	-17.732
11.676	-17.717
11.706	-17.687
11.721	-17.642
11.886	-17.447
11.916	-17.432
11.931	-17.387
11.991	-17.342
12.006	-17.312
12.036	-17.297
POLYLINE BROWN
11.376	-18.377
11.376	-18.422
11.406	-18.422
11.571	-18.242
11.646	-18.197
11.691	-18.137
POLYLINE BROWN
12.366	-17.807
12.381	-17.777
POLYLINE BROWN
12.351	-17.657
12.381	-17.732
12.441	-17.822
12.441	-17.867
12.456	-17.897
POLYLINE BROWN
12.336	-17.597
12.321	-17.567
12.291	-17.552
12.261	-17.567
12.216	-17.672
12.216	-17.702
12.201	-17.732
12.201	-17.822
12.246	-17.942
12.321	-17.987
12.411	-17.912
12.426	-17.882
12.426	-17.837
POLYLINE BROWN
12.066	-17.642
12.096	-17.702
12.156	-17.972
12.186	-18.047
12.216	-18.077
POLYLINE BROWN
11.916	-17.957
11.961	-18.017
12.051	-18.077
12.126	-18.077
POLYLINE BROWN
11.916	-17.957
11.946	-18.047
11.946	-18.092
11.991	-18.182
11.991	-18.212
12.021	-18.272
POLYLINE BROWN
11.796	-18.077
11.796	-18.107
11.841	-18.242
11.856	-18.332
11.886	-18.422
POLYLINE BROWN
11.436	-18.467
11.451	-18.392
11.466	-18.332
11.496	-18.287
POLYLINE BROWN
11.541	-18.302
11.676	-18.617
11.706	-18.647
POLYLINE BROWN
11.346	-18.827
11.346	-18.797
11.376	-18.722
POLYLINE BROWN
11.346	-18.572
11.376	-18.782
11.391	-18.812
11.361	-18.782
11.271	-18.482
11.271	-18.437
11.256	-18.377
11.286	-18.392
11.361	-18.497
11.481	-18.782
11.511	-18.812
POLYLINE BROWN
10.911	-18.782
10.971	-18.857
11.001	-18.947
11.031	-18.977
11.061	-19.067
11.046	-19.037
11.046	-18.992
11.001	-18.842
11.001	-18.782
10.986	-18.707
10.986	-18.557
11.001	-18.497
11.061	-18.602
11.061	-18.632
11.076	-18.662
11.061	-18.692
11.061	-18.767
11.031	-18.827
11.046	-18.857
11.121	-18.887
11.256	-18.977
11.301	-18.992
POLYLINE BROWN
10.536	-18.917
10.536	-18.887
10.611	-18.782
POLYLINE BROWN
10.416	-18.617
10.401	-18.572
10.341	-18.527
10.281	-18.572
10.251	-18.632
10.236	-18.767
10.236	-18.812
10.251	-18.842
10.251	-18.917
10.296	-19.082
10.371	-19.172
10.416	-19.202
10.446	-19.202
10.476	-19.217
10.536	-19.202
10.626	-19.127
10.656	-19.082
10.656	-19.052
10.671	-18.992
10.671	-18.992
10.761	-19.187
POLYLINE BROWN
11.721	-16.982
11.781	-16.997
11.871	-16.952
11.901	-16.952
11.976	-16.892
12.036	-16.892
12.156	-16.862
12.201	-16.967
12.216	-17.222
12.231	-17.282
12.231	-17.447
12.201	-17.432
12.171	-17.387
12.096	-17.342
11.931	-17.162
11.886	-17.132
11.871	-17.087
11.811	-16.997
11.856	-17.012
12.021	-17.177
POLYLINE BROWN
12.396	-16.112
12.396	-16.142
12.441	-16.172
POLYLINE BROWN
12.291	-16.157
12.276	-16.187
12.336	-16.277
12.366	-16.307
12.396	-16.307
POLYLINE BROWN
12.261	-16.232
12.201	-16.247
12.171	-16.232
12.291	-16.382
12.351	-16.412
POLYLINE BROWN
12.516	-16.202
12.576	-16.187
POLYLINE BROWN
12.111	-16.217
12.081	-16.247
12.081	-16.217
12.156	-16.127
12.306	-16.022
12.366	-16.052
12.396	-16.097
12.426	-16.112
12.456	-16.172
12.516	-16.217
12.411	-16.337
12.351	-16.427
12.471	-16.262
12.501	-16.232
12.501	-16.202
12.531	-16.217
12.516	-16.187
POLYLINE BROWN
12.096	-16.157
12.111	-16.187
12.111	-16.232
12.051	-16.232
12.021	-16.217
12.021	-16.247
12.081	-16.292
12.126	-16.352
12.156	-16.367
12.201	-16.427
12.231	-16.427
12.291	-16.457
12.321	-16.457
POLYLINE BROWN
12.111	-16.127
12.126	-16.187
12.111	-16.217
12.111	-16.217
POLYLINE BLACK
12.441	-16.517
12.441	-16.577
12.381	-16.592
12.351	-16.562
12.291	-16.577
12.201	-16.532
12.171	-16.532
12.021	-16.457
11.931	-16.382
11.901	-16.382
11.736	-16.262
11.721	-16.232
11.691	-16.232
11.661	-16.202
11.631	-16.202
11.511	-16.112
11.331	-15.977
11.181	-15.872
11.166	-15.842
11.076	-15.782
10.926	-15.647
10.911	-15.617
10.881	-15.602
10.866	-15.572
10.656	-15.392
10.506	-15.257
10.371	-15.107
10.341	-15.092
10.311	-15.032
10.251	-14.987
9.966	-14.612
10.011	-14.612
POLYLINE BLACK
10.386	-13.877
10.416	-13.952
10.461	-14.012
10.491	-14.087
10.581	-14.162
10.671	-14.282
10.701	-14.297
10.731	-14.342
10.761	-14.357
10.941	-14.567
10.971	-14.582
11.136	-14.777
11.166	-14.792
11.211	-14.867
11.421	-15.047
11.511	-15.107
11.526	-15.137
11.676	-15.242
11.751	-15.332
11.901	-15.452
11.976	-15.542
12.066	-15.602
12.156	-15.677
12.171	-15.707
12.216	-15.722
12.231	-15.752
12.291	-15.797
12.336	-15.857
12.546	-16.007
12.621	-16.097
12.621	-16.187
12.636	-16.217
12.561	-16.352
12.561	-16.382
12.516	-16.442
12.486	-16.457
12.486	-16.487
12.456	-16.532
12.426	-16.532
12.366	-16.577
POLYLINE BLACK
10.281	-13.862
10.311	-13.952
10.341	-13.982
10.341	-14.012
10.371	-14.027
10.461	-13.952
10.491	-13.952
10.551	-13.937
10.596	-13.877
10.626	-13.877
10.836	-13.727
10.971	-13.577
11.181	-13.412
11.211	-13.412
11.361	-13.277
11.511	-13.202
11.541	-13.202
11.556	-13.172
POLYLINE BLUE
12.672	-14.332
12.679	-14.318
12.637	-14.241
12.623	-14.241
12.609	-14.227
12.595	-14.234
12.539	-14.213
12.525	-14.199
12.511	-14.199
12.504	-14.178
12.518	-14.122
12.539	-14.094
12.539	-14.080
12.567	-14.003
12.567	-13.989
12.546	-13.961
12.532	-13.961
12.504	-13.947
12.455	-13.947
12.427	-13.968
12.413	-13.968
12.385	-13.947
12.357	-13.954
12.315	-13.919
12.301	-13.891
12.301	-13.856
12.322	-13.807
12.343	-13.779
12.343	-13.751
12.308	-13.681
12.231	-13.576
12.203	-13.555
12.196	-13.527
12.245	-13.548
12.294	-13.590
12.308	-13.590
12.322	-13.597
12.329	-13.611
12.343	-13.618
12.364	-13.667
12.322	-13.625
12.301	-13.618
12.273	-13.583
12.217	-13.555
12.189	-13.534
12.154	-13.520
12.154	-13.534
12.175	-13.562
12.189	-13.625
12.189	-13.667
12.196	-13.688
12.189	-13.716
12.189	-13.730
POLYLINE BLACK
17.070	-16.613
17.110	-16.693
17.150	-16.683
17.190	-16.713
17.230	-16.713
17.270	-16.703
17.310	-16.693
17.330	-16.703
17.370	-16.693
17.440	-16.703
17.480	-16.703
17.540	-16.683
17.560	-16.663
17.570	-16.573
17.550	-16.473
17.540	-16.393
17.540	-16.353
17.530	-16.283
17.530	-16.213
17.520	-16.133
17.520	-15.983
17.530	-15.943
17.530	-15.853
17.540	-15.803
17.540	-15.763
17.550	-15.723
17.550	-15.483
17.560	-15.423
17.550	-15.403
17.560	-15.383
POLYLINE BLACK
17.440	-15.643
17.480	-15.633
17.500	-15.643
17.540	-15.533
17.550	-15.493
17.560	-15.453
17.560	-15.393
17.570	-15.373
17.550	-15.303
POLYLINE BLACK
16.960	-15.223
17.030	-15.313
17.050	-15.373
17.070	-15.363
17.080	-15.323
17.090	-15.253
17.070	-15.193
17.040	-15.153
17.050	-15.093
17.030	-15.103
16.950	-15.043
16.920	-14.983
16.910	-14.943
17.040	-14.853
17.080	-14.853
17.090	-14.813
17.150	-14.683
17.150	-14.623
17.180	-14.503
17.220	-14.393
17.250	-14.353
17.250	-14.263
17.290	-14.153
17.380	-14.033
17.390	-14.003
17.410	-13.993
17.410	-13.973
17.460	-13.943
17.530	-13.843
17.570	-13.803
17.590	-13.823
17.610	-13.813
17.670	-13.843
17.680	-13.873
17.710	-13.903
17.660	-14.023
17.640	-14.123
17.640	-14.233
17.600	-14.313
17.600	-14.383
POLYLINE BLACK
17.030	-15.323
17.040	-15.343
17.000	-15.233
POLYLINE BLACK
17.050	-15.373
POLYLINE BLACK
17.530	-15.303
17.550	-15.343
17.570	-15.203
17.570	-15.143
17.630	-15.003
17.680	-14.953
17.700	-14.893
17.700	-14.853
17.690	-14.833
17.670	-14.843
17.650	-14.823
17.630	-14.843
17.620	-14.803
17.620	-14.733
17.630	-14.713
17.620	-14.673
17.610	-14.593
17.610	-14.463
17.620	-14.423
17.630	-14.383
17.620	-14.343
17.620	-14.193
17.610	-14.173
17.620	-14.153
17.610	-14.113
17.610	-14.053
17.600	-14.003
17.590	-14.023
17.610	-14.003
POLYLINE BLACK
16.960	-16.513
16.950	-16.493
16.940	-16.533
16.940	-16.723
16.980	-16.713
17.040	-16.733
17.080	-16.733
17.100	-16.743
17.140	-16.723
17.150	-16.653
17.150	-16.473
17.160	-16.403
17.160	-16.303
17.170	-16.263
17.170	-16.213
17.180	-16.173
17.190	-16.093
17.190	-16.033
17.180	-16.013
17.200	-15.923
17.200	-15.883
17.210	-15.843
17.210	-15.783
17.220	-15.743
17.220	-15.703
17.230	-15.683
17.230	-15.683
17.230	-15.663
17.250	-15.663
17.270	-15.643
17.310	-15.653
17.350	-15.653
17.370	-15.633
17.390	-15.653
17.430	-15.643
17.510	-15.663
POLYLINE BLACK
17.090	-15.373
17.050	-15.383
17.020	-15.433
17.020	-15.483
17.010	-15.533
17.010	-15.683
17.020	-15.723
17.020	-15.883
17.010	-15.983
17.010	-16.023
17.000	-16.063
17.000	-16.263
16.990	-16.333
16.990	-16.483
16.980	-16.523
POLYLINE CONNECT
17.550	-15.343
11.828	-12.620
POLYLINE BLACK
12.740	-14.963
12.800	-15.083
12.860	-15.123
12.880	-15.123
12.920	-15.153
12.960	-15.153
12.990	-15.123
13.080	-15.113
13.160	-15.063
13.190	-15.003
13.190	-14.963
13.170	-14.903
13.170	-14.853
13.110	-14.633
13.110	-14.603
13.100	-14.563
13.090	-14.523
13.060	-14.463
13.010	-14.413
12.950	-14.313
12.940	-14.273
12.910	-14.233
12.890	-14.163
12.840	-14.103
12.750	-13.953
12.710	-13.913
12.700	-13.873
12.640	-13.693
12.670	-13.663
12.710	-13.653
12.820	-13.563
12.840	-13.533
12.950	-13.473
13.080	-13.383
13.140	-13.333
13.190	-13.323
13.250	-13.283
13.180	-13.283
13.110	-13.303
13.070	-13.293
12.960	-13.313
12.920	-13.323
12.880	-13.333
12.790	-13.353
12.730	-13.373
12.710	-13.393
12.680	-13.393
12.640	-13.403
12.610	-13.433
12.550	-13.463
12.530	-13.463
12.510	-13.483
12.460	-13.433
12.460	-13.433
12.390	-13.353
12.370	-13.303
12.310	-13.243
12.260	-13.153
12.210	-13.093
12.180	-13.023
12.090	-12.913
12.020	-12.813
11.890	-12.663
11.880	-12.643
11.840	-12.633
POLYLINE BLACK
12.870	-15.173
12.770	-15.013
12.640	-14.753
12.540	-14.603
12.420	-14.343
12.190	-13.873
12.080	-13.713
12.050	-13.673
12.040	-13.643
12.020	-13.643
11.720	-13.313
11.610	-13.163
11.600	-13.133
11.540	-13.083
POLYLINE BLACK
12.480	-15.973
12.380	-15.953
12.340	-15.933
12.300	-15.943
12.240	-15.923
12.200	-15.883
12.160	-15.873
12.050	-15.823
11.920	-15.733
11.840	-15.673
11.790	-15.583
11.720	-15.453
11.700	-15.373
11.670	-15.323
11.600	-15.173
11.600	-15.113
11.570	-14.973
11.560	-14.883
11.550	-14.843
11.550	-14.623
11.560	-14.583
11.580	-14.423
11.610	-14.333
11.610	-14.303
11.620	-14.263
11.620	-14.243
11.640	-14.223
11.660	-14.133
11.690	-14.023
11.820	-13.813
11.870	-13.763
11.930	-13.703
12.020	-13.613
12.090	-13.583
12.200	-13.503
12.290	-13.463
12.320	-13.463
12.440	-13.403
12.470	-13.403
12.610	-13.353
12.700	-13.353
12.790	-13.323
12.820	-13.323
12.860	-13.303
12.930	-13.313
12.970	-13.293
13.060	-13.293
POLYLINE BLACK
12.870	-13.313
12.910	-13.303
12.930	-13.323
12.960	-13.313
13.000	-13.323
13.040	-13.323
13.080	-13.333
13.190	-13.353
13.230	-13.343
13.250	-13.353
13.290	-13.343
13.330	-13.343
13.370	-13.353
13.400	-13.353
13.580	-13.413
13.640	-13.463
13.660	-13.463
13.680	-13.483
13.710	-13.483
13.830	-13.563
13.900	-13.633
13.950	-13.703
13.990	-13.743
14.130	-13.943
14.190	-14.083
14.200	-14.133
14.270	-14.343
14.280	-14.433
14.290	-14.473
14.290	-14.523
14.300	-14.573
14.300	-14.633
14.310	-14.683
14.310	-14.743
14.320	-14.783
14.320	-14.913
14.310	-14.963
14.300	-15.003
14.270	-15.113
14.230	-15.283
14.140	-15.493
14.090	-15.553
14.060	-15.603
13.990	-15.673
13.980	-15.703
13.760	-15.893
13.720	-15.923
13.700	-15.923
13.680	-15.953
13.660	-15.953
13.560	-16.013
13.420	-16.053
13.400	-16.043
13.380	-16.073
13.340	-16.063
13.320	-16.073
13.300	-16.063
13.220	-16.083
13.180	-16.093
13.080	-16.073
POLYLINE BLACK
13.270	-15.713
13.440	-15.663
13.580	-15.523
13.660	-15.473
13.680	-15.473
13.750	-15.383
13.790	-15.343
13.880	-15.133
13.890	-15.093
13.920	-14.973
13.920	-14.783
13.910	-14.743
13.910	-14.713
13.880	-14.593
13.810	-14.423
13.800	-14.383
13.670	-14.133
13.610	-14.043
13.580	-13.993
13.460	-13.883
13.380	-13.833
13.350	-13.833
13.310	-13.803
13.210	-13.783
13.140	-13.773
13.060	-13.763
13.020	-13.773
12.940	-13.763
12.910	-13.773
12.860	-13.763
12.820	-13.773
12.800	-13.783
POLYLINE BLACK
12.650	-15.653
12.500	-15.943
12.480	-15.963
POLYLINE BLACK
12.570	-15.453
POLYLINE BLACK
13.270	-15.683
13.280	-15.713
13.210	-15.893
13.200	-15.933
13.170	-15.973
13.160	-16.013
13.150	-16.033
13.160	-16.053
POLYLINE BLACK
12.965	-15.008
12.970	-14.998
12.965	-14.983
12.940	-14.953
12.940	-14.938
12.910	-14.888
12.900	-14.863
12.900	-14.848
12.885	-14.818
12.885	-14.808
12.860	-14.753
12.860	-14.743
12.835	-14.678
12.835	-14.668
12.820	-14.638
12.820	-14.623
12.805	-14.578
12.805	-14.558
12.790	-14.503
12.790	-14.493
12.775	-14.443
POLYLINE BLACK
13.160	-14.968
13.180	-14.958
13.295	-14.718
13.315	-14.688
13.325	-14.663
13.360	-14.623
13.380	-14.578
13.395	-14.558
13.460	-14.423
13.480	-14.393
13.500	-14.363
13.515	-14.328
POLYLINE BLACK
12.975	-15.008
12.980	-15.018
12.990	-15.023
13.010	-15.013
13.020	-15.013
13.040	-15.003
13.050	-15.008
13.080	-14.988
13.090	-14.988
13.110	-14.983
13.130	-14.983
13.160	-14.973
POLYLINE BLACK
12.770	-14.453
12.800	-14.468
12.840	-14.468
12.860	-14.463
12.905	-14.463
12.925	-14.458
12.935	-14.458
12.970	-14.448
13.000	-14.448
13.015	-14.438
13.045	-14.433
13.055	-14.433
13.080	-14.423
13.135	-14.423
13.155	-14.413
13.170	-14.413
13.180	-14.408
13.215	-14.408
13.245	-14.393
13.255	-14.393
13.285	-14.383
13.300	-14.383
13.310	-14.373
13.320	-14.378
13.345	-14.368
13.365	-14.368
13.385	-14.363
13.400	-14.363
13.420	-14.358
13.430	-14.358
13.480	-14.343
POLYLINE BLACK
12.584	-15.644
12.544	-15.634
12.524	-15.644
12.484	-15.604
12.444	-15.594
12.324	-15.494
12.304	-15.464
12.284	-15.464
12.154	-15.324
12.074	-15.204
12.074	-15.144
12.004	-14.934
12.004	-14.694
12.014	-14.654
12.014	-14.534
12.024	-14.454
12.044	-14.374
12.094	-14.244
12.274	-14.014
12.494	-13.834
12.614	-13.764
12.634	-13.764
12.684	-13.734
12.704	-13.744
12.744	-13.734
12.784	-13.724
12.824	-13.714
12.884	-13.734
12.934	-13.724

ELEVATION
STATIONS
30.232	12.021	1.0
33.214	11.917	1.1
25.017	11.561	1.2
23.704	9.277	1.3
20.896	7.960	1.4
16.484	7.015	1.5
18.711	6.101	1.6
19.773	6.317	1.7
21.732	6.715	1.8
22.740	6.718	1.9
25.791	7.028	1.10
25.151	6.941	1.11
29.399	8.428	1.12
26.450	6.354	1.13
31.457	8.127	1.14
28.896	6.009	1.15
32.443	5.616	1.16
34.818	5.222	1.17
38.642	3.887	1.18
40.618	3.319	1.19
42.998	1.600	1.20
44.583	0.312	1.21
16.484	7.015	2.0
12.802	5.259	2.1
9.529	3.384	2.2
5.598	1.569	2.3
2.832	1.356	2.4
1.860	0.212	2.6
4.109	0.004	2.7
5.791	0.370	2.8
5.203	0.089	2.9
7.568	0.262	2.10
8.330	1.076	2.11
11.852	0.837	2.12
13.379	2.087	2.13
15.762	2.225	2.14
16.595	2.032	2.15
21.110	2.616	2.16
23.415	2.217	2.17
26.044	1.884	2.18
26.837	2.149	2.19
28.602	2.564	2.20
30.321	2.785	2.21
33.207	3.168	2.22
34.515	3.927	2.23
39.053	3.275	2.24
41.672	5.140	2.25
45.631	6.327	2.26
45.512	8.255	2.27
41.569	2.105	2.28
42.156	1.432	2.29
47.606	-1.693	2.30
48.760	-0.663	2.31
50.970	-0.171	2.32
55.478	-4.175	2.33
53.183	-3.264	2.34
55.781	-4.196	2.35
59.769	-2.231	2.36
66.031	-0.113	2.37
69.653	1.380	2.38
74.529	2.737	2.39
77.210	4.667	2.40
78.646	5.219	2.41
79.365	6.213	2.42
63.467	-5.650	2.43
64.380	-6.942	2.44
67.678	-5.931	2.45
64.380	-6.942	2.46
68.141	-8.529	2.47
69.750	-8.320	2.48
70.072	-5.873	2.49
71.886	-4.905	2.50
74.168	-4.219	2.51
76.960	-4.481	2.52
84.660	-2.300	2.53
79.895	-5.059	2.54
82.560	-5.739	2.55
88.488	-6.909	2.56
90.117	-11.338	2.57
96.363	-10.904	2.58
101.063	-13.448	2.59
104.515	-14.588	2.60
109.462	-18.229	2.61
110.225	-18.934	2.62
40.581	-10.592	4.0
43.783	-10.537	4.1
50.643	-12.385	4.2
54.782	-13.304	4.3
74.529	2.737	5.0
76.075	2.934	5.1
77.169	4.295	5.2
81.149	5.150	5.3
84.421	6.691	5.4
87.593	7.401	5.5
90.845	8.554	5.6
92.232	8.256	5.7
97.872	11.059	5.8
101.063	-13.448	6.0
104.276	-14.269	6.1
109.200	-17.135	6.2
112.241	-17.685	6.3
110.225	-18.934	6.4
118.748	-20.007	6.5
124.942	-21.075	6.6
132.544	-22.026	6.7
135.093	-22.409	6.8
141.847	-23.179	6.9
143.929	-23.372	6.10
151.716	-22.422	6.11
137.252	-18.347	6.12
139.733	-17.059	6.13
SHOTS
42.998	1.600	44.583	0.312
44.583	0.312	43.466	3.169
44.583	0.312	44.849	0.335
44.583	0.312	44.622	0.104
44.583	0.312	43.264	0.691
44.583	0.312	42.989	1.588
40.618	3.319	42.998	1.600
42.998	1.600	43.057	-0.016
42.998	1.600	42.772	3.133
42.998	1.600	42.108	1.821
42.998	1.600	42.053	1.812
42.998	1.600	40.600	3.322
38.642	3.887	40.618	3.319
40.618	3.319	40.577	3.210
40.618	3.319	40.603	1.779
40.618	3.319	40.560	3.845
40.618	3.319	38.654	3.887
34.818	5.222	38.642	3.887
38.642	3.887	38.610	3.204
38.642	3.887	38.723	4.141
38.642	3.887	39.230	3.916
38.642	3.887	37.306	4.216
38.642	3.887	34.813	5.215
32.443	5.616	34.818	5.222
34.818	5.222	36.301	4.553
34.818	5.222	34.453	5.378
34.818	5.222	34.414	4.953
34.818	5.222	33.995	5.006
34.818	5.222	34.292	3.765
34.818	5.222	32.446	5.617
28.896	6.009	32.443	5.616
32.443	5.616	31.796	5.706
32.443	5.616	32.376	6.248
32.443	5.616	32.550	7.123
32.443	5.616	32.164	5.645
32.443	5.616	32.448	4.996
32.443	5.616	32.500	5.561
32.443	5.616	28.886	6.017
25.791	7.028	28.896	6.009
28.896	6.009	28.021	6.182
28.896	6.009	28.700	5.051
28.896	6.009	28.833	5.210
28.896	6.009	28.905	6.694
28.896	6.009	28.841	5.832
28.896	6.009	25.800	7.008
26.450	6.354	31.457	8.127
31.457	8.127	30.829	7.930
31.457	8.127	31.222	8.423
31.457	8.127	31.395	8.326
31.457	8.127	31.295	7.689
31.457	8.127	30.961	8.012
31.457	8.127	25.974	6.168
25.791	7.028	26.450	6.354
26.450	6.354	26.221	6.605
26.450	6.354	26.730	6.146
26.450	6.354	26.938	6.634
26.450	6.354	26.894	7.058
26.450	6.354	25.792	7.020
25.151	6.941	29.399	8.428
29.399	8.428	31.194	8.821
29.399	8.428	29.304	8.363
29.399	8.428	28.525	8.232
29.399	8.428	29.385	8.619
29.399	8.428	29.424	8.167
29.399	8.428	29.377	8.673
22.740	6.718	25.151	6.941
25.151	6.941	27.007	7.954
25.151	6.941	25.033	6.544
25.151	6.941	24.838	7.266
25.151	6.941	25.322	6.867
25.151	6.941	24.759	7.121
25.151	6.941	22.739	6.713
22.740	6.718	25.791	7.028
25.791	7.028	24.391	9.961
25.791	7.028	25.605	6.344
25.791	7.028	24.997	6.734
25.791	7.028	25.812	5.914
25.791	7.028	25.650	7.013
25.791	7.028	22.730	6.692
21.732	6.715	22.740	6.718
22.740	6.718	26.079	7.093
22.740	6.718	22.635	6.269
22.740	6.718	22.305	6.629
22.740	6.718	22.888	7.150
22.740	6.718	21.716	6.710
19.773	6.317	21.732	6.715
21.732	6.715	21.527	6.721
21.732	6.715	21.667	5.629
21.732	6.715	21.713	6.867
21.732	6.715	21.673	6.523
21.732	6.715	19.765	6.327
18.711	6.101	19.773	6.317
19.773	6.317	20.663	6.900
19.773	6.317	19.625	6.124
19.773	6.317	19.720	5.611
19.773	6.317	19.401	2.232
19.773	6.317	19.879	7.048
19.773	6.317	18.708	6.086
30.232	12.021	33.214	11.917
25.017	11.561	30.232	12.021
23.704	9.277	25.017	11.561
25.017	11.561	24.344	10.174
25.017	11.561	24.396	10.176
25.017	11.561	23.797	10.209
25.017	11.561	23.791	10.205
25.017	11.561	23.620	11.480
25.017	11.561	24.688	11.522
25.017	11.561	24.922	11.578
25.017	11.561	24.166	11.557
25.017	11.561	23.104	11.600
25.017	11.561	23.257	11.663
25.017	11.561	19.993	12.023
20.896	7.960	23.704	9.277
23.704	9.277	23.582	8.835
23.704	9.277	23.534	9.340
23.704	9.277	23.748	9.344
23.704	9.277	23.537	10.190
23.704	9.277	22.468	11.567
23.704	9.277	23.596	9.472
16.484	7.015	20.896	7.960
20.896	7.960	20.937	9.454
20.896	7.960	20.890	6.645
20.896	7.960	20.966	8.540
20.896	7.960	20.678	7.953
20.896	7.960	22.444	9.294
16.484	7.015	18.711	6.101
18.711	6.101	18.822	6.106
18.711	6.101	18.525	6.093
18.711	6.101	18.656	5.810
18.711	6.101	18.746	6.448
18.711	6.101	16.514	7.006
16.484	7.015	16.484	7.015
16.484	7.015	16.484	6.511
16.484	7.015	16.484	7.703
16.484	7.015	16.484	7.886
16.484	7.015	16.484	7.290
16.484	7.015	16.484	5.858
16.484	7.015	16.484	6.849
16.484	7.015	16.484	6.848
16.484	7.015	16.484	6.698
16.484	7.015	16.484	6.744
16.484	7.015	16.484	8.298
16.484	7.015	16.484	7.023
16.484	7.015	16.484	7.354
16.484	7.015	16.484	7.962
12.802	5.259	16.484	7.015
16.484	7.015	12.634	5.214
16.484	7.015	12.811	5.303
16.484	7.015	16.531	6.456
16.484	7.015	16.509	7.087
16.484	7.015	16.379	7.676
16.484	7.015	16.389	7.022
9.529	3.384	12.802	5.259
12.802	5.259	18.355	4.040
12.802	5.259	15.554	4.407
12.802	5.259	14.836	4.530
12.802	5.259	13.792	5.055
12.802	5.259	12.844	3.767
12.802	5.259	12.831	5.715
12.802	5.259	11.724	5.146
5.598	1.569	9.529	3.384
9.529	3.384	10.626	2.688
9.529	3.384	9.542	1.991
9.529	3.384	9.547	4.120
9.529	3.384	9.485	3.389
9.529	3.384	9.622	1.469
9.529	3.384	9.576	3.290
2.832	1.356	5.598	1.569
5.598	1.569	5.626	1.587
5.598	1.569	5.597	1.086
5.598	1.569	5.593	1.591
5.598	1.569	5.494	1.579
5.598	1.569	5.481	2.736
0.000	0.000	2.832	1.356
2.832	1.356	2.491	3.304
2.832	1.356	2.889	1.289
2.832	1.356	2.602	-0.004
110.225	-18.934	110.225	-18.934
137.252	-18.347	139.733	-17.059
139.733	-17.059	139.780	-16.571
139.733	-17.059	139.729	-17.042
139.733	-17.059	139.744	-17.355
135.093	-22.409	137.252	-18.347
137.252	-18.347	137.204	-16.940
137.252	-18.347	137.255	-18.338
137.252	-18.347	137.280	-18.681
143.929	-23.372	151.716	-22.422
151.716	-22.422	143.931	-23.442
151.716	-22.422	147.864	-23.605
151.716	-22.422	147.732	-23.202
151.716	-22.422	152.222	-22.312
151.716	-22.422	154.317	-21.950
151.716	-22.422	153.945	-23.144
151.716	-22.422	151.973	-22.459
151.716	-22.422	147.453	-22.765
151.716	-22.422	147.730	-22.736
151.716	-22.422	151.738	-19.202
151.716	-22.422	151.607	-23.425
141.847	-23.179	143.929	-23.372
143.929	-23.372	141.814	-23.221
143.929	-23.372	144.124	-23.561
143.929	-23.372	143.839	-24.517
143.929	-23.372	141.893	-18.316
135.093	-22.409	141.847	-23.179
141.847	-23.179	135.112	-22.460
141.847	-23.179	142.181	-23.305
141.847	-23.179	142.678	-19.918
141.847	-23.179	141.713	-24.442
132.544	-22.026	135.093	-22.409
135.093	-22.409	132.543	-22.014
135.093	-22.409	135.032	-22.432
135.093	-22.409	135.552	-17.305
135.093	-22.409	135.076	-23.469
124.942	-21.075	132.544	-22.026
132.544	-22.026	124.954	-21.102
132.544	-22.026	133.210	-22.085
132.544	-22.026	132.565	-23.250
132.544	-22.026	132.722	-16.128
118.748	-20.007	124.942	-21.075
124.942	-21.075	118.769	-20.023
124.942	-21.075	125.029	-21.202
124.942	-21.075	124.818	-22.521
124.942	-21.075	124.949	-21.065
124.942	-21.075	125.494	-17.115
116.620	-18.933	118.748	-20.007
118.748	-20.007	116.622	-18.963
118.748	-20.007	118.573	-19.997
118.748	-20.007	118.895	-19.972
118.748	-20.007	119.205	-14.793
118.748	-20.007	118.798	-21.535
112.241	-17.685	116.620	-18.933
116.620	-18.933	112.269	-17.704
116.620	-18.933	116.816	-18.956
116.620	-18.933	116.566	-18.958
116.620	-18.933	116.505	-13.419
116.620	-18.933	116.937	-21.379
109.200	-17.135	112.241	-17.685
112.241	-17.685	109.190	-17.137
112.241	-17.685	112.422	-17.833
112.241	-17.685	112.231	-18.611
112.241	-17.685	111.847	-17.726
112.241	-17.685	112.253	-17.364
104.276	-14.269	109.200	-17.135
109.200	-17.135	104.245	-14.291
109.200	-17.135	109.904	-17.160
109.200	-17.135	109.380	-15.935
109.200	-17.135	109.116	-17.127
109.200	-17.135	109.342	-18.266
101.063	-13.448	104.276	-14.269
104.276	-14.269	101.115	-13.463
104.276	-14.269	104.765	-14.420
104.276	-14.269	103.615	-14.274
104.276	-14.269	101.928	-14.826
104.276	-14.269	105.809	-15.132
101.063	-13.448	101.063	-13.448
109.462	-18.229	110.225	-18.934
104.515	-14.588	109.462	-18.229
109.462	-18.229	109.666	-18.289
109.462	-18.229	109.652	-13.964
109.462	-18.229	109.474	-21.468
101.063	-13.448	104.515	-14.588
104.515	-14.588	102.381	-12.987
104.515	-14.588	104.313	-12.551
104.515	-14.588	106.822	-12.943
104.515	-14.588	109.841	-13.531
104.515	-14.588	102.673	-15.288
104.515	-14.588	102.005	-15.159
104.515	-14.588	108.316	-16.942
92.232	8.256	97.872	11.059
97.872	11.059	97.883	11.145
97.872	11.059	97.882	11.115
97.872	11.059	97.869	11.245
97.872	11.059	97.898	10.710
90.845	8.554	92.232	8.256
92.232	8.256	90.843	8.535
92.232	8.256	92.757	9.242
92.232	8.256	93.394	8.499
92.232	8.256	92.165	9.143
92.232	8.256	92.231	7.811
87.593	7.401	90.845	8.554
90.845	8.554	87.553	7.386
90.845	8.554	92.211	8.183
90.845	8.554	90.860	7.994
90.845	8.554	90.623	8.517
90.845	8.554	88.839	7.792
90.845	8.554	94.694	8.757
90.845	8.554	92.976	8.996
90.845	8.554	92.111	9.020
90.845	8.554	92.358	8.604
84.421	6.691	87.593	7.401
87.593	7.401	84.401	6.649
87.593	7.401	87.589	7.648
87.593	7.401	87.319	7.497
87.593	7.401	87.539	7.175
87.593	7.401	87.525	6.639
81.149	5.150	84.421	6.691
84.421	6.691	81.150	5.126
84.421	6.691	84.545	6.724
84.421	6.691	83.732	6.524
84.421	6.691	84.545	5.806
84.421	6.691	84.926	6.412
77.169	4.295	81.149	5.150
81.149	5.150	77.140	4.261
81.149	5.150	77.148	4.245
81.149	5.150	82.440	5.610
81.149	5.150	80.639	5.046
81.149	5.150	81.162	5.559
81.149	5.150	81.129	4.712
81.149	5.150	80.383	4.993
81.149	5.150	80.067	4.794
76.075	2.934	77.169	4.295
77.169	4.295	76.077	2.914
77.169	4.295	77.105	4.297
77.169	4.295	77.331	3.428
77.169	4.295	77.040	4.974
74.529	2.737	76.075	2.934
76.075	2.934	76.441	3.014
76.075	2.934	76.017	3.321
76.075	2.934	76.051	2.203
76.075	2.934	76.518	3.328
76.075	2.934	76.365	3.370
74.529	2.737	74.529	2.737
50.643	-12.385	54.782	-13.304
54.782	-13.304	50.667	-12.409
54.782	-13.304	54.700	-10.147
54.782	-13.304	54.798	-14.069
43.783	-10.537	50.643	-12.385
50.643	-12.385	43.775	-10.604
50.643	-12.385	50.508	-12.372
50.643	-12.385	50.814	-9.516
50.643	-12.385	50.447	-13.183
40.581	-10.592	43.783	-10.537
43.783	-10.537	40.564	-10.615
43.783	-10.537	43.823	-10.506
43.783	-10.537	43.658	-11.995
43.783	-10.537	43.840	-8.134
40.581	-10.592	40.581	-10.592
40.581	-10.592	40.706	-10.597
40.581	-10.592	40.529	-11.348
40.581	-10.592	40.749	-7.861
96.363	-10.904	101.063	-13.448
101.063	-13.448	102.916	-12.570
101.063	-13.448	101.035	-13.348
101.063	-13.448	101.337	-10.461
101.063	-13.448	101.039	-14.120
101.063	-13.448	98.989	-16.633
101.063	-13.448	98.799	-12.061
101.063	-13.448	99.267	-12.849
101.063	-13.448	99.789	-12.316
101.063	-13.448	102.442	-13.173
101.063	-13.448	106.208	-13.780
101.063	-13.448	105.951	-13.764
101.063	-13.448	98.607	-12.142
90.117	-11.338	96.363	-10.904
96.363	-10.904	96.544	-10.802
96.363	-10.904	96.777	-8.463
96.363	-10.904	96.481	-10.866
96.363	-10.904	96.272	-11.642
96.363	-10.904	92.721	-13.313
88.488	-6.909	90.117	-11.338
90.117	-11.338	89.731	-5.839
90.117	-11.338	88.665	-11.188
90.117	-11.338	90.466	-11.340
90.117	-11.338	90.098	-12.091
82.560	-5.739	88.488	-6.909
88.488	-6.909	91.013	-7.342
88.488	-6.909	88.685	-6.040
88.488	-6.909	88.983	-12.325
88.488	-6.909	88.037	-6.962
79.895	-5.059	82.560	-5.739
82.560	-5.739	82.718	-5.671
82.560	-5.739	82.904	-5.717
82.560	-5.739	82.775	-4.766
82.560	-5.739	82.902	-10.315
82.560	-5.739	83.086	-3.818
76.960	-4.481	79.895	-5.059
79.895	-5.059	79.636	-4.692
79.895	-5.059	79.533	-9.878
79.895	-5.059	80.194	-3.735
76.960	-4.481	84.660	-2.300
74.168	-4.219	76.960	-4.481
76.960	-4.481	75.671	-4.816
76.960	-4.481	76.938	-3.818
76.960	-4.481	76.934	-5.585
76.960	-4.481	76.282	-4.538
71.886	-4.905	74.168	-4.219
74.168	-4.219	74.125	-3.874
74.168	-4.219	74.330	-4.156
74.168	-4.219	74.609	-4.629
74.168	-4.219	74.592	-8.193
70.072	-5.873	71.886	-4.905
71.886	-4.905	71.887	-4.219
71.886	-4.905	71.704	-4.855
71.886	-4.905	71.850	-5.659
67.678	-5.931	70.072	-5.873
70.072	-5.873	70.250	-3.635
70.072	-5.873	70.125	-5.888
70.072	-5.873	69.894	-5.733
70.072	-5.873	70.104	-6.579
70.072	-5.873	68.838	-9.138
68.141	-8.529	69.750	-8.320
69.750	-8.320	69.722	-8.392
69.750	-8.320	69.773	-7.903
69.750	-8.320	69.814	-9.023
69.750	-8.320	75.898	-8.179
69.750	-8.320	78.602	-8.275
64.380	-6.942	68.141	-8.529
68.141	-8.529	68.421	-7.438
68.141	-8.529	68.447	-9.110
68.141	-8.529	68.704	-8.507
64.380	-6.942	64.380	-6.942
64.380	-6.942	64.535	-6.529
64.380	-6.942	65.114	-6.214
63.467	-5.650	67.678	-5.931
67.678	-5.931	67.713	-5.918
67.678	-5.931	67.563	-6.840
67.678	-5.931	67.630	-3.816
67.678	-5.931	67.395	-4.558
67.678	-5.931	67.296	-5.888
63.467	-5.650	64.380	-6.942
55.781	-4.196	63.467	-5.650
63.467	-5.650	63.235	-2.832
63.467	-5.650	63.250	-5.564
63.467	-5.650	63.695	-5.525
63.467	-5.650	63.717	-7.334
78.646	5.219	79.365	6.213
79.365	6.213	79.242	6.493
79.365	6.213	79.052	6.231
79.365	6.213	79.479	6.339
79.365	6.213	79.761	6.707
77.210	4.667	78.646	5.219
78.646	5.219	78.583	6.391
78.646	5.219	78.462	5.450
78.646	5.219	78.162	5.403
74.529	2.737	77.210	4.667
77.210	4.667	77.143	5.067
77.210	4.667	76.878	4.870
77.210	4.667	77.165	4.747
69.653	1.380	74.529	2.737
74.529	2.737	74.623	3.538
74.529	2.737	74.499	2.723
74.529	2.737	74.821	2.774
74.529	2.737	74.543	2.425
74.529	2.737	73.617	3.299
74.529	2.737	75.582	3.337
74.529	2.737	75.730	3.267
74.529	2.737	76.774	3.111
66.031	-0.113	69.653	1.380
69.653	1.380	69.520	3.913
69.653	1.380	69.581	3.094
69.653	1.380	69.686	0.548
69.653	1.380	69.680	1.422
69.653	1.380	69.249	1.199
59.769	-2.231	66.031	-0.113
66.031	-0.113	66.104	2.654
66.031	-0.113	66.057	0.073
66.031	-0.113	65.347	-0.031
66.031	-0.113	65.980	-0.608
55.781	-4.196	59.769	-2.231
59.769	-2.231	60.727	-2.130
59.769	-2.231	59.469	0.228
59.769	-2.231	59.570	-2.073
59.769	-2.231	59.752	-2.611
59.769	-2.231	60.033	1.110
53.183	-3.264	55.781	-4.196
55.781	-4.196	55.067	-0.716
55.781	-4.196	56.067	-4.017
55.781	-4.196	54.644	-4.112
48.760	-0.663	53.183	-3.264
53.183	-3.264	51.456	-3.065
53.183	-3.264	52.777	-1.663
53.183	-3.264	52.905	-3.968
50.970	-0.171	55.478	-4.175
48.760	-0.663	50.970	-0.171
50.970	-0.171	50.946	-0.728
50.970	-0.171	50.912	-0.184
50.970	-0.171	50.949	0.208
50.970	-0.171	51.040	-0.924
47.606	-1.693	48.760	-0.663
48.760	-0.663	49.866	-0.604
48.760	-0.663	50.152	-0.547
48.760	-0.663	48.603	0.301
48.760	-0.663	48.664	-0.628
48.760	-0.663	48.723	-2.160
42.156	1.432	47.606	-1.693
47.606	-1.693	47.962	0.169
47.606	-1.693	48.022	-1.557
47.606	-1.693	47.473	-1.658
47.606	-1.693	47.634	-2.119
41.569	2.105	42.156	1.432
42.156	1.432	42.379	2.043
42.156	1.432	41.957	1.453
42.156	1.432	42.760	1.451
42.156	1.432	42.215	0.286
42.156	1.432	42.757	1.018
39.053	3.275	41.569	2.105
41.569	2.105	41.431	4.084
41.569	2.105	41.370	0.953
41.569	2.105	41.162	2.032
41.672	5.140	45.512	8.255
45.512	8.255	45.883	8.594
45.512	8.255	47.228	9.437
45.512	8.255	45.724	8.792
45.512	8.255	47.141	9.304
41.672	5.140	45.631	6.327
45.631	6.327	45.615	6.323
45.631	6.327	45.633	6.889
45.631	6.327	45.036	6.874
45.631	6.327	45.748	5.814
45.631	6.327	48.359	7.203
39.053	3.275	41.672	5.140
41.672	5.140	42.108	5.228
41.672	5.140	41.289	7.547
41.672	5.140	41.786	5.999
41.672	5.140	41.340	5.201
41.672	5.140	43.736	7.601
34.515	3.927	39.053	3.275
39.053	3.275	38.269	3.966
39.053	3.275	38.892	4.707
39.053	3.275	41.458	4.219
39.053	3.275	41.577	4.854
39.053	3.275	41.084	4.954
39.053	3.275	40.355	5.213
39.053	3.275	40.996	5.773
39.053	3.275	40.221	5.287
39.053	3.275	36.253	3.732
33.207	3.168	34.515	3.927
34.515	3.927	34.568	3.894
34.515	3.927	34.525	2.712
34.515	3.927	34.262	3.988
34.515	3.927	34.513	4.326
34.515	3.927	33.589	2.753
30.321	2.785	33.207	3.168
33.207	3.168	33.051	4.467
33.207	3.168	33.701	3.169
33.207	3.168	33.232	2.767
33.207	3.168	31.495	3.254
33.207	3.168	29.414	2.510
28.602	2.564	30.321	2.785
30.321	2.785	30.023	2.837
30.321	2.785	30.310	3.971
30.321	2.785	30.315	2.539
26.837	2.149	28.602	2.564
28.602	2.564	28.657	2.608
28.602	2.564	28.808	4.026
28.602	2.564	28.819	2.550
26.044	1.884	26.837	2.149
26.837	2.149	27.502	2.243
26.837	2.149	27.146	2.303
26.837	2.149	26.856	2.550
23.415	2.217	26.044	1.884
26.044	1.884	27.318	2.117
26.044	1.884	26.017	2.285
26.044	1.884	25.926	1.978
26.044	1.884	26.127	1.375
21.110	2.616	23.415	2.217
23.415	2.217	24.845	2.154
23.415	2.217	23.226	3.420
16.595	2.032	21.110	2.616
21.110	2.616	18.210	2.440
21.110	2.616	18.138	2.721
21.110	2.616	20.988	2.529
21.110	2.616	20.847	3.474
21.110	2.616	21.034	1.104
21.110	2.616	18.952	2.238
21.110	2.616	20.012	2.680
15.762	2.225	16.595	2.032
16.595	2.032	16.832	2.072
16.595	2.032	16.467	2.107
16.595	2.032	16.594	1.620
16.595	2.032	16.541	2.433
16.595	2.032	17.021	2.039
13.379	2.087	15.762	2.225
15.762	2.225	16.332	1.875
15.762	2.225	15.773	1.635
15.762	2.225	15.668	2.710
11.852	0.837	13.379	2.087
13.379	2.087	12.788	2.068
13.379	2.087	13.415	2.545
13.379	2.087	13.587	1.070
8.330	1.076	11.852	0.837
11.852	0.837	12.240	0.988
11.852	0.837	11.938	1.716
7.568	0.262	8.330	1.076
8.330	1.076	7.938	1.097
8.330	1.076	8.214	2.487
8.330	1.076	8.441	0.107
5.203	0.089	7.568	0.262
7.568	0.262	7.486	0.266
7.568	0.262	7.565	-0.169
7.568	0.262	7.954	0.267
7.568	0.262	8.258	2.442
4.109	0.004	5.203	0.089
5.203	0.089	5.181	-0.480
5.203	0.089	5.445	0.147
5.203	0.089	5.206	0.920
5.203	0.089	5.112	-0.113
4.109	0.004	5.791	0.370
5.791	0.370	5.223	0.316
5.791	0.370	5.693	-0.439
5.791	0.370	5.364	1.249
1.860	0.212	4.109	0.004
4.109	0.004	4.069	-0.498
4.109	0.004	4.356	-0.060
4.109	0.004	4.791	1.414
0.000	0.000	1.860	0.212
1.860	0.212	1.751	0.225
1.860	0.212	1.690	0.269
1.860	0.212	1.853	-0.245
1.860	0.212	1.414	0.676
1.860	0.212	1.650	2.694
POLYLINE BROWN
140.044	-17.666
140.064	-17.666
140.104	-17.636
140.124	-17.636
140.144	-17.616
140.224	-17.616
140.224	-17.636
140.174	-17.706
140.134	-17.716
140.114	-17.736
140.174	-17.736
140.244	-17.776
140.244	-17.816
140.184	-17.866
140.164	-17.866
140.144	-17.886
140.104	-17.896
140.084	-17.886
POLYLINE BROWN
139.974	-17.596
139.964	-17.686
139.964	-17.836
139.954	-17.876
139.954	-17.896
POLYLINE BROWN
139.874	-17.746
139.894	-17.756
139.844	-17.726
POLYLINE BROWN
139.844	-17.726
POLYLINE BROWN
139.854	-17.766
POLYLINE BROWN
139.764	-17.626
139.744	-17.626
139.684	-17.676
139.674	-17.716
139.664	-17.736
139.664	-17.826
139.714	-17.876
139.754	-17.876
139.814	-17.836
139.814	-17.796
139.794	-17.776
139.744	-17.766
139.704	-17.756
139.664	-17.766
139.634	-17.806
POLYLINE BROWN
137.704	-18.786
137.754	-18.736
137.794	-18.726
137.864	-18.706
137.874	-18.746
137.874	-18.786
137.734	-18.926
137.784	-18.936
137.904	-18.926
137.944	-18.916
137.964	-18.926
POLYLINE BROWN
137.624	-18.706
137.644	-18.816
137.654	-18.906
137.664	-18.956
POLYLINE BROWN
137.534	-18.836
137.554	-18.846
137.554	-18.866
POLYLINE BROWN
137.494	-18.646
137.454	-18.686
137.384	-18.716
137.354	-18.776
137.354	-18.866
137.364	-18.906
137.374	-18.946
137.434	-18.976
137.484	-18.926
137.484	-18.886
137.444	-18.826
137.404	-18.816
137.364	-18.836
POLYLINE BROWN
135.664	-22.036
135.664	-22.036
135.654	-21.996
POLYLINE BROWN
135.834	-22.066
135.784	-22.016
135.764	-21.956
135.764	-21.916
135.834	-21.846
135.874	-21.846
135.924	-21.866
135.934	-21.886
135.874	-21.976
135.794	-22.056
135.774	-22.146
135.794	-22.216
135.834	-22.246
135.874	-22.236
135.874	-22.166
135.884	-22.086
135.834	-22.036
POLYLINE BROWN
135.664	-22.056
POLYLINE BROWN
135.554	-21.876
135.504	-21.926
135.454	-21.986
135.454	-22.016
135.444	-22.036
135.444	-22.106
135.484	-22.216
135.524	-22.246
135.564	-22.226
135.584	-22.236
135.634	-22.176
135.624	-22.126
135.574	-22.076
135.514	-22.076
135.434	-22.106
POLYLINE RED
137.204	-18.366
137.164	-18.476
137.004	-18.696
136.944	-18.786
136.924	-18.856
136.844	-19.016
136.694	-19.396
136.614	-19.556
136.564	-19.706
136.444	-19.956
136.424	-20.016
136.284	-20.296
136.194	-20.446
136.094	-20.626
136.074	-20.676
135.984	-20.826
135.914	-20.916
135.774	-21.166
135.774	-21.186
135.694	-21.326
135.604	-21.516
135.554	-21.586
135.474	-21.756
135.474	-21.776
135.444	-21.816
135.344	-22.066
135.194	-22.306
135.134	-22.416
POLYLINE RED
134.804	-22.366
134.804	-22.326
134.844	-22.366
135.104	-22.366
135.264	-22.326
135.384	-22.326
135.424	-22.306
135.524	-22.306
135.604	-22.326
135.864	-22.306
135.984	-22.306
136.404	-22.386
136.504	-22.426
136.924	-22.486
137.084	-22.506
137.164	-22.506
137.284	-22.566
137.384	-22.566
137.544	-22.666
POLYLINE RED
135.544	-17.306
135.584	-17.346
135.644	-17.746
135.644	-18.226
135.584	-18.806
135.584	-18.946
135.564	-19.006
135.524	-19.566
135.404	-20.106
135.364	-20.386
135.364	-21.186
135.344	-21.226
135.264	-21.706
135.204	-21.906
135.144	-22.286
135.144	-22.406
135.124	-22.446
135.144	-22.546
135.144	-22.746
135.124	-22.826
135.124	-23.086
135.144	-23.226
135.144	-23.346
POLYLINE RED
137.264	-16.906
137.284	-17.006
137.284	-17.286
137.304	-17.326
137.304	-17.606
137.324	-17.806
137.324	-17.946
137.344	-18.026
137.344	-18.166
137.324	-18.246
137.304	-18.426
137.304	-18.466
POLYLINE RED
139.724	-16.546
139.724	-16.746
139.744	-16.786
139.744	-17.146
139.764	-17.286
139.764	-17.366
139.804	-17.486
POLYLINE RED
137.204	-18.386
137.284	-18.366
137.324	-18.326
137.384	-18.326
137.764	-18.046
138.104	-17.846
138.404	-17.606
138.504	-17.566
138.664	-17.466
138.904	-17.346
138.944	-17.346
138.984	-17.306
139.244	-17.246
139.384	-17.206
139.424	-17.166
139.524	-17.146
139.684	-17.106
139.764	-17.046
POLYLINE BLACK
137.364	-21.386
137.384	-21.426
137.364	-21.466
137.364	-21.926
137.384	-22.166
137.384	-22.286
137.404	-22.326
137.404	-22.406
137.444	-22.526
137.444	-22.586
137.484	-22.746
137.484	-23.306
137.464	-23.386
137.364	-23.446
137.164	-23.506
137.104	-23.506
136.984	-23.586
136.884	-23.586
136.784	-23.566
136.524	-23.566
136.464	-23.586
136.424	-23.566
136.364	-23.586
136.304	-23.566
136.224	-23.586
136.144	-23.586
136.024	-23.566
135.904	-23.566
135.684	-23.506
135.584	-23.506
135.444	-23.466
135.404	-23.486
135.284	-23.426
135.124	-23.386
134.984	-23.246
134.904	-23.006
134.904	-22.946
134.884	-22.846
134.884	-22.346
134.904	-22.266
134.904	-21.906
134.944	-21.726
134.944	-21.586
134.984	-21.446
134.984	-21.286
135.004	-21.086
135.004	-20.926
135.024	-20.786
135.024	-20.646
135.004	-20.606
135.024	-20.486
135.024	-19.946
135.044	-19.906
135.064	-19.506
135.064	-19.386
135.084	-19.206
135.104	-19.046
135.164	-18.806
135.184	-18.706
135.184	-18.566
135.204	-18.486
135.204	-18.346
135.284	-17.946
135.284	-17.766
135.304	-17.686
135.284	-17.606
135.404	-17.366
135.484	-17.306
POLYLINE BLACK
137.264	-18.466
137.244	-18.666
137.244	-18.986
137.264	-19.026
137.264	-19.106
137.344	-19.486
137.344	-19.606
137.364	-19.686
137.364	-20.006
137.344	-20.106
137.344	-20.606
137.364	-20.686
137.364	-20.746
137.344	-20.826
137.344	-20.966
137.364	-21.046
137.324	-21.226
137.364	-21.366
137.364	-21.446
137.344	-21.546
137.324	-21.626
137.344	-21.706
137.424	-22.526
POLYLINE BLACK
135.544	-17.276
135.649	-17.291
135.769	-17.291
136.099	-17.246
136.369	-17.171
136.579	-17.066
POLYLINE BLACK
137.164	-16.916
137.164	-16.946
136.984	-16.991
136.819	-17.066
136.789	-17.066
136.699	-17.111
136.639	-17.111
136.594	-17.126
136.564	-17.156
136.504	-17.156
136.459	-17.171
136.429	-17.156
136.324	-17.186
136.249	-17.111
POLYLINE BLACK
139.774	-16.541
139.789	-16.616
139.819	-16.676
139.819	-16.706
139.834	-16.766
139.834	-16.826
139.849	-16.886
139.849	-17.126
139.864	-17.156
139.819	-17.291
139.759	-17.336
POLYLINE BLACK
139.759	-17.246
139.654	-17.276
139.624	-17.306
139.594	-17.306
139.324	-17.471
139.294	-17.501
139.099	-17.591
139.069	-17.591
138.904	-17.666
138.874	-17.651
138.754	-17.711
138.724	-17.711
138.634	-17.831
138.544	-18.011
138.544	-18.056
138.514	-18.146
138.424	-18.266
138.394	-18.266
138.304	-18.311
138.154	-18.311
138.124	-18.326
138.049	-18.311
138.019	-18.311
137.959	-18.296
137.884	-18.311
137.854	-18.311
137.794	-18.326
137.764	-18.326
137.704	-18.341
137.674	-18.326
137.614	-18.356
137.584	-18.356
137.464	-18.386
137.374	-18.386
137.344	-18.416
137.314	-18.416
137.254	-18.461
137.254	-18.491
137.209	-18.551
137.194	-18.686
137.224	-18.761
POLYLINE BLACK
137.059	-16.961
137.089	-16.976
137.344	-16.976
137.404	-16.946
137.434	-16.946
137.464	-16.961
137.509	-16.946
137.584	-16.946
137.704	-16.916
137.734	-16.916
137.764	-16.886
137.809	-16.886
137.869	-16.856
137.929	-16.871
138.019	-16.826
138.049	-16.826
138.109	-16.796
138.169	-16.796
138.394	-16.736
138.424	-16.721
138.544	-16.721
138.694	-16.676
138.769	-16.661
138.829	-16.631
138.889	-16.631
138.964	-16.646
138.994	-16.646
139.054	-16.616
139.219	-16.616
139.249	-16.601
139.354	-16.601
139.384	-16.616
139.444	-16.586
139.489	-16.601
139.549	-16.586
139.639	-16.616
139.699	-16.601
139.729	-16.601
139.759	-16.586
139.804	-16.586
139.834	-16.571
POLYLINE BLACK
212.258	-19.315
212.378	-19.315
212.498	-19.345
212.798	-19.315
212.858	-19.345
213.068	-19.315
213.218	-19.345
213.458	-19.375
213.578	-19.375
213.638	-19.435
213.878	-19.405
214.058	-19.465
214.118	-19.435
POLYLINE BLACK
212.858	-23.455
212.978	-23.515
213.038	-23.485
213.248	-23.545
213.338	-23.515
213.458	-23.545
213.578	-23.575
213.698	-23.605
213.818	-23.575
POLYLINE BLACK
212.588	-24.505
212.588	-24.565
212.708	-24.595
212.918	-24.535
213.038	-24.535
213.158	-24.595
213.308	-24.565
213.428	-24.595
213.608	-24.535
213.668	-24.565
213.878	-24.535
POLYLINE BLACK
211.268	-23.545
211.268	-23.365
211.238	-23.215
211.178	-22.975
211.058	-22.615
211.118	-22.585
211.238	-22.615
211.298	-22.615
211.358	-22.555
211.568	-22.555
211.748	-22.495
211.928	-22.495
211.988	-22.525
212.108	-22.495
212.348	-22.525
212.588	-22.495
212.708	-22.525
212.828	-22.525
212.888	-22.585
212.918	-22.825
212.918	-23.155
212.948	-23.275
212.948	-23.455
212.678	-23.455
POLYLINE BLACK
212.768	-23.455
212.708	-23.425
212.588	-23.455
212.408	-23.455
212.288	-23.485
212.168	-23.485
212.048	-23.515
211.928	-23.545
211.868	-23.515
211.748	-23.545
211.628	-23.575
211.508	-23.545
211.388	-23.575
211.268	-23.605
211.088	-23.575
211.028	-23.605
210.908	-23.575
210.728	-23.575
210.608	-23.545
210.488	-23.545
210.428	-23.515
208.688	-23.605
POLYLINE BLACK
204.278	-24.355
204.278	-24.415
204.338	-24.445
204.398	-24.415
204.578	-24.475
204.698	-24.505
204.758	-24.475
204.818	-24.505
204.878	-24.475
204.998	-24.505
205.238	-24.535
205.568	-24.535
205.628	-24.505
205.688	-24.535
205.748	-24.475
205.808	-24.535
206.138	-24.445
206.258	-24.445
206.378	-24.415
206.798	-24.415
207.068	-24.475
207.278	-24.475
207.518	-24.415
207.608	-24.415
207.728	-24.385
208.178	-24.385
208.298	-24.415
208.598	-24.415
208.928	-24.475
209.198	-24.445
209.468	-24.415
209.618	-24.445
209.858	-24.445
209.948	-24.415
210.068	-24.445
210.188	-24.385
210.248	-24.415
210.398	-24.385
210.668	-24.445
210.788	-24.415
210.908	-24.415
210.968	-24.445
211.058	-24.415
211.178	-24.445
211.238	-24.445
211.298	-24.505
211.418	-24.505
211.478	-24.565
211.808	-24.595
212.108	-24.595
212.168	-24.565
212.348	-24.625
212.408	-24.595
212.468	-24.625
212.588	-24.595
212.708	-24.565
212.768	-24.595
POLYLINE BLACK
212.348	-19.255
212.288	-19.195
212.168	-19.255
212.048	-19.225
211.928	-19.255
211.808	-19.225
211.628	-19.225
211.508	-19.195
211.268	-19.195
211.118	-19.165
210.848	-19.135
210.728	-19.135
210.518	-19.105
210.428	-19.105
210.308	-19.075
210.188	-19.105
210.068	-19.075
209.948	-19.075
209.738	-19.045
209.498	-19.045
209.108	-18.925
208.898	-18.925
208.508	-18.835
208.388	-18.835
208.298	-18.805
208.118	-18.895
207.998	-18.865
207.848	-18.835
207.728	-18.835
207.608	-18.805
207.398	-18.805
207.008	-18.715
206.798	-18.715
206.678	-18.655
206.528	-18.655
206.048	-18.505
205.898	-18.505
205.718	-18.415
205.388	-18.355
205.268	-18.325
205.208	-18.265
205.088	-18.265
204.788	-18.175
204.578	-18.175
204.398	-18.115
204.278	-18.145
204.218	-18.115
POLYLINE BLACK
204.368	-24.355
204.278	-24.355
204.218	-24.385
204.098	-24.355
203.978	-24.325
203.798	-24.265
203.588	-24.265
203.468	-24.235
203.348	-24.235
203.138	-24.265
202.958	-24.265
202.748	-24.295
202.238	-24.295
202.118	-24.325
201.728	-24.235
201.608	-24.265
201.398	-24.205
201.248	-24.205
201.128	-24.175
201.068	-24.205
200.948	-24.145
200.888	-24.175
200.768	-24.145
200.528	-24.085
200.408	-24.055
200.348	-24.085
200.228	-23.995
200.108	-23.965
200.048	-23.935
199.988	-23.965
199.718	-23.875
199.568	-23.875
199.448	-23.845
199.298	-23.845
199.178	-23.875
199.058	-23.905
198.968	-23.935
198.728	-23.815
198.578	-23.845
198.458	-23.815
198.158	-23.755
197.528	-23.545
197.408	-23.515
197.258	-23.455
196.988	-23.425
196.928	-23.395
196.868	-23.425
196.538	-23.365
196.148	-23.425
196.028	-23.395
195.668	-23.395
195.608	-23.365
195.488	-23.395
195.368	-23.365
195.248	-23.335
POLYLINE BLACK
203.168	-18.115
203.288	-18.235
203.408	-18.235
203.528	-18.205
203.678	-18.235
203.738	-18.175
203.828	-18.175
203.948	-18.145
204.068	-18.175
204.308	-18.145
204.458	-18.145
204.578	-18.115
POLYLINE BLACK
195.938	-17.125
195.968	-17.245
196.268	-17.395
196.388	-17.395
196.538	-17.425
196.658	-17.425
196.718	-17.395
196.898	-17.455
197.168	-17.455
197.228	-17.425
197.288	-17.455
197.408	-17.425
197.558	-17.425
197.708	-17.455
198.218	-17.455
198.428	-17.515
198.608	-17.515
198.878	-17.635
199.238	-17.725
199.568	-17.875
199.778	-17.875
199.868	-17.845
199.928	-17.875
200.048	-17.815
200.258	-17.815
200.378	-17.785
200.588	-17.785
200.648	-17.845
200.768	-17.875
201.338	-17.995
201.608	-18.085
201.698	-18.055
201.758	-18.085
201.908	-18.055
202.028	-18.085
202.298	-18.025
202.418	-18.055
202.628	-18.055
202.748	-18.115
202.898	-18.085
203.408	-18.265
POLYLINE BLACK
193.208	-16.195
193.328	-16.255
193.448	-16.225
193.568	-16.225
193.628	-16.195
193.688	-16.225
193.748	-16.195
193.808	-16.255
193.928	-16.285
193.988	-16.345
194.048	-16.345
194.108	-16.405
194.228	-16.435
194.438	-16.525
194.498	-16.495
194.618	-16.525
194.708	-16.645
194.708	-16.705
194.948	-16.915
195.068	-16.945
195.188	-17.065
195.308	-17.095
195.488	-17.215
195.608	-17.215
195.848	-17.305
195.968	-17.245
196.118	-17.275
POLYLINE BLACK
195.488	-23.215
195.488	-23.275
195.368	-23.305
195.128	-23.305
195.068	-23.275
194.978	-23.305
194.858	-23.275
194.708	-23.305
194.648	-23.275
194.408	-23.275
194.258	-23.245
193.778	-23.245
193.538	-23.305
193.358	-23.305
193.178	-23.215
193.118	-23.215
193.058	-23.155
192.938	-23.155
POLYLINE BLACK
185.228	-21.995
185.378	-22.395
185.578	-22.345
185.778	-22.395
185.878	-22.345
185.978	-22.395
186.228	-22.345
186.428	-22.295
186.728	-22.395
186.928	-22.345
187.178	-22.395
187.378	-22.445
187.778	-22.545
188.178	-22.545
188.678	-22.695
188.928	-22.695
189.328	-22.845
189.528	-22.795
189.928	-22.745
190.278	-22.745
190.378	-22.795
190.478	-22.745
190.828	-22.845
191.228	-22.745
191.628	-22.745
192.028	-22.945
192.328	-22.945
192.428	-23.045
192.628	-22.995
192.728	-23.095
192.928	-23.095
193.128	-23.195
POLYLINE BLACK
179.828	-14.645
179.878	-14.745
179.978	-14.745
180.078	-14.845
180.278	-14.895
180.478	-14.995
180.728	-14.995
181.028	-15.145
181.328	-15.145
181.628	-15.295
182.128	-15.395
182.228	-15.295
182.478	-15.395
182.678	-15.345
182.878	-15.395
183.328	-15.395
183.428	-15.445
183.778	-15.345
183.978	-15.295
184.578	-15.695
184.778	-15.745
184.978	-15.795
185.478	-15.695
185.578	-15.745
185.678	-15.695
185.978	-15.795
186.078	-15.745
186.278	-15.795
186.428	-15.745
186.828	-15.895
187.028	-15.945
187.578	-16.095
188.128	-16.095
188.378	-16.045
188.478	-16.095
188.778	-16.045
189.228	-16.045
189.678	-16.245
189.878	-16.295
190.078	-16.445
190.478	-16.445
190.578	-16.495
190.828	-16.445
191.628	-16.445
191.978	-16.345
192.178	-16.395
192.528	-16.295
192.828	-16.295
193.278	-16.095
193.428	-16.245
POLYLINE BLACK
181.698	-21.645
181.778	-21.805
181.798	-21.945
181.778	-22.025
181.778	-22.105
181.758	-22.185
181.758	-22.305
181.838	-22.365
181.878	-22.345
181.918	-22.385
181.958	-22.365
182.058	-22.465
182.138	-22.485
182.218	-22.465
182.378	-22.465
182.478	-22.445
182.558	-22.445
182.678	-22.405
182.838	-22.425
182.918	-22.425
183.098	-22.385
183.238	-22.385
183.278	-22.405
183.318	-22.385
183.478	-22.445
183.658	-22.385
183.718	-22.385
183.798	-22.405
183.878	-22.385
183.978	-22.405
184.058	-22.385
184.158	-22.385
184.198	-22.365
184.278	-22.385
184.438	-22.405
184.578	-22.385
184.658	-22.405
184.838	-22.405
184.918	-22.385
185.278	-22.465
POLYLINE BLACK
179.258	-21.385
179.298	-21.425
179.378	-21.425
179.458	-21.445
179.578	-21.445
179.838	-21.545
180.098	-21.625
180.178	-21.605
180.238	-21.605
180.398	-21.645
180.498	-21.645
180.578	-21.665
180.658	-21.685
180.698	-21.665
180.978	-21.765
181.018	-21.725
181.138	-21.705
181.178	-21.725
181.298	-21.685
181.378	-21.705
181.418	-21.745
181.498	-21.725
181.538	-21.745
181.618	-21.725
181.698	-21.705
181.778	-21.745
POLYLINE BROWN
179.198	-21.445
179.118	-21.465
178.938	-21.445
178.798	-21.465
178.638	-21.425
178.458	-21.425
178.378	-21.445
178.318	-21.445
178.238	-21.425
178.118	-21.425
178.038	-21.385
177.998	-21.405
177.918	-21.345
177.838	-21.345
177.638	-21.265
177.558	-21.285
177.458	-21.225
177.338	-21.225
177.298	-21.205
POLYLINE BROWN
179.798	-14.745
179.558	-14.665
179.238	-14.605
178.998	-14.525
178.918	-14.505
178.778	-14.445
178.398	-14.165
178.358	-14.125
178.318	-14.125
178.238	-14.045
178.138	-14.025
178.058	-13.985
177.918	-13.805
177.658	-13.645
177.578	-13.625
177.458	-13.545
177.378	-13.525
177.238	-13.385
177.138	-13.325
177.018	-13.305
176.978	-13.345
POLYLINE GREEN
177.398	-19.205
177.318	-19.185
177.238	-19.205
177.078	-19.125
176.938	-19.145
176.598	-19.205
176.518	-19.225
176.478	-19.305
176.498	-19.385
176.538	-19.585
176.618	-19.585
176.698	-19.605
176.798	-19.605
176.878	-19.625
176.918	-19.605
177.038	-19.645
177.118	-19.625
177.198	-19.645
177.318	-19.605
177.558	-19.605
177.618	-19.585
177.698	-19.605
177.758	-19.585
177.838	-19.605
177.878	-19.605
177.898	-19.505
177.898	-19.245
177.818	-19.245
177.738	-19.205
177.518	-19.265
177.478	-19.245
177.398	-19.285
177.318	-19.245
POLYLINE GREEN
176.798	-19.265
176.798	-19.165
176.878	-19.005
176.998	-18.925
177.078	-18.925
177.158	-18.885
177.238	-18.945
177.278	-18.945
177.398	-19.125
177.398	-19.245
177.318	-19.225
176.858	-19.225
176.818	-19.205
176.798	-19.245
176.778	-19.205
POLYLINE BROWN
177.418	-21.285
177.378	-21.265
177.338	-21.285
177.298	-21.245
177.218	-21.245
177.058	-21.205
176.938	-21.205
176.858	-21.185
176.778	-21.185
176.618	-21.125
176.538	-21.105
176.478	-21.045
176.418	-20.825
176.418	-20.585
176.438	-20.505
176.438	-20.325
176.398	-20.205
176.318	-20.145
176.238	-20.125
176.158	-20.105
176.038	-20.085
175.918	-19.965
175.838	-19.845
175.818	-19.765
175.638	-19.325
175.398	-19.045
175.298	-18.985
175.258	-19.005
175.178	-18.985
175.098	-19.005
175.018	-19.005
174.918	-18.985
174.838	-18.985
174.658	-18.885
174.598	-18.885
174.338	-18.765
174.258	-18.705
174.178	-18.685
173.998	-18.625
173.738	-18.625
173.658	-18.605
173.598	-18.605
173.518	-18.625
173.398	-18.625
173.358	-18.605
173.298	-18.625
173.018	-18.545
172.798	-18.485
172.718	-18.485
172.618	-18.425
POLYLINE BROWN
173.738	-13.085
173.858	-13.145
173.938	-13.145
174.038	-13.125
174.238	-13.125
174.318	-13.105
174.498	-13.125
174.578	-13.105
174.658	-13.125
174.738	-13.125
174.898	-13.165
175.138	-13.125
175.258	-13.105
175.298	-13.125
175.378	-13.105
175.418	-13.125
175.458	-13.105
175.538	-13.125
175.618	-13.105
175.698	-13.125
175.778	-13.125
175.858	-13.145
176.138	-13.365
176.258	-13.365
176.338	-13.385
176.418	-13.365
176.838	-13.365
176.918	-13.385
176.958	-13.365
177.038	-13.385
177.158	-13.405
POLYLINE BROWN
174.218	-17.405
174.218	-17.445
174.378	-17.485
174.418	-17.525
174.498	-17.525
174.578	-17.545
174.658	-17.545
174.718	-17.485
174.838	-17.445
174.998	-17.285
175.038	-17.165
175.058	-17.005
175.058	-16.845
175.038	-16.745
175.058	-16.665
175.058	-16.585
174.818	-16.345
174.778	-16.345
174.638	-16.185
174.598	-16.065
174.518	-15.945
174.338	-15.885
174.298	-15.885
174.138	-15.685
173.898	-15.505
173.858	-15.505
173.658	-15.325
POLYLINE BROWN
173.718	-16.505
POLYLINE BROWN
172.738	-17.145
172.838	-17.305
172.918	-17.305
173.118	-17.365
173.198	-17.365
173.258	-17.385
173.338	-17.365
173.538	-17.485
173.698	-17.485
173.778	-17.505
173.858	-17.485
173.958	-17.465
174.038	-17.465
174.118	-17.445
174.278	-17.485
POLYLINE BROWN
172.718	-17.165
172.798	-17.285
172.558	-17.285
172.518	-17.245
172.478	-17.245
172.398	-17.185
172.238	-17.145
172.158	-17.125
172.118	-17.145
171.998	-17.045
171.918	-17.005
171.858	-17.005
171.738	-16.965
171.658	-16.965
171.538	-16.905
171.458	-16.905
171.318	-16.865
171.158	-16.725
171.098	-16.685
171.078	-16.625
171.018	-16.605
170.918	-16.485
170.618	-16.345
170.538	-16.285
170.398	-16.225
170.298	-16.125
170.138	-16.045
170.098	-16.045
170.058	-16.005
169.978	-16.005
169.898	-15.945
169.818	-15.945
169.678	-15.905
POLYLINE BROWN
169.818	-18.165
170.058	-18.285
170.138	-18.305
170.178	-18.325
170.258	-18.305
170.378	-18.305
170.458	-18.325
170.498	-18.305
170.638	-18.305
170.838	-18.345
171.258	-18.385
171.338	-18.425
171.398	-18.405
171.478	-18.465
171.638	-18.465
171.818	-18.505
171.918	-18.525
171.958	-18.505
172.038	-18.525
172.078	-18.505
172.158	-18.525
172.598	-18.525
172.678	-18.545
172.718	-18.545
POLYLINE BROWN
164.938	-14.185
164.938	-14.185
164.858	-14.145
164.738	-14.185
164.578	-14.205
164.498	-14.205
164.458	-14.245
164.338	-14.245
164.258	-14.225
164.038	-14.265
163.998	-14.245
163.878	-14.285
163.758	-14.245
163.678	-14.265
163.558	-14.225
163.498	-14.225
163.418	-14.205
163.258	-14.185
163.138	-14.225
163.058	-14.205
162.798	-14.065
POLYLINE BROWN
169.838	-15.885
169.718	-15.925
169.598	-15.885
169.558	-15.845
169.038	-15.605
168.998	-15.605
168.758	-15.525
168.578	-15.525
168.398	-15.505
168.278	-15.465
168.118	-15.425
168.058	-15.385
167.978	-15.385
167.858	-15.305
167.698	-15.165
167.638	-15.145
167.438	-14.985
167.318	-14.945
167.018	-14.885
166.838	-14.805
166.758	-14.805
166.638	-14.725
166.558	-14.705
166.158	-14.485
165.998	-14.465
165.958	-14.465
165.918	-14.425
165.838	-14.405
165.798	-14.365
165.598	-14.325
165.518	-14.305
165.518	-14.265
165.358	-14.245
165.318	-14.245
165.298	-14.205
165.298	-14.245
165.278	-14.205
165.198	-14.205
165.078	-14.265
164.998	-14.265
164.878	-14.225
164.898	-14.265
POLYLINE BROWN
169.738	-18.245
169.438	-18.145
169.278	-18.125
169.238	-18.125
169.198	-18.085
169.078	-18.085
168.778	-18.005
168.438	-17.805
168.378	-17.785
168.298	-17.805
168.218	-17.785
168.078	-17.805
167.758	-17.545
167.598	-17.445
167.538	-17.445
167.318	-17.285
167.098	-17.065
167.018	-16.985
166.858	-16.885
166.778	-16.885
166.658	-16.845
166.578	-16.865
166.478	-16.845
166.298	-16.885
POLYLINE BROWN
161.838	-16.605
161.918	-16.585
162.058	-16.585
162.138	-16.565
162.218	-16.565
162.258	-16.545
162.338	-16.565
162.518	-16.565
162.558	-16.585
162.638	-16.565
162.738	-16.585
162.938	-16.585
163.018	-16.605
163.198	-16.565
163.278	-16.585
163.438	-16.585
163.518	-16.565
163.618	-16.565
163.658	-16.525
163.818	-16.485
164.038	-16.585
164.218	-16.565
164.438	-16.465
164.598	-16.445
164.678	-16.445
164.758	-16.465
164.838	-16.445
164.918	-16.445
164.998	-16.425
165.038	-16.425
165.098	-16.465
165.178	-16.445
165.258	-16.445
165.338	-16.465
165.458	-16.425
165.498	-16.445
165.538	-16.425
165.618	-16.445
165.818	-16.605
165.898	-16.785
165.978	-16.805
166.198	-16.765
166.358	-16.805
166.498	-16.865
POLYLINE GREEN
164.798	-14.985
164.838	-14.985
164.998	-14.885
165.018	-14.785
165.078	-14.665
165.078	-14.625
165.118	-14.585
165.238	-14.645
165.358	-14.845
165.378	-14.925
165.438	-15.045
165.558	-15.145
POLYLINE BLACK
169.898	-21.365
169.918	-21.405
169.838	-21.365
169.718	-21.185
169.698	-21.085
169.658	-20.965
169.658	-20.905
169.638	-20.805
169.598	-20.565
169.598	-20.505
169.558	-20.325
169.558	-20.245
169.538	-20.165
169.538	-19.105
169.558	-19.005
169.558	-18.845
169.578	-18.765
169.578	-18.545
169.558	-18.465
169.518	-18.245
169.498	-18.065
169.478	-17.965
169.478	-17.885
169.398	-17.585
169.318	-17.425
169.298	-17.345
169.138	-17.145
168.998	-17.025
168.878	-16.965
168.718	-16.925
168.638	-16.865
168.558	-16.845
168.438	-16.805
168.338	-16.805
168.258	-16.785
168.218	-16.745
168.138	-16.745
167.898	-16.605
167.818	-16.525
167.738	-16.505
167.538	-16.385
167.498	-16.385
167.458	-16.345
167.418	-16.345
167.298	-16.265
167.258	-16.285
167.138	-16.205
167.058	-16.185
166.938	-16.125
166.898	-16.125
166.798	-16.025
166.798	-16.025
166.698	-15.925
166.578	-15.805
166.298	-15.605
165.978	-15.365
165.778	-15.245
165.658	-15.145
165.538	-15.105
165.498	-15.105
165.478	-15.065
165.398	-15.065
165.318	-15.045
165.238	-15.065
165.158	-15.045
165.118	-15.065
165.038	-15.045
164.918	-15.045
164.838	-15.025
164.838	-15.065
164.818	-15.025
164.738	-15.005
164.418	-14.925
164.298	-14.905
164.258	-14.865
164.218	-14.865
164.178	-14.825
164.138	-14.845
163.958	-14.765
163.838	-14.745
163.798	-14.705
163.718	-14.705
163.558	-14.585
163.518	-14.585
163.318	-14.465
163.198	-14.385
163.138	-14.325
162.858	-14.105
162.818	-14.105
POLYLINE BLACK
170.158	-13.905
170.098	-13.945
169.858	-13.845
169.698	-13.685
169.638	-13.545
169.558	-13.425
169.498	-13.285
169.458	-13.245
169.458	-13.205
169.198	-12.785
168.978	-12.445
168.878	-12.265
168.718	-12.045
168.678	-11.945
168.538	-11.745
168.278	-11.425
168.218	-11.325
168.018	-11.145
POLYLINE BLACK
161.818	-10.425
161.838	-10.465
161.878	-10.465
161.938	-10.545
161.978	-10.545
162.018	-10.585
162.218	-10.625
162.418	-10.705
162.498	-10.685
162.538	-10.705
162.578	-10.685
162.698	-10.725
162.858	-10.705
162.938	-10.705
162.978	-10.685
163.018	-10.705
163.198	-10.665
163.278	-10.665
163.318	-10.685
163.358	-10.665
163.438	-10.685
163.538	-10.685
163.578	-10.665
163.658	-10.685
163.838	-10.685
163.918	-10.705
163.998	-10.685
164.138	-10.725
164.218	-10.725
164.438	-10.785
164.518	-10.805
164.598	-10.805
164.678	-10.825
164.778	-10.825
164.938	-10.865
165.038	-10.865
165.198	-10.825
165.238	-10.845
165.298	-10.825
165.378	-10.845
165.538	-10.825
165.718	-10.805
165.878	-10.785
165.918	-10.805
165.998	-10.785
166.078	-10.785
166.118	-10.765
166.198	-10.785
166.438	-10.745
166.518	-10.725
166.638	-10.705
166.718	-10.725
166.918	-10.685
167.058	-10.725
167.138	-10.725
167.378	-10.845
167.458	-10.865
167.598	-10.945
167.638	-10.945
167.898	-11.105
168.018	-11.245
POLYLINE BLACK
159.008	11.000
158.948	10.970
158.918	10.970
158.813	10.925
158.768	10.865
158.693	10.850
POLYLINE BLACK
158.573	11.030
158.558	11.090
158.558	11.195
158.543	11.225
158.573	11.240
158.648	11.210
158.753	11.210
158.783	11.225
158.828	11.225
158.918	11.255
158.948	11.135
158.948	10.970
158.933	10.910
158.933	10.880
POLYLINE BLACK
158.438	10.790
158.438	10.985
158.423	11.060
158.498	11.060
158.558	11.045
158.633	11.045
158.693	11.060
158.723	11.060
158.723	10.985
158.738	10.925
158.738	10.790
POLYLINE BLACK
158.258	10.685
158.273	10.655
158.303	10.655
158.468	10.745
158.558	10.805
158.633	10.835
158.663	10.865
158.858	10.955
POLYLINE BLACK
158.213	11.225
158.243	11.225
158.303	11.270
158.678	11.435
158.738	11.435
158.768	11.465
158.798	11.465
158.858	11.480
POLYLINE BLACK
158.333	10.715
158.303	10.655
158.183	10.595
158.153	10.565
158.123	10.565
158.063	10.535
157.988	10.520
157.928	10.490
157.898	10.490
157.778	10.415
157.688	10.355
157.643	10.355
157.553	10.265
157.493	10.265
157.373	10.190
157.283	10.130
157.223	10.130
157.193	10.100
157.163	10.100
156.953	10.025
156.848	9.965
156.758	9.920
156.728	9.920
156.668	9.890
156.638	9.890
156.578	9.860
156.533	9.860
156.413	9.770
156.383	9.770
156.263	9.695
156.233	9.695
156.128	9.635
156.098	9.635
155.978	9.575
155.948	9.575
155.843	9.500
155.828	9.470
155.738	9.440
155.678	9.380
155.648	9.380
155.618	9.365
155.588	9.320
155.423	9.215
155.393	9.185
155.363	9.185
155.213	9.065
155.138	9.035
155.108	9.005
155.078	9.005
154.958	8.930
154.913	8.930
154.778	8.870
154.658	8.795
154.478	8.690
154.448	8.690
154.388	8.645
154.358	8.645
154.253	8.555
154.133	8.480
154.088	8.465
153.998	8.405
153.968	8.405
153.683	8.255
153.653	8.225
153.608	8.210
153.548	8.150
153.518	8.150
153.458	8.120
153.428	8.120
153.368	8.075
153.338	8.090
153.128	7.970
153.098	7.970
153.053	7.910
152.993	7.895
152.963	7.865
152.933	7.880
152.873	7.835
152.753	7.835
POLYLINE BLACK
153.083	9.200
153.113	9.185
153.173	9.200
153.263	9.275
153.308	9.275
153.473	9.350
153.518	9.350
153.578	9.365
153.608	9.365
153.893	9.470
153.923	9.470
154.058	9.515
154.103	9.515
154.268	9.575
154.313	9.575
154.418	9.620
154.448	9.620
154.493	9.650
154.538	9.650
154.778	9.770
154.838	9.785
154.973	9.860
155.048	9.875
155.258	9.980
155.363	10.010
155.603	10.100
155.693	10.145
155.768	10.145
155.813	10.175
155.888	10.190
155.918	10.220
155.948	10.220
156.203	10.325
156.263	10.370
156.383	10.430
156.413	10.430
156.473	10.475
156.503	10.475
156.638	10.550
156.668	10.550
156.698	10.580
156.788	10.625
156.818	10.625
156.893	10.670
156.938	10.670
156.968	10.700
157.013	10.700
157.043	10.730
157.298	10.835
157.328	10.865
157.358	10.865
157.403	10.895
157.433	10.895
157.493	10.940
157.568	10.955
157.688	11.030
157.718	11.030
157.913	11.150
158.018	11.195
158.048	11.195
158.108	11.225
158.198	11.225
158.228	11.210
158.288	11.225
158.318	11.225
158.378	11.210
POLYLINE BLACK
151.238	7.955
152.708	7.790
152.858	7.835
POLYLINE BLACK
148.073	7.685
148.103	7.670
148.238	7.700
148.283	7.700
148.343	7.730
148.373	7.730
149.048	8.000
149.123	8.015
149.198	8.060
149.243	8.060
149.303	8.105
149.453	8.150
149.603	8.195
149.633	8.195
149.738	8.240
149.768	8.240
149.798	8.255
149.843	8.255
149.948	8.285
150.008	8.285
150.113	8.330
150.143	8.330
150.233	8.360
150.278	8.360
150.413	8.420
150.473	8.420
150.533	8.450
150.608	8.465
150.683	8.495
150.728	8.495
150.788	8.510
150.833	8.510
150.923	8.570
150.983	8.555
151.118	8.555
151.178	8.570
151.208	8.570
151.298	8.615
151.328	8.615
151.418	8.645
151.463	8.645
151.553	8.705
151.583	8.705
151.673	8.750
151.703	8.750
151.898	8.825
151.928	8.855
152.003	8.870
152.033	8.870
152.123	8.930
152.228	8.945
152.288	8.945
152.348	8.975
152.483	8.975
152.513	8.990
152.618	9.005
152.873	9.050
153.173	9.155
153.203	9.155
153.233	9.170
POLYLINE BLACK
147.938	6.785
147.938	6.725
148.028	6.755
148.073	6.755
148.163	6.800
148.193	6.800
148.223	6.785
148.388	6.830
148.418	6.815
148.478	6.845
148.538	6.845
148.703	6.905
148.778	6.920
148.838	6.950
148.868	6.950
148.958	7.010
149.003	7.010
149.243	7.130
149.288	7.130
149.378	7.190
149.408	7.190
149.483	7.250
149.513	7.250
149.678	7.325
149.783	7.400
149.813	7.400
149.873	7.445
149.903	7.445
149.963	7.475
150.038	7.475
150.158	7.550
150.383	7.655
150.458	7.655
150.518	7.700
150.548	7.700
150.638	7.760
150.773	7.790
150.863	7.820
150.953	7.880
151.013	7.880
151.253	7.940
151.283	7.940
POLYLINE BLACK
148.058	7.670
147.998	7.625
147.968	7.625
147.938	7.595
147.803	7.565
147.743	7.550
147.668	7.535
147.548	7.505
147.503	7.505
147.443	7.475
147.398	7.475
147.338	7.445
147.308	7.445
147.248	7.430
147.173	7.430
147.143	7.445
147.068	7.430
146.963	7.385
146.888	7.385
146.783	7.355
146.753	7.325
146.708	7.325
146.678	7.340
146.573	7.310
146.408	7.235
146.333	7.235
146.228	7.175
146.183	7.175
146.153	7.145
146.078	7.130
145.913	7.055
145.883	7.055
145.823	7.025
145.793	7.025
145.688	6.980
145.598	6.980
145.403	6.920
145.373	6.920
145.253	6.890
145.223	6.860
145.178	6.860
144.908	6.785
144.788	6.710
144.788	6.680
POLYLINE BLACK
144.998	5.840
145.028	5.840
145.043	5.870
145.103	5.885
145.163	5.930
145.208	5.930
145.268	5.975
145.343	6.005
145.388	6.005
145.478	6.050
145.508	6.050
145.568	6.080
145.643	6.080
145.763	6.155
145.793	6.155
145.853	6.170
145.883	6.170
145.943	6.185
145.988	6.185
146.048	6.230
146.183	6.260
146.243	6.275
146.333	6.275
146.393	6.305
146.423	6.305
146.453	6.320
146.498	6.305
146.588	6.350
146.663	6.350
146.723	6.380
146.753	6.380
146.903	6.440
146.933	6.455
146.978	6.455
147.038	6.485
147.113	6.485
147.233	6.515
147.338	6.515
147.398	6.530
147.533	6.560
147.608	6.575
147.698	6.635
147.743	6.635
147.863	6.665
147.953	6.665
POLYLINE BROWN
144.953	6.740
144.893	6.740
144.833	6.710
144.773	6.710
144.683	6.665
144.653	6.665
144.593	6.635
144.533	6.635
144.473	6.605
144.338	6.575
144.278	6.560
144.248	6.530
144.218	6.530
144.068	6.470
144.008	6.485
143.918	6.425
143.888	6.425
143.783	6.350
143.753	6.350
143.498	6.245
143.468	6.245
143.318	6.200
143.198	6.140
143.168	6.140
143.093	6.080
143.063	6.080
143.003	6.050
142.973	6.050
142.853	5.975
142.733	5.915
142.703	5.915
142.538	5.810
142.508	5.810
142.403	5.765
142.373	5.735
142.313	5.735
142.253	5.720
142.223	5.690
142.163	5.690
142.103	5.660
142.073	5.660
142.043	5.645
142.013	5.660
141.893	5.585
141.863	5.585
141.833	5.570
141.818	5.540
141.713	5.495
141.683	5.510
141.653	5.495
141.623	5.510
141.593	5.480
POLYLINE BROWN
141.518	4.655
141.593	4.670
141.698	4.715
141.773	4.730
141.938	4.790
141.968	4.790
142.118	4.850
142.253	4.895
142.328	4.940
142.388	4.940
142.448	4.970
142.553	4.985
142.583	5.015
142.658	5.030
142.793	5.090
142.823	5.090
143.378	5.315
143.453	5.330
143.588	5.405
143.663	5.420
143.828	5.465
143.888	5.465
143.918	5.495
143.993	5.495
144.023	5.510
144.128	5.525
144.278	5.570
144.338	5.570
144.413	5.600
144.443	5.630
144.473	5.630
144.503	5.615
144.623	5.675
144.653	5.660
144.713	5.705
144.773	5.705
144.833	5.750
144.863	5.750
144.983	5.825
144.983	5.795
POLYLINE BROWN
141.653	4.685
141.623	4.685
141.533	4.625
141.503	4.625
141.443	4.595
141.368	4.580
141.308	4.565
141.278	4.535
141.248	4.535
141.038	4.460
141.008	4.460
140.948	4.445
140.903	4.445
140.843	4.415
140.813	4.415
140.753	4.400
140.723	4.400
140.693	4.385
140.588	4.385
140.558	4.355
140.498	4.355
140.378	4.325
140.348	4.325
140.288	4.280
140.258	4.280
140.168	4.220
140.123	4.220
140.003	4.175
139.943	4.130
139.913	4.130
139.853	4.100
139.688	4.070
139.658	4.040
139.628	4.040
139.478	3.980
139.448	3.995
139.373	3.935
139.343	3.935
139.178	3.875
139.148	3.875
139.088	3.845
139.058	3.860
138.998	3.830
138.953	3.830
138.893	3.800
138.863	3.800
138.803	3.770
138.758	3.770
138.563	3.680
138.533	3.680
138.473	3.650
138.398	3.635
138.338	3.605
138.308	3.605
138.248	3.575
138.218	3.575
138.128	3.530
138.098	3.530
137.858	3.440
POLYLINE BROWN
137.528	4.970
137.588	5.000
137.648	5.000
137.708	5.015
137.843	5.015
137.873	5.030
137.948	5.030
138.008	5.060
138.038	5.060
138.098	5.075
138.143	5.075
138.203	5.105
138.263	5.105
138.293	5.120
138.323	5.105
138.398	5.105
138.428	5.120
138.488	5.105
138.518	5.105
138.578	5.120
138.623	5.120
138.683	5.105
138.743	5.105
138.803	5.120
138.833	5.120
138.863	5.105
138.923	5.120
138.968	5.120
138.998	5.135
139.058	5.105
139.118	5.135
139.283	5.165
139.313	5.180
139.463	5.180
139.523	5.210
139.628	5.210
139.658	5.225
139.793	5.225
139.838	5.240
139.868	5.225
140.003	5.225
140.033	5.240
140.213	5.240
140.273	5.255
140.438	5.285
140.483	5.285
140.708	5.360
140.768	5.345
140.933	5.390
141.053	5.435
141.128	5.435
141.158	5.465
141.263	5.465
141.323	5.480
141.368	5.465
141.428	5.480
141.488	5.480
141.548	5.495
141.608	5.495
141.728	5.525
141.758	5.510
POLYLINE BROWN
137.873	3.455
137.723	3.395
137.693	3.395
137.633	3.380
137.603	3.350
137.573	3.350
137.513	3.320
137.483	3.320
137.393	3.245
137.258	3.020
137.258	2.990
137.228	2.930
137.228	2.900
137.198	2.840
137.198	2.810
137.183	2.750
POLYLINE BROWN
136.478	3.485
136.493	3.395
136.463	3.380
136.373	3.260
136.373	3.230
136.343	3.200
136.328	3.125
136.313	3.065
136.313	2.855
136.328	2.795
136.328	2.735
136.343	2.705
136.343	2.630
136.388	2.480
136.388	2.435
136.463	2.315
136.583	2.240
136.613	2.240
136.733	2.285
136.763	2.270
136.793	2.300
136.823	2.285
136.853	2.315
136.883	2.315
136.913	2.330
136.928	2.360
136.958	2.360
137.018	2.405
137.078	2.495
137.138	2.540
137.138	2.570
137.168	2.600
137.168	2.660
137.183	2.720
137.183	2.975
137.153	3.080
137.078	3.200
137.003	3.290
136.853	3.410
136.823	3.440
136.793	3.440
136.643	3.485
136.583	3.455
136.523	3.455
136.463	3.395
136.433	3.395
136.418	3.350
POLYLINE BROWN
136.373	3.500
POLYLINE BROWN
136.463	3.350
136.583	3.530
136.643	3.755
136.643	3.785
136.658	3.845
136.658	3.875
136.673	3.935
136.673	4.130
136.688	4.190
136.688	4.265
136.718	4.385
136.868	4.685
136.898	4.715
136.928	4.715
136.988	4.790
137.138	4.850
137.168	4.850
137.273	4.895
137.303	4.895
137.333	4.925
137.363	4.910
137.393	4.925
137.423	4.910
137.453	4.940
137.543	4.940
137.573	4.955
POLYLINE GREEN
55.461	-13.967
55.461	-14.012
55.431	-14.012
55.401	-13.997
55.341	-14.012
55.296	-14.012
55.206	-14.057
55.146	-14.042
55.086	-14.057
55.056	-14.042
54.981	-14.042
54.861	-14.012
54.801	-14.012
54.771	-13.997
54.726	-13.997
54.696	-13.982
54.666	-13.997
54.606	-13.982
54.516	-13.982
54.486	-13.967
54.456	-13.982
54.381	-13.967
54.351	-13.967
54.291	-13.937
54.261	-13.952
54.201	-13.922
54.141	-13.937
54.081	-13.922
54.051	-13.892
POLYLINE GREEN
53.916	-13.832
53.946	-13.862
54.006	-13.832
54.096	-13.832
54.126	-13.817
54.171	-13.817
54.291	-13.712
54.321	-13.697
54.336	-13.667
54.366	-13.652
54.411	-13.592
54.441	-13.577
54.501	-13.487
54.531	-13.457
54.531	-13.427
54.651	-13.322
54.741	-13.277
54.801	-13.277
54.861	-13.292
54.891	-13.292
54.921	-13.277
54.951	-13.292
54.966	-13.322
55.026	-13.367
55.071	-13.457
55.071	-13.487
55.101	-13.547
55.101	-13.577
55.131	-13.637
55.131	-13.667
55.221	-13.847
55.341	-13.952
55.371	-13.952
55.431	-13.967
55.461	-13.967
POLYLINE BLACK
54.951	-14.072
52.851	-13.742
52.731	-13.682
52.671	-13.712
52.251	-13.562
52.131	-13.532
51.891	-13.442
51.831	-13.382
51.711	-13.352
51.591	-13.322
51.471	-13.292
51.411	-13.262
51.351	-13.292
50.961	-13.172
50.661	-13.172
POLYLINE BLACK
54.861	-10.172
54.801	-10.232
54.561	-10.292
54.321	-10.202
54.201	-10.232
53.781	-10.142
53.631	-10.142
53.451	-10.052
53.331	-10.052
53.211	-9.962
53.091	-9.962
52.761	-9.842
52.641	-9.812
52.521	-9.842
52.401	-9.812
52.251	-9.752
52.131	-9.782
52.011	-9.752
51.891	-9.752
51.771	-9.722
51.651	-9.692
51.351	-9.602
51.231	-9.572
51.111	-9.542
50.751	-9.542
POLYLINE BLACK
50.751	-13.142
50.691	-13.172
50.511	-13.082
50.391	-13.082
50.271	-13.022
50.181	-13.022
49.821	-12.902
49.611	-12.842
49.461	-12.812
49.341	-12.782
49.221	-12.752
48.861	-12.692
48.741	-12.692
48.531	-12.662
48.381	-12.632
48.261	-12.602
48.141	-12.572
47.601	-12.452
47.511	-12.452
46.911	-12.302
46.791	-12.272
46.641	-12.302
46.461	-12.242
46.311	-12.272
46.161	-12.242
46.041	-12.242
45.921	-12.272
45.621	-12.272
45.501	-12.242
45.351	-12.242
45.171	-12.152
45.081	-12.152
44.961	-12.122
44.691	-12.122
44.301	-12.002
44.181	-11.972
44.061	-11.942
43.701	-11.882
43.581	-11.912
POLYLINE BLACK
51.051	-9.512
50.931	-9.542
50.871	-9.482
50.721	-9.482
50.541	-9.422
50.451	-9.422
50.211	-9.332
50.151	-9.362
49.941	-9.332
49.821	-9.332
49.701	-9.272
49.551	-9.302
49.461	-9.302
49.341	-9.272
49.071	-9.272
48.801	-9.212
48.591	-9.212
48.441	-9.182
48.171	-9.182
47.871	-9.062
47.781	-9.062
47.301	-8.912
47.181	-8.882
47.061	-8.852
46.941	-8.822
46.731	-8.762
46.671	-8.702
46.311	-8.642
46.191	-8.642
45.711	-8.462
45.561	-8.432
45.441	-8.432
45.021	-8.342
44.691	-8.342
44.571	-8.282
44.511	-8.312
44.331	-8.252
44.151	-8.252
44.031	-8.222
43.911	-8.222
43.851	-8.252
POLYLINE BLACK
40.776	-7.877
40.836	-7.877
40.911	-7.892
40.986	-7.892
41.106	-7.922
41.181	-7.922
41.256	-7.937
41.436	-7.967
41.616	-7.967
41.661	-7.982
41.736	-7.967
41.766	-7.967
41.796	-7.952
41.931	-7.982
42.021	-7.982
42.051	-7.967
42.186	-8.012
42.261	-8.012
42.291	-8.027
42.486	-8.027
42.546	-8.042
42.591	-8.042
42.621	-8.057
42.696	-8.057
42.786	-8.087
42.891	-8.087
42.966	-8.102
43.101	-8.102
43.131	-8.117
43.176	-8.117
43.236	-8.132
43.341	-8.132
43.401	-8.147
43.446	-8.147
43.536	-8.177
43.596	-8.162
43.656	-8.162
43.686	-8.177
43.746	-8.162
43.791	-8.162
43.821	-8.147
43.881	-8.162
POLYLINE BLACK
40.491	-11.312
40.521	-11.312
40.611	-11.342
40.671	-11.327
40.731	-11.342
40.821	-11.312
40.896	-11.312
40.956	-11.297
41.001	-11.297
41.061	-11.282
41.196	-11.282
41.256	-11.267
41.286	-11.267
41.316	-11.282
41.406	-11.282
41.541	-11.327
41.571	-11.312
41.631	-11.327
41.661	-11.312
41.721	-11.327
41.751	-11.312
41.976	-11.312
42.006	-11.297
42.186	-11.342
42.246	-11.387
42.276	-11.387
42.396	-11.477
42.396	-11.507
42.426	-11.627
42.426	-11.732
42.486	-11.897
42.606	-11.957
42.666	-11.957
42.741	-11.972
42.771	-11.972
42.831	-11.957
42.891	-11.957
42.951	-11.972
43.116	-11.942
43.236	-11.942
43.266	-11.927
43.311	-11.927
43.341	-11.942
43.371	-11.927
43.401	-11.942
43.461	-11.927
43.491	-11.927
43.551	-11.957
43.581	-11.957
43.611	-11.942
43.641	-11.957
43.701	-11.942
POLYLINE BLACK
160.424	-14.068
160.244	-14.098
160.214	-14.113
160.139	-14.203
160.169	-14.323
160.259	-14.458
160.259	-14.533
160.274	-14.593
160.259	-14.698
160.259	-14.803
160.289	-14.863
160.589	-15.103
160.799	-15.103
160.829	-15.088
161.039	-15.073
161.189	-15.013
161.294	-14.983
161.369	-15.073
161.384	-15.118
161.444	-15.163
161.549	-15.193
161.654	-15.163
161.729	-15.148
161.759	-15.118
161.864	-15.118
161.999	-15.058
162.074	-15.058
162.224	-15.028
162.254	-15.028
162.314	-15.013
162.479	-15.013
162.539	-14.998
162.569	-14.998
162.599	-14.983
162.659	-14.998
162.689	-14.998
162.749	-14.983
162.779	-14.983
162.914	-14.893
162.974	-14.773
162.944	-14.593
162.929	-14.563
162.929	-14.518
162.914	-14.488
162.914	-14.413
162.899	-14.383
162.899	-14.338
162.869	-14.233
162.809	-14.083
162.614	-13.978
162.584	-13.978
162.464	-13.948
162.329	-13.948
162.209	-13.978
162.134	-13.978
POLYLINE BLACK
162.194	-13.978
162.194	-14.008
162.134	-14.038
162.104	-14.038
162.044	-14.008
161.969	-14.008
161.819	-13.963
161.774	-13.978
161.744	-13.963
161.714	-13.978
161.669	-13.963
161.519	-14.023
161.384	-14.023
161.324	-14.053
161.294	-14.053
161.234	-14.068
161.129	-14.068
161.069	-14.053
160.874	-14.023
160.649	-14.038
160.589	-14.068
160.559	-14.038
160.559	-14.068
160.439	-14.113
160.409	-14.143
160.319	-14.143
POLYLINE GREEN
160.994	-14.008
161.009	-14.038
161.039	-14.053
161.159	-13.978
161.219	-13.843
161.219	-13.813
161.294	-13.603
161.354	-13.513
161.384	-13.498
161.399	-13.468
161.549	-13.393
161.699	-13.393
161.819	-13.498
161.819	-13.528
161.849	-13.558
161.849	-13.588
161.879	-13.618
161.879	-13.648
161.924	-13.738
161.924	-13.768
162.014	-13.963
162.044	-13.993
162.074	-13.993
162.089	-14.023
162.149	-14.038
POLYLINE BLACK
149.264	-5.923
149.264	-5.983
149.384	-5.983
149.624	-6.043
149.804	-6.043
150.074	-6.103
150.194	-6.103
150.464	-6.193
150.584	-6.223
151.034	-6.433
151.184	-6.433
151.334	-6.583
151.514	-6.583
151.724	-6.703
151.844	-6.733
152.174	-6.853
152.294	-6.943
152.774	-7.123
153.314	-7.303
153.524	-7.453
153.584	-7.453
153.644	-7.513
153.764	-7.513
154.094	-7.663
154.214	-7.663
154.634	-7.783
154.964	-7.873
155.114	-7.873
155.384	-7.963
155.534	-7.993
155.864	-8.083
156.164	-8.143
156.344	-8.203
156.404	-8.173
156.884	-8.323
157.004	-8.353
157.244	-8.503
157.364	-8.533
157.814	-8.743
158.054	-8.803
158.174	-8.833
158.294	-8.923
158.414	-8.923
158.534	-9.013
158.594	-9.013
158.684	-9.103
158.834	-9.193
158.954	-9.223
159.074	-9.253
159.524	-9.523
160.244	-9.853
160.334	-9.853
160.574	-10.003
160.634	-10.003
160.754	-10.123
160.874	-10.153
160.964	-10.213
161.144	-10.243
161.204	-10.303
161.444	-10.363
161.624	-10.423
161.684	-10.483
161.804	-10.513
POLYLINE BLACK
161.834	-16.633
161.714	-16.603
161.534	-16.603
161.414	-16.633
161.294	-16.603
161.054	-16.573
160.934	-16.603
160.814	-16.633
160.454	-16.543
160.064	-16.243
160.004	-16.063
159.854	-15.913
159.824	-15.673
159.824	-15.523
159.794	-15.403
159.734	-15.343
159.674	-15.343
159.554	-15.253
159.284	-15.193
159.164	-15.133
159.104	-15.163
158.984	-15.073
158.954	-14.833
158.924	-14.563
158.864	-14.443
158.594	-14.203
158.444	-14.113
158.294	-13.993
158.174	-13.963
157.994	-13.903
157.694	-13.663
157.214	-13.183
157.154	-13.153
157.094	-13.183
156.974	-13.123
POLYLINE BLACK
156.914	-13.093
156.794	-13.063
156.674	-13.093
156.494	-13.093
156.374	-13.063
156.254	-13.063
156.194	-13.093
156.134	-13.063
156.014	-13.093
155.894	-13.093
155.714	-13.153
155.594	-13.123
155.504	-13.093
155.444	-13.123
155.144	-12.943
154.844	-12.943
154.604	-12.853
154.484	-12.823
154.334	-12.793
154.214	-12.793
154.064	-12.763
153.944	-12.793
153.854	-12.763
153.794	-12.793
153.704	-12.763
153.584	-12.793
153.434	-12.763
153.044	-12.763
152.894	-12.733
152.804	-12.733
152.534	-12.643
152.414	-12.553
152.144	-12.433
152.024	-12.403
151.904	-12.343
151.814	-12.343
151.634	-12.283
151.514	-12.283
151.274	-12.223
151.124	-12.223
150.944	-12.163
150.824	-12.193
150.704	-12.133
150.644	-12.163
POLYLINE BLACK
149.384	-12.103
149.414	-12.163
149.534	-12.193
149.654	-12.163
149.864	-12.163
149.924	-12.193
150.044	-12.163
150.104	-12.193
150.224	-12.163
150.464	-12.193
150.584	-12.223
150.704	-12.193
POLYLINE BLACK
149.084	-5.923
149.264	-5.983
149.384	-5.983
149.504	-6.013
149.624	-5.983
149.774	-5.983
149.834	-6.013
150.074	-5.953
150.254	-5.953
POLYLINE BLACK
149.294	-5.983
149.174	-5.953
149.024	-5.953
148.544	-5.833
148.424	-5.743
148.334	-5.743
147.884	-5.593
147.584	-5.413
147.014	-5.143
146.954	-5.143
146.744	-5.023
146.654	-5.023
146.594	-4.963
146.534	-4.963
146.474	-4.903
146.324	-4.873
146.024	-4.693
145.874	-4.663
145.604	-4.543
145.424	-4.393
145.034	-4.213
144.914	-4.183
144.584	-4.033
144.494	-4.033
144.134	-3.913
144.014	-3.823
143.954	-3.853
143.834	-3.793
143.684	-3.793
143.624	-3.763
POLYLINE BLACK
149.354	-12.103
148.934	-12.043
148.874	-12.073
148.634	-12.013
148.334	-12.013
148.214	-12.043
148.094	-12.013
147.764	-12.043
147.704	-12.013
147.554	-12.043
147.494	-12.013
147.434	-12.043
146.684	-11.833
146.594	-11.833
146.474	-11.803
146.384	-11.803
145.964	-11.653
145.874	-11.653
145.604	-11.533
145.544	-11.473
145.304	-11.413
144.974	-11.233
144.854	-11.203
144.344	-10.843
144.284	-10.843
144.104	-10.693
143.804	-10.483
143.624	-10.303
143.444	-10.213
143.324	-10.213
143.144	-10.153
142.964	-10.123
142.814	-10.183
142.694	-10.153
142.544	-10.153
142.334	-10.093
142.274	-10.123
142.094	-10.093
141.944	-10.093
141.824	-10.123
141.524	-10.093
141.404	-10.063
141.224	-10.063
140.954	-9.973
140.834	-9.943
140.684	-9.883
140.624	-9.823
140.444	-9.823
140.324	-9.733
140.204	-9.703
140.084	-9.673
140.024	-9.673
POLYLINE BLACK
148.184	-12.073
148.124	-12.103
148.064	-12.043
POLYLINE BLACK
149.444	-12.193
149.324	-12.223
149.204	-12.193
149.144	-12.163
149.024	-12.193
POLYLINE BLACK
143.544	-10.163
POLYLINE BLACK
142.884	-10.083
142.924	-10.083
POLYLINE BLACK
142.124	-9.903
142.224	-9.883
POLYLINE BLACK
141.184	-9.843
141.244	-9.803
141.364	-9.803
POLYLINE BLACK
140.324	-9.763
140.404	-9.783
140.524	-9.783
POLYLINE BLACK
142.924	-6.063
142.964	-6.103
POLYLINE BLACK
142.464	-5.983
142.524	-5.983
POLYLINE BLACK
141.724	-5.943
141.864	-5.903
141.904	-5.923
POLYLINE BLACK
140.604	-5.803
140.644	-5.843
140.684	-5.823
140.764	-5.843
140.844	-5.863
140.944	-5.843
POLYLINE BLACK
139.864	-5.723
139.944	-5.703
139.984	-5.723
140.044	-5.703
140.144	-5.723
POLYLINE BLACK
139.144	-5.563
139.384	-5.503
139.444	-5.503
POLYLINE BLACK
138.144	-5.583
138.284	-5.503
138.364	-5.523
138.464	-5.483
138.524	-5.483
138.604	-5.463
138.724	-5.483
POLYLINE BLACK
137.544	-5.463
137.624	-5.463
137.704	-5.503
POLYLINE BLACK
140.424	-3.823
140.584	-3.843
140.624	-3.823
140.704	-3.843
140.884	-3.803
141.164	-3.863
141.344	-3.823
141.384	-3.843
141.604	-3.843
141.824	-3.823
141.924	-3.823
141.984	-3.843
142.264	-3.843
142.404	-3.883
142.444	-3.863
142.644	-3.903
142.784	-3.883
142.824	-3.903
143.044	-3.823
143.224	-3.823
143.304	-3.803
143.464	-3.803
143.524	-3.783
143.644	-3.823
143.724	-3.803
143.804	-3.823
143.884	-3.843
POLYLINE BLACK
141.624	-2.663
141.704	-2.643
142.044	-2.583
142.144	-2.583
142.224	-2.563
142.324	-2.543
142.564	-2.443
142.684	-2.423
142.764	-2.423
142.944	-2.363
143.084	-2.383
143.224	-2.343
143.264	-2.363
143.424	-2.283
143.524	-2.223
143.684	-2.163
143.724	-2.183
143.864	-2.143
143.904	-2.163
143.984	-2.143
144.124	-2.163
144.164	-2.143
144.204	-2.163
144.304	-2.143
144.384	-2.123
144.704	-2.063
144.804	-2.003
144.904	-2.003
145.064	-1.903
145.244	-1.903
145.484	-1.763
145.544	-1.763
145.624	-1.703
145.664	-1.703
145.744	-1.643
145.924	-1.603
146.004	-1.543
146.044	-1.543
146.124	-1.483
146.384	-1.543
146.544	-1.663
146.584	-1.783
146.564	-1.863
146.504	-1.943
146.464	-2.043
146.164	-2.323
146.004	-2.443
145.944	-2.443
145.844	-2.503
145.804	-2.523
145.764	-2.503
145.684	-2.523
145.604	-2.523
145.424	-2.563
145.304	-2.583
145.264	-2.563
145.144	-2.603
145.104	-2.643
145.004	-2.663
144.924	-2.703
POLYLINE BLACK
138.004	-4.463
138.004	-4.503
138.064	-4.503
138.584	-4.363
138.744	-4.323
139.024	-4.223
139.104	-4.203
139.164	-4.163
139.244	-4.143
139.364	-4.183
139.404	-4.163
139.544	-4.183
139.644	-4.123
139.824	-4.103
140.124	-4.023
140.184	-4.023
140.364	-3.983
140.464	-3.983
140.504	-4.003
140.884	-3.883
141.064	-3.803
141.204	-3.803
141.304	-3.783
141.344	-3.803
141.584	-3.723
141.724	-3.643
141.884	-3.603
141.984	-3.563
142.084	-3.583
142.184	-3.583
142.404	-3.523
142.524	-3.463
142.564	-3.463
142.844	-3.263
142.944	-3.203
143.164	-3.183
143.224	-3.183
143.564	-3.103
143.744	-3.043
143.784	-3.043
143.884	-2.983
144.024	-2.943
144.064	-2.943
144.104	-2.903
144.164	-2.903
144.424	-2.783
144.584	-2.763
144.684	-2.703
144.804	-2.643
144.864	-2.643
144.964	-2.623
145.004	-2.623
POLYLINE BLACK
137.604	-3.963
POLYLINE BLACK
137.824	-3.883
137.904	-3.863
137.984	-3.863
138.164	-3.783
138.204	-3.783
138.244	-3.743
138.364	-3.743
138.444	-3.763
138.504	-3.763
138.744	-3.603
139.064	-3.503
139.144	-3.483
139.224	-3.463
139.464	-3.463
139.784	-3.383
139.844	-3.383
140.064	-3.243
140.144	-3.243
140.264	-3.183
140.324	-3.183
140.564	-3.063
140.644	-3.043
140.824	-2.983
140.924	-2.963
141.004	-2.903
141.264	-2.843
141.424	-2.783
141.604	-2.683
141.684	-2.703
141.824	-2.763
POLYLINE BLACK
137.824	-3.923
POLYLINE BLACK
137.824	-4.503
137.664	-4.503
137.544	-4.423
137.424	-4.263
137.444	-4.143
137.624	-3.963
137.784	-3.923
137.864	-3.943
137.944	-3.963
138.104	-4.163
138.124	-4.343
138.104	-4.423
137.944	-4.563
137.864	-4.543
137.784	-4.563
137.744	-4.583
POLYLINE BLACK
137.364	-3.723
137.344	-3.683
137.524	-3.703
137.604	-3.683
137.704	-3.703
137.784	-3.723
137.944	-3.663
138.024	-3.663
138.144	-3.703
138.404	-3.723
138.504	-3.743
138.564	-3.743
138.664	-3.763
138.744	-3.763
138.824	-3.803
138.964	-3.803
139.104	-3.863
139.264	-3.823
139.304	-3.843
139.384	-3.823
139.524	-3.823
139.704	-3.863
139.964	-3.863
140.144	-3.903
140.264	-3.903
140.604	-3.763
140.644	-3.763
140.744	-3.703
POLYLINE BLACK
133.304	-9.003
133.264	-9.023
133.084	-8.963
133.044	-8.963
POLYLINE BLACK
134.464	-9.123
134.284	-9.043
134.204	-9.043
POLYLINE BLACK
135.784	-9.203
135.624	-9.163
POLYLINE BLACK
137.444	-9.403
137.244	-9.423
POLYLINE BLACK
138.184	-9.583
138.104	-9.563
138.064	-9.523
POLYLINE BLACK
139.184	-9.663
139.104	-9.643
138.964	-9.603
POLYLINE BLACK
140.144	-9.763
140.064	-9.743
140.024	-9.743
POLYLINE BLACK
140.144	-9.763
POLYLINE BLACK
133.764	-5.323
133.884	-5.383
134.104	-5.763
134.204	-6.243
134.204	-6.703
134.224	-6.803
134.224	-7.163
134.244	-7.263
134.264	-7.443
134.304	-7.523
134.304	-7.583
134.324	-7.663
134.324	-7.743
134.344	-7.823
134.344	-7.943
134.404	-8.103
134.404	-8.163
134.544	-8.323
134.624	-8.343
134.664	-8.363
134.744	-8.343
134.904	-8.363
134.984	-8.343
135.064	-8.363
135.144	-8.323
POLYLINE GREEN
134.384	-4.643
134.444	-4.583
134.584	-4.343
134.724	-4.183
134.764	-4.183
134.844	-4.343
134.864	-4.523
134.904	-4.643
POLYLINE BLACK
134.264	-5.183
134.284	-5.023
134.284	-4.683
134.364	-4.663
134.444	-4.663
134.664	-4.603
134.704	-4.643
134.744	-4.603
134.824	-4.623
134.904	-4.563
134.944	-4.563
135.024	-4.723
135.044	-4.903
135.064	-4.983
135.044	-5.163
135.024	-5.283
POLYLINE BLACK
137.484	-3.743
137.404	-3.703
137.264	-3.723
137.204	-3.723
137.024	-3.783
136.724	-3.783
136.584	-3.763
136.264	-3.803
136.124	-3.803
135.944	-3.763
135.824	-3.803
135.724	-3.803
135.604	-3.763
135.484	-3.763
135.344	-3.743
135.284	-3.763
135.204	-3.743
135.124	-3.723
135.084	-3.763
134.964	-3.763
134.884	-3.783
134.804	-3.783
134.724	-3.803
134.564	-3.803
134.524	-3.823
POLYLINE BLACK
137.384	-5.483
137.304	-5.483
137.184	-5.383
137.064	-5.383
136.924	-5.363
136.844	-5.383
136.764	-5.363
136.684	-5.383
136.424	-5.323
136.344	-5.343
136.104	-5.283
136.064	-5.263
136.024	-5.283
135.944	-5.223
135.824	-5.223
135.784	-5.203
135.704	-5.223
135.624	-5.183
135.544	-5.203
135.384	-5.183
135.224	-5.223
135.144	-5.223
135.024	-5.163
134.764	-5.163
134.684	-5.183
134.644	-5.183
134.604	-5.143
134.524	-5.163
134.484	-5.143
134.444	-5.163
134.364	-5.143
134.284	-5.163
POLYLINE BLACK
134.624	-3.823
134.584	-3.863
134.284	-3.863
134.144	-3.903
133.964	-3.903
133.784	-3.943
133.664	-3.983
133.604	-3.983
133.524	-4.023
133.464	-4.023
133.304	-4.103
133.224	-4.123
133.084	-4.163
133.004	-4.183
132.824	-4.263
132.784	-4.263
132.744	-4.303
132.664	-4.303
132.584	-4.323
132.224	-4.203
132.144	-4.223
131.844	-4.123
131.744	-4.063
131.564	-3.983
131.484	-3.923
131.404	-3.903
131.244	-3.843
131.144	-3.823
131.024	-3.763
130.704	-3.683
130.644	-3.723
130.564	-3.703
130.404	-3.743
130.344	-3.743
130.264	-3.763
130.104	-3.783
130.004	-3.803
129.844	-3.863
129.764	-3.843
129.524	-3.843
129.424	-3.823
129.184	-3.783
129.044	-3.783
128.964	-3.803
128.564	-3.803
128.524	-3.783
128.444	-3.803
128.404	-3.783
128.304	-3.823
128.204	-3.803
128.144	-3.803
128.024	-3.763
127.964	-3.783
POLYLINE BLACK
132.284	-5.703
132.324	-5.663
132.364	-5.663
132.444	-5.603
132.504	-5.603
132.664	-5.563
132.844	-5.543
132.924	-5.523
132.964	-5.483
133.044	-5.463
133.084	-5.423
133.324	-5.383
133.504	-5.303
133.584	-5.323
133.644	-5.323
133.764	-5.283
133.844	-5.303
133.964	-5.263
134.044	-5.263
134.124	-5.223
134.204	-5.243
134.284	-5.243
134.304	-5.203
134.344	-5.203
POLYLINE BLACK
130.684	-6.483
131.124	-6.263
131.224	-6.243
131.424	-6.103
131.464	-6.103
131.624	-5.983
131.704	-5.963
131.964	-5.823
132.204	-5.703
132.284	-5.703
132.304	-5.663
132.344	-5.683
POLYLINE BLACK
130.284	-7.603
130.284	-7.643
130.224	-7.523
130.224	-7.423
130.264	-7.303
130.264	-7.203
130.344	-6.963
130.424	-6.843
130.424	-6.803
130.524	-6.663
130.664	-6.523
130.704	-6.543
130.804	-6.443
130.884	-6.443
POLYLINE BLACK
128.884	-8.963
129.024	-8.963
129.144	-8.923
129.384	-8.923
129.484	-8.903
129.524	-8.923
129.604	-8.903
129.684	-8.923
129.724	-8.903
129.764	-8.943
129.844	-8.943
129.964	-8.983
130.004	-8.963
129.824	-8.963
129.744	-8.983
129.544	-8.963
129.404	-8.963
129.264	-8.923
129.224	-8.943
129.144	-8.923
129.064	-8.943
129.064	-8.943
129.204	-8.943
129.364	-8.963
129.424	-8.963
129.624	-9.023
129.684	-9.003
129.804	-9.043
POLYLINE BLACK
129.384	-7.503
129.364	-7.543
POLYLINE BLACK
128.844	-6.723
129.004	-6.763
129.084	-6.743
129.124	-6.783
129.164	-6.763
129.244	-6.783
129.344	-6.763
129.464	-6.743
129.504	-6.763
129.664	-6.723
129.744	-6.743
129.864	-6.743
129.904	-6.763
129.904	-6.883
129.824	-7.003
129.824	-7.063
129.724	-7.183
129.684	-7.183
129.684	-7.243
129.644	-7.323
129.604	-7.323
129.324	-7.603
POLYLINE BLACK
128.004	-6.703
128.084	-6.723
128.204	-6.723
128.244	-6.743
128.284	-6.723
128.364	-6.743
128.524	-6.743
128.684	-6.783
128.764	-6.763
128.884	-6.783
128.924	-6.763
POLYLINE BLACK
128.084	-3.783
127.944	-3.743
127.844	-3.763
127.704	-3.743
127.564	-3.763
127.504	-3.763
127.424	-3.743
127.244	-3.743
127.184	-3.703
127.084	-3.723
126.704	-3.603
126.644	-3.563
126.484	-3.543
126.364	-3.483
126.104	-3.443
126.024	-3.423
125.844	-3.383
125.724	-3.363
125.504	-3.343
125.344	-3.303
125.224	-3.283
125.044	-3.223
125.004	-3.243
124.924	-3.183
124.884	-3.183
124.744	-3.083
124.664	-3.103
124.404	-2.963
124.224	-2.943
124.104	-2.863
124.024	-2.883
123.904	-2.823
123.784	-2.823
123.624	-2.783
123.584	-2.783
POLYLINE BLACK
125.644	-6.323
125.604	-6.343
125.564	-6.323
125.484	-6.343
125.184	-6.303
125.104	-6.283
125.064	-6.283
125.024	-6.243
124.944	-6.263
124.864	-6.263
124.804	-6.223
124.524	-6.163
124.444	-6.163
124.244	-6.103
124.224	-6.063
124.184	-6.083
124.004	-5.903
124.004	-5.823
124.084	-5.843
124.244	-5.763
124.264	-5.723
124.304	-5.763
124.384	-5.743
124.424	-5.803
124.504	-5.803
124.544	-5.823
124.584	-5.803
124.624	-5.843
124.664	-5.823
124.744	-5.843
124.904	-5.863
124.944	-5.843
125.024	-5.863
125.104	-5.863
125.184	-5.903
125.424	-5.923
125.544	-5.983
125.624	-6.003
125.804	-6.043
125.844	-6.083
125.944	-6.103
126.024	-6.163
126.104	-6.183
126.244	-6.243
126.404	-6.323
126.464	-6.323
126.944	-6.523
127.024	-6.543
127.084	-6.563
127.124	-6.543
127.284	-6.623
127.344	-6.623
127.704	-6.743
127.784	-6.723
127.864	-6.743
128.064	-6.743
128.104	-6.723
POLYLINE BLACK
128.924	-7.423
128.744	-7.383
128.624	-7.343
128.584	-7.363
128.404	-7.323
128.244	-7.283
128.204	-7.263
128.164	-7.283
128.044	-7.223
127.964	-7.203
127.864	-7.183
127.824	-7.143
127.744	-7.143
127.324	-7.023
127.144	-6.963
127.064	-6.963
126.964	-6.903
126.884	-6.883
126.724	-6.823
126.684	-6.843
126.524	-6.743
126.444	-6.743
126.324	-6.683
126.244	-6.663
125.944	-6.543
125.904	-6.543
125.784	-6.463
125.744	-6.463
125.684	-6.403
125.604	-6.343
125.564	-6.343
125.544	-6.303
POLYLINE BLACK
130.304	-7.863
130.224	-7.883
130.144	-7.903
130.064	-7.883
129.964	-7.883
129.884	-7.863
129.544	-7.783
129.264	-7.643
129.224	-7.643
129.124	-7.583
128.864	-7.423
128.824	-7.423
POLYLINE BLACK
132.744	-7.863
132.664	-7.883
132.484	-7.863
132.444	-7.883
132.304	-7.863
132.124	-7.843
132.044	-7.863
131.964	-7.843
131.904	-7.843
131.724	-7.903
131.624	-7.883
131.504	-7.923
131.364	-7.903
131.284	-7.903
131.224	-7.923
131.184	-7.903
131.104	-7.923
130.844	-7.923
130.724	-7.963
130.584	-7.963
130.504	-7.943
130.304	-7.943
130.264	-7.923
130.224	-7.943
POLYLINE BLACK
130.364	-8.863
130.404	-8.943
130.564	-8.943
130.724	-8.903
130.944	-8.903
131.024	-8.883
131.104	-8.903
131.164	-8.883
131.244	-8.903
131.424	-8.923
131.664	-8.923
131.744	-8.943
131.804	-8.943
131.904	-8.963
132.044	-8.963
132.124	-8.983
132.364	-8.983
132.504	-9.003
132.584	-8.983
POLYLINE BLACK
124.124	-7.183
124.204	-7.203
124.344	-7.203
124.464	-7.243
124.584	-7.243
124.664	-7.263
124.844	-7.283
125.004	-7.363
125.084	-7.443
125.204	-7.483
125.284	-7.563
125.384	-7.603
125.444	-7.603
125.624	-7.663
125.784	-7.783
125.864	-7.803
126.004	-7.863
126.244	-8.083
126.364	-8.143
126.424	-8.143
126.464	-8.183
126.524	-8.183
126.584	-8.223
126.744	-8.223
127.024	-8.323
127.244	-8.443
127.324	-8.463
127.484	-8.523
127.544	-8.523
127.624	-8.543
127.704	-8.563
127.744	-8.603
127.824	-8.603
128.024	-8.723
128.124	-8.783
128.164	-8.783
128.324	-8.883
128.464	-8.883
128.624	-8.923
128.724	-8.923
128.884	-8.983
128.964	-8.943
129.084	-9.003
129.264	-9.003
129.364	-9.023
129.524	-8.983
129.664	-8.963
129.744	-8.983
129.904	-8.963
130.104	-8.963
130.184	-8.983
130.284	-8.963
130.364	-8.983
130.444	-8.983
POLYLINE BLACK
118.804	-5.023
118.684	-4.963
118.604	-4.943
118.524	-4.923
118.424	-4.903
118.304	-4.843
118.224	-4.823
118.004	-4.763
117.904	-4.763
117.784	-4.723
117.684	-4.723
117.524	-4.663
117.404	-4.643
117.244	-4.503
117.144	-4.443
117.084	-4.383
116.924	-4.363
116.864	-4.363
116.784	-4.383
116.584	-4.343
116.384	-4.203
116.264	-4.163
116.244	-4.203
POLYLINE BLACK
124.124	-7.263
123.964	-7.163
123.824	-7.103
123.744	-7.043
123.664	-7.043
123.524	-7.003
123.444	-6.983
122.684	-6.723
122.544	-6.703
122.504	-6.663
122.344	-6.623
122.104	-6.543
122.024	-6.523
121.804	-6.443
121.724	-6.443
121.544	-6.383
121.244	-6.283
121.124	-6.163
121.044	-6.103
120.964	-6.083
120.804	-6.003
120.724	-5.983
120.684	-5.943
120.604	-5.923
120.524	-5.863
120.484	-5.863
120.444	-5.823
120.364	-5.823
120.224	-5.743
120.144	-5.723
120.044	-5.663
120.004	-5.683
119.964	-5.643
119.884	-5.623
119.804	-5.603
119.704	-5.503
119.124	-5.183
119.004	-5.163
118.884	-5.083
118.804	-5.083
POLYLINE BLACK
123.664	-2.843
123.624	-2.803
123.464	-2.783
123.424	-2.803
123.324	-2.783
123.244	-2.763
122.904	-2.683
122.824	-2.663
122.704	-2.623
122.624	-2.643
122.524	-2.643
122.444	-2.623
122.324	-2.603
122.284	-2.643
122.144	-2.623
122.064	-2.603
121.984	-2.623
121.884	-2.583
121.844	-2.603
121.704	-2.583
121.624	-2.583
121.524	-2.563
121.384	-2.563
121.304	-2.543
121.184	-2.543
121.004	-2.503
120.744	-2.483
120.644	-2.463
120.504	-2.463
120.424	-2.443
120.324	-2.423
120.284	-2.443
120.104	-2.403
119.804	-2.323
119.764	-2.283
119.704	-2.283
119.624	-2.223
119.304	-2.103
118.944	-1.963
118.724	-1.883
118.644	-1.863
118.464	-1.723
118.364	-1.663
118.324	-1.623
118.284	-1.623
118.144	-1.523
117.984	-1.483
117.784	-1.423
117.744	-1.423
117.544	-1.303
117.504	-1.303
117.464	-1.263
117.364	-1.243
117.244	-1.143
116.824	-0.903
116.164	-0.643
POLYLINE BROWN
139.939	6.147
139.979	6.167
140.019	6.147
140.139	6.207
140.239	6.227
140.279	6.247
140.319	6.227
140.399	6.347
140.419	6.467
140.359	6.587
140.239	6.647
140.159	6.647
140.079	6.627
139.959	6.647
139.819	6.607
POLYLINE BROWN
139.159	5.147
139.239	5.207
139.299	5.207
139.539	5.367
139.619	5.487
139.639	5.567
139.699	5.727
139.699	5.867
139.839	6.147
139.879	6.187
139.919	6.187
139.959	6.227
139.999	6.207
POLYLINE BROWN
137.579	5.127
137.759	5.147
138.239	5.247
138.279	5.247
138.359	5.307
138.399	5.307
138.799	5.707
138.859	5.827
138.879	5.927
138.979	6.207
138.979	6.267
139.079	6.427
139.359	6.567
139.459	6.567
139.539	6.587
139.739	6.627
139.899	6.647
139.939	6.627
POLYLINE BROWN
137.639	4.447
137.679	4.427
137.719	4.467
137.819	4.487
137.919	4.507
137.999	4.567
138.039	4.547
138.339	4.647
138.539	4.747
138.739	4.867
138.839	4.927
138.919	4.947
139.119	5.087
139.199	5.107
139.299	5.127
POLYLINE BROWN
136.039	3.987
136.099	3.987
136.239	4.127
136.619	4.367
136.659	4.347
136.859	4.647
136.999	4.787
137.179	4.907
137.319	5.047
137.419	5.047
137.499	5.087
137.579	5.067
137.659	5.087
137.739	5.107
POLYLINE BROWN
136.199	4.087
136.159	4.087
136.019	3.947
135.919	3.927
135.799	3.887
135.719	3.827
135.679	3.847
135.519	3.767
135.439	3.747
135.359	3.727
135.199	3.687
135.039	3.607
134.999	3.647
134.999	3.607
134.919	3.587
134.659	3.907
134.599	4.027
134.579	4.107
134.459	4.187
134.419	4.187
134.359	4.247
134.239	4.347
134.099	4.367
134.019	4.347
133.859	4.327
133.699	4.387
133.619	4.387
133.539	4.407
133.499	4.387
133.399	4.407
133.159	4.367
132.959	4.307
132.859	4.307
132.699	4.247
132.579	4.267
132.499	4.247
132.439	4.247
132.359	4.227
132.219	4.227
132.139	4.207
132.059	4.207
131.999	4.187
131.959	4.207
131.839	4.167
131.759	4.167
131.579	4.107
131.499	4.107
131.399	4.087
131.299	4.087
131.159	4.047
131.079	4.067
130.939	4.067
130.819	4.027
130.639	4.007
130.579	4.007
130.499	3.947
130.379	3.947
130.339	3.907
130.259	3.927
130.219	3.887
130.179	3.907
130.059	3.867
130.039	3.827
POLYLINE BROWN
137.699	4.467
137.679	4.387
137.559	4.347
137.379	4.167
137.219	3.887
137.219	3.787
137.159	3.587
136.959	3.387
136.919	3.387
136.899	3.347
136.859	3.347
136.739	3.267
136.659	3.127
136.579	3.107
136.539	3.047
136.459	3.027
136.299	2.987
136.199	2.967
136.159	2.947
136.119	2.967
135.759	2.827
135.679	2.807
135.639	2.767
135.559	2.747
135.479	2.667
134.939	2.427
134.899	2.387
134.819	2.367
134.719	2.327
134.679	2.287
134.599	2.287
134.439	2.207
134.359	2.187
134.119	2.067
133.979	2.047
133.899	1.987
133.759	1.947
133.599	1.907
133.519	1.867
133.459	1.867
133.319	1.807
133.239	1.747
133.099	1.707
133.019	1.687
132.679	1.567
132.599	1.507
132.539	1.507
132.299	1.427
132.219	1.407
132.159	1.407
131.879	1.307
131.779	1.287
131.539	1.187
131.499	1.147
131.399	1.147
131.279	1.087
131.239	1.087
131.119	1.007
131.079	1.027
130.819	0.907
130.739	0.887
130.579	0.807
130.459	0.807
130.419	0.767
130.299	0.767
130.119	0.727
129.919	0.607
POLYLINE BROWN
130.019	3.967
129.939	3.887
129.679	3.767
129.639	3.727
129.539	3.707
129.459	3.647
129.399	3.647
129.199	3.587
129.159	3.547
128.979	3.527
128.839	3.467
128.739	3.407
128.619	3.367
128.539	3.347
128.459	3.287
128.359	3.287
128.059	3.107
127.759	2.987
127.719	2.987
127.679	2.947
127.599	2.947
127.439	2.867
127.379	2.867
127.299	2.807
127.199	2.787
127.039	2.727
126.979	2.727
126.899	2.707
126.859	2.667
126.699	2.627
126.559	2.567
POLYLINE BROWN
126.359	-0.513
126.439	-0.513
126.559	-0.453
126.619	-0.453
126.859	-0.333
126.919	-0.333
127.279	-0.193
127.359	-0.173
127.479	-0.133
127.619	-0.133
128.039	-0.013
128.219	0.027
128.299	0.047
128.399	0.127
128.699	0.187
128.779	0.207
129.039	0.307
129.099	0.307
129.359	0.467
129.539	0.507
129.639	0.527
129.679	0.527
129.719	0.567
129.839	0.567
130.039	0.627
130.099	0.627
130.179	0.647
130.199	0.687
POLYLINE BROWN
126.599	2.687
126.499	2.587
126.319	2.507
126.119	2.387
126.039	2.327
125.959	2.307
125.739	2.207
125.659	2.187
125.099	1.947
125.019	1.927
124.659	1.807
124.519	1.727
124.439	1.707
124.239	1.607
124.199	1.567
124.119	1.547
123.759	1.367
123.579	1.347
123.399	1.287
123.319	1.267
123.239	1.207
123.139	1.187
122.799	1.027
122.739	1.027
122.579	0.967
122.479	0.907
122.219	0.847
122.159	0.807
121.879	0.747
121.799	0.727
121.719	0.707
121.639	0.687
121.459	0.647
121.399	0.647
121.279	0.587
121.139	0.587
120.999	0.547
120.919	0.527
120.799	0.487
120.699	0.467
120.619	0.427
120.579	0.447
120.139	0.267
119.979	0.227
POLYLINE BROWN
120.199	-2.513
120.239	-2.533
120.259	-2.493
120.359	-2.453
120.419	-2.453
120.699	-2.333
120.819	-2.253
120.959	-2.193
121.059	-2.193
121.139	-2.153
121.199	-2.173
121.319	-2.133
121.379	-2.133
121.459	-2.113
121.559	-2.113
121.659	-2.053
121.859	-2.013
122.019	-1.973
122.099	-1.933
122.159	-1.933
122.239	-1.913
122.399	-1.893
122.479	-1.833
122.719	-1.773
123.179	-1.673
123.259	-1.673
123.439	-1.613
123.519	-1.593
123.559	-1.573
123.659	-1.573
123.779	-1.533
123.819	-1.493
123.899	-1.473
124.339	-1.293
124.439	-1.233
124.619	-1.173
124.779	-1.093
124.839	-1.093
124.919	-1.033
125.539	-0.813
125.599	-0.813
125.679	-0.793
125.759	-0.773
126.279	-0.593
126.339	-0.593
126.639	-0.493
126.739	-0.493
POLYLINE BROWN
116.419	-4.213
116.459	-4.233
116.699	-4.153
116.739	-4.113
116.819	-4.113
117.079	-3.993
117.179	-3.973
117.419	-3.853
117.679	-3.813
117.779	-3.753
117.859	-3.733
118.119	-3.633
118.179	-3.633
118.379	-3.553
118.479	-3.493
118.639	-3.413
118.859	-3.273
119.139	-3.133
119.179	-3.133
119.499	-2.913
119.539	-2.913
119.639	-2.833
119.719	-2.813
119.919	-2.673
119.959	-2.633
120.059	-2.613
120.139	-2.553
120.219	-2.533
120.259	-2.513
POLYLINE BROWN
116.339	-0.493
116.339	-0.533
116.419	-0.533
116.459	-0.553
116.679	-0.473
116.959	-0.413
117.259	-0.273
117.499	-0.273
117.619	-0.233
117.819	-0.213
117.999	-0.133
118.039	-0.153
118.099	-0.133
118.239	-0.133
118.379	-0.093
118.499	-0.033
118.599	-0.033
118.699	0.027
118.779	0.047
118.899	0.087
118.959	0.087
119.079	0.127
119.259	0.127
119.399	0.147
119.479	0.127
119.539	0.127
119.719	0.187
119.799	0.247
119.999	0.307
120.079	0.307
120.159	0.327
POLYLINE GRAY
116.229	0.002
116.259	-0.028
116.274	0.032
116.274	0.032
116.304	-0.058
116.259	-0.208
116.244	-0.268
116.244	-0.478
116.259	-0.508
116.259	-0.703
116.244	-0.763
116.244	-0.793
116.259	-0.853
116.259	-1.033
116.274	-1.093
116.274	-1.348
116.259	-1.408
116.259	-1.498
116.244	-1.573
116.244	-1.603
116.259	-1.663
116.259	-1.723
116.274	-1.783
116.274	-2.713
116.259	-2.773
116.259	-2.908
116.274	-2.968
116.274	-3.103
116.259	-3.163
116.259	-3.223
116.274	-3.253
116.259	-3.313
116.259	-3.343
116.274	-3.373
116.259	-3.403
116.274	-3.478
116.274	-3.658
116.289	-3.718
116.289	-4.078
116.304	-4.153
116.304	-4.408
116.319	-4.468
116.319	-4.933
116.304	-4.963
116.319	-5.023
116.304	-5.053
116.319	-5.083
POLYLINE BLACK
116.049	-0.628
115.989	-0.613
115.929	-0.613
115.884	-0.598
115.854	-0.613
115.794	-0.583
115.764	-0.583
115.734	-0.568
115.659	-0.583
115.329	-0.583
115.299	-0.598
POLYLINE GREEN
116.169	-4.258
116.169	-4.198
116.199	-4.138
116.199	-4.108
116.289	-4.048
116.319	-4.063
116.319	-4.093
116.349	-4.153
116.349	-4.183
116.364	-4.243
116.349	-4.273
116.349	-4.243
116.319	-4.183
116.319	-4.153
116.274	-4.033
116.274	-3.988
116.244	-3.973
116.214	-3.988
116.169	-4.078
116.169	-4.108
116.154	-4.168
116.154	-4.273
POLYLINE BLACK
113.479	-3.733
113.479	-3.773
113.519	-3.793
113.639	-3.753
113.799	-3.793
113.879	-3.793
113.919	-3.833
114.039	-3.833
114.119	-3.853
114.279	-3.953
114.479	-3.993
114.599	-4.033
114.879	-4.073
115.099	-4.133
115.139	-4.113
115.259	-4.153
115.339	-4.153
115.499	-4.193
115.599	-4.193
115.639	-4.233
115.679	-4.213
115.719	-4.233
115.799	-4.213
115.959	-4.273
116.399	-4.273
116.459	-4.233
POLYLINE BLACK
113.919	-1.493
113.919	-1.493
113.939	-1.533
114.019	-1.513
114.059	-1.473
114.139	-1.493
114.179	-1.473
114.299	-1.513
114.439	-1.673
114.559	-1.953
114.559	-2.013
114.639	-2.293
114.659	-2.473
114.659	-2.553
114.679	-2.633
114.679	-2.733
114.659	-2.813
114.679	-2.973
114.679	-3.353
114.639	-3.593
114.619	-3.673
114.559	-3.853
114.499	-3.913
114.419	-3.933
114.379	-3.893
114.299	-3.893
POLYLINE BLACK
114.399	-3.893
114.359	-3.893
114.319	-3.853
114.239	-3.833
114.139	-3.673
114.099	-3.493
113.959	-3.013
113.959	-2.933
113.939	-2.853
113.939	-2.753
113.919	-2.613
113.919	-2.353
113.899	-2.273
113.899	-1.933
113.919	-1.853
113.939	-1.633
113.959	-1.553
POLYLINE BLACK
116.199	-4.173
116.279	-4.173
116.419	-4.133
116.459	-4.153
116.499	-4.133
116.539	-4.153
116.619	-4.133
116.699	-4.153
116.779	-4.133
116.839	-4.153
116.919	-4.133
POLYLINE BLACK
113.479	-1.673
113.559	-1.673
113.619	-1.653
113.719	-1.673
113.859	-1.653
113.939	-1.573
113.979	-1.573
114.039	-1.493
114.159	-1.093
114.239	-0.873
114.239	-0.833
114.439	-0.713
114.559	-0.653
114.619	-0.653
114.699	-0.613
115.199	-0.613
115.419	-0.593
115.479	-0.593
115.579	-0.613
POLYLINE BLACK
113.939	-0.013
POLYLINE BLACK
113.619	0.087
POLYLINE BLACK
113.319	0.107
POLYLINE BLACK
112.979	0.167
POLYLINE BLACK
112.559	0.327
POLYLINE BLACK
113.619	-1.233
POLYLINE BLACK
113.039	-1.053
POLYLINE BLACK
112.739	-0.973
POLYLINE BLACK
112.199	0.227
112.179	0.147
112.159	0.067
112.059	-0.233
112.039	-0.353
112.039	-0.653
112.059	-0.733
112.059	-0.793
112.119	-0.953
112.179	-0.993
112.339	-0.953
112.439	-0.933
112.599	-0.773
112.619	-0.673
112.619	-0.453
112.559	-0.233
112.559	-0.173
112.439	0.067
112.359	0.147
112.319	0.147
POLYLINE BLACK
111.339	0.287
111.359	0.247
111.399	0.267
111.439	0.247
111.499	0.267
111.539	0.247
111.579	0.267
111.659	0.247
111.739	0.247
111.879	0.267
112.059	0.227
112.199	0.187
POLYLINE BLACK
110.479	-0.853
110.559	-0.833
110.699	-0.813
110.779	-0.833
110.919	-0.833
111.199	-0.913
111.319	-0.953
111.419	-0.953
111.579	-1.013
111.659	-0.993
111.959	-0.993
112.019	-0.973
POLYLINE BLACK
110.179	0.167
110.219	0.127
110.399	0.147
110.579	0.167
110.619	0.207
110.719	0.207
110.799	0.187
110.899	0.187
110.939	0.207
110.999	0.187
111.039	0.207
111.099	0.187
111.179	0.207
111.219	0.187
111.299	0.207
111.399	0.207
111.439	0.187
POLYLINE BLACK
110.359	-0.853
110.279	-0.833
110.159	-0.753
110.059	-0.633
109.979	-0.453
109.959	-0.373
109.919	-0.193
109.919	-0.073
109.999	0.047
110.079	0.027
110.159	0.047
110.259	0.027
110.539	-0.293
110.599	-0.413
110.599	-0.513
110.619	-0.593
110.619	-0.673
110.599	-0.773
110.439	-0.873
110.379	-0.873
110.339	-0.893
POLYLINE BLACK
113.439	-1.673
113.259	-1.653
113.039	-1.593
112.959	-1.533
112.859	-1.513
112.679	-1.433
112.599	-1.413
112.419	-1.333
111.899	-0.993
111.779	-0.913
111.699	-0.893
111.599	-0.833
111.539	-0.833
111.339	-0.693
111.259	-0.633
111.219	-0.633
111.159	-0.593
111.059	-0.573
109.279	0.327
109.059	0.367
108.979	0.387
108.939	0.407
108.879	0.387
108.839	0.427
POLYLINE BLACK
116.339	-4.253
116.199	-4.233
116.119	-4.253
115.979	-4.233
115.939	-4.253
115.859	-4.233
115.759	-4.213
115.719	-4.233
115.579	-4.233
115.399	-4.193
115.219	-4.173
115.119	-4.153
115.019	-4.133
114.939	-4.113
114.859	-4.113
114.639	-4.053
114.519	-4.053
114.439	-4.033
114.259	-3.993
114.179	-3.973
114.099	-3.973
114.019	-3.953
113.839	-3.933
113.719	-3.893
113.619	-3.873
113.499	-3.833
113.399	-3.833
113.359	-3.793
113.279	-3.793
POLYLINE BLACK
113.579	-3.893
113.459	-3.893
113.239	-3.813
113.159	-3.793
112.799	-3.653
112.719	-3.633
112.419	-3.453
112.299	-3.373
112.159	-3.233
112.079	-3.213
111.979	-3.113
111.839	-3.073
111.739	-3.013
111.499	-2.873
111.419	-2.853
111.279	-2.733
111.179	-2.713
111.099	-2.653
111.039	-2.653
110.819	-2.513
110.719	-2.493
110.619	-2.473
110.579	-2.433
110.539	-2.433
110.479	-2.393
110.399	-2.393
110.219	-2.313
110.139	-2.313
110.059	-2.253
109.979	-2.253
109.679	-2.153
109.619	-2.153
109.499	-2.113
109.419	-2.113
109.179	-2.033
109.139	-2.033
POLYLINE BLACK
109.099	0.367
109.019	0.347
108.919	0.287
108.699	0.227
108.619	0.207
108.459	0.187
108.299	0.187
108.219	0.147
108.179	0.167
107.999	0.127
107.819	0.087
107.619	0.127
107.559	0.127
107.519	0.107
107.199	0.167
107.079	0.167
106.939	0.207
106.839	0.207
106.219	0.407
105.919	0.507
105.739	0.547
105.659	0.567
105.459	0.647
105.339	0.727
105.179	0.767
105.099	0.827
104.919	0.887
104.859	0.887
104.659	0.987
104.599	0.987
104.379	1.107
104.299	1.127
104.039	1.207
103.999	1.247
103.799	1.287
103.719	1.307
103.459	1.447
103.379	1.467
103.339	1.507
103.219	1.507
POLYLINE BLACK
109.219	-2.093
109.099	-2.133
109.019	-2.153
108.979	-2.133
108.939	-2.153
108.899	-2.133
108.819	-2.153
108.699	-2.153
108.619	-2.173
108.519	-2.153
108.479	-2.173
108.359	-2.133
108.279	-2.133
108.039	-2.033
107.959	-2.033
107.779	-1.953
107.679	-1.933
107.519	-1.873
107.439	-1.853
107.319	-1.793
107.239	-1.793
107.139	-1.733
106.939	-1.633
106.839	-1.633
106.699	-1.553
106.619	-1.533
106.539	-1.513
106.499	-1.513
106.319	-1.393
106.219	-1.373
105.979	-1.213
105.859	-1.173
105.739	-1.073
105.699	-1.073
105.659	-1.033
105.619	-1.033
105.519	-0.973
105.279	-0.853
105.239	-0.853
105.179	-0.813
105.099	-0.793
104.959	-0.713
104.879	-0.693
104.379	-0.433
104.299	-0.413
104.119	-0.273
104.039	-0.253
103.919	-0.173
103.819	-0.113
103.699	-0.053
103.659	-0.053
103.459	0.087
103.419	0.087
103.339	0.147
103.179	0.187
103.079	0.207
102.999	0.267
102.839	0.267
102.719	0.347
102.679	0.347
POLYLINE BLACK
102.659	2.647
102.619	2.667
102.579	2.627
102.459	2.607
102.419	2.567
102.339	2.547
102.179	2.467
102.119	2.387
102.119	2.307
102.199	2.187
102.319	2.087
102.439	2.047
102.559	2.027
102.639	1.947
102.679	1.967
102.759	1.907
102.799	1.907
103.079	1.687
103.219	1.507
103.299	1.447
103.339	1.347
POLYLINE BLACK
101.119	2.107
101.119	2.067
101.199	2.087
101.279	2.107
101.339	2.127
101.579	2.047
101.619	2.027
101.719	1.807
101.739	1.727
101.759	1.647
101.759	1.507
101.779	1.427
101.839	1.147
102.079	0.847
102.319	0.647
102.399	0.627
102.539	0.467
102.619	0.347
102.779	0.247
POLYLINE BLACK
102.699	5.307
102.699	5.267
102.759	5.267
102.799	5.287
102.879	5.267
102.999	5.307
103.179	5.327
103.459	5.367
103.499	5.387
103.579	5.387
103.859	5.467
104.099	5.567
104.239	5.567
104.779	5.707
104.879	5.707
104.919	5.727
104.959	5.707
105.039	5.727
105.099	5.727
105.199	5.707
105.359	5.707
105.459	5.687
105.579	5.687
105.659	5.707
105.799	5.707
105.959	5.787
106.019	5.787
106.259	5.887
106.339	5.907
106.539	5.967
106.619	5.987
106.699	6.007
106.779	6.027
106.939	6.147
107.119	6.187
107.279	6.267
107.359	6.267
107.439	6.327
107.619	6.387
107.679	6.387
107.879	6.487
107.919	6.487
108.019	6.547
108.179	6.627
108.259	6.647
108.439	6.707
108.479	6.747
108.559	6.767
108.719	6.867
108.859	7.027
108.879	7.147
108.859	7.227
108.819	7.267
108.659	7.267
108.499	7.227
108.439	7.227
108.359	7.207
108.279	7.187
108.159	7.207
107.959	7.127
107.879	7.147
107.779	7.127
107.699	7.147
107.579	7.107
107.439	7.107
107.399	7.087
107.319	7.107
107.039	7.067
106.999	7.067
106.899	7.007
106.659	6.967
106.439	6.887
106.359	6.907
106.199	6.887
106.119	6.887
106.039	6.867
105.959	6.867
105.859	6.847
105.779	6.867
105.699	6.847
105.659	6.867
105.579	6.847
105.459	6.827
105.419	6.847
105.339	6.827
105.279	6.887
105.299	6.967
105.399	7.227
105.619	7.507
105.799	7.767
105.899	7.927
105.959	8.067
106.019	8.147
106.039	8.227
106.139	8.307
106.179	8.307
106.259	8.367
106.299	8.367
106.859	8.667
106.979	8.787
107.119	8.867
107.319	9.047
107.379	9.147
107.719	9.487
107.739	9.567
107.619	9.607
107.519	9.607
107.439	9.587
107.399	9.587
107.039	9.307
106.799	9.107
106.679	9.027
106.639	8.987
106.599	8.987
106.519	8.927
106.479	8.927
106.379	8.867
106.299	8.847
106.219	8.787
106.139	8.767
106.059	8.727
105.999	8.647
POLYLINE BLACK
99.339	4.847
100.539	5.367
100.819	5.587
100.939	5.807
100.999	5.887
101.199	6.027
101.399	6.347
101.579	6.987
101.639	7.367
101.839	7.487
102.299	7.487
102.399	7.467
102.539	7.467
102.639	7.487
102.779	7.467
102.979	7.507
103.079	7.507
103.879	7.607
103.939	7.647
104.019	7.647
104.539	7.847
104.999	8.087
105.459	8.407
105.599	8.447
105.639	8.487
105.779	8.507
105.959	8.587
106.139	8.627
106.299	8.707
POLYLINE BLACK
99.554	3.382
99.599	3.232
99.659	3.247
99.689	3.247
99.749	3.277
99.779	3.277
99.884	3.307
99.914	3.337
99.944	3.337
100.139	3.427
100.169	3.457
100.199	3.457
100.364	3.502
100.394	3.532
100.424	3.532
100.529	3.577
100.559	3.607
100.664	3.637
100.784	3.667
100.859	3.667
100.949	3.697
101.024	3.697
101.189	3.757
101.294	3.832
101.339	3.847
101.429	3.922
101.639	4.087
101.699	4.132
101.729	4.132
101.819	4.207
101.879	4.237
101.984	4.402
101.984	4.537
102.014	4.627
102.014	4.732
102.029	4.792
102.029	4.837
102.104	4.987
102.134	5.002
102.179	5.062
102.299	5.122
102.374	5.122
102.479	5.152
102.554	5.152
102.614	5.182
102.659	5.182
102.809	5.227
POLYLINE BLACK
99.359	4.732
99.329	4.747
99.239	4.717
99.194	4.717
98.969	4.642
98.744	4.612
98.654	4.582
98.549	4.567
98.369	4.522
98.099	4.432
97.904	4.402
97.784	4.342
97.604	4.312
97.544	4.297
97.454	4.297
97.319	4.267
97.169	4.267
97.139	4.252
97.034	4.252
97.004	4.237
96.974	4.252
96.629	4.252
96.539	4.222
96.284	4.222
96.224	4.207
96.194	4.207
96.089	4.177
96.059	4.177
95.999	4.162
95.924	4.147
95.894	4.132
95.834	4.147
95.804	4.147
95.774	4.132
95.639	4.132
95.579	4.102
95.549	4.102
95.489	4.117
95.459	4.117
95.429	4.102
95.399	4.132
95.369	4.117
95.339	4.132
95.294	4.102
95.204	4.132
95.144	4.117
95.114	4.087
95.084	4.087
95.024	4.042
94.964	4.042
POLYLINE BLACK
99.524	3.217
99.464	3.172
99.404	3.187
99.374	3.172
99.239	3.172
99.149	3.142
99.089	3.172
99.014	3.172
98.954	3.157
98.924	3.127
98.864	3.127
98.699	3.082
98.669	3.082
98.609	3.067
98.549	3.067
98.519	3.037
98.474	3.037
98.414	3.022
98.384	3.022
98.324	3.007
98.234	3.007
98.039	2.962
97.964	2.947
97.904	2.917
97.754	2.902
97.709	2.902
97.679	2.887
97.604	2.887
97.529	2.872
97.499	2.872
97.439	2.857
97.289	2.857
97.259	2.872
97.199	2.857
97.169	2.872
97.094	2.872
97.064	2.857
97.034	2.872
96.959	2.857
96.854	2.857
96.794	2.872
96.764	2.857
96.719	2.857
96.689	2.872
96.614	2.872
96.554	2.857
96.284	2.857
96.254	2.827
96.179	2.827
96.149	2.842
96.119	2.827
95.984	2.827
95.954	2.842
95.894	2.827
95.804	2.827
95.774	2.812
95.699	2.812
95.639	2.782
95.564	2.782
95.534	2.767
95.429	2.767
95.369	2.752
95.339	2.752
95.279	2.737
95.204	2.737
95.174	2.722
95.144	2.737
95.084	2.722
95.024	2.752
94.994	2.722
POLYLINE BLACK
95.034	3.977
94.954	3.957
94.934	3.967
94.914	3.947
94.894	3.957
94.874	3.947
94.834	3.977
94.814	3.977
94.804	3.997
94.784	3.997
94.744	4.067
94.734	4.107
94.684	4.277
94.634	4.397
94.564	4.457
94.514	4.457
94.474	4.467
94.434	4.477
94.394	4.487
94.304	4.497
94.254	4.487
94.214	4.497
94.184	4.497
94.164	4.487
94.114	4.497
94.024	4.497
93.974	4.507
93.914	4.507
93.874	4.517
93.844	4.517
93.804	4.507
93.744	4.507
93.704	4.497
93.614	4.497
93.554	4.467
93.504	4.467
93.464	4.437
POLYLINE BLACK
94.994	2.777
94.954	2.767
94.864	2.767
94.824	2.757
94.684	2.757
POLYLINE BLACK
90.734	4.017
90.794	3.997
90.854	3.987
90.914	3.997
90.984	3.977
91.024	3.987
91.104	3.987
91.194	3.997
91.254	3.997
91.274	3.987
91.294	3.997
91.434	3.997
91.454	4.007
91.554	4.007
91.644	4.037
91.674	4.037
91.714	4.047
91.774	4.047
92.194	4.177
92.234	4.187
92.374	4.217
92.404	4.237
92.454	4.247
92.544	4.297
92.654	4.297
92.754	4.337
92.814	4.337
92.924	4.347
92.984	4.357
93.054	4.377
93.104	4.377
93.264	4.417
93.304	4.417
93.374	4.427
93.414	4.427
93.484	4.447
93.544	4.457
93.594	4.447
POLYLINE BLACK
90.724	2.637
90.734	2.567
90.774	2.547
90.804	2.547
90.844	2.557
91.034	2.557
91.094	2.577
91.144	2.577
91.204	2.587
91.254	2.597
91.294	2.617
91.324	2.617
91.364	2.627
91.404	2.617
91.454	2.627
91.524	2.627
91.604	2.647
91.654	2.637
91.734	2.637
91.774	2.647
91.874	2.647
91.894	2.637
91.944	2.647
91.964	2.637
92.024	2.647
92.124	2.647
92.174	2.637
92.214	2.637
92.274	2.657
92.384	2.657
92.434	2.667
92.534	2.667
92.694	2.697
92.784	2.727
92.824	2.727
92.874	2.737
92.954	2.737
93.064	2.767
93.084	2.767
93.114	2.787
93.164	2.777
93.204	2.767
93.224	2.777
93.274	2.777
93.314	2.797
93.454	2.797
93.504	2.807
93.554	2.797
93.594	2.807
93.634	2.797
93.674	2.807
93.724	2.797
94.044	2.797
94.064	2.787
94.104	2.787
94.164	2.797
94.204	2.787
94.234	2.777
94.344	2.777
94.384	2.767
94.414	2.767
94.454	2.747
94.474	2.757
94.504	2.747
94.544	2.757
94.614	2.757
94.724	2.727
94.754	2.727
POLYLINE BLACK
90.664	2.707
POLYLINE BLACK
85.024	1.987
85.034	1.967
85.084	1.947
85.214	1.837
85.234	1.837
85.334	1.777
85.434	1.697
85.454	1.697
85.524	1.587
85.604	1.457
85.694	1.367
85.734	1.337
85.754	1.337
POLYLINE BLACK
82.434	1.257
82.474	1.257
82.514	1.287
82.534	1.277
82.584	1.297
82.624	1.327
82.734	1.387
82.904	1.567
82.984	1.697
83.084	1.797
83.194	1.877
83.244	1.897
83.264	1.917
83.284	1.917
83.334	1.947
83.564	2.057
83.644	2.107
83.734	2.127
83.774	2.137
83.814	2.137
83.834	2.157
83.874	2.147
83.894	2.157
83.914	2.147
83.934	2.157
83.964	2.137
84.024	2.137
84.064	2.127
84.104	2.137
84.164	2.127
84.224	2.147
84.304	2.127
84.344	2.117
84.364	2.127
84.574	2.057
84.634	2.057
84.674	2.047
84.754	2.037
84.794	2.037
84.834	2.027
84.894	2.027
84.904	2.007
84.944	2.007
84.954	1.987
84.994	1.987
85.034	1.957
85.054	1.957
85.064	1.937
85.084	1.937
POLYLINE GREEN
85.884	2.237
85.874	2.117
85.884	2.037
85.894	1.857
85.924	1.607
85.934	1.587
85.934	1.537
85.944	1.517
85.944	1.467
85.954	1.417
85.954	1.347
85.964	1.287
POLYLINE GREEN
85.804	2.017
85.794	1.807
85.794	1.537
85.804	1.497
85.804	1.417
85.824	1.327
POLYLINE GREEN
85.834	1.987
85.814	2.177
85.814	2.257
85.834	2.347
POLYLINE GREEN
85.724	1.977
85.724	2.007
85.754	2.127
85.804	2.357
85.814	2.407
POLYLINE GREEN
85.884	1.947
85.874	2.057
85.874	2.307
85.864	2.397
POLYLINE GREEN
85.954	1.427
85.944	1.467
85.934	1.637
85.934	1.877
85.944	1.997
85.934	2.047
85.934	2.067
POLYLINE GREEN
85.884	1.357
85.874	1.427
85.854	1.547
85.844	1.597
85.844	2.027
POLYLINE GREEN
85.764	1.397
85.754	1.447
85.754	1.527
85.744	1.557
85.744	1.717
85.734	1.807
85.744	1.827
85.744	1.997
POLYLINE GREEN
86.004	1.377
86.004	1.537
85.994	1.577
85.994	2.047
85.974	2.107
85.974	2.157
85.914	2.297
85.884	2.377
85.874	2.457
85.874	2.637
85.864	2.677
85.864	2.657
POLYLINE GREEN
85.684	1.367
85.684	1.447
85.674	1.547
85.674	1.587
85.664	1.627
85.664	1.707
85.654	1.757
85.654	1.837
85.644	1.877
85.644	2.057
85.674	2.117
85.684	2.157
85.744	2.257
85.744	2.307
85.774	2.407
85.794	2.507
85.794	2.567
85.804	2.617
85.794	2.657
85.804	2.697
85.714	2.777
POLYLINE GREEN
87.514	2.637
POLYLINE GREEN
87.544	2.207
87.544	2.357
87.534	2.507
87.534	2.617
POLYLINE GREEN
87.474	2.227
87.474	2.227
87.474	2.287
87.494	2.477
87.494	2.577
POLYLINE GREEN
87.574	2.267
87.584	2.307
87.584	2.437
87.574	2.477
87.574	2.517
87.544	2.597
87.544	2.667
87.534	2.707
87.534	2.737
POLYLINE GREEN
87.444	2.307
87.454	2.217
87.444	2.287
87.444	2.367
87.484	2.487
87.494	2.577
87.494	2.687
87.504	2.737
87.504	2.757
POLYLINE GREEN
88.814	2.447
88.754	2.667
88.754	2.747
POLYLINE GREEN
88.774	2.397
88.784	2.437
88.784	2.667
88.774	2.787
88.774	2.827
POLYLINE GREEN
88.724	2.417
88.714	2.457
88.714	2.527
88.724	2.567
88.724	2.717
88.744	2.867
POLYLINE GREEN
88.844	2.447
88.844	2.507
88.834	2.547
88.834	2.607
88.824	2.647
88.824	2.717
88.814	2.767
88.814	2.807
88.804	2.847
88.764	2.907
POLYLINE GREEN
88.674	2.407
88.684	2.447
88.684	2.507
88.664	2.587
88.674	2.667
88.694	2.747
88.714	2.827
88.724	2.867
88.714	2.907
POLYLINE BLACK
87.414	2.747
87.404	2.657
87.464	2.657
87.504	2.667
87.544	2.677
87.634	2.707
87.754	2.737
87.794	2.737
87.854	2.757
87.904	2.747
87.944	2.757
87.984	2.767
88.004	2.757
88.094	2.787
88.114	2.777
88.174	2.797
88.314	2.797
88.334	2.787
88.504	2.827
88.554	2.827
88.654	2.857
88.684	2.857
88.724	2.887
88.744	2.887
88.854	2.987
88.884	3.017
88.934	3.207
88.944	3.297
88.974	3.447
88.984	3.557
88.994	3.647
89.014	3.767
89.094	3.957
89.214	4.027
89.284	4.037
POLYLINE BLACK
90.774	2.547
90.714	2.537
90.674	2.547
90.604	2.527
90.534	2.527
90.494	2.517
90.404	2.507
90.304	2.487
90.234	2.477
90.214	2.487
90.164	2.477
90.124	2.487
90.104	2.477
90.064	2.487
89.974	2.487
89.934	2.467
89.874	2.487
89.834	2.477
89.794	2.487
89.774	2.477
89.664	2.507
89.624	2.497
89.584	2.517
89.544	2.507
89.494	2.517
89.454	2.517
89.434	2.507
89.414	2.517
89.374	2.507
89.334	2.507
89.314	2.517
89.244	2.507
89.204	2.507
89.184	2.517
89.164	2.507
89.124	2.517
89.044	2.517
89.024	2.497
POLYLINE BLACK
90.874	3.967
90.824	3.967
90.784	3.977
90.724	3.977
90.684	3.987
90.664	3.967
90.644	3.987
90.444	3.987
90.404	3.997
90.314	3.977
90.264	3.977
90.224	3.967
90.114	3.967
90.094	3.957
90.004	3.977
89.974	3.977
89.934	3.967
89.824	3.967
89.804	3.977
89.784	3.967
89.704	3.987
89.654	3.987
89.634	3.997
89.614	3.987
89.524	4.017
89.484	4.017
89.444	4.027
89.394	4.037
89.354	4.027
89.334	4.027
89.314	4.007
89.254	4.007
89.144	3.977
POLYLINE BLACK
86.534	1.407
86.634	1.427
86.744	1.427
86.904	1.477
86.944	1.467
86.984	1.477
87.024	1.487
87.064	1.497
87.104	1.507
87.184	1.737
87.194	1.817
87.194	1.887
87.204	1.927
87.204	1.987
87.244	2.107
87.294	2.157
87.394	2.177
87.414	2.167
87.434	2.177
87.454	2.167
87.494	2.177
87.554	2.177
87.624	2.197
87.724	2.197
87.774	2.207
87.854	2.217
87.944	2.227
87.984	2.237
88.024	2.237
88.074	2.257
88.194	2.277
88.244	2.277
88.314	2.297
88.374	2.297
88.424	2.307
88.444	2.327
88.534	2.337
88.654	2.367
88.694	2.377
88.804	2.417
88.824	2.437
88.864	2.427
88.904	2.437
88.924	2.457
88.964	2.467
89.004	2.477
89.024	2.497
89.064	2.497
89.094	2.507
89.114	2.497
89.124	2.517
POLYLINE BLACK
87.379	2.962
POLYLINE BLACK
87.364	2.647
87.364	2.617
87.259	2.557
87.139	2.497
87.109	2.497
87.019	2.437
86.989	2.437
86.929	2.422
86.854	2.407
86.794	2.392
86.764	2.407
86.614	2.362
86.584	2.362
86.554	2.332
86.449	2.332
86.389	2.362
86.359	2.362
86.299	2.392
86.269	2.392
86.179	2.422
86.029	2.542
86.014	2.572
85.879	2.662
85.789	2.662
85.714	2.692
85.669	2.692
85.609	2.677
85.549	2.677
85.444	2.707
85.414	2.737
85.384	2.737
84.979	3.022
84.829	3.097
84.799	3.097
84.454	3.262
84.379	3.262
84.244	3.292
84.214	3.292
84.124	3.337
84.094	3.337
84.064	3.322
84.019	3.322
83.959	3.352
83.839	3.352
83.779	3.382
83.704	3.382
83.644	3.367
83.539	3.367
83.479	3.382
POLYLINE BLACK
80.554	1.987
80.599	1.927
80.599	1.897
80.644	1.702
80.644	1.672
80.629	1.612
80.644	1.567
80.629	1.507
80.599	1.507
80.434	1.552
80.314	1.507
80.284	1.522
80.209	1.522
80.104	1.492
79.909	1.492
79.879	1.477
79.819	1.492
79.744	1.462
79.714	1.477
79.654	1.462
79.624	1.462
79.564	1.492
POLYLINE BLACK
80.584	1.867
80.419	1.867
80.269	1.837
80.209	1.837
80.179	1.852
80.134	1.852
80.014	1.822
79.969	1.822
79.909	1.837
79.834	1.837
79.774	1.822
79.714	1.837
79.669	1.837
79.579	1.882
79.489	1.882
79.414	1.732
79.414	1.702
79.399	1.672
79.399	1.627
79.384	1.567
POLYLINE BLACK
82.264	1.327
82.264	1.447
82.279	1.477
82.279	1.552
82.294	1.582
82.294	2.107
82.279	2.167
82.279	2.212
82.234	2.392
82.234	2.422
82.219	2.482
82.189	2.512
82.159	2.482
82.129	2.497
82.039	2.467
82.009	2.482
81.934	2.467
81.904	2.437
81.874	2.452
81.799	2.422
POLYLINE BLACK
81.994	2.467
81.964	2.482
81.904	2.467
81.874	2.482
81.829	2.482
81.769	2.452
81.739	2.452
81.679	2.467
81.559	2.467
81.514	2.452
81.424	2.467
81.379	2.467
81.319	2.482
81.214	2.482
81.184	2.467
81.154	2.482
81.094	2.467
81.034	2.467
80.959	2.482
80.899	2.482
80.839	2.512
80.809	2.512
80.809	2.542
80.719	2.332
80.719	2.302
80.689	2.212
80.689	1.957
80.674	1.897
80.674	1.792
80.659	1.732
80.659	1.672
80.644	1.612
80.644	1.432
80.659	1.372
80.644	1.342
80.659	1.282
80.659	1.252
POLYLINE BLACK
86.509	1.582
86.569	1.372
86.509	1.372
86.479	1.357
86.404	1.357
86.269	1.327
86.209	1.327
86.149	1.312
86.089	1.327
86.059	1.327
86.029	1.312
85.999	1.327
85.924	1.312
85.864	1.327
85.774	1.327
85.699	1.342
85.639	1.342
85.609	1.357
85.504	1.357
85.444	1.342
85.384	1.342
85.324	1.312
85.294	1.327
85.219	1.312
85.114	1.312
85.054	1.297
84.949	1.297
84.844	1.267
84.799	1.282
84.649	1.252
84.469	1.222
84.439	1.222
84.379	1.237
84.304	1.237
84.244	1.252
84.019	1.252
83.779	1.312
83.509	1.312
83.479	1.327
83.344	1.282
83.299	1.282
83.269	1.297
83.224	1.297
83.014	1.237
82.939	1.237
82.909	1.222
82.879	1.237
82.744	1.207
82.669	1.207
82.639	1.222
82.459	1.222
82.429	1.237
82.354	1.237
82.294	1.252
82.189	1.252
82.159	1.267
82.114	1.267
82.054	1.282
81.994	1.267
81.904	1.267
81.754	1.207
81.664	1.207
81.634	1.192
81.589	1.192
81.559	1.162
81.499	1.177
81.439	1.147
POLYLINE BLACK
81.334	3.442
81.394	3.457
81.454	3.502
81.634	3.472
82.144	3.472
82.324	3.457
82.954	3.457
83.014	3.427
83.134	3.412
83.299	3.382
83.359	3.352
83.434	3.352
83.584	3.292
83.659	3.292
83.719	3.277
83.749	3.292
83.809	3.262
POLYLINE BLACK
76.909	2.542
76.924	2.482
76.954	2.482
77.014	2.467
77.104	2.467
77.149	2.437
77.179	2.437
77.209	2.452
77.239	2.437
77.389	2.452
77.449	2.482
77.554	2.482
77.614	2.497
77.644	2.497
77.704	2.512
77.749	2.497
77.809	2.512
77.839	2.542
77.869	2.542
77.929	2.557
77.989	2.557
78.049	2.572
78.109	2.572
78.154	2.557
78.214	2.572
78.319	2.572
78.439	2.617
78.484	2.617
78.514	2.647
78.544	2.647
78.634	2.692
78.799	2.722
78.829	2.752
78.919	2.752
78.979	2.737
79.024	2.752
79.114	2.722
79.174	2.737
79.249	2.722
79.279	2.722
79.399	2.752
79.429	2.752
79.489	2.767
79.654	2.767
79.684	2.752
79.819	2.782
79.849	2.782
80.239	2.962
80.284	3.022
80.314	3.037
80.359	3.037
80.509	3.127
80.539	3.157
80.569	3.157
80.659	3.202
80.689	3.202
80.764	3.232
80.824	3.277
80.854	3.277
80.884	3.307
80.959	3.322
80.989	3.352
81.049	3.352
81.169	3.412
81.334	3.412
81.394	3.397
81.454	3.397
81.514	3.382
POLYLINE BLACK
81.469	1.132
81.409	1.117
81.379	1.117
81.319	1.087
81.289	1.087
81.229	1.102
81.109	1.102
81.049	1.132
80.989	1.132
80.929	1.147
80.899	1.147
80.869	1.162
80.809	1.147
80.749	1.177
80.719	1.177
80.599	1.207
80.509	1.207
80.449	1.252
80.419	1.252
80.299	1.312
80.269	1.312
80.149	1.372
80.029	1.462
79.969	1.477
79.879	1.477
79.849	1.492
79.819	1.477
79.699	1.507
79.669	1.537
79.639	1.522
79.579	1.537
79.549	1.537
79.489	1.552
79.429	1.552
79.369	1.567
79.339	1.552
79.279	1.567
79.219	1.567
79.159	1.597
79.099	1.582
79.039	1.597
79.009	1.597
78.949	1.612
78.919	1.597
78.859	1.612
78.829	1.612
78.739	1.642
78.709	1.627
78.679	1.642
78.619	1.627
78.589	1.642
78.559	1.627
78.499	1.642
78.439	1.642
78.394	1.657
78.364	1.642
78.334	1.657
78.304	1.642
78.244	1.657
78.079	1.657
77.959	1.627
77.899	1.642
77.779	1.642
77.749	1.627
77.689	1.642
77.629	1.627
77.554	1.627
77.524	1.642
77.434	1.597
77.374	1.612
77.314	1.582
77.254	1.597
77.224	1.597
77.164	1.567
77.134	1.567
POLYLINE BLACK
77.149	2.482
77.119	2.482
77.089	2.467
77.059	2.482
76.924	2.482
76.864	2.527
76.834	2.512
76.774	2.527
76.744	2.527
76.624	2.572
76.564	2.617
76.534	2.617
76.444	2.662
76.414	2.662
76.354	2.677
76.324	2.662
76.279	2.662
76.249	2.692
76.219	2.692
76.159	2.722
76.039	2.722
75.979	2.752
75.754	2.752
75.694	2.722
75.589	2.722
75.529	2.692
75.484	2.692
75.454	2.677
75.394	2.692
75.334	2.662
75.304	2.677
75.244	2.662
75.169	2.662
75.109	2.677
75.049	2.677
75.019	2.692
74.989	2.677
74.854	2.677
74.794	2.662
74.629	2.662
74.569	2.647
74.539	2.662
74.479	2.647
74.449	2.647
74.329	2.617
74.224	2.617
74.164	2.587
74.134	2.602
74.119	2.572
74.089	2.572
74.059	2.587
74.029	2.557
73.999	2.572
73.969	2.542
73.939	2.542
73.849	2.512
73.819	2.482
73.789	2.482
73.639	2.392
73.609	2.392
73.594	2.347
73.534	2.302
73.519	2.272
73.459	2.257
73.399	2.197
73.369	2.197
73.339	2.182
73.294	2.122
73.204	2.062
73.174	2.062
73.144	2.032
73.114	2.032
73.084	2.002
73.054	2.002
73.009	1.942
72.979	1.942
72.919	1.912
72.889	1.912
72.799	1.867
72.769	1.867
72.709	1.852
72.649	1.852
72.559	1.822
72.499	1.837
72.469	1.837
72.409	1.807
72.379	1.807
72.349	1.777
72.319	1.807
72.199	1.732
72.169	1.732
POLYLINE BLACK
72.334	0.922
72.349	0.832
72.409	0.832
72.469	0.802
72.499	0.817
72.559	0.802
72.589	0.802
72.649	0.832
72.679	0.817
72.754	0.817
72.784	0.832
72.814	0.817
72.874	0.832
72.934	0.832
72.964	0.847
72.994	0.817
73.024	0.847
73.054	0.817
73.084	0.817
73.114	0.832
73.144	0.817
73.174	0.847
73.204	0.847
73.234	0.832
73.264	0.862
73.294	0.847
73.354	0.862
73.384	0.862
73.444	0.847
73.504	0.877
73.534	0.877
73.594	0.907
73.624	0.907
73.774	0.967
73.864	1.027
73.879	1.057
73.939	1.087
74.029	1.087
74.149	1.117
74.224	1.237
74.224	1.297
74.269	1.402
74.269	1.432
74.314	1.522
74.314	1.552
74.344	1.612
74.434	1.657
74.464	1.657
74.494	1.687
74.554	1.687
74.584	1.702
74.614	1.687
74.764	1.732
74.914	1.732
74.974	1.717
75.064	1.717
75.094	1.732
75.259	1.732
75.424	1.687
75.559	1.717
75.634	1.702
75.739	1.717
75.889	1.672
75.994	1.672
76.054	1.642
76.159	1.642
76.189	1.657
76.249	1.642
76.354	1.642
76.414	1.627
76.684	1.627
76.729	1.612
76.789	1.627
76.819	1.627
76.954	1.597
77.179	1.582
POLYLINE BLACK
72.334	0.847
POLYLINE BLACK
72.334	0.862
72.394	0.892
72.454	0.892
72.514	0.907
72.544	0.907
POLYLINE BROWN
72.394	1.777
72.334	1.777
72.274	1.762
72.244	1.777
72.184	1.747
72.109	1.747
72.079	1.762
72.019	1.747
71.989	1.747
71.959	1.732
71.884	1.732
71.824	1.717
71.794	1.717
71.734	1.702
71.614	1.702
71.554	1.717
71.449	1.717
71.389	1.732
71.314	1.747
71.209	1.792
71.179	1.792
71.044	1.867
70.954	1.867
70.894	1.912
70.759	1.927
70.669	1.972
70.594	1.987
70.429	2.062
70.399	2.062
70.339	2.092
70.309	2.092
70.264	2.122
70.204	2.122
70.039	2.152
69.919	2.152
69.889	2.167
69.844	2.167
69.709	2.227
69.679	2.227
69.649	2.257
69.589	2.257
69.529	2.302
69.454	2.332
69.424	2.362
69.364	2.362
69.274	2.407
69.244	2.407
69.049	2.482
69.019	2.482
68.959	2.497
68.929	2.497
68.869	2.512
68.764	2.512
68.599	2.467
68.569	2.437
POLYLINE BROWN
68.809	0.262
68.839	0.262
68.899	0.277
69.064	0.277
69.124	0.292
69.154	0.292
69.304	0.352
69.334	0.352
69.364	0.382
69.439	0.382
69.529	0.427
69.559	0.427
69.619	0.457
69.709	0.457
69.844	0.487
69.964	0.502
70.084	0.487
70.279	0.547
70.369	0.547
70.534	0.622
70.594	0.607
70.789	0.637
70.924	0.637
71.044	0.667
71.074	0.652
71.134	0.667
71.209	0.667
71.269	0.682
71.329	0.682
71.404	0.697
71.554	0.697
71.629	0.727
71.704	0.727
71.734	0.742
71.779	0.727
71.884	0.772
71.959	0.772
71.989	0.757
72.019	0.772
72.079	0.757
72.394	0.757
72.454	0.742
72.484	0.742
POLYLINE BROWN
68.614	2.482
68.629	2.422
68.689	2.422
68.719	2.437
68.764	2.437
68.824	2.467
68.854	2.467
68.944	2.512
POLYLINE BROWN
67.924	-0.128
68.074	-0.053
68.104	-0.053
68.134	-0.023
68.209	-0.008
68.269	0.037
68.299	0.037
68.359	0.067
68.389	0.067
68.494	0.112
68.524	0.112
68.554	0.142
68.584	0.142
68.614	0.157
68.644	0.142
68.704	0.172
68.764	0.172
68.779	0.202
68.839	0.187
POLYLINE BLACK
68.014	-0.098
67.954	-0.113
67.924	-0.113
67.864	-0.128
67.834	-0.158
67.804	-0.158
67.714	-0.203
67.669	-0.203
67.549	-0.263
67.474	-0.278
67.189	-0.353
67.159	-0.353
67.099	-0.368
66.904	-0.368
66.874	-0.353
66.814	-0.368
66.724	-0.368
66.664	-0.383
66.334	-0.383
66.274	-0.398
66.154	-0.368
66.094	-0.368
66.034	-0.353
66.004	-0.353
POLYLINE BLACK
64.459	-0.428
64.489	-0.443
64.594	-0.413
64.624	-0.428
64.699	-0.428
64.849	-0.398
64.909	-0.413
65.314	-0.413
65.524	-0.428
65.584	-0.413
65.644	-0.413
65.704	-0.428
65.794	-0.428
65.854	-0.398
65.974	-0.428
66.004	-0.398
66.034	-0.413
66.094	-0.398
66.124	-0.398
66.184	-0.383
66.214	-0.383
POLYLINE BLACK
65.854	1.282
65.869	1.237
65.929	1.222
65.959	1.222
66.154	1.267
66.184	1.267
66.214	1.252
66.274	1.252
66.409	1.282
66.469	1.267
66.499	1.267
66.559	1.282
66.589	1.282
66.649	1.312
66.679	1.297
66.874	1.402
66.934	1.402
67.114	1.537
67.279	1.597
67.324	1.657
67.369	1.672
67.459	1.732
67.489	1.732
67.699	1.867
67.924	2.017
68.044	2.092
68.059	2.122
68.134	2.137
68.284	2.257
68.329	2.257
68.359	2.287
68.389	2.287
68.554	2.377
68.644	2.377
68.704	2.392
68.764	2.392
POLYLINE BLACK
64.099	1.642
64.129	1.612
64.159	1.612
64.249	1.567
64.279	1.567
64.339	1.522
64.414	1.522
64.444	1.492
64.474	1.492
64.504	1.477
64.534	1.492
64.594	1.477
64.624	1.477
64.684	1.447
64.804	1.447
64.864	1.432
64.894	1.402
64.954	1.402
65.014	1.417
65.044	1.417
65.074	1.387
65.149	1.387
65.239	1.327
65.269	1.327
65.299	1.312
65.314	1.282
65.359	1.282
65.449	1.222
65.479	1.222
65.539	1.207
65.569	1.207
65.629	1.192
65.704	1.207
65.734	1.192
65.764	1.207
65.824	1.192
65.854	1.192
65.974	1.252
POLYLINE BLACK
64.189	1.837
64.249	1.657
64.189	1.597
64.069	1.627
63.709	1.627
63.529	1.717
63.469	1.717
63.289	1.867
63.229	1.867
62.659	2.737
62.419	2.887
62.209	2.887
62.149	2.917
62.029	2.887
61.789	2.917
61.729	2.887
61.519	2.917
61.399	2.887
61.279	2.917
61.099	2.917
60.979	2.887
60.859	2.887
60.739	2.857
60.469	2.857
60.349	2.797
60.229	2.827
60.169	2.797
60.109	2.827
59.989	2.797
59.869	2.797
59.719	2.737
POLYLINE BLACK
64.099	2.167
POLYLINE BLACK
64.669	-0.353
64.669	-0.413
64.489	-0.383
64.429	-0.413
64.309	-0.383
64.249	-0.413
64.189	-0.383
64.129	-0.413
64.009	-0.353
63.889	-0.383
63.769	-0.353
63.709	-0.383
63.589	-0.353
63.349	-0.383
62.929	-0.383
62.869	-0.413
62.689	-0.323
62.569	-0.293
62.449	-0.263
62.209	-0.233
62.059	-0.233
61.939	-0.203
61.819	-0.233
61.699	-0.203
61.639	-0.233
61.399	-0.173
61.279	-0.173
61.219	-0.203
61.159	-0.173
61.099	-0.233
60.979	-0.173
60.739	-0.233
60.379	-0.083
POLYLINE BLACK
60.409	2.797
60.349	2.827
60.289	2.797
60.169	2.827
60.049	2.827
59.989	2.797
59.929	2.827
59.749	2.767
59.689	2.797
59.629	2.767
59.509	2.797
59.449	2.797
POLYLINE BLACK
59.719	2.797
59.539	2.857
59.359	2.857
59.119	2.797
58.999	2.797
58.729	2.887
58.609	3.007
58.549	3.007
58.399	3.157
58.279	3.247
58.159	3.277
58.039	3.367
57.859	3.367
57.799	3.307
57.499	3.247
57.439	3.187
57.319	3.157
57.139	3.097
56.839	3.097
56.719	3.007
56.659	3.007
56.479	2.887
56.359	2.857
56.119	2.797
55.999	2.797
55.879	2.767
55.759	2.737
55.519	2.797
55.399	2.827
55.339	2.767
55.219	2.797
55.159	2.857
55.009	2.827
54.829	2.827
54.709	2.797
POLYLINE BLACK
59.779	-1.613
59.749	-1.823
59.749	-1.943
POLYLINE BLACK
58.219	-1.763
58.189	-1.943
POLYLINE BLACK
58.249	-1.313
58.279	-1.433
58.309	-1.553
POLYLINE BLACK
59.749	-1.823
59.779	-1.883
POLYLINE BLACK
59.779	-1.283
59.779	-1.403
POLYLINE BLACK
59.659	0.157
59.809	-0.293
59.809	-1.043
59.839	-1.163
POLYLINE BLACK
58.249	-0.203
58.339	-0.623
58.339	-0.893
58.309	-1.103
58.309	-1.163
POLYLINE BLACK
58.579	0.607
POLYLINE BLACK
54.709	1.357
54.769	1.147
55.129	1.147
55.189	1.117
55.309	1.147
55.489	1.147
55.609	1.117
56.029	1.057
56.209	1.057
56.269	0.997
56.329	1.027
56.389	0.967
56.449	0.997
56.629	0.937
56.749	0.937
56.929	0.877
57.109	0.877
57.229	0.847
57.439	0.637
57.529	0.457
57.589	0.157
57.799	-0.083
57.919	-0.113
58.159	-0.203
58.279	-0.203
58.339	-0.233
58.399	-0.173
58.459	-0.233
58.579	-0.203
58.699	-0.233
58.849	-0.263
59.089	-0.203
59.149	-0.203
59.209	-0.263
59.329	-0.233
59.749	-0.233
59.809	-0.203
59.929	-0.233
60.169	-0.203
60.409	-0.233
60.469	-0.233
POLYLINE BLACK
51.109	4.447
51.199	4.267
51.499	4.057
51.619	4.057
51.679	3.997
51.799	3.997
51.919	3.967
51.979	3.907
52.099	3.907
52.219	3.877
52.279	3.817
52.399	3.847
52.579	3.727
52.699	3.727
52.879	3.637
52.999	3.607
53.299	3.457
53.359	3.457
53.479	3.337
53.689	3.247
53.929	3.097
53.989	3.097
54.079	3.037
54.139	3.037
54.169	2.977
54.289	2.977
54.559	2.887
54.679	2.857
54.799	2.797
54.859	2.827
55.219	2.707
55.279	2.707
POLYLINE BLACK
54.859	1.207
54.829	1.147
54.649	1.177
54.619	1.237
54.499	1.267
54.439	1.237
54.319	1.267
54.139	1.267
54.019	1.297
53.899	1.297
53.779	1.327
53.419	1.417
53.299	1.447
53.239	1.447
53.179	1.507
53.059	1.537
52.999	1.567
52.789	1.507
52.519	1.507
52.459	1.537
52.339	1.507
52.219	1.537
52.159	1.567
52.099	1.537
51.979	1.597
51.919	1.567
51.799	1.597
51.619	1.597
51.499	1.567
51.289	1.597
51.229	1.567
51.169	1.597
51.139	1.537
POLYLINE BROWN
50.779	4.227
50.939	4.227
51.019	4.207
51.099	4.207
51.139	4.227
51.219	4.207
51.339	4.187
POLYLINE BROWN
49.939	1.367
50.039	1.427
50.199	1.487
50.319	1.487
50.399	1.507
50.499	1.507
50.579	1.527
50.659	1.547
50.699	1.527
50.819	1.567
50.859	1.547
50.939	1.567
51.019	1.547
51.139	1.547
51.179	1.567
51.259	1.547
51.379	1.547
51.419	1.567
51.459	1.547
POLYLINE BROWN
49.879	1.367
49.879	1.427
49.919	1.427
POLYLINE BROWN
49.579	0.987
49.579	1.107
49.619	1.147
POLYLINE BROWN
49.339	0.667
49.379	0.767
POLYLINE BROWN
48.319	1.327
POLYLINE BROWN
48.639	1.607
POLYLINE BROWN
48.959	1.907
48.819	1.847
POLYLINE BROWN
49.579	2.907
49.659	2.887
49.819	2.767
49.879	2.567
49.819	2.447
49.819	2.387
49.619	2.227
49.579	2.227
49.519	2.167
49.479	2.167
49.359	2.087
49.099	1.967
49.059	1.967
POLYLINE BROWN
47.479	3.967
47.599	3.947
47.719	3.987
47.799	3.967
47.919	3.967
48.119	3.907
48.159	3.867
POLYLINE BROWN
48.639	3.787
48.759	3.607
48.839	3.407
48.779	3.187
48.719	3.047
48.719	2.987
48.619	2.727
48.639	2.687
48.679	2.707
48.799	2.667
48.999	2.607
49.179	2.527
49.259	2.507
49.479	2.447
49.499	2.407
49.499	2.487
49.539	2.607
49.539	2.667
49.619	2.907
49.639	2.987
49.699	3.227
49.659	3.267
49.619	3.247
49.419	3.287
49.079	3.387
48.859	3.427
48.779	3.427
POLYLINE BROWN
49.159	3.307
49.119	3.267
49.079	3.287
48.659	3.187
48.559	3.187
48.479	3.107
48.399	3.107
48.279	3.067
48.239	3.207
48.179	3.527
48.179	3.667
48.159	3.747
48.139	3.927
48.139	4.007
48.379	4.067
48.499	4.107
48.559	4.107
48.739	4.167
48.899	4.207
49.039	3.847
49.119	3.627
49.159	3.447
49.179	3.367
49.179	3.287
49.099	3.287
49.059	3.267
POLYLINE BROWN
50.879	4.207
50.899	4.167
50.739	4.187
50.659	4.167
50.459	4.167
50.379	4.147
50.219	4.147
50.119	4.127
49.839	4.127
49.799	4.147
49.759	4.127
49.719	4.147
49.679	4.127
49.599	4.167
49.499	4.387
49.459	4.587
49.459	4.847
49.379	5.047
49.179	5.087
49.019	5.087
48.979	5.107
48.939	5.087
48.819	5.127
48.739	5.107
48.659	5.127
48.579	5.147
48.539	5.127
48.419	5.207
48.359	5.387
48.239	5.807
48.079	5.907
47.999	5.887
47.919	5.887
47.879	5.907
47.759	5.867
47.679	5.887
47.599	5.867
47.519	5.867
47.259	5.787
POLYLINE BROWN
47.719	5.847
47.679	5.827
47.559	5.867
47.479	5.847
47.279	5.907
47.219	5.887
47.139	5.907
46.879	5.907
46.819	5.927
46.779	5.907
46.559	5.967
46.479	5.967
46.439	6.007
46.159	6.107
46.119	6.147
45.939	6.207
45.719	6.287
45.679	6.327
45.639	6.327
45.419	6.567
45.279	6.747
45.179	6.947
45.139	6.987
45.019	7.227
44.799	7.507
44.639	7.647
44.479	7.747
44.399	7.747
44.319	7.787
44.259	7.787
44.179	7.807
43.999	7.827
43.919	7.807
43.819	7.687
43.799	7.587
POLYLINE BROWN
43.899	6.447
43.939	6.407
44.019	6.427
44.139	6.387
44.179	6.407
44.219	6.387
44.319	6.407
44.399	6.387
44.439	6.387
44.479	6.347
44.519	6.367
44.739	6.147
44.819	5.967
44.819	5.887
44.879	5.767
44.919	5.567
44.919	5.487
44.939	5.387
44.939	4.927
44.979	4.767
44.979	4.647
45.119	4.307
45.099	4.267
45.299	4.107
45.399	4.007
45.519	3.967
45.819	3.967
45.859	3.987
46.239	3.967
46.319	3.947
47.559	3.947
POLYLINE RED
69.768	0.850
69.768	0.850
69.775	0.885
69.803	0.892
69.810	0.864
69.782	0.843
69.775	0.857
69.789	0.892
69.796	0.864
69.789	0.850
69.789	0.878
69.803	0.885
69.817	0.878
69.817	0.864
69.810	0.878
POLYLINE RED
70.152	1.071
70.182	1.041
70.227	0.906
70.242	0.771
70.242	0.681
POLYLINE RED
69.822	0.981
69.882	1.011
69.912	1.011
69.972	1.056
70.002	1.026
70.017	0.951
69.987	0.891
69.957	0.891
69.882	0.786
69.912	0.801
69.972	0.786
70.047	0.801
70.077	0.786
POLYLINE RED
69.762	0.861
69.792	0.861
69.822	0.831
POLYLINE RED
69.612	0.996
69.657	0.891
69.657	0.831
69.672	0.771
69.672	0.741
69.687	0.711
POLYLINE RED
69.597	0.246
69.777	0.396
69.837	0.441
69.882	0.501
69.942	0.546
69.957	0.576
POLYLINE RED
69.672	0.561
69.882	0.366
69.912	0.306
69.942	0.291
POLYLINE GREEN
69.537	0.006
69.567	-0.024
69.567	0.006
69.642	0.096
69.687	0.261
69.687	0.291
69.702	0.351
69.732	0.381
69.792	0.366
69.882	0.246
69.972	0.021
70.062	-0.024
70.092	-0.024
POLYLINE BROWN
65.937	1.416
65.967	1.416
65.997	1.461
66.117	1.521
66.222	1.476
66.252	1.446
66.252	1.356
66.207	1.251
66.177	1.221
66.072	1.176
66.372	0.801
POLYLINE BROWN
65.982	1.386
66.012	1.371
66.042	1.296
66.042	1.251
66.087	1.146
66.087	1.116
66.102	1.086
66.102	1.011
66.117	0.951
66.117	0.876
POLYLINE BROWN
65.487	0.951
65.517	0.951
65.547	0.936
65.622	0.951
65.697	0.951
65.727	0.966
65.802	0.966
POLYLINE BROWN
65.532	1.191
65.592	1.176
65.622	1.176
65.652	1.161
POLYLINE BROWN
65.412	1.341
65.427	1.371
65.532	1.416
65.577	1.416
65.652	1.431
65.712	1.431
POLYLINE BROWN
65.457	1.356
65.517	1.206
65.577	0.936
POLYLINE BROWN
64.992	1.371
65.022	1.371
65.097	1.401
65.127	1.386
65.157	1.401
65.247	1.326
65.292	1.221
65.292	1.176
65.322	1.116
65.262	1.026
65.187	0.996
65.157	0.966
65.097	1.011
POLYLINE BROWN
65.082	1.326
65.112	1.281
65.112	1.206
65.127	1.116
65.127	1.056
65.142	1.026
POLYLINE BROWN
64.647	1.371
64.677	1.371
64.707	1.386
64.812	1.386
64.932	1.281
64.932	1.236
64.962	1.161
64.902	1.041
64.767	0.936
POLYLINE BROWN
64.692	1.386
64.737	1.236
64.737	1.191
64.752	1.161
64.767	0.981
64.767	0.936
POLYLINE BROWN
64.227	1.056
64.257	1.026
64.347	1.086
64.422	1.086
64.482	1.116
64.512	1.116
POLYLINE BROWN
64.212	0.861
64.227	0.921
64.227	0.966
64.242	0.996
64.242	1.041
64.317	1.341
64.377	1.296
64.422	1.206
64.422	1.176
64.452	1.146
64.452	1.101
64.542	0.891
64.542	0.861
POLYLINE BROWN
63.672	1.386
63.672	1.326
63.687	1.236
63.687	1.206
63.702	1.146
63.702	1.116
63.717	1.086
63.717	1.011
63.732	0.981
63.732	0.906
63.747	0.846
63.762	0.876
63.972	0.876
64.107	0.861
POLYLINE BROWN
66.387	2.271
66.372	2.241
66.312	2.256
66.237	2.241
66.102	2.196
66.102	2.151
66.252	2.016
66.282	1.971
66.327	1.956
66.357	1.926
66.387	1.821
66.372	1.746
66.267	1.716
66.132	1.716
POLYLINE BROWN
65.562	2.226
65.607	2.211
65.742	2.271
65.772	2.301
65.847	2.211
65.862	2.166
65.697	2.031
65.757	2.031
65.802	2.001
65.892	1.881
65.877	1.836
65.787	1.761
65.757	1.761
65.682	1.731
POLYLINE BROWN
65.622	2.196
65.667	1.971
65.682	1.851
65.697	1.791
POLYLINE BROWN
65.367	1.851
65.337	1.821
65.277	1.821
65.172	1.896
65.142	1.971
65.142	2.046
65.172	2.121
65.202	2.151
65.337	2.151
65.397	2.136
65.442	2.106
65.487	2.001
65.487	1.971
65.427	1.881
65.382	1.866
65.322	1.821
65.247	1.806
POLYLINE BROWN
65.037	2.181
64.902	2.181
64.782	2.091
64.767	2.061
64.767	2.016
64.812	1.911
64.887	1.866
64.917	1.866
64.947	1.836
64.992	1.836
65.022	1.821
POLYLINE BROWN
64.197	2.031
64.272	2.016
64.377	2.016
64.467	2.046
POLYLINE BROWN
64.197	1.821
64.197	1.791
64.242	1.896
64.242	1.941
64.272	2.016
64.302	2.046
64.302	2.091
64.347	2.151
64.347	2.196
64.362	2.226
64.422	2.181
64.482	2.076
64.572	1.896
64.632	1.761
64.632	1.731
POLYLINE BROWN
63.867	2.256
63.972	2.136
64.002	2.031
64.002	1.896
63.972	1.836
63.837	1.776
63.777	1.776
POLYLINE BROWN
63.657	2.256
63.717	2.241
63.942	2.241
63.987	2.226
64.017	2.241
64.092	2.241
POLYLINE BROWN
68.802	0.261
68.802	0.261
68.697	0.276
68.667	0.306
68.562	0.321
68.502	0.366
68.472	0.366
68.382	0.426
68.337	0.426
68.307	0.456
67.962	0.606
67.782	0.696
67.617	0.771
67.512	0.816
67.482	0.816
67.437	0.846
67.407	0.846
67.347	0.876
67.272	0.891
67.092	1.011
66.957	1.071
66.927	1.071
66.792	1.131
66.762	1.161
POLYLINE BROWN
68.727	0.516
68.787	0.426
68.892	0.216
68.892	0.216
68.757	0.156
68.592	0.036
POLYLINE BLACK
70.492	-0.054
70.612	-0.054
70.732	0.006
70.852	0.006
70.932	0.026
70.972	0.026
71.112	0.186
71.132	0.266
71.112	0.426
71.072	0.466
71.072	0.526
70.972	0.626
70.912	0.746
70.852	0.806
70.832	0.886
70.792	0.926
70.792	0.966
70.732	1.046
70.732	1.086
70.672	1.186
70.652	1.266
70.532	1.586
70.532	1.646
70.472	1.806
70.512	2.006
70.532	2.086
70.552	2.166
70.592	2.206
70.612	2.286
70.672	2.466
70.732	2.546
70.752	2.686
70.772	3.006
70.792	3.186
70.712	3.206
70.512	3.166
70.432	3.206
70.112	3.266
69.792	3.286
69.332	3.426
69.132	3.546
69.012	3.606
68.932	3.626
68.872	3.666
68.792	3.666
68.732	3.706
68.652	3.726
68.572	3.766
68.532	3.746
68.452	3.806
68.332	3.806
68.152	3.846
68.072	3.866
68.032	3.826
POLYLINE BLACK
69.492	-0.014
69.532	-0.094
69.692	-0.074
69.752	-0.094
69.832	-0.074
70.152	-0.074
70.192	-0.054
70.272	-0.074
70.492	-0.014
70.572	0.026
POLYLINE BLACK
67.952	1.746
68.032	1.746
68.072	1.706
68.172	1.686
68.492	1.526
68.712	1.386
68.972	1.106
69.052	0.946
69.072	0.866
69.172	0.606
69.232	0.526
69.252	0.446
69.272	0.366
69.272	0.326
POLYLINE BLACK
69.052	0.446
69.112	0.306
69.152	0.286
69.292	0.406
POLYLINE BLACK
68.732	-0.154
68.912	0.006
POLYLINE BLACK
68.292	-0.554
68.332	-0.494
68.432	-0.454
68.472	-0.414
POLYLINE BLACK
69.452	-0.214
69.572	0.006
POLYLINE BLACK
69.112	-0.534
69.232	-0.434
POLYLINE BLACK
68.772	-0.794
68.812	-0.874
68.852	-0.894
68.932	-0.814
68.972	-0.794
68.992	-0.734
POLYLINE BLACK
68.092	3.746
67.972	3.806
67.892	3.826
67.852	3.806
67.712	3.846
67.632	3.846
67.492	3.886
67.332	3.926
67.292	3.906
66.992	3.986
66.912	3.966
66.832	4.026
66.752	4.026
66.652	4.006
66.572	4.026
66.452	4.026
66.372	4.046
66.292	4.026
66.212	4.086
66.172	4.066
66.092	4.086
POLYLINE BLACK
68.072	1.726
67.992	1.726
67.872	1.806
67.852	1.846
67.792	1.866
67.712	1.946
67.532	2.126
67.432	2.226
67.132	2.386
67.112	2.446
66.932	2.546
66.832	2.646
66.612	2.786
66.512	2.886
66.432	2.946
66.352	2.966
66.152	3.086
66.072	3.106
65.912	3.166
65.832	3.146
POLYLINE BLACK
66.192	4.146
66.192	4.106
66.112	4.106
66.072	4.146
65.992	4.166
65.952	4.206
65.892	4.206
65.812	4.226
65.732	4.246
65.552	4.306
65.472	4.366
65.392	4.366
65.152	4.466
65.092	4.466
64.912	4.526
64.792	4.566
64.712	4.626
64.612	4.646
64.372	4.766
64.312	4.766
64.232	4.806
64.192	4.786
64.112	4.826
64.052	4.826
63.672	4.966
63.592	4.926
63.552	4.966
63.472	4.966
63.292	5.006
63.212	5.086
63.132	5.086
63.052	5.106
62.972	5.166
62.892	5.166
62.652	5.266
62.612	5.246
62.572	5.286
62.492	5.286
62.472	5.326
62.392	5.326
62.232	5.386
62.192	5.366
POLYLINE BLACK
59.532	5.166
59.552	4.966
59.672	4.926
59.752	4.926
59.872	4.866
59.912	4.866
60.072	4.766
60.152	4.746
60.192	4.706
60.272	4.706
60.332	4.626
60.372	4.646
60.772	4.406
60.832	4.306
60.912	4.286
61.052	4.206
61.392	3.866
61.572	3.766
61.812	3.686
61.972	3.646
62.012	3.646
62.052	3.606
62.132	3.626
62.492	3.526
62.612	3.506
62.652	3.466
62.692	3.486
62.812	3.446
62.992	3.426
63.092	3.406
63.172	3.426
63.512	3.366
63.612	3.366
63.692	3.386
63.792	3.366
63.852	3.366
64.012	3.326
64.172	3.326
64.272	3.306
64.552	3.306
64.672	3.266
64.812	3.286
64.892	3.286
65.032	3.246
65.232	3.206
65.412	3.126
65.492	3.146
65.692	3.106
65.772	3.106
65.932	3.046
66.012	3.066
66.132	3.026
POLYLINE BLACK
62.312	5.426
62.352	5.326
62.272	5.326
62.152	5.366
62.072	5.446
62.032	5.446
61.992	5.486
61.952	5.466
61.832	5.546
61.792	5.546
61.752	5.586
61.712	5.586
61.632	5.646
61.552	5.666
61.352	5.786
61.332	5.826
61.292	5.826
61.192	5.946
61.172	6.026
61.172	6.326
61.192	6.406
61.192	6.546
61.252	6.706
61.252	6.866
61.272	6.926
61.212	7.046
61.212	7.086
61.132	7.106
60.992	7.126
60.792	7.166
60.632	7.126
60.572	7.126
60.412	7.046
60.332	7.026
60.292	7.046
60.212	7.006
60.132	7.046
60.092	7.026
60.012	7.066
59.972	7.026
59.932	7.046
59.852	7.026
POLYLINE BLACK
62.332	5.386
POLYLINE BLACK
59.072	7.826
59.152	7.946
59.172	8.046
59.152	8.126
59.012	8.306
58.972	8.286
58.952	8.326
58.912	8.306
POLYLINE BLACK
59.092	7.906
59.112	7.866
59.052	7.826
59.012	7.826
58.812	7.666
58.732	7.646
58.652	7.606
58.552	7.606
58.332	7.526
58.012	7.466
57.852	7.406
57.752	7.406
57.532	7.346
57.352	7.286
57.272	7.286
57.092	7.226
56.972	7.166
56.912	7.166
56.832	7.146
56.752	7.086
56.672	7.066
55.892	6.746
55.812	6.686
55.672	6.666
55.592	6.606
55.512	6.606
55.332	6.486
55.292	6.486
55.172	6.386
55.072	6.386
54.992	6.346
54.932	6.286
54.872	6.286
54.832	6.246
54.752	6.226
54.672	6.186
54.572	6.186
54.452	6.126
54.372	6.126
54.292	6.106
54.232	6.106
54.192	6.066
54.152	6.066
POLYLINE BLACK
53.952	6.846
58.932	8.326
POLYLINE BLACK
54.152	6.186
54.152	6.146
54.192	6.106
54.032	6.066
53.952	6.046
53.872	6.026
53.612	6.026
53.572	6.066
53.532	6.046
53.472	6.126
53.472	6.306
53.492	6.406
53.732	6.686
53.772	6.686
53.892	6.806
53.972	6.806
54.012	6.786
54.092	6.806
54.172	6.766
54.232	6.766
54.312	6.746
54.352	6.746
54.492	6.546
54.552	6.266
54.552	6.206
54.452	6.146
54.432	6.106
54.332	6.046
54.232	6.026
54.132	6.006
53.992	5.986
POLYLINE BLACK
55.312	7.726
55.232	7.666
55.132	7.666
54.932	7.606
54.672	7.446
54.592	7.426
54.192	7.226
54.152	7.226
53.932	7.066
53.592	6.886
53.552	6.846
53.432	6.806
53.392	6.766
53.312	6.746
53.172	6.646
POLYLINE BLACK
52.672	7.326
52.712	7.286
52.752	7.286
52.892	7.406
52.972	7.426
53.332	7.546
53.412	7.566
53.452	7.606
53.592	7.606
53.732	7.686
53.812	7.666
53.892	7.706
53.932	7.686
54.212	7.766
54.472	7.866
54.512	7.926
54.752	8.026
54.992	8.106
55.072	8.166
55.272	8.206
55.332	8.206
55.412	8.226
55.492	8.286
55.592	8.286
55.692	8.306
55.752	8.346
55.932	8.366
56.092	8.406
56.192	8.406
56.412	8.466
56.492	8.466
56.752	8.566
56.852	8.566
57.012	8.666
57.092	8.666
57.212	8.706
57.272	8.706
57.412	8.766
57.632	8.826
57.772	8.826
58.032	8.906
58.132	8.886
58.312	8.866
58.432	8.866
58.472	8.826
58.632	8.846
58.712	8.846
58.712	8.726
58.652	8.626
58.532	8.546
58.432	8.566
58.352	8.506
58.192	8.486
58.132	8.486
57.972	8.446
57.652	8.366
57.352	8.326
57.232	8.266
56.992	8.206
55.492	7.726
55.332	7.646
POLYLINE BLACK
52.732	6.646
52.752	6.606
52.672	6.586
52.552	6.646
52.492	6.766
52.472	6.846
52.452	6.926
52.452	7.006
52.492	7.126
52.692	7.286
52.812	7.306
52.912	7.306
52.952	7.326
53.192	7.226
53.252	7.146
53.292	6.946
53.272	6.866
53.272	6.766
53.232	6.686
53.012	6.586
52.852	6.566
52.772	6.566
52.692	6.546
52.592	6.566
POLYLINE BLACK
53.212	6.106
53.312	5.946
53.392	5.966
53.472	5.946
53.512	5.966
53.592	5.906
53.672	5.926
53.752	5.906
53.912	5.866
53.952	5.886
54.032	5.826
54.152	5.826
54.512	5.726
54.612	5.706
54.692	5.706
54.852	5.626
54.912	5.626
55.012	5.566
55.152	5.526
55.472	5.466
55.652	5.446
55.792	5.366
55.872	5.346
55.992	5.286
56.032	5.306
56.112	5.286
56.192	5.266
56.292	5.226
56.372	5.246
56.552	5.206
56.732	5.226
56.932	5.206
57.012	5.186
57.172	5.226
57.272	5.206
57.492	5.166
57.752	5.166
57.852	5.146
57.892	5.166
58.072	5.126
58.152	5.126
58.292	5.086
58.432	5.086
58.612	5.026
58.692	5.006
58.872	4.986
58.952	4.986
59.072	4.946
59.292	5.006
59.332	4.986
59.412	5.006
59.492	4.986
59.672	5.006
59.752	5.006
59.852	5.026
59.912	5.026
59.992	5.006
POLYLINE BLACK
59.932	7.066
59.972	7.026
59.932	7.046
59.892	7.026
59.852	7.046
59.752	6.986
59.592	6.986
59.412	6.946
59.332	6.886
59.252	6.866
59.052	6.806
58.932	6.806
58.832	6.786
58.672	6.766
58.552	6.766
58.452	6.726
58.352	6.726
58.312	6.686
58.172	6.686
58.092	6.646
57.932	6.646
57.892	6.626
57.812	6.626
57.772	6.586
57.552	6.526
57.392	6.526
57.292	6.546
57.252	6.546
57.172	6.606
57.092	6.606
57.052	6.586
56.972	6.626
56.892	6.606
56.812	6.646
56.712	6.626
56.632	6.646
56.512	6.646
56.472	6.666
56.432	6.646
56.312	6.686
56.232	6.686
56.112	6.726
56.052	6.726
55.972	6.746
55.852	6.746
55.772	6.766
55.712	6.746
55.632	6.766
55.532	6.786
55.452	6.806
55.112	6.806
55.072	6.846
54.992	6.846
54.892	6.886
54.852	6.866
54.732	6.946
54.652	6.946
54.292	7.146
54.212	7.166
54.092	7.206
POLYLINE BLACK
47.612	7.166
47.832	7.126
48.012	7.146
48.192	7.146
48.232	7.166
48.352	7.126
48.472	7.146
48.552	7.106
48.652	7.126
48.852	7.066
48.952	7.006
49.112	6.906
49.192	6.906
49.272	6.886
49.392	6.886
49.532	6.906
49.612	6.906
49.792	6.966
49.872	6.966
50.032	7.086
50.072	7.066
50.152	7.086
50.172	7.146
50.212	7.126
50.272	7.166
50.612	7.166
50.652	7.186
50.812	7.186
50.892	7.206
50.952	7.206
51.032	7.226
51.112	7.206
51.292	7.246
51.372	7.246
51.452	7.266
51.572	7.266
51.612	7.246
51.712	7.266
51.832	7.246
52.112	7.246
52.152	7.226
52.232	7.246
52.272	7.226
52.292	7.266
52.372	7.266
52.452	7.286
52.492	7.326
52.532	7.306
52.592	7.366
52.632	7.466
52.692	7.546
52.692	7.806
52.532	8.086
52.492	8.126
52.492	8.166
52.432	8.266
52.392	8.386
52.272	8.586
52.172	8.806
52.072	8.966
52.052	9.046
51.952	9.346
51.852	9.606
51.852	9.706
51.832	9.786
51.832	9.906
51.872	9.906
52.172	9.706
52.212	9.606
52.352	9.406
52.572	9.006
52.692	8.786
52.872	8.506
53.012	8.206
53.032	8.126
53.212	7.786
53.372	7.666
53.472	7.566
53.572	7.486
53.612	7.486
53.732	7.386
53.812	7.366
53.912	7.266
53.992	7.246
54.032	7.206
54.152	7.186
POLYLINE BLACK
47.512	5.846
47.532	5.766
47.612	5.746
47.752	5.786
47.872	5.766
47.912	5.786
47.992	5.766
48.432	5.766
48.572	5.746
48.852	5.766
49.072	5.706
49.152	5.686
49.272	5.646
49.352	5.666
49.472	5.666
49.592	5.626
49.772	5.806
50.012	6.186
50.052	6.226
50.212	6.246
50.252	6.246
50.332	6.306
50.372	6.286
50.412	6.306
50.452	6.286
50.532	6.326
50.612	6.286
50.672	6.306
50.832	6.246
50.912	6.246
50.952	6.266
50.992	6.246
51.032	6.266
51.072	6.246
51.152	6.266
51.232	6.246
51.372	6.266
51.492	6.266
51.652	6.306
51.732	6.306
52.032	6.366
52.112	6.406
52.172	6.386
52.252	6.446
52.372	6.446
52.412	6.466
52.452	6.446
52.512	6.506
52.592	6.526
52.672	6.506
52.712	6.546
52.772	6.466
52.852	6.446
53.032	6.246
53.112	6.126
53.112	6.086
53.232	5.986
53.232	5.946
53.252	5.986
53.332	5.966
53.452	5.966
53.492	5.986
POLYLINE BLACK
46.302	5.766
46.332	5.706
46.392	5.736
46.482	5.646
46.482	5.316
46.452	5.196
46.452	4.986
46.422	4.866
46.422	3.786
46.452	3.486
46.422	3.366
46.452	3.096
46.452	2.646
46.482	2.526
46.482	2.316
46.602	2.136
46.722	2.166
46.782	2.106
46.902	2.136
47.052	2.166
47.172	2.136
47.472	2.196
47.502	2.526
47.532	2.796
47.532	3.456
47.562	3.576
47.562	3.876
47.532	3.996
47.532	4.146
47.502	4.296
47.502	4.746
47.472	4.896
47.472	5.496
47.442	5.556
47.532	5.796
47.652	5.826
POLYLINE BLACK
43.752	6.366
43.782	6.306
43.902	6.276
44.142	6.186
44.232	6.186
44.352	6.126
44.412	6.156
44.652	6.066
44.712	6.096
44.892	6.036
45.282	6.036
45.402	5.976
45.522	6.006
45.702	5.946
45.882	5.796
45.942	5.796
46.002	5.736
46.032	5.796
46.212	5.736
46.272	5.796
46.332	5.796
46.392	5.856
46.452	5.856
46.482	5.796
POLYLINE BLACK
43.902	7.836
43.992	7.686
44.112	7.656
44.232	7.656
44.352	7.626
44.412	7.656
44.592	7.566
44.922	7.506
44.982	7.446
45.102	7.446
45.252	7.386
45.312	7.416
45.432	7.386
45.492	7.326
45.822	7.266
46.032	7.266
46.152	7.236
46.272	7.236
46.422	7.206
46.602	7.206
46.662	7.236
46.842	7.176
46.962	7.206
47.082	7.176
47.202	7.146
47.322	7.176
47.442	7.146
47.562	7.176
47.622	7.146
POLYLINE BLACK
43.812	7.746
POLYLINE BLACK
44.022	7.746
44.022	7.686
43.902	7.746
43.812	7.746
43.572	7.836
43.452	7.806
43.392	7.866
43.332	7.836
43.212	7.866
43.002	7.866
42.822	7.926
42.702	7.926
42.582	7.956
42.462	7.986
42.192	8.046
42.132	8.076
42.042	8.046
41.982	8.106
41.712	8.106
41.442	8.196
41.382	8.166
41.262	8.196
41.142	8.166
40.932	8.226
40.722	8.166
40.422	8.166
40.362	8.196
40.242	8.166
40.122	8.196
40.002	8.196
39.882	8.286
39.822	8.256
39.672	8.586
39.642	8.856
39.642	9.186
39.552	9.366
POLYLINE BLACK
43.992	6.336
43.752	6.426
43.692	6.396
43.572	6.426
43.362	6.456
43.242	6.426
43.002	6.456
42.732	6.456
42.612	6.486
42.282	6.516
41.802	6.576
41.682	6.606
41.472	6.576
41.322	6.576
41.112	6.606
40.932	6.606
40.722	6.666
40.512	6.666
40.272	6.726
40.212	6.786
40.092	6.756
39.792	6.816
39.642	6.786
39.462	6.786
39.402	6.756
POLYLINE BLACK
36.712	8.786
36.732	8.746
36.812	8.726
36.852	8.746
36.892	8.726
36.972	8.746
37.092	8.726
37.192	8.666
37.312	8.606
37.332	8.546
37.472	8.486
37.512	8.446
37.832	8.446
37.952	8.366
38.032	8.386
38.092	8.386
38.332	8.226
38.372	8.186
38.432	8.186
38.672	8.046
38.712	8.006
38.792	7.986
38.872	7.966
39.032	7.926
39.072	7.946
39.212	7.786
39.212	7.606
39.192	7.526
39.172	7.326
39.192	7.226
39.212	7.046
39.252	6.966
39.252	6.866
39.292	6.826
39.312	6.746
39.352	6.666
39.392	6.646
39.432	6.666
39.472	6.626
39.552	6.646
39.632	6.626
39.752	6.646
POLYLINE BLACK
36.692	9.886
36.732	9.866
36.772	9.886
36.872	9.826
37.132	9.706
37.172	9.706
37.212	9.666
37.292	9.646
37.372	9.626
37.452	9.646
37.532	9.646
37.712	9.606
37.852	9.626
37.972	9.586
38.192	9.586
38.272	9.566
38.372	9.546
38.452	9.486
38.592	9.486
38.692	9.466
38.912	9.466
38.992	9.486
39.172	9.486
39.272	9.506
39.352	9.466
39.492	9.466
39.572	9.446
39.652	9.446
39.712	9.366
POLYLINE BLACK
36.732	10.026
36.752	9.926
36.812	9.906
36.832	9.866
36.872	9.866
37.012	9.706
37.032	9.666
37.072	9.686
POLYLINE BLACK
34.292	9.726
34.352	9.666
34.432	9.626
34.572	9.626
34.652	9.646
34.772	9.606
34.852	9.586
34.932	9.606
34.972	9.566
35.012	9.566
35.192	9.406
35.332	9.326
35.512	9.286
35.592	9.306
35.772	9.266
35.892	9.146
36.072	8.886
36.252	8.706
36.332	8.706
36.492	8.746
36.572	8.766
36.612	8.746
36.692	8.806
36.912	8.826
36.952	8.846
POLYLINE BLACK
36.732	10.046
36.712	9.966
36.712	9.886
36.692	9.786
POLYLINE BLACK
34.152	10.046
34.252	9.946
34.252	9.886
34.312	9.766
POLYLINE BLACK
37.512	10.206
37.432	10.206
37.332	10.226
37.252	10.226
37.212	10.246
36.992	10.186
36.892	10.166
36.652	10.086
36.612	10.046
36.372	10.046
36.272	10.026
36.052	10.006
35.992	10.006
35.952	9.986
35.912	10.006
35.812	9.966
35.672	9.986
35.272	9.946
35.172	9.946
35.032	9.966
34.872	9.966
34.792	9.986
34.652	9.986
34.472	10.026
34.332	10.026
34.252	10.046
33.592	10.046
33.472	10.086
33.472	10.086
33.472	10.226
33.412	10.406
33.412	10.486
33.332	10.846
33.312	10.946
33.272	11.126
33.212	11.326
33.212	11.486
33.152	11.766
33.152	12.206
33.172	12.406
33.172	12.506
33.192	12.626
33.172	12.726
33.192	12.786
33.172	12.886
33.192	13.026
33.192	13.306
33.172	13.426
33.172	13.826
33.192	13.966
33.252	14.386
33.252	14.766
33.232	14.806
33.252	14.866
33.232	14.946
33.232	15.206
33.392	15.246
33.612	15.266
33.672	15.266
33.832	15.306
34.012	15.306
34.132	15.346
34.372	15.366
34.512	15.346
34.832	15.346
34.912	15.326
34.972	15.346
35.052	15.326
35.472	15.326
35.592	15.306
35.872	15.306
35.992	15.286
36.092	15.286
36.172	15.266
36.372	15.266
36.492	15.226
36.552	15.226
36.692	15.186
36.772	15.206
36.912	15.146
36.992	15.126
37.192	14.986
37.292	14.866
37.312	14.766
37.332	14.666
37.372	14.446
37.472	13.986
37.572	13.586
37.672	13.186
37.672	13.126
37.792	12.646
37.792	12.546
37.832	12.306
37.832	12.046
37.852	11.946
37.832	11.846
37.832	11.146
37.812	11.046
37.812	10.886
37.792	10.806
37.772	10.606
37.732	10.446
37.532	10.106
37.452	9.986
37.452	9.946
