TRIP
DATE 2013-06-30 
DECLINATION     0.00
DATA
2.0	20.0	0.00	0.00	0.000	>
20.0	20.1	261.80	-26.30	3.872	>
20.1	20.2	125.68	-19.30	2.550	>
20.2		250.28	7.90	0.909	>
20.2		171.12	-87.58	0.767	>
20.2		255.62	49.74	0.810	>
20.2		67.33	-0.23	0.244	>
20.2		229.58	62.45	3.811	>
20.2	20.3	150.86	-7.60	5.294	>
20.3		5.10	-20.63	0.985	>
20.3		330.86	23.77	0.447	>
20.3		347.74	-26.49	1.152	>
20.3	20.4	63.95	-43.22	1.834	>
20.4		254.61	-4.93	0.885	>
20.4		92.21	21.96	0.308	>
20.4		180.57	67.04	0.774	>
20.4		170.10	-74.54	0.568	>
20.4	20.5	176.59	-12.17	3.126	>
20.5		62.62	28.27	0.889	>
20.5		237.50	-20.15	0.613	>
20.5		293.65	79.20	0.892	>
20.5		337.46	-44.45	0.563	>
20.5	20.6	257.63	-52.47	1.395	>
20.6		318.52	75.96	0.523	>
20.6		16.98	1.80	0.349	>
20.6		324.46	-71.41	0.189	>
20.6	20.7	284.48	-13.04	2.401	>
20.7		195.30	-1.27	0.405	>
20.7		212.98	45.11	0.318	>
20.7		157.51	-56.00	0.416	>
20.3	20.8	64.31	1.84	2.580	>
20.8		338.10	-7.18	0.976	>
20.8		152.71	8.87	1.329	>
20.8		332.10	81.34	0.383	>
20.8		340.11	-69.70	1.898	>
20.8		274.93	-54.81	0.888	>
20.8		232.76	0.69	1.079	>
20.8	20.9	61.95	1.41	2.800	>
20.9		191.75	9.89	2.807	>
20.9		134.19	25.75	2.157	>
20.9		50.13	-6.31	2.164	>
20.9		6.29	-16.99	1.259	>
20.9		289.07	75.43	1.131	>
20.9		78.99	66.64	2.721	>
20.9		267.88	-82.69	0.850	>
20.9	20.10	274.30	-29.93	5.669	>
20.10		2.60	88.12	0.671	>
20.10		136.55	-83.42	0.229	>
20.10		201.08	3.10	1.219	>
20.10		11.56	12.96	3.642	>
20.10		335.13	9.73	1.918	>
20.10		307.32	-7.30	2.378	>
20.10	20.11	315.24	-5.18	4.211	>
20.11		90.22	-18.08	0.554	>
20.11		207.58	-12.12	0.853	>
20.11		85.60	-82.17	0.478	>
20.11		348.25	-63.07	1.301	>
20.11	20.12	277.13	-49.40	0.458	>
20.12		238.76	1.34	0.214	>
20.12	20.13	11.91	3.88	2.987	>
20.13		174.72	78.06	1.418	>
20.13		315.81	-80.21	0.295	>
20.13		246.90	74.78	2.311	>
20.13		189.35	17.65	1.563	>
20.13		211.37	-11.38	3.021	>
20.13		248.28	-16.57	3.146	>
20.13		297.77	-6.35	1.773	>
20.13		328.15	-4.41	3.859	>
20.13		343.90	-3.07	4.282	>
20.13		19.94	6.69	3.091	>
20.13		37.78	13.47	4.263	>
20.13		64.27	16.75	3.803	>
20.13		82.28	18.15	4.716	>
20.13		98.00	23.43	1.834	>
20.13	20.14	326.87	1.14	1.510	>
20.13		134.62	18.88	1.798	>
20.13	20.15	118.28	31.58	4.268	>
20.15		311.12	-18.89	2.100	>
20.15		304.41	72.16	0.289	>
20.15		355.60	-83.89	0.857	>
20.15		225.82	-10.33	1.908	>
20.15	20.16	36.11	13.36	2.480	>
20.16		296.93	-8.47	0.496	>
20.16		323.01	-84.95	1.095	>
20.16		357.91	17.18	1.148	>
20.16		355.61	-47.53	1.739	>
20.16		281.29	-47.11	3.340	>
20.16	20.17	327.88	82.95	3.127	>
20.17		273.61	72.11	0.724	>
20.17		285.03	-34.60	0.511	>
20.17	20.18	214.31	-12.69	1.348	>
20.18	20.19	231.26	22.62	2.431	>
20.13	20.20	331.94	-1.82	2.142	>
20.20		42.16	-54.88	1.142	>
20.20		122.47	-68.03	1.185	>
20.20		67.65	74.29	0.359	>
20.20		38.86	-71.88	1.296	>
20.20		43.54	-52.40	1.137	>
20.20	20.21	49.21	-61.42	2.838	>
20.21		306.66	3.51	0.376	>
20.21		41.99	-16.71	0.577	>
20.21		346.28	52.72	0.362	>
20.21	20.22	345.56	-9.56	1.866	>
20.22		258.09	42.03	1.168	>
20.22		242.20	-55.79	0.370	>
20.22		39.40	-52.76	0.359	>
20.22	20.23	311.28	20.11	1.625	>
20.23		64.59	4.20	0.423	>
20.23		213.39	-9.34	0.320	>
20.23		86.27	-87.32	0.986	>
20.23		94.11	48.76	0.254	>
20.23	20.24	250.05	-33.26	1.570	>
20.24		7.86	-0.47	0.241	>
20.24		13.88	67.65	1.151	>
20.24	20.25	302.88	3.35	2.105	>
20.25		203.45	-39.88	0.589	>
20.25		124.94	74.85	0.728	>
20.25		19.34	-51.96	0.456	>
20.25	20.26	267.02	31.57	2.597	>
20.26		275.95	-83.81	0.448	>
20.26		329.74	-88.24	0.451	>
20.26		220.30	-22.01	0.400	>
20.26		207.50	-25.05	0.394	>
20.26		27.26	6.53	0.448	>
20.27	20.26	143.64	-4.35	1.861	>
20.26		24.94	6.98	0.444	>
20.27		175.28	4.49	0.780	>
20.27		37.45	24.32	0.260	>
20.27		183.72	49.78	0.310	>

PLAN
STATIONS
-5.165	6.825	20.0
-8.601	6.330	20.1
-6.646	4.926	20.2
-4.091	0.343	20.3
-2.890	0.930	20.4
-2.708	-2.120	20.5
-3.538	-2.302	20.6
-5.803	-1.717	20.7
-1.767	1.461	20.8
0.703	2.777	20.9
-4.196	3.145	20.10
-7.149	6.123	20.11
-7.445	6.160	20.12
-6.830	9.076	20.13
-7.655	10.340	20.14
-3.628	7.353	20.15
-2.206	9.302	20.16
-2.410	9.627	20.17
-3.151	8.541	20.18
-4.901	7.137	20.19
-7.837	10.965	20.20
-6.809	11.852	20.21
-7.268	13.634	20.22
-8.415	14.641	20.23
-9.649	14.193	20.24
-11.414	15.334	20.25
-13.624	15.219	20.26
-14.724	16.713	20.27
7.634	4.337	20.16
-2.216	-4.570	20.4
-5.356	-3.330	20.7
13.799	9.071	20.4
SHOTS
-13.624	15.219	-14.724	16.713
-14.724	16.713	-14.660	15.938
-14.724	16.713	-14.580	16.901
-14.724	16.713	-14.737	16.513
-11.414	15.334	-13.624	15.219
-13.624	15.219	-13.672	15.224
-13.624	15.219	-13.631	15.231
-13.624	15.219	-13.864	14.936
-13.624	15.219	-13.789	14.902
-13.624	15.219	-13.420	15.615
-13.624	15.219	-13.438	15.619
-9.649	14.193	-11.414	15.334
-11.414	15.334	-11.594	14.919
-11.414	15.334	-11.258	15.225
-11.414	15.334	-11.321	15.599
-8.415	14.641	-9.649	14.193
-9.649	14.193	-9.616	14.432
-9.649	14.193	-9.544	14.618
-7.268	13.634	-8.415	14.641
-8.415	14.641	-8.034	14.822
-8.415	14.641	-8.589	14.377
-8.415	14.641	-8.369	14.644
-8.415	14.641	-8.248	14.629
-6.809	11.852	-7.268	13.634
-7.268	13.634	-8.117	13.455
-7.268	13.634	-7.452	13.537
-7.268	13.634	-7.130	13.802
-7.837	10.965	-6.809	11.852
-6.809	11.852	-7.110	12.076
-6.809	11.852	-6.439	12.263
-6.809	11.852	-6.861	12.065
-6.830	9.076	-7.837	10.965
-7.837	10.965	-7.396	11.452
-7.837	10.965	-7.463	10.727
-7.837	10.965	-7.747	11.002
-7.837	10.965	-7.584	11.279
-7.837	10.965	-7.359	11.468
-3.151	8.541	-4.901	7.137
-2.410	9.627	-3.151	8.541
-2.206	9.302	-2.410	9.627
-2.410	9.627	-2.632	9.641
-2.410	9.627	-2.816	9.736
-3.628	7.353	-2.206	9.302
-2.206	9.302	-2.643	9.524
-2.206	9.302	-2.264	9.379
-2.206	9.302	-2.246	10.398
-2.206	9.302	-2.296	10.473
-2.206	9.302	-4.435	9.747
-6.830	9.076	-3.628	7.353
-3.628	7.353	-5.125	8.660
-3.628	7.353	-3.701	7.403
-3.628	7.353	-3.635	7.444
-3.628	7.353	-4.974	6.045
-6.830	9.076	-7.655	10.340
-7.445	6.160	-6.830	9.076
-6.830	9.076	-6.803	8.784
-6.830	9.076	-6.865	9.112
-6.830	9.076	-7.388	8.838
-6.830	9.076	-7.072	7.606
-6.830	9.076	-8.372	6.547
-6.830	9.076	-9.631	7.960
-6.830	9.076	-8.389	9.897
-6.830	9.076	-8.860	12.344
-6.830	9.076	-8.016	13.184
-6.830	9.076	-5.783	11.962
-6.830	9.076	-4.290	12.353
-6.830	9.076	-3.550	10.657
-6.830	9.076	-2.389	9.678
-6.830	9.076	-5.164	8.842
-6.830	9.076	-5.619	7.881
-7.149	6.123	-7.445	6.160
-7.445	6.160	-7.628	6.049
-4.196	3.145	-7.149	6.123
-7.149	6.123	-6.622	6.121
-7.149	6.123	-7.535	5.384
-7.149	6.123	-7.084	6.128
-7.149	6.123	-7.269	6.700
0.703	2.777	-4.196	3.145
-4.196	3.145	-4.195	3.167
-4.196	3.145	-4.178	3.126
-4.196	3.145	-4.634	2.009
-4.196	3.145	-3.485	6.622
-4.196	3.145	-4.991	4.860
-4.196	3.145	-6.072	4.575
-1.767	1.461	0.703	2.777
0.703	2.777	0.140	0.070
0.703	2.777	2.096	1.423
0.703	2.777	2.354	4.156
0.703	2.777	0.835	3.974
0.703	2.777	0.434	2.870
0.703	2.777	1.762	2.983
0.703	2.777	0.595	2.773
-4.091	0.343	-1.767	1.461
-1.767	1.461	-2.128	2.359
-1.767	1.461	-1.165	0.294
-1.767	1.461	-1.794	1.512
-1.767	1.461	-1.991	2.080
-1.767	1.461	-2.277	1.505
-1.767	1.461	-2.626	0.808
-3.538	-2.302	-5.803	-1.717
-5.803	-1.717	-5.910	-2.108
-5.803	-1.717	-5.925	-1.905
-5.803	-1.717	-5.714	-1.932
-2.708	-2.120	-3.538	-2.302
-3.538	-2.302	-3.622	-2.207
-3.538	-2.302	-3.436	-1.968
-3.538	-2.302	-3.573	-2.253
-2.890	0.930	-2.708	-2.120
-2.708	-2.120	-2.013	-1.760
-2.708	-2.120	-3.193	-2.429
-2.708	-2.120	-2.861	-2.053
-2.708	-2.120	-2.862	-1.749
-4.091	0.343	-2.890	0.930
-2.890	0.930	-3.740	0.696
-2.890	0.930	-2.605	0.919
-2.890	0.930	-2.893	0.628
-2.890	0.930	-2.864	0.781
-6.646	4.926	-4.091	0.343
-4.091	0.343	-4.009	1.261
-4.091	0.343	-4.290	0.700
-4.091	0.343	-4.310	1.351
-8.601	6.330	-6.646	4.926
-6.646	4.926	-7.494	4.622
-6.646	4.926	-6.641	4.894
-6.646	4.926	-7.153	4.796
-6.646	4.926	-6.421	5.020
-6.646	4.926	-7.988	3.783
-5.165	6.825	-8.601	6.330
-5.165	6.825	-5.165	6.825
7.634	4.337	7.150	4.264	
7.634	4.337	7.542	3.246	
7.634	4.337	6.955	4.676	
7.634	4.337	6.871	3.054	
7.634	4.337	5.571	1.890	
-2.216	-4.570	-1.585	-4.646	
-2.216	-4.570	-2.350	-4.455	
-2.216	-4.570	-1.954	-3.857	
-2.216	-4.570	-2.100	-5.117	
-5.356	-3.330	-5.761	-3.339	
-5.356	-3.330	-5.568	-3.105	
-5.356	-3.330	-5.542	-3.675	
13.799	9.071	14.430	8.995	
13.799	9.071	13.665	9.186	
13.799	9.071	14.061	9.784	
13.799	9.071	13.915	8.524	
POLYLINE BLACK
-13.425	15.612
-13.455	15.624
-13.479	15.624
-13.515	15.648
-13.545	15.648
-13.545	15.654
-13.617	15.684
-13.653	15.708
-13.665	15.708
-13.695	15.726
-13.695	15.732
-13.707	15.732
-13.707	15.738
-13.719	15.738
-13.719	15.744
-13.725	15.744
-13.725	15.750
-13.737	15.750
-13.791	15.780
-13.791	15.786
-13.803	15.786
-13.803	15.792
-13.815	15.798
-13.827	15.810
-13.839	15.810
-13.857	15.828
-13.857	15.834
-13.863	15.834
-13.863	15.864
-13.875	15.864
-13.899	15.888
-13.911	15.894
-13.917	15.906
-13.935	15.918
-13.941	15.918
-13.953	15.954
-13.989	15.978
-13.989	15.990
-14.013	16.014
-14.025	16.014
-14.025	16.020
-14.031	16.020
-14.031	16.026
-14.037	16.026
-14.037	16.044
-14.049	16.050
-14.049	16.056
-14.061	16.056
-14.067	16.074
-14.073	16.074
-14.103	16.104
-14.115	16.104
-14.121	16.116
-14.127	16.116
-14.127	16.122
-14.139	16.122
-14.145	16.134
-14.157	16.140
-14.163	16.158
-14.169	16.158
-14.169	16.164
-14.181	16.170
-14.193	16.194
-14.205	16.230
-14.211	16.230
-14.211	16.236
-14.217	16.236
-14.217	16.266
-14.223	16.266
-14.223	16.272
-14.265	16.314
-14.265	16.320
-14.271	16.320
-14.271	16.326
-14.277	16.326
-14.289	16.338
-14.289	16.350
-14.301	16.362
-14.325	16.404
-14.325	16.422
-14.337	16.440
-14.337	16.452
-14.343	16.452
-14.343	16.464
-14.367	16.512
-14.373	16.512
-14.379	16.530
-14.385	16.530
-14.385	16.542
-14.391	16.542
-14.391	16.572
-14.397	16.590
-14.403	16.590
-14.403	16.608
-14.415	16.626
-14.415	16.644
-14.427	16.674
-14.433	16.674
-14.439	16.692
-14.445	16.692
-14.445	16.704
-14.451	16.704
-14.451	16.710
-14.457	16.710
-14.457	16.716
-14.463	16.716
-14.463	16.734
-14.469	16.734
-14.469	16.752
-14.481	16.758
-14.481	16.770
-14.487	16.770
-14.487	16.776
-14.493	16.776
-14.493	16.782
-14.499	16.782
-14.499	16.788
-14.511	16.788
-14.511	16.794
-14.523	16.794
-14.559	16.830
-14.559	16.908
POLYLINE BLACK
-14.661	15.936
-14.661	15.876
-14.655	15.876
-14.655	15.864
-14.649	15.864
-14.643	15.852
-14.589	15.798
-14.589	15.780
-14.583	15.780
-14.583	15.756
-14.577	15.756
-14.577	15.738
-14.571	15.738
-14.571	15.720
-14.565	15.720
-14.565	15.702
-14.535	15.672
-14.535	15.666
-14.529	15.666
-14.529	15.660
-14.517	15.660
-14.517	15.654
-14.511	15.654
-14.511	15.642
-14.493	15.618
-14.493	15.612
-14.487	15.612
-14.487	15.600
-14.481	15.600
-14.481	15.540
-14.475	15.522
-14.469	15.522
-14.469	15.510
-14.451	15.486
-14.451	15.480
-14.445	15.480
-14.445	15.468
-14.433	15.462
-14.427	15.444
-14.421	15.444
-14.421	15.438
-14.415	15.438
-14.409	15.426
-14.403	15.426
-14.403	15.420
-14.397	15.420
-14.361	15.384
-14.301	15.348
-14.301	15.330
-14.295	15.312
-14.289	15.312
-14.289	15.306
-14.277	15.300
-14.271	15.282
-14.265	15.282
-14.265	15.276
-14.259	15.276
-14.259	15.270
-14.235	15.246
-14.181	15.216
-14.175	15.204
-14.169	15.186
-14.163	15.186
-14.163	15.168
-14.157	15.168
-14.157	15.156
-14.133	15.126
-14.127	15.108
-14.097	15.090
-14.097	15.078
-14.091	15.078
-14.085	15.066
-14.031	15.018
-14.019	15.012
-13.983	14.994
-13.953	14.994
-13.953	14.988
-13.947	14.988
-13.947	14.982
-13.935	14.982
-13.935	14.976
-13.929	14.976
-13.929	14.970
-13.923	14.970
-13.923	14.964
-13.905	14.964
-13.905	14.958
-13.899	14.958
-13.899	14.952
-13.887	14.952
-13.887	14.946
-13.875	14.946
-13.857	14.934
-13.797	14.934
-13.779	14.940
-13.761	14.940
-13.761	14.916
POLYLINE BLACK
-13.773	14.910
-13.749	14.910
-13.749	14.904
-13.713	14.904
-13.677	14.916
-13.605	14.916
-13.605	14.922
-13.569	14.928
-13.569	14.934
-13.545	14.934
-13.509	14.946
-13.479	14.946
-13.479	14.952
-13.449	14.958
-13.431	14.958
-13.419	14.964
-13.407	14.964
-13.389	14.970
-13.353	14.970
-13.335	14.976
-13.299	14.976
-13.281	14.982
-13.239	14.982
-13.215	14.988
-13.203	14.988
-13.185	14.994
-13.161	14.994
-13.131	15.006
-13.083	15.006
-13.047	15.012
-13.029	15.012
-13.011	15.024
-12.987	15.024
-12.987	15.030
-12.897	15.030
-12.867	15.036
-12.753	15.036
-12.723	15.030
-12.669	15.030
-12.651	15.024
-12.597	15.024
-12.585	15.012
-12.525	15.012
-12.525	15.006
-12.513	15.006
-12.513	15.000
-12.447	15.000
-12.429	14.994
-12.429	14.988
-12.387	14.982
-12.351	14.982
-12.333	14.976
-12.273	14.958
-12.099	14.958
-12.075	14.946
-12.075	14.940
-11.901	14.940
-11.871	14.922
-11.865	14.922
-11.865	14.916
-11.691	14.916
-11.691	14.910
-11.655	14.910
-11.643	14.904
-11.631	14.904
-11.631	14.898
-11.577	14.898
-11.547	14.892
-11.535	14.892
-11.535	14.886
-11.529	14.886
-11.529	14.874
-11.505	14.868
-11.505	14.862
-11.493	14.862
POLYLINE BLACK
-11.853	15.527
-11.833	15.547
-11.793	15.547
-11.753	15.557
-11.733	15.557
POLYLINE BLACK
-12.223	15.207
-12.133	15.247
-12.083	15.247
-12.023	15.267
-12.003	15.257
POLYLINE BLACK
-12.523	15.377
-12.433	15.407
-12.273	15.457
POLYLINE BLACK
-12.933	15.147
-12.803	15.157
-12.723	15.177
-12.653	15.177
-12.633	15.187
POLYLINE BLACK
-13.393	15.417
-13.373	15.397
-13.353	15.407
-13.313	15.397
-13.253	15.397
-13.233	15.407
POLYLINE BLACK
-14.123	15.497
-14.043	15.517
-14.023	15.507
-13.973	15.517
-13.933	15.507
POLYLINE BLACK
-11.373	15.667
-11.373	15.647
-11.413	15.657
-11.433	15.677
-11.453	15.667
-11.473	15.677
-11.513	15.667
-11.573	15.687
-11.633	15.687
-11.653	15.697
-11.733	15.677
-11.813	15.677
-11.913	15.647
-11.953	15.647
-11.973	15.627
-12.013	15.637
-12.053	15.607
-12.093	15.617
-12.213	15.577
-12.273	15.567
-12.293	15.547
-12.333	15.547
-12.393	15.527
-12.433	15.517
-12.453	15.497
-12.483	15.497
-12.543	15.467
-12.583	15.477
-12.643	15.457
-12.663	15.457
-12.683	15.437
-12.723	15.447
-12.763	15.447
-12.803	15.437
-12.843	15.437
-12.863	15.447
-12.883	15.437
-12.923	15.447
-12.963	15.447
-13.003	15.467
-13.023	15.457
-13.133	15.487
-13.153	15.507
-13.193	15.507
-13.253	15.527
-13.293	15.567
-13.393	15.587
-13.433	15.607
POLYLINE BLACK
-11.417	15.776
POLYLINE BLACK
-11.366	15.648
-11.359	15.620
-11.373	15.613
POLYLINE BLACK
-10.561	14.969
-10.526	14.969
-10.512	14.976
POLYLINE BLACK
-10.358	14.822
-10.344	14.815
-10.323	14.822
POLYLINE BLACK
-10.029	14.395
-9.994	14.402
-9.973	14.395
-9.945	14.402
-9.931	14.395
POLYLINE BLACK
-10.344	14.535
-10.295	14.535
-10.232	14.556
-10.218	14.570
-10.204	14.570
POLYLINE BLACK
-10.575	14.626
-10.540	14.633
-10.505	14.647
-10.491	14.647
-10.463	14.661
POLYLINE BLACK
-10.722	14.759
-10.624	14.822
-10.603	14.850
POLYLINE BLUE
-10.955	15.399
-10.945	15.374
-10.925	15.204
-10.905	15.064
-10.895	14.944
POLYLINE BLUE
-11.110	15.479
-11.100	15.459
-11.095	15.344
-11.080	15.134
-11.065	14.999
-11.060	14.944
-11.060	14.899
-11.065	14.869
-11.065	14.814
POLYLINE BLUE
-11.225	15.519
-11.225	15.494
-11.230	15.479
-11.230	14.869
-11.225	14.824
POLYLINE BLUE
-11.345	15.604
-11.350	15.594
-11.355	15.509
-11.365	15.424
-11.370	15.339
-11.370	14.939
POLYLINE BLUE
-11.530	15.569
-11.535	15.479
-11.535	15.404
-11.525	15.204
POLYLINE BLUE
-11.580	14.994
-11.580	14.974
-11.585	14.994
-11.585	15.029
-11.590	15.054
-11.580	15.049
-11.550	15.004
-11.530	14.994
-11.520	14.979
-11.490	14.969
-11.455	14.929
-11.435	14.914
-11.410	14.884
-11.370	14.859
-11.350	14.844
-11.335	14.839
-11.315	14.824
-11.295	14.824
-11.275	14.809
-11.265	14.809
-11.230	14.789
-11.210	14.789
-11.180	14.779
-11.170	14.784
-11.165	14.774
-11.145	14.774
-11.140	14.764
-11.140	14.774
-11.140	14.774
-11.095	14.774
-11.065	14.794
-11.055	14.789
-11.025	14.809
-11.015	14.809
-10.995	14.819
-10.985	14.819
-10.955	14.834
-10.945	14.834
-10.935	14.844
-10.925	14.844
-10.890	14.884
-10.840	14.949
-10.805	14.994
-10.805	15.004
-10.795	15.014
-10.795	15.034
-10.790	15.044
-10.790	15.089
-10.795	15.099
-10.795	15.114
-10.825	15.229
-10.865	15.299
-10.875	15.309
-10.880	15.324
-10.945	15.384
-10.965	15.399
-10.980	15.404
-11.020	15.434
-11.055	15.449
-11.065	15.459
-11.080	15.464
-11.135	15.509
-11.205	15.544
-11.215	15.554
-11.230	15.559
-11.240	15.569
-11.280	15.584
-11.300	15.599
-11.310	15.599
-11.370	15.619
-11.395	15.619
POLYLINE BLUE
-11.560	15.009
-11.560	14.999
-11.580	15.009
-11.595	15.029
-11.600	15.044
-11.615	15.064
-11.630	15.099
-11.630	15.109
-11.640	15.134
-11.640	15.154
-11.645	15.179
-11.645	15.289
-11.650	15.299
-11.650	15.344
-11.635	15.399
-11.630	15.414
-11.630	15.429
-11.625	15.454
-11.615	15.469
-11.615	15.479
-11.585	15.504
-11.580	15.514
-11.570	15.514
-11.520	15.554
-11.500	15.554
-11.460	15.584
-11.450	15.579
-11.420	15.594
-11.400	15.594
-11.390	15.599
POLYLINE BLACK
-11.295	15.594
-11.290	15.604
-11.280	15.604
-11.240	15.594
-11.215	15.589
-11.195	15.584
-11.160	15.579
-11.100	15.554
-11.090	15.554
-11.080	15.544
-11.070	15.544
-11.045	15.534
-11.035	15.534
-11.015	15.529
-10.985	15.509
-10.975	15.509
-10.930	15.479
-10.905	15.469
-10.845	15.409
-10.835	15.404
-10.825	15.389
-10.785	15.354
-10.745	15.314
-10.730	15.309
-10.705	15.289
-10.695	15.274
-10.610	15.214
-10.580	15.189
-10.545	15.164
-10.505	15.129
-10.490	15.124
-10.460	15.099
-10.410	15.059
-10.380	15.039
-10.350	15.014
-10.305	14.989
-10.160	14.869
-10.045	14.764
-10.000	14.709
-9.970	14.674
-9.960	14.669
-9.950	14.654
-9.915	14.624
-9.875	14.584
-9.850	14.574
-9.820	14.539
-9.800	14.529
-9.785	14.509
-9.775	14.514
-9.755	14.494
-9.745	14.494
-9.725	14.479
-9.705	14.479
-9.665	14.459
-9.655	14.459
-9.645	14.449
-9.635	14.454
POLYLINE BLACK
-9.665	14.199
-9.655	14.174
-9.685	14.189
-9.695	14.189
-9.705	14.194
-9.745	14.194
-9.765	14.199
-9.790	14.204
-9.810	14.214
-9.820	14.214
-9.840	14.224
-9.865	14.229
-9.885	14.234
-9.895	14.234
-9.940	14.249
-9.950	14.249
-9.975	14.259
-9.985	14.259
-9.995	14.264
-10.010	14.264
-10.045	14.279
-10.065	14.279
-10.085	14.284
-10.095	14.284
-10.115	14.294
-10.150	14.299
-10.195	14.319
-10.220	14.324
-10.260	14.339
-10.275	14.339
-10.330	14.359
-10.340	14.359
-10.420	14.389
-10.440	14.404
-10.480	14.424
-10.495	14.424
-10.515	14.439
-10.530	14.444
-10.590	14.484
-10.655	14.514
-10.685	14.534
-10.710	14.539
-10.750	14.559
-10.830	14.589
-10.870	14.609
-10.885	14.609
-10.895	14.619
-10.975	14.654
-10.985	14.654
-11.015	14.674
-11.025	14.674
-11.065	14.694
-11.075	14.704
-11.090	14.704
-11.195	14.749
-11.230	14.749
-11.275	14.774
-11.290	14.774
-11.335	14.799
-11.350	14.799
-11.385	14.814
-11.410	14.819
-11.475	14.849
-11.485	14.849
-11.505	14.864
-11.530	14.864
-11.560	14.874
POLYLINE BLACK
-9.676	14.924
POLYLINE BLACK
-9.565	14.348
-9.556	14.348
-9.550	14.351
-9.538	14.348
-9.517	14.351
-9.511	14.351
POLYLINE BLACK
-9.592	14.231
-9.586	14.228
-9.526	14.228
POLYLINE BLACK
-8.809	14.450
-8.776	14.450
-8.770	14.453
-8.764	14.453
-8.758	14.450
POLYLINE BLACK
-8.947	14.465
-8.935	14.465
-8.911	14.471
-8.905	14.468
-8.899	14.471
POLYLINE BLACK
-9.010	14.354
-9.010	14.348
-8.974	14.366
-8.962	14.366
-8.950	14.372
POLYLINE BLACK
-9.169	14.312
-9.124	14.336
POLYLINE BLACK
-9.259	14.351
-9.223	14.369
-9.217	14.369
POLYLINE BLACK
-9.382	14.261
-9.376	14.261
-9.367	14.258
-9.346	14.264
-9.337	14.264
-9.322	14.267
-9.307	14.273
-9.301	14.273
-9.295	14.276
-9.289	14.276
POLYLINE BLACK
-9.607	14.426
-9.604	14.420
-9.598	14.417
-9.586	14.417
-9.559	14.402
-9.547	14.402
-9.535	14.396
-9.514	14.396
-9.493	14.390
-9.484	14.390
-9.478	14.387
-9.463	14.387
-9.457	14.390
-9.451	14.390
-9.445	14.387
-9.436	14.387
-9.430	14.390
-9.373	14.390
-9.361	14.396
-9.337	14.396
-9.322	14.399
-9.310	14.408
-9.304	14.405
-9.286	14.405
-9.280	14.408
-9.271	14.408
-9.259	14.414
-9.253	14.414
-9.247	14.417
-9.238	14.417
-9.226	14.423
-9.214	14.423
-9.172	14.441
-9.163	14.441
-9.130	14.456
-9.124	14.462
-9.100	14.471
-9.076	14.483
-9.061	14.489
-9.055	14.489
-9.028	14.504
-9.010	14.504
-8.995	14.513
-8.989	14.513
-8.956	14.528
-8.950	14.528
-8.944	14.531
-8.935	14.531
-8.905	14.546
-8.899	14.546
-8.884	14.552
-8.878	14.552
-8.857	14.561
-8.851	14.561
-8.845	14.564
-8.836	14.564
-8.830	14.567
-8.824	14.567
-8.791	14.582
-8.779	14.582
-8.764	14.585
-8.752	14.594
-8.728	14.594
-8.698	14.609
-8.692	14.609
-8.674	14.618
-8.668	14.618
-8.656	14.624
POLYLINE BLACK
-9.022	15.035
POLYLINE BLACK
-8.806	14.402
-8.797	14.387
-8.797	14.381
-8.821	14.369
-8.836	14.369
-8.839	14.363
-8.845	14.363
-8.851	14.360
-8.860	14.360
-8.875	14.351
-8.881	14.351
-8.887	14.348
-8.893	14.348
-8.926	14.333
-8.932	14.333
-8.938	14.330
-8.944	14.330
-8.965	14.324
-8.977	14.315
-8.983	14.315
-8.989	14.312
-8.995	14.312
-9.025	14.297
-9.034	14.297
-9.046	14.288
-9.052	14.288
-9.076	14.270
-9.091	14.264
-9.100	14.264
-9.136	14.246
-9.142	14.246
-9.172	14.234
-9.178	14.228
-9.202	14.219
-9.208	14.219
-9.235	14.207
-9.244	14.207
-9.256	14.198
-9.280	14.192
-9.292	14.186
-9.316	14.183
-9.322	14.180
-9.334	14.180
-9.340	14.177
-9.352	14.177
-9.358	14.174
-9.367	14.174
-9.373	14.171
-9.382	14.171
-9.388	14.168
-9.397	14.168
-9.418	14.162
-9.451	14.162
-9.463	14.156
-9.493	14.156
-9.499	14.159
-9.505	14.156
-9.514	14.159
-9.520	14.156
-9.556	14.156
-9.562	14.159
-9.568	14.159
-9.574	14.162
-9.589	14.162
-9.595	14.165
-9.601	14.165
-9.607	14.168
-9.613	14.165
-9.619	14.168
-9.628	14.168
-9.634	14.171
-9.640	14.171
-9.652	14.180
-9.658	14.183
POLYLINE BLACK
-8.581	14.426
-8.575	14.417
-8.581	14.414
-8.623	14.414
-8.629	14.417
-8.656	14.417
-8.662	14.414
-8.674	14.414
-8.680	14.411
-8.695	14.414
-8.707	14.405
-8.713	14.405
-8.719	14.402
-8.725	14.402
-8.740	14.396
-8.746	14.396
-8.752	14.390
-8.779	14.378
-8.791	14.378
POLYLINE BLUE
-7.849	14.232
-7.829	14.132
-7.814	14.112
-7.784	14.097
-7.754	14.097
-7.744	14.092
POLYLINE BLUE
-7.889	14.202
-7.889	14.182
-7.884	14.172
-7.884	14.157
-7.879	14.137
-7.879	14.127
-7.864	14.157
-7.864	14.172
-7.859	14.192
-7.864	14.202
-7.864	14.182
-7.874	14.147
-7.874	14.137
-7.884	14.112
-7.884	14.092
-7.884	14.092
-7.884	14.102
-7.874	14.142
-7.874	14.202
-7.854	14.217
-7.819	14.207
-7.754	14.202
-7.734	14.202
-7.724	14.197
POLYLINE BLUE
-7.859	14.202
-7.864	14.222
POLYLINE BLUE
-7.884	14.057
-7.824	14.172
POLYLINE BLUE
-7.639	13.957
-7.619	13.972
-7.619	13.982
-7.614	13.992
-7.614	14.052
-7.619	14.072
-7.629	14.082
-7.634	14.097
-7.644	14.107
-7.669	14.117
-7.694	14.122
-7.724	14.107
-7.734	14.107
-7.764	14.087
-7.794	14.077
-7.864	14.142
POLYLINE BLUE
-7.449	13.652
-7.449	13.672
-7.429	13.702
-7.409	13.707
-7.389	13.697
-7.379	13.697
POLYLINE BLUE
-7.239	13.407
-7.229	13.442
-7.229	13.472
-7.224	13.482
-7.224	13.542
-7.229	13.552
-7.229	13.577
-7.249	13.607
-7.269	13.622
-7.279	13.622
-7.319	13.612
-7.329	13.602
-7.374	13.602
-7.394	13.617
-7.424	13.662
POLYLINE BLUE
-7.184	12.832
-7.184	12.842
-7.149	12.882
-7.129	12.897
-7.109	12.887
-7.059	12.832
POLYLINE BLUE
-7.099	12.477
-7.084	12.482
-7.059	12.512
-7.039	12.572
-7.054	12.622
-7.059	12.632
-7.114	12.652
-7.134	12.672
-7.134	12.682
-7.144	12.722
-7.144	12.752
-7.104	12.827
POLYLINE BLUE
-7.109	11.867
-7.044	11.922
-7.024	11.932
-6.999	11.922
-6.964	11.872
POLYLINE BLUE
-7.044	11.557
-7.034	11.557
-7.004	11.582
-6.984	11.612
-6.979	11.647
-6.979	11.672
-6.984	11.697
-7.014	11.737
-7.044	11.762
-7.049	11.772
-7.049	11.787
-7.054	11.807
-7.044	11.852
-7.029	11.877
-7.019	11.882
POLYLINE BLACK
-8.069	14.472
-8.069	14.462
-8.089	14.422
-8.129	14.347
-8.129	14.327
-8.119	14.332
-8.099	14.327
-8.029	14.327
-8.019	14.322
-8.004	14.322
-8.004	14.352
-8.014	14.367
-8.024	14.402
-8.044	14.447
-8.054	14.457
-8.054	14.472
-8.064	14.482
-8.064	14.492
POLYLINE BLACK
-7.694	14.052
-7.699	14.027
-7.744	13.942
-7.759	13.902
-7.759	13.892
-7.739	13.892
-7.719	13.897
-7.694	13.902
-7.659	13.917
-7.649	13.917
-7.689	13.997
-7.719	14.037
-7.739	14.052
POLYLINE BLACK
-7.364	13.772
-7.359	13.762
-7.379	13.717
-7.404	13.687
-7.414	13.662
-7.414	13.652
-7.399	13.652
-7.389	13.657
-7.369	13.652
-7.314	13.647
-7.314	13.662
-7.369	13.792
-7.379	13.797
POLYLINE BLACK
-7.199	13.247
-7.194	13.232
-7.229	13.207
-7.254	13.177
-7.264	13.157
-7.254	13.157
-7.224	13.142
-7.184	13.137
-7.164	13.137
-7.139	13.132
-7.139	13.142
-7.184	13.242
POLYLINE BLACK
-7.114	12.812
-7.114	12.822
-7.159	12.742
-7.174	12.692
-7.174	12.682
-7.169	12.672
-7.149	12.662
-7.094	12.662
-7.074	12.692
-7.069	12.717
-7.069	12.742
-7.079	12.787
-7.079	12.802
-7.089	12.822
-7.089	12.832
-7.094	12.842
POLYLINE BLACK
-7.029	12.252
-7.059	12.187
-7.094	12.137
-7.089	12.127
-7.039	12.102
-7.004	12.097
-6.984	12.092
-6.974	12.097
-6.969	12.117
-6.999	12.177
-7.039	12.227
POLYLINE BLACK
-7.084	11.647
-7.179	11.502
-7.104	11.462
-7.069	11.447
-7.044	11.447
-7.034	11.442
-7.014	11.452
-7.009	11.467
-7.014	11.507
-7.029	11.547
-7.094	11.632
POLYLINE BLACK
-7.154	13.847
-7.139	13.827
-7.144	13.837
-7.159	13.842
-7.179	13.862
-7.194	13.867
-7.254	13.927
-7.279	13.957
-7.289	13.962
-7.304	13.962
-7.344	14.002
-7.394	14.042
-7.409	14.047
-7.449	14.102
-7.459	14.112
-7.469	14.112
-7.489	14.147
-7.519	14.182
-7.584	14.272
-7.644	14.342
-7.674	14.397
-7.684	14.407
-7.689	14.422
-7.739	14.482
-7.764	14.512
-7.824	14.587
-7.834	14.592
-7.859	14.627
-7.869	14.637
-7.874	14.652
-7.899	14.682
-7.914	14.702
-7.924	14.727
-7.939	14.747
-7.959	14.762
-7.969	14.787
-8.009	14.817
-8.039	14.837
-8.049	14.842
POLYLINE BLACK
-8.439	14.347
-8.579	14.417
POLYLINE BLACK
-7.569	13.672
-7.569	13.652
-7.614	13.672
-7.644	13.697
-7.654	13.697
-7.679	13.717
-7.699	13.727
-7.709	13.742
-7.739	13.762
-7.769	13.787
-7.779	13.802
-7.809	13.822
-7.844	13.862
-7.874	13.882
-7.879	13.892
-7.909	13.917
-7.914	13.927
-7.949	13.947
-7.964	13.967
-7.994	13.987
-7.999	13.997
-8.009	14.002
-8.019	14.022
-8.029	14.027
-8.034	14.037
-8.044	14.037
-8.054	14.062
-8.099	14.092
-8.104	14.102
-8.114	14.102
-8.124	14.107
-8.139	14.127
-8.179	14.157
-8.209	14.177
-8.224	14.197
-8.249	14.202
-8.259	14.212
-8.269	14.207
-8.319	14.237
-8.334	14.257
-8.344	14.257
-8.374	14.282
-8.389	14.302
-8.409	14.302
-8.419	14.312
-8.419	14.302
-8.424	14.312
-8.434	14.312
-8.444	14.317
POLYLINE BLACK
-7.439	13.487
-7.449	13.492
-7.449	13.502
-7.454	13.522
-7.489	13.577
-7.519	13.617
-7.524	13.627
-7.574	13.667
-7.584	13.672
POLYLINE BLACK
-7.104	13.657
-7.104	13.732
-7.109	13.752
-7.109	13.782
-7.119	13.812
POLYLINE BLACK
-6.799	11.862
-6.774	11.797
-6.774	11.812
-6.779	11.822
-6.774	11.832
-6.779	11.842
-6.779	11.867
-6.799	11.987
-6.799	12.022
-6.809	12.067
-6.829	12.122
-6.859	12.242
-6.884	12.337
-6.894	12.392
-6.909	12.442
-6.919	12.492
-6.919	12.512
-6.934	12.572
-6.934	12.597
-6.939	12.607
-6.939	12.632
-6.944	12.642
-6.944	12.662
-6.949	12.682
-6.949	12.712
-6.959	12.762
-6.959	12.792
-6.969	12.832
-6.969	12.857
-6.994	12.992
-6.994	13.022
-6.999	13.032
-7.004	13.092
-7.004	13.122
-7.014	13.157
-7.014	13.192
-7.019	13.212
-7.024	13.282
-7.034	13.302
-7.034	13.327
-7.039	13.347
-7.039	13.367
-7.064	13.417
-7.069	13.462
-7.069	13.542
-7.074	13.552
-7.074	13.577
-7.084	13.597
-7.084	13.607
-7.099	13.627
-7.109	13.652
-7.129	13.667
POLYLINE BLACK
-7.164	12.107
-7.149	12.052
-7.139	12.052
-7.129	12.072
-7.129	12.097
-7.124	12.127
-7.124	12.162
-7.129	12.182
-7.129	12.207
-7.134	12.227
-7.134	12.247
-7.139	12.267
-7.154	12.332
-7.159	12.377
-7.174	12.442
-7.179	12.482
-7.194	12.522
-7.199	12.532
-7.199	12.547
-7.214	12.592
-7.214	12.607
-7.224	12.657
-7.229	12.697
-7.244	12.797
-7.259	12.872
-7.259	12.887
-7.279	12.997
-7.279	13.017
-7.294	13.077
-7.294	13.092
-7.299	13.102
-7.299	13.127
-7.304	13.137
-7.304	13.152
-7.314	13.187
-7.314	13.197
-7.334	13.252
-7.349	13.287
-7.374	13.317
-7.374	13.332
-7.409	13.382
-7.419	13.387
-7.419	13.397
-7.439	13.437
-7.439	13.457
-7.444	13.477
-7.444	13.492
-7.449	13.512
POLYLINE BLACK
-7.138	11.985
-7.131	11.950
-7.131	11.999
-7.138	12.027
-7.138	12.041
-7.131	12.069
POLYLINE BLACK
-7.565	11.362
-7.565	11.348
-7.481	11.481
-7.446	11.537
-7.348	11.621
-7.292	11.663
-7.250	11.698
-7.208	11.754
-7.201	11.775
-7.166	11.817
-7.145	11.859
-7.145	11.873
-7.131	11.929
-7.131	11.957
-7.124	11.971
-7.124	11.992
POLYLINE BLACK
-7.257	10.865
-7.257	10.851
-7.229	10.921
-7.194	10.998
-7.124	11.061
-7.075	11.124
-7.026	11.159
-7.019	11.173
-6.998	11.187
-6.935	11.271
-6.837	11.467
-6.837	11.481
-6.809	11.558
-6.809	11.586
-6.795	11.642
-6.795	11.656
-6.788	11.670
-6.788	11.691
-6.746	11.845
POLYLINE RED
-7.299	11.600
POLYLINE BROWN
-7.615	11.211
POLYLINE BROWN
-7.413	10.755
-7.405	10.761
-7.399	10.771
-7.385	10.817
-7.379	10.849
-7.373	10.873
-7.369	10.899
POLYLINE BROWN
-7.545	10.903
-7.533	10.915
-7.505	10.959
-7.493	10.973
-7.483	10.991
POLYLINE BROWN
-7.551	11.051
-7.539	11.047
-7.457	11.091
POLYLINE BROWN
-7.585	11.195
-7.577	11.197
-7.547	11.197
-7.497	11.207
-7.485	11.207
-7.481	11.209
-7.473	11.209
-7.469	11.211
POLYLINE BROWN
-7.499	11.393
-7.487	11.381
-7.483	11.371
-7.481	11.353
-7.471	11.315
-7.459	11.285
POLYLINE BROWN
-7.389	11.459
-7.385	11.441
-7.371	11.409
-7.361	11.363
-7.357	11.361
POLYLINE BROWN
-7.343	11.371
-7.319	11.407
-7.321	11.423
-7.319	11.431
-7.315	11.441
POLYLINE BROWN
-7.307	11.231
-7.281	11.259
-7.259	11.271
POLYLINE BROWN
-7.309	11.095
-7.291	11.101
-7.243	11.121
-7.237	11.121
-7.233	11.125
-7.225	11.127
POLYLINE BROWN
-7.299	10.969
-7.253	10.957
-7.245	10.953
POLYLINE BROWN
-7.341	10.857
-7.305	10.771
-7.301	10.761
POLYLINE BROWN
-7.567	11.339
-7.553	11.317
-7.565	11.315
-7.569	11.311
-7.573	11.313
-7.573	11.309
-7.581	11.307
-7.589	11.299
-7.595	11.271
-7.599	11.231
-7.599	11.215
-7.601	11.197
-7.601	11.181
-7.595	11.147
-7.559	11.083
-7.553	11.055
-7.547	11.037
-7.545	11.007
-7.533	10.953
-7.529	10.945
-7.525	10.911
-7.523	10.897
-7.507	10.859
-7.507	10.851
-7.501	10.837
-7.501	10.827
-7.493	10.793
-7.477	10.773
-7.463	10.763
-7.459	10.763
-7.443	10.753
-7.437	10.753
-7.427	10.747
-7.419	10.745
-7.411	10.743
-7.403	10.741
-7.389	10.737
-7.373	10.739
-7.361	10.739
-7.339	10.747
-7.333	10.751
-7.325	10.753
-7.307	10.759
-7.303	10.759
-7.285	10.775
-7.269	10.791
-7.251	10.819
-7.251	10.823
-7.245	10.833
-7.239	10.851
-7.233	10.887
-7.233	10.919
-7.229	10.937
-7.229	10.957
-7.225	10.975
-7.219	11.021
-7.215	11.041
-7.213	11.059
-7.211	11.067
-7.211	11.109
-7.215	11.131
-7.217	11.139
-7.227	11.161
-7.245	11.191
POLYLINE BROWN
-7.585	11.311
-7.583	11.307
-7.573	11.305
-7.523	11.331
-7.491	11.357
-7.465	11.383
-7.449	11.409
-7.389	11.467
-7.371	11.473
-7.367	11.473
-7.363	11.477
-7.347	11.477
-7.339	11.479
-7.323	11.477
-7.313	11.465
-7.313	11.459
-7.307	11.437
-7.301	11.419
-7.293	11.371
-7.271	11.293
-7.265	11.279
-7.265	11.273
-7.259	11.261
-7.257	11.251
-7.251	11.241
-7.233	11.183
-7.231	11.179
POLYLINE BROWN
-6.726	10.906
POLYLINE BROWN
-7.896	10.264
-7.886	10.264
-7.876	10.269
-7.821	10.269
-7.791	10.279
POLYLINE BROWN
-9.346	14.464
POLYLINE BROWN
-5.956	13.009
POLYLINE BROWN
-7.606	11.794
-7.561	11.614
-7.546	11.584
POLYLINE BROWN
7.234	3.467
7.114	3.347
6.994	3.227
7.034	3.207
7.174	3.247
7.334	3.247
7.394	3.307
7.314	3.327
7.274	3.327
7.114	3.467
POLYLINE BROWN
5.674	3.047
5.474	2.847
POLYLINE BROWN
6.334	3.667
6.334	3.607
6.354	3.567
6.294	3.527
6.254	3.527
6.114	3.427
6.094	3.387
POLYLINE BROWN
6.254	2.367
6.094	2.207
POLYLINE BROWN
6.734	2.787
6.694	2.747
6.614	2.727
6.434	2.627
6.394	2.627
POLYLINE BROWN
6.814	2.867
7.154	3.107
7.434	3.107
7.674	3.187
7.734	3.347
7.834	3.907
7.794	4.067
7.634	4.407
7.614	4.647
7.634	4.727
7.634	5.067
7.654	5.147
7.654	5.407
7.634	5.487
7.634	5.727
7.614	5.827
7.574	6.027
7.574	6.127
7.554	6.207
7.534	6.367
7.534	7.147
7.514	7.227
7.514	7.407
7.494	7.487
7.494	7.587
7.474	7.667
7.474	7.747
7.434	7.867
7.434	7.927
7.374	8.087
7.234	8.267
7.194	8.287
POLYLINE BROWN
7.054	4.347
6.854	3.967
6.634	3.727
6.554	3.707
POLYLINE BROWN
6.854	8.207
6.774	8.187
6.674	8.067
6.654	7.987
6.654	7.747
6.694	7.527
6.694	7.467
6.754	7.287
6.754	7.207
6.774	7.127
6.794	6.947
6.774	6.867
6.754	6.667
6.754	6.087
6.774	5.967
6.794	5.787
6.874	5.447
6.914	5.327
6.914	5.267
6.974	5.147
6.974	5.087
7.114	4.767
7.114	4.587
7.134	4.507
7.134	4.407
7.154	4.367
POLYLINE BROWN
6.774	8.107
6.934	8.207
7.074	8.187
7.154	8.187
7.274	8.147
7.394	8.187
POLYLINE CONNECT
7.634	4.337
-2.206	9.302
POLYLINE BROWN
-2.980	8.881
-2.973	8.867
-3.057	8.748
-3.029	8.727
-2.938	8.699
-2.875	8.692
-2.812	8.699
-2.798	8.692
-2.798	8.706
-2.812	8.741
-2.889	8.839
-2.910	8.888
-2.952	8.916
-2.966	8.916
POLYLINE BROWN
-3.302	8.685
-3.309	8.664
-3.393	8.573
-3.414	8.566
-3.449	8.517
-3.449	8.503
-3.302	8.433
-3.288	8.433
-3.274	8.440
-3.274	8.496
-3.316	8.678
-3.316	8.692
-3.323	8.706
POLYLINE BROWN
-3.589	8.314
-3.596	8.279
-3.631	8.258
-3.715	8.153
-3.589	8.146
-3.554	8.146
-3.540	8.160
-3.547	8.209
-3.617	8.314
-3.645	8.342
POLYLINE BROWN
-2.126	10.400
-2.126	10.386
-2.112	10.372
-2.098	10.323
-2.098	10.295
-2.091	10.281
-2.091	9.966
-2.098	9.938
-2.098	9.784
-2.105	9.756
-2.112	9.693
-2.119	9.665
-2.119	9.651
-2.140	9.595
-2.140	9.581
-2.154	9.553
-2.154	9.539
-2.203	9.434
-2.217	9.420
-2.217	9.406
-2.238	9.378
-2.245	9.343
-2.231	9.287
-2.231	9.259
POLYLINE BROWN
-2.322	10.484
-2.294	10.470
-2.259	10.463
-2.217	10.442
-2.175	10.407
-2.161	10.407
-2.133	10.386
-2.119	10.386
-2.091	10.344
-2.091	10.330
-2.084	10.316
POLYLINE BROWN
-2.546	10.512
-2.518	10.512
-2.504	10.498
-2.448	10.498
-2.413	10.484
-2.371	10.484
-2.343	10.477
-2.329	10.484
-2.301	10.477
-2.287	10.477
-2.259	10.470
-2.245	10.456
-2.224	10.456
-2.182	10.435
-2.168	10.435
-2.119	10.379
-2.105	10.379
POLYLINE BROWN
-4.793	9.140
-4.772	9.070
-4.744	9.084
-4.730	9.084
-4.702	9.105
-4.674	9.098
-4.646	9.098
-4.618	9.112
-4.555	9.112
-4.527	9.119
-4.492	9.119
-4.366	9.154
-4.317	9.161
-4.268	9.189
-4.240	9.189
-4.114	9.217
-4.100	9.217
-4.065	9.231
-4.051	9.231
-3.967	9.252
-3.946	9.252
-3.918	9.266
-3.869	9.273
-3.848	9.273
-3.799	9.287
-3.785	9.287
-3.771	9.280
-3.736	9.294
-3.673	9.301
-3.603	9.329
-3.589	9.329
-3.540	9.350
-3.526	9.350
-3.470	9.378
-3.442	9.378
-3.428	9.392
-3.414	9.392
-3.400	9.399
-3.386	9.392
-3.316	9.427
-3.302	9.420
-3.267	9.434
-3.253	9.434
-3.155	9.462
-3.141	9.476
POLYLINE BROWN
-5.234	9.007
-5.199	8.923
-5.185	8.909
-5.171	8.909
-5.108	8.951
-5.045	8.972
-5.003	9.000
-4.989	9.000
-4.947	9.028
-4.905	9.028
-4.891	9.042
-4.863	9.035
-4.835	9.042
-4.786	9.049
-4.758	9.056
POLYLINE BROWN
-3.085	9.168
-3.064	9.119
-3.050	9.119
-2.973	9.182
-2.917	9.273
-2.910	9.287
-2.903	9.336
-2.917	9.371
-2.917	9.385
-2.945	9.427
-2.973	9.448
-3.001	9.448
-3.071	9.469
-3.106	9.469
-3.162	9.455
POLYLINE BROWN
-4.534	8.643
-4.506	8.650
-4.478	8.650
-4.464	8.657
-4.387	8.657
-4.373	8.664
-4.352	8.664
-4.338	8.671
-4.324	8.664
-4.310	8.671
-4.282	8.664
-4.268	8.671
-4.254	8.664
-4.240	8.671
-4.226	8.664
-4.058	8.664
-3.988	8.657
-3.939	8.664
-3.911	8.678
-3.848	8.685
-3.834	8.692
-3.799	8.692
-3.729	8.727
-3.680	8.762
-3.652	8.776
-3.638	8.776
-3.589	8.804
-3.512	8.832
-3.484	8.860
-3.470	8.860
-3.428	8.881
-3.386	8.909
-3.316	8.944
-3.267	8.979
-3.253	8.979
-3.239	8.986
-3.218	9.014
-3.204	9.014
-3.162	9.049
-3.148	9.049
-3.092	9.077
-3.050	9.105
-3.043	9.119
-3.015	9.140
-3.001	9.140
-3.001	9.161
-2.987	9.175
POLYLINE BROWN
-3.629	7.293
-3.624	7.283
-3.624	7.293
-3.534	7.368
-3.449	7.498
-3.449	7.508
-3.414	7.563
-3.379	7.623
-3.314	7.708
-3.269	7.743
-3.184	7.858
-3.169	7.888
-3.159	7.898
-3.139	7.943
-3.109	7.983
-3.104	7.998
-3.074	8.033
-3.064	8.053
-2.984	8.138
-2.944	8.168
-2.924	8.193
-2.884	8.228
-2.859	8.278
-2.819	8.333
-2.804	8.378
-2.744	8.468
-2.629	8.603
-2.594	8.633
-2.544	8.698
-2.504	8.738
-2.474	8.778
-2.419	8.893
-2.359	8.978
-2.339	9.008
-2.329	9.018
-2.319	9.043
-2.299	9.073
-2.254	9.173
-2.214	9.303
POLYLINE BROWN
-4.026	7.838
-4.096	7.782
-4.194	7.677
-4.194	7.663
-4.061	7.593
-3.970	7.565
-3.956	7.572
-3.949	7.621
-3.949	7.726
-3.942	7.894
-3.949	7.908
POLYLINE BROWN
-5.832	8.916
POLYLINE BROWN
-5.629	8.797
-5.629	8.783
-5.664	8.727
-5.720	8.629
-5.776	8.559
-5.804	8.503
-5.916	8.335
-5.930	8.307
-5.930	8.293
-5.916	8.279
-5.902	8.279
-5.860	8.244
-5.797	8.216
-5.748	8.209
-5.678	8.167
-5.643	8.153
-5.594	8.146
-5.475	8.097
-5.391	8.048
-5.251	7.901
-5.216	7.873
-5.181	7.831
-5.118	7.789
-4.943	7.670
-4.908	7.656
-4.880	7.621
-4.866	7.621
-4.782	7.551
-4.768	7.544
-4.761	7.530
-4.747	7.523
-4.726	7.495
-4.726	7.509
-4.593	7.670
-4.390	7.999
-4.348	8.083
-4.320	8.125
-4.299	8.174
-4.299	8.188
-4.292	8.202
-4.292	8.223
-4.285	8.251
-4.306	8.286
-4.334	8.300
-4.383	8.314
-4.509	8.363
-4.642	8.433
-4.796	8.517
-4.859	8.559
-4.915	8.580
-4.985	8.629
-5.111	8.692
-5.132	8.706
-5.146	8.699
-5.188	8.727
-5.202	8.727
-5.286	8.762
-5.370	8.783
-5.391	8.783
-5.447	8.797
-5.489	8.818
-5.510	8.818
-5.524	8.811
-5.559	8.825
-5.573	8.825
-5.587	8.832
-5.622	8.818
-5.636	8.825
-5.622	8.825
POLYLINE BROWN
-4.362	7.306
-4.383	7.299
-4.509	7.180
-4.523	7.152
-4.516	7.138
-4.404	7.110
-4.369	7.096
-4.355	7.096
-4.327	7.103
-4.327	7.173
-4.341	7.306
-4.348	7.334
POLYLINE BROWN
-4.705	6.725
-4.740	6.683
-4.817	6.620
-4.831	6.606
-4.817	6.613
-4.670	6.592
-4.621	6.599
-4.600	6.641
-4.607	6.690
-4.642	6.760
POLYLINE BLUE
-5.138	6.324
-5.033	6.369
-4.913	6.384
-4.883	6.219
-4.853	6.129
POLYLINE BLUE
-5.318	6.009
-5.228	6.114
-5.033	6.219
-4.973	6.264
-4.943	6.264
-4.883	6.279
POLYLINE RED
-5.214	8.736
-5.200	8.715
-5.116	8.645
-5.074	8.652
-5.046	8.645
-5.032	8.645
-4.983	8.631
-4.955	8.638
-4.920	8.631
-4.857	8.638
-4.822	8.631
-4.605	8.631
-4.556	8.638
-4.521	8.631
-4.507	8.638
POLYLINE RED
-5.186	8.785
-5.151	8.715
-5.081	8.652
-5.039	8.652
-5.011	8.645
POLYLINE RED
-5.123	8.701
-5.095	8.680
-5.081	8.680
POLYLINE RED
-5.221	8.764
-5.165	8.687
-5.151	8.680
POLYLINE RED
-5.207	8.757
POLYLINE RED
-5.151	8.946
-5.179	8.778
-5.158	8.750
POLYLINE BROWN
-4.927	6.062
-4.913	6.055
-4.801	6.055
-4.745	6.076
-4.654	6.132
-4.577	6.195
-4.528	6.251
-4.500	6.272
-4.430	6.349
-4.374	6.454
-4.318	6.517
-4.311	6.538
-4.192	6.671
-4.178	6.678
-4.164	6.699
-4.129	6.713
-4.080	6.769
-4.031	6.797
-4.024	6.818
-3.898	6.958
-3.870	6.993
-3.807	7.028
-3.772	7.070
-3.744	7.091
-3.730	7.112
-3.716	7.119
-3.674	7.203
-3.646	7.245
-3.639	7.273
-3.618	7.301
-3.604	7.308
POLYLINE BROWN
-5.277	7.798
-5.270	7.784
-5.242	7.763
-5.228	7.700
-5.214	7.686
-5.214	7.658
-5.186	7.616
-5.186	7.602
-5.172	7.574
-5.158	7.525
-5.109	7.420
-5.095	7.371
-5.095	7.350
-5.088	7.336
-5.088	7.308
-5.081	7.273
-5.081	7.196
-5.046	7.077
-5.039	6.986
-5.032	6.972
-5.032	6.916
-5.039	6.888
-5.039	6.762
-5.032	6.720
-5.032	6.587
-4.997	6.433
-4.997	6.419
-4.983	6.391
-4.983	6.377
-4.976	6.349
-4.969	6.286
-4.976	6.237
-4.976	6.146
-4.983	6.125
-4.983	6.083
-4.976	6.069
-4.920	6.041
POLYLINE BROWN
-7.035	8.052
-7.042	8.031
-7.070	8.017
-7.224	7.870
-7.210	7.856
-7.182	7.849
-7.028	7.779
-6.979	7.779
-6.972	7.793
-6.986	7.870
-7.007	7.926
-7.014	7.996
-7.049	8.066
-7.049	8.080
POLYLINE BROWN
-6.398	7.835
-6.412	7.828
-6.594	7.590
-6.573	7.583
-6.524	7.541
-6.461	7.513
-6.412	7.499
-6.370	7.499
-6.356	7.513
-6.356	7.576
-6.377	7.758
-6.384	7.807
-6.391	7.835
-6.412	7.863
POLYLINE BROWN
-5.607	7.877
-5.621	7.891
-5.635	7.891
-5.719	7.863
-5.747	7.842
-5.754	7.828
-5.796	7.800
-5.810	7.765
-5.838	7.723
-5.880	7.646
-5.908	7.604
-5.936	7.576
-5.978	7.513
-6.006	7.485
-6.097	7.352
-6.125	7.310
-6.139	7.275
-6.174	7.233
-6.181	7.212
-6.223	7.177
-6.321	7.023
-6.377	6.953
-6.384	6.932
-6.412	6.890
-6.433	6.862
-6.433	6.848
-6.447	6.827
-6.475	6.813
-6.503	6.771
-6.559	6.645
-6.587	6.540
-6.594	6.491
-6.608	6.414
-6.615	6.400
-6.615	6.379
-6.643	6.309
-6.650	6.295
-6.650	6.274
-6.664	6.246
-6.664	6.218
-6.650	6.141
POLYLINE BROWN
-5.551	7.856
-5.523	7.842
-5.439	7.842
-5.404	7.828
-5.390	7.828
-5.334	7.807
-5.285	7.779
POLYLINE BROWN
-5.642	7.870
-5.628	7.863
-5.544	7.863
-5.481	7.842
POLYLINE BROWN
-6.703	9.982
-6.933	9.762
-6.943	9.732
-6.713	9.612
-6.693	9.612
-6.693	9.772
-6.723	9.972
-6.743	10.022
POLYLINE BROWN
-7.123	9.572
-7.133	9.532
-7.193	9.402
-7.223	9.382
-7.263	9.312
-7.213	9.302
-7.133	9.312
-7.123	9.332
-7.193	9.532
POLYLINE BROWN
-7.433	8.672
-7.443	8.622
-7.553	8.452
-7.553	8.432
-7.503	8.442
-7.453	8.432
-7.383	8.442
-7.293	8.422
-7.283	8.472
-7.303	8.542
-7.353	8.642
-7.393	8.702
-7.393	8.722
POLYLINE BROWN
-7.983	8.192
-8.093	8.042
-8.163	7.972
-8.173	7.952
-7.953	7.922
-7.923	7.952
-7.913	7.972
-7.913	8.022
-7.983	8.272
POLYLINE BROWN
-7.933	8.552
-7.923	8.532
POLYLINE BROWN
-8.873	7.882
-8.913	7.822
-9.013	7.622
-8.993	7.602
-8.853	7.612
-8.803	7.672
-8.793	7.692
-8.833	7.752
-8.883	7.902
POLYLINE BROWN
-8.743	6.792
-8.773	6.522
-8.703	6.522
-8.653	6.612
-8.643	6.682
-8.683	6.762
-8.743	6.782
-8.763	6.782
POLYLINE BROWN
-8.713	6.772
-8.713	6.742
POLYLINE BROWN
-8.593	6.712
-8.563	6.702
POLYLINE BROWN
-8.683	6.702
-8.613	6.662
POLYLINE BROWN
-7.663	6.612
-7.693	6.582
-7.693	6.562
-7.653	6.532
-7.623	6.612
POLYLINE BROWN
-8.133	6.812
-8.173	6.762
-8.153	6.722
-8.113	6.702
-8.073	6.722
-8.053	6.772
-8.083	6.812
POLYLINE BROWN
-7.903	6.582
-7.893	6.562
-7.933	6.552
-7.963	6.512
-7.963	6.492
-7.913	6.462
-7.873	6.462
-7.823	6.512
-7.833	6.542
-7.893	6.552
POLYLINE BLUE
-8.363	6.752
-8.313	6.582
-8.293	6.562
-8.323	6.672
-8.323	6.712
-8.333	6.752
-8.333	6.772
-8.273	6.822
-8.213	6.862
-8.093	6.892
-8.033	6.922
POLYLINE BLUE
-7.493	6.462
-7.493	6.502
-7.523	6.592
-7.573	6.672
-7.723	6.792
-7.763	6.802
-7.853	6.822
-7.983	6.782
-8.063	6.712
-8.103	6.702
-8.123	6.702
-8.313	6.772
POLYLINE BLACK
-6.383	8.777
-6.683	8.342
-6.443	8.192
-6.413	8.192
-6.383	8.207
-6.368	8.267
-6.368	8.357
-6.398	8.567
-6.428	8.657
-6.458	8.807
-6.503	8.912
POLYLINE BLACK
-6.548	10.982
-6.533	10.952
-6.578	10.937
-6.653	10.877
-6.728	10.847
-6.938	10.697
-6.938	10.667
-6.878	10.607
-6.683	10.562
-6.653	10.562
-6.473	11.042
POLYLINE BLACK
-5.813	10.712
-5.858	10.682
-5.963	10.547
-6.008	10.517
-6.068	10.442
-6.128	10.397
-6.143	10.367
-6.038	10.292
-5.993	10.277
-5.963	10.247
-5.933	10.247
-5.873	10.232
-5.813	10.292
-5.783	10.367
-5.768	10.622
-5.768	10.697
-5.798	10.817
POLYLINE BLACK
-4.298	9.947
-4.778	9.662
-4.778	9.632
-4.538	9.617
-4.328	9.557
-4.298	9.872
-4.298	9.962
POLYLINE BROWN
-3.128	10.937
-3.308	10.847
-3.398	10.772
-3.428	10.712
-3.488	10.682
-3.503	10.652
-3.593	10.592
-3.533	10.547
-3.548	10.517
-3.578	10.517
-3.608	10.487
-3.608	10.517
-3.548	10.607
-3.578	10.607
-3.698	10.487
-3.698	10.457
-3.668	10.397
-3.548	10.337
-3.518	10.337
-3.488	10.322
-3.428	10.352
-3.338	10.352
-3.263	10.367
-3.203	10.367
-3.173	10.382
-3.128	10.382
-3.038	10.427
-2.993	10.412
-2.933	10.442
-2.873	10.442
-2.813	10.457
-2.633	10.457
-2.513	10.487
POLYLINE BROWN
-4.448	12.392
-4.418	12.392
-4.163	12.287
-4.103	12.257
-3.833	12.257
POLYLINE BROWN
-5.963	12.167
-5.918	12.107
-5.888	12.107
-5.693	12.047
-5.663	12.047
-5.603	12.062
-5.558	12.062
-5.528	12.047
-5.408	12.077
-5.378	12.077
-5.318	12.107
-5.243	12.122
-5.153	12.167
-5.123	12.167
-4.988	12.227
-4.958	12.227
-4.808	12.302
-4.778	12.302
-4.718	12.332
-4.583	12.332
-4.553	12.347
-4.508	12.347
-4.418	12.377
-4.388	12.362
-4.358	12.377
POLYLINE BROWN
-7.943	13.232
-7.943	13.202
-7.928	13.142
-7.928	13.112
-7.853	13.022
-7.793	12.992
-7.733	12.992
-7.703	12.977
-7.703	12.977
-7.688	12.947
-7.658	12.932
-7.628	12.947
-7.418	12.842
-7.358	12.797
-7.328	12.797
-7.298	12.767
-7.028	12.632
-6.863	12.527
-6.833	12.527
-6.743	12.452
-6.698	12.437
-6.638	12.392
-6.473	12.317
-6.413	12.272
-6.353	12.272
-6.308	12.257
-6.248	12.212
-6.173	12.212
-6.143	12.182
-6.083	12.182
-5.888	12.122
-5.858	12.122
-5.798	12.107
-5.768	12.107
POLYLINE BROWN
-9.398	14.327
POLYLINE BROWN
-9.023	12.497
-8.978	12.437
-8.918	12.647
-8.888	12.677
-8.858	12.752
-8.798	12.827
-8.678	12.932
-8.633	12.947
-8.603	12.977
-8.558	12.992
-8.453	13.067
-8.348	13.112
-8.318	13.112
-8.183	13.187
-8.153	13.187
-8.063	13.232
-7.988	13.247
-7.958	13.262
POLYLINE BROWN
-8.978	12.437
-8.963	12.407
-8.933	12.392
-8.888	12.527
-8.828	12.632
-8.738	12.707
-8.693	12.722
-8.468	12.902
-8.408	12.947
-8.393	12.977
-8.348	13.007
-8.318	13.082
-8.228	13.172
POLYLINE BROWN
-8.708	11.402
-8.633	11.312
-8.633	11.387
-8.648	11.447
-8.648	11.522
-8.663	11.582
-8.663	11.657
-8.678	11.717
-8.678	11.747
-8.738	11.912
-8.738	11.987
-8.768	12.017
-8.768	12.047
-8.813	12.137
-8.828	12.257
POLYLINE BROWN
-9.488	8.117
-9.473	8.087
-9.443	8.102
-9.368	8.207
-9.338	8.222
-9.248	8.327
-9.218	8.342
-9.008	8.627
-8.918	8.762
-8.903	8.807
-8.858	8.867
-8.708	9.197
-8.663	9.257
-8.663	9.287
-8.588	9.407
-8.483	9.572
-8.483	9.602
-8.468	9.662
-8.468	9.797
-8.453	9.857
-8.453	9.887
-8.408	10.022
-8.408	10.217
-8.438	10.322
-8.483	10.427
-8.483	10.457
-8.513	10.517
-8.513	10.562
-8.543	10.652
-8.528	10.682
-8.528	10.727
-8.543	10.787
-8.528	10.847
-8.558	10.967
-8.558	10.997
-8.618	11.237
-8.633	11.297
POLYLINE BROWN
-9.683	8.012
-9.653	7.907
-9.593	7.997
-9.563	8.012
-9.533	8.057
-9.503	8.057
-9.413	8.117
-9.323	8.267
POLYLINE BROWN
-8.423	6.527
-8.423	6.497
-8.618	6.497
-8.783	6.467
POLYLINE BROWN
-7.613	5.942
-7.643	6.002
-7.643	6.077
-7.703	6.227
-7.793	6.287
-7.823	6.287
-8.003	6.347
-8.033	6.347
-8.213	6.452
-8.258	6.452
-8.288	6.482
-8.318	6.467
-8.378	6.497
-8.468	6.497
POLYLINE BROWN
-8.469	9.588
POLYLINE BLUE
-5.549	5.391
-5.549	5.358
-5.558	5.316
-5.558	5.304
-5.534	5.304
-5.489	5.307
-5.435	5.316
-5.426	5.322
POLYLINE BLUE
-5.453	5.418
-5.453	5.412
-5.480	5.364
-5.501	5.337
-5.519	5.319
-5.537	5.298
POLYLINE BLUE
-5.312	5.493
-5.210	5.544
-5.195	5.547
POLYLINE BLUE
-5.192	5.613
-5.228	5.613
-5.261	5.607
-5.273	5.598
-5.282	5.565
-5.285	5.517
-5.282	5.469
-5.282	5.442
-5.279	5.406
POLYLINE BLUE
-5.513	5.547
-5.522	5.487
-5.495	5.559
-5.489	5.571
-5.483	5.574
-5.468	5.574
-5.456	5.571
-5.441	5.562
-5.435	5.562
-5.432	5.556
-5.441	5.517
-5.444	5.493
-5.435	5.478
-5.423	5.478
-5.399	5.487
-5.393	5.499
-5.396	5.511
-5.420	5.547
-5.420	5.553
-5.399	5.559
-5.369	5.562
-5.357	5.565
-5.348	5.562
-5.378	5.517
-5.378	5.505
-5.363	5.496
-5.342	5.502
-5.333	5.508
-5.327	5.520
-5.336	5.535
POLYLINE BLUE
-4.952	5.709
-4.961	5.688
-4.949	5.697
-4.934	5.718
-4.934	5.712
-4.919	5.712
-4.913	5.715
-4.907	5.712
-4.904	5.703
-4.898	5.697
POLYLINE BLUE
-5.030	5.670
-5.030	5.685
-5.024	5.715
-5.012	5.730
-4.997	5.739
-4.991	5.736
-4.988	5.730
-5.006	5.688
-5.003	5.670
-4.997	5.664
-4.985	5.664
-4.970	5.685
-4.967	5.706
-4.976	5.730
-4.988	5.745
-4.997	5.751
POLYLINE BLUE
-5.114	5.688
-5.105	5.685
-5.090	5.688
POLYLINE BLUE
-5.009	5.790
-5.039	5.802
-5.057	5.802
-5.075	5.784
-5.093	5.739
-5.096	5.661
-5.081	5.553
POLYLINE BLUE
-5.317	5.719
-5.289	5.740
-5.268	5.768
-5.233	5.726
POLYLINE BLUE
-5.387	5.852
POLYLINE BLUE
-5.359	5.761
-5.380	5.677
POLYLINE BLUE
-5.667	5.747
-5.660	5.733
-5.646	5.733
-5.632	5.747
-5.625	5.782
-5.632	5.810
-5.646	5.810
-5.688	5.775
-5.688	5.726
-5.660	5.691
-5.625	5.684
-5.583	5.698
-5.562	5.747
-5.541	5.775
-5.527	5.782
POLYLINE BLUE
-5.695	6.041
-5.723	5.915
-5.751	5.831
-5.772	5.733
-5.772	5.712
-5.786	5.726
-5.786	5.754
-5.772	5.789
-5.744	5.824
-5.681	5.852
POLYLINE BLUE
-5.849	5.901
-5.905	5.852
-5.947	5.789
-5.947	5.754
-5.912	5.761
-5.877	5.810
-5.842	5.747
POLYLINE BLUE
-6.066	5.908
-6.066	5.852
-6.059	5.789
-6.045	5.796
-6.010	5.789
-5.947	5.880
POLYLINE BLUE
-6.794	5.663
-6.745	5.768
-6.717	5.782
-6.563	5.803
-6.542	5.796
-6.528	5.803
POLYLINE BLUE
-6.192	5.327
-6.192	5.362
-6.206	5.411
-6.241	5.467
-6.297	5.516
-6.346	5.530
-6.423	5.523
-6.605	5.558
-6.661	5.607
-6.689	5.656
POLYLINE BLACK
-6.192	6.391
POLYLINE BROWN
-5.478	5.215
-5.471	5.201
-5.527	5.250
-5.548	5.257
-5.562	5.278
-5.646	5.327
-5.688	5.355
-5.737	5.376
-5.786	5.432
-5.814	5.467
-5.828	5.474
-5.856	5.509
-5.884	5.530
-5.919	5.544
-5.961	5.579
-6.031	5.607
-6.094	5.635
-6.150	5.677
-6.192	5.698
-6.206	5.698
-6.248	5.712
-6.262	5.726
-6.297	5.733
-6.339	5.754
-6.353	5.754
-6.388	5.768
-6.430	5.796
-6.472	5.817
-6.514	5.845
-6.549	5.859
-6.577	5.901
-6.577	5.936
-6.584	5.964
-6.584	5.978
-6.591	6.006
-6.591	6.020
-6.598	6.048
-6.591	6.076
-6.598	6.104
-6.598	6.118
-6.647	6.188
-6.661	6.202
POLYLINE BROWN
-7.515	5.397
-7.529	5.397
-7.557	5.418
-7.578	5.446
-7.578	5.460
-7.592	5.474
-7.592	5.530
-7.606	5.607
-7.592	5.705
-7.592	5.719
-7.599	5.747
-7.599	5.789
-7.606	5.803
-7.606	5.831
-7.613	5.866
-7.613	5.894
-7.627	5.943
-7.627	5.957
-7.634	5.971
-7.634	6.020
POLYLINE BROWN
-6.115	4.648
-6.087	4.592
-6.087	4.606
-6.122	4.683
-6.178	4.732
-6.199	4.760
-6.241	4.788
-6.269	4.809
-6.276	4.823
-6.304	4.837
-6.332	4.865
-6.367	4.872
-6.374	4.886
-6.451	4.942
-6.493	4.977
-6.549	5.019
-6.605	5.054
-6.619	5.054
-6.661	5.096
-6.724	5.138
-6.738	5.138
-6.766	5.159
-6.794	5.159
-6.836	5.187
-6.857	5.187
-6.899	5.208
-6.913	5.222
-6.941	5.215
-7.004	5.243
-7.032	5.243
-7.102	5.271
-7.130	5.271
-7.193	5.299
-7.207	5.299
-7.235	5.306
-7.249	5.320
-7.263	5.320
-7.291	5.334
-7.326	5.341
-7.340	5.334
-7.396	5.362
-7.424	5.362
-7.452	5.376
-7.459	5.390
-7.473	5.390
POLYLINE BLUE
-5.296	4.403
-5.296	4.389
-5.282	4.403
-5.261	4.515
-5.261	4.557
-5.233	4.564
-5.205	4.564
-5.142	4.571
-5.114	4.585
POLYLINE BROWN
-7.452	7.385
POLYLINE BROWN
0.094	3.703
-0.176	3.388
-0.011	3.388
0.169	3.418
0.184	3.478
0.139	3.613
0.109	3.658
0.079	3.673
0.049	3.748
POLYLINE BROWN
0.289	2.143
0.319	2.143
0.349	2.173
0.439	2.203
POLYLINE BROWN
0.349	1.543
0.409	1.438
0.544	1.468
POLYLINE BROWN
1.249	1.798
1.354	1.798
1.414	1.828
POLYLINE BROWN
0.739	2.068
0.754	2.098
0.784	2.098
0.844	2.128
POLYLINE BROWN
1.189	3.823
1.309	3.823
POLYLINE BROWN
0.649	3.658
0.724	3.568
0.754	3.553
0.874	3.568
0.904	3.568
POLYLINE BROWN
1.384	2.953
1.444	2.953
1.474	2.968
POLYLINE BROWN
1.699	2.638
1.804	2.668
1.849	2.668
POLYLINE BROWN
1.219	2.233
1.264	2.233
1.294	2.248
1.354	2.233
1.384	2.233
POLYLINE BROWN
1.009	1.813
1.069	1.813
1.129	1.843
1.159	1.828
1.189	1.843
POLYLINE BLUE
-4.691	4.588
-4.691	4.558
-4.751	4.513
-4.781	4.513
-4.841	4.468
-4.976	4.408
-5.006	4.408
-5.066	4.378
-5.141	4.408
-5.201	4.498
POLYLINE BLUE
-4.256	5.218
-4.271	5.143
-4.316	4.993
-4.316	4.948
-4.361	4.813
-4.391	4.783
-4.211	4.768
-4.106	4.768
POLYLINE BLUE
-3.446	6.118
-3.416	6.118
-3.386	6.088
-3.341	5.863
-3.341	5.833
-3.326	5.773
-3.431	5.638
-3.671	5.563
-3.821	5.443
-3.821	5.413
-3.791	5.353
-3.791	5.323
-3.761	5.218
-3.761	5.128
-3.821	5.083
-3.896	5.053
-4.046	4.933
-4.211	4.948
-4.271	4.933
-4.301	4.933
POLYLINE BROWN
-3.716	2.548
-3.716	2.518
-3.746	2.413
-3.746	2.383
-3.656	2.338
-3.581	2.338
-3.536	2.323
-3.371	2.368
-3.341	2.383
-3.326	2.413
-3.581	2.623
-3.656	2.668
POLYLINE BROWN
-3.641	4.003
-3.626	3.928
-3.746	3.673
-3.776	3.643
-3.776	3.613
-3.761	3.583
-3.701	3.598
-3.566	3.613
-3.506	3.643
-3.491	3.703
-3.536	3.898
-3.566	3.973
POLYLINE BROWN
-3.266	3.328
-3.371	3.178
-3.446	3.013
-3.506	2.968
-3.371	2.968
-3.341	2.983
-3.266	2.983
-3.176	2.998
-3.071	3.043
-3.041	3.073
-3.026	3.118
-3.086	3.283
-3.176	3.388
POLYLINE BROWN
-5.366	4.378
-5.336	4.333
-5.366	4.483
POLYLINE BROWN
-5.471	4.408
-5.471	4.438
-5.576	4.423
POLYLINE BROWN
-4.856	4.558
-4.886	4.543
-5.021	4.543
-5.066	4.483
-4.916	4.378
-4.796	4.348
-4.721	4.393
-4.736	4.468
-4.796	4.558
POLYLINE BROWN
-3.851	4.393
-3.941	4.453
-4.151	4.483
-4.181	4.483
-4.166	4.453
-4.091	4.393
-4.001	4.378
-3.986	4.438
POLYLINE BROWN
-4.076	4.978
-4.106	4.993
-4.121	4.963
-4.091	4.888
-4.016	4.798
-3.941	4.753
-3.866	4.738
-3.836	4.753
-3.821	4.783
-3.836	4.828
-3.986	5.008
-4.016	5.023
POLYLINE BROWN
-3.731	5.743
-3.746	5.713
-3.776	5.713
-3.836	5.668
-3.851	5.638
-3.836	5.578
-3.776	5.503
-3.641	5.383
-3.536	5.338
-3.521	5.383
-3.626	5.533
POLYLINE BROWN
-3.521	5.113
-3.596	5.128
-3.671	5.128
-3.716	5.068
-3.716	5.038
-3.686	4.978
-3.611	4.888
-3.431	4.858
-3.401	4.873
-3.476	5.023
-3.611	5.098
POLYLINE BROWN
-3.056	5.653
-3.086	5.653
-3.116	5.608
-3.131	5.458
-3.116	5.383
-3.011	5.323
-2.876	5.323
-2.846	5.353
-2.906	5.488
-2.996	5.563
-3.131	5.608
POLYLINE BROWN
-2.801	5.278
-2.801	5.248
-3.011	4.738
-3.056	4.678
-2.921	4.618
-2.711	4.603
-2.681	4.603
-2.591	4.648
-2.591	4.678
-2.576	4.708
-2.621	4.813
-2.861	5.158
POLYLINE BROWN
-1.616	2.578
-1.811	2.218
-1.601	2.143
-1.571	2.143
-1.541	2.128
-1.481	2.128
-1.421	2.113
-1.331	2.203
-1.346	2.263
-1.376	2.293
-1.511	2.593
-1.586	2.683
POLYLINE BROWN
-2.261	4.078
-2.096	3.418
-2.036	3.418
-1.961	3.493
-2.201	4.093
-2.216	4.168
-2.246	4.198
POLYLINE BROWN
-1.136	3.778
-1.121	3.118
-0.956	3.118
-0.791	3.163
-0.761	3.193
-0.851	3.403
-0.911	3.478
-1.046	3.718
-1.106	3.778
-1.166	3.883
POLYLINE BROWN
-0.731	2.683
-0.866	2.233
-0.746	2.203
-0.626	2.203
-0.536	2.248
-0.566	2.443
-0.611	2.548
-0.821	2.848
POLYLINE RED
-4.736	2.338
-4.691	2.143
-4.661	2.128
-4.571	1.978
-4.571	1.948
-4.541	1.858
POLYLINE RED
-6.071	4.663
-6.071	4.588
-6.011	4.438
-5.966	4.258
-5.906	4.153
-5.831	4.033
-5.801	4.018
-5.756	3.958
-5.711	3.928
-5.666	3.853
-5.606	3.808
-5.546	3.718
-5.381	3.358
-5.291	3.223
-5.096	2.848
-5.066	2.818
-5.066	2.788
-5.036	2.758
-4.886	2.413
-4.706	2.188
-4.646	2.098
-4.616	2.083
-4.586	2.008
POLYLINE RED
-5.141	5.158
-5.141	5.128
-5.111	5.053
-5.201	5.053
-5.291	5.113
-5.321	5.113
-5.441	5.188
-5.516	5.233
POLYLINE RED
-5.156	5.068
-5.156	5.008
-5.066	4.963
-4.991	4.963
-4.931	4.978
-4.826	5.053
-4.736	5.128
-4.826	4.993
-4.946	4.888
-4.976	4.888
-5.006	4.873
-5.096	4.903
-5.231	4.993
POLYLINE RED
-3.611	6.643
-3.611	6.613
-3.641	6.628
-3.731	6.568
-3.761	6.568
-3.821	6.508
-3.851	6.508
-3.851	6.478
-3.941	6.358
-3.971	6.343
-4.061	6.223
-4.211	5.983
-4.211	5.938
-4.316	5.713
-4.391	5.623
-4.481	5.548
-4.496	5.503
-4.631	5.353
-4.631	5.323
-4.706	5.233
-4.781	5.113
-4.886	5.068
-4.901	5.038
-4.961	5.008
-4.976	4.978
-5.006	4.993
-5.036	4.963
-5.066	4.963
-5.231	5.083
-5.291	5.128
-5.306	5.158
POLYLINE RED
-3.251	6.643
-3.221	6.613
-3.221	6.583
-3.281	6.598
-3.311	6.628
-3.371	6.628
-3.431	6.658
-3.476	6.658
-3.566	6.598
-3.581	6.568
-3.656	6.523
-3.671	6.493
POLYLINE BROWN
0.844	4.033
0.814	4.003
0.754	4.003
0.679	4.033
0.619	4.018
0.559	4.048
0.364	4.063
0.154	4.048
-0.011	4.048
-0.221	4.108
-0.371	4.153
-0.731	4.333
-0.791	4.348
-0.881	4.423
-1.151	4.573
-1.271	4.663
-1.451	4.903
-1.511	4.948
-1.556	5.023
-1.646	5.098
-1.721	5.218
-1.871	5.398
-1.871	5.428
-1.931	5.503
-2.051	5.578
-2.081	5.623
-2.201	5.698
-2.261	5.743
-2.306	5.758
-2.351	5.818
-2.411	5.848
-2.441	5.848
-2.546	5.923
-2.621	5.983
-2.756	6.148
-2.966	6.328
-3.056	6.388
-3.071	6.418
-3.146	6.478
-3.176	6.478
-3.206	6.508
-3.236	6.508
-3.296	6.553
POLYLINE BLACK
1.885	3.470
1.850	3.463
1.808	3.463
1.766	3.456
1.780	3.449
1.808	3.456
1.892	3.456
1.794	3.442
1.703	3.442
1.731	3.435
1.801	3.435
1.892	3.428
1.920	3.421
1.885	3.414
1.836	3.414
1.682	3.393
1.668	3.386
1.794	3.400
1.948	3.400
1.962	3.393
1.752	3.372
1.682	3.358
1.647	3.344
1.633	3.344
1.731	3.365
1.829	3.365
1.857	3.372
1.913	3.372
1.892	3.379
1.773	3.337
1.528	3.260
1.514	3.253
1.549	3.253
1.661	3.288
1.724	3.302
1.829	3.337
1.857	3.337
1.885	3.351
1.864	3.337
1.759	3.316
1.710	3.295
1.654	3.288
1.535	3.239
1.507	3.225
1.521	3.225
1.535	3.232
1.556	3.232
1.773	3.302
1.843	3.316
1.864	3.330
1.899	3.337
1.780	3.295
1.710	3.260
1.668	3.225
POLYLINE BLACK
1.752	3.624
1.780	3.624
1.794	3.617
1.759	3.603
1.731	3.582
1.724	3.568
1.759	3.561
1.808	3.554
1.822	3.554
1.787	3.561
1.745	3.547
1.773	3.540
1.822	3.540
1.836	3.547
1.801	3.540
1.752	3.533
1.801	3.533
1.829	3.526
1.801	3.519
1.738	3.519
1.724	3.512
1.759	3.512
1.829	3.505
1.843	3.505
1.829	3.498
1.738	3.498
1.724	3.484
POLYLINE BLACK
1.738	3.659
1.738	3.638
1.710	3.561
1.591	3.330
1.486	3.183
1.486	3.169
1.514	3.183
1.682	3.225
1.759	3.253
1.773	3.253
1.962	3.309
2.018	3.323
POLYLINE BLACK
1.752	3.680
1.752	3.680
1.822	3.603
1.934	3.463
1.976	3.421
2.018	3.365
2.032	3.351
POLYLINE BLACK
0.391	2.844
0.391	2.809
0.376	2.774
0.376	2.764
0.356	2.734
0.336	2.684
0.336	2.629
0.326	2.584
0.326	2.559
0.321	2.539
0.321	2.459
POLYLINE BLACK
0.386	2.974
0.406	2.924
0.391	2.934
POLYLINE BLACK
0.376	2.934
0.396	2.859
0.396	2.794
0.391	2.744
0.391	2.729
0.381	2.664
0.381	2.654
0.346	2.564
0.346	2.554
0.336	2.529
0.336	2.514
0.326	2.489
0.326	2.479
0.321	2.459
POLYLINE BLACK
0.391	2.919
POLYLINE BLACK
2.356	4.094
2.356	4.109
2.346	4.129
2.346	4.144
2.336	4.164
2.326	4.164
2.286	4.194
2.206	4.234
2.186	4.229
2.141	4.244
2.121	4.244
2.101	4.259
2.071	4.259
2.061	4.264
2.036	4.259
2.006	4.259
1.976	4.244
1.966	4.244
1.946	4.234
1.926	4.234
1.906	4.224
1.896	4.224
1.876	4.214
1.866	4.214
1.816	4.199
1.781	4.189
1.761	4.189
1.741	4.184
1.731	4.184
1.711	4.169
1.691	4.169
1.671	4.164
1.661	4.164
1.641	4.154
1.631	4.159
1.611	4.149
1.601	4.149
1.571	4.134
1.541	4.114
1.521	4.109
1.486	4.109
1.466	4.104
1.436	4.104
1.416	4.099
1.406	4.099
1.396	4.094
1.371	4.094
1.351	4.084
1.326	4.084
1.306	4.074
1.286	4.074
1.256	4.059
1.186	4.059
1.166	4.049
1.146	4.049
1.126	4.039
1.116	4.039
1.106	4.029
1.091	4.029
1.071	4.019
1.061	4.019
1.021	4.009
1.006	3.999
0.996	3.999
0.976	3.994
0.946	3.994
0.926	3.989
0.916	3.989
0.896	3.984
0.876	3.984
0.856	3.969
0.846	3.969
0.836	3.964
0.826	3.969
0.816	3.959
POLYLINE GREEN
0.864	3.076
0.861	3.067
0.861	3.019
0.855	2.956
0.849	2.920
0.849	2.908
POLYLINE GREEN
0.855	2.914
0.891	2.875
0.906	2.854
POLYLINE GREEN
0.861	2.902
0.861	2.896
0.852	2.878
0.834	2.851
0.819	2.824
POLYLINE GREEN
0.714	2.722
0.714	2.665
0.711	2.641
0.711	2.635
POLYLINE GREEN
0.711	2.647
0.720	2.647
0.774	2.584
POLYLINE GREEN
0.717	2.653
0.684	2.605
0.675	2.593
0.672	2.584
POLYLINE GREEN
2.355	3.940
2.325	3.886
2.310	3.841
2.307	3.817
2.304	3.811
2.304	3.805
POLYLINE GREEN
2.346	4.009
2.349	3.994
2.355	3.952
2.355	3.934
2.358	3.928
2.364	3.925
2.373	3.928
2.409	3.958
2.415	3.967
2.436	3.982
POLYLINE GREEN
2.124	4.255
2.124	4.240
2.097	4.144
2.088	4.087
2.088	4.081
POLYLINE GREEN
2.061	4.297
2.067	4.291
2.079	4.261
2.103	4.216
2.109	4.216
2.151	4.246
2.160	4.258
2.172	4.264
2.193	4.288
2.199	4.294
POLYLINE GREEN
2.256	4.090
2.256	4.078
2.241	3.994
2.235	3.973
2.235	3.967
2.229	3.952
2.229	3.946
2.223	3.925
POLYLINE GREEN
2.214	4.144
2.232	4.111
2.232	4.102
2.244	4.069
2.244	4.063
2.259	4.063
2.289	4.072
2.337	4.093
2.349	4.102
2.376	4.114
POLYLINE BLACK
1.969	1.405
2.069	1.615
2.119	1.705
2.209	1.845
2.219	1.885
2.259	2.035
2.269	2.075
2.309	2.235
2.329	2.325
2.349	2.435
2.349	2.465
2.359	2.505
2.359	2.555
2.369	2.595
2.379	2.685
2.409	2.815
2.419	2.925
2.419	2.975
2.439	3.065
2.469	3.215
2.469	3.245
2.479	3.295
2.489	3.375
2.489	3.595
2.439	3.795
2.419	3.935
2.409	3.985
2.409	4.015
2.379	4.095
POLYLINE BLACK
-1.161	4.595
POLYLINE BLACK
0.209	0.165
0.229	0.155
0.309	0.205
0.509	0.275
0.609	0.305
0.669	0.325
0.689	0.325
0.889	0.425
0.929	0.455
0.949	0.455
1.039	0.525
1.059	0.515
1.129	0.595
1.149	0.595
1.259	0.705
1.359	0.805
1.379	0.805
1.719	1.145
1.819	1.215
2.019	1.405
2.029	1.455
POLYLINE BLACK
0.109	0.105
0.119	0.065
0.159	0.075
0.219	0.135
0.259	0.145
0.299	0.155
POLYLINE BLACK
-1.141	0.315
-1.121	0.315
-1.101	0.335
-1.061	0.345
-0.911	0.435
-0.891	0.455
-0.871	0.455
-0.811	0.545
-0.781	0.595
-0.721	0.725
-0.711	0.765
-0.701	0.805
-0.601	0.885
-0.521	0.855
-0.511	0.835
-0.491	0.835
-0.381	0.725
-0.311	0.605
-0.301	0.565
-0.271	0.495
-0.271	0.465
-0.091	0.165
0.019	0.085
0.039	0.085
0.059	0.065
0.099	0.065
0.159	0.045
0.179	0.055
POLYLINE BLACK
-1.811	4.625
POLYLINE BLACK
-1.251	0.285
-1.121	0.285
-1.021	0.345
-0.981	0.355
POLYLINE BLACK
-1.951	0.095
POLYLINE BLACK
0.349	-1.975
POLYLINE BLACK
0.339	-2.145
0.329	-2.185
0.309	-2.265
0.309	-2.285
POLYLINE BLACK
0.149	-2.115
0.129	-2.205
0.129	-2.275
0.149	-2.375
POLYLINE BLACK
0.039	-1.905
0.009	-1.985
-0.011	-2.115
-0.021	-2.235
-0.011	-2.305
0.099	-2.195
0.219	-2.055
POLYLINE BLACK
-0.151	-2.195
-0.241	-2.215
-0.291	-2.265
-0.311	-2.335
-0.311	-2.365
-0.281	-2.385
-0.241	-2.375
-0.211	-2.325
-0.201	-2.305
-0.171	-2.355
POLYLINE BLACK
-0.531	-2.275
-0.531	-2.315
-0.541	-2.335
-0.561	-2.285
-0.551	-2.195
-0.501	-2.115
-0.401	-2.115
-0.351	-2.125
POLYLINE BLACK
-0.841	-2.105
-0.831	-2.145
-0.841	-2.175
-0.841	-2.285
-0.851	-2.315
-0.851	-2.405
-0.791	-2.305
-0.701	-2.255
-0.661	-2.265
-0.651	-2.335
-0.681	-2.385
-0.731	-2.405
-0.811	-2.415
POLYLINE BLACK
0.339	-1.555
0.299	-1.565
0.269	-1.635
0.339	-1.725
0.399	-1.745
0.449	-1.715
0.449	-1.655
0.389	-1.585
POLYLINE BLACK
-0.041	-1.635
-0.031	-1.685
-0.031	-1.725
-0.041	-1.745
-0.041	-1.695
0.009	-1.575
0.069	-1.525
0.109	-1.525
0.139	-1.635
0.139	-1.775
POLYLINE BLACK
-0.381	-1.575
-0.411	-1.675
-0.351	-1.745
-0.321	-1.745
-0.301	-1.755
-0.251	-1.735
-0.201	-1.675
-0.171	-1.735
-0.171	-1.805
-0.161	-1.885
-0.171	-2.005
-0.201	-2.135
-0.241	-2.195
-0.261	-2.215
-0.331	-2.215
-0.411	-2.145
-0.431	-2.105
POLYLINE BLACK
-0.711	-1.655
-0.711	-1.705
-0.751	-1.805
-0.751	-1.755
-0.701	-1.605
-0.661	-1.565
-0.611	-1.555
-0.571	-1.545
-0.521	-1.545
POLYLINE BLACK
-0.831	-1.595
-0.831	-1.575
-0.881	-1.595
-0.901	-1.585
-0.981	-1.585
-1.081	-1.645
-1.121	-1.705
-1.141	-1.825
-1.141	-1.885
-1.131	-1.925
-1.071	-1.975
-0.981	-1.995
POLYLINE BLACK
-4.591	3.525
-4.591	3.505
POLYLINE BLACK
-1.801	1.495
-1.821	1.475
POLYLINE BLACK
-3.183	1.713
-3.162	1.664
-3.134	1.552
-3.113	1.377
-3.106	1.363
-3.092	1.356
-3.071	1.356
-3.057	1.363
-2.973	1.370
-2.924	1.384
-2.903	1.384
-2.826	1.412
-2.742	1.433
-2.721	1.447
-2.322	1.573
-2.287	1.587
-2.238	1.587
-2.189	1.608
-2.154	1.608
-2.119	1.622
-2.077	1.650
-2.063	1.678
-2.077	1.706
-2.077	1.720
-2.098	1.776
-2.105	1.811
-2.119	1.867
-2.119	1.888
-2.147	2.000
-2.217	2.014
-2.252	2.014
-2.294	2.007
-2.343	2.007
-2.406	2.000
-2.427	2.000
-2.490	1.986
-2.560	1.979
-2.672	1.944
-2.693	1.944
-2.756	1.916
-2.868	1.881
-2.924	1.867
-2.980	1.846
-3.036	1.818
-3.050	1.804
-3.085	1.797
-3.141	1.755
-3.155	1.741
-3.204	1.727
POLYLINE BLACK
-2.133	2.833
POLYLINE BLACK
-2.049	1.636
-2.098	1.559
-2.119	1.545
-2.182	1.468
-2.224	1.433
-2.259	1.419
-2.350	1.335
-2.399	1.279
-2.406	1.258
-2.420	1.244
-2.427	1.223
-2.497	1.139
-2.546	1.069
-2.560	1.034
-2.595	0.985
-2.595	0.971
-2.602	0.943
-2.602	0.915
-2.574	0.873
-2.532	0.845
-2.518	0.845
-2.511	0.831
-2.476	0.817
-2.462	0.824
-2.434	0.824
-2.385	0.838
-2.336	0.866
-2.322	0.866
-2.294	0.887
-2.273	0.894
-2.231	0.936
-2.210	0.943
-2.168	0.999
-2.098	1.055
-2.070	1.090
-2.063	1.111
-1.965	1.223
-1.944	1.251
-1.902	1.286
-1.832	1.440
-1.832	1.454
-1.818	1.482
-1.818	1.496
-1.811	1.524
POLYLINE BLACK
-1.839	1.538
-1.853	1.545
-1.881	1.580
-1.895	1.580
-1.944	1.601
-1.972	1.601
-2.014	1.615
-2.042	1.636
-2.056	1.636
POLYLINE CONNECT
-2.216	-4.570
-2.890	0.930
POLYLINE BLACK
-4.366	4.010
POLYLINE BLACK
-1.906	0.190
-1.886	0.180
-1.836	0.190
-1.746	0.200
-1.646	0.220
-1.556	0.250
-1.396	0.250
-1.356	0.240
-1.316	0.240
-1.296	0.260
-1.246	0.260
-1.176	0.290
POLYLINE BLACK
-2.556	0.780
-2.386	0.530
-2.196	0.340
-2.116	0.310
-2.056	0.310
-1.996	0.260
-1.886	0.180
POLYLINE BLACK
-2.636	0.870
-2.606	0.840
-2.526	0.800
-2.516	0.780
-2.516	0.780
-2.486	0.730
-2.466	0.690
POLYLINE BLACK
-2.036	-1.700
-2.036	-1.700
-2.116	-1.530
-2.136	-1.430
-2.176	-1.310
-2.236	-1.190
-2.246	-1.140
-2.366	-0.910
-2.366	-0.890
-2.436	-0.710
-2.456	-0.680
-2.466	-0.640
-2.506	-0.550
-2.506	-0.520
-2.536	-0.460
-2.546	-0.420
-2.656	-0.100
-2.696	0.050
-2.706	0.090
-2.706	0.120
-2.736	0.240
-2.746	0.280
-2.766	0.340
-2.766	0.420
-2.756	0.450
-2.766	0.490
-2.766	0.530
-2.786	0.610
-2.786	0.650
-2.776	0.690
-2.776	0.730
-2.766	0.760
-2.696	0.810
-2.686	0.830
-2.646	0.820
-2.626	0.830
-2.586	0.820
POLYLINE BLACK
-1.996	2.210
POLYLINE BLACK
-5.426	-3.160
-5.366	-3.340
-5.356	-3.320
-5.386	-3.240
-5.386	-3.210
-5.396	-3.190
-5.436	-3.190
-5.446	-3.150
-5.466	-3.130
-5.466	-3.090
-5.486	-3.090
-5.506	-3.070
-5.646	-3.070
-5.666	-3.060
-5.726	-3.080
-5.766	-3.080
-5.786	-3.090
-5.826	-3.080
-5.836	-3.100
-5.816	-3.180
-5.816	-3.290
-5.736	-3.410
-5.736	-3.450
-5.726	-3.480
-5.736	-3.520
-5.716	-3.620
-5.676	-3.650
-5.636	-3.640
-5.586	-3.640
-5.566	-3.620
-5.526	-3.630
-5.466	-3.600
-5.406	-3.590
-5.386	-3.600
-5.346	-3.590
-5.326	-3.590
-5.306	-3.570
-5.306	-3.510
-5.336	-3.450
-5.346	-3.410
-5.376	-3.330
-5.426	-3.270
-5.436	-3.250
POLYLINE CONNECT
-5.356	-3.330
-5.803	-1.717
POLYLINE BLACK
-5.491	-1.895
-5.501	-1.895
-5.501	-1.905
-5.461	-1.925
-5.431	-1.910
-5.421	-1.900
-5.436	-1.890
-5.446	-1.890
-5.456	-1.885
POLYLINE BLACK
-5.331	-2.030
-5.336	-2.040
-5.321	-2.050
-5.311	-2.050
-5.301	-2.055
-5.286	-2.035
-5.306	-2.025
-5.326	-2.025
-5.346	-2.020
POLYLINE BLACK
-4.706	-1.915
-4.726	-1.915
-4.736	-1.930
-4.721	-1.950
-4.701	-1.960
-4.676	-1.960
-4.666	-1.955
-4.661	-1.940
-4.651	-1.930
-4.666	-1.910
POLYLINE BLACK
-4.761	-2.140
-4.766	-2.150
-4.776	-2.150
-4.781	-2.160
-4.771	-2.170
-4.756	-2.170
-4.746	-2.180
-4.721	-2.180
-4.701	-2.165
-4.716	-2.145
-4.756	-2.130
-4.766	-2.130
POLYLINE BLACK
-4.471	-2.175
-4.456	-2.175
-4.446	-2.165
-4.446	-2.145
-4.456	-2.135
POLYLINE BLACK
-4.511	-2.140
-4.521	-2.165
-4.516	-2.175
POLYLINE BLACK
-4.286	-2.015
-4.286	-2.025
-4.291	-2.035
-4.281	-2.055
-4.256	-2.065
-4.246	-2.065
-4.246	-2.055
-4.271	-2.035
-4.296	-2.000
POLYLINE BLACK
-3.931	-2.110
-3.931	-2.120
-3.941	-2.120
-3.946	-2.130
-3.936	-2.140
-3.926	-2.140
-3.916	-2.145
-3.901	-2.140
-3.896	-2.130
-3.906	-2.120
POLYLINE BLACK
-3.721	-2.040
-3.741	-2.055
-3.741	-2.065
-3.731	-2.080
-3.711	-2.085
-3.701	-2.085
-3.696	-2.065
-3.706	-2.055
-3.711	-2.040
-3.731	-2.025
POLYLINE BLACK
-2.426	-2.130
-2.411	-2.170
-2.421	-2.220
-2.431	-2.240
-2.431	-2.255
-2.441	-2.275
-2.421	-2.260
-2.406	-2.255
-2.366	-2.220
-2.356	-2.215
-2.351	-2.205
-2.361	-2.180
-2.426	-2.120
-2.436	-2.120
-2.446	-2.115
POLYLINE BLACK
-2.671	-2.400
-2.731	-2.515
-2.746	-2.555
-2.711	-2.565
-2.701	-2.565
-2.681	-2.560
-2.666	-2.560
-2.656	-2.555
-2.641	-2.555
-2.631	-2.550
-2.616	-2.550
-2.616	-2.535
-2.636	-2.505
-2.661	-2.475
-2.671	-2.450
-2.681	-2.445
-2.686	-2.435
POLYLINE BLACK
-1.876	-3.075
-1.861	-3.050
-1.836	-3.030
-1.826	-3.015
POLYLINE BLACK
-1.836	-2.985
-1.831	-3.005
-1.841	-3.045
-1.841	-3.065
-1.856	-3.095
-1.871	-3.140
-1.871	-3.160
-1.876	-3.180
-1.876	-3.195
-1.861	-3.230
-1.836	-3.240
-1.826	-3.240
-1.816	-3.235
POLYLINE BLACK
-1.991	-3.055
-1.991	-3.080
-2.006	-3.165
-2.031	-3.255
-2.031	-3.295
-2.016	-3.315
-1.991	-3.305
-1.946	-3.270
-1.931	-3.265
-1.921	-3.255
-1.896	-3.255
-1.896	-3.325
POLYLINE BLACK
-2.041	-3.285
-2.101	-3.310
-2.126	-3.340
-2.116	-3.345
-2.081	-3.330
-2.076	-3.320
-2.071	-3.330
-2.071	-3.345
-2.061	-3.365
-2.056	-3.405
-2.066	-3.475
-2.091	-3.520
-2.121	-3.545
-2.141	-3.555
-2.156	-3.555
-2.181	-3.545
-2.211	-3.520
-2.216	-3.505
POLYLINE BLACK
-2.131	-3.245
POLYLINE BLACK
-2.146	-3.305
-2.156	-3.305
-2.171	-3.340
-2.171	-3.350
POLYLINE BLACK
-2.286	-3.320
-2.286	-3.305
-2.271	-3.275
-2.246	-3.240
-2.226	-3.225
POLYLINE BLACK
-2.251	-3.150
-2.261	-3.165
-2.266	-3.200
-2.276	-3.235
-2.281	-3.280
-2.286	-3.290
-2.286	-3.330
-2.281	-3.375
-2.276	-3.385
-2.176	-3.380
POLYLINE BLACK
-2.136	-3.310
-2.146	-3.330
-2.151	-3.365
POLYLINE BLACK
-2.271	-3.335
-2.256	-3.310
-2.231	-3.290
POLYLINE BLACK
-2.251	-3.135
-2.256	-3.155
-2.271	-3.220
-2.271	-3.235
-2.286	-3.300
-2.286	-3.325
POLYLINE BLACK
-2.636	-3.340
-2.646	-3.340
-2.666	-3.355
-2.686	-3.390
-2.686	-3.400
-2.671	-3.410
-2.661	-3.410
-2.641	-3.390
-2.646	-3.370
-2.621	-3.350
-2.556	-3.335
-2.536	-3.335
-2.556	-3.380
-2.566	-3.390
-2.571	-3.405
-2.566	-3.425
-2.556	-3.435
-2.521	-3.435
-2.501	-3.420
-2.511	-3.415
POLYLINE BLACK
-2.796	-3.185
-2.786	-3.220
-2.786	-3.380
POLYLINE BLACK
-2.836	-3.330
-2.826	-3.335
-2.766	-3.310
-2.716	-3.275
-2.656	-3.245
POLYLINE BLACK
-2.356	-2.780
-2.361	-2.815
-2.356	-2.835
-2.356	-2.900
-2.351	-2.925
-2.351	-2.935
-2.346	-2.955
-2.346	-2.965
-2.341	-2.985
-2.346	-2.995
-2.321	-3.060
-2.321	-3.080
-2.316	-3.090
POLYLINE BLACK
-6.397	-1.692
-6.411	-1.699
-6.453	-1.699
-6.467	-1.706
-6.537	-1.713
POLYLINE BLACK
-6.474	-2.070
-6.488	-2.077
-6.530	-2.077
-6.607	-2.084
-6.649	-2.091
-6.663	-2.084
-6.684	-2.084
POLYLINE BLACK
-6.005	-2.077
-6.033	-2.077
-6.068	-2.084
-6.131	-2.070
-6.257	-2.091
-6.285	-2.098
-6.299	-2.098
POLYLINE BLACK
-6.019	-1.720
-6.026	-1.734
-6.033	-1.720
-6.047	-1.727
-6.236	-1.727
-6.250	-1.734
-6.285	-1.734
-6.299	-1.727
POLYLINE BLACK
-3.534	-2.329
-3.562	-2.329
-3.576	-2.315
-3.590	-2.315
-3.604	-2.308
-3.618	-2.315
-3.639	-2.301
-3.667	-2.301
-3.688	-2.294
-3.702	-2.301
-3.730	-2.301
-3.793	-2.294
-3.856	-2.308
-3.919	-2.308
-3.947	-2.315
-4.066	-2.315
-4.080	-2.308
-4.115	-2.308
-4.129	-2.301
-4.164	-2.301
-4.227	-2.287
-4.262	-2.287
-4.290	-2.280
-4.304	-2.280
-4.332	-2.273
-4.346	-2.273
-4.388	-2.259
-4.416	-2.266
-4.430	-2.252
-4.465	-2.259
-4.479	-2.245
-4.542	-2.245
-4.584	-2.231
-4.633	-2.231
-4.647	-2.224
-4.696	-2.224
-4.724	-2.217
-4.787	-2.210
-4.815	-2.196
-4.864	-2.196
-4.878	-2.189
-4.892	-2.196
-4.920	-2.189
-4.969	-2.189
-4.997	-2.182
-5.025	-2.189
-5.039	-2.189
-5.067	-2.175
-5.095	-2.182
-5.116	-2.182
-5.158	-2.161
-5.186	-2.175
-5.214	-2.168
-5.228	-2.168
-5.256	-2.154
-5.284	-2.154
-5.319	-2.140
-5.347	-2.147
-5.361	-2.140
-5.375	-2.147
-5.403	-2.140
-5.417	-2.147
-5.424	-2.133
-5.452	-2.140
-5.466	-2.140
-5.480	-2.147
-5.536	-2.133
-5.564	-2.133
-5.599	-2.140
-5.627	-2.133
-5.641	-2.133
-5.655	-2.126
-5.669	-2.133
-5.697	-2.126
-5.725	-2.126
-5.739	-2.119
-5.753	-2.126
-5.781	-2.119
-5.795	-2.126
-5.823	-2.112
-5.837	-2.112
-5.865	-2.105
-5.893	-2.105
POLYLINE BLACK
-3.464	-1.965
-3.450	-1.979
-3.450	-1.993
-3.408	-1.993
-3.408	-1.993
-3.422	-1.993
-3.436	-1.986
-3.499	-1.986
-3.534	-1.993
-3.562	-1.993
-3.576	-1.986
-3.625	-1.986
-3.653	-1.972
-3.723	-1.972
-3.751	-1.965
-3.891	-1.965
-3.919	-1.972
-3.954	-1.972
-3.975	-1.965
-4.003	-1.972
-4.038	-1.965
-4.066	-1.965
-4.094	-1.979
-4.122	-1.965
-4.157	-1.965
-4.185	-1.958
-4.234	-1.958
-4.262	-1.951
-4.276	-1.951
-4.346	-1.930
-4.374	-1.937
-4.388	-1.930
-4.409	-1.930
-4.423	-1.923
-4.458	-1.923
-4.486	-1.916
-4.514	-1.916
-4.542	-1.909
-4.591	-1.909
-4.626	-1.895
-4.640	-1.895
-4.717	-1.874
-4.731	-1.874
-4.759	-1.860
-4.787	-1.860
-4.801	-1.853
-4.815	-1.860
-4.829	-1.853
-4.920	-1.853
-4.948	-1.846
-4.983	-1.846
-5.039	-1.832
-5.088	-1.832
-5.116	-1.825
-5.130	-1.825
-5.165	-1.811
-5.179	-1.811
-5.207	-1.797
-5.235	-1.797
-5.284	-1.776
-5.298	-1.776
-5.333	-1.762
-5.375	-1.762
-5.403	-1.755
-5.431	-1.755
-5.459	-1.748
-5.473	-1.748
-5.487	-1.741
-5.536	-1.741
-5.564	-1.748
-5.578	-1.748
-5.592	-1.755
-5.620	-1.741
-5.662	-1.741
-5.676	-1.734
-5.690	-1.741
-5.704	-1.734
-5.718	-1.741
-5.732	-1.734
-5.760	-1.741
-5.788	-1.720
-5.816	-1.720
-5.844	-1.727
-5.872	-1.720
-5.914	-1.720
POLYLINE BLACK
-3.989	-0.775
POLYLINE BLACK
-3.191	-2.392
-3.197	-2.395
-3.203	-2.392
-3.209	-2.392
-3.215	-2.395
-3.227	-2.389
-3.248	-2.389
-3.254	-2.386
-3.260	-2.386
-3.266	-2.383
-3.287	-2.383
-3.299	-2.377
-3.305	-2.380
-3.317	-2.380
-3.323	-2.377
-3.350	-2.377
-3.356	-2.374
-3.380	-2.374
-3.386	-2.371
-3.392	-2.374
-3.407	-2.368
-3.419	-2.368
-3.425	-2.365
-3.431	-2.365
-3.437	-2.362
-3.449	-2.362
-3.455	-2.359
-3.461	-2.359
-3.467	-2.356
-3.473	-2.356
-3.479	-2.353
-3.485	-2.353
-3.491	-2.347
-3.497	-2.350
-3.503	-2.347
-3.509	-2.347
-3.515	-2.341
-3.527	-2.341
-3.533	-2.335
-3.539	-2.335
-3.545	-2.332
-3.551	-2.335
POLYLINE BLACK
-3.104	-1.942
-3.122	-1.942
-3.197	-1.957
-3.224	-1.957
-3.230	-1.963
-3.257	-1.966
-3.263	-1.969
-3.275	-1.969
-3.290	-1.972
-3.296	-1.972
-3.302	-1.975
-3.317	-1.972
-3.323	-1.972
-3.329	-1.975
-3.383	-1.975
-3.395	-1.981
-3.410	-1.981
-3.416	-1.978
-3.431	-1.978
-3.437	-1.981
-3.443	-1.981
POLYLINE BLACK
-3.122	-1.972
-3.116	-1.975
POLYLINE BLACK
-3.131	-2.038
-3.110	-2.038
-3.062	-2.032
POLYLINE BLACK
-3.140	-2.110
-3.125	-2.110
-3.092	-2.116
POLYLINE BLACK
-3.182	-2.251
-3.173	-2.251
-3.167	-2.254
-3.146	-2.254
-3.119	-2.260
POLYLINE BLACK
-3.203	-2.335
-3.194	-2.341
-3.188	-2.335
-3.167	-2.335
-3.161	-2.338
-3.155	-2.338
POLYLINE BLACK
-3.101	-1.945
-3.095	-1.945
-3.071	-1.990
-3.071	-1.999
-3.068	-2.005
-3.068	-2.011
-3.065	-2.017
-3.065	-2.023
-3.059	-2.035
-3.059	-2.092
-3.062	-2.098
-3.062	-2.104
-3.071	-2.116
-3.071	-2.122
-3.086	-2.152
-3.086	-2.158
-3.089	-2.164
-3.089	-2.170
-3.095	-2.182
-3.095	-2.188
-3.101	-2.209
-3.134	-2.281
-3.134	-2.287
-3.140	-2.299
-3.140	-2.305
-3.143	-2.311
-3.143	-2.317
-3.155	-2.344
-3.161	-2.350
-3.161	-2.356
-3.173	-2.377
POLYLINE BLACK
-3.071	-1.849
-3.056	-1.879
POLYLINE BLACK
-3.161	-1.519
-3.101	-1.654
-3.101	-1.714
-3.086	-1.744
-3.101	-1.804
-3.086	-1.864
-3.086	-1.939
POLYLINE BLACK
-4.121	0.221
-4.061	0.176
-4.001	0.086
-3.911	-0.049
-3.881	-0.109
-3.881	-0.139
-3.821	-0.229
-3.806	-0.304
-3.746	-0.529
-3.716	-0.559
-3.716	-0.589
-3.626	-0.769
-3.596	-0.799
-3.581	-0.844
-3.506	-0.934
-3.326	-1.204
-3.326	-1.234
-3.296	-1.249
-3.281	-1.279
-3.251	-1.294
-3.146	-1.519
-3.146	-1.549
-3.131	-1.609
-3.131	-1.639
-3.116	-1.699
-3.116	-1.729
-3.101	-1.759
POLYLINE BLACK
-1.226	1.076
POLYLINE BLACK
-3.416	-1.294
-3.401	-1.264
POLYLINE BLACK
-3.266	-1.789
POLYLINE BLACK
-3.181	-2.389
-3.161	-2.409
POLYLINE BLACK
-3.176	-2.399
-3.171	-2.409
-3.116	-2.454
-3.091	-2.464
-3.021	-2.514
-2.976	-2.554
-2.951	-2.584
-2.941	-2.589
-2.896	-2.644
-2.851	-2.714
-2.831	-2.739
-2.826	-2.754
-2.801	-2.784
-2.756	-2.869
-2.756	-2.879
-2.746	-2.904
-2.741	-2.939
-2.741	-2.974
-2.746	-2.999
-2.751	-3.039
-2.751	-3.064
-2.756	-3.079
POLYLINE BLACK
-2.021	-1.729
-2.006	-1.749
-1.991	-1.799
-1.981	-1.829
-1.971	-1.844
-1.966	-1.869
-1.951	-1.914
-1.946	-1.954
-1.941	-1.964
-1.941	-1.989
-1.936	-2.014
-1.936	-2.119
-1.951	-2.159
-1.956	-2.184
-1.971	-2.204
-1.971	-2.214
-1.991	-2.244
-2.021	-2.289
-2.096	-2.374
-2.106	-2.389
-2.116	-2.394
-2.131	-2.419
-2.141	-2.419
-2.181	-2.454
-2.221	-2.479
-2.231	-2.474
-2.281	-2.504
-2.306	-2.509
-2.326	-2.519
-2.346	-2.564
-2.346	-2.574
-2.351	-2.584
-2.351	-2.624
-2.356	-2.669
-2.356	-2.704
-2.371	-2.814
POLYLINE BLACK
-2.551	-1.189
-2.671	-1.329
-2.701	-1.379
-2.701	-1.399
-2.671	-1.389
-2.521	-1.429
-2.381	-1.419
-2.361	-1.419
-2.511	-1.229
-2.551	-1.189
POLYLINE BLACK
-3.301	0.121
-3.331	-0.009
-3.411	-0.159
-3.431	-0.179
-3.401	-0.209
-3.251	-0.259
-3.201	-0.259
-3.141	-0.279
-3.031	-0.279
-3.131	-0.079
-3.181	0.011
-3.291	0.131
POLYLINE BLACK
-3.131	-0.689
-3.231	-0.989
-3.241	-1.029
-3.171	-1.089
-3.061	-1.119
-2.991	-1.129
-2.901	-1.099
-2.881	-1.079
-2.921	-0.919
-2.971	-0.789
-3.031	-0.709
-3.111	-0.639
POLYLINE BLACK
14.284	9.776
14.274	9.776
POLYLINE BLACK
13.594	8.556
13.734	8.556
13.769	8.546
13.779	8.551
13.804	8.546
13.874	8.546
13.884	8.541
13.894	8.546
13.929	8.536
13.949	8.531
13.984	8.541
13.994	8.536
14.004	8.541
14.019	8.536
14.029	8.541
14.039	8.536
14.139	8.536
14.159	8.531
14.169	8.531
14.189	8.536
14.199	8.536
14.234	8.556
14.269	8.566
14.289	8.566
14.324	8.581
14.334	8.581
14.344	8.576
14.359	8.576
14.399	8.591
14.419	8.591
POLYLINE BLACK
14.449	9.791
14.454	9.781
14.449	9.771
14.479	9.706
14.479	9.451
14.474	9.441
14.474	9.306
14.469	9.281
14.469	9.271
14.464	9.261
14.464	9.236
14.459	9.211
14.459	9.186
14.454	9.166
14.454	9.156
14.449	9.136
14.454	9.111
14.449	9.091
14.449	9.056
14.444	9.036
14.444	9.016
14.439	9.006
14.439	8.936
14.434	8.916
14.434	8.711
14.414	8.646
14.414	8.636
14.404	8.616
14.404	8.596
14.394	8.576
POLYLINE BLACK
14.284	9.801
14.294	9.791
14.314	9.796
14.354	9.796
14.364	9.791
14.379	9.791
14.409	9.766
14.419	9.766
14.429	9.756
14.439	9.756
14.449	9.746
POLYLINE BLACK
13.594	9.281
13.594	9.266
13.599	9.256
13.609	9.251
13.619	9.261
13.619	9.296
13.634	9.336
13.644	9.361
13.659	9.381
13.659	9.391
13.674	9.421
13.674	9.441
13.679	9.466
13.679	9.486
13.684	9.506
13.684	9.526
13.689	9.546
13.689	9.576
13.694	9.586
13.694	9.601
13.709	9.641
13.714	9.661
13.719	9.686
13.744	9.751
13.774	9.781
13.784	9.781
13.794	9.791
13.819	9.796
13.859	9.796
13.869	9.801
13.889	9.796
13.899	9.796
13.919	9.806
13.964	9.801
13.974	9.801
13.984	9.806
13.994	9.801
14.074	9.801
14.094	9.806
14.104	9.806
14.124	9.801
14.149	9.801
14.159	9.806
14.179	9.791
14.209	9.791
14.229	9.786
14.239	9.786
14.259	9.781
14.274	9.781
POLYLINE BLACK
13.619	8.566
13.629	8.546
13.629	8.601
13.624	8.621
13.624	8.766
13.629	8.786
13.629	8.911
13.624	8.926
13.629	8.946
13.629	9.081
13.634	9.101
13.634	9.186
13.639	9.211
13.639	9.241
POLYLINE CONNECT
13.799	9.071
-2.890	0.930
POLYLINE BLACK
-4.241	0.276
-4.241	0.246
-4.131	0.216
-4.091	0.206
POLYLINE BLACK
-3.381	1.646
-3.791	0.816
-4.151	0.186
POLYLINE BLACK
-4.211	1.706
-4.171	1.626
-4.051	1.296
-4.031	1.306
-4.011	1.296
-3.991	1.306
-3.931	1.256
-3.891	1.246
-3.871	1.236
-3.851	1.256
-3.811	1.246
-3.771	1.256
POLYLINE BLACK
-4.051	1.386
-4.011	1.326
-4.031	1.306
-4.021	1.286
-4.081	1.346
POLYLINE BLACK
-6.631	4.916
-6.581	4.886
-6.471	4.766
-6.401	4.666
-6.381	4.606
-6.351	4.556
-6.311	4.496
-6.311	4.476
-6.281	4.416
-6.271	4.376
-6.241	4.306
-6.201	4.246
-6.141	4.126
-6.061	4.026
-5.961	3.896
-5.881	3.816
-5.811	3.736
-5.791	3.686
-5.691	3.556
-5.441	3.186
-5.361	3.056
-4.961	2.566
-4.851	2.416
-4.781	2.326
-4.741	2.256
-4.651	2.126
-4.541	2.016
-4.511	1.966
-4.421	1.876
-4.371	1.786
-4.311	1.696
-4.171	1.556
-4.121	1.476
-4.111	1.436
-4.071	1.376
POLYLINE BLACK
-4.731	1.956
POLYLINE BLACK
-5.906	2.856
-5.861	2.766
-5.831	2.661
-5.771	2.526
-5.681	2.406
-5.636	2.301
-5.486	2.106
-5.426	1.971
-5.396	1.941
-5.366	1.866
-5.246	1.716
-5.186	1.626
-5.156	1.611
-5.126	1.536
-5.066	1.476
-5.051	1.431
-4.961	1.341
-4.961	1.311
-4.931	1.251
-4.931	1.221
POLYLINE BLACK
-5.936	2.871
-5.906	2.811
POLYLINE BLACK
-6.011	3.126
-5.966	3.066
-5.966	3.036
-5.936	2.976
-5.906	2.871
POLYLINE BLACK
-7.076	4.071
-6.986	3.951
-6.956	3.936
-6.941	3.906
-6.911	3.906
-6.881	3.876
-7.016	3.936
-7.046	3.936
-7.091	3.966
-7.121	4.026
-7.031	3.951
-6.971	3.951
-6.851	3.876
-6.821	3.876
-6.731	3.801
-6.701	3.801
-6.701	3.771
-6.521	3.636
-6.506	3.606
-6.476	3.591
-6.461	3.561
-6.341	3.486
-6.311	3.486
-6.116	3.246
-6.086	3.231
-6.041	3.156
-6.011	3.141
-5.966	3.066
POLYLINE BLACK
-7.406	7.866
POLYLINE BLACK
-7.651	4.766
-7.631	4.686
-7.491	4.546
-7.351	4.386
-7.291	4.286
-7.231	4.226
-7.131	4.026
-7.131	3.966
POLYLINE BLACK
-8.331	6.946
POLYLINE BLACK
-7.931	5.306
POLYLINE BLACK
-7.531	4.686
-7.511	4.646
-7.551	4.686
-7.511	4.666
-7.551	4.806
POLYLINE BROWN
-4.231	0.246
-4.311	0.306
-4.371	0.406
-4.411	0.446
-4.411	0.486
-4.451	0.526
-4.451	0.566
-4.711	0.886
-4.911	1.206

ELEVATION
STATIONS
13.748	-5.006	20.0
17.219	-6.722	20.1
19.626	-7.565	20.2
24.873	-8.265	20.3
26.210	-9.521	20.4
29.265	-10.180	20.5
30.115	-11.286	20.6
32.454	-11.828	20.7
27.452	-8.182	20.8
30.251	-8.113	20.9
35.164	-10.941	20.10
39.358	-11.321	20.11
39.657	-11.669	20.12
42.637	-11.467	20.13
44.146	-11.437	20.14
46.273	-9.232	20.15
48.685	-8.659	20.16
49.069	-5.556	20.17
50.384	-5.852	20.18
52.628	-4.917	20.19
44.777	-11.535	20.20
46.135	-14.027	20.21
47.975	-14.337	20.22
49.501	-13.778	20.23
50.813	-14.639	20.24
52.915	-14.516	20.25
55.128	-13.156	20.26
56.983	-13.015	20.27
57.173	-13.396	20.27
55.328	-17.916	20.26
52.596	-12.581	20.25
50.216	-15.885	20.24
48.746	-12.525	20.23
45.606	-15.490	20.22
38.963	-7.966	20.11
26.320	-6.198	20.9
27.620	-1.403	20.8
15.698	6.044	20.2
SHOTS
55.128	-13.156	56.983	-13.015
56.983	-13.015	56.320	-12.954
56.983	-13.015	57.049	-12.908
56.983	-13.015	56.830	-12.778
52.915	-14.516	55.128	-13.156
55.128	-13.156	55.166	-13.601
55.128	-13.156	55.141	-13.607
55.128	-13.156	55.212	-13.306
55.128	-13.156	55.140	-13.323
55.128	-13.156	55.100	-13.105
55.128	-13.156	54.918	-13.102
50.813	-14.639	52.915	-14.516
52.915	-14.516	53.009	-14.894
52.915	-14.516	52.725	-13.813
52.915	-14.516	52.895	-14.875
49.501	-13.778	50.813	-14.639
50.813	-14.639	50.803	-14.641
50.813	-14.639	50.721	-13.574
47.975	-14.337	49.501	-13.778
49.501	-13.778	49.207	-13.747
49.501	-13.778	49.715	-13.830
49.501	-13.778	49.463	-14.763
49.501	-13.778	49.358	-13.587
46.135	-14.027	47.975	-14.337
47.975	-14.337	48.376	-13.555
47.975	-14.337	47.994	-14.643
47.975	-14.337	48.034	-14.623
44.777	-11.535	46.135	-14.027
46.135	-14.027	46.360	-14.004
46.135	-14.027	46.559	-14.193
46.135	-14.027	46.353	-13.739
42.637	-11.467	44.777	-11.535
44.777	-11.535	45.428	-12.469
44.777	-11.535	44.434	-12.634
44.777	-11.535	44.869	-11.189
44.777	-11.535	45.173	-12.767
44.777	-11.535	45.467	-12.436
50.384	-5.852	52.628	-4.917
49.069	-5.556	50.384	-5.852
48.685	-8.659	49.069	-5.556
49.069	-5.556	49.188	-4.867
49.069	-5.556	49.289	-5.846
46.273	-9.232	48.685	-8.659
48.685	-8.659	49.065	-8.732
48.685	-8.659	48.780	-9.750
48.685	-8.659	49.641	-8.320
48.685	-8.659	49.730	-9.942
48.685	-8.659	49.347	-11.106
42.637	-11.467	46.273	-9.232
46.273	-9.232	44.336	-9.912
46.273	-9.232	46.185	-8.957
46.273	-9.232	46.301	-10.084
46.273	-9.232	45.064	-9.574
42.637	-11.467	44.146	-11.437
39.657	-11.669	42.637	-11.467
42.637	-11.467	42.357	-10.080
42.637	-11.467	42.686	-11.758
42.637	-11.467	42.439	-9.237
42.637	-11.467	41.148	-10.993
42.637	-11.467	39.843	-12.063
42.637	-11.467	41.762	-12.364
42.637	-11.467	44.175	-11.663
42.637	-11.467	46.483	-11.764
42.637	-11.467	46.726	-11.696
42.637	-11.467	44.878	-11.107
42.637	-11.467	44.973	-10.474
42.637	-11.467	43.444	-10.371
42.637	-11.467	42.448	-9.998
42.637	-11.467	42.183	-10.738
42.637	-11.467	41.719	-10.885
39.358	-11.321	39.657	-11.669
39.657	-11.669	39.667	-11.664
35.164	-10.941	39.358	-11.321
39.358	-11.321	38.956	-11.493
39.358	-11.321	39.381	-11.500
39.358	-11.321	39.310	-11.795
39.358	-11.321	39.667	-12.481
30.251	-8.113	35.164	-10.941
35.164	-10.941	35.175	-10.270
35.164	-10.941	35.143	-11.168
35.164	-10.941	35.098	-10.875
35.164	-10.941	36.330	-10.124
35.164	-10.941	36.941	-10.617
35.164	-10.941	37.500	-11.243
27.452	-8.182	30.251	-8.113
30.251	-8.113	28.484	-7.631
30.251	-8.113	29.804	-7.176
30.251	-8.113	30.530	-8.351
30.251	-8.113	30.567	-8.481
30.251	-8.113	30.526	-7.018
30.251	-8.113	30.246	-5.615
30.251	-8.113	30.358	-8.956
24.873	-8.265	27.452	-8.182
27.452	-8.182	27.535	-8.304
27.452	-8.182	27.463	-7.977
27.452	-8.182	27.450	-7.803
27.452	-8.182	27.532	-9.962
27.452	-8.182	27.010	-8.908
27.452	-8.182	26.395	-8.169
30.115	-11.286	32.454	-11.828
32.454	-11.828	32.459	-11.837
32.454	-11.828	32.525	-11.603
32.454	-11.828	32.313	-12.173
29.265	-10.180	30.115	-11.286
30.115	-11.286	30.220	-10.779
30.115	-11.286	29.993	-11.275
30.115	-11.286	30.160	-11.465
26.210	-9.521	29.265	-10.180
29.265	-10.180	28.727	-9.759
29.265	-10.180	29.804	-10.391
29.265	-10.180	29.350	-9.304
29.265	-10.180	28.885	-10.574
24.873	-8.265	26.210	-9.521
26.210	-9.521	25.343	-9.597
26.210	-9.521	26.348	-9.406
26.210	-9.521	26.511	-8.808
26.210	-9.521	26.360	-10.068
19.626	-7.565	24.873	-8.265
24.873	-8.265	24.412	-8.612
24.873	-8.265	24.464	-8.085
24.873	-8.265	23.884	-8.779
17.219	-6.722	19.626	-7.565
19.626	-7.565	19.205	-7.440
19.626	-7.565	19.656	-8.331
19.626	-7.565	19.326	-6.947
19.626	-7.565	19.694	-7.566
19.626	-7.565	19.578	-4.186
13.748	-5.006	17.219	-6.722
13.748	-5.006	13.748	-5.006
57.173	-13.396	56.441	-13.335	
57.173	-13.396	57.392	-13.289	
57.173	-13.396	56.977	-13.159	
55.328	-17.916	55.328	-18.361	
55.328	-17.916	55.339	-18.367	
55.328	-17.916	55.023	-18.066	
55.328	-17.916	54.996	-18.083	
55.328	-17.916	55.743	-17.865	
55.328	-17.916	55.745	-17.862	
52.596	-12.581	52.150	-12.959	
52.596	-12.581	52.589	-11.878	
52.596	-12.581	52.869	-12.940	
50.216	-15.885	50.429	-15.887	
50.216	-15.885	50.580	-14.820	
48.746	-12.525	49.133	-12.494	
48.746	-12.525	48.433	-12.577	
48.746	-12.525	48.779	-13.510	
48.746	-12.525	48.846	-12.334	
45.606	-15.490	44.739	-14.708	
45.606	-15.490	45.403	-15.796	
45.606	-15.490	45.782	-15.776	
38.963	-7.966	39.196	-8.138	
38.963	-7.966	38.129	-8.145	
38.963	-7.966	38.996	-8.440	
38.963	-7.966	39.426	-9.126	
26.320	-6.198	28.447	-5.716	
26.320	-6.198	28.169	-5.261	
26.320	-6.198	25.876	-6.436	
26.320	-6.198	25.325	-6.566	
26.320	-6.198	26.111	-5.103	
26.320	-6.198	26.635	-3.700	
26.320	-6.198	26.273	-7.041	
27.620	-1.403	26.654	-1.525	
27.620	-1.403	28.932	-1.198	
27.620	-1.403	27.562	-1.024	
27.620	-1.403	26.965	-3.183	
27.620	-1.403	27.360	-2.129	
27.620	-1.403	27.839	-1.390	
15.698	6.044	16.439	6.169	
15.698	6.044	15.721	5.278	
15.698	6.044	16.099	6.662	
15.698	6.044	15.490	6.043	
15.698	6.044	17.409	9.423	
POLYLINE BLACK
57.113	-13.096
57.123	-13.116
57.063	-13.126
57.043	-13.116
57.023	-13.126
57.003	-13.116
56.943	-13.136
56.923	-13.126
56.883	-13.146
56.833	-13.146
56.693	-13.186
56.673	-13.176
56.653	-13.186
56.633	-13.176
56.613	-13.196
56.573	-13.196
56.533	-13.206
56.513	-13.206
56.443	-13.276
56.423	-13.336
56.423	-13.376
56.473	-13.436
56.493	-13.436
56.533	-13.466
56.553	-13.456
56.613	-13.476
56.713	-13.476
56.733	-13.466
56.793	-13.486
56.833	-13.476
56.893	-13.466
56.913	-13.476
56.953	-13.466
57.013	-13.466
57.053	-13.476
57.073	-13.466
57.113	-13.476
57.153	-13.466
57.193	-13.466
57.313	-13.416
57.353	-13.416
57.433	-13.366
57.463	-13.326
57.463	-13.266
57.433	-13.206
57.423	-13.166
57.383	-13.096
57.323	-13.066
57.283	-13.076
57.193	-13.056
57.113	-13.066
57.093	-13.066
POLYLINE BLACK
56.343	-13.206
POLYLINE CONNECT
57.173	-13.396
56.983	-13.015
POLYLINE BLACK
55.313	-17.836
55.273	-17.846
55.173	-17.846
55.053	-17.876
55.043	-17.896
55.023	-17.896
54.973	-17.976
54.963	-18.016
54.973	-18.066
55.063	-18.186
55.093	-18.216
55.143	-18.296
55.223	-18.346
55.263	-18.346
55.283	-18.356
55.363	-18.326
55.383	-18.336
55.503	-18.296
55.573	-18.226
55.573	-18.206
55.593	-18.206
55.713	-18.066
55.753	-17.936
55.753	-17.886
55.763	-17.846
55.733	-17.816
55.673	-17.786
55.463	-17.786
55.403	-17.806
55.353	-17.796
55.313	-17.806
55.273	-17.816
55.233	-17.806
55.213	-17.826
POLYLINE BLACK
55.283	-17.866
55.283	-17.886
POLYLINE CONNECT
55.328	-17.916
55.128	-13.156
POLYLINE BLACK
57.538	-12.086
57.478	-12.106
57.448	-12.156
57.428	-12.226
57.448	-12.266
57.488	-12.276
57.548	-12.236
57.568	-12.216
57.568	-12.116
57.548	-12.136
57.548	-12.176
57.528	-12.256
57.528	-12.286
57.478	-12.426
57.388	-12.476
57.308	-12.506
57.278	-12.496
57.248	-12.506
57.148	-12.506
57.088	-12.476
POLYLINE BLACK
57.378	-12.026
POLYLINE BLACK
57.368	-12.096
57.368	-12.116
57.328	-12.156
57.318	-12.206
57.298	-12.246
POLYLINE BLACK
57.098	-11.826
57.128	-11.876
57.118	-11.916
57.088	-11.996
57.078	-12.046
57.028	-12.146
57.018	-12.186
57.008	-12.206
57.018	-12.166
57.048	-12.076
57.068	-12.056
57.078	-12.006
57.128	-11.896
57.168	-11.886
57.228	-11.856
57.248	-11.856
57.278	-11.946
57.278	-12.046
57.248	-12.126
57.218	-12.176
57.098	-12.246
57.058	-12.256
57.018	-12.276
POLYLINE BLACK
57.578	-11.666
57.558	-11.646
57.538	-11.726
57.538	-11.746
57.578	-11.626
57.578	-11.706
57.568	-11.756
57.568	-11.756
57.568	-11.646
57.558	-11.606
57.528	-11.636
57.488	-11.716
57.488	-11.746
57.478	-11.786
57.498	-11.706
57.498	-11.686
57.478	-11.726
57.468	-11.676
57.508	-11.616
57.528	-11.606
57.558	-11.636
57.568	-11.686
57.568	-11.726
57.548	-11.686
57.548	-11.656
57.538	-11.636
57.518	-11.636
57.478	-11.696
57.468	-11.736
57.508	-11.626
57.548	-11.586
57.568	-11.596
57.578	-11.656
57.568	-11.696
57.568	-11.736
POLYLINE BLACK
57.078	-12.016
57.058	-12.026
57.038	-12.106
57.028	-12.126
57.038	-12.086
57.088	-11.966
57.158	-11.906
57.198	-11.896
57.268	-11.936
57.298	-12.006
57.268	-12.086
57.268	-12.116
57.208	-12.166
57.168	-12.156
POLYLINE BLACK
58.138	-11.606
58.098	-11.606
58.058	-11.646
58.068	-11.686
58.088	-11.746
58.078	-11.796
58.048	-11.806
POLYLINE BLACK
57.978	-11.566
58.018	-11.536
58.038	-11.486
POLYLINE BLACK
57.588	-11.686
57.568	-11.796
57.588	-11.796
57.638	-11.726
57.688	-11.686
57.728	-11.616
57.708	-11.606
57.648	-11.656
57.648	-11.716
57.678	-11.746
57.698	-11.756
57.728	-11.726
57.778	-11.646
57.788	-11.666
57.778	-11.706
57.778	-11.746
57.798	-11.766
57.818	-11.746
57.848	-11.746
57.868	-11.656
57.868	-11.696
57.838	-11.766
57.838	-11.796
57.778	-11.976
57.738	-12.066
57.688	-12.096
57.628	-12.096
57.608	-12.086
57.598	-12.056
POLYLINE BLACK
57.198	-11.716
57.258	-11.636
57.268	-11.596
57.248	-11.586
57.178	-11.686
57.178	-11.776
57.198	-11.796
57.258	-11.756
57.278	-11.716
57.278	-11.716
57.328	-11.636
57.348	-11.626
57.358	-11.666
57.338	-11.726
57.338	-11.776
57.358	-11.786
57.488	-11.646
57.478	-11.686
57.448	-11.746
57.438	-11.726
57.468	-11.676
57.468	-11.656
57.508	-11.626
57.628	-11.676
57.628	-11.636
POLYLINE BLACK
57.128	-11.586
57.118	-11.626
57.118	-11.716
57.108	-11.756
57.108	-11.776
POLYLINE BLACK
57.048	-11.496
56.998	-11.636
56.998	-11.666
56.988	-11.706
57.128	-11.546
57.168	-11.506
57.198	-11.476
POLYLINE BLACK
57.468	-11.156
57.468	-11.136
57.398	-11.206
57.388	-11.246
57.418	-11.296
57.418	-11.336
57.378	-11.406
POLYLINE BLACK
57.238	-11.126
57.148	-11.286
57.268	-11.176
57.308	-11.166
57.308	-11.206
57.298	-11.226
POLYLINE BLACK
57.138	-11.106
POLYLINE BLACK
57.148	-11.106
57.098	-11.206
POLYLINE BLACK
57.008	-11.156
56.928	-11.206
56.898	-11.246
56.898	-11.286
56.908	-11.316
56.958	-11.326
56.998	-11.326
57.028	-11.286
57.038	-11.236
57.028	-11.216
POLYLINE BLACK
56.738	-11.086
POLYLINE BLACK
56.738	-11.236
56.758	-11.296
56.758	-11.326
56.708	-11.376
56.618	-11.406
POLYLINE BLACK
56.188	-11.516
56.228	-11.526
56.268	-11.516
56.298	-11.476
56.298	-11.436
56.308	-11.396
56.308	-11.276
POLYLINE BLACK
54.828	-12.986
54.868	-13.056
54.888	-13.076
54.928	-13.076
55.008	-13.026
55.168	-12.856
55.198	-12.806
55.238	-12.766
55.308	-12.666
55.348	-12.626
55.368	-12.626
55.428	-12.536
55.628	-12.246
55.678	-12.146
55.708	-12.096
55.818	-11.936
55.848	-11.886
55.908	-11.806
55.978	-11.736
56.008	-11.686
56.108	-11.606
56.148	-11.586
56.178	-11.556
56.218	-11.546
POLYLINE BLACK
54.728	-12.976
54.788	-13.076
54.828	-13.086
54.908	-13.056
POLYLINE BLACK
56.488	-11.836
56.528	-11.846
56.548	-11.866
56.548	-11.846
56.448	-11.846
56.428	-11.826
56.358	-11.826
56.338	-11.836
56.318	-11.826
56.258	-11.866
56.208	-11.916
56.168	-11.926
56.098	-12.026
56.078	-12.086
56.008	-12.166
56.008	-12.186
55.988	-12.206
55.978	-12.246
55.888	-12.366
55.818	-12.436
55.768	-12.516
55.768	-12.536
55.668	-12.676
55.518	-12.926
55.368	-13.176
55.268	-13.326
55.138	-13.546
POLYLINE BLACK
53.198	-14.796
53.348	-14.686
53.408	-14.636
53.538	-14.546
53.668	-14.436
53.708	-14.406
53.748	-14.396
53.988	-14.246
54.148	-14.166
54.168	-14.146
54.208	-14.136
54.238	-14.106
54.378	-14.036
54.398	-14.016
54.538	-13.956
54.588	-13.916
54.628	-13.906
54.648	-13.886
54.678	-13.886
54.718	-13.856
54.828	-13.806
54.878	-13.776
54.958	-13.756
55.098	-13.646
55.108	-13.606
55.158	-13.526
55.188	-13.476
55.188	-13.456
POLYLINE BLACK
53.118	-14.766
53.158	-14.756
53.308	-14.646
53.348	-14.636
53.388	-14.616
POLYLINE BLACK
54.018	-13.186
54.028	-13.206
54.028	-13.186
54.048	-13.196
54.118	-13.176
54.228	-13.156
54.248	-13.136
54.288	-13.136
54.328	-13.126
54.368	-13.126
54.448	-13.106
54.568	-13.106
54.628	-13.086
54.668	-13.086
54.798	-13.056
54.858	-13.036
54.878	-13.036
POLYLINE BLACK
52.878	-13.576
52.918	-13.566
53.068	-13.496
53.088	-13.476
53.128	-13.476
53.208	-13.426
53.238	-13.426
53.488	-13.336
53.518	-13.336
53.608	-13.296
53.698	-13.276
53.768	-13.246
53.848	-13.246
54.078	-13.206
POLYLINE BLUE
53.548	-11.503
53.520	-11.482
53.555	-11.433
POLYLINE BLUE
52.610	-12.959
52.624	-12.959
52.638	-12.952
POLYLINE BLUE
52.414	-12.938
52.428	-12.952
52.463	-12.938
52.477	-12.945
52.505	-12.938
52.554	-12.931
POLYLINE BLUE
52.162	-12.973
52.204	-12.945
52.239	-12.945
52.316	-12.924
52.344	-12.924
52.379	-12.910
52.407	-12.910
52.435	-12.903
52.463	-12.903
52.477	-12.896
52.512	-12.903
52.526	-12.903
52.603	-12.931
52.638	-12.931
52.666	-12.938
52.729	-12.938
52.757	-12.945
52.806	-12.945
52.834	-12.952
52.848	-12.952
POLYLINE BLUE
52.393	-12.980
52.386	-12.994
52.414	-12.966
52.484	-12.917
POLYLINE BLUE
52.239	-13.001
52.239	-13.015
52.253	-13.015
52.323	-12.959
52.386	-12.945
POLYLINE BLACK
52.547	-11.846
52.589	-11.867
52.617	-11.902
52.631	-11.902
52.666	-11.930
52.708	-11.986
52.722	-12.014
52.722	-12.028
52.729	-12.056
52.729	-12.098
52.722	-12.112
52.722	-12.133
52.701	-12.175
52.701	-12.203
52.694	-12.231
52.694	-12.455
52.708	-12.483
52.708	-12.497
52.722	-12.511
52.722	-12.525
52.764	-12.602
52.785	-12.630
52.799	-12.637
52.799	-12.651
52.806	-12.679
52.806	-12.707
52.813	-12.735
52.813	-12.763
52.827	-12.812
52.827	-12.826
52.834	-12.840
52.841	-12.889
52.848	-12.952
52.848	-12.966
POLYLINE BLACK
52.561	-11.853
52.533	-11.832
52.526	-11.818
52.498	-11.811
52.470	-11.811
52.449	-11.818
52.421	-11.860
52.421	-11.965
52.379	-12.070
52.365	-12.084
52.351	-12.119
52.323	-12.161
52.281	-12.252
52.281	-12.280
52.260	-12.357
52.253	-12.392
52.246	-12.441
52.232	-12.490
52.232	-12.504
52.225	-12.518
52.225	-12.539
52.218	-12.567
52.218	-12.651
52.211	-12.665
52.211	-12.791
52.204	-12.819
52.204	-12.833
52.197	-12.861
52.197	-12.875
52.183	-12.903
52.183	-12.924
52.169	-12.952
52.169	-12.966
52.162	-12.980
52.183	-13.008
52.197	-13.015
52.211	-13.008
52.239	-13.015
52.281	-13.015
52.309	-13.001
52.323	-13.008
52.344	-13.008
52.400	-12.980
52.435	-12.973
52.463	-12.966
52.491	-12.966
52.505	-12.973
52.519	-12.959
52.547	-12.959
52.561	-12.952
52.624	-12.952
52.638	-12.959
52.666	-12.952
52.694	-12.959
52.722	-12.952
52.750	-12.959
52.806	-12.959
52.834	-12.966
52.897	-12.966
POLYLINE CONNECT
52.596	-12.581
52.915	-14.516
POLYLINE BLACK
50.853	-12.574
POLYLINE BLUE
52.764	-14.793
52.792	-14.786
52.820	-14.793
52.834	-14.793
52.862	-14.786
52.890	-14.793
52.918	-14.793
52.932	-14.800
52.960	-14.793
53.002	-14.793
53.016	-14.800
53.030	-14.786
53.044	-14.786
53.072	-14.793
53.086	-14.786
53.107	-14.786
POLYLINE BLACK
52.960	-14.800
52.981	-14.828
52.995	-14.828
53.023	-14.821
53.037	-14.821
53.051	-14.828
53.093	-14.807
53.128	-14.807
53.198	-14.772
53.212	-14.758
POLYLINE BLUE
52.995	-14.835
53.009	-14.835
53.072	-14.793
53.128	-14.772
POLYLINE BLUE
52.918	-14.814
52.925	-14.828
52.960	-14.828
53.002	-14.807
53.016	-14.807
POLYLINE BLUE
52.813	-14.828
52.960	-14.772
52.974	-14.772
POLYLINE BLUE
52.750	-14.821
52.764	-14.821
52.841	-14.800
52.855	-14.800
52.876	-14.786
52.890	-14.786
POLYLINE BLACK
50.853	-14.660
50.867	-14.660
50.881	-14.674
50.895	-14.674
50.909	-14.681
50.930	-14.681
50.958	-14.688
50.979	-14.688
51.007	-14.702
51.056	-14.709
51.070	-14.716
51.084	-14.709
51.133	-14.730
51.231	-14.730
51.259	-14.737
51.294	-14.737
51.329	-14.730
51.343	-14.737
51.525	-14.737
51.609	-14.723
51.665	-14.716
51.728	-14.716
51.756	-14.709
51.854	-14.709
51.868	-14.702
51.903	-14.709
51.917	-14.709
51.931	-14.702
51.952	-14.702
51.980	-14.716
52.001	-14.716
52.029	-14.709
52.050	-14.709
52.064	-14.716
52.120	-14.716
52.141	-14.709
52.169	-14.716
52.225	-14.716
52.253	-14.723
52.267	-14.723
52.309	-14.744
52.358	-14.737
52.386	-14.744
52.400	-14.744
52.428	-14.758
52.442	-14.758
52.484	-14.772
52.498	-14.765
52.526	-14.786
52.554	-14.786
52.603	-14.807
52.659	-14.807
52.673	-14.821
52.687	-14.821
52.701	-14.814
52.729	-14.828
52.792	-14.828
52.806	-14.835
52.834	-14.828
52.848	-14.828
52.862	-14.835
52.890	-14.828
52.974	-14.849
52.988	-14.835
53.016	-14.849
POLYLINE BLACK
50.510	-13.561
50.524	-13.575
50.573	-13.575
50.608	-13.582
50.685	-13.582
50.720	-13.596
50.748	-13.582
50.776	-13.589
50.797	-13.589
50.811	-13.582
50.832	-13.582
50.867	-13.575
50.909	-13.575
50.930	-13.568
50.944	-13.575
50.972	-13.568
51.007	-13.568
51.021	-13.561
51.063	-13.561
51.105	-13.554
51.133	-13.554
51.245	-13.526
51.322	-13.526
51.350	-13.519
51.371	-13.526
51.399	-13.519
51.434	-13.526
51.455	-13.526
51.469	-13.533
51.504	-13.533
51.539	-13.540
51.574	-13.547
51.602	-13.554
51.651	-13.561
51.707	-13.582
51.770	-13.589
51.791	-13.589
51.826	-13.596
51.875	-13.596
51.924	-13.610
51.938	-13.617
51.959	-13.610
52.008	-13.624
52.078	-13.624
52.092	-13.631
52.162	-13.631
52.176	-13.638
52.204	-13.631
52.239	-13.631
52.267	-13.624
52.323	-13.624
52.351	-13.617
52.365	-13.617
52.379	-13.610
52.428	-13.610
52.456	-13.596
52.498	-13.596
52.512	-13.603
52.526	-13.596
52.596	-13.645
52.631	-13.694
52.652	-13.708
52.673	-13.750
52.687	-13.750
52.701	-13.757
52.736	-13.799
52.750	-13.785
52.764	-13.750
52.764	-13.736
52.771	-13.708
52.771	-13.687
52.778	-13.659
52.799	-13.631
52.813	-13.631
52.841	-13.610
52.855	-13.617
52.883	-13.610
52.904	-13.610
POLYLINE BLACK
51.350	-14.072
POLYLINE BLACK
50.503	-14.758
50.517	-14.793
50.517	-14.807
50.531	-14.821
50.552	-14.814
50.594	-14.835
50.594	-14.877
50.601	-14.905
50.601	-14.947
50.594	-14.975
50.594	-14.996
50.587	-15.024
50.587	-15.038
50.580	-15.066
50.580	-15.080
50.573	-15.094
50.573	-15.115
50.566	-15.129
50.566	-15.150
50.552	-15.178
50.552	-15.192
50.545	-15.206
50.545	-15.227
50.531	-15.262
50.531	-15.276
50.517	-15.332
50.510	-15.395
50.510	-15.423
50.496	-15.493
50.496	-15.507
50.489	-15.535
50.489	-15.556
50.482	-15.570
50.482	-15.605
50.475	-15.633
50.475	-15.703
50.468	-15.731
50.468	-15.836
50.454	-15.864
50.454	-15.878
50.412	-15.899
50.384	-15.899
50.356	-15.892
50.342	-15.892
50.286	-15.871
50.251	-15.878
50.223	-15.878
50.209	-15.871
50.202	-15.885
50.174	-15.878
50.160	-15.878
50.132	-15.864
POLYLINE BLACK
50.167	-15.857
50.181	-15.822
50.181	-15.773
50.195	-15.724
50.195	-15.689
50.202	-15.661
50.202	-15.647
50.216	-15.605
50.216	-15.584
50.237	-15.535
50.237	-15.493
50.265	-15.395
50.279	-15.381
50.384	-15.150
50.419	-15.108
50.447	-15.031
50.503	-14.912
50.503	-14.884
50.524	-14.842
50.538	-14.828
50.552	-14.828
50.559	-14.807
50.573	-14.800
POLYLINE CONNECT
50.216	-15.885
50.813	-14.639
POLYLINE BLACK
49.418	-14.772
49.432	-14.765
49.467	-14.772
49.530	-14.765
49.565	-14.765
49.579	-14.772
49.628	-14.772
49.642	-14.779
49.677	-14.772
49.733	-14.772
49.768	-14.779
49.803	-14.779
49.817	-14.772
49.859	-14.772
49.873	-14.779
49.936	-14.779
49.950	-14.772
49.964	-14.779
49.985	-14.779
50.034	-14.793
50.139	-14.793
50.153	-14.800
50.188	-14.800
50.202	-14.793
50.251	-14.807
50.286	-14.800
50.342	-14.800
50.370	-14.793
50.398	-14.793
50.426	-14.779
50.454	-14.786
50.531	-14.758
50.559	-14.765
50.587	-14.751
50.636	-14.744
50.678	-14.723
50.692	-14.730
50.769	-14.695
50.783	-14.695
50.853	-14.660
POLYLINE BLACK
49.383	-13.582
49.397	-13.589
49.439	-13.568
49.453	-13.568
49.467	-13.575
49.495	-13.568
49.523	-13.582
49.558	-13.568
49.586	-13.575
49.621	-13.575
49.649	-13.582
49.677	-13.582
49.712	-13.596
49.817	-13.596
49.852	-13.610
49.922	-13.610
49.936	-13.617
49.971	-13.617
49.985	-13.610
50.006	-13.610
50.034	-13.624
50.048	-13.624
50.062	-13.617
50.097	-13.617
50.125	-13.610
50.160	-13.610
50.174	-13.603
50.265	-13.603
50.293	-13.596
50.307	-13.596
50.321	-13.603
50.370	-13.589
50.398	-13.596
50.412	-13.596
50.426	-13.589
50.440	-13.596
50.468	-13.589
50.489	-13.589
50.503	-13.582
50.531	-13.589
50.552	-13.589
POLYLINE BLACK
48.095	-12.413
48.123	-12.420
48.158	-12.413
48.172	-12.420
48.242	-12.420
POLYLINE BLACK
47.843	-12.448
47.899	-12.462
48.004	-12.462
48.018	-12.469
48.032	-12.462
POLYLINE BLACK
47.598	-12.504
47.668	-12.504
47.682	-12.511
47.696	-12.504
47.710	-12.511
47.724	-12.504
POLYLINE BLACK
47.822	-13.414
47.787	-13.414
47.738	-13.421
POLYLINE BLACK
48.095	-13.428
48.095	-13.442
48.039	-13.463
47.997	-13.463
POLYLINE BLACK
48.438	-13.477
48.424	-13.477
48.410	-13.470
48.368	-13.484
48.333	-13.477
48.284	-13.477
POLYLINE BLACK
47.955	-12.483
47.941	-12.476
47.906	-12.497
47.871	-12.504
POLYLINE BLACK
48.172	-12.448
48.158	-12.448
48.130	-12.441
48.116	-12.441
POLYLINE BLACK
48.375	-12.399
48.361	-12.413
48.347	-12.413
POLYLINE BLACK
49.229	-13.309
49.250	-13.337
49.250	-13.323
49.257	-13.295
49.257	-13.246
49.229	-13.148
49.208	-13.092
49.208	-12.952
49.201	-12.917
49.201	-12.903
49.173	-12.826
49.173	-12.812
49.159	-12.784
49.159	-12.770
49.152	-12.742
49.152	-12.630
49.124	-12.539
49.110	-12.511
49.110	-12.497
49.075	-12.441
49.040	-12.399
49.033	-12.371
49.033	-12.357
49.019	-12.329
48.991	-12.315
48.963	-12.315
48.949	-12.301
48.935	-12.315
48.921	-12.301
48.907	-12.308
48.879	-12.301
48.865	-12.308
48.837	-12.294
48.809	-12.294
48.781	-12.280
48.739	-12.280
48.711	-12.273
48.697	-12.273
48.669	-12.266
48.655	-12.273
48.641	-12.266
48.592	-12.287
48.578	-12.287
48.536	-12.315
48.522	-12.315
48.494	-12.322
48.480	-12.322
48.452	-12.329
48.424	-12.322
48.410	-12.329
48.396	-12.322
48.375	-12.329
48.347	-12.315
48.333	-12.315
48.396	-12.385
48.417	-12.413
48.424	-12.448
48.431	-12.476
48.431	-12.490
48.438	-12.518
48.438	-12.553
48.445	-12.567
48.445	-12.630
POLYLINE BLACK
48.928	-13.456
48.942	-13.456
48.970	-13.449
49.019	-13.449
49.068	-13.428
49.089	-13.428
49.131	-13.414
49.145	-13.400
49.159	-13.407
49.187	-13.400
49.201	-13.400
49.229	-13.386
49.257	-13.393
49.271	-13.386
49.278	-13.372
POLYLINE BLACK
48.634	-13.484
48.634	-13.470
48.627	-13.456
48.627	-13.435
48.620	-13.407
48.620	-13.393
48.606	-13.365
48.606	-13.337
48.550	-13.218
48.529	-13.190
48.529	-13.169
48.494	-13.050
48.494	-13.029
48.487	-13.001
48.487	-12.987
48.480	-12.959
48.473	-12.896
48.466	-12.882
48.466	-12.847
48.459	-12.819
48.459	-12.805
48.452	-12.777
48.452	-12.714
48.445	-12.700
48.452	-12.672
48.452	-12.616
48.445	-12.595
POLYLINE BLACK
48.634	-13.463
48.641	-13.477
48.627	-13.484
48.599	-13.477
48.585	-13.477
48.557	-13.470
48.529	-13.477
48.515	-13.477
POLYLINE BLACK
48.697	-13.477
48.711	-13.491
48.704	-13.505
48.655	-13.526
48.641	-13.526
48.655	-13.512
48.669	-13.512
48.718	-13.491
48.746	-13.491
48.760	-13.498
48.788	-13.491
48.886	-13.491
48.914	-13.484
48.928	-13.484
48.942	-13.477
POLYLINE CONNECT
48.746	-12.525
49.501	-13.778
POLYLINE BLUE
47.682	-14.380
47.675	-14.394
47.689	-14.415
47.801	-14.471
47.815	-14.485
47.752	-14.562
47.738	-14.569
POLYLINE BLUE
47.157	-14.268
47.269	-14.268
47.283	-14.275
47.304	-14.275
47.339	-14.331
47.437	-14.422
47.556	-14.457
47.570	-14.450
47.591	-14.450
47.689	-14.478
POLYLINE BLACK
48.123	-14.667
48.123	-14.688
48.109	-14.674
48.186	-14.674
48.221	-14.681
48.263	-14.681
48.277	-14.695
48.291	-14.695
48.319	-14.709
48.333	-14.702
48.347	-14.709
48.368	-14.709
48.396	-14.723
48.410	-14.723
48.424	-14.730
48.494	-14.730
48.508	-14.744
48.543	-14.751
48.599	-14.765
48.641	-14.772
48.662	-14.779
48.690	-14.779
48.753	-14.793
48.802	-14.793
48.830	-14.800
48.907	-14.800
48.963	-14.814
49.026	-14.807
49.061	-14.807
49.089	-14.800
49.152	-14.800
49.180	-14.793
49.194	-14.793
49.208	-14.786
49.222	-14.793
49.250	-14.786
49.306	-14.786
49.320	-14.779
49.348	-14.786
49.362	-14.786
49.376	-14.779
49.390	-14.786
49.404	-14.779
49.418	-14.786
49.432	-14.772
49.446	-14.779
POLYLINE BLACK
47.948	-13.638
47.976	-13.645
47.990	-13.645
48.004	-13.638
48.067	-13.638
48.095	-13.617
48.123	-13.617
48.172	-13.603
48.186	-13.603
48.200	-13.596
48.235	-13.596
48.263	-13.589
48.291	-13.589
48.319	-13.596
48.347	-13.589
48.452	-13.589
48.466	-13.582
48.487	-13.589
48.515	-13.582
48.529	-13.582
48.543	-13.575
48.578	-13.589
48.592	-13.589
48.620	-13.582
48.662	-13.582
48.697	-13.589
48.725	-13.589
48.760	-13.582
48.823	-13.582
48.858	-13.575
48.886	-13.575
48.914	-13.582
48.928	-13.582
49.005	-13.561
49.033	-13.575
49.061	-13.575
49.089	-13.568
49.110	-13.568
49.124	-13.575
49.145	-13.575
49.173	-13.582
49.208	-13.582
49.243	-13.575
49.285	-13.575
49.313	-13.582
49.334	-13.575
49.362	-13.582
POLYLINE BLACK
46.346	-13.670
46.386	-13.680
46.426	-13.690
46.506	-13.710
46.576	-13.700
46.656	-13.710
46.676	-13.700
46.696	-13.720
46.786	-13.730
46.886	-13.750
46.926	-13.750
46.966	-13.760
47.046	-13.770
47.086	-13.780
47.106	-13.770
47.126	-13.780
47.166	-13.770
47.216	-13.770
47.256	-13.750
47.276	-13.760
47.336	-13.740
47.356	-13.750
47.506	-13.720
47.546	-13.720
47.586	-13.700
47.636	-13.700
47.676	-13.690
47.736	-13.690
47.776	-13.680
47.866	-13.670
47.906	-13.660
47.946	-13.660
47.986	-13.640
48.026	-13.650
48.046	-13.640
POLYLINE BLACK
46.656	-14.210
46.926	-14.280
47.316	-14.440
47.626	-14.540
47.846	-14.580
47.946	-14.600
48.146	-14.660
48.166	-14.670
POLYLINE BROWN
44.346	-11.960
POLYLINE BROWN
45.376	-15.750
45.376	-15.780
45.466	-15.810
45.526	-15.810
45.576	-15.820
45.656	-15.820
45.676	-15.810
45.716	-15.820
45.756	-15.800
45.806	-15.810
45.846	-15.800
45.846	-15.740
45.786	-15.660
45.756	-15.630
45.726	-15.580
45.706	-15.590
45.686	-15.580
45.676	-15.550
45.586	-15.490
45.516	-15.390
45.496	-15.330
45.466	-15.280
45.396	-15.210
45.336	-15.160
45.336	-15.140
45.296	-15.100
45.196	-14.960
45.166	-14.930
45.026	-14.780
45.006	-14.780
44.986	-14.760
44.946	-14.760
44.916	-14.730
44.896	-14.730
44.816	-14.670
44.776	-14.660
44.756	-14.680
44.736	-14.670
44.706	-14.710
44.706	-14.820
44.756	-14.940
44.876	-15.100
44.986	-15.210
45.086	-15.340
45.146	-15.390
45.186	-15.460
45.236	-15.520
45.256	-15.620
45.296	-15.660
45.326	-15.710
45.356	-15.750
45.396	-15.760
POLYLINE CONNECT
45.606	-15.490
47.975	-14.337
POLYLINE BLACK
45.796	-14.200
45.836	-14.200
45.966	-14.230
46.016	-14.230
46.056	-14.240
46.086	-14.240
46.136	-14.250
46.206	-14.250
46.256	-14.240
46.326	-14.230
46.366	-14.240
46.476	-14.240
46.516	-14.230
46.606	-14.220
46.646	-14.220
46.666	-14.230
POLYLINE BLACK
45.326	-12.090
45.356	-12.140
45.346	-12.160
45.356	-12.200
45.376	-12.300
45.406	-12.370
45.466	-12.470
45.486	-12.520
45.526	-12.580
45.526	-12.630
45.556	-12.730
45.556	-12.760
45.616	-12.860
45.676	-12.960
45.756	-13.120
45.786	-13.170
45.826	-13.230
45.976	-13.440
45.976	-13.460
46.016	-13.470
46.116	-13.540
46.246	-13.590
46.286	-13.620
46.316	-13.620
46.376	-13.670
POLYLINE BLACK
45.286	-12.050
POLYLINE BLACK
46.396	-11.600
46.416	-11.620
46.456	-11.620
46.526	-11.640
46.596	-11.710
46.616	-11.770
46.596	-11.810
46.566	-11.830
46.486	-11.840
46.416	-11.840
46.386	-11.830
46.336	-11.830
46.206	-11.790
46.136	-11.790
46.116	-11.780
46.096	-11.790
46.046	-11.790
46.026	-11.780
45.966	-11.780
45.946	-11.770
45.906	-11.790
45.866	-11.780
45.846	-11.790
45.806	-11.780
45.716	-11.780
45.676	-11.810
45.636	-11.820
45.616	-11.800
45.596	-11.800
45.576	-11.780
45.536	-11.780
45.476	-11.750
45.456	-11.760
45.416	-11.750
45.406	-11.770
45.386	-11.770
45.366	-11.860
45.366	-11.920
45.286	-12.060
45.286	-12.180
45.296	-12.220
45.296	-12.240
45.316	-12.260
POLYLINE BLACK
44.556	-11.070
44.626	-11.090
44.716	-11.090
44.786	-11.100
44.866	-11.130
44.916	-11.140
44.966	-11.170
45.196	-11.240
45.296	-11.270
45.396	-11.290
45.636	-11.380
45.886	-11.450
46.066	-11.480
46.276	-11.560
46.296	-11.560
46.316	-11.580
46.356	-11.590
46.416	-11.630
46.456	-11.640
46.516	-11.670
POLYLINE BLACK
44.446	-12.650
44.486	-12.670
44.556	-12.790
44.666	-13.010
44.756	-13.140
44.816	-13.200
44.916	-13.350
45.006	-13.490
45.066	-13.600
45.136	-13.690
45.276	-13.830
45.376	-13.910
45.396	-13.940
45.426	-13.950
45.446	-13.980
45.516	-14.020
45.686	-14.150
45.756	-14.190
45.786	-14.190
POLYLINE BLACK
44.056	-11.500
44.156	-11.700
44.196	-11.740
44.246	-11.980
44.246	-12.010
44.256	-12.050
44.266	-12.160
44.276	-12.200
44.276	-12.270
44.286	-12.310
44.286	-12.380
44.296	-12.400
44.296	-12.440
44.326	-12.550
44.416	-12.700
POLYLINE BLACK
42.756	-11.750
42.756	-11.770
42.796	-11.780
42.856	-11.780
42.896	-11.770
42.946	-11.780
42.986	-11.770
43.026	-11.780
43.096	-11.770
43.286	-11.780
43.306	-11.790
43.356	-11.790
43.436	-11.810
43.536	-11.800
43.556	-11.790
43.596	-11.800
43.636	-11.800
43.706	-11.790
43.786	-11.780
43.856	-11.770
43.936	-11.760
44.026	-11.740
44.046	-11.750
44.106	-11.730
44.126	-11.740
44.146	-11.720
44.206	-11.720
POLYLINE BROWN
49.656	-5.865
49.686	-5.880
49.716	-5.865
49.746	-5.880
49.776	-5.865
49.866	-5.895
49.896	-5.880
49.971	-5.895
50.001	-5.895
50.121	-5.925
50.181	-5.925
50.241	-5.910
50.271	-5.910
50.331	-5.925
POLYLINE BROWN
48.981	-4.755
49.101	-4.830
49.191	-4.830
49.221	-4.845
49.296	-4.845
49.356	-4.860
49.416	-4.860
49.476	-4.875
POLYLINE BROWN
48.876	-4.725
48.936	-4.770
48.966	-4.770
49.026	-4.785
49.101	-4.800
49.131	-4.785
49.251	-4.860
49.281	-4.860
POLYLINE BROWN
49.086	-4.755
49.101	-4.785
49.041	-4.800
48.981	-4.800
48.921	-4.830
48.846	-4.830
48.786	-4.860
48.756	-4.860
48.636	-4.890
48.561	-4.890
48.501	-4.935
48.471	-4.935
48.441	-4.950
48.411	-4.935
48.381	-4.950
48.321	-4.920
48.261	-4.920
48.201	-4.890
48.171	-4.890
48.111	-4.875
48.021	-4.875
47.931	-4.920
47.901	-4.920
47.871	-4.950
47.841	-4.950
47.811	-4.965
47.781	-5.010
47.751	-5.010
47.751	-5.040
47.721	-5.100
47.721	-5.130
47.691	-5.190
47.661	-5.355
47.661	-5.385
47.646	-5.445
47.646	-5.985
47.661	-6.060
47.661	-6.120
47.676	-6.150
47.676	-6.465
47.691	-6.540
47.691	-6.645
47.706	-6.705
47.706	-6.780
47.721	-6.840
47.721	-6.945
47.736	-7.005
47.736	-7.065
47.721	-7.140
47.721	-7.560
47.736	-7.620
47.736	-7.650
47.751	-7.680
47.751	-7.890
47.736	-7.965
47.736	-8.025
47.721	-8.100
47.721	-8.130
47.691	-8.250
47.691	-8.280
47.631	-8.445
47.526	-8.670
47.466	-8.760
47.436	-8.775
47.421	-8.805
47.361	-8.820
47.316	-8.880
47.286	-8.880
47.121	-8.925
47.091	-8.910
47.031	-8.940
46.971	-8.910
POLYLINE BROWN
49.206	-5.949
49.213	-5.963
49.227	-5.963
49.262	-5.907
49.290	-5.886
49.304	-5.886
49.332	-5.872
49.346	-5.872
49.388	-5.886
49.416	-5.879
49.479	-5.893
49.591	-5.893
49.619	-5.886
49.710	-5.886
49.738	-5.893
49.752	-5.893
POLYLINE BROWN
49.633	-8.819
49.619	-8.784
49.619	-8.721
49.626	-8.693
49.626	-8.644
49.633	-8.616
49.633	-8.518
49.640	-8.490
49.640	-8.455
49.633	-8.441
49.633	-8.420
49.619	-8.364
49.612	-8.315
49.584	-8.259
49.584	-8.238
49.563	-8.189
49.556	-8.154
49.500	-8.042
49.486	-8.028
49.458	-7.965
49.437	-7.937
49.430	-7.902
49.416	-7.888
49.360	-7.769
49.353	-7.720
49.332	-7.657
49.332	-7.636
49.318	-7.587
49.318	-7.552
49.304	-7.517
49.304	-7.475
49.297	-7.440
49.297	-7.419
49.290	-7.405
49.290	-7.342
49.283	-7.286
49.276	-7.223
49.262	-7.174
49.262	-7.160
49.255	-7.146
49.255	-7.097
49.241	-7.034
49.241	-6.894
49.248	-6.866
49.248	-6.817
49.255	-6.803
49.255	-6.768
49.262	-6.733
49.262	-6.712
49.269	-6.684
49.269	-6.572
49.262	-6.558
49.262	-6.481
49.255	-6.418
49.255	-6.397
49.248	-6.369
49.241	-6.306
49.227	-6.222
49.227	-6.089
49.234	-6.075
49.234	-6.005
49.248	-5.956
49.255	-5.942
POLYLINE BROWN
46.356	-10.197
46.376	-10.207
46.496	-10.197
46.556	-10.207
46.606	-10.197
46.696	-10.207
46.716	-10.217
46.766	-10.207
46.856	-10.217
46.896	-10.217
46.966	-10.197
47.086	-10.197
47.226	-10.147
47.396	-10.127
47.486	-10.097
47.596	-10.097
47.696	-10.077
47.716	-10.087
47.756	-10.077
47.796	-10.097
47.836	-10.087
47.856	-10.097
47.966	-10.087
48.016	-10.087
48.036	-10.097
48.106	-10.077
48.216	-10.077
48.256	-10.067
48.296	-10.057
48.346	-10.027
48.396	-10.027
48.436	-9.997
48.476	-9.987
48.516	-9.957
48.536	-9.957
48.576	-9.917
48.596	-9.917
48.696	-9.847
48.756	-9.847
48.796	-9.837
48.836	-9.837
48.896	-9.857
48.946	-9.857
49.006	-9.897
49.036	-9.897
49.096	-9.917
49.136	-9.917
49.206	-9.927
49.286	-9.937
49.426	-9.937
49.466	-9.947
49.506	-9.947
49.546	-9.937
49.626	-9.917
49.676	-9.847
49.686	-9.807
49.696	-9.767
49.706	-9.677
49.706	-9.537
49.696	-9.497
49.696	-9.447
49.686	-9.397
49.686	-9.327
49.676	-9.257
49.676	-9.187
49.666	-9.147
49.666	-9.037
49.646	-8.927
49.646	-8.887
49.616	-8.797
49.616	-8.767
49.596	-8.727
49.596	-8.697
49.566	-8.617
49.556	-8.527
49.546	-8.487
49.536	-8.397
49.526	-8.307
49.506	-8.207
POLYLINE BROWN
46.106	-8.977
46.126	-8.987
46.166	-8.977
46.206	-8.997
46.256	-8.997
46.386	-9.057
46.496	-9.057
46.586	-9.047
46.646	-9.027
46.696	-9.027
46.736	-9.007
46.766	-9.007
46.976	-8.947
47.096	-8.907
47.146	-8.907
47.226	-8.867
POLYLINE BLUE
46.186	-7.977
46.176	-7.997
46.306	-7.937
46.326	-7.937
POLYLINE BLUE
46.096	-8.167
46.106	-8.227
46.146	-8.267
POLYLINE BLUE
46.576	-8.027
46.586	-8.067
46.576	-8.117
46.566	-8.167
46.566	-8.107
46.616	-8.027
46.636	-8.017
POLYLINE BLUE
46.756	-8.037
46.766	-8.077
46.766	-8.097
46.796	-8.047
46.816	-8.037
46.836	-8.057
POLYLINE BLUE
46.666	-7.857
POLYLINE BLUE
46.726	-8.117
46.736	-8.157
46.726	-8.177
POLYLINE BLUE
46.396	-8.137
46.416	-8.147
46.426	-8.117
46.406	-8.097
46.366	-8.107
46.326	-8.137
46.326	-8.177
46.356	-8.227
46.416	-8.267
46.506	-8.247
46.526	-8.237
46.556	-8.167
46.556	-8.117
46.596	-8.017
46.616	-8.007
POLYLINE BLUE
46.196	-8.047
46.216	-8.027
POLYLINE BLUE
46.286	-7.747
46.226	-8.027
46.216	-8.137
46.226	-8.177
46.226	-8.247
46.246	-8.347
POLYLINE BLUE
46.146	-8.177
46.096	-8.167
46.046	-8.187
46.006	-8.227
46.016	-8.267
46.026	-8.287
46.046	-8.287
46.076	-8.237
46.096	-8.227
POLYLINE BLUE
45.586	-8.057
45.616	-8.147
45.616	-8.177
45.646	-8.237
45.646	-8.267
45.686	-8.327
45.706	-8.337
45.756	-8.277
45.786	-8.207
45.846	-8.257
45.866	-8.267
45.936	-8.197
45.956	-8.127
POLYLINE BLUE
46.196	-8.977
46.336	-9.077
46.396	-9.077
46.486	-8.997
46.596	-8.887
POLYLINE BLUE
46.386	-8.457
46.366	-8.457
46.276	-8.527
46.236	-8.647
46.236	-8.677
46.266	-8.757
46.296	-8.807
46.406	-8.997
46.406	-9.047
POLYLINE BROWN
46.236	-10.037
46.186	-10.027
46.146	-10.057
46.156	-10.107
46.186	-10.147
46.246	-10.147
46.296	-10.127
46.316	-10.107
46.306	-10.067
POLYLINE BROWN
45.826	-10.167
45.746	-10.227
45.756	-10.267
45.786	-10.287
45.826	-10.277
45.896	-10.207
45.906	-10.167
45.876	-10.137
45.856	-10.127
POLYLINE BROWN
46.106	-10.177
46.086	-10.167
45.986	-10.237
45.936	-10.327
45.936	-10.397
45.956	-10.417
46.026	-10.417
46.086	-10.377
46.156	-10.267
46.136	-10.197
46.076	-10.167
46.036	-10.177
POLYLINE BROWN
46.076	-10.187
45.996	-10.297
45.966	-10.317
45.886	-10.427
46.086	-10.387
46.126	-10.357
POLYLINE BROWN
45.696	-10.237
45.706	-10.287
45.776	-10.417
45.806	-10.457
45.816	-10.497
POLYLINE BROWN
44.096	-11.417
44.116	-11.427
44.296	-11.267
44.416	-11.177
44.616	-11.067
44.666	-11.037
44.776	-10.967
44.926	-10.877
44.946	-10.857
44.986	-10.847
45.036	-10.817
45.076	-10.787
45.286	-10.667
45.326	-10.657
45.386	-10.617
45.426	-10.617
45.526	-10.567
45.576	-10.557
45.646	-10.527
45.706	-10.487
45.746	-10.477
45.806	-10.437
POLYLINE BROWN
43.866	-11.177
43.956	-11.107
44.076	-11.057
44.246	-10.937
44.376	-10.877
44.456	-10.827
44.476	-10.827
44.676	-10.687
44.806	-10.627
44.836	-10.627
44.926	-10.577
45.066	-10.527
45.136	-10.487
45.356	-10.387
45.446	-10.357
45.576	-10.287
45.636	-10.257
45.676	-10.257
POLYLINE BROWN
43.806	-11.137
43.806	-11.117
43.846	-11.157
43.946	-11.257
43.986	-11.307
44.006	-11.357
44.096	-11.447
44.116	-11.457
POLYLINE BROWN
46.296	-10.217
46.296	-10.217
46.366	-10.077
46.386	-10.057
46.386	-10.037
46.426	-10.007
POLYLINE BROWN
45.936	-10.557
45.936	-10.557
46.036	-10.477
46.056	-10.447
46.086	-10.437
46.116	-10.397
46.166	-10.367
46.226	-10.327
46.276	-10.277
46.276	-10.277
46.256	-10.277
46.136	-10.357
46.016	-10.457
45.906	-10.517
45.876	-10.557
45.846	-10.567
45.896	-10.527
45.966	-10.487
46.196	-10.297
46.236	-10.257
46.256	-10.257
46.286	-10.237
46.326	-10.227
46.356	-10.197
POLYLINE BROWN
43.106	-11.747
43.116	-11.767
43.176	-11.727
43.216	-11.727
43.236	-11.707
43.256	-11.717
43.276	-11.697
43.316	-11.687
43.446	-11.637
43.456	-11.617
43.496	-11.607
43.556	-11.567
43.576	-11.567
43.616	-11.537
43.706	-11.527
43.826	-11.497
43.856	-11.497
44.036	-11.427
44.056	-11.407
44.116	-11.407
44.216	-11.347
44.226	-11.327
44.266	-11.317
44.446	-11.157
44.516	-11.077
44.536	-11.077
44.596	-11.027
44.666	-10.987
44.756	-10.917
44.886	-10.867
45.046	-10.807
45.066	-10.817
45.286	-10.757
45.396	-10.747
45.526	-10.697
45.596	-10.687
45.746	-10.617
45.896	-10.517
45.926	-10.487
POLYLINE BROWN
42.636	-11.867
42.656	-11.867
42.716	-11.827
42.756	-11.827
42.836	-11.797
42.886	-11.807
42.926	-11.787
42.966	-11.797
43.026	-11.797
43.106	-11.767
43.166	-11.727
POLYLINE BROWN
42.626	-11.787
42.626	-11.817
POLYLINE BROWN
44.096	-9.677
44.116	-9.727
44.136	-9.747
44.326	-9.617
44.456	-9.537
44.606	-9.467
44.726	-9.397
44.916	-9.327
45.016	-9.257
45.166	-9.187
45.196	-9.187
45.286	-9.167
45.336	-9.167
45.386	-9.147
45.416	-9.147
45.456	-9.137
45.536	-9.137
45.606	-9.107
45.656	-9.107
45.826	-9.067
45.846	-9.047
45.886	-9.037
46.196	-8.947
POLYLINE BROWN
42.516	-10.017
42.556	-10.037
42.726	-9.997
42.826	-9.987
43.126	-9.937
43.386	-9.917
43.516	-9.917
43.606	-9.907
43.696	-9.887
43.736	-9.887
43.796	-9.867
43.866	-9.857
44.126	-9.747
44.186	-9.727
44.206	-9.707
POLYLINE BROWN
42.386	-9.907
42.456	-10.017
42.476	-10.027
42.496	-10.007
42.496	-10.027
42.536	-10.037
POLYLINE BROWN
39.646	-12.437
39.746	-12.437
39.786	-12.427
39.816	-12.437
39.986	-12.397
40.066	-12.377
40.306	-12.377
40.356	-12.367
40.386	-12.367
40.476	-12.347
40.526	-12.347
40.566	-12.337
40.616	-12.337
40.736	-12.317
40.766	-12.317
40.886	-12.287
41.406	-12.097
41.456	-12.077
41.506	-12.077
41.586	-12.057
41.626	-12.057
41.676	-12.047
41.726	-12.057
41.776	-12.057
41.826	-12.047
42.026	-12.047
42.116	-12.017
42.146	-12.017
42.246	-11.987
42.296	-11.977
42.316	-11.957
42.336	-11.957
42.376	-11.927
42.416	-11.917
42.516	-11.857
42.556	-11.847
42.576	-11.827
42.596	-11.847
42.676	-11.797
POLYLINE BROWN
42.196	-9.287
42.256	-9.287
42.276	-9.277
42.296	-9.287
42.356	-9.267
42.396	-9.277
42.436	-9.337
42.456	-9.447
42.456	-9.537
42.466	-9.577
42.466	-9.977
42.496	-10.037
POLYLINE BROWN
41.266	-9.327
41.326	-9.397
41.346	-9.397
41.366	-9.357
41.466	-9.277
41.566	-9.227
41.606	-9.227
41.626	-9.237
41.646	-9.227
41.686	-9.237
41.726	-9.247
41.776	-9.257
41.826	-9.287
41.906	-9.337
41.946	-9.337
42.016	-9.357
42.056	-9.347
42.106	-9.347
42.186	-9.317
42.306	-9.317
POLYLINE BROWN
39.806	-11.347
39.846	-11.357
40.096	-11.307
40.146	-11.307
40.216	-11.287
40.266	-11.287
40.326	-11.247
40.386	-11.237
40.466	-11.187
40.606	-11.137
40.666	-11.097
40.756	-11.077
40.776	-11.057
40.866	-11.047
40.886	-11.037
40.906	-11.047
40.926	-11.027
40.946	-11.047
40.966	-11.047
40.986	-11.027
41.006	-11.037
41.026	-11.027
41.046	-11.037
41.106	-11.017
41.116	-10.967
41.116	-10.917
41.136	-10.827
41.146	-10.787
41.156	-10.717
41.156	-10.667
41.176	-10.587
41.176	-10.557
41.216	-10.447
41.226	-10.407
41.236	-10.367
41.236	-10.327
41.246	-10.277
41.246	-10.237
41.266	-10.137
41.276	-10.057
41.276	-9.987
41.286	-9.917
41.276	-9.877
41.276	-9.817
41.286	-9.767
41.286	-9.727
41.336	-9.577
41.336	-9.547
41.356	-9.487
41.356	-9.427
POLYLINE BLACK
39.280	-8.477
39.287	-8.491
39.273	-8.505
39.238	-8.498
39.210	-8.505
39.196	-8.505
39.182	-8.519
39.161	-8.519
39.119	-8.540
39.105	-8.533
39.077	-8.547
39.063	-8.547
39.049	-8.561
39.049	-8.575
39.077	-8.659
39.077	-8.673
39.091	-8.701
39.091	-8.715
39.112	-8.764
39.112	-8.785
39.126	-8.834
39.126	-8.855
39.133	-8.883
39.133	-8.918
39.140	-8.946
39.140	-9.016
39.147	-9.030
39.161	-9.030
39.189	-9.044
39.217	-9.044
39.252	-9.051
39.280	-9.051
39.329	-9.044
39.343	-9.037
39.357	-9.044
39.434	-9.009
39.441	-8.981
39.406	-8.925
39.378	-8.855
39.371	-8.806
39.343	-8.722
39.343	-8.701
39.329	-8.659
39.329	-8.624
39.322	-8.596
39.322	-8.568
39.315	-8.554
39.315	-8.505
POLYLINE BLACK
39.014	-8.477
39.021	-8.491
39.056	-8.393
39.070	-8.330
39.070	-8.316
39.084	-8.260
39.084	-8.239
39.098	-8.211
39.098	-8.197
39.126	-8.092
39.126	-8.078
39.147	-8.022
39.147	-8.008
39.175	-8.008
39.210	-8.022
39.224	-8.022
39.252	-8.043
39.266	-8.043
39.294	-8.064
39.308	-8.064
39.336	-8.071
39.378	-8.099
39.399	-8.099
39.427	-8.113
39.441	-8.113
39.469	-8.134
39.462	-8.162
39.462	-8.197
39.448	-8.232
39.448	-8.246
39.399	-8.414
39.392	-8.463
39.378	-8.505
39.378	-8.540
39.364	-8.589
39.336	-8.568
39.280	-8.547
39.266	-8.547
39.231	-8.533
39.217	-8.519
39.189	-8.519
39.126	-8.491
39.112	-8.491
39.098	-8.484
39.077	-8.484
39.035	-8.463
POLYLINE BROWN
39.210	-9.016
39.196	-9.023
39.189	-9.037
39.126	-9.072
39.112	-9.086
39.168	-9.023
39.189	-9.009
39.196	-8.995
39.280	-8.946
39.259	-8.974
39.224	-8.995
39.154	-9.065
39.140	-9.072
39.140	-9.072
39.147	-9.058
39.196	-9.037
39.245	-9.072
39.273	-9.072
39.287	-9.079
39.301	-9.051
39.301	-9.016
39.308	-8.974
39.301	-8.960
39.301	-8.911
POLYLINE BROWN
39.392	-9.114
39.392	-9.128
39.434	-9.100
39.448	-9.072
39.455	-9.037
39.462	-9.009
39.462	-8.953
39.448	-8.904
39.448	-8.876
39.441	-8.841
39.441	-8.827
39.434	-8.813
39.434	-8.792
39.427	-8.764
39.427	-8.673
39.441	-8.624
39.441	-8.610
39.448	-8.582
39.448	-8.561
39.455	-8.533
39.455	-8.470
39.490	-8.393
39.567	-8.309
39.567	-8.295
39.588	-8.253
39.588	-8.239
39.609	-8.197
39.609	-8.155
39.595	-8.113
39.595	-8.078
39.581	-8.036
39.560	-8.008
39.518	-7.980
39.504	-7.980
39.476	-7.973
39.462	-7.973
39.434	-7.959
39.420	-7.959
39.406	-7.952
39.385	-7.952
39.357	-7.945
39.343	-7.931
39.210	-7.931
39.077	-7.966
39.063	-7.973
39.028	-7.973
38.993	-7.980
38.958	-7.980
POLYLINE BROWN
38.965	-8.435
38.979	-8.442
39.000	-8.547
39.000	-8.645
38.993	-8.680
38.993	-8.715
38.979	-8.757
38.979	-8.827
39.021	-8.890
39.049	-8.918
39.049	-8.939
39.056	-8.967
39.049	-9.002
39.049	-9.016
39.042	-9.030
39.049	-9.044
39.049	-9.065
39.133	-9.128
39.168	-9.128
39.196	-9.135
39.224	-9.121
39.280	-9.121
39.315	-9.114
39.371	-9.114
39.427	-9.128
39.441	-9.128
39.455	-9.142
39.490	-9.149
39.504	-9.149
POLYLINE BROWN
38.888	-8.323
38.923	-8.372
38.958	-8.414
38.986	-8.428
39.007	-8.470
POLYLINE BROWN
38.762	-8.309
38.783	-8.337
38.818	-8.351
38.832	-8.351
38.874	-8.365
38.888	-8.358
38.944	-8.372
POLYLINE BROWN
38.111	-8.050
38.097	-8.078
38.090	-8.127
38.083	-8.155
38.090	-8.176
38.146	-8.211
38.174	-8.211
38.216	-8.239
38.230	-8.239
38.272	-8.260
38.307	-8.253
38.356	-8.253
38.447	-8.295
38.503	-8.295
38.531	-8.288
38.545	-8.295
38.587	-8.274
38.608	-8.281
38.622	-8.274
38.713	-8.309
38.755	-8.337
38.790	-8.351
POLYLINE BROWN
38.993	-7.938
38.979	-7.938
38.965	-7.931
38.951	-7.938
38.888	-7.917
38.860	-7.924
38.811	-7.924
38.790	-7.931
38.720	-7.931
38.692	-7.938
38.678	-7.931
38.650	-7.938
38.615	-7.938
38.587	-7.945
38.552	-7.952
38.538	-7.959
38.524	-7.952
38.510	-7.966
38.496	-7.966
38.468	-7.945
38.440	-7.945
38.426	-7.938
38.405	-7.938
38.377	-7.931
38.342	-7.938
38.300	-7.959
38.265	-8.001
38.230	-8.015
38.174	-8.071
38.160	-8.071
38.132	-8.092
38.104	-8.092
POLYLINE CONNECT
38.963	-7.966
39.358	-11.321
POLYLINE BLUE
37.278	-10.396
POLYLINE BLUE
37.236	-10.438
37.250	-10.445
37.264	-10.480
37.278	-10.494
37.327	-10.599
37.341	-10.613
37.446	-10.536
37.579	-10.431
POLYLINE BLUE
37.495	-9.780
37.425	-9.745
37.390	-9.745
37.362	-9.759
37.348	-9.759
37.306	-9.787
37.264	-9.850
37.236	-9.927
37.243	-9.941
37.243	-9.976
37.271	-10.032
37.334	-10.116
37.390	-10.179
37.439	-10.242
37.453	-10.270
37.432	-10.312
37.369	-10.347
37.327	-10.382
37.292	-10.389
37.285	-10.403
37.285	-10.424
37.278	-10.438
37.285	-10.473
37.285	-10.494
37.306	-10.522
37.334	-10.543
37.348	-10.543
POLYLINE BLUE
39.364	-11.859
39.420	-11.901
39.448	-11.915
39.476	-11.908
39.518	-11.852
39.525	-11.838
POLYLINE BLUE
39.126	-11.418
39.140	-11.418
39.161	-11.404
39.231	-11.397
39.280	-11.411
39.308	-11.425
39.329	-11.474
39.336	-11.530
39.336	-11.656
39.378	-11.705
39.392	-11.747
39.392	-11.859
POLYLINE BLUE
38.174	-11.229
38.216	-11.257
38.244	-11.271
38.244	-11.292
38.202	-11.355
38.174	-11.390
POLYLINE BLUE
37.782	-11.250
37.810	-11.250
37.873	-11.201
37.887	-11.201
37.901	-11.194
37.964	-11.222
38.020	-11.292
38.055	-11.313
38.069	-11.313
38.097	-11.327
38.118	-11.327
POLYLINE BROWN
39.539	-11.733
39.567	-11.733
39.595	-11.726
POLYLINE BROWN
39.245	-11.173
39.266	-11.201
39.329	-11.229
39.357	-11.250
39.406	-11.271
39.420	-11.271
39.462	-11.299
39.504	-11.313
39.518	-11.306
39.553	-11.306
39.595	-11.313
39.658	-11.313
POLYLINE BROWN
38.230	-10.725
38.244	-10.725
38.328	-10.760
38.391	-10.802
38.468	-10.837
38.510	-10.865
38.559	-10.886
38.601	-10.921
38.643	-10.935
38.706	-10.970
38.720	-10.984
38.748	-10.984
38.783	-10.998
38.916	-10.998
38.944	-11.005
38.958	-11.005
38.986	-11.019
39.000	-11.019
39.056	-11.047
39.112	-11.096
39.175	-11.131
39.189	-11.131
39.231	-11.159
39.280	-11.180
POLYLINE BROWN
39.623	-11.299
39.616	-11.313
39.630	-11.306
39.693	-11.334
39.763	-11.348
39.791	-11.362
39.861	-11.362
POLYLINE BROWN
39.315	-11.740
39.329	-11.768
39.343	-11.824
39.364	-11.873
39.371	-11.908
39.385	-11.929
39.385	-11.943
39.448	-12.097
39.476	-12.132
39.483	-12.153
39.511	-12.195
39.518	-12.216
39.532	-12.230
39.532	-12.244
39.588	-12.356
39.588	-12.370
39.609	-12.433
39.637	-12.461
39.651	-12.461
39.686	-12.475
POLYLINE BROWN
38.944	-11.439
38.986	-11.467
39.028	-11.488
39.042	-11.488
39.091	-11.509
39.112	-11.537
39.161	-11.572
39.182	-11.600
39.196	-11.607
39.217	-11.635
39.238	-11.649
39.252	-11.684
39.287	-11.726
39.336	-11.761
39.343	-11.775
POLYLINE BROWN
38.412	-11.390
38.426	-11.397
38.510	-11.404
38.594	-11.411
38.629	-11.411
38.664	-11.418
38.727	-11.418
38.755	-11.425
38.776	-11.425
38.853	-11.446
38.881	-11.446
38.909	-11.453
38.930	-11.453
38.972	-11.474
39.021	-11.474
39.049	-11.488
POLYLINE BROWN
36.767	-9.927
POLYLINE BROWN
36.802	-9.864
POLYLINE BROWN
37.488	-11.243
37.530	-11.257
37.565	-11.257
37.691	-11.278
37.726	-11.285
37.754	-11.299
37.915	-11.334
37.999	-11.334
38.111	-11.355
38.202	-11.355
38.433	-11.390
POLYLINE BROWN
34.996	-11.138
35.052	-11.159
35.087	-11.159
35.164	-11.173
35.206	-11.187
POLYLINE BROWN
35.199	-11.145
35.213	-11.152
35.241	-11.145
35.276	-11.159
35.290	-11.159
35.325	-11.173
35.339	-11.173
35.367	-11.194
35.437	-11.194
35.451	-11.201
35.535	-11.208
35.661	-11.208
35.731	-11.201
35.857	-11.201
35.927	-11.208
35.962	-11.208
36.046	-11.222
36.095	-11.222
36.116	-11.229
36.172	-11.229
36.186	-11.236
36.249	-11.236
36.263	-11.243
36.298	-11.243
36.312	-11.250
36.375	-11.250
36.403	-11.257
36.487	-11.264
36.774	-11.264
36.802	-11.257
36.886	-11.257
36.935	-11.250
36.963	-11.250
36.977	-11.243
36.991	-11.250
37.026	-11.243
37.061	-11.243
37.089	-11.236
37.131	-11.250
37.166	-11.250
37.194	-11.243
37.208	-11.243
37.222	-11.236
37.257	-11.250
37.271	-11.250
37.299	-11.243
37.376	-11.243
37.390	-11.250
37.425	-11.243
37.460	-11.250
37.488	-11.257
37.537	-11.257
POLYLINE BROWN
39.160	-11.168
39.500	-11.308
39.580	-11.328
POLYLINE BROWN
36.300	-10.168
36.360	-10.228
36.400	-10.228
36.520	-10.328
36.560	-10.328
36.660	-10.448
36.700	-10.448
36.740	-10.488
36.780	-10.488
36.880	-10.548
36.960	-10.528
37.160	-10.588
37.340	-10.588
37.420	-10.648
37.460	-10.628
37.540	-10.688
37.660	-10.688
37.780	-10.728
38.000	-10.728
38.040	-10.748
38.080	-10.728
38.160	-10.768
38.260	-10.748
POLYLINE BROWN
35.120	-10.008
35.320	-10.208
35.400	-10.228
35.480	-10.248
35.580	-10.228
35.700	-10.228
35.860	-10.168
35.960	-10.168
36.040	-10.148
36.160	-10.148
36.200	-10.168
36.280	-10.148
36.440	-10.228
POLYLINE BROWN
31.760	-9.028
31.840	-9.048
32.000	-9.188
32.100	-9.288
32.180	-9.428
32.220	-9.448
32.240	-9.528
32.440	-9.668
32.540	-9.688
32.560	-9.748
32.720	-9.848
32.760	-9.848
32.840	-9.908
32.960	-9.908
33.320	-10.048
33.560	-10.308
33.580	-10.348
33.620	-10.328
33.820	-10.448
33.900	-10.468
33.980	-10.528
34.060	-10.548
34.300	-10.648
34.380	-10.668
34.500	-10.728
34.720	-10.968
34.820	-11.068
34.880	-11.128
34.960	-11.148
35.040	-11.208
35.080	-11.188
POLYLINE BROWN
30.340	-8.128
30.360	-8.208
30.480	-8.288
30.660	-8.468
30.860	-8.588
30.900	-8.588
31.060	-8.688
31.100	-8.688
31.140	-8.728
31.220	-8.728
31.420	-8.788
31.700	-9.028
31.860	-9.148
POLYLINE BROWN
31.680	-7.248
31.720	-7.228
31.760	-7.268
31.840	-7.268
31.920	-7.328
32.080	-7.368
32.180	-7.488
32.200	-7.568
32.240	-7.748
32.260	-7.828
32.260	-7.988
32.220	-8.068
32.380	-8.208
32.420	-8.208
32.500	-8.288
32.580	-8.308
32.700	-8.368
32.780	-8.388
32.900	-8.468
32.960	-8.468
33.040	-8.548
33.060	-8.608
33.240	-8.748
33.280	-8.788
33.320	-8.788
33.720	-9.168
34.080	-9.428
34.140	-9.428
34.180	-9.468
34.220	-9.468
34.300	-9.548
34.380	-9.568
34.500	-9.648
34.540	-9.648
34.960	-9.908
34.980	-9.968
35.220	-10.188
POLYLINE BROWN
31.740	-8.388
POLYLINE BROWN
35.500	-4.428
POLYLINE BROWN
30.500	-6.968
30.680	-7.028
30.760	-7.008
30.840	-7.028
31.000	-7.048
31.040	-7.088
31.120	-7.108
31.200	-7.148
31.240	-7.128
31.320	-7.148
31.480	-7.188
31.600	-7.248
31.680	-7.328
31.760	-7.348
POLYLINE BROWN
30.460	-5.908
30.520	-5.988
30.520	-6.068
30.540	-6.148
30.540	-6.288
30.500	-6.408
30.500	-6.468
30.460	-6.588
30.460	-6.908
30.700	-7.128
POLYLINE BROWN
29.900	-5.608
29.980	-5.608
30.020	-5.568
30.100	-5.568
30.180	-5.548
30.220	-5.588
30.300	-5.608
30.460	-5.908
30.480	-5.988
30.520	-6.068
POLYLINE BROWN
28.020	-7.708
28.080	-7.768
28.220	-7.688
28.300	-7.668
28.420	-7.628
28.520	-7.608
28.760	-7.528
28.960	-7.408
29.120	-7.368
29.420	-7.168
29.560	-7.028
29.740	-6.728
29.740	-6.668
29.800	-6.508
29.820	-6.328
29.900	-6.048
29.960	-5.828
30.060	-5.588
30.120	-5.528
POLYLINE BLACK
24.480	-5.968
24.440	-6.008
POLYLINE BLACK
25.140	-7.488
25.060	-7.548
POLYLINE BLACK
25.840	-7.148
25.820	-7.208
25.540	-7.488
POLYLINE BLACK
25.240	-5.508
25.240	-5.548
24.900	-5.808
POLYLINE BLACK
26.100	-6.228
26.120	-6.308
26.120	-6.388
26.180	-6.548
26.180	-6.628
26.140	-6.708
26.220	-6.788
26.340	-6.788
26.420	-6.808
26.440	-6.848
26.140	-7.128
POLYLINE BLACK
26.200	-5.968
26.280	-6.208
26.280	-6.248
26.240	-6.248
26.220	-6.388
26.240	-6.468
POLYLINE BLACK
25.580	-5.328
25.660	-5.308
25.760	-5.288
25.960	-5.128
26.000	-5.068
26.040	-4.848
26.040	-4.748
26.100	-4.628
26.120	-4.548
26.200	-4.308
26.260	-4.208
26.320	-4.088
26.320	-4.048
26.520	-3.708
26.600	-3.648
26.760	-3.628
26.880	-3.688
26.960	-3.708
27.040	-3.728
27.200	-3.768
27.220	-3.828
27.540	-4.148
27.660	-4.328
27.820	-4.528
27.880	-4.668
28.240	-5.188
28.340	-5.348
28.360	-5.428
28.420	-5.548
28.400	-5.628
28.340	-5.688
28.260	-5.748
28.220	-5.748
28.160	-5.828
28.080	-5.848
28.060	-5.888
27.980	-5.908
27.940	-5.948
27.900	-5.948
27.860	-5.988
27.780	-6.008
27.660	-6.068
27.600	-6.068
27.500	-6.168
27.420	-6.168
27.320	-6.288
27.240	-6.308
27.160	-6.368
27.080	-6.388
27.040	-6.428
26.920	-6.408
26.840	-6.428
26.600	-6.348
26.440	-6.228
26.360	-6.248
26.360	-6.368
POLYLINE CONNECT
26.320	-6.198
30.251	-8.113
POLYLINE BROWN
29.755	-8.763
29.815	-8.838
29.845	-8.838
29.755	-8.913
29.710	-8.928
29.620	-9.018
29.590	-9.018
POLYLINE BROWN
29.620	-8.763
29.695	-8.913
POLYLINE GREEN
28.165	-5.448
POLYLINE GREEN
30.415	-7.998
30.385	-8.058
30.325	-8.268
30.325	-8.223
30.415	-7.848
POLYLINE GREEN
30.370	-8.358
30.430	-8.583
POLYLINE GREEN
30.325	-8.283
30.325	-8.328
30.205	-8.598
POLYLINE GREEN
30.070	-8.508
30.115	-8.583
30.145	-8.583
30.280	-8.433
30.310	-8.418
POLYLINE BROWN
29.755	-8.868
29.965	-8.673
29.965	-8.643
30.160	-8.283
30.250	-8.223
POLYLINE BROWN
28.150	-9.603
28.555	-9.333
28.750	-9.228
29.125	-9.168
29.350	-9.108
29.530	-9.078
29.695	-9.033
29.875	-8.943
29.905	-8.913
POLYLINE BROWN
27.550	-9.783
28.120	-9.648
28.285	-9.633
POLYLINE BLACK
32.530	-9.273
32.680	-9.213
32.710	-9.183
32.815	-9.138
POLYLINE BLACK
32.650	-8.913
32.650	-8.943
32.665	-8.973
32.650	-9.063
32.635	-9.243
32.635	-9.408
32.620	-9.453
32.620	-9.513
32.635	-9.558
32.635	-9.618
32.650	-9.678
32.695	-9.723
32.770	-9.723
32.830	-9.678
POLYLINE BLACK
32.305	-8.913
32.395	-9.168
32.425	-9.363
32.425	-9.708
32.410	-9.678
32.410	-9.633
32.425	-9.573
32.455	-9.558
32.515	-9.603
32.545	-9.708
32.560	-9.738
POLYLINE BLACK
32.260	-9.378
32.230	-9.378
32.170	-9.423
32.155	-9.483
32.155	-9.528
32.170	-9.558
32.200	-9.573
32.215	-9.513
32.215	-9.468
32.200	-9.408
32.200	-9.378
32.185	-9.348
32.215	-9.453
32.275	-9.873
32.290	-10.143
32.230	-10.338
32.155	-10.398
32.080	-10.398
32.005	-10.338
31.885	-10.173
31.855	-10.053
POLYLINE BLACK
32.020	-9.078
POLYLINE BLACK
32.020	-9.333
32.005	-9.393
32.005	-9.528
POLYLINE BLACK
31.600	-9.348
31.630	-9.318
31.660	-9.318
31.870	-9.243
POLYLINE BLACK
31.705	-9.078
31.705	-9.153
31.720	-9.183
31.720	-9.543
POLYLINE BLACK
31.015	-9.018
31.045	-9.018
31.210	-9.063
POLYLINE BLACK
31.105	-9.708
31.120	-9.738
31.150	-9.738
31.300	-9.678
31.315	-9.648
POLYLINE BLACK
31.165	-9.483
31.195	-9.453
31.240	-9.453
31.270	-9.438
POLYLINE BLACK
30.415	-9.783
30.490	-9.903
30.520	-9.918
30.625	-9.873
30.700	-9.858
30.850	-9.798
POLYLINE BLACK
29.350	-9.168
29.365	-9.243
29.380	-9.273
29.545	-9.363
29.575	-9.348
29.650	-9.363
29.680	-9.363
29.740	-9.378
29.815	-9.378
29.845	-9.363
29.890	-9.363
29.950	-9.348
30.010	-9.348
30.160	-9.303
30.190	-9.303
30.250	-9.273
30.340	-9.273
30.400	-9.243
30.430	-9.243
30.490	-9.228
30.550	-9.183
30.655	-9.153
30.685	-9.108
30.805	-9.048
POLYLINE BLACK
32.440	-11.568
32.410	-11.553
32.365	-11.553
32.245	-11.523
32.170	-11.508
31.960	-11.433
31.930	-11.433
31.735	-11.373
31.705	-11.373
31.645	-11.343
31.615	-11.343
31.555	-11.313
31.525	-11.313
31.435	-11.268
31.405	-11.268
31.270	-11.238
31.240	-11.238
31.105	-11.208
30.970	-11.178
30.910	-11.163
30.880	-11.133
30.850	-11.133
30.700	-11.073
30.640	-11.028
30.610	-11.028
30.460	-10.908
30.430	-10.923
30.310	-10.848
30.280	-10.833
30.265	-10.803
30.205	-10.803
30.175	-10.773
30.145	-10.773
30.115	-10.743
30.085	-10.743
30.010	-10.653
30.010	-10.593
29.965	-10.413
29.980	-10.383
29.980	-10.383
30.055	-10.293
30.130	-10.203
30.190	-10.203
30.250	-10.158
30.280	-10.158
30.400	-10.068
30.520	-10.008
30.550	-9.963
30.610	-9.948
30.655	-9.888
POLYLINE BLACK
32.665	-12.198
32.710	-12.258
33.010	-12.363
33.085	-12.378
POLYLINE BLACK
30.115	-11.493
30.280	-11.568
30.325	-11.568
30.430	-11.613
30.490	-11.658
30.535	-11.658
30.790	-11.733
30.820	-11.733
31.090	-11.793
31.120	-11.823
31.150	-11.823
31.180	-11.838
31.225	-11.838
31.375	-11.883
31.405	-11.883
31.570	-11.958
31.705	-11.973
31.765	-11.973
31.930	-12.033
31.990	-12.033
32.020	-12.048
32.065	-12.033
32.215	-12.078
32.275	-12.078
32.335	-12.108
32.365	-12.093
POLYLINE BLACK
29.140	-10.428
29.170	-10.428
29.200	-10.458
29.230	-10.458
29.320	-10.533
29.350	-10.533
29.440	-10.743
29.440	-10.773
29.485	-10.923
29.500	-10.953
29.500	-10.998
29.545	-11.118
29.575	-11.148
29.620	-11.253
29.770	-11.373
29.800	-11.373
30.085	-11.448
30.145	-11.448
30.205	-11.463
30.235	-11.463
POLYLINE BROWN
27.325	-7.653
27.415	-7.848
27.415	-7.893
27.550	-7.893
27.610	-7.863
27.895	-7.818
27.985	-7.818
28.045	-7.788
28.180	-7.788
28.210	-7.773
POLYLINE BROWN
26.920	-8.973
26.950	-8.973
27.085	-9.123
27.115	-9.198
27.190	-9.318
27.220	-9.378
27.220	-9.423
27.250	-9.483
27.250	-9.528
27.280	-9.588
27.280	-9.618
27.385	-9.798
27.415	-9.783
27.505	-9.843
27.565	-9.843
POLYLINE BROWN
25.390	-8.973
25.420	-8.988
25.480	-8.973
25.825	-8.973
25.885	-8.988
26.020	-8.958
26.140	-8.958
26.200	-8.973
26.260	-8.973
26.320	-8.958
26.470	-8.943
26.500	-8.943
26.560	-8.928
26.620	-8.943
26.650	-8.943
26.710	-8.958
26.845	-8.958
26.875	-8.973
26.905	-8.958
26.965	-8.988
26.980	-9.018
POLYLINE BROWN
24.355	-7.983
24.385	-7.983
24.685	-8.058
24.775	-8.058
24.835	-8.043
24.910	-8.058
25.120	-8.028
25.165	-8.013
25.255	-8.013
25.375	-7.998
25.525	-8.013
25.555	-7.998
25.690	-8.028
25.825	-8.028
25.945	-8.013
25.975	-8.028
26.050	-8.028
26.080	-8.043
26.395	-8.043
26.515	-8.013
26.545	-8.028
26.590	-8.028
26.725	-7.998
26.845	-7.998
26.890	-7.968
26.920	-7.968
26.950	-7.953
26.980	-7.968
27.085	-7.923
27.145	-7.923
27.205	-7.893
27.235	-7.893
27.295	-7.878
27.325	-7.893
27.370	-7.893
27.460	-7.863
POLYLINE BROWN
29.050	-3.153
POLYLINE BROWN
26.215	-7.968
26.185	-7.998
POLYLINE BROWN
29.020	-3.243
POLYLINE BLACK
26.850	-3.193
26.930	-3.193
26.990	-3.163
27.080	-3.143
27.330	-3.013
27.440	-2.923
27.480	-2.913
27.610	-2.843
27.650	-2.833
27.830	-2.673
27.890	-2.603
27.930	-2.543
27.970	-2.513
28.060	-2.473
28.090	-2.473
28.190	-2.423
28.210	-2.343
28.210	-2.273
28.230	-2.213
28.230	-2.143
28.220	-2.103
28.210	-2.023
28.210	-1.983
28.280	-1.823
28.320	-1.783
28.360	-1.773
28.400	-1.763
28.410	-1.783
28.420	-1.763
28.420	-1.783
28.480	-1.783
28.500	-1.793
28.520	-1.773
28.600	-1.773
28.660	-1.753
28.700	-1.753
28.740	-1.743
28.820	-1.753
28.920	-1.733
28.930	-1.693
28.930	-1.603
28.920	-1.553
28.920	-1.453
28.910	-1.413
28.910	-1.343
28.900	-1.303
28.900	-1.263
28.910	-1.213
28.900	-1.173
28.900	-1.133
28.890	-1.093
28.890	-1.013
28.860	-0.953
28.780	-0.933
28.760	-0.933
28.740	-0.913
28.660	-0.913
28.630	-0.923
28.610	-0.913
28.590	-0.923
28.550	-0.913
28.460	-0.933
28.440	-0.923
28.360	-0.943
28.320	-0.933
28.280	-0.943
28.260	-0.953
28.170	-0.933
28.130	-0.923
28.040	-0.923
28.020	-0.933
27.980	-0.923
27.940	-0.933
27.900	-0.923
27.860	-0.933
27.810	-0.933
27.790	-0.943
27.770	-0.933
27.730	-0.953
27.700	-0.953
27.680	-0.963
27.640	-0.953
27.500	-1.003
27.480	-1.023
27.460	-1.013
27.440	-1.033
27.420	-1.023
27.400	-1.043
27.400	-1.043
27.360	-1.043
27.220	-1.093
27.140	-1.093
27.060	-1.113
27.020	-1.113
26.980	-1.123
26.940	-1.123
26.850	-1.143
26.810	-1.143
26.730	-1.173
26.670	-1.183
26.630	-1.223
26.620	-1.303
26.630	-1.393
26.630	-1.443
26.620	-1.483
26.620	-1.573
26.630	-1.613
26.650	-1.723
26.670	-1.863
26.670	-1.913
26.640	-1.973
26.620	-2.073
26.620	-2.103
26.610	-2.143
26.610	-2.183
26.620	-2.223
26.620	-2.293
26.630	-2.333
26.630	-2.443
26.640	-2.483
26.640	-2.813
26.620	-2.883
26.600	-2.903
26.590	-2.983
26.580	-3.043
26.590	-3.083
26.630	-3.143
26.660	-3.193
26.720	-3.253
26.760	-3.253
26.830	-3.233
26.910	-3.223
POLYLINE CONNECT
27.620	-1.403
27.452	-8.182
POLYLINE BLACK
27.330	-11.283
POLYLINE BLACK
28.860	-10.533
28.850	-10.553
28.930	-10.573
28.970	-10.573
29.030	-10.533
29.050	-10.513
29.070	-10.513
29.150	-10.413
29.210	-10.373
29.240	-10.373
POLYLINE BLACK
26.480	-9.603
26.520	-9.703
26.580	-9.743
26.620	-9.743
26.640	-9.763
26.660	-9.753
26.760	-9.813
26.800	-9.823
26.840	-9.823
26.920	-9.863
26.970	-9.873
27.010	-9.883
27.050	-9.893
27.230	-9.963
27.320	-9.983
27.370	-10.003
27.390	-10.023
27.480	-10.053
27.510	-10.053
27.640	-10.123
27.980	-10.283
28.030	-10.293
28.050	-10.313
28.090	-10.323
28.110	-10.343
28.140	-10.343
28.180	-10.353
28.240	-10.353
28.340	-10.413
28.360	-10.403
28.440	-10.443
28.530	-10.463
28.590	-10.483
28.630	-10.483
28.650	-10.503
28.740	-10.523
28.870	-10.563
POLYLINE BLACK
29.120	-9.263
29.200	-9.263
29.320	-9.313
29.360	-9.323
29.420	-9.363
29.450	-9.393
29.470	-9.403
POLYLINE BLACK
26.420	-9.313
26.440	-9.363
26.500	-9.363
26.540	-9.373
26.600	-9.373
26.620	-9.393
26.640	-9.383
26.680	-9.393
26.800	-9.393
26.840	-9.403
26.900	-9.403
26.940	-9.413
26.960	-9.403
26.990	-9.413
27.030	-9.403
27.110	-9.413
27.200	-9.403
27.220	-9.413
27.260	-9.403
27.300	-9.413
27.440	-9.413
27.460	-9.423
27.510	-9.413
27.530	-9.423
27.620	-9.403
27.670	-9.403
27.690	-9.413
27.710	-9.403
27.730	-9.413
27.770	-9.403
27.860	-9.423
27.900	-9.413
27.940	-9.423
27.980	-9.433
28.020	-9.433
28.040	-9.423
28.090	-9.433
28.120	-9.433
28.160	-9.443
28.200	-9.453
28.240	-9.463
28.390	-9.493
28.430	-9.503
28.470	-9.523
28.490	-9.513
28.510	-9.533
28.570	-9.513
28.610	-9.523
28.670	-9.523
28.730	-9.483
28.750	-9.483
28.990	-9.313
29.010	-9.313
29.040	-9.273
29.080	-9.283
29.140	-9.263
POLYLINE BLACK
12.642	-3.256
POLYLINE BLACK
24.322	-8.016
24.322	-8.030
24.308	-8.037
24.294	-8.023
24.308	-8.023
24.322	-8.030
24.357	-8.023
24.385	-8.023
24.427	-8.051
24.441	-8.079
24.455	-8.079
24.469	-8.093
24.497	-8.086
24.511	-8.086
24.525	-8.079
POLYLINE BLACK
26.457	-9.381
26.471	-9.395
26.471	-9.255
26.478	-9.227
26.464	-9.157
26.464	-9.122
26.457	-9.108
26.457	-9.073
26.450	-9.045
26.443	-8.989
26.436	-8.933
26.415	-8.877
POLYLINE BLACK
26.457	-9.346
26.457	-9.360
POLYLINE BLACK
26.422	-8.982
26.429	-8.996
26.429	-9.031
26.443	-9.129
26.443	-9.185
26.450	-9.234
POLYLINE BLACK
26.478	-9.059
26.492	-9.213
26.499	-9.185
26.485	-9.150
26.485	-9.129
26.471	-9.080
26.464	-9.038
26.401	-8.905
26.366	-8.786
POLYLINE BLACK
26.296	-9.654
26.345	-9.731
26.352	-9.752
26.415	-9.752
26.429	-9.738
26.457	-9.745
26.485	-9.745
26.499	-9.738
POLYLINE BLACK
25.330	-9.759
25.358	-9.752
25.393	-9.752
25.407	-9.759
25.449	-9.745
25.533	-9.766
25.561	-9.773
25.582	-9.773
25.610	-9.780
25.631	-9.794
25.645	-9.794
25.722	-9.829
25.736	-9.829
25.771	-9.843
25.834	-9.850
25.848	-9.850
25.862	-9.843
25.883	-9.843
25.911	-9.836
25.925	-9.822
25.995	-9.822
26.037	-9.794
26.072	-9.787
26.086	-9.794
26.128	-9.773
26.170	-9.773
26.198	-9.766
26.282	-9.766
26.317	-9.773
26.345	-9.766
26.359	-9.766
26.373	-9.773
POLYLINE BLACK
25.488	-14.856
POLYLINE BLACK
24.648	-8.816
24.728	-8.816
24.828	-8.876
24.868	-8.876
24.908	-8.916
24.988	-8.936
25.048	-9.096
25.048	-9.156
25.148	-9.416
25.228	-9.616
25.288	-9.676
25.348	-9.796
POLYLINE BLACK
24.728	-8.816
POLYLINE BLACK
23.868	-7.076
POLYLINE BLACK
25.108	-8.996
25.068	-8.976
POLYLINE BLACK
25.108	-8.836
POLYLINE BLACK
24.948	-9.076
POLYLINE BLACK
27.708	-7.396
POLYLINE BLACK
18.748	-5.996
18.648	-5.696
POLYLINE BLACK
19.548	-8.216
19.588	-8.316
19.388	-8.316
19.308	-8.336
19.208	-8.316
POLYLINE BLACK
19.168	-6.676
19.248	-6.836
19.208	-6.776
POLYLINE BLACK
19.148	-6.596
19.248	-6.816
19.268	-6.876
19.108	-6.516
19.108	-6.516
19.108	-6.516
19.068	-6.416
POLYLINE BLACK
18.948	-6.216
POLYLINE BLACK
19.148	-6.676
19.208	-6.836
POLYLINE BLACK
19.368	-6.976
19.388	-7.016
19.428	-6.976
19.508	-6.976
19.708	-7.016
19.908	-7.136
20.088	-7.156
20.308	-7.236
20.508	-7.276
20.768	-7.356
21.108	-7.416
21.328	-7.476
21.408	-7.496
21.508	-7.496
21.648	-7.536
21.848	-7.556
21.948	-7.536
22.148	-7.656
22.288	-7.656
22.408	-7.716
22.508	-7.716
22.628	-7.756
22.748	-7.756
22.848	-7.776
22.928	-7.776
23.168	-7.836
23.328	-7.856
23.408	-7.876
23.448	-7.856
23.608	-7.936
23.688	-7.916
23.768	-7.936
23.828	-7.936
23.948	-7.976
24.028	-7.956
24.108	-7.976
24.148	-7.956
24.268	-8.016
24.348	-7.996
24.428	-8.016
POLYLINE BLACK
24.108	-8.636
24.148	-8.696
24.148	-8.736
24.328	-8.816
24.488	-8.816
24.528	-8.836
24.608	-8.816
24.728	-8.836
24.768	-8.876
POLYLINE BLACK
23.748	-8.016
23.848	-8.136
POLYLINE BLACK
19.668	-8.276
19.688	-8.336
19.868	-8.436
20.108	-8.516
20.228	-8.516
20.328	-8.456
20.488	-8.516
20.528	-8.556
20.648	-8.596
20.968	-8.616
21.008	-8.636
21.188	-8.636
21.528	-8.676
21.748	-8.696
21.928	-8.696
22.288	-8.736
22.428	-8.736
22.648	-8.776
22.828	-8.756
22.868	-8.776
22.908	-8.756
22.988	-8.776
23.068	-8.756
23.108	-8.776
23.248	-8.736
23.388	-8.756
23.508	-8.716
23.608	-8.716
23.688	-8.736
23.828	-8.696
23.948	-8.736
24.008	-8.736
24.088	-8.756
24.128	-8.736
POLYLINE BLACK
20.628	-6.876
POLYLINE BLACK
15.555	10.232
POLYLINE BLACK
15.565	9.952
POLYLINE BLACK
16.375	6.152
16.385	6.132
16.385	6.152
16.395	6.112
16.395	6.092
16.455	6.192
16.485	6.232
16.495	6.272
16.555	6.422
16.565	6.472
16.595	6.542
16.595	6.572
16.615	6.612
16.615	6.642
16.675	6.772
16.685	6.812
16.755	6.922
16.765	6.962
16.785	7.012
16.845	7.092
16.875	7.162
16.895	7.182
16.905	7.222
16.945	7.312
16.965	7.402
16.985	7.452
17.045	7.532
17.135	7.682
17.175	7.712
17.205	7.762
17.245	7.822
17.245	7.852
17.265	7.912
17.275	7.962
17.335	8.132
17.395	8.292
17.445	8.382
17.505	8.492
17.505	8.522
17.575	8.692
17.625	8.802
17.635	8.842
17.665	8.882
17.665	8.902
17.695	8.952
17.705	8.992
17.725	9.102
17.755	9.222
17.825	9.392
17.865	9.472
17.855	9.492
17.835	9.482
17.775	9.502
17.755	9.522
17.695	9.462
17.675	9.462
17.575	9.342
17.555	9.192
17.545	9.152
17.535	9.062
17.535	8.952
17.485	8.822
17.415	8.732
17.345	8.662
17.285	8.602
17.285	8.582
17.165	8.452
17.035	8.312
17.015	8.262
16.915	8.122
16.825	7.952
16.785	7.752
16.755	7.612
16.695	7.492
16.695	7.462
16.655	7.402
16.635	7.352
16.575	7.282
16.535	7.212
16.465	7.122
16.385	7.012
16.305	6.932
16.265	6.872
16.225	6.832
16.105	6.672
16.035	6.622
15.995	6.582
POLYLINE BLACK
15.451	6.129
15.472	6.087
15.486	6.087
15.500	6.094
15.521	6.129
15.549	6.150
15.577	6.227
15.675	6.346
15.717	6.374
15.738	6.402
15.808	6.451
15.850	6.486
15.871	6.493
15.885	6.507
15.899	6.507
15.941	6.535
15.955	6.535
16.025	6.591
16.081	6.633
16.088	6.647
POLYLINE BLACK
15.479	6.080
15.486	6.066
15.458	6.052
15.444	6.052
15.416	6.045
15.374	6.017
15.332	5.947
15.332	5.912
15.311	5.856
15.311	5.842
15.304	5.814
15.304	5.667
15.311	5.639
15.311	5.569
15.304	5.534
15.304	5.520
15.297	5.492
15.297	5.380
15.304	5.352
15.304	5.191
15.318	5.184
15.353	5.198
15.367	5.198
15.437	5.226
15.465	5.226
15.479	5.219
15.521	5.233
15.542	5.233
15.570	5.240
15.633	5.247
15.647	5.247
15.675	5.254
15.689	5.247
15.703	5.261
15.731	5.254
15.773	5.254
15.787	5.261
15.801	5.247
15.885	5.247
15.913	5.240
15.969	5.254
15.983	5.254
16.011	5.247
16.025	5.247
16.039	5.254
16.067	5.247
16.207	5.282
16.242	5.324
16.242	5.338
16.256	5.366
16.256	5.380
16.270	5.429
16.270	5.499
16.277	5.527
16.277	5.541
16.284	5.555
16.284	5.590
16.291	5.618
16.298	5.667
16.305	5.681
16.305	5.702
16.319	5.730
16.319	5.744
16.340	5.800
16.340	5.821
16.354	5.849
16.354	5.863
16.389	5.989
16.403	6.031
16.403	6.052
16.417	6.108
16.417	6.122
16.431	6.164
16.431	6.199
POLYLINE CONNECT
15.698	6.044
19.626	-7.565
