TRIP
DATE 2016-07-10 
DECLINATION     0.00
DATA
12.27	16.0	0.00	0.00	0.000	>
16.0	16.1	198.06	-17.97	1.468	>
16.1		325.61	-3.00	2.596	>
16.1		331.05	33.99	0.805	>
16.1		118.93	-85.67	0.575	>
16.1		153.17	-0.20	0.290	>
16.1	16.2	265.74	-37.00	1.768	>
16.2		170.54	-2.37	0.846	>
16.2		0.00	-87.18	0.386	>
16.2		328.09	-16.61	0.707	>
16.2	16.3	244.49	-19.15	1.436	>
16.3		196.62	18.48	0.284	>
16.3		236.98	84.59	0.253	>
16.3		7.32	-5.21	0.804	>
16.3		215.10	-83.77	0.416	>
16.3	16.4	296.99	-10.28	2.129	>
16.4		11.94	-7.76	0.971	>
16.4		58.87	-71.42	0.370	>
16.4		212.97	64.39	0.102	>
16.4		173.33	-21.45	0.481	>
16.4	16.5	310.87	-18.12	2.026	>
16.5		192.95	-7.78	0.738	>
16.5		144.78	86.05	0.302	>
16.5		35.50	34.79	0.224	>
16.5		223.32	-80.74	0.299	>
16.5	16.6	264.50	-23.00	1.416	>
16.6		13.74	-6.53	0.237	>
16.6		219.49	-78.41	0.916	>
16.6		321.84	79.60	0.099	>
16.6	16.7	282.84	-17.54	1.765	>
16.7		19.78	61.75	0.200	>
16.7		25.60	-11.33	0.163	>
16.7		162.47	-84.75	0.871	>
16.7	16.8	270.98	-22.69	0.946	>
16.8		14.66	78.46	0.336	>
16.8		318.81	-75.98	0.614	>
16.8		10.02	-10.46	0.479	>
16.8	16.9	298.48	0.12	2.298	>
16.9		209.57	-1.18	0.486	>
16.9		270.00	86.46	0.178	>
16.9		65.22	-13.43	0.633	>
16.9		94.09	-85.47	1.065	>
16.9	16.10	328.24	-15.28	2.379	>
16.10		225.88	-5.45	0.463	>
16.10		282.80	83.01	0.185	>
16.10		27.19	14.55	0.298	>
16.10		234.65	-65.56	1.224	>
16.10	16.11	303.13	-11.55	2.387	>
16.11		210.36	3.30	0.521	>
16.11		199.65	72.24	0.244	>
16.11		35.60	15.49	0.225	>
16.11		179.16	-68.26	1.472	>
16.11	16.12	284.71	-18.25	3.807	>
16.12		205.66	24.35	0.279	>
16.12		9.24	77.10	0.558	>
16.12		30.98	20.90	0.790	>
16.12		26.57	-88.02	0.713	>
16.12	16.13	298.98	-8.24	2.692	>
16.13		170.88	-6.36	0.920	>
16.13		229.76	-82.96	0.972	>
16.13		30.72	-17.80	0.415	>
16.13	16.14	295.09	-37.02	1.563	>
16.14		183.14	10.96	2.119	>
16.14		161.03	87.64	0.821	>
16.14		9.84	22.36	1.385	>
16.14		50.08	-77.36	0.292	>
16.14	16.15	319.48	-8.26	5.302	>
16.15		224.16	-5.65	1.735	>
16.15		249.03	82.51	0.493	>
16.15		49.62	45.01	0.522	>
16.15		226.15	-47.55	0.573	>
16.15		166.91	7.98	3.630	>
16.15	16.16	316.37	-3.87	4.384	>
16.16		242.82	2.15	0.372	>
16.16		37.43	76.35	0.432	>
16.16		62.98	14.59	1.624	>
16.16		66.52	-74.63	0.596	>
16.16		293.91	-14.40	2.002	>
16.16		46.34	13.86	1.874	>
16.14	16.17	202.54	1.18	1.652	>
16.17		125.66	17.69	0.997	>
16.17		173.13	-6.70	1.474	>
16.17		222.36	-14.05	1.046	>
16.17		284.21	-1.53	1.390	>
16.17		310.70	84.01	0.631	>
16.17		295.77	-86.28	0.496	>
16.17	16.18	181.46	-5.62	3.704	>
16.18		90.37	38.85	0.595	>
16.18		213.05	46.95	0.290	>
16.18		33.62	7.65	0.962	>
16.18		31.43	-32.32	0.574	>
16.18	16.19	139.01	-1.08	2.121	>
16.19		298.66	7.75	1.002	>
16.19		256.70	0.86	1.195	>
16.19		233.88	0.36	2.085	>
16.19		197.63	18.42	1.193	>
16.19		93.33	80.75	0.536	>
16.19		101.36	40.65	0.930	>
16.19		52.83	26.18	1.099	>
16.19	16.20	93.73	80.02	0.532	>

PLAN
STATIONS
-36.583	-0.500	16.0
-37.016	-1.828	16.1
-38.424	-1.933	16.2
-39.648	-2.517	16.3
-41.515	-1.566	16.4
-42.971	-0.306	16.5
-44.268	-0.431	16.6
-45.909	-0.057	16.7
-46.782	-0.042	16.8
-48.802	1.054	16.9
-50.010	3.005	16.10
-51.968	4.283	16.11
-55.465	5.201	16.12
-57.796	6.492	16.13
-58.926	7.021	16.14
-62.335	11.009	16.15
-65.353	14.175	16.16
-59.559	5.496	16.17
-59.653	1.811	16.18
-58.262	0.210	16.19
-58.170	0.204	16.20
SHOTS
-58.262	0.210	-58.170	0.204
-59.653	1.811	-58.262	0.210
-58.262	0.210	-59.133	0.686
-58.262	0.210	-59.425	-0.065
-58.262	0.210	-59.946	-1.019
-58.262	0.210	-58.605	-0.869
-58.262	0.210	-58.176	0.205
-58.262	0.210	-57.570	0.071
-58.262	0.210	-57.476	0.806
-59.559	5.496	-59.653	1.811
-59.653	1.811	-59.190	1.808
-59.653	1.811	-59.761	1.645
-59.653	1.811	-59.125	2.605
-59.653	1.811	-59.400	2.225
-58.926	7.021	-59.559	5.496
-59.559	5.496	-58.787	4.942
-59.559	5.496	-59.384	4.043
-59.559	5.496	-60.243	4.746
-59.559	5.496	-60.906	5.837
-59.559	5.496	-59.609	5.539
-59.559	5.496	-59.588	5.510
-62.335	11.009	-65.353	14.175
-65.353	14.175	-65.684	14.005
-65.353	14.175	-65.291	14.256
-65.353	14.175	-63.953	14.889
-65.353	14.175	-65.208	14.238
-65.353	14.175	-67.126	14.961
-65.353	14.175	-64.037	15.431
-58.926	7.021	-62.335	11.009
-62.335	11.009	-63.538	9.770
-62.335	11.009	-62.395	10.986
-62.335	11.009	-62.054	11.248
-62.335	11.009	-62.614	10.741
-62.335	11.009	-61.521	7.508
-57.796	6.492	-58.926	7.021
-58.926	7.021	-59.040	4.944
-58.926	7.021	-58.915	6.989
-58.926	7.021	-58.707	8.283
-58.926	7.021	-58.877	7.062
-55.465	5.201	-57.796	6.492
-57.796	6.492	-57.651	5.589
-57.796	6.492	-57.887	6.415
-57.796	6.492	-57.594	6.832
-51.968	4.283	-55.465	5.201
-55.465	5.201	-55.575	4.972
-55.465	5.201	-55.445	5.324
-55.465	5.201	-55.085	5.834
-55.465	5.201	-55.454	5.223
-50.010	3.005	-51.968	4.283
-51.968	4.283	-52.231	3.834
-51.968	4.283	-51.993	4.213
-51.968	4.283	-51.842	4.459
-51.968	4.283	-51.960	3.738
-48.802	1.054	-50.010	3.005
-50.010	3.005	-50.341	2.684
-50.010	3.005	-50.032	3.010
-50.010	3.005	-49.878	3.262
-50.010	3.005	-50.423	2.712
-46.782	-0.042	-48.802	1.054
-48.802	1.054	-49.042	0.631
-48.802	1.054	-48.813	1.054
-48.802	1.054	-48.243	1.312
-48.802	1.054	-48.718	1.048
-45.909	-0.057	-46.782	-0.042
-46.782	-0.042	-46.765	0.023
-46.782	-0.042	-46.880	0.070
-46.782	-0.042	-46.700	0.422
-44.268	-0.431	-45.909	-0.057
-45.909	-0.057	-45.877	0.032
-45.909	-0.057	-45.840	0.087
-45.909	-0.057	-45.885	-0.133
-42.971	-0.306	-44.268	-0.431
-44.268	-0.431	-44.212	-0.202
-44.268	-0.431	-44.385	-0.573
-44.268	-0.431	-44.279	-0.417
-41.515	-1.566	-42.971	-0.306
-42.971	-0.306	-43.135	-1.019
-42.971	-0.306	-42.959	-0.323
-42.971	-0.306	-42.864	-0.156
-42.971	-0.306	-43.004	-0.341
-39.648	-2.517	-41.515	-1.566
-41.515	-1.566	-41.316	-0.625
-41.515	-1.566	-41.414	-1.505
-41.515	-1.566	-41.539	-1.603
-41.515	-1.566	-41.463	-2.011
-38.424	-1.933	-39.648	-2.517
-39.648	-2.517	-39.725	-2.775
-39.648	-2.517	-39.668	-2.530
-39.648	-2.517	-39.546	-1.723
-39.648	-2.517	-39.674	-2.554
-37.016	-1.828	-38.424	-1.933
-38.424	-1.933	-38.285	-2.767
-38.424	-1.933	-38.424	-1.914
-38.424	-1.933	-38.782	-1.358
-36.583	-0.500	-37.016	-1.828
-37.016	-1.828	-38.480	0.311
-37.016	-1.828	-37.339	-1.244
-37.016	-1.828	-36.978	-1.849
-37.016	-1.828	-36.885	-2.087
-36.583	-0.500	-36.583	-0.500
POLYLINE GREEN
-58.643	-0.763
-58.553	-0.863
POLYLINE GREEN
-58.673	-0.603
-58.733	-0.543
-58.823	-0.483
-58.833	-0.463
POLYLINE GREEN
-58.673	-0.603
-58.613	-0.493
-58.593	-0.473
POLYLINE GREEN
-58.683	-0.643
-58.633	-0.583
POLYLINE GREEN
-58.683	-0.813
-58.783	-0.913
POLYLINE GREEN
-58.683	-0.793
-58.623	-0.833
POLYLINE GREEN
-58.633	-0.853
-58.643	-0.733
-58.653	-0.693
-58.663	-0.603
-58.663	-0.583
POLYLINE BLACK
-58.643	-0.803
-58.593	-0.853
-58.523	-0.923
POLYLINE BLACK
-57.633	0.097
-57.553	-0.003
-57.493	-0.043
-57.493	-0.063
POLYLINE BLACK
-57.513	0.717
-57.523	0.757
-57.543	0.827
-57.533	0.847
-57.603	0.957
-57.683	1.067
-57.773	1.137
POLYLINE BLACK
-57.503	0.687
-57.513	0.737
-57.543	0.797
-57.553	0.837
-57.583	0.877
-57.603	0.927
-57.733	1.057
POLYLINE BLACK
-57.543	0.837
-57.483	0.787
-57.483	0.667
-57.573	0.487
-57.583	0.447
-57.643	0.347
-57.673	0.247
-57.653	0.167
-57.613	0.077
-57.593	0.057
-57.593	0.027
-57.583	0.007
POLYLINE BLACK
-58.443	0.697
-58.393	0.687
-58.263	0.677
POLYLINE BLACK
-58.263	0.957
-58.243	0.967
-58.183	0.947
-58.103	0.957
POLYLINE BLACK
-58.863	0.907
-58.843	0.927
-58.803	0.927
-58.773	0.937
POLYLINE BLACK
-58.573	1.427
-58.463	1.407
-58.443	1.407
POLYLINE BLACK
-59.183	1.397
-59.183	1.417
-59.163	1.397
-59.113	1.397
-59.023	1.377
POLYLINE BLACK
-59.203	2.047
-59.063	2.017
POLYLINE BLACK
-59.203	2.687
-58.973	2.377
-58.893	2.307
-58.883	2.277
-58.803	2.197
-58.733	2.097
-58.653	1.997
-58.603	1.937
-58.573	1.887
-58.443	1.737
-58.003	1.297
-57.983	1.297
-57.893	1.227
-57.873	1.197
-57.833	1.187
-57.763	1.117
-57.543	0.927
-57.503	0.897
-57.483	0.897
-57.443	0.837
-57.393	0.787
POLYLINE BLACK
-59.923	-1.023
-59.913	-1.003
-59.873	-0.993
-59.703	-0.933
-59.683	-0.943
-59.653	-0.913
-59.623	-0.913
-59.513	-0.863
-59.473	-0.853
-59.383	-0.823
-59.303	-0.823
-59.223	-0.803
-59.143	-0.793
-59.013	-0.793
-58.973	-0.783
-58.943	-0.793
-58.903	-0.783
-58.863	-0.783
-58.843	-0.793
-58.823	-0.783
-58.743	-0.813
-58.723	-0.803
-58.683	-0.813
-58.643	-0.813
-58.583	-0.853
POLYLINE BLACK
-59.853	1.827
-59.743	1.737
-59.723	1.687
-59.703	1.677
-59.653	1.527
-59.593	1.427
-59.573	1.377
-59.483	1.257
-59.463	1.207
-59.383	1.107
-59.383	1.087
-59.263	0.917
-59.233	0.867
-59.183	0.817
-59.123	0.747
-59.103	0.677
-59.093	0.617
-59.103	0.577
-59.103	0.517
-59.133	0.427
-59.133	0.397
-59.163	0.357
-59.173	0.297
-59.353	0.007
-59.403	-0.023
-59.413	-0.053
POLYLINE BLACK
-61.633	6.837
POLYLINE BLACK
-60.178	3.567
-60.148	3.552
-60.103	3.567
-60.043	3.552
-59.968	3.552
-59.938	3.537
POLYLINE BLACK
-59.878	2.502
-59.803	2.502
-59.773	2.472
-59.743	2.487
-59.698	2.487
POLYLINE BLACK
-59.773	3.132
-59.713	3.102
-59.608	3.117
-59.563	3.102
POLYLINE BLACK
-60.163	3.552
-60.133	3.552
-60.103	3.537
POLYLINE BLACK
-59.848	4.227
-59.818	4.242
-59.788	4.227
-59.713	4.227
POLYLINE BLACK
-60.058	4.662
-60.028	4.647
-59.848	4.647
POLYLINE BLACK
-60.253	4.782
-60.238	4.722
-60.268	4.422
-60.313	4.167
-60.313	3.822
-60.298	3.762
-60.298	3.597
-60.283	3.522
-60.283	3.462
-60.238	3.327
-60.238	3.297
-60.193	3.117
-60.178	3.042
-60.103	2.832
-60.088	2.772
-60.058	2.742
-60.058	2.712
-60.043	2.682
-60.043	2.637
-59.983	2.412
-59.983	2.382
-59.923	2.217
-59.923	2.187
-59.908	2.127
-59.908	2.097
-59.893	2.037
-59.893	2.007
-59.833	1.827
-59.833	1.797
-59.788	1.737
-59.728	1.692
POLYLINE BLACK
-59.413	4.167
-59.473	3.882
-59.473	3.567
-59.413	3.342
-59.413	3.312
-59.368	3.132
-59.368	3.102
-59.353	3.072
-59.353	2.997
-59.323	2.937
-59.323	2.907
-59.278	2.802
-59.278	2.772
-59.158	2.517
-59.158	2.487
POLYLINE BLACK
-61.633	7.557
-61.513	7.302
-61.468	7.242
-61.423	7.212
-61.408	7.152
-61.348	7.092
-61.333	7.047
-61.213	6.897
-61.183	6.822
-61.018	6.582
-60.913	6.222
-60.913	6.162
-60.898	6.102
-60.898	6.072
-60.883	6.042
-60.883	5.967
-60.823	5.817
-60.763	5.667
-60.643	5.502
-60.538	5.382
-60.298	5.052
-60.223	4.797
-60.223	4.722
-60.268	4.602
POLYLINE BLACK
-57.673	5.622
-57.733	5.637
-57.958	5.637
-58.063	5.607
-58.093	5.607
-58.183	5.547
-58.213	5.547
-58.303	5.517
-58.333	5.487
-58.498	5.427
-58.618	5.322
-58.633	5.292
-58.663	5.277
-58.708	5.217
POLYLINE BLACK
-59.023	6.597
-59.143	6.582
-59.203	6.612
-59.233	6.612
-59.263	6.642
-59.293	6.642
-59.383	6.687
-59.458	6.672
-59.488	6.687
-59.578	6.627
-59.623	6.567
-59.653	6.552
-59.698	6.462
-59.698	6.417
-59.758	6.297
-59.788	6.132
-59.788	6.057
-59.803	5.997
-59.803	5.937
-59.818	5.892
-59.803	5.832
-59.803	5.772
-59.788	5.712
-59.788	5.652
-59.773	5.622
-59.773	5.577
-59.728	5.457
-59.728	5.397
-59.713	5.367
-59.713	5.322
-59.653	5.172
-59.653	5.142
-59.608	5.052
-59.608	5.022
-59.578	4.962
-59.548	4.797
-59.533	4.737
-59.533	4.677
-59.518	4.617
-59.518	4.587
-59.503	4.557
-59.503	4.512
-59.473	4.392
-59.473	4.362
-59.443	4.242
-59.458	4.182
-59.458	4.122
-59.473	4.092
POLYLINE BLACK
-58.603	5.262
-58.663	5.217
-58.678	5.172
-58.813	5.022
-59.053	4.692
-59.068	4.647
-59.128	4.602
-59.218	4.482
-59.308	4.317
-59.308	4.287
-59.383	4.167
-59.383	4.137
-59.413	4.107
-59.413	4.062
-59.428	4.032
POLYLINE BLACK
-64.168	15.537
-64.168	15.387
-64.153	15.357
POLYLINE BLACK
-64.468	15.522
-64.423	15.417
-64.423	15.387
POLYLINE BLACK
-64.783	15.402
-64.738	15.342
POLYLINE BLACK
-65.098	15.207
-65.023	15.177
POLYLINE BLACK
-65.308	15.057
-65.248	15.012
-65.218	15.012
POLYLINE BLACK
-65.398	14.817
-65.398	14.787
-65.368	14.772
POLYLINE BLACK
-65.548	14.622
-65.488	14.562
POLYLINE BLACK
-65.668	14.877
-65.683	14.697
-65.698	14.667
-65.698	14.607
POLYLINE BLACK
-65.953	15.042
-65.953	15.012
-66.013	14.877
POLYLINE BLACK
-66.358	15.177
-66.343	15.147
-66.343	15.072
-66.328	15.042
POLYLINE BLACK
-66.598	15.132
-66.598	15.102
POLYLINE BLACK
-66.928	15.102
-66.868	14.982
POLYLINE BLACK
-67.153	14.937
-67.123	14.922
-67.093	14.937
-67.033	14.937
-66.973	14.967
-66.943	14.952
-66.808	14.952
-66.778	14.982
-66.403	14.982
-66.298	15.012
-66.268	14.982
-66.238	14.982
-66.178	14.997
-66.133	14.937
-66.028	14.892
-65.983	14.817
-65.653	14.562
-65.593	14.547
-65.533	14.502
-65.518	14.472
-65.488	14.457
-65.458	14.397
-65.428	14.382
-65.398	14.397
-65.338	14.532
-65.293	14.592
-65.293	14.622
-65.278	14.682
-65.248	14.817
-65.188	14.967
-65.158	14.967
-65.053	15.087
-64.963	15.147
-64.933	15.147
-64.873	15.192
-64.843	15.192
-64.753	15.252
-64.663	15.267
-64.603	15.297
-64.543	15.282
-64.513	15.297
-64.468	15.297
-64.348	15.327
-64.288	15.327
-64.228	15.357
-64.183	15.357
-64.123	15.372
-64.093	15.372
-64.063	15.387
POLYLINE BLACK
-63.163	15.732
-63.103	15.717
-62.968	15.732
-62.938	15.747
POLYLINE BLACK
-68.083	14.757
-68.113	14.742
-68.173	14.787
-68.218	14.802
-68.278	14.772
-68.308	14.787
POLYLINE BLACK
-67.588	14.832
-67.648	14.832
-67.708	14.862
POLYLINE BLACK
-67.198	14.847
-67.273	14.832
POLYLINE BLACK
-62.968	15.747
POLYLINE BLACK
-63.493	15.567
-63.388	15.627
-63.358	15.627
-63.328	15.642
POLYLINE BLACK
-63.838	15.507
-63.793	15.507
-63.718	15.552
-63.688	15.552
POLYLINE BLACK
-63.958	14.847
-63.988	14.877
-63.988	14.907
-64.033	14.967
-64.033	14.997
-64.108	15.252
-64.108	15.327
-63.988	15.447
POLYLINE BLACK
-67.138	14.892
-67.123	14.862
-66.988	14.802
-66.958	14.802
-66.868	14.757
-66.838	14.757
-66.628	14.652
-66.598	14.652
-66.238	14.412
-65.938	14.142
-65.878	14.097
-65.863	14.067
-65.623	13.887
POLYLINE BLACK
-61.483	9.162
-61.318	9.147
-61.243	9.147
POLYLINE BLACK
-62.338	8.997
-62.278	9.012
-62.068	9.012
POLYLINE BLACK
-62.368	9.012
-62.293	9.012
POLYLINE BLACK
-62.368	9.972
-62.308	9.987
-62.128	9.957
-62.098	9.942
POLYLINE BLACK
-63.088	9.717
-63.058	9.732
-62.908	9.702
-62.848	9.702
POLYLINE BLACK
-63.238	10.902
-63.208	10.887
-63.178	10.902
-63.103	10.902
-63.043	10.887
POLYLINE BLACK
-63.853	10.677
-63.703	10.677
-63.598	10.662
-63.538	10.677
POLYLINE BLACK
-63.853	11.487
-63.793	11.502
-63.718	11.472
POLYLINE BLACK
-64.513	12.162
-64.378	12.132
-64.348	12.132
POLYLINE BLACK
-64.438	12.807
-64.318	12.762
-64.288	12.777
POLYLINE BLACK
-64.978	13.422
-64.948	13.437
-64.918	13.422
-64.798	13.407
-64.768	13.422
-64.723	13.422
POLYLINE BLACK
-61.258	10.212
-61.258	10.182
-61.348	9.942
-61.348	9.912
-61.408	9.822
-61.408	9.792
-61.408	9.792
-61.318	9.912
-61.288	9.912
-61.228	10.002
-61.198	10.002
-61.183	10.047
-61.153	10.047
-61.138	10.077
-61.168	10.077
-61.258	10.212
-61.288	10.212
POLYLINE BLACK
-62.833	11.832
-62.923	11.757
-63.058	11.592
-63.133	11.502
-63.133	11.472
-63.163	11.457
-63.133	11.457
-62.998	11.532
-62.968	11.532
-62.788	11.622
-62.758	11.652
-62.728	11.652
-62.698	11.682
-62.668	11.682
-62.728	11.772
-62.818	11.832
-62.863	11.892
-62.878	11.862
POLYLINE BLACK
-63.688	13.302
-63.793	13.167
-63.823	13.152
-63.853	13.077
-63.913	13.017
-63.913	12.972
-63.943	12.912
-63.853	12.987
-63.808	13.002
-63.793	13.032
-63.733	13.032
-63.643	13.092
-63.613	13.092
-63.598	13.122
-63.658	13.242
-63.703	13.302
POLYLINE BLACK
-64.108	14.322
-64.198	14.157
-64.408	13.962
-64.423	13.932
-64.513	13.872
-64.543	13.842
-64.408	13.872
-64.348	13.902
-64.318	13.902
-64.183	13.977
-64.018	14.022
-63.988	14.037
-63.988	14.067
-64.018	14.157
-64.138	14.262
POLYLINE BLACK
-65.128	14.292
-65.068	14.202
-65.038	14.202
-64.843	13.992
-64.753	13.857
-64.633	13.752
-64.528	13.587
-64.513	13.482
-64.438	13.317
-64.228	13.077
-64.168	12.987
-64.123	12.987
-63.943	12.867
-63.838	12.687
-63.793	12.552
-63.793	12.522
-63.763	12.462
-63.763	12.417
-63.703	12.282
-63.703	12.252
-63.628	12.087
-63.448	11.832
-63.448	11.802
-63.328	11.637
-63.208	11.487
-63.103	11.367
-63.013	11.307
-62.953	11.247
-62.923	11.247
-62.743	11.097
-62.743	11.067
-62.593	10.932
-62.533	10.887
-62.488	10.797
-62.458	10.782
-62.443	10.752
POLYLINE BLACK
-63.958	14.892
-63.898	14.757
-63.898	14.727
-63.808	14.532
-63.808	14.502
-63.778	14.442
-63.778	14.412
-63.748	14.352
-63.748	14.307
-63.718	14.247
-63.703	14.112
-63.688	14.082
-63.688	14.037
-63.643	13.887
-63.643	13.857
-63.598	13.752
-63.598	13.722
-63.538	13.587
-63.538	13.557
-63.478	13.422
-63.478	13.392
-63.418	13.272
-63.418	13.227
-63.328	13.032
-63.223	12.882
-63.208	12.837
-63.118	12.717
-63.028	12.582
-62.998	12.552
-62.983	12.477
-62.758	12.162
-62.698	12.072
-62.563	11.892
-62.488	11.802
-62.428	11.757
-62.398	11.697
-62.368	11.682
-62.308	11.562
-62.128	11.307
-62.098	11.292
POLYLINE BLACK
-65.698	14.007
-65.668	14.007
-65.638	13.932
-65.578	13.887
-65.578	13.857
-65.533	13.782
-65.503	13.767
-65.278	13.497
-65.218	13.452
-65.128	13.317
-65.083	13.257
-65.068	13.212
-64.993	13.122
-64.873	12.867
-64.873	12.837
-64.708	12.462
-64.708	12.417
-64.678	12.327
-64.663	12.162
-64.648	12.132
-64.648	12.057
-64.633	12.027
-64.633	11.982
-64.618	11.922
-64.618	11.832
-64.603	11.757
-64.603	11.727
-64.588	11.667
-64.588	11.637
-64.558	11.532
-64.498	11.487
-64.423	11.352
-64.378	11.247
-64.378	11.217
-64.333	11.127
-64.333	11.097
-64.288	10.992
-64.288	10.962
-64.183	10.737
-64.108	10.647
-64.093	10.602
-64.063	10.587
-64.033	10.512
-63.853	10.242
-63.808	10.182
-63.808	10.152
-63.613	9.867
-63.553	9.777
-63.523	9.762
-63.493	9.717
-63.463	9.702
POLYLINE BLACK
-62.569	10.861
-62.554	10.831
-62.419	10.741
-62.359	10.666
-62.299	10.621
-62.224	10.531
-62.179	10.501
-62.119	10.396
-62.089	10.381
-61.789	10.036
-61.699	9.931
-61.474	9.751
-61.444	9.721
-61.399	9.706
-61.339	9.631
-61.174	9.496
-61.054	9.391
-60.934	9.301
-60.859	9.271
-60.709	9.136
-60.664	9.121
-60.499	8.911
-60.379	8.716
-60.304	8.551
-60.169	8.371
-60.109	8.296
-59.989	8.206
-59.929	8.206
-59.824	8.131
-59.794	8.131
-59.674	8.071
-59.644	8.041
-59.569	8.026
-59.479	7.936
-59.449	7.936
-59.269	7.786
-59.239	7.786
-59.209	7.741
-59.179	7.741
-59.119	7.636
POLYLINE BLACK
-62.209	11.356
-62.164	11.296
-62.089	11.251
-62.029	11.176
-61.909	11.071
-61.864	11.011
-61.744	10.936
-61.669	10.846
-61.639	10.846
-61.534	10.726
-61.519	10.681
-61.234	10.441
-61.129	10.366
-61.099	10.321
-61.009	10.261
-60.979	10.216
-60.814	10.081
-60.769	10.021
-60.574	9.841
-60.454	9.676
-60.379	9.556
-60.319	9.511
-60.304	9.466
-60.244	9.421
-60.139	9.286
-60.049	9.211
-60.034	9.181
-59.824	9.001
-59.764	8.956
-59.719	8.941
-59.689	8.896
-59.599	8.836
-59.569	8.806
-59.539	8.806
-59.449	8.731
-59.374	8.701
-59.344	8.671
-59.299	8.656
-59.269	8.626
-59.239	8.626
-58.969	8.401
-58.954	8.371
-58.909	8.371
-58.864	8.311
-58.744	8.221
POLYLINE BLACK
-63.559	9.691
-63.409	9.556
-63.259	9.436
-63.154	9.391
-63.109	9.316
-63.004	9.241
-62.854	9.061
-62.674	8.776
-62.659	8.731
-62.494	8.506
-62.404	8.386
-62.284	8.281
-62.164	8.206
-62.044	8.041
-62.029	7.996
-61.954	7.936
-61.879	7.786
-61.669	7.531
-61.609	7.486
-61.549	7.396
POLYLINE BLACK
-57.775	6.565
-57.852	6.600
-57.866	6.593
-57.887	6.621
-57.901	6.621
-57.950	6.663
-57.985	6.677
-58.027	6.712
-58.062	6.726
-58.118	6.775
-58.167	6.817
-58.181	6.817
-58.195	6.831
-58.209	6.831
-58.230	6.866
-58.272	6.894
-58.328	6.943
-58.335	6.957
-58.356	6.964
-58.412	7.006
-58.468	7.062
-58.489	7.069
-58.531	7.097
-58.573	7.125
-58.587	7.146
-58.601	7.146
-58.685	7.195
-58.699	7.195
-58.713	7.202
-58.734	7.202
-58.769	7.244
-58.797	7.300
-58.839	7.363
-58.867	7.405
-58.916	7.461
-58.923	7.475
-58.937	7.482
-58.937	7.496
-59.007	7.559
-59.028	7.594
-59.042	7.594
-59.112	7.643
POLYLINE BLACK
-57.719	6.040
-57.733	6.047
-57.754	6.047
-57.796	6.075
-57.894	6.124
-57.908	6.124
-57.964	6.173
-58.020	6.173
-58.041	6.180
-58.055	6.173
-58.111	6.187
-58.125	6.187
-58.139	6.194
-58.153	6.187
-58.167	6.201
-58.223	6.201
-58.237	6.215
-58.251	6.208
-58.265	6.222
-58.307	6.208
-58.335	6.229
-58.349	6.229
-58.391	6.250
-58.405	6.250
-58.475	6.306
-58.503	6.327
-58.524	6.355
-58.538	6.362
-58.552	6.383
-58.608	6.425
-58.629	6.453
-58.643	6.460
-58.692	6.516
-58.769	6.544
-58.783	6.544
-58.811	6.551
-58.818	6.565
-58.832	6.565
-58.846	6.579
-58.860	6.572
-58.867	6.586
-58.923	6.600
-58.979	6.600
-59.007	6.586
-59.021	6.586
-59.028	6.572
-59.042	6.565
POLYLINE BLACK
-57.635	6.810
-57.649	6.810
-57.803	6.957
-57.817	6.985
-57.824	7.034
-57.831	7.062
-57.831	7.076
-57.838	7.104
-57.838	7.139
-57.845	7.167
-57.845	7.202
-57.880	7.293
-57.880	7.321
-57.894	7.370
-57.922	7.412
-57.929	7.433
-57.964	7.475
-57.978	7.482
-58.027	7.566
-58.069	7.601
-58.132	7.692
-58.139	7.713
-58.202	7.769
-58.223	7.797
-58.244	7.804
-58.307	7.881
-58.405	7.958
-58.433	8.000
-58.496	8.042
-58.545	8.098
-58.573	8.119
-58.629	8.182
-58.643	8.189
-58.650	8.203
-58.685	8.231
-58.706	8.259
-58.783	8.294
-58.797	8.308
POLYLINE BLACK
-57.180	6.411
-57.215	6.341
-57.271	6.187
-57.285	6.138
-57.334	6.040
-57.376	5.928
-57.390	5.879
-57.411	5.830
-57.425	5.781
-57.446	5.732
-57.446	5.718
-57.369	5.669
-57.320	5.655
-57.222	5.599
-57.208	5.599
-57.124	5.550
-57.110	5.550
-57.047	5.522
-57.033	5.522
-57.019	5.515
-56.963	5.599
-56.914	5.704
-56.879	5.753
-56.865	5.795
-56.844	5.823
-56.837	5.844
-56.823	5.858
-56.802	5.914
-56.781	5.942
-56.760	5.991
-56.753	6.026
-56.697	6.138
-56.676	6.187
-56.753	6.236
-56.774	6.236
-56.809	6.250
-56.823	6.264
-56.837	6.264
-56.900	6.292
-56.914	6.306
-56.949	6.313
-57.019	6.362
-57.089	6.397
-57.103	6.397
-57.145	6.411
POLYLINE BLACK
-57.110	5.487
-57.124	5.494
-57.166	5.557
-57.194	5.578
-57.215	5.606
-57.236	5.613
-57.299	5.683
-57.320	5.690
-57.488	5.844
-57.523	5.886
-57.551	5.907
-57.586	5.949
-57.600	5.956
-57.628	5.998
-57.642	5.998
-57.670	6.019
-57.684	6.019
-57.726	6.033
POLYLINE BLACK
-55.465	5.193
-55.479	5.200
-55.570	5.200
-55.605	5.214
-55.633	5.207
-55.675	5.221
-55.689	5.214
-55.710	5.221
POLYLINE BLACK
-55.570	5.214
-55.584	5.214
-55.598	5.207
-55.696	5.235
-55.752	5.235
-55.801	5.249
-55.864	5.249
-55.892	5.256
-55.906	5.256
-55.934	5.263
-56.053	5.228
-56.109	5.228
-56.123	5.221
-56.158	5.228
-56.207	5.214
-56.235	5.228
-56.263	5.228
-56.277	5.221
-56.291	5.228
POLYLINE BLACK
-55.703	5.991
-55.682	5.963
-55.598	5.907
-55.584	5.900
-55.570	5.879
-55.465	5.802
-55.409	5.753
-55.353	5.718
-55.311	5.683
-55.290	5.655
-55.276	5.648
POLYLINE BLACK
-57.754	6.579
-57.747	6.565
-57.677	6.537
-57.572	6.495
-57.558	6.495
-57.544	6.481
-57.495	6.467
-57.467	6.460
-57.453	6.446
-57.425	6.446
-57.404	6.432
-57.390	6.432
-57.376	6.425
-57.285	6.425
-57.257	6.418
-57.215	6.418
-57.187	6.411
-57.138	6.411
-57.124	6.418
-57.096	6.411
-57.068	6.411
-57.040	6.397
-56.998	6.397
-56.970	6.404
-56.935	6.397
-56.907	6.404
-56.865	6.390
-56.837	6.369
-56.823	6.369
-56.767	6.348
-56.739	6.355
-56.711	6.341
-56.697	6.341
-56.683	6.348
-56.669	6.341
-56.655	6.355
-56.641	6.348
-56.620	6.355
-56.578	6.341
POLYLINE BLACK
-52.322	3.877
-52.294	3.870
-52.266	3.870
-52.231	3.856
-52.189	3.856
-52.168	3.842
-52.140	3.842
-52.133	3.828
POLYLINE BLACK
-51.965	4.521
-51.923	4.500
-51.909	4.500
-51.853	4.479
-51.804	4.451
-51.790	4.451
POLYLINE BLACK
-51.923	4.227
-51.937	4.227
-51.986	4.248
-51.993	4.262
-52.042	4.276
-52.084	4.304
-52.140	4.339
-52.217	4.374
-52.231	4.374
-52.259	4.388
-52.273	4.388
POLYLINE BLACK
-51.972	4.066
-51.986	4.066
-52.084	4.115
-52.112	4.115
-52.140	4.136
-52.168	4.136
-52.196	4.143
-52.238	4.143
POLYLINE BLACK
-52.182	4.128
-52.202	4.138
-52.252	4.138
-52.322	4.158
-52.362	4.148
POLYLINE BLACK
-55.482	5.228
-55.392	5.178
-55.352	5.168
-55.312	5.138
-55.272	5.148
-55.122	5.098
-55.042	5.048
-54.992	5.038
-54.942	5.008
-54.822	4.978
-54.802	4.988
-54.682	4.958
-54.582	4.918
-54.552	4.918
-54.532	4.908
-54.512	4.918
-54.422	4.878
-54.402	4.878
-54.382	4.858
-54.352	4.858
-54.312	4.828
-54.292	4.828
-54.232	4.778
-54.162	4.748
-54.122	4.718
-54.082	4.708
-54.022	4.678
-53.992	4.678
-53.852	4.628
-53.812	4.638
-53.792	4.618
-53.752	4.608
-53.732	4.618
-53.642	4.588
-53.542	4.568
-53.452	4.508
-53.362	4.498
-53.342	4.478
-53.302	4.478
-53.282	4.458
-53.232	4.448
-53.112	4.408
-53.092	4.408
-53.072	4.388
-53.052	4.388
-53.002	4.358
-52.982	4.358
-52.962	4.338
-52.912	4.328
-52.772	4.258
-52.732	4.248
-52.682	4.218
-52.532	4.188
-52.492	4.178
-52.472	4.188
-52.452	4.168
-52.432	4.178
-52.392	4.168
-52.352	4.168
-52.312	4.158
-52.212	4.138
-52.192	4.128
POLYLINE BLACK
-52.112	4.328
-52.172	4.348
-52.232	4.388
-52.382	4.458
-52.422	4.468
-52.482	4.488
-52.532	4.518
-52.572	4.528
-52.722	4.588
-52.762	4.598
-52.782	4.618
-52.822	4.628
-52.862	4.658
-52.882	4.658
-52.902	4.678
-52.922	4.678
-53.072	4.758
-53.092	4.758
-53.112	4.778
-53.132	4.768
-53.242	4.808
-53.252	4.828
-53.302	4.838
-53.342	4.878
-53.362	4.878
-53.382	4.898
-53.422	4.908
-53.572	5.008
-53.592	5.008
-53.682	5.058
-53.722	5.068
-53.812	5.118
-53.852	5.118
-53.872	5.138
-53.912	5.138
-53.972	5.178
-54.062	5.208
-54.102	5.218
-54.142	5.258
-54.192	5.268
-54.232	5.278
-54.262	5.278
-54.282	5.298
-54.302	5.298
-54.322	5.318
-54.362	5.328
-54.462	5.378
-54.522	5.418
-54.572	5.428
-54.602	5.458
-54.652	5.468
-54.672	5.488
-54.712	5.488
-54.732	5.508
-54.752	5.498
-54.792	5.508
-54.872	5.518
-54.912	5.528
-54.952	5.538
-55.002	5.548
-55.082	5.578
-55.102	5.578
-55.122	5.598
-55.142	5.598
-55.242	5.658
POLYLINE BLACK
-52.272	4.388
-52.332	4.418
-52.372	4.428
-52.452	4.458
-52.632	4.568
POLYLINE BLACK
-57.669	6.815
-57.655	6.822
-57.592	6.794
-57.564	6.794
-57.550	6.780
-57.515	6.787
-57.501	6.773
-57.452	6.766
-57.396	6.738
-57.319	6.717
-57.207	6.668
-57.179	6.647
-57.144	6.647
-57.123	6.633
-57.067	6.612
-57.025	6.584
-56.948	6.549
-56.934	6.535
-56.864	6.507
-56.822	6.472
-56.759	6.437
-56.745	6.423
-56.724	6.423
-56.710	6.409
-56.696	6.409
-56.682	6.395
-56.668	6.395
-56.591	6.353
-56.563	6.353
-56.535	6.339
-56.514	6.339
-56.486	6.325
-56.451	6.318
-56.437	6.311
-56.423	6.318
-56.395	6.304
-56.346	6.297
-56.283	6.255
-56.227	6.227
-56.213	6.227
-56.143	6.164
-56.115	6.136
-56.094	6.129
-56.080	6.115
-56.066	6.115
-56.017	6.101
-55.989	6.080
-55.954	6.073
-55.905	6.052
-55.877	6.052
-55.849	6.045
-55.835	6.045
-55.807	6.038
-55.786	6.038
-55.758	6.010
-55.674	5.996
-55.660	5.996
-55.646	5.989
-55.625	5.989
-55.569	5.968
-55.555	5.968
-55.527	5.954
-55.499	5.954
-55.485	5.940
-55.457	5.940
-55.387	5.905
-55.373	5.905
-55.317	5.884
-55.303	5.884
-55.282	5.870
-55.254	5.870
-55.198	5.842
-55.184	5.842
-55.170	5.828
-55.156	5.828
-55.114	5.807
POLYLINE BLACK
-57.739	5.611
-57.662	5.611
-57.634	5.604
-57.606	5.604
-57.592	5.590
-57.578	5.590
-57.550	5.583
-57.529	5.583
-57.466	5.562
-57.431	5.562
-57.403	5.548
-57.382	5.548
-57.312	5.520
-57.277	5.513
-57.249	5.499
-57.200	5.499
-57.158	5.485
-57.116	5.485
-57.102	5.478
-57.081	5.478
-57.053	5.471
-57.011	5.471
-56.920	5.443
-56.892	5.436
-56.871	5.436
-56.787	5.394
-56.773	5.401
-56.689	5.359
-56.640	5.345
-56.612	5.331
-56.535	5.324
-56.514	5.317
-56.500	5.303
-56.472	5.303
-56.458	5.289
-56.444	5.289
-56.430	5.282
-56.409	5.289
-56.395	5.275
-56.234	5.233
-56.206	5.219
-56.171	5.212
-56.094	5.184
-56.080	5.184
-56.017	5.156
-55.975	5.156
-55.933	5.128
-55.919	5.128
-55.877	5.100
-55.856	5.100
-55.793	5.065
-55.779	5.065
-55.751	5.044
-55.695	5.030
-55.625	4.995
-55.611	4.981
-55.597	4.981
-55.583	4.967
-55.555	4.967
-55.513	4.946
POLYLINE BLACK
-55.516	4.969
-55.476	4.959
-55.356	4.909
-55.316	4.899
-55.276	4.889
-55.256	4.899
-55.036	4.839
-54.996	4.839
-54.886	4.789
-54.816	4.779
-54.726	4.769
-54.546	4.729
-54.446	4.699
-54.386	4.649
-54.366	4.649
-54.216	4.559
-54.126	4.509
-54.036	4.469
-53.926	4.449
-53.876	4.449
-53.786	4.419
-53.666	4.399
-53.506	4.339
-53.476	4.339
-53.396	4.299
-53.366	4.299
-53.346	4.279
-53.326	4.279
-53.296	4.259
-53.256	4.249
-53.126	4.199
-53.096	4.199
-53.036	4.179
-52.896	4.159
-52.806	4.129
-52.756	4.099
-52.646	4.059
-52.546	3.969
-52.506	3.969
-52.406	3.909
-52.376	3.909
-52.266	3.869
-52.246	3.869
POLYLINE BLACK
-55.156	5.839
-55.056	5.779
-55.026	5.779
-54.986	5.749
-54.926	5.749
-54.866	5.709
-54.826	5.709
-54.806	5.689
-54.746	5.679
-54.726	5.659
-54.706	5.659
-54.616	5.619
-54.576	5.609
-54.446	5.579
-54.426	5.579
-54.256	5.519
-54.176	5.479
-54.136	5.469
-53.956	5.339
-53.836	5.299
-53.776	5.269
-53.756	5.269
-53.736	5.249
-53.706	5.249
-53.596	5.209
-53.346	5.159
-53.216	5.109
-53.136	5.049
-53.016	4.999
-52.976	4.969
-52.956	4.969
-52.906	4.939
-52.736	4.839
-52.706	4.839
-52.686	4.819
-52.646	4.809
-52.546	4.749
-52.466	4.729
-52.376	4.709
-52.356	4.709
-52.336	4.689
-52.296	4.679
-52.256	4.649
-52.216	4.639
-52.156	4.599
-52.136	4.609
-52.046	4.559
-51.996	4.529
-51.976	4.539
-51.946	4.509
-51.906	4.499
-51.886	4.489
POLYLINE BLACK
-51.957	4.281
-51.957	4.281
-51.922	4.239
-51.908	4.246
-51.845	4.218
-51.831	4.218
-51.817	4.211
-51.761	4.134
-51.663	4.064
-51.649	4.064
-51.621	4.050
-51.565	4.008
-51.460	3.931
-51.418	3.910
-51.390	3.875
-51.334	3.840
-51.320	3.826
-51.299	3.819
-51.257	3.784
-51.243	3.784
-51.222	3.770
-51.208	3.770
-51.194	3.749
-51.145	3.714
-51.117	3.714
-51.054	3.686
-51.005	3.693
-50.935	3.658
-50.879	3.595
-50.858	3.588
-50.753	3.476
-50.739	3.469
-50.704	3.427
-50.641	3.385
-50.627	3.385
-50.599	3.371
-50.571	3.371
-50.522	3.350
-50.508	3.350
-50.452	3.308
-50.396	3.273
-50.382	3.273
-50.305	3.231
-50.291	3.231
-50.277	3.217
-50.249	3.217
-50.193	3.189
-50.123	3.105
-50.102	3.070
-50.088	3.063
-50.067	3.035
-50.025	3.007
-50.011	2.986
POLYLINE BLACK
-51.929	4.316
-51.915	4.316
-51.866	4.260
-51.866	4.246
-51.852	4.239
POLYLINE BLACK
-52.055	4.099
-52.020	4.085
-52.006	4.085
-51.992	4.078
-51.978	4.085
-51.950	4.064
-51.936	4.064
-51.908	4.043
-51.894	4.043
-51.852	4.015
-51.817	3.973
-51.810	3.952
-51.747	3.882
-51.719	3.868
-51.705	3.868
-51.691	3.854
-51.614	3.819
-51.558	3.777
-51.551	3.763
-51.537	3.756
-51.509	3.721
-51.453	3.679
-51.369	3.602
-51.355	3.602
-51.313	3.567
-51.299	3.567
-51.271	3.546
-51.257	3.546
-51.229	3.532
-51.208	3.532
-51.138	3.483
-51.075	3.413
-51.033	3.378
-51.019	3.378
-50.921	3.301
-50.865	3.273
-50.851	3.259
-50.837	3.259
-50.809	3.238
-50.788	3.238
-50.718	3.203
-50.627	3.133
-50.578	3.098
-50.550	3.077
-50.536	3.077
-50.508	3.056
-50.473	3.042
-50.389	2.972
-50.375	2.937
-50.354	2.909
-50.326	2.888
-50.291	2.839
-50.277	2.839
-50.235	2.811
-50.221	2.811
-50.207	2.804
POLYLINE BLACK
-51.831	4.484
-51.803	4.442
-51.740	4.386
-51.712	4.351
-51.670	4.316
-51.663	4.302
-51.628	4.288
-51.614	4.274
-51.600	4.274
-51.565	4.260
-51.523	4.232
-51.488	4.218
-51.446	4.190
-51.376	4.176
-51.306	4.141
-51.292	4.127
-51.271	4.120
-51.257	4.099
-51.229	4.092
-51.201	4.071
-51.194	4.057
-51.173	4.050
-51.152	4.022
-51.047	3.952
-50.998	3.931
-50.970	3.903
-50.963	3.882
-50.935	3.861
-50.907	3.826
-50.823	3.763
-50.795	3.756
-50.753	3.728
-50.739	3.735
-50.690	3.735
-50.641	3.714
-50.606	3.714
-50.592	3.700
-50.571	3.693
-50.522	3.658
-50.501	3.651
-50.424	3.595
-50.347	3.553
-50.333	3.553
-50.291	3.525
-50.270	3.525
-50.228	3.504
-50.207	3.504
-50.179	3.483
-50.165	3.483
-50.102	3.448
-50.074	3.420
-50.060	3.420
-50.018	3.392
-50.004	3.378
-49.990	3.378
-49.927	3.308
-49.913	3.301
POLYLINE BLACK
-52.181	3.861
-52.132	3.826
-52.118	3.826
-52.083	3.798
-52.020	3.763
-52.013	3.749
-51.957	3.721
-51.880	3.658
-51.775	3.588
-51.635	3.462
-51.551	3.350
-51.509	3.329
-51.446	3.280
-51.411	3.273
-51.369	3.259
-51.334	3.259
-51.292	3.238
-51.271	3.238
-51.222	3.224
-51.201	3.224
-51.131	3.196
-51.082	3.175
-51.040	3.147
-50.921	3.091
-50.893	3.070
-50.872	3.070
-50.858	3.049
-50.823	3.028
-50.809	3.028
-50.690	2.930
-50.655	2.888
-50.606	2.853
-50.564	2.825
-50.529	2.811
-50.473	2.762
-50.445	2.741
-50.438	2.727
-50.424	2.720
-50.375	2.657
-50.368	2.643
POLYLINE BLACK
-50.018	3.014
-49.969	2.972
-49.948	2.944
-49.941	2.923
-49.927	2.923
-49.857	2.839
-49.843	2.832
-49.829	2.811
-49.815	2.804
-49.773	2.748
-49.759	2.741
-49.738	2.706
-49.682	2.664
-49.668	2.664
-49.605	2.594
-49.584	2.552
-49.563	2.524
-49.549	2.489
-49.535	2.482
-49.493	2.426
-49.472	2.426
-49.423	2.391
-49.409	2.391
-49.325	2.328
-49.304	2.300
-49.283	2.286
-49.255	2.244
-49.087	2.132
-49.045	2.104
-48.989	2.083
-48.975	2.083
-48.933	2.055
-48.863	1.992
-48.856	1.978
POLYLINE BLACK
-48.828	1.040
-48.884	1.089
-48.884	1.103
-48.912	1.131
-48.919	1.152
-48.940	1.180
-48.954	1.187
-48.989	1.250
-49.003	1.264
-49.003	1.278
-49.024	1.320
-49.059	1.362
-49.080	1.411
-49.094	1.418
-49.157	1.544
-49.185	1.565
-49.206	1.593
-49.234	1.614
-49.325	1.726
-49.360	1.782
-49.381	1.789
-49.451	1.845
-49.507	1.936
-49.563	1.978
-49.626	2.048
-49.654	2.118
-49.675	2.146
-49.689	2.153
-49.731	2.209
-49.773	2.244
-49.850	2.349
-49.850	2.363
-49.913	2.503
-49.934	2.531
-49.941	2.552
-49.969	2.594
-49.976	2.608
-49.990	2.608
-50.074	2.706
-50.102	2.748
-50.200	2.811
POLYLINE BLACK
-48.618	1.775
-48.597	1.747
-48.576	1.733
-48.569	1.712
-48.506	1.663
-48.499	1.649
-48.443	1.600
-48.394	1.537
-48.380	1.530
-48.373	1.509
-48.324	1.453
-48.282	1.383
-48.282	1.355
-48.268	1.320
-48.268	1.306
-48.261	1.292
POLYLINE BLACK
-49.899	3.294
-49.878	3.266
-49.857	3.252
-49.822	3.210
-49.780	3.175
-49.717	3.084
-49.626	2.993
-49.612	2.986
-49.570	2.937
-49.514	2.888
-49.465	2.832
-49.381	2.734
-49.346	2.692
-49.332	2.685
-49.220	2.517
-49.143	2.370
-49.122	2.342
-49.122	2.328
-49.094	2.265
-49.024	2.167
-48.989	2.118
-48.933	2.069
-48.919	2.069
-48.884	2.027
-48.842	1.992
-48.800	1.936
-48.765	1.915
-48.695	1.831
-48.583	1.733
POLYLINE BLACK
-50.382	2.664
-50.368	2.636
-50.312	2.587
-50.284	2.545
-50.214	2.482
-50.158	2.412
-50.074	2.244
-50.046	2.202
-50.025	2.153
-50.011	2.139
-50.004	2.118
-49.976	2.076
-49.955	2.027
-49.927	1.985
-49.892	1.922
-49.836	1.831
-49.808	1.817
-49.794	1.817
-49.766	1.796
-49.710	1.712
-49.647	1.642
-49.612	1.572
-49.570	1.432
-49.493	1.278
-49.465	1.236
-49.423	1.145
-49.416	1.110
-49.381	1.040
-49.381	1.026
-49.374	0.998
-49.297	0.851
-49.283	0.837
-49.283	0.823
-49.262	0.795
-49.227	0.781
-49.171	0.739
-49.164	0.725
-49.129	0.704
-49.122	0.683
-49.087	0.641
-49.073	0.613
-49.059	0.613
-49.038	0.599
POLYLINE BLACK
-48.821	1.026
-48.772	0.928
-48.723	0.872
-48.695	0.851
-48.681	0.851
-48.667	0.837
-48.618	0.816
-48.604	0.816
-48.576	0.802
-48.555	0.802
-48.443	0.767
-48.415	0.767
-48.331	0.739
-48.303	0.739
-48.275	0.718
-48.261	0.718
-48.219	0.697
-48.191	0.669
-48.177	0.669
-48.128	0.641
-48.114	0.641
-48.058	0.606
-47.897	0.480
-47.855	0.438
-47.841	0.438
-47.785	0.403
-47.722	0.361
-47.680	0.340
-47.624	0.291
-47.568	0.256
-47.533	0.228
-47.526	0.214
-47.498	0.193
-47.477	0.186
-47.449	0.165
-47.435	0.165
-47.393	0.144
-47.309	0.074
-47.267	0.053
-47.253	0.039
-47.232	0.032
-47.218	0.018
-47.190	0.018
-47.162	0.004
-47.141	0.004
-47.113	-0.003
-47.099	-0.003
-47.050	-0.024
-47.036	-0.024
-47.022	-0.031
-47.015	-0.045
-46.987	-0.066
-46.952	-0.066
-46.896	-0.108
-46.854	-0.122
-46.819	-0.122
-46.805	-0.129
-46.791	-0.122
-46.749	-0.143
-46.735	-0.143
-46.721	-0.150
POLYLINE BLACK
-48.233	1.334
-48.233	1.320
-48.226	1.306
-48.226	1.285
-48.212	1.257
-48.205	1.208
-48.191	1.173
-48.177	1.159
-48.156	1.152
-48.142	1.138
-48.128	1.138
-48.086	1.110
-48.072	1.110
-47.995	1.082
-47.960	1.075
-47.855	1.026
-47.841	1.026
-47.799	0.991
-47.771	0.970
-47.757	0.935
-47.715	0.879
-47.708	0.858
-47.652	0.809
-47.638	0.809
-47.575	0.767
-47.533	0.760
-47.484	0.746
-47.414	0.697
-47.337	0.634
-47.288	0.613
-47.260	0.592
-47.239	0.585
-47.225	0.571
-47.162	0.543
-47.148	0.529
-47.127	0.529
-47.099	0.508
-47.064	0.501
-46.987	0.473
-46.945	0.473
-46.903	0.452
-46.889	0.452
-46.875	0.438
-46.861	0.438
-46.833	0.424
-46.819	0.424
-46.756	0.396
POLYLINE BLACK
-49.024	0.620
-49.003	0.592
-48.954	0.585
-48.912	0.571
-48.891	0.571
-48.814	0.550
-48.800	0.557
-48.772	0.543
-48.758	0.543
-48.723	0.529
-48.709	0.529
-48.646	0.508
-48.625	0.494
-48.611	0.494
-48.555	0.480
-48.429	0.396
-48.415	0.396
-48.401	0.382
-48.380	0.375
-48.366	0.361
-48.345	0.354
-48.289	0.312
-48.247	0.291
-48.233	0.277
-48.121	0.228
-48.065	0.228
-47.988	0.207
-47.953	0.200
-47.925	0.179
-47.911	0.179
-47.827	0.123
-47.750	0.074
-47.736	0.074
-47.708	0.067
-47.687	0.067
-47.652	0.053
-47.596	0.053
-47.561	0.046
-47.512	0.046
-47.477	0.032
-47.400	0.032
-47.309	0.004
-47.260	-0.010
-47.232	-0.038
-47.218	-0.038
-47.176	-0.073
-47.162	-0.080
-47.141	-0.080
-47.099	-0.101
-47.050	-0.101
-47.036	-0.108
-47.015	-0.108
-46.959	-0.122
-46.931	-0.122
-46.896	-0.136
-46.868	-0.129
-46.840	-0.129
-46.805	-0.143
-46.791	-0.136
-46.714	-0.157
POLYLINE BLUE
-44.642	-0.283
-44.656	-0.290
-44.663	-0.311
-44.719	-0.388
-44.740	-0.437
POLYLINE BLUE
-44.719	-0.206
-44.768	-0.290
-44.803	-0.332
-44.852	-0.395
POLYLINE BLUE
-44.901	-0.185
-44.936	-0.248
-44.950	-0.262
-44.957	-0.283
-44.999	-0.346
POLYLINE BLUE
-45.055	-0.143
-45.069	-0.157
-45.111	-0.241
-45.167	-0.304
-45.174	-0.318
POLYLINE BLUE
-45.223	-0.115
-45.307	-0.213
-45.356	-0.255
POLYLINE BLUE
-45.342	-0.073
-45.342	-0.087
-45.433	-0.199
-45.454	-0.234
-45.475	-0.248
-45.482	-0.262
-45.496	-0.269
POLYLINE BLUE
-45.482	-0.038
-45.608	-0.206
POLYLINE BLUE
-45.601	0.011
-45.671	-0.073
-45.692	-0.087
-45.727	-0.136
POLYLINE BLUE
-45.783	0.032
-45.818	-0.017
-45.874	-0.080
-45.916	-0.108
-45.930	-0.129
POLYLINE BLUE
-45.930	0.074
-45.993	-0.003
-46.028	-0.031
-46.049	-0.038
-46.077	-0.059
-46.084	-0.073
-46.098	-0.080
-46.112	-0.101
-46.133	-0.108
POLYLINE BLUE
-44.663	-0.213
-44.635	-0.234
-44.614	-0.269
-44.600	-0.276
-44.586	-0.304
-44.586	-0.318
-44.593	-0.332
-44.593	-0.367
-44.614	-0.395
-44.628	-0.402
-44.635	-0.423
-44.670	-0.437
-44.684	-0.451
-44.712	-0.451
POLYLINE BLUE
-46.007	0.130
-46.021	0.123
-46.042	0.123
-46.105	0.095
-46.133	0.053
-46.161	-0.010
-46.161	-0.080
-46.133	-0.108
POLYLINE BLACK
-46.658	-0.108
-46.392	-0.122
-46.378	-0.129
-46.245	-0.115
-46.168	-0.122
-46.154	-0.108
-46.098	-0.108
-46.056	-0.101
-46.042	-0.108
-45.979	-0.108
-45.923	-0.129
POLYLINE BLACK
-44.334	-0.206
-44.320	-0.206
-44.292	-0.199
-44.278	-0.199
-44.264	-0.192
-44.250	-0.199
POLYLINE BLACK
-46.749	0.417
-46.651	0.396
-46.609	0.389
-46.595	0.389
-46.567	0.382
-46.553	0.382
-46.539	0.375
-46.490	0.375
-46.476	0.361
-46.462	0.368
-46.448	0.354
-46.413	0.354
-46.273	0.263
-46.259	0.263
-46.217	0.235
-46.175	0.207
-46.161	0.207
-46.119	0.179
-46.105	0.179
-46.042	0.151
-46.028	0.151
-45.986	0.123
-45.972	0.123
-45.930	0.095
-45.888	0.081
-45.867	0.067
-45.853	0.067
-45.804	0.053
-45.783	0.053
-45.755	0.046
-45.741	0.046
-45.692	0.025
-45.678	0.025
-45.650	0.011
-45.622	0.011
-45.587	-0.003
-45.573	-0.017
-45.552	-0.017
-45.538	-0.024
-45.524	-0.017
-45.510	-0.031
-45.496	-0.031
-45.468	-0.024
-45.377	-0.059
-45.363	-0.059
-45.321	-0.080
-45.300	-0.080
-45.272	-0.094
-45.223	-0.108
-45.209	-0.115
-45.195	-0.108
-45.167	-0.115
-45.153	-0.115
-45.125	-0.122
-45.097	-0.122
-45.020	-0.143
-45.006	-0.136
-44.978	-0.150
-44.901	-0.150
-44.887	-0.164
-44.859	-0.157
-44.768	-0.185
-44.754	-0.178
-44.712	-0.199
-44.670	-0.199
-44.614	-0.213
-44.593	-0.213
-44.579	-0.206
-44.551	-0.220
-44.523	-0.213
-44.509	-0.213
-44.481	-0.206
-44.467	-0.213
-44.439	-0.206
-44.404	-0.213
-44.376	-0.199
-44.362	-0.206
-44.334	-0.192
-44.306	-0.192
-44.278	-0.199
POLYLINE BLACK
-46.539	0.403
-46.525	0.375
-46.511	0.375
POLYLINE BLACK
-45.951	-0.087
-45.923	-0.108
-45.888	-0.115
-45.860	-0.129
-45.846	-0.122
-45.790	-0.136
-45.776	-0.129
-45.713	-0.143
-45.699	-0.143
-45.657	-0.164
-45.643	-0.164
-45.580	-0.199
-45.566	-0.199
-45.538	-0.220
-45.524	-0.220
-45.510	-0.227
-45.496	-0.220
-45.482	-0.234
-45.454	-0.234
-45.419	-0.248
-45.391	-0.269
-45.279	-0.297
-45.258	-0.297
-45.216	-0.311
-45.202	-0.325
-45.188	-0.325
-45.160	-0.346
-45.132	-0.346
-45.118	-0.353
-45.097	-0.353
-45.055	-0.374
-45.020	-0.374
-44.992	-0.381
-44.978	-0.381
-44.950	-0.374
-44.936	-0.388
-44.887	-0.388
-44.873	-0.381
-44.845	-0.395
-44.831	-0.395
-44.817	-0.402
-44.803	-0.395
-44.754	-0.416
-44.726	-0.416
-44.712	-0.430
-44.698	-0.430
-44.684	-0.444
-44.649	-0.444
-44.635	-0.458
-44.621	-0.458
-44.614	-0.472
-44.586	-0.472
-44.558	-0.493
-44.530	-0.493
-44.502	-0.500
-44.488	-0.500
-44.474	-0.493
-44.460	-0.500
-44.397	-0.500
-44.369	-0.507
-44.341	-0.507
-44.327	-0.514
-44.313	-0.507
-44.264	-0.528
-44.250	-0.528
-44.236	-0.521
POLYLINE BLACK
-42.928	-0.117
-42.978	-0.107
-43.018	-0.107
-43.098	-0.127
-43.118	-0.127
-43.138	-0.147
-43.238	-0.167
-43.278	-0.167
-43.318	-0.197
-43.398	-0.217
-43.438	-0.247
-43.458	-0.237
-43.498	-0.247
-43.578	-0.257
-43.608	-0.257
-43.628	-0.267
-43.688	-0.247
-43.708	-0.257
-43.748	-0.247
-43.788	-0.237
-43.858	-0.217
-43.898	-0.227
-43.918	-0.227
-43.938	-0.207
-43.978	-0.227
-44.038	-0.207
-44.118	-0.197
-44.138	-0.207
-44.178	-0.187
-44.218	-0.197
-44.238	-0.197
POLYLINE BLACK
-43.138	-1.027
-43.178	-1.027
-43.238	-0.977
-43.248	-0.937
-43.328	-0.837
-43.398	-0.777
-43.608	-0.657
-43.688	-0.607
-43.808	-0.587
-43.848	-0.597
-43.888	-0.587
-43.948	-0.587
-44.068	-0.547
-44.088	-0.537
-44.128	-0.547
-44.168	-0.537
-44.248	-0.527
-44.288	-0.517
POLYLINE BLACK
-42.918	-0.117
-42.798	-0.147
-42.778	-0.167
-42.738	-0.167
-42.698	-0.177
-42.578	-0.147
-42.558	-0.127
-42.488	-0.137
-42.448	-0.127
-42.368	-0.127
-42.218	-0.177
-42.138	-0.227
-42.088	-0.237
-41.948	-0.297
-41.908	-0.307
-41.868	-0.337
-41.848	-0.337
-41.808	-0.367
-41.788	-0.367
-41.758	-0.387
-41.718	-0.397
-41.678	-0.427
-41.658	-0.427
-41.618	-0.467
-41.578	-0.477
-41.458	-0.567
-41.408	-0.587
-41.368	-0.627
-41.348	-0.627
-41.258	-0.717
POLYLINE BLACK
-43.248	-1.047
-43.238	-1.067
-43.238	-1.047
-43.188	-1.037
-43.168	-1.047
-43.078	-1.027
-43.018	-1.067
-42.898	-1.117
-42.878	-1.117
-42.818	-1.147
-42.778	-1.157
-42.628	-1.297
-42.568	-1.317
-42.428	-1.427
-42.338	-1.517
-42.238	-1.587
-42.198	-1.617
-42.128	-1.647
-42.098	-1.647
-41.948	-1.717
-41.848	-1.797
-41.788	-1.857
-41.768	-1.857
-41.738	-1.887
-41.668	-1.917
-41.658	-1.937
-41.618	-1.947
-41.458	-2.037
-41.428	-2.037
-41.378	-2.067
POLYLINE BLACK
-39.808	-1.677
-39.848	-1.667
-39.908	-1.677
-39.968	-1.657
-39.988	-1.657
-40.048	-1.607
-40.098	-1.607
-40.148	-1.557
-40.248	-1.477
-40.398	-1.387
-40.538	-1.317
-40.668	-1.187
-40.738	-1.097
-40.968	-0.917
-41.098	-0.787
-41.228	-0.657
-41.288	-0.617
-41.308	-0.597
POLYLINE BLACK
-41.488	-2.017
-41.428	-2.067
-41.318	-2.127
-41.298	-2.147
-41.248	-2.157
-41.058	-2.257
-40.998	-2.307
-40.948	-2.337
-40.938	-2.357
-40.888	-2.377
-40.808	-2.447
-40.788	-2.447
-40.748	-2.477
-40.628	-2.517
-40.518	-2.517
-40.458	-2.537
-40.438	-2.557
-40.398	-2.557
-40.338	-2.587
-40.298	-2.587
-40.278	-2.597
-40.228	-2.587
-40.188	-2.597
-40.168	-2.587
-40.108	-2.607
-40.068	-2.597
-40.048	-2.617
POLYLINE GREEN
-39.198	-1.787
-39.208	-1.827
-39.208	-1.847
-39.188	-1.867
-39.118	-1.857
POLYLINE GREEN
-38.868	-1.597
-38.938	-1.687
-38.958	-1.737
-38.888	-1.767
POLYLINE GREEN
-39.078	-1.947
-39.148	-2.007
-39.148	-2.027
-39.118	-2.077
POLYLINE GREEN
-39.108	-1.737
-39.198	-1.827
-39.218	-1.837
-39.238	-1.887
POLYLINE GREEN
-39.388	-2.117
-39.398	-2.167
-39.418	-2.227
-39.418	-2.267
-39.368	-2.277
-39.338	-2.267
POLYLINE GREEN
-39.348	-1.847
-39.368	-1.867
-39.438	-1.877
-39.478	-1.927
-39.478	-1.967
-39.438	-1.997
-39.418	-1.997
POLYLINE GREEN
-39.618	-2.707
-39.548	-2.707
-39.428	-2.667
-39.338	-2.657
-39.258	-2.607
-39.188	-2.497
-38.978	-2.317
-38.948	-2.277
-38.948	-2.207
-38.918	-2.107
-38.848	-1.997
-38.798	-1.947
-38.748	-1.877
-38.738	-1.837
-38.708	-1.757
-38.698	-1.717
-38.688	-1.687
-38.708	-1.627
-38.778	-1.557
-38.818	-1.547
-38.858	-1.527
-38.888	-1.527
-38.928	-1.517
POLYLINE GREEN
-39.748	-2.217
-39.798	-2.267
-39.798	-2.317
-39.768	-2.357
POLYLINE GREEN
-39.658	-2.387
-39.678	-2.407
-39.768	-2.427
-39.778	-2.447
-39.778	-2.517
-39.758	-2.537
POLYLINE GREEN
-39.658	-2.197
-39.698	-2.197
-39.758	-2.237
-39.768	-2.277
POLYLINE GREEN
-39.638	-1.857
-39.698	-1.867
-39.728	-1.937
-39.728	-1.977
-39.718	-1.997
POLYLINE GREEN
-39.898	-1.997
-39.938	-1.997
-39.978	-2.037
-39.988	-2.087
-39.968	-2.147
POLYLINE GREEN
-40.018	-2.337
-40.028	-2.357
-40.078	-2.387
-40.108	-2.447
-40.058	-2.497
POLYLINE GREEN
-39.848	-1.737
-39.908	-1.757
-39.948	-1.797
-39.968	-1.797
-40.108	-1.907
-40.258	-2.197
-40.268	-2.247
-40.298	-2.347
-40.298	-2.397
-40.278	-2.447
-40.198	-2.527
-40.128	-2.577
-40.078	-2.597
POLYLINE BLACK
-39.568	-1.697
-39.568	-1.717
-39.608	-1.707
-39.648	-1.717
-39.718	-1.707
-39.838	-1.687
POLYLINE BLACK
-38.338	-2.707
-38.428	-2.727
-38.468	-2.717
-38.508	-2.727
-38.548	-2.717
-38.608	-2.717
-38.668	-2.737
-38.708	-2.727
-38.748	-2.747
-38.808	-2.717
-38.838	-2.717
-38.878	-2.737
-38.918	-2.737
-38.938	-2.727
-38.958	-2.747
-38.978	-2.747
-38.998	-2.767
-39.068	-2.757
-39.108	-2.767
-39.168	-2.777
-39.188	-2.767
-39.288	-2.787
-39.328	-2.777
-39.388	-2.777
-39.408	-2.757
-39.448	-2.747
-39.488	-2.737
-39.568	-2.757
-39.678	-2.717
-39.718	-2.717
-39.778	-2.697
-39.778	-2.717
-39.808	-2.687
-39.968	-2.627
-39.998	-2.627
-40.018	-2.617
POLYLINE BLACK
-38.768	-1.407
-38.868	-1.437
-38.918	-1.467
-38.958	-1.467
-39.118	-1.567
-39.218	-1.627
-39.258	-1.637
-39.278	-1.637
-39.298	-1.657
-39.338	-1.667
-39.378	-1.697
-39.398	-1.697
-39.418	-1.717
-39.458	-1.727
-39.558	-1.707
POLYLINE BLACK
-37.400	-1.210
-37.400	-1.230
-37.470	-1.270
-37.510	-1.280
-37.520	-1.300
-37.560	-1.290
-37.600	-1.310
-37.650	-1.300
-37.750	-1.320
-37.770	-1.330
-37.800	-1.320
-37.940	-1.380
-38.050	-1.370
-38.090	-1.350
-38.150	-1.340
-38.220	-1.350
-38.270	-1.370
-38.290	-1.360
-38.330	-1.370
-38.370	-1.370
-38.460	-1.390
-38.520	-1.390
-38.540	-1.380
-38.560	-1.390
-38.580	-1.380
-38.620	-1.390
-38.660	-1.380
-38.680	-1.390
-38.700	-1.380
-38.740	-1.390
-38.800	-1.400
-38.820	-1.420
POLYLINE BLACK
-36.910	-2.110
-37.010	-2.180
-37.050	-2.190
-37.070	-2.210
-37.090	-2.210
-37.150	-2.260
-37.250	-2.330
-37.270	-2.350
-37.310	-2.360
-37.450	-2.450
-37.530	-2.470
-37.590	-2.490
-37.630	-2.520
-37.670	-2.520
-37.690	-2.530
-37.730	-2.520
-37.770	-2.550
-37.810	-2.550
-37.960	-2.590
-38.020	-2.620
-38.060	-2.620
-38.120	-2.660
-38.140	-2.650
-38.180	-2.680
-38.240	-2.690
-38.250	-2.710
-38.270	-2.710
-38.290	-2.730
-38.310	-2.730
POLYLINE BLACK
-36.910	-2.140
-36.890	-2.080
-36.890	-2.080
-36.860	-2.000
-36.860	-1.910
-36.850	-1.870
-36.840	-1.790
-36.830	-1.750
-36.840	-1.710
-36.870	-1.580
-36.870	-1.520
-36.850	-1.430
-36.780	-1.320
-36.730	-1.310
-36.690	-1.290
-36.580	-1.330
-36.560	-1.360
-36.490	-1.360
-36.390	-1.400
-36.370	-1.390
-36.250	-1.430
-36.230	-1.450
-36.190	-1.460
-36.150	-1.490
-36.050	-1.510
-35.980	-1.560
-35.920	-1.570
POLYLINE BLACK
-38.700	0.300
-38.590	0.280
-38.570	0.280
-38.420	0.150
-38.290	0.020
-38.260	-0.030
-38.230	-0.050
-38.190	-0.150
-38.050	-0.350
-38.010	-0.370
-37.950	-0.430
-37.830	-0.550
-37.780	-0.640
-37.750	-0.670
-37.550	-0.890
-37.500	-0.970
-37.450	-1.030
-37.400	-1.180
-37.440	-1.210
POLYLINE BLACK
-36.670	-0.440
-36.920	-0.250
-37.070	-0.140
-37.260	0.050
-37.380	0.200
-37.660	0.470
-37.810	0.590
-37.990	0.780
-38.090	0.900
-38.180	0.990
POLYLINE BLACK
-35.580	-0.820
-35.650	-0.840
-35.780	-0.840
-35.910	-0.800
-35.990	-0.780
-36.050	-0.740
-36.090	-0.740
-36.160	-0.720
-36.210	-0.680
-36.250	-0.670
-36.300	-0.640
-36.340	-0.630
-36.470	-0.570
-36.600	-0.480
-36.630	-0.450
-36.650	-0.450
-36.700	-0.410

ELEVATION
STATIONS
146.230	-20.318	16.0
147.627	-20.771	16.1
149.039	-21.835	16.2
150.395	-22.306	16.3
152.490	-22.686	16.4
154.416	-23.316	16.5
155.719	-23.869	16.6
157.402	-24.401	16.7
158.275	-24.766	16.8
160.573	-24.761	16.9
162.868	-25.388	16.10
165.206	-25.866	16.11
168.822	-27.058	16.12
171.486	-27.444	16.13
172.733	-28.385	16.14
177.979	-29.147	16.15
182.353	-29.443	16.16
174.385	-28.351	16.17
178.071	-28.714	16.18
180.192	-28.754	16.19
180.284	-28.230	16.20
178.213	-24.953	16.18
177.847	-26.722	16.15
171.354	-25.118	16.13
168.610	-24.748	16.12
165.004	-23.991	16.11
160.516	-23.340	16.9
158.574	-22.904	16.8
157.324	-22.674	16.7
155.665	-22.509	16.6
154.375	-21.896	16.5
152.465	-21.446	16.4
149.125	-20.076	16.2
SHOTS
180.192	-28.754	180.284	-28.230
178.071	-28.714	180.192	-28.754
180.192	-28.754	179.261	-28.619
180.192	-28.754	179.421	-28.736
180.192	-28.754	179.397	-28.741
180.192	-28.754	180.350	-28.377
180.192	-28.754	180.277	-28.225
180.192	-28.754	180.894	-28.148
180.192	-28.754	180.824	-28.269
174.385	-28.351	178.071	-28.714
178.071	-28.714	178.303	-28.341
178.071	-28.714	178.172	-28.502
178.071	-28.714	177.262	-28.586
178.071	-28.714	177.650	-29.021
172.733	-28.385	174.385	-28.351
174.385	-28.351	174.844	-28.048
174.385	-28.351	175.833	-28.523
174.385	-28.351	175.156	-28.605
174.385	-28.351	174.335	-28.388
174.385	-28.351	174.356	-27.723
174.385	-28.351	174.377	-28.846
177.979	-29.147	182.353	-29.443
182.353	-29.443	182.458	-29.429
182.353	-29.443	182.369	-29.023
182.353	-29.443	181.902	-29.034
182.353	-29.443	182.298	-30.018
182.353	-29.443	184.146	-29.941
182.353	-29.443	182.352	-28.994
172.733	-28.385	177.979	-29.147
177.979	-29.147	177.863	-29.318
177.979	-29.147	178.002	-28.658
177.979	-29.147	177.967	-28.778
177.979	-29.147	177.966	-29.570
177.979	-29.147	174.789	-28.643
171.486	-27.444	172.733	-28.385
172.733	-28.385	171.715	-27.982
172.733	-28.385	172.708	-27.565
172.733	-28.385	173.464	-27.858
172.733	-28.385	172.715	-28.670
168.822	-27.058	171.486	-27.444
171.486	-27.444	170.927	-27.546
171.486	-27.444	171.533	-28.409
171.486	-27.444	171.461	-27.571
165.206	-25.866	168.822	-27.058
168.822	-27.058	168.837	-26.943
168.822	-27.058	168.852	-26.514
168.822	-27.058	168.689	-26.776
168.822	-27.058	168.819	-27.771
162.868	-25.388	165.206	-25.866
165.206	-25.866	165.274	-25.836
165.206	-25.866	165.199	-25.634
165.206	-25.866	165.167	-25.806
165.206	-25.866	164.937	-27.233
160.573	-24.761	162.868	-25.388
162.868	-25.388	162.869	-25.432
162.868	-25.388	162.889	-25.204
162.868	-25.388	162.947	-25.313
162.868	-25.388	162.966	-26.502
158.275	-24.766	160.573	-24.761
160.573	-24.761	160.473	-24.771
160.573	-24.761	160.579	-24.583
160.573	-24.761	160.274	-24.908
160.573	-24.761	160.496	-25.823
157.402	-24.401	158.275	-24.766
158.275	-24.766	158.275	-24.437
158.275	-24.766	158.414	-25.362
158.275	-24.766	158.325	-24.853
155.719	-23.869	157.402	-24.401
157.402	-24.401	157.382	-24.225
157.402	-24.401	157.355	-24.433
157.402	-24.401	157.365	-25.268
154.416	-23.316	155.719	-23.869
155.719	-23.869	155.670	-23.896
155.719	-23.869	155.814	-24.766
155.719	-23.869	155.732	-23.772
152.490	-22.686	154.416	-23.316
154.416	-23.316	154.325	-23.416
154.416	-23.316	154.395	-23.015
154.416	-23.316	154.368	-23.188
154.416	-23.316	154.447	-23.611
150.395	-22.306	152.490	-22.686
152.490	-22.686	152.899	-22.817
152.490	-22.686	152.435	-23.037
152.490	-22.686	152.489	-22.594
152.490	-22.686	152.223	-22.862
149.039	-21.835	150.395	-22.306
150.395	-22.306	150.457	-22.216
150.395	-22.306	150.411	-22.054
150.395	-22.306	150.253	-22.379
150.395	-22.306	150.416	-22.720
147.627	-20.771	149.039	-21.835
149.039	-21.835	149.135	-21.870
149.039	-21.835	149.034	-22.221
149.039	-21.835	149.213	-22.037
146.230	-20.318	147.627	-20.771
147.627	-20.771	147.307	-20.907
147.627	-20.771	147.426	-20.321
147.627	-20.771	147.613	-21.344
147.627	-20.771	147.674	-20.772
146.230	-20.318	146.230	-20.318
178.213	-24.953	177.778	-24.580	
178.213	-24.953	178.371	-24.741	
178.213	-24.953	177.447	-24.825	
178.213	-24.953	177.835	-25.260	
177.847	-26.722	176.127	-26.893	
177.847	-26.722	177.787	-26.233	
177.847	-26.722	178.216	-26.353	
177.847	-26.722	177.461	-27.145	
177.847	-26.722	176.190	-26.218	
171.354	-25.118	170.634	-25.220	
171.354	-25.118	171.243	-26.083	
171.354	-25.118	171.749	-25.245	
168.610	-24.748	168.361	-24.633	
168.610	-24.748	168.734	-24.204	
168.610	-24.748	169.318	-24.466	
168.610	-24.748	168.635	-25.461	
165.004	-23.991	164.485	-23.961	
165.004	-23.991	164.932	-23.759	
165.004	-23.991	165.220	-23.931	
165.004	-23.991	164.552	-25.358	
160.516	-23.340	160.030	-23.350	
160.516	-23.340	160.510	-23.162	
160.516	-23.340	161.009	-23.487	
160.516	-23.340	160.551	-24.402	
158.574	-22.904	158.641	-22.575	
158.574	-22.904	158.657	-23.500	
158.574	-22.904	159.043	-22.991	
157.324	-22.674	157.417	-22.498	
157.324	-22.674	157.476	-22.706	
157.324	-22.674	157.251	-23.541	
155.665	-22.509	155.897	-22.536	
155.665	-22.509	155.516	-23.406	
155.665	-22.509	155.679	-22.412	
154.375	-21.896	153.728	-21.996	
154.375	-21.896	154.370	-21.595	
154.375	-21.896	154.558	-21.768	
154.375	-21.896	154.327	-22.191	
152.465	-21.446	153.355	-21.577	
152.465	-21.446	152.572	-21.797	
152.465	-21.446	152.421	-21.354	
152.465	-21.446	152.126	-21.622	
149.125	-20.076	148.284	-20.111	
149.125	-20.076	149.143	-20.462	
149.125	-20.076	149.772	-20.278	
POLYLINE BROWN
178.203	-24.673
178.223	-24.673
178.283	-24.693
178.293	-24.693
178.338	-24.708
178.348	-24.708
178.363	-24.728
178.373	-24.733
178.378	-24.748
178.393	-24.768
178.403	-24.803
178.403	-24.838
178.408	-24.848
178.403	-24.858
178.403	-24.883
178.388	-24.913
178.388	-24.923
178.368	-24.943
178.358	-24.943
178.358	-24.953
178.348	-24.953
178.318	-24.968
178.308	-24.968
178.288	-24.978
178.278	-24.978
178.258	-24.983
178.208	-25.048
178.188	-25.078
178.178	-25.103
178.178	-25.113
178.158	-25.143
178.128	-25.183
178.123	-25.198
178.093	-25.223
178.088	-25.233
178.078	-25.238
178.073	-25.248
177.993	-25.288
177.983	-25.288
177.973	-25.293
177.953	-25.288
177.943	-25.288
177.933	-25.293
177.913	-25.288
177.903	-25.288
177.883	-25.283
177.868	-25.283
177.848	-25.273
177.838	-25.273
177.818	-25.268
177.798	-25.268
177.758	-25.258
177.748	-25.258
177.738	-25.248
177.738	-25.248
177.733	-25.258
177.733	-25.248
177.708	-25.248
177.698	-25.253
177.658	-25.233
177.648	-25.233
177.638	-25.228
177.623	-25.208
177.598	-25.188
177.568	-25.148
177.528	-25.113
177.518	-25.103
177.518	-25.093
177.503	-25.073
177.498	-25.053
177.478	-25.023
177.478	-25.003
177.468	-24.983
177.458	-24.948
177.448	-24.908
177.443	-24.883
177.448	-24.863
177.448	-24.853
177.488	-24.768
177.488	-24.758
177.498	-24.733
177.543	-24.678
177.598	-24.633
177.633	-24.618
177.663	-24.598
177.683	-24.598
177.728	-24.583
177.738	-24.583
177.748	-24.578
177.758	-24.583
177.783	-24.573
177.808	-24.573
177.818	-24.568
177.838	-24.573
177.878	-24.573
177.888	-24.578
177.923	-24.578
177.933	-24.583
177.958	-24.583
177.968	-24.578
178.008	-24.598
178.018	-24.598
178.028	-24.593
178.058	-24.613
178.083	-24.613
178.113	-24.633
178.128	-24.633
178.168	-24.648
178.188	-24.663
178.213	-24.668
178.268	-24.693
178.293	-24.698
178.303	-24.708
POLYLINE CONNECT
178.213	-24.953
178.071	-28.714
POLYLINE BROWN
179.690	-27.994
179.697	-28.008
179.697	-28.036
179.711	-28.071
179.711	-28.085
179.725	-28.141
179.739	-28.155
179.739	-28.113
179.753	-28.057
179.809	-28.141
179.844	-28.078
179.879	-27.987
179.900	-27.959
179.900	-27.945
POLYLINE BROWN
179.585	-28.155
179.557	-28.155
179.536	-28.127
179.536	-28.113
179.529	-28.085
179.529	-28.064
179.550	-28.036
179.564	-28.029
179.571	-28.015
179.599	-28.015
179.641	-28.029
179.662	-28.057
179.662	-28.092
179.641	-28.120
179.627	-28.120
179.599	-28.141
179.585	-28.141
179.557	-28.148
179.543	-28.148
POLYLINE BROWN
179.340	-28.008
179.354	-28.043
179.354	-28.057
179.361	-28.085
179.361	-28.141
179.368	-28.169
179.368	-28.183
POLYLINE BROWN
179.340	-28.001
179.347	-28.015
179.354	-28.001
179.396	-27.980
179.424	-27.980
179.445	-28.008
179.431	-28.050
179.389	-28.071
179.389	-28.071
179.431	-28.071
179.473	-28.085
179.480	-28.099
179.438	-28.155
179.424	-28.155
179.410	-28.169
179.382	-28.169
179.368	-28.176
179.354	-28.169
179.333	-28.120
179.333	-28.106
POLYLINE BROWN
179.354	-28.022
179.354	-28.036
179.361	-28.050
179.361	-28.085
179.375	-28.127
POLYLINE BROWN
179.088	-28.029
179.123	-28.071
179.123	-28.113
179.144	-28.162
179.151	-28.148
179.158	-28.085
179.221	-28.155
179.221	-28.141
179.263	-28.043
179.277	-28.029
179.277	-28.015
179.284	-28.001
POLYLINE BROWN
179.018	-28.169
178.969	-28.162
178.934	-28.106
178.941	-28.078
178.941	-28.064
178.969	-28.050
179.004	-28.050
179.032	-28.064
179.046	-28.092
179.046	-28.141
179.032	-28.141
179.025	-28.155
178.997	-28.169
POLYLINE BROWN
178.780	-28.029
178.801	-28.113
178.801	-28.127
178.808	-28.155
178.808	-28.176
178.864	-28.176
178.892	-28.169
178.906	-28.176
POLYLINE BROWN
174.283	-27.788
174.433	-27.803
174.493	-27.788
174.553	-27.818
174.658	-27.818
174.718	-27.848
174.778	-27.848
174.838	-27.863
175.033	-27.863
175.093	-27.878
175.123	-27.878
175.333	-27.938
175.393	-27.923
175.498	-27.968
175.738	-27.998
175.918	-27.998
175.993	-28.013
176.023	-27.998
176.098	-28.013
176.203	-28.013
176.263	-28.028
176.293	-28.013
176.458	-28.058
176.488	-28.073
176.593	-28.073
176.653	-28.088
176.683	-28.088
176.833	-28.133
176.863	-28.133
176.923	-28.148
176.953	-28.148
177.013	-28.178
177.118	-28.178
177.148	-28.193
177.193	-28.193
177.253	-28.208
177.283	-28.208
177.343	-28.223
177.373	-28.208
177.463	-28.238
POLYLINE BROWN
177.733	-29.003
177.793	-29.018
177.883	-28.988
177.958	-28.988
178.048	-28.973
178.108	-28.988
178.153	-28.988
178.213	-28.958
178.273	-28.973
178.423	-28.958
178.483	-28.958
178.513	-28.943
178.543	-28.958
178.603	-28.943
178.633	-28.943
178.693	-28.958
178.903	-28.943
178.963	-28.943
178.993	-28.928
179.023	-28.943
179.083	-28.928
179.128	-28.928
179.188	-28.913
179.308	-28.913
179.368	-28.898
179.443	-28.898
179.473	-28.913
179.533	-28.883
179.608	-28.883
179.638	-28.868
179.668	-28.883
179.698	-28.868
179.728	-28.883
179.788	-28.868
179.953	-28.838
180.043	-28.838
180.103	-28.823
180.133	-28.823
180.163	-28.838
180.283	-28.778
180.313	-28.793
180.343	-28.763
180.343	-28.793
POLYLINE BROWN
177.133	-28.193
177.163	-28.193
177.223	-28.208
177.283	-28.178
177.343	-28.208
177.373	-28.193
177.508	-28.223
177.598	-28.223
177.718	-28.253
177.853	-28.268
177.988	-28.283
178.063	-28.298
178.093	-28.283
178.123	-28.298
178.153	-28.283
178.213	-28.313
178.273	-28.283
178.333	-28.313
178.453	-28.313
178.513	-28.328
178.693	-28.328
178.753	-28.298
178.783	-28.313
178.843	-28.298
178.978	-28.298
179.008	-28.283
179.113	-28.283
179.143	-28.268
179.173	-28.283
179.233	-28.268
179.308	-28.268
179.473	-28.238
179.518	-28.253
179.638	-28.223
179.683	-28.223
179.713	-28.238
179.773	-28.223
179.893	-28.223
179.953	-28.208
180.088	-28.208
180.148	-28.193
180.178	-28.193
180.238	-28.208
180.268	-28.208
180.328	-28.178
180.583	-28.178
180.643	-28.163
180.703	-28.163
180.733	-28.178
POLYLINE BROWN
174.358	-28.823
174.688	-28.853
174.778	-28.868
175.048	-28.868
175.138	-28.883
175.378	-28.868
175.513	-28.898
175.723	-28.868
176.038	-28.898
176.113	-28.898
176.248	-28.913
176.308	-28.898
176.578	-28.928
176.668	-28.913
176.803	-28.928
176.968	-28.928
177.358	-28.973
177.478	-28.988
177.538	-28.973
177.568	-28.973
177.628	-28.988
177.688	-28.988
177.748	-29.003
177.838	-29.003
177.868	-29.018
POLYLINE BROWN
174.478	-28.823
174.418	-28.823
174.388	-28.838
174.358	-28.808
174.328	-28.808
174.178	-28.718
174.013	-28.433
173.998	-28.298
173.998	-28.073
174.043	-27.968
174.118	-27.848
174.283	-27.773
174.313	-27.743
174.343	-27.743
174.433	-27.818
174.463	-27.818
174.538	-27.863
174.643	-28.058
174.688	-28.208
174.688	-28.298
174.703	-28.358
174.703	-28.478
174.673	-28.568
174.673	-28.613
174.643	-28.673
174.643	-28.703
174.613	-28.748
174.583	-28.748
174.403	-28.898
174.373	-28.898
POLYLINE BLACK
181.933	-29.978
181.948	-29.948
182.038	-29.873
182.083	-29.768
182.188	-29.603
182.233	-29.543
182.383	-29.498
182.413	-29.528
182.443	-29.528
182.518	-29.648
182.548	-29.678
182.563	-29.723
182.668	-29.873
182.728	-30.038
182.698	-30.053
182.653	-30.038
182.623	-30.053
182.578	-30.038
182.518	-30.068
182.398	-30.068
182.278	-30.038
182.173	-30.008
182.143	-29.993
182.098	-29.993
POLYLINE BLACK
177.973	-29.528
178.063	-29.498
178.093	-29.513
178.228	-29.513
178.483	-29.558
178.513	-29.543
178.783	-29.603
178.933	-29.603
179.128	-29.648
179.173	-29.648
179.203	-29.633
179.323	-29.648
179.503	-29.693
179.638	-29.693
179.773	-29.708
179.938	-29.708
180.013	-29.723
180.103	-29.723
180.133	-29.738
180.253	-29.738
180.313	-29.753
180.478	-29.753
180.508	-29.768
180.583	-29.768
180.733	-29.798
180.898	-29.813
180.973	-29.828
181.108	-29.828
181.198	-29.858
181.288	-29.858
181.363	-29.888
181.393	-29.873
181.453	-29.903
181.558	-29.903
181.588	-29.918
181.633	-29.918
181.783	-29.963
181.888	-29.963
181.948	-29.978
182.113	-30.008
182.173	-30.008
182.233	-30.023
182.323	-30.023
182.383	-30.038
182.413	-30.038
POLYLINE BLACK
177.898	-28.703
178.048	-28.718
178.198	-28.703
178.573	-28.718
178.603	-28.733
178.738	-28.733
178.888	-28.748
178.918	-28.763
179.008	-28.763
179.038	-28.748
179.533	-28.808
179.563	-28.823
179.593	-28.808
179.758	-28.838
179.833	-28.838
180.178	-28.883
180.298	-28.883
180.328	-28.898
180.373	-28.898
180.433	-28.913
181.018	-28.898
181.363	-28.913
181.423	-28.928
181.498	-28.928
181.678	-28.973
181.768	-28.958
181.813	-28.958
181.873	-28.943
181.903	-28.943
181.933	-28.958
181.963	-28.943
182.023	-28.958
182.053	-28.958
182.128	-28.988
182.188	-28.973
182.263	-28.973
182.323	-29.003
182.353	-29.003
182.413	-29.018
182.473	-29.018
POLYLINE BLACK
176.142	-26.934
176.142	-26.920
176.086	-26.871
176.072	-26.871
175.995	-26.836
175.967	-26.836
175.925	-26.822
175.897	-26.829
175.855	-26.829
175.841	-26.815
175.827	-26.815
175.911	-26.752
175.939	-26.738
175.953	-26.738
175.981	-26.717
176.002	-26.689
176.044	-26.661
176.058	-26.647
176.072	-26.647
176.142	-26.619
176.184	-26.598
176.198	-26.605
176.261	-26.563
176.303	-26.542
176.331	-26.556
176.345	-26.556
176.373	-26.535
176.401	-26.486
176.401	-26.472
176.443	-26.416
176.464	-26.416
176.513	-26.395
176.541	-26.395
176.569	-26.388
176.590	-26.388
176.618	-26.374
176.653	-26.374
176.667	-26.367
176.716	-26.367
176.758	-26.353
176.772	-26.360
176.800	-26.353
176.814	-26.353
176.828	-26.339
176.842	-26.339
176.870	-26.325
176.884	-26.325
176.926	-26.297
176.961	-26.297
176.975	-26.290
176.989	-26.297
177.073	-26.297
177.101	-26.290
177.115	-26.290
177.129	-26.283
177.143	-26.290
177.213	-26.283
177.255	-26.262
177.276	-26.262
177.304	-26.255
177.325	-26.255
177.339	-26.248
177.374	-26.248
177.423	-26.241
177.451	-26.241
177.486	-26.227
177.500	-26.227
177.528	-26.234
177.556	-26.227
177.584	-26.227
177.612	-26.234
177.626	-26.227
177.640	-26.234
177.675	-26.234
177.689	-26.227
177.717	-26.234
177.745	-26.227
177.773	-26.234
177.801	-26.234
POLYLINE BLACK
177.766	-26.220
177.780	-26.227
177.871	-26.227
177.913	-26.241
177.976	-26.241
177.990	-26.234
178.046	-26.255
178.060	-26.255
178.158	-26.304
178.186	-26.332
178.193	-26.367
178.207	-26.381
178.207	-26.395
178.221	-26.423
178.221	-26.549
178.193	-26.640
178.165	-26.682
178.137	-26.703
178.123	-26.703
178.081	-26.717
178.067	-26.710
178.032	-26.724
177.962	-26.724
177.906	-26.738
177.892	-26.752
177.878	-26.752
177.836	-26.787
177.787	-26.843
177.787	-26.857
177.759	-26.885
177.759	-26.899
177.738	-26.927
177.724	-26.962
177.724	-26.976
177.661	-27.060
177.619	-27.095
177.605	-27.095
177.598	-27.116
177.570	-27.130
177.556	-27.130
177.528	-27.151
177.521	-27.165
177.514	-27.151
177.486	-27.165
177.444	-27.165
177.416	-27.172
177.318	-27.172
177.304	-27.158
177.276	-27.158
177.248	-27.144
177.220	-27.151
177.206	-27.151
177.178	-27.144
177.080	-27.144
177.017	-27.151
177.003	-27.151
176.989	-27.158
176.961	-27.144
176.933	-27.144
176.905	-27.151
176.891	-27.144
176.863	-27.151
176.842	-27.151
176.814	-27.158
176.765	-27.158
176.737	-27.151
176.597	-27.151
176.583	-27.144
176.569	-27.151
176.548	-27.151
176.520	-27.137
176.492	-27.144
176.478	-27.130
176.408	-27.130
176.394	-27.137
176.366	-27.130
176.352	-27.130
176.338	-27.123
176.317	-27.123
176.275	-27.109
176.261	-27.116
176.254	-27.102
176.240	-27.102
176.212	-27.081
176.205	-27.053
176.205	-27.004
176.170	-26.934
176.156	-26.920
POLYLINE CONNECT
177.847	-26.722
177.979	-29.147
POLYLINE BLACK
177.682	-28.642
177.742	-28.657
177.772	-28.657
177.832	-28.672
177.937	-28.672
177.997	-28.687
178.057	-28.687
178.087	-28.717
POLYLINE BLACK
172.702	-28.582
172.747	-28.642
172.777	-28.642
172.882	-28.672
172.912	-28.672
172.972	-28.687
173.002	-28.717
173.077	-28.717
173.107	-28.702
173.227	-28.702
173.257	-28.717
173.302	-28.702
173.362	-28.717
173.392	-28.717
173.452	-28.732
173.497	-28.732
173.557	-28.762
173.632	-28.762
173.722	-28.807
173.752	-28.807
173.812	-28.822
173.842	-28.822
173.947	-28.867
173.977	-28.867
174.157	-28.912
174.217	-28.912
174.247	-28.927
174.292	-28.927
174.352	-28.942
174.442	-28.942
174.502	-28.957
174.577	-28.942
174.637	-28.957
174.682	-28.957
174.742	-28.987
174.802	-28.987
174.847	-29.002
174.937	-29.002
175.042	-29.017
175.117	-29.017
175.147	-29.032
175.207	-29.032
175.267	-29.047
175.387	-29.017
175.447	-29.047
175.492	-29.047
175.672	-29.122
175.807	-29.152
175.867	-29.182
175.927	-29.182
175.972	-29.167
176.032	-29.197
176.062	-29.197
176.122	-29.212
176.272	-29.212
176.602	-29.257
176.647	-29.257
176.737	-29.302
176.782	-29.302
176.812	-29.317
176.887	-29.317
176.947	-29.347
176.992	-29.347
177.022	-29.362
177.157	-29.362
177.217	-29.377
177.292	-29.377
177.412	-29.407
177.517	-29.407
177.547	-29.422
177.607	-29.407
177.667	-29.437
177.727	-29.422
177.757	-29.452
177.817	-29.452
177.877	-29.482
177.907	-29.482
177.967	-29.497
177.997	-29.497
178.057	-29.527
178.117	-29.527
178.177	-29.542
POLYLINE BLACK
172.687	-27.532
172.717	-27.562
172.747	-27.562
172.867	-27.592
172.927	-27.592
173.122	-27.637
173.227	-27.637
173.257	-27.652
173.347	-27.652
173.422	-27.682
173.467	-27.682
173.632	-27.727
173.692	-27.757
173.737	-27.757
173.842	-27.802
173.902	-27.802
173.977	-27.832
174.022	-27.832
174.187	-27.892
174.262	-27.907
174.352	-27.952
174.427	-27.952
174.487	-27.982
174.532	-27.982
174.592	-27.997
174.637	-27.997
174.862	-28.072
174.952	-28.072
175.132	-28.102
175.177	-28.102
175.207	-28.117
175.252	-28.117
175.372	-28.147
175.462	-28.162
175.642	-28.192
175.672	-28.192
175.732	-28.222
175.792	-28.222
175.852	-28.237
175.927	-28.237
175.972	-28.252
176.002	-28.282
176.242	-28.357
176.287	-28.357
176.347	-28.387
176.392	-28.387
176.452	-28.417
176.527	-28.432
176.632	-28.462
176.677	-28.462
176.737	-28.492
176.767	-28.492
176.962	-28.552
177.007	-28.552
177.037	-28.567
177.082	-28.567
177.112	-28.582
177.157	-28.582
177.247	-28.612
177.322	-28.612
177.382	-28.642
177.412	-28.627
177.547	-28.657
177.712	-28.657
177.742	-28.672
177.802	-28.657
177.862	-28.672
POLYLINE BLACK
171.457	-28.352
171.477	-28.342
171.617	-28.392
171.667	-28.402
171.727	-28.402
171.747	-28.422
171.817	-28.422
171.887	-28.442
171.917	-28.442
171.937	-28.452
171.967	-28.442
172.017	-28.442
172.057	-28.452
172.097	-28.442
172.307	-28.522
172.327	-28.542
172.407	-28.562
172.507	-28.602
172.527	-28.592
172.607	-28.622
172.657	-28.632
172.737	-28.662
POLYLINE BLACK
171.497	-27.372
171.517	-27.362
171.617	-27.422
171.747	-27.462
171.787	-27.472
171.817	-27.482
171.887	-27.482
171.937	-27.472
172.007	-27.492
172.047	-27.492
172.087	-27.512
172.127	-27.502
172.217	-27.522
172.297	-27.522
172.407	-27.542
172.477	-27.532
172.497	-27.552
172.557	-27.532
172.617	-27.562
172.657	-27.552
172.697	-27.562
172.757	-27.562
172.777	-27.582
POLYLINE BLACK
171.474	-25.666
171.446	-25.722
171.446	-25.743
171.439	-25.771
171.439	-25.785
171.446	-25.813
171.446	-25.855
171.439	-25.883
171.425	-25.897
171.425	-25.911
171.411	-25.946
171.411	-25.960
171.397	-26.016
171.355	-26.058
171.334	-26.058
171.278	-26.093
171.236	-26.093
171.222	-26.100
171.194	-26.072
171.166	-26.072
171.152	-26.065
171.138	-26.072
171.110	-26.065
171.054	-26.058
171.040	-26.065
170.984	-26.023
170.977	-25.995
170.977	-25.939
170.984	-25.911
170.977	-25.876
170.956	-25.848
170.928	-25.827
170.928	-25.813
170.914	-25.785
170.914	-25.771
170.900	-25.715
170.900	-25.610
170.872	-25.568
170.830	-25.540
170.816	-25.547
POLYLINE BLACK
171.782	-25.288
171.768	-25.330
171.768	-25.365
171.754	-25.407
171.740	-25.428
171.684	-25.463
171.628	-25.505
171.614	-25.505
171.600	-25.519
171.572	-25.519
171.565	-25.533
171.537	-25.533
171.523	-25.526
171.502	-25.554
171.467	-25.561
171.460	-25.589
171.474	-25.603
171.474	-25.617
171.488	-25.652
171.488	-25.666
171.481	-25.694
POLYLINE BLACK
170.620	-25.281
170.627	-25.309
170.627	-25.379
170.634	-25.407
170.634	-25.421
170.648	-25.456
170.648	-25.470
170.662	-25.498
170.690	-25.519
170.732	-25.505
170.760	-25.519
170.809	-25.526
170.823	-25.533
170.837	-25.526
170.851	-25.533
POLYLINE BLACK
170.627	-25.337
170.627	-25.288
170.620	-25.260
170.641	-25.190
170.676	-25.148
170.718	-25.120
170.732	-25.120
170.760	-25.106
170.774	-25.106
170.816	-25.085
170.830	-25.085
170.858	-25.071
170.872	-25.071
170.900	-25.064
170.935	-25.064
170.998	-25.050
171.012	-25.050
171.040	-25.043
171.131	-25.043
171.173	-25.057
171.236	-25.057
171.264	-25.071
171.278	-25.064
171.306	-25.078
171.334	-25.078
171.348	-25.071
171.362	-25.078
171.383	-25.078
171.411	-25.071
171.453	-25.092
171.467	-25.092
171.495	-25.085
171.551	-25.106
171.600	-25.106
171.628	-25.120
171.642	-25.120
171.712	-25.155
171.726	-25.176
171.768	-25.204
171.782	-25.218
171.782	-25.232
171.796	-25.281
171.796	-25.323
POLYLINE CONNECT
171.354	-25.118
171.486	-27.444
POLYLINE BLACK
171.189	-28.283
171.189	-28.043
171.204	-28.013
171.204	-27.938
171.219	-27.878
171.219	-27.788
171.099	-27.743
171.069	-27.713
171.039	-27.713
170.949	-27.683
170.904	-27.683
170.844	-27.698
170.784	-27.668
170.724	-27.668
170.694	-27.653
170.664	-27.833
170.589	-28.013
170.559	-28.043
170.544	-28.118
170.544	-28.178
170.529	-28.238
POLYLINE BLACK
168.834	-27.698
168.894	-27.728
169.089	-27.743
169.164	-27.743
169.224	-27.773
169.344	-27.788
169.494	-27.863
169.524	-27.863
169.644	-27.953
169.704	-27.953
169.944	-28.058
170.034	-28.058
170.064	-28.088
170.094	-28.088
170.259	-28.133
170.304	-28.133
170.364	-28.148
170.454	-28.163
170.484	-28.193
170.544	-28.178
170.619	-28.193
170.679	-28.193
170.784	-28.238
170.844	-28.223
170.874	-28.253
170.979	-28.283
171.009	-28.298
171.039	-28.283
171.069	-28.298
171.114	-28.298
171.144	-28.328
171.174	-28.328
171.234	-28.343
171.264	-28.343
171.324	-28.373
171.399	-28.358
171.429	-28.358
171.489	-28.343
171.534	-28.358
POLYLINE BLACK
168.774	-26.513
168.834	-26.528
168.879	-26.528
168.939	-26.558
168.999	-26.558
169.254	-26.678
169.284	-26.678
169.344	-26.708
169.419	-26.723
169.569	-26.798
169.644	-26.813
169.674	-26.843
169.704	-26.828
169.839	-26.888
169.899	-26.888
169.929	-26.903
169.974	-26.903
170.034	-26.948
170.064	-26.948
170.124	-26.978
170.199	-26.978
170.259	-27.023
170.304	-27.023
170.334	-27.038
170.364	-27.023
170.424	-27.053
170.469	-27.053
170.589	-27.113
170.664	-27.128
170.724	-27.173
170.754	-27.173
170.859	-27.233
170.919	-27.233
170.994	-27.278
171.144	-27.278
171.204	-27.308
171.279	-27.323
171.519	-27.383
171.579	-27.428
POLYLINE BLACK
169.178	-24.252
169.206	-24.294
169.255	-24.350
169.262	-24.371
169.290	-24.399
169.290	-24.413
169.318	-24.469
POLYLINE BLACK
169.213	-25.008
169.206	-24.980
169.206	-24.819
169.262	-24.742
169.276	-24.714
169.290	-24.707
169.318	-24.665
169.318	-24.644
169.332	-24.616
169.332	-24.588
169.339	-24.560
169.339	-24.532
169.297	-24.413
POLYLINE BLACK
168.338	-24.630
168.366	-24.700
168.401	-24.742
168.415	-24.749
168.436	-24.777
168.450	-24.770
168.478	-24.784
168.506	-24.784
168.534	-24.798
168.548	-24.798
168.576	-24.819
168.618	-24.889
168.611	-24.924
168.590	-24.966
168.597	-24.980
168.597	-25.099
168.590	-25.127
168.590	-25.148
168.583	-25.176
168.583	-25.190
168.576	-25.218
168.576	-25.274
168.569	-25.302
168.569	-25.351
168.590	-25.421
168.625	-25.477
168.653	-25.498
168.660	-25.484
168.674	-25.484
168.702	-25.491
168.716	-25.491
168.730	-25.484
168.751	-25.484
168.779	-25.477
168.793	-25.477
168.821	-25.484
168.835	-25.484
168.849	-25.470
168.877	-25.477
168.912	-25.463
168.926	-25.470
168.954	-25.463
168.982	-25.463
169.010	-25.456
169.024	-25.463
169.038	-25.449
169.066	-25.463
169.122	-25.449
169.157	-25.449
169.171	-25.442
169.185	-25.449
169.213	-25.435
169.227	-25.442
169.297	-25.414
169.325	-25.400
169.332	-25.386
169.332	-25.400
169.388	-25.379
169.402	-25.365
169.416	-25.330
169.416	-25.316
169.423	-25.288
169.409	-25.246
169.353	-25.190
169.346	-25.169
169.311	-25.127
169.283	-25.106
169.262	-25.064
169.241	-25.036
169.241	-25.008
169.234	-24.980
POLYLINE BLACK
168.359	-24.686
168.359	-24.637
168.352	-24.623
168.359	-24.595
168.366	-24.560
168.415	-24.455
168.415	-24.441
168.450	-24.357
168.450	-24.343
168.464	-24.315
168.478	-24.308
168.499	-24.280
168.520	-24.273
168.534	-24.259
168.555	-24.252
168.597	-24.224
168.632	-24.217
168.667	-24.203
168.688	-24.203
168.716	-24.189
168.730	-24.189
168.744	-24.196
168.758	-24.189
168.835	-24.189
168.856	-24.182
168.870	-24.189
168.891	-24.189
168.919	-24.196
168.947	-24.196
168.968	-24.189
168.996	-24.196
169.038	-24.196
169.073	-24.210
169.115	-24.210
169.157	-24.224
169.171	-24.238
169.185	-24.238
169.283	-24.308
169.297	-24.336
169.339	-24.371
169.360	-24.420
169.367	-24.469
POLYLINE CONNECT
168.610	-24.748
168.822	-27.058
POLYLINE BLACK
165.190	-25.678
165.220	-25.708
165.250	-25.708
165.280	-25.693
165.385	-25.723
165.445	-25.738
165.475	-25.723
165.550	-25.738
165.580	-25.738
165.640	-25.783
165.760	-25.783
165.820	-25.813
165.895	-25.813
165.925	-25.828
165.970	-25.828
166.135	-25.888
166.165	-25.873
166.225	-25.888
166.255	-25.888
166.420	-25.963
166.510	-25.963
166.585	-26.008
166.615	-26.008
166.675	-26.053
166.705	-26.053
166.810	-26.113
166.840	-26.128
166.885	-26.128
167.020	-26.188
167.080	-26.188
167.155	-26.203
167.245	-26.203
167.275	-26.218
167.320	-26.218
167.380	-26.263
167.590	-26.383
167.800	-26.443
167.830	-26.443
167.890	-26.458
167.935	-26.443
167.965	-26.458
168.010	-26.458
168.085	-26.473
168.265	-26.473
168.295	-26.458
168.490	-26.458
168.550	-26.473
168.625	-26.473
168.685	-26.488
168.715	-26.488
168.775	-26.503
168.805	-26.503
POLYLINE BLACK
164.905	-27.208
164.935	-27.208
164.995	-27.193
165.130	-27.193
165.160	-27.208
165.190	-27.193
165.250	-27.208
165.310	-27.208
165.370	-27.193
165.445	-27.208
165.505	-27.223
165.535	-27.253
165.715	-27.328
165.745	-27.313
165.805	-27.328
165.880	-27.343
165.910	-27.358
165.970	-27.343
166.240	-27.343
166.270	-27.358
166.330	-27.343
166.435	-27.373
166.525	-27.373
166.675	-27.433
166.720	-27.433
166.885	-27.508
166.915	-27.508
167.080	-27.568
167.200	-27.568
167.275	-27.583
167.335	-27.583
167.395	-27.598
167.440	-27.598
167.500	-27.613
167.575	-27.613
167.620	-27.628
167.680	-27.613
167.725	-27.628
167.830	-27.628
167.920	-27.613
167.980	-27.628
168.040	-27.628
168.070	-27.613
168.130	-27.643
168.205	-27.643
168.415	-27.688
168.445	-27.673
168.505	-27.688
168.535	-27.688
168.595	-27.703
168.700	-27.703
168.730	-27.718
168.775	-27.718
168.850	-27.733
168.880	-27.733
168.910	-27.718
168.940	-27.748
168.970	-27.748
POLYLINE GREEN
165.014	-24.094
165.014	-24.120
165.018	-24.156
165.020	-24.160
POLYLINE GREEN
165.006	-24.014
164.998	-24.084
164.998	-24.102
165.000	-24.106
165.002	-24.142
POLYLINE GREEN
165.008	-24.002
165.010	-24.006
165.010	-24.018
165.022	-24.078
POLYLINE GREEN
165.002	-24.028
165.008	-24.056
165.010	-24.072
POLYLINE GREEN
164.998	-24.022
165.002	-24.048
165.002	-24.074
165.004	-24.078
POLYLINE GREEN
164.994	-24.014
164.994	-24.072
164.996	-24.090
POLYLINE GREEN
165.016	-24.054
165.020	-24.096
165.028	-24.136
POLYLINE GREEN
165.034	-24.100
165.034	-24.110
165.026	-24.138
165.022	-24.158
POLYLINE GREEN
165.010	-24.090
165.004	-24.106
165.002	-24.146
POLYLINE GREEN
165.024	-24.028
165.018	-24.046
165.016	-24.062
165.016	-24.084
165.014	-24.110
POLYLINE GREEN
164.994	-24.022
164.996	-24.026
164.994	-24.034
164.994	-24.088
POLYLINE GREEN
165.018	-24.116
165.010	-24.146
POLYLINE GREEN
165.018	-24.092
165.016	-24.106
165.014	-24.120
165.008	-24.138
POLYLINE GREEN
165.010	-24.054
165.010	-24.066
165.002	-24.106
POLYLINE GREEN
165.020	-24.020
165.014	-24.034
165.006	-24.070
165.000	-24.084
POLYLINE GREEN
165.006	-24.012
164.996	-24.052
POLYLINE GREEN
164.990	-24.158
164.994	-24.136
164.994	-24.122
164.992	-24.114
164.992	-24.106
164.986	-24.074
164.984	-24.066
164.982	-24.050
164.980	-24.036
164.988	-24.016
165.000	-24.000
165.004	-23.998
165.020	-24.006
165.026	-24.016
165.026	-24.064
165.028	-24.072
165.028	-24.086
165.032	-24.102
165.032	-24.110
165.034	-24.120
165.032	-24.124
165.034	-24.132
165.034	-24.142
165.036	-24.146
POLYLINE BLACK
164.954	-24.292
164.954	-24.236
164.968	-24.194
164.996	-24.166
164.996	-24.152
165.010	-24.152
165.038	-24.145
165.052	-24.145
165.066	-24.138
165.080	-24.145
165.108	-24.131
165.115	-24.117
165.129	-24.124
165.143	-24.110
165.157	-24.110
165.171	-24.103
165.192	-24.075
165.199	-24.040
165.213	-24.012
165.213	-23.984
165.220	-23.956
165.213	-23.928
165.213	-23.914
165.185	-23.851
165.115	-23.781
165.087	-23.767
165.059	-23.767
165.024	-23.753
164.982	-23.753
164.954	-23.760
164.940	-23.760
164.905	-23.746
164.891	-23.746
164.863	-23.753
164.849	-23.753
164.821	-23.760
164.800	-23.753
164.716	-23.774
164.695	-23.788
164.681	-23.788
164.639	-23.802
164.625	-23.816
164.611	-23.816
164.583	-23.837
164.548	-23.851
164.513	-23.893
164.485	-23.914
164.457	-23.970
164.457	-23.984
164.450	-23.998
164.450	-24.110
164.492	-24.166
164.506	-24.173
164.513	-24.187
164.541	-24.194
164.555	-24.194
164.583	-24.201
164.597	-24.201
164.625	-24.208
164.639	-24.208
164.667	-24.243
164.681	-24.250
164.681	-24.285
164.674	-24.313
164.674	-24.418
164.667	-24.446
164.667	-24.523
164.709	-24.579
164.758	-24.663
164.758	-24.880
164.772	-24.908
164.779	-24.950
164.793	-25.006
164.793	-25.041
164.800	-25.055
164.786	-25.111
164.751	-25.153
164.751	-25.167
164.744	-25.181
164.744	-25.272
164.723	-25.314
164.723	-25.328
164.737	-25.335
POLYLINE BLACK
164.709	-25.349
164.737	-25.342
164.751	-25.342
164.779	-25.349
164.807	-25.342
164.821	-25.342
164.849	-25.335
164.877	-25.349
164.905	-25.342
164.933	-25.342
164.982	-25.328
164.982	-25.237
164.989	-25.209
164.989	-25.139
164.996	-25.104
164.996	-25.076
165.003	-25.048
165.003	-25.020
165.010	-24.992
165.017	-24.929
165.017	-24.901
165.010	-24.866
165.010	-24.852
165.003	-24.824
165.003	-24.796
164.989	-24.768
164.989	-24.747
164.982	-24.719
164.982	-24.705
164.975	-24.677
164.975	-24.649
164.968	-24.614
164.968	-24.600
164.961	-24.572
164.961	-24.551
164.954	-24.523
164.954	-24.453
164.961	-24.425
164.961	-24.341
164.968	-24.313
164.968	-24.236
POLYLINE CONNECT
165.004	-23.991
165.206	-25.866
POLYLINE BLACK
162.896	-25.230
162.931	-25.237
162.945	-25.244
163.113	-25.272
163.190	-25.307
163.239	-25.307
163.267	-25.321
163.302	-25.328
163.337	-25.335
163.365	-25.328
163.379	-25.335
163.414	-25.335
163.428	-25.342
163.442	-25.335
163.456	-25.342
163.505	-25.342
163.540	-25.349
163.561	-25.349
163.575	-25.356
163.589	-25.349
163.624	-25.363
163.638	-25.363
163.666	-25.384
163.750	-25.398
163.764	-25.405
163.799	-25.405
163.876	-25.426
164.009	-25.482
164.051	-25.496
164.072	-25.496
164.093	-25.510
164.121	-25.510
164.149	-25.517
164.254	-25.531
164.366	-25.531
164.450	-25.552
164.520	-25.559
164.534	-25.566
164.611	-25.573
164.772	-25.573
164.786	-25.580
164.800	-25.573
164.814	-25.580
164.849	-25.580
164.863	-25.587
164.884	-25.587
164.898	-25.594
164.919	-25.594
164.989	-25.629
165.031	-25.629
165.094	-25.657
165.108	-25.657
165.122	-25.664
165.150	-25.657
165.171	-25.657
165.185	-25.664
165.234	-25.671
165.255	-25.664
165.269	-25.671
POLYLINE BLACK
162.952	-26.476
162.966	-26.476
163.036	-26.504
163.071	-26.525
163.085	-26.525
163.113	-26.539
163.148	-26.546
163.197	-26.567
163.211	-26.567
163.239	-26.581
163.274	-26.581
163.288	-26.588
163.302	-26.581
163.316	-26.595
163.365	-26.602
163.393	-26.616
163.428	-26.623
163.470	-26.658
163.561	-26.700
163.603	-26.749
163.638	-26.770
163.680	-26.819
163.806	-26.868
163.827	-26.882
163.855	-26.882
163.890	-26.889
163.925	-26.889
163.960	-26.896
163.981	-26.910
164.002	-26.910
164.023	-26.924
164.086	-26.931
164.149	-26.952
164.184	-26.952
164.240	-26.973
164.254	-26.973
164.324	-27.001
164.345	-27.015
164.359	-27.015
164.373	-27.029
164.387	-27.029
164.443	-27.064
164.464	-27.071
164.527	-27.120
164.576	-27.155
164.604	-27.183
164.639	-27.197
164.681	-27.197
164.723	-27.204
164.800	-27.204
164.835	-27.211
164.898	-27.197
164.926	-27.204
164.940	-27.204
POLYLINE BLACK
160.558	-24.593
160.614	-24.593
160.663	-24.600
160.691	-24.614
160.719	-24.614
160.852	-24.670
160.866	-24.670
160.908	-24.698
161.013	-24.698
161.041	-24.712
161.062	-24.712
161.097	-24.719
161.195	-24.719
161.223	-24.726
161.237	-24.726
161.251	-24.733
161.272	-24.733
161.300	-24.740
161.363	-24.740
161.377	-24.733
161.440	-24.733
161.489	-24.754
161.503	-24.768
161.517	-24.768
161.531	-24.782
161.552	-24.789
161.580	-24.810
161.629	-24.824
161.678	-24.845
161.769	-24.852
161.804	-24.859
161.832	-24.866
161.867	-24.873
161.951	-24.915
162.070	-24.964
162.098	-24.985
162.112	-24.985
162.161	-25.006
162.203	-25.034
162.308	-25.083
162.322	-25.083
162.357	-25.097
162.406	-25.104
162.441	-25.118
162.469	-25.118
162.490	-25.125
162.518	-25.118
162.553	-25.132
162.567	-25.132
162.595	-25.139
162.609	-25.139
162.651	-25.160
162.665	-25.160
162.679	-25.167
162.693	-25.160
162.728	-25.174
162.742	-25.188
162.756	-25.188
162.826	-25.223
162.840	-25.223
162.868	-25.237
POLYLINE BLACK
160.481	-25.825
160.495	-25.818
160.530	-25.832
160.621	-25.846
160.656	-25.860
160.670	-25.860
160.698	-25.867
160.761	-25.867
160.789	-25.874
160.817	-25.874
160.831	-25.888
160.880	-25.909
160.922	-25.944
160.950	-25.965
160.985	-25.979
161.020	-25.972
161.048	-25.972
161.125	-26.000
161.146	-26.000
161.265	-26.049
161.314	-26.084
161.405	-26.119
161.454	-26.126
161.496	-26.126
161.510	-26.133
161.594	-26.140
161.622	-26.147
161.664	-26.147
161.685	-26.154
161.713	-26.154
161.727	-26.161
161.748	-26.161
161.839	-26.189
161.860	-26.189
161.958	-26.231
161.972	-26.245
162.056	-26.280
162.105	-26.294
162.126	-26.294
162.189	-26.322
162.238	-26.329
162.343	-26.371
162.441	-26.399
162.497	-26.399
162.553	-26.406
162.581	-26.406
162.623	-26.420
162.644	-26.420
162.672	-26.434
162.686	-26.427
162.707	-26.427
162.735	-26.441
162.749	-26.441
162.784	-26.455
162.798	-26.469
162.812	-26.469
162.903	-26.497
162.931	-26.504
162.945	-26.497
162.959	-26.504
POLYLINE BLACK
160.999	-23.487
160.999	-23.501
160.929	-23.536
160.873	-23.522
160.845	-23.529
160.817	-23.522
160.803	-23.522
160.775	-23.508
160.747	-23.515
160.705	-23.501
160.677	-23.508
160.663	-23.508
160.635	-23.501
160.607	-23.515
160.593	-23.557
160.593	-23.669
160.586	-23.697
160.586	-23.711
160.579	-23.739
160.579	-23.788
160.614	-23.907
160.614	-24.180
160.607	-24.194
160.607	-24.229
160.600	-24.257
160.600	-24.292
160.593	-24.320
160.593	-24.348
160.579	-24.376
160.579	-24.397
160.544	-24.453
160.530	-24.446
160.509	-24.446
160.481	-24.453
160.432	-24.453
160.418	-24.446
160.404	-24.453
160.390	-24.446
160.355	-24.446
160.327	-24.453
160.313	-24.453
160.257	-24.418
160.229	-24.397
160.222	-24.383
160.194	-24.369
160.180	-24.369
160.152	-24.362
160.117	-24.285
160.103	-24.271
160.089	-24.271
160.061	-24.152
160.068	-24.124
160.068	-24.096
160.082	-24.061
160.082	-24.033
160.096	-24.005
160.103	-23.956
160.117	-23.900
160.117	-23.872
160.103	-23.837
160.103	-23.781
160.110	-23.753
160.110	-23.739
160.124	-23.711
160.124	-23.662
160.131	-23.648
160.131	-23.599
160.117	-23.557
160.110	-23.508
160.082	-23.466
160.068	-23.452
160.054	-23.417
160.054	-23.389
160.061	-23.361
160.103	-23.305
160.117	-23.291
POLYLINE BLACK
160.054	-23.347
160.082	-23.305
160.103	-23.277
160.117	-23.277
160.152	-23.263
160.194	-23.235
160.299	-23.186
160.334	-23.186
160.383	-23.165
160.411	-23.165
160.446	-23.158
160.481	-23.158
160.530	-23.144
160.621	-23.144
160.698	-23.165
160.726	-23.165
160.754	-23.186
160.775	-23.186
160.803	-23.200
160.824	-23.200
160.894	-23.228
160.922	-23.249
160.936	-23.249
160.978	-23.312
160.999	-23.361
160.999	-23.389
161.006	-23.403
161.006	-23.452
161.013	-23.480
161.013	-23.515
POLYLINE CONNECT
160.516	-23.340
160.573	-24.761
POLYLINE BLACK
160.418	-24.572
160.432	-24.586
160.467	-24.586
160.509	-24.593
160.544	-24.593
160.572	-24.607
160.586	-24.607
POLYLINE BLACK
158.185	-24.439
158.199	-24.453
158.255	-24.453
158.276	-24.460
158.325	-24.453
158.395	-24.453
158.409	-24.460
158.437	-24.453
158.472	-24.467
158.493	-24.467
158.521	-24.474
158.605	-24.474
158.633	-24.481
158.703	-24.481
158.717	-24.488
158.738	-24.488
158.752	-24.481
158.815	-24.481
158.829	-24.474
158.843	-24.481
158.906	-24.481
158.927	-24.474
158.941	-24.481
158.955	-24.474
159.004	-24.488
159.032	-24.488
159.053	-24.495
159.081	-24.488
159.123	-24.495
159.144	-24.495
159.172	-24.502
159.228	-24.502
159.242	-24.495
159.277	-24.509
159.333	-24.516
159.347	-24.523
159.368	-24.523
159.424	-24.537
159.438	-24.537
159.466	-24.544
159.487	-24.544
159.501	-24.551
159.620	-24.551
159.648	-24.558
159.711	-24.558
159.746	-24.544
159.774	-24.544
159.788	-24.537
159.802	-24.544
159.816	-24.530
159.837	-24.530
159.879	-24.551
159.942	-24.544
159.977	-24.551
160.040	-24.551
160.054	-24.558
160.124	-24.558
160.138	-24.565
160.187	-24.565
160.215	-24.579
160.250	-24.572
160.292	-24.586
160.320	-24.579
160.418	-24.579
160.446	-24.565
160.474	-24.565
POLYLINE BLACK
158.374	-25.328
158.409	-25.328
158.465	-25.335
158.479	-25.342
158.500	-25.342
158.570	-25.370
158.626	-25.405
158.724	-25.405
158.738	-25.398
158.752	-25.412
158.780	-25.398
158.794	-25.405
158.808	-25.391
158.843	-25.391
158.857	-25.384
158.857	-25.398
158.941	-25.419
158.990	-25.419
159.018	-25.426
159.032	-25.440
159.046	-25.440
159.074	-25.475
159.095	-25.482
159.151	-25.531
159.179	-25.538
159.249	-25.531
159.277	-25.524
159.340	-25.531
159.368	-25.545
159.396	-25.545
159.410	-25.552
159.431	-25.552
159.487	-25.566
159.515	-25.566
159.578	-25.608
159.634	-25.685
159.662	-25.727
159.711	-25.748
159.760	-25.755
159.809	-25.755
159.837	-25.748
159.851	-25.734
159.879	-25.734
159.893	-25.727
159.907	-25.734
159.928	-25.734
159.984	-25.713
160.012	-25.727
160.040	-25.720
160.075	-25.734
160.089	-25.734
160.117	-25.741
160.131	-25.741
160.145	-25.748
160.166	-25.748
160.194	-25.755
160.201	-25.769
160.215	-25.769
160.257	-25.797
160.292	-25.797
160.306	-25.790
160.348	-25.811
160.362	-25.811
160.390	-25.804
160.446	-25.804
160.474	-25.811
160.488	-25.811
POLYLINE BLACK
158.493	-22.906
158.493	-23.011
158.500	-23.039
158.500	-23.207
158.528	-23.270
158.528	-23.284
158.535	-23.312
158.535	-23.389
158.521	-23.431
158.507	-23.452
158.507	-23.466
158.521	-23.494
158.563	-23.522
158.626	-23.522
158.654	-23.529
158.738	-23.529
158.766	-23.536
158.780	-23.529
158.794	-23.536
158.822	-23.529
158.836	-23.529
158.864	-23.515
158.899	-23.515
158.899	-23.501
158.955	-23.452
158.969	-23.424
158.969	-23.410
158.983	-23.396
158.983	-23.382
158.997	-23.347
158.997	-23.333
158.983	-23.277
158.962	-23.249
158.962	-23.235
158.955	-23.221
158.990	-23.130
159.004	-23.116
159.004	-23.102
159.018	-23.046
159.018	-22.983
159.011	-22.969
159.011	-22.948
POLYLINE BLACK
158.507	-22.941
158.514	-22.927
158.514	-22.878
158.528	-22.836
158.528	-22.787
158.542	-22.759
158.542	-22.745
158.563	-22.703
158.563	-22.689
158.584	-22.647
158.598	-22.633
158.605	-22.612
158.654	-22.584
158.682	-22.584
158.710	-22.577
158.724	-22.577
158.752	-22.570
158.766	-22.570
158.808	-22.598
158.822	-22.598
158.850	-22.591
158.864	-22.605
158.885	-22.605
158.913	-22.619
158.927	-22.619
158.976	-22.675
159.004	-22.717
159.004	-22.731
159.025	-22.773
159.025	-22.815
159.039	-22.843
159.039	-22.906
159.025	-22.920
159.025	-22.941
159.046	-22.969
159.046	-22.997
POLYLINE BLUE
157.422	-23.466
157.387	-23.557
POLYLINE BLUE
157.394	-23.473
157.352	-23.536
POLYLINE BLUE
157.429	-23.480
157.422	-23.494
POLYLINE BLUE
157.380	-23.459
157.366	-23.473
157.331	-23.557
157.331	-23.571
POLYLINE BLUE
157.345	-23.480
157.331	-23.494
157.317	-23.529
157.303	-23.543
157.303	-23.564
157.296	-23.578
POLYLINE BLUE
157.331	-23.452
157.317	-23.459
157.268	-23.543
157.268	-23.564
POLYLINE BLUE
157.282	-23.473
157.254	-23.536
POLYLINE BLUE
157.212	-23.459
157.268	-23.459
157.303	-23.466
157.317	-23.452
157.345	-23.466
157.373	-23.459
157.415	-23.459
157.429	-23.466
157.443	-23.459
POLYLINE BLACK
157.289	-22.605
157.282	-22.668
157.282	-22.724
157.275	-22.752
157.275	-22.766
157.268	-22.794
157.268	-22.829
157.247	-22.906
157.240	-22.934
157.240	-23.109
157.219	-23.165
157.219	-23.207
157.212	-23.221
157.212	-23.256
157.205	-23.284
157.205	-23.396
157.219	-23.424
157.219	-23.438
157.240	-23.494
157.240	-23.508
157.261	-23.557
157.261	-23.571
157.282	-23.571
157.310	-23.585
157.352	-23.571
157.394	-23.543
157.436	-23.522
157.471	-23.480
157.471	-23.480
157.471	-23.452
157.506	-23.333
157.506	-23.228
157.499	-23.214
157.499	-23.193
157.492	-23.165
157.492	-23.095
157.499	-23.060
157.499	-23.032
157.506	-23.004
157.506	-22.969
157.513	-22.941
157.513	-22.899
157.506	-22.871
157.506	-22.857
157.492	-22.808
157.492	-22.794
157.471	-22.738
157.471	-22.724
157.464	-22.696
157.464	-22.661
157.457	-22.633
157.457	-22.605
157.436	-22.535
157.415	-22.507
157.401	-22.507
157.387	-22.493
157.345	-22.493
157.331	-22.500
157.310	-22.549
157.296	-22.556
157.275	-22.605
157.275	-22.619
POLYLINE CONNECT
158.574	-22.904
158.275	-24.766
POLYLINE CONNECT
157.324	-22.674
157.402	-24.401
POLYLINE BLUE
157.404	-25.304
157.294	-25.434
POLYLINE BLUE
157.134	-25.334
157.104	-25.384
POLYLINE BLUE
157.364	-25.214
157.184	-25.424
POLYLINE BLUE
157.344	-25.294
157.254	-25.424
POLYLINE BLUE
157.264	-25.344
157.174	-25.424
POLYLINE BLUE
157.194	-25.304
157.144	-25.334
157.084	-25.404
POLYLINE BLUE
157.054	-25.264
156.944	-25.374
POLYLINE BLUE
156.964	-25.264
156.944	-25.304
156.874	-25.354
POLYLINE BLUE
156.804	-25.244
156.694	-25.384
POLYLINE BLUE
156.724	-25.254
156.624	-25.344
POLYLINE BLUE
156.594	-25.234
156.574	-25.244
156.544	-25.294
156.514	-25.334
POLYLINE BLACK
156.454	-25.254
156.454	-25.254
156.494	-25.294
156.564	-25.344
156.644	-25.354
156.704	-25.354
156.724	-25.364
156.744	-25.344
156.764	-25.354
156.794	-25.344
156.834	-25.354
156.874	-25.354
157.014	-25.384
157.154	-25.414
157.174	-25.404
157.214	-25.414
157.334	-25.414
157.424	-25.354
157.434	-25.334
POLYLINE BLACK
158.384	-25.334
158.284	-25.314
158.264	-25.324
158.164	-25.284
158.114	-25.284
158.054	-25.264
157.994	-25.264
157.974	-25.244
157.954	-25.264
157.894	-25.244
157.844	-25.244
157.804	-25.234
157.724	-25.224
157.624	-25.224
157.604	-25.234
157.584	-25.224
157.494	-25.314
157.454	-25.354
157.434	-25.354
157.414	-25.374
157.374	-25.384
157.354	-25.404
157.314	-25.414
157.304	-25.434
157.274	-25.424
157.234	-25.444
POLYLINE BLUE
157.614	-25.254
157.544	-25.264
157.484	-25.264
157.464	-25.274
157.414	-25.264
157.334	-25.274
157.294	-25.274
157.274	-25.264
157.234	-25.274
157.214	-25.264
157.194	-25.274
157.154	-25.264
157.114	-25.264
157.094	-25.254
157.044	-25.264
157.004	-25.254
156.964	-25.244
156.924	-25.254
156.884	-25.254
156.844	-25.244
156.804	-25.254
156.754	-25.254
156.674	-25.234
156.484	-25.234
156.464	-25.244
156.404	-25.224
156.364	-25.234
156.344	-25.224
156.324	-25.234
POLYLINE BLACK
158.164	-25.314
POLYLINE BLACK
155.814	-24.754
155.864	-24.764
156.084	-24.874
156.204	-25.034
156.234	-25.044
156.344	-25.154
156.404	-25.204
156.444	-25.224
156.474	-25.254
156.514	-25.284
156.534	-25.284
POLYLINE BLACK
155.674	-23.764
155.834	-23.784
155.894	-23.804
155.954	-23.814
155.974	-23.834
156.054	-23.854
156.224	-23.904
156.274	-23.904
156.334	-23.934
156.364	-23.934
156.444	-23.984
156.484	-23.994
156.564	-24.044
156.584	-24.034
156.694	-24.064
156.724	-24.064
156.804	-24.114
156.844	-24.114
156.974	-24.154
156.994	-24.174
157.084	-24.154
157.164	-24.164
157.184	-24.154
157.254	-24.164
157.274	-24.184
157.294	-24.184
157.354	-24.234
157.374	-24.234
157.394	-24.254
157.434	-24.264
157.524	-24.304
157.614	-24.304
157.684	-24.344
157.814	-24.374
157.914	-24.414
157.964	-24.444
158.024	-24.444
158.084	-24.464
158.124	-24.454
158.144	-24.464
158.184	-24.454
158.204	-24.464
158.224	-24.454
POLYLINE BLACK
155.609	-22.414
155.609	-22.434
155.614	-22.469
155.624	-22.499
155.614	-22.524
155.614	-22.534
155.604	-22.559
155.604	-22.579
155.584	-22.609
155.584	-22.619
155.569	-22.654
155.569	-22.664
155.559	-22.684
155.559	-22.719
155.554	-22.739
155.554	-22.774
155.534	-22.839
155.509	-22.894
155.509	-22.914
155.504	-22.924
155.504	-22.949
155.499	-22.969
155.499	-23.089
155.494	-23.099
155.494	-23.124
155.484	-23.159
155.484	-23.174
155.469	-23.214
155.454	-23.259
155.454	-23.294
155.449	-23.304
155.454	-23.344
155.474	-23.374
155.489	-23.394
155.529	-23.414
155.574	-23.419
155.624	-23.419
155.634	-23.424
155.644	-23.419
155.664	-23.424
155.684	-23.419
155.704	-23.419
155.714	-23.409
155.724	-23.414
155.749	-23.379
155.749	-23.369
155.774	-23.314
155.784	-23.304
155.784	-23.294
155.799	-23.264
155.799	-23.129
155.804	-23.104
155.814	-23.094
155.814	-23.084
155.829	-23.049
155.829	-23.029
155.834	-23.004
155.834	-22.974
155.839	-22.964
155.839	-22.909
155.844	-22.899
155.844	-22.854
155.849	-22.834
155.849	-22.814
155.859	-22.789
155.859	-22.759
155.854	-22.749
155.854	-22.724
155.849	-22.704
155.854	-22.679
155.854	-22.659
155.869	-22.629
155.869	-22.604
155.879	-22.584
155.879	-22.559
155.884	-22.539
155.884	-22.464
155.864	-22.424
155.839	-22.404
155.829	-22.404
155.819	-22.394
155.809	-22.394
155.799	-22.384
155.789	-22.389
155.779	-22.384
155.769	-22.394
155.759	-22.394
155.739	-22.389
155.719	-22.389
155.699	-22.384
155.684	-22.384
155.664	-22.389
155.654	-22.389
155.634	-22.384
155.624	-22.384
155.584	-22.399
POLYLINE CONNECT
155.665	-22.509
155.719	-23.869
POLYLINE BLACK
154.384	-23.020
154.398	-23.020
154.440	-23.048
154.503	-23.076
154.517	-23.090
154.531	-23.090
154.545	-23.104
154.559	-23.104
154.587	-23.125
154.601	-23.125
154.629	-23.132
154.664	-23.160
154.678	-23.160
154.706	-23.174
154.720	-23.174
154.748	-23.181
154.846	-23.265
154.860	-23.265
154.944	-23.342
155.000	-23.377
155.014	-23.377
155.042	-23.398
155.063	-23.398
155.091	-23.419
155.112	-23.419
155.196	-23.461
155.224	-23.482
155.238	-23.482
155.252	-23.496
155.273	-23.503
155.294	-23.531
155.357	-23.573
155.371	-23.587
155.385	-23.587
155.413	-23.615
155.427	-23.615
155.511	-23.671
155.567	-23.706
155.630	-23.734
155.644	-23.734
155.651	-23.748
155.679	-23.755
155.693	-23.755
155.721	-23.762
155.735	-23.762
155.742	-23.776
POLYLINE BLACK
154.440	-23.594
154.545	-23.622
154.587	-23.622
154.615	-23.629
154.629	-23.629
154.734	-23.685
154.748	-23.685
154.818	-23.720
154.839	-23.748
154.846	-23.769
154.867	-23.797
154.916	-23.909
154.916	-23.923
154.951	-23.993
154.965	-24.007
154.972	-24.028
155.000	-24.070
155.021	-24.105
155.021	-24.119
155.112	-24.259
155.119	-24.280
155.154	-24.322
155.161	-24.343
155.210	-24.413
155.231	-24.427
155.259	-24.469
155.329	-24.553
155.420	-24.609
155.455	-24.616
155.483	-24.637
155.511	-24.637
155.546	-24.651
155.560	-24.651
155.588	-24.665
155.602	-24.665
155.644	-24.686
155.658	-24.686
155.686	-24.707
155.700	-24.700
155.742	-24.721
155.756	-24.735
155.770	-24.735
155.840	-24.770
155.854	-24.784
POLYLINE BLACK
152.438	-23.034
152.466	-23.048
152.480	-23.048
152.494	-23.055
152.522	-23.048
152.536	-23.048
152.564	-23.055
152.620	-23.055
152.662	-23.069
152.676	-23.062
152.711	-23.062
152.725	-23.076
152.739	-23.062
152.767	-23.076
152.781	-23.076
152.795	-23.069
152.823	-23.083
152.837	-23.076
152.865	-23.083
152.879	-23.083
152.893	-23.076
152.921	-23.090
152.935	-23.083
152.963	-23.097
152.991	-23.097
153.005	-23.090
153.019	-23.104
153.033	-23.104
153.089	-23.153
153.103	-23.153
153.152	-23.181
153.166	-23.181
153.236	-23.202
153.306	-23.230
153.320	-23.237
153.362	-23.293
153.383	-23.321
153.425	-23.342
153.453	-23.370
153.481	-23.370
153.488	-23.384
153.516	-23.391
153.551	-23.391
153.579	-23.398
153.607	-23.398
153.635	-23.405
153.670	-23.405
153.698	-23.412
153.712	-23.412
153.740	-23.433
153.775	-23.440
153.859	-23.475
153.880	-23.475
153.894	-23.482
153.908	-23.475
153.936	-23.489
153.971	-23.482
154.020	-23.482
154.034	-23.489
154.055	-23.489
154.083	-23.496
154.104	-23.496
154.146	-23.524
154.195	-23.531
154.223	-23.538
154.237	-23.538
154.279	-23.566
154.307	-23.566
154.335	-23.587
154.363	-23.587
154.391	-23.601
154.405	-23.601
154.419	-23.622
POLYLINE BLACK
152.473	-22.600
152.494	-22.600
152.522	-22.614
152.536	-22.614
152.564	-22.628
152.620	-22.635
152.648	-22.635
152.676	-22.642
152.690	-22.642
152.718	-22.649
152.732	-22.663
152.760	-22.663
152.788	-22.677
152.823	-22.684
152.879	-22.712
152.893	-22.712
152.956	-22.747
153.012	-22.761
153.040	-22.761
153.061	-22.768
153.089	-22.754
153.180	-22.824
153.201	-22.824
153.215	-22.831
153.306	-22.831
153.320	-22.824
153.334	-22.831
153.362	-22.824
153.383	-22.824
153.439	-22.838
153.474	-22.838
153.502	-22.845
153.537	-22.845
153.565	-22.859
153.579	-22.859
153.740	-22.922
153.789	-22.936
153.817	-22.957
153.838	-22.957
153.866	-22.964
153.957	-22.978
153.978	-22.978
153.992	-22.985
154.013	-22.978
154.041	-22.985
154.055	-22.971
154.083	-22.985
154.104	-22.985
154.132	-22.992
154.146	-22.992
154.160	-22.999
154.181	-22.999
154.209	-23.013
154.258	-23.013
154.272	-23.020
154.300	-23.013
154.328	-23.020
154.363	-23.020
154.391	-23.034
154.419	-23.027
POLYLINE BLACK
154.314	-22.187
154.307	-22.201
154.293	-22.194
154.244	-22.194
154.216	-22.187
154.202	-22.194
154.132	-22.173
154.118	-22.180
154.055	-22.152
154.020	-22.152
153.992	-22.145
153.978	-22.145
153.887	-22.117
153.817	-22.089
153.803	-22.082
153.782	-22.082
153.740	-22.054
153.712	-22.054
153.698	-22.047
153.684	-22.012
153.684	-21.984
153.677	-21.970
153.719	-21.942
153.747	-21.935
153.761	-21.935
153.852	-21.907
153.866	-21.886
153.894	-21.865
153.922	-21.865
153.978	-21.837
153.992	-21.837
154.062	-21.781
154.132	-21.676
154.153	-21.648
154.195	-21.620
154.209	-21.620
154.251	-21.599
154.279	-21.599
154.356	-21.634
154.377	-21.634
POLYLINE BLACK
154.328	-21.606
154.377	-21.627
154.405	-21.627
154.419	-21.641
154.433	-21.641
154.503	-21.697
154.545	-21.753
154.559	-21.802
154.566	-21.837
154.559	-21.865
154.559	-21.879
154.538	-21.928
154.538	-21.942
154.496	-21.998
154.475	-22.047
154.475	-22.089
154.454	-22.145
154.440	-22.166
154.426	-22.166
154.419	-22.187
154.377	-22.187
154.363	-22.201
154.335	-22.194
154.307	-22.201
POLYLINE BLACK
152.123	-21.613
152.130	-21.585
152.130	-21.571
152.144	-21.557
152.151	-21.536
152.186	-21.494
152.193	-21.459
152.235	-21.403
152.284	-21.375
152.312	-21.375
152.326	-21.361
152.361	-21.361
152.375	-21.354
152.431	-21.354
152.459	-21.347
152.620	-21.347
152.669	-21.361
152.683	-21.361
152.711	-21.368
152.746	-21.368
152.774	-21.375
152.788	-21.368
152.802	-21.375
152.823	-21.375
152.851	-21.382
152.865	-21.375
152.900	-21.389
152.914	-21.389
152.963	-21.410
153.026	-21.410
153.075	-21.424
153.096	-21.424
153.124	-21.431
153.194	-21.431
153.222	-21.438
153.236	-21.452
153.250	-21.452
153.292	-21.480
153.334	-21.515
153.341	-21.529
153.355	-21.529
153.376	-21.557
153.376	-21.571
153.383	-21.599
153.376	-21.662
153.376	-21.676
153.362	-21.683
153.341	-21.718
153.313	-21.725
153.299	-21.725
153.271	-21.732
153.215	-21.774
153.187	-21.795
153.173	-21.795
153.145	-21.809
153.117	-21.809
153.103	-21.816
153.089	-21.809
153.061	-21.816
153.047	-21.816
153.019	-21.809
152.984	-21.809
152.928	-21.795
152.851	-21.795
152.823	-21.802
152.795	-21.795
152.781	-21.802
152.767	-21.795
152.739	-21.802
152.711	-21.788
152.697	-21.788
152.683	-21.781
152.648	-21.788
152.634	-21.788
152.620	-21.802
152.592	-21.795
152.536	-21.795
152.494	-21.774
152.480	-21.781
152.452	-21.774
152.438	-21.774
152.410	-21.781
152.396	-21.767
152.382	-21.767
152.368	-21.774
152.291	-21.746
152.277	-21.746
152.263	-21.753
152.256	-21.739
152.200	-21.704
152.193	-21.690
152.179	-21.690
152.151	-21.641
POLYLINE BLACK
152.123	-21.627
POLYLINE CONNECT
154.375	-21.896
154.416	-23.316
POLYLINE CONNECT
152.465	-21.446
152.490	-22.686
POLYLINE BLACK
150.345	-22.016
150.405	-22.056
150.445	-22.056
150.485	-22.086
150.525	-22.086
150.565	-22.096
150.655	-22.106
150.695	-22.116
150.735	-22.116
150.775	-22.126
150.845	-22.126
150.895	-22.136
150.955	-22.136
151.015	-22.156
151.045	-22.156
151.125	-22.206
151.255	-22.246
151.385	-22.276
151.545	-22.316
151.635	-22.366
151.655	-22.376
151.675	-22.366
151.715	-22.386
151.735	-22.376
151.825	-22.416
151.865	-22.406
151.885	-22.426
151.955	-22.436
151.985	-22.456
152.065	-22.476
152.165	-22.516
152.195	-22.516
152.275	-22.546
152.315	-22.546
152.385	-22.576
152.405	-22.566
152.425	-22.586
152.465	-22.576
152.495	-22.606
POLYLINE BLACK
150.355	-22.676
150.365	-22.696
150.405	-22.686
150.465	-22.686
150.485	-22.696
150.505	-22.686
150.525	-22.706
150.545	-22.696
150.695	-22.756
150.755	-22.756
150.795	-22.766
150.855	-22.776
150.875	-22.766
150.895	-22.786
150.935	-22.776
150.985	-22.796
151.025	-22.786
151.115	-22.786
151.135	-22.796
151.175	-22.786
151.195	-22.786
151.215	-22.766
151.295	-22.776
151.345	-22.776
151.405	-22.796
151.445	-22.786
151.465	-22.796
151.485	-22.786
151.575	-22.826
151.615	-22.816
151.655	-22.846
151.695	-22.836
151.785	-22.886
151.825	-22.896
151.885	-22.936
151.905	-22.926
151.955	-22.946
152.045	-22.936
152.085	-22.946
152.175	-22.956
152.215	-22.966
152.235	-22.976
152.255	-22.966
152.295	-22.996
152.315	-22.986
152.355	-23.016
152.395	-23.016
152.455	-23.056
POLYLINE BLACK
149.295	-20.406
149.350	-20.396
149.375	-20.386
149.420	-20.386
149.445	-20.381
POLYLINE BLACK
149.045	-20.256
149.070	-20.246
149.090	-20.226
149.100	-20.226
149.140	-20.201
149.170	-20.221
149.190	-20.251
149.210	-20.266
POLYLINE BLACK
148.880	-20.401
POLYLINE BLACK
148.880	-20.411
148.925	-20.381
148.975	-20.336
148.980	-20.326
148.980	-20.311
149.000	-20.281
149.075	-20.231
149.095	-20.231
149.105	-20.236
149.125	-20.231
149.145	-20.236
149.165	-20.236
149.190	-20.251
149.200	-20.251
149.210	-20.266
149.230	-20.281
149.260	-20.326
149.290	-20.351
149.305	-20.371
149.325	-20.381
POLYLINE BLACK
148.285	-20.111
148.300	-20.146
148.320	-20.161
POLYLINE BLACK
148.285	-20.111
148.315	-20.086
148.320	-20.076
148.330	-20.071
148.360	-20.071
148.380	-20.061
148.450	-20.071
148.460	-20.066
148.470	-20.071
148.495	-20.071
148.510	-20.076
148.535	-20.076
148.550	-20.081
148.600	-20.081
148.610	-20.086
148.620	-20.081
148.655	-20.081
148.700	-20.071
148.715	-20.071
148.740	-20.061
148.770	-20.061
148.815	-20.046
148.860	-20.041
148.885	-20.041
148.905	-20.036
148.915	-20.041
148.925	-20.036
148.970	-20.036
149.000	-20.046
149.050	-20.046
149.090	-20.056
149.100	-20.056
149.110	-20.051
149.130	-20.056
149.145	-20.056
149.155	-20.051
149.175	-20.061
149.195	-20.061
149.260	-20.081
149.270	-20.086
149.280	-20.081
149.310	-20.091
149.325	-20.091
149.350	-20.101
149.370	-20.101
149.390	-20.111
149.400	-20.111
149.425	-20.121
149.435	-20.121
149.490	-20.141
149.515	-20.141
149.570	-20.161
149.610	-20.171
149.620	-20.181
149.655	-20.191
149.695	-20.211
149.720	-20.241
149.745	-20.251
149.775	-20.276
149.790	-20.306
149.770	-20.321
149.760	-20.336
149.730	-20.356
149.720	-20.356
149.700	-20.366
149.690	-20.361
149.665	-20.361
149.645	-20.366
149.630	-20.366
149.620	-20.361
149.610	-20.366
POLYLINE BLACK
149.420	-20.396
149.440	-20.391
149.450	-20.391
149.505	-20.376
149.550	-20.376
149.575	-20.366
149.610	-20.366
149.630	-20.356
149.650	-20.356
149.690	-20.341
POLYLINE BLACK
149.280	-20.341
149.295	-20.366
149.335	-20.396
149.345	-20.406
POLYLINE BLACK
148.320	-20.166
148.335	-20.186
148.350	-20.191
148.375	-20.221
148.410	-20.251
148.420	-20.251
148.465	-20.291
148.520	-20.306
148.565	-20.326
148.630	-20.341
148.645	-20.351
148.685	-20.366
148.700	-20.366
148.735	-20.381
148.790	-20.396
148.820	-20.416
148.835	-20.416
148.890	-20.431
148.950	-20.431
148.975	-20.426
148.985	-20.431
149.010	-20.431
149.030	-20.436
149.040	-20.436
149.060	-20.446
149.080	-20.446
149.090	-20.451
149.140	-20.451
149.240	-20.426
149.280	-20.406
149.300	-20.411
149.345	-20.411
149.355	-20.416
149.375	-20.411
149.385	-20.411
POLYLINE CONNECT
149.125	-20.076
149.039	-21.835
POLYLINE BLACK
149.055	-22.226
149.155	-22.276
149.175	-22.296
149.215	-22.306
149.275	-22.326
149.305	-22.316
149.365	-22.346
149.405	-22.356
149.495	-22.416
149.535	-22.426
149.585	-22.446
149.655	-22.446
149.695	-22.456
149.735	-22.466
149.845	-22.496
149.885	-22.506
149.925	-22.516
150.015	-22.556
150.035	-22.576
150.065	-22.576
150.145	-22.626
150.185	-22.626
150.265	-22.666
150.395	-22.686
150.435	-22.676
150.475	-22.686
POLYLINE BLACK
149.065	-21.606
149.125	-21.686
149.145	-21.686
149.175	-21.706
149.245	-21.706
149.285	-21.716
149.325	-21.716
149.435	-21.756
149.495	-21.766
149.515	-21.786
149.575	-21.796
149.685	-21.886
149.765	-21.906
149.885	-21.936
149.905	-21.926
150.105	-21.986
150.155	-21.996
150.195	-22.006
150.235	-22.006
150.255	-21.996
150.325	-22.016
150.345	-22.036
150.385	-22.016
150.405	-22.026
POLYLINE BLACK
149.105	-21.586
149.045	-21.546
148.965	-21.436
148.815	-21.306
148.655	-21.226
148.585	-21.196
148.495	-21.126
148.335	-20.966
148.295	-20.956
148.145	-20.836
148.115	-20.826
148.035	-20.746
147.985	-20.696
147.825	-20.536
147.745	-20.506
147.695	-20.476
147.595	-20.426
147.515	-20.366
POLYLINE BLACK
148.825	-22.126
148.865	-21.966
148.865	-21.876
148.875	-21.856
148.925	-21.846
148.985	-21.866
149.025	-21.866
149.065	-21.876
149.085	-21.876
149.115	-21.916
149.125	-22.046
149.125	-22.086
149.115	-22.106
149.125	-22.146
149.125	-22.186
149.105	-22.206
149.025	-22.226
149.005	-22.236
148.975	-22.226
148.955	-22.236
148.925	-22.206
POLYLINE BLACK
148.915	-22.176
148.965	-22.186
149.005	-22.196
POLYLINE BLACK
147.605	-21.296
147.645	-21.296
147.715	-21.316
147.735	-21.306
147.795	-21.326
147.825	-21.326
147.865	-21.336
147.905	-21.326
147.965	-21.366
148.055	-21.516
148.085	-21.566
148.085	-21.586
148.115	-21.626
148.155	-21.636
148.195	-21.656
148.215	-21.646
148.275	-21.676
148.395	-21.706
148.475	-21.736
148.515	-21.746
148.565	-21.796
148.605	-21.856
148.605	-21.876
148.695	-21.986
148.725	-22.016
148.845	-22.136
148.905	-22.166
148.935	-22.196
148.975	-22.206
POLYLINE BLACK
146.225	-20.296
146.265	-20.206
146.265	-20.186
146.335	-20.156
146.415	-20.106
146.445	-20.106
146.485	-20.096
146.565	-20.096
146.585	-20.086
146.655	-20.096
146.695	-20.096
146.845	-20.126
146.975	-20.166
147.015	-20.176
147.105	-20.206
147.145	-20.236
147.185	-20.246
147.295	-20.286
147.315	-20.306
147.355	-20.316
147.415	-20.336
147.445	-20.336
147.585	-20.386
POLYLINE BLACK
147.645	-21.296
147.595	-21.296
147.525	-21.286
147.485	-21.286
147.465	-21.276
147.445	-21.286
147.235	-21.236
147.195	-21.226
147.145	-21.236
147.105	-21.226
147.025	-21.236
146.975	-21.236
146.925	-21.256
146.905	-21.246
146.885	-21.256
146.845	-21.246
146.805	-21.256
146.775	-21.246
146.735	-21.256
146.645	-21.216
146.605	-21.216
146.515	-21.176
146.425	-21.166
146.365	-21.166
146.325	-21.156
146.265	-21.046
146.255	-20.986
146.285	-20.876
146.275	-20.826
POLYLINE BLACK
146.245	-19.966
146.235	-20.146
146.225	-20.216
146.245	-20.346
146.255	-20.436
146.285	-20.536
146.285	-20.566
146.295	-20.606
146.305	-20.646
146.265	-20.766
146.265	-20.816
POLYLINE BLACK
146.255	-20.686
