TRIP
DATE 2017-10-14 
DECLINATION     0.00
DATA
22.10	23.0	0.00	0.00	0.000	>
23.0		357.67	1.45	3.745	>
23.0		328.75	-1.36	3.907	>
23.0		263.13	-2.03	1.581	>
23.0		72.86	42.83	0.574	>
23.0		331.96	86.91	2.246	>
23.0		257.91	-78.68	0.146	>
23.0		342.63	-8.90	1.526	>
23.0	23.1	169.88	34.40	3.622	>
23.1		59.49	-84.36	1.983	>
23.1		60.26	-1.77	1.395	>
23.1		100.78	85.81	3.805	>
23.1		189.86	-48.33	3.524	>
23.1		355.71	29.51	3.483	>
23.1		3.74	40.83	6.802	>
23.1	23.2	126.42	-16.82	3.120	>
23.2		235.20	-5.49	1.556	>
23.2		182.82	85.01	6.776	>
23.2		69.12	3.71	0.186	>
23.2		247.06	-47.06	0.697	>
23.2		51.48	60.85	2.703	>
23.2	23.3	192.02	3.13	2.549	>
23.3		312.98	-85.85	0.831	>
23.3		49.90	28.17	1.400	>
23.3		118.07	86.70	0.295	>
23.3	23.4	132.13	-8.90	4.047	>
23.4		236.85	2.99	1.324	>
23.4		242.51	85.97	1.974	>
23.4		72.28	19.48	0.645	>
23.4		49.52	7.19	1.247	>
23.4		329.93	-87.46	0.495	>
23.4	23.5	148.20	-10.24	5.882	>
23.5		242.72	2.67	1.675	>
23.5		292.05	85.68	3.923	>
23.5		208.34	-86.71	1.761	>
23.5	23.6	157.25	-26.19	7.235	>
23.6		249.21	1.53	1.756	>
23.6		88.85	24.50	0.933	>
23.6		240.66	82.20	5.717	>
23.6	23.7	189.71	6.50	3.390	>
23.7		277.92	9.97	0.346	>
23.7		99.41	3.01	0.172	>
23.7		139.90	88.18	0.783	>
23.7		322.82	-85.41	0.454	>
23.7	23.8	178.84	11.55	3.320	>
23.8		314.00	-1.45	1.539	>
23.8		262.66	84.40	4.732	>
23.8		328.10	-52.27	1.580	>
23.8	23.9	271.58	-25.18	4.687	>
23.9		293.70	83.82	5.152	>
23.9		33.49	1.94	0.947	>
23.9		63.36	-76.82	1.507	>
23.9		129.72	3.53	2.031	>
23.9		97.98	-4.98	2.756	>
23.9		224.33	18.73	2.413	>
23.9	23.10	303.79	13.26	2.987	>
23.10		166.85	75.25	4.351	>
23.10		190.87	-2.86	0.823	>
23.10		7.16	24.23	0.202	>
23.10		231.12	-85.67	3.246	>
23.10	23.11	276.28	-20.91	3.628	>
23.11		148.65	-86.16	1.925	>
23.11		350.17	86.78	2.298	>
23.11		172.36	11.12	0.705	>
23.11		182.68	42.30	2.687	>
23.11	23.12	236.38	-37.64	4.821	>
23.12		299.39	88.56	3.982	>
23.12		351.73	0.86	2.677	>
23.12		333.55	-38.12	3.182	>
23.12		183.12	5.68	0.425	>
23.12	23.13	266.21	24.12	1.458	>
23.13		103.33	4.72	0.984	>
23.13		116.57	-84.10	0.740	>
23.13		275.14	83.80	1.757	>
23.13	23.14	163.70	10.06	6.182	>
23.14		71.21	0.28	0.410	>
23.14		255.80	6.33	0.172	>
23.14		310.60	87.05	0.358	>
23.14		0.00	-84.67	0.237	>
23.12	23.15	299.66	-9.96	5.472	>
23.15		259.74	81.91	3.791	>
23.15		173.21	8.35	2.018	>
23.15		161.60	-74.26	1.811	>
23.15		358.60	45.14	6.954	>
23.15		262.81	39.86	2.081	>
23.15	23.16	17.31	51.12	6.594	>
23.16		241.08	-16.04	2.128	>
23.16		330.26	-86.06	1.289	>
23.16	23.17	308.46	-4.21	3.584	>
23.17		228.09	3.82	0.420	>
23.17		306.25	84.54	0.391	>
23.17		49.91	2.89	0.695	>
23.17	23.18	327.68	1.45	3.484	>
23.18		250.25	3.07	0.317	>
23.18		53.10	1.83	0.377	>
23.18		174.81	86.99	0.210	>
23.18		298.07	-85.60	0.222	>
23.15	23.12	119.65	10.01	5.446	>
23.15	23.19	242.87	-23.19	5.865	>
23.19		355.31	85.48	8.379	>
23.19		353.33	-4.05	0.950	>
23.19		170.89	9.54	0.615	>
23.19		51.37	-68.99	0.996	>
23.19	23.20	296.29	-20.26	4.207	>
23.20		62.10	-88.78	1.804	>
23.20		192.77	-7.52	3.454	>
23.20		200.57	66.83	1.534	>
23.20	23.21	220.50	22.91	6.382	>
23.20	23.22	239.74	-19.48	4.075	>
23.22		16.04	-2.65	4.018	>
23.22		358.68	-73.22	0.600	>
23.22		330.71	2.40	0.837	>
23.22		161.10	81.87	8.495	>
23.22	23.23	254.06	-26.39	3.427	>
23.23		137.81	-2.40	0.765	>
23.23		115.77	75.86	0.659	>
23.23		260.85	-77.46	1.246	>
23.23		317.83	-4.32	0.345	>
23.23		213.87	-7.57	2.605	>
23.23	23.24	186.25	-9.21	3.461	>
23.24		34.38	-83.82	0.856	>
23.24		57.37	70.81	8.462	>
23.24		74.96	3.08	1.729	>
23.24	23.25	135.93	-1.68	3.821	>
23.25		67.16	78.74	3.458	>
23.25		225.31	-74.64	2.469	>
23.25		234.13	-9.95	1.412	>
23.25		51.66	20.08	0.740	>
23.25		61.41	46.63	2.234	>
23.25	23.26	138.36	-8.75	6.563	>
23.26		244.05	-0.30	1.551	>
23.26		229.98	-69.18	1.627	>
23.26		243.75	87.53	7.463	>
23.26		38.08	2.30	0.200	>
23.26	23.27	182.57	-11.11	7.768	>
23.27		69.71	-3.88	1.448	>
23.27		74.83	-87.76	1.563	>
23.27		53.69	77.73	9.077	>
23.27		273.71	7.37	0.390	>
23.27	23.28	148.25	-11.42	5.678	>
23.28		295.44	-0.30	1.916	>
23.28		297.22	-55.24	2.400	>
23.28		118.87	8.72	0.270	>
23.28		223.00	86.30	7.836	>
23.28	23.29	259.23	-11.44	4.181	>
23.29		27.00	1.24	1.298	>
23.29		29.40	-63.81	1.823	>
23.29		208.27	-4.29	0.347	>
23.29		68.20	83.48	1.137	>
23.29		200.27	70.99	8.720	>
23.29	23.30	309.49	-5.76	3.368	>
23.30		179.67	-3.15	1.219	>
23.30		163.94	-72.00	1.627	>
23.30		3.09	11.93	0.247	>
23.30		192.84	62.03	7.802	>
23.30	23.31	247.37	-15.63	4.687	>
23.31		345.51	2.40	0.668	>
23.31		149.53	5.38	0.277	>
23.31		354.72	-83.35	1.032	>
23.31		149.83	68.19	8.007	>
23.31	23.32	241.18	-1.56	4.192	>
23.32		143.27	-1.49	0.654	>
23.32		323.44	4.40	0.261	>
23.32		137.72	-64.14	1.946	>
23.32		134.76	77.39	6.999	>
23.32	23.33	218.59	41.79	2.658	>
23.33		320.63	12.94	0.540	>
23.33		118.48	0.84	1.019	>
23.33		163.08	83.72	3.393	>
23.33		40.10	-79.17	4.229	>

PLAN
STATIONS
-241.566	68.025	23.0
-241.041	65.083	23.1
-238.638	63.310	23.2
-239.168	60.821	23.3
-236.203	58.139	23.4
-233.153	53.220	23.5
-230.643	47.233	23.6
-231.211	43.913	23.7
-231.145	40.661	23.8
-235.385	40.778	23.9
-237.801	42.395	23.10
-241.170	42.766	23.11
-244.371	40.666	23.12
-245.677	40.564	23.13
-243.969	34.722	23.14
-249.032	43.319	23.15
-247.800	47.271	23.16
-250.599	49.494	23.17
-252.461	52.437	23.18
-253.830	40.861	23.19
-257.369	42.609	23.20
-261.187	38.139	23.21
-260.687	40.673	23.22
-263.639	39.830	23.23
-264.011	36.434	23.24
-261.355	33.690	23.25
-257.045	28.842	23.26
-257.387	21.227	23.27
-254.458	16.494	23.28
-258.484	15.728	23.29
-261.070	17.859	23.30
-265.236	16.122	23.31
-268.908	14.102	23.32
-270.144	12.553	23.33
SHOTS
-268.908	14.102	-270.144	12.553
-270.144	12.553	-270.478	12.960
-270.144	12.553	-269.248	12.067
-270.144	12.553	-270.036	12.198
-270.144	12.553	-269.632	13.161
-265.236	16.122	-268.908	14.102
-268.908	14.102	-268.517	13.578
-268.908	14.102	-269.063	14.311
-268.908	14.102	-268.337	13.474
-268.908	14.102	-267.823	13.026
-261.070	17.859	-265.236	16.122
-265.236	16.122	-265.403	16.768
-265.236	16.122	-265.096	15.884
-265.236	16.122	-265.247	16.241
-265.236	16.122	-263.741	13.550
-258.484	15.728	-261.070	17.859
-261.070	17.859	-261.063	16.642
-261.070	17.859	-260.931	17.376
-261.070	17.859	-261.057	18.100
-261.070	17.859	-261.883	14.291
-254.458	16.494	-258.484	15.728
-258.484	15.728	-257.895	16.884
-258.484	15.728	-258.089	16.429
-258.484	15.728	-258.648	15.423
-258.484	15.728	-258.364	15.776
-258.484	15.728	-259.468	13.063
-257.387	21.227	-254.458	16.494
-254.458	16.494	-256.188	17.317
-254.458	16.494	-255.675	17.120
-254.458	16.494	-254.224	16.365
-254.458	16.494	-254.803	16.124
-257.045	28.842	-257.387	21.227
-257.387	21.227	-256.032	21.728
-257.387	21.227	-257.328	21.243
-257.387	21.227	-255.833	22.369
-257.387	21.227	-257.773	21.252
-261.355	33.690	-257.045	28.842
-257.045	28.842	-258.440	28.163
-257.045	28.842	-257.488	28.470
-257.045	28.842	-257.333	28.700
-257.045	28.842	-256.922	28.999
-264.011	36.434	-261.355	33.690
-261.355	33.690	-260.733	33.952
-261.355	33.690	-261.820	33.230
-261.355	33.690	-262.482	32.875
-261.355	33.690	-260.810	34.121
-261.355	33.690	-260.008	34.424
-263.639	39.830	-264.011	36.434
-264.011	36.434	-263.959	36.510
-264.011	36.434	-261.668	37.934
-264.011	36.434	-262.344	36.882
-260.687	40.673	-263.639	39.830
-263.639	39.830	-263.126	39.264
-263.639	39.830	-263.494	39.760
-263.639	39.830	-263.906	39.787
-263.639	39.830	-263.870	40.085
-263.639	39.830	-265.078	37.686
-257.369	42.609	-260.687	40.673
-260.687	40.673	-259.578	44.530
-260.687	40.673	-260.691	40.846
-260.687	40.673	-261.096	41.402
-260.687	40.673	-260.298	39.537
-257.369	42.609	-261.187	38.139
-253.830	40.861	-257.369	42.609
-257.369	42.609	-257.335	42.627
-257.369	42.609	-258.126	39.269
-257.369	42.609	-257.581	42.044
-249.032	43.319	-253.830	40.861
-253.830	40.861	-253.884	41.519
-253.830	40.861	-253.940	41.802
-253.830	40.861	-253.734	40.262
-253.830	40.861	-253.551	41.084
-249.032	43.319	-244.371	40.666
-250.599	49.494	-252.461	52.437
-252.461	52.437	-252.759	52.330
-252.461	52.437	-252.160	52.663
-252.461	52.437	-252.460	52.426
-252.461	52.437	-252.476	52.445
-247.800	47.271	-250.599	49.494
-250.599	49.494	-250.911	49.214
-250.599	49.494	-250.629	49.516
-250.599	49.494	-250.068	49.941
-249.032	43.319	-247.800	47.271
-247.800	47.271	-249.590	46.282
-247.800	47.271	-247.844	47.348
-244.349	40.652	-249.032	43.319
-249.032	43.319	-249.557	43.224
-249.032	43.319	-248.796	41.336
-249.032	43.319	-248.877	42.853
-249.032	43.319	-249.152	48.223
-249.032	43.319	-250.617	43.119
-245.677	40.564	-243.969	34.722
-243.969	34.722	-243.581	34.854
-243.969	34.722	-244.135	34.680
-243.969	34.722	-243.983	34.734
-243.969	34.722	-243.969	34.744
-244.349	40.652	-245.677	40.564
-245.677	40.564	-244.723	40.338
-245.677	40.564	-245.609	40.530
-245.677	40.564	-245.866	40.581
-241.170	42.766	-244.349	40.652
-244.349	40.652	-244.436	40.701
-244.349	40.652	-244.734	43.301
-244.349	40.652	-245.464	42.893
-244.349	40.652	-244.372	40.230
-237.801	42.395	-241.170	42.766
-241.170	42.766	-241.103	42.656
-241.170	42.766	-241.192	42.893
-241.170	42.766	-241.078	42.080
-241.170	42.766	-241.263	40.781
-235.385	40.778	-237.801	42.395
-237.801	42.395	-237.549	41.316
-237.801	42.395	-237.956	41.588
-237.801	42.395	-237.778	42.578
-237.801	42.395	-237.992	42.241
-231.145	40.661	-235.385	40.778
-235.385	40.778	-235.893	41.001
-235.385	40.778	-234.863	41.567
-235.385	40.778	-235.078	40.932
-235.385	40.778	-233.826	39.483
-235.385	40.778	-232.666	40.397
-235.385	40.778	-236.982	39.143
-231.211	43.913	-231.145	40.661
-231.145	40.661	-232.252	41.730
-231.145	40.661	-231.603	40.602
-231.145	40.661	-231.656	41.482
-230.643	47.233	-231.211	43.913
-231.211	43.913	-231.549	43.960
-231.211	43.913	-231.042	43.885
-231.211	43.913	-231.195	43.894
-231.211	43.913	-231.233	43.942
-233.153	53.220	-230.643	47.233
-230.643	47.233	-232.284	46.610
-230.643	47.233	-229.794	47.250
-230.643	47.233	-231.319	46.853
-236.203	58.139	-233.153	53.220
-233.153	53.220	-234.640	52.453
-233.153	53.220	-233.427	53.331
-233.153	53.220	-233.201	53.131
-239.168	60.821	-236.203	58.139
-236.203	58.139	-237.310	57.416
-236.203	58.139	-236.326	58.075
-236.203	58.139	-235.624	58.324
-236.203	58.139	-235.262	58.942
-236.203	58.139	-236.214	58.158
-238.638	63.310	-239.168	60.821
-239.168	60.821	-239.212	60.862
-239.168	60.821	-238.224	61.616
-239.168	60.821	-239.153	60.813
-241.041	65.083	-238.638	63.310
-238.638	63.310	-239.910	62.426
-238.638	63.310	-238.667	62.721
-238.638	63.310	-238.465	63.376
-238.638	63.310	-239.075	63.125
-238.638	63.310	-237.608	64.130
-241.566	68.025	-241.041	65.083
-241.041	65.083	-240.873	65.182
-241.041	65.083	-239.830	65.775
-241.041	65.083	-240.768	65.031
-241.041	65.083	-241.442	62.775
-241.041	65.083	-241.268	68.106
-241.041	65.083	-240.705	70.219
-241.566	68.025	-241.566	68.025
-241.566	68.025	-241.718	71.766
-241.566	68.025	-243.592	71.364
-241.566	68.025	-243.135	67.836
-241.566	68.025	-241.164	68.149
-241.566	68.025	-241.623	68.132
-241.566	68.025	-241.594	68.019
-241.566	68.025	-242.016	69.464
POLYLINE GREEN
-268.890	14.382
-268.875	14.187
-268.875	14.082
-268.875	14.082
-268.890	14.157
-268.890	14.247
-268.905	14.277
-268.905	14.442
POLYLINE GREEN
-268.965	14.397
-268.950	14.322
-268.935	14.202
-268.920	14.142
-268.920	14.097
-268.905	14.037
-268.905	14.007
POLYLINE GREEN
-268.980	14.037
-268.890	13.947
-268.845	13.827
-268.800	13.767
POLYLINE GREEN
-269.010	14.427
-268.965	14.217
-268.965	14.187
-268.950	14.127
-268.950	14.097
-268.935	14.037
-268.935	13.977
-268.950	13.932
-269.055	13.842
-269.100	13.737
POLYLINE BLACK
-270.075	13.452
-270.030	13.437
-269.940	13.482
-269.865	13.587
-269.835	13.602
-269.820	13.647
-269.790	13.647
-269.670	13.752
-269.580	13.782
-269.550	13.812
-269.475	13.827
-269.400	13.917
-269.340	13.917
-269.310	13.947
-269.265	13.947
-269.235	13.932
-269.175	13.947
-269.115	13.947
-268.965	14.052
-268.845	14.127
-268.815	14.142
-268.815	14.172
-268.665	14.352
-268.575	14.412
-268.530	14.472
-268.470	14.502
-268.455	14.532
-268.395	14.577
-268.335	14.577
-268.170	14.832
-268.050	14.982
-267.990	15.012
POLYLINE BLUE
-268.650	14.172
-268.710	14.142
-268.755	14.142
-268.875	14.037
-269.070	13.902
-269.190	13.722
-269.280	13.662
-269.325	13.662
-269.400	13.632
-269.460	13.572
-269.535	13.467
-269.745	13.287
-269.835	13.107
-269.865	13.077
-269.865	13.032
-269.910	12.972
-269.940	12.972
-269.970	13.002
-270.015	13.002
-270.105	12.972
-270.195	12.897
-270.195	12.897
-270.105	13.077
-270.075	13.107
-270.210	12.882
-270.210	12.837
-270.225	12.807
-270.150	12.822
-270.120	12.807
-270.015	12.807
-269.940	12.822
POLYLINE BLACK
-269.700	12.687
-269.760	12.687
-269.925	12.582
-269.940	12.552
POLYLINE BLACK
-268.665	13.752
-268.680	13.722
-268.710	13.722
-268.770	13.707
-268.800	13.677
-268.830	13.677
-269.025	13.527
-269.130	13.362
-269.190	13.317
-269.265	13.212
-269.325	13.077
-269.430	13.002
-269.520	12.867
-269.520	12.837
-269.655	12.657
-269.685	12.642
POLYLINE BLACK
-270.240	12.597
-270.060	12.192
-269.955	12.042
-269.940	11.997
-270.060	11.922
-270.195	11.832
-270.315	11.742
-270.345	11.742
-270.570	11.982
-270.585	12.027
-270.645	12.117
-270.660	12.162
-270.690	12.162
-270.720	12.222
-270.690	12.252
-270.675	12.297
-270.555	12.432
-270.495	12.477
-270.465	12.477
-270.300	12.582
-270.240	12.597
-270.210	12.597
POLYLINE BLACK
-268.590	13.677
-268.710	13.602
-268.800	13.482
-268.845	13.392
-268.845	13.332
-268.905	13.092
-268.950	12.927
-269.055	12.807
-269.070	12.762
-269.025	12.642
-269.025	12.462
-269.040	12.402
-269.040	12.372
-269.085	12.312
-269.085	12.282
-269.160	12.162
-269.280	12.087
-269.340	12.042
POLYLINE BLACK
-269.130	14.367
-269.175	14.307
-269.220	14.292
-269.355	14.142
-269.535	13.977
-269.655	13.902
-269.715	13.812
-269.715	13.737
-269.805	13.572
-269.925	13.467
-269.970	13.467
-270.090	13.377
-270.165	13.287
-270.195	13.212
-270.225	13.197
-270.270	13.137
-270.300	13.137
-270.420	13.062
-270.480	13.017
POLYLINE BLUE
-266.640	15.612
-266.670	15.597
-266.715	15.597
-266.865	15.507
-266.895	15.507
-266.955	15.462
-267.015	15.357
-267.030	15.297
-267.030	15.267
-267.075	15.207
-267.105	15.207
-267.135	15.192
-267.195	15.207
-267.240	15.207
-267.270	15.222
-267.315	15.087
-267.330	15.012
-267.345	14.982
-267.450	14.937
-267.540	14.937
-267.600	14.952
-267.660	14.937
-267.720	14.877
-267.810	14.682
-268.020	14.487
-268.050	14.427
-268.050	14.457
-268.065	14.487
-268.065	14.667
-268.050	14.727
-268.050	14.562
-268.035	14.532
-268.050	14.457
-268.035	14.427
-268.005	14.412
-267.900	14.472
-267.660	14.547
-267.600	14.547
POLYLINE BLUE
-265.485	16.422
-265.485	16.392
-265.455	16.392
-265.425	16.362
-265.350	16.332
-265.260	16.242
-265.005	16.122
-264.945	16.077
-264.915	16.077
-264.795	16.002
POLYLINE BLUE
-265.275	16.437
-265.455	16.557
-265.680	16.662
-265.710	16.662
POLYLINE BLUE
-265.350	16.377
-265.440	16.452
-265.515	16.452
-265.575	16.497
-265.620	16.512
-265.650	16.542
-265.860	16.632
-265.890	16.632
POLYLINE BLUE
-266.025	16.512
-265.950	16.497
-265.770	16.407
-265.380	16.182
-265.290	16.137
-265.140	16.122
-265.020	16.092
-264.900	16.032
POLYLINE BLUE
-266.160	16.332
-266.085	16.287
-266.010	16.272
-265.815	16.182
-265.740	16.167
-265.425	16.047
-265.245	15.957
POLYLINE BLUE
-266.205	16.167
-266.190	16.137
-266.055	16.062
-265.950	16.032
-265.680	15.867
-265.515	15.837
-265.410	15.837
-265.305	15.792
POLYLINE BLUE
-265.590	15.807
-265.695	15.807
-265.950	15.897
-266.055	15.972
-266.070	16.002
-266.115	16.017
-266.160	16.122
-266.130	16.302
-266.100	16.377
-266.070	16.407
-266.055	16.452
-265.995	16.512
POLYLINE BLACK
-265.755	16.707
-265.695	16.677
-265.665	16.677
-265.530	16.737
-265.500	16.737
-265.440	16.797
-265.410	16.797
-265.380	16.827
POLYLINE BLACK
-265.590	16.767
-265.725	16.722
-265.755	16.692
-265.830	16.662
-265.845	16.617
-265.995	16.482
-266.040	16.422
-266.160	16.317
-266.205	16.242
-266.340	16.152
-266.370	16.152
-266.580	15.972
-266.625	15.957
-266.685	15.912
-266.790	15.867
-266.970	15.732
-267.045	15.672
-267.120	15.567
-267.165	15.552
-267.255	15.477
-267.285	15.477
-267.435	15.402
-267.495	15.357
-267.570	15.327
-267.720	15.207
-267.765	15.192
-267.795	15.147
-267.855	15.117
-267.990	14.952
-268.140	14.832
-268.185	14.832
-268.275	14.742
-268.350	14.742
-268.455	14.682
-268.515	14.637
-268.530	14.607
-268.605	14.607
-268.665	14.562
-268.695	14.562
-268.755	14.547
-268.785	14.562
-268.815	14.532
-268.845	14.532
-268.995	14.427
-269.115	14.277
POLYLINE BLACK
-268.635	13.662
-268.515	13.767
-268.470	13.872
-268.440	13.887
-268.365	13.887
-268.275	13.932
-268.245	13.917
-268.170	14.007
-268.080	14.067
-267.900	14.187
-267.735	14.247
-267.690	14.277
-267.660	14.277
-267.600	14.307
-267.540	14.382
-267.315	14.547
-267.225	14.622
-267.180	14.637
-267.165	14.682
-267.090	14.727
-267.015	14.817
-266.895	14.892
-266.700	15.012
-266.655	15.027
-266.625	15.057
-266.595	15.057
-266.535	15.087
-266.475	15.087
-266.385	15.147
-266.325	15.192
-266.280	15.267
-266.055	15.447
-265.980	15.537
-265.920	15.582
-265.890	15.582
-265.860	15.612
-265.785	15.627
-265.635	15.717
-265.515	15.807
-265.455	15.807
-265.365	15.852
-265.290	15.852
-265.170	15.942
POLYLINE BLUE
-265.155	16.647
-265.215	16.662
-265.320	16.737
POLYLINE BLUE
-264.375	16.422
-264.345	16.392
POLYLINE BLUE
-264.495	16.182
-264.525	16.182
-264.645	16.242
-264.855	16.287
-265.005	16.362
-265.110	16.392
-265.335	16.512
POLYLINE BLUE
-264.315	16.317
-264.615	16.422
-265.020	16.587
-265.215	16.692
POLYLINE BLUE
-264.345	16.467
-264.510	16.527
-264.615	16.587
-264.885	16.692
-264.990	16.752
POLYLINE BLUE
-264.270	16.542
-264.405	16.632
-264.645	16.737
-264.720	16.782
-264.765	16.782
POLYLINE BLUE
-264.660	16.182
-264.630	16.152
-264.525	16.182
-264.495	16.197
-264.450	16.197
-264.285	16.302
-264.225	16.392
-264.225	16.617
-264.330	16.842
-264.390	16.887
-264.450	16.887
-264.525	16.902
-264.600	16.917
-264.660	16.902
-264.720	16.932
POLYLINE BLACK
-262.320	17.697
-262.380	17.652
-262.665	17.607
-262.755	17.562
-262.860	17.532
-262.905	17.532
-262.965	17.517
-263.025	17.472
-263.055	17.472
-263.175	17.397
-263.235	17.397
-263.325	17.352
-263.460	17.352
-263.550	17.322
-263.640	17.247
-263.670	17.247
-263.910	17.157
-264.000	17.112
-264.180	17.112
-264.255	17.097
-264.285	17.097
-264.435	17.007
-264.465	17.007
-264.495	16.977
-264.585	16.977
-264.645	16.947
-264.780	16.932
-265.005	16.842
-265.035	16.842
-265.095	16.827
-265.170	16.827
-265.230	16.812
-265.290	16.812
-265.350	16.827
-265.425	16.797
-265.440	16.767
POLYLINE BLACK
-260.895	17.937
-261.015	17.952
-261.075	17.967
-261.135	17.952
-261.240	17.952
-261.270	17.937
-261.330	17.967
-261.390	17.952
-261.450	17.952
-261.510	17.922
-261.585	17.907
-261.615	17.922
-261.675	17.907
-261.795	17.907
-261.930	17.877
-262.170	17.712
-262.245	17.682
-262.365	17.607
POLYLINE BLACK
-261.480	18.057
-261.465	17.937
-261.555	17.907
-261.630	17.862
-261.690	17.862
-261.780	17.802
-261.855	17.802
-261.990	17.742
-262.020	17.742
-262.050	17.727
-262.110	17.742
-262.140	17.712
-262.170	17.712
-262.185	17.682
-262.245	17.652
POLYLINE BLACK
-261.210	17.277
-261.270	17.292
-261.390	17.217
-261.450	17.217
-261.510	17.187
-261.540	17.187
-261.600	17.157
-261.630	17.172
-261.750	17.142
-261.915	17.112
-261.945	17.112
-262.095	17.067
-262.200	17.022
-262.275	16.962
-262.335	16.962
-262.455	16.887
-262.515	16.842
-262.560	16.782
-262.665	16.752
-262.695	16.752
-262.785	16.692
-262.815	16.692
-262.875	16.677
-262.905	16.647
-262.980	16.632
-263.010	16.602
-263.040	16.617
-263.055	16.587
-263.115	16.587
-263.205	16.542
-263.250	16.542
-263.340	16.512
POLYLINE BLACK
-265.260	15.912
-265.200	15.942
-265.170	15.942
-265.080	16.002
-265.050	16.002
-265.020	16.032
-264.990	16.032
-264.930	16.062
-264.855	16.047
-264.825	16.062
-264.795	16.047
-264.735	16.092
-264.675	16.092
-264.645	16.107
-264.615	16.092
-264.525	16.152
-264.390	16.167
-264.330	16.197
-264.270	16.197
-264.210	16.242
-264.180	16.242
-264.135	16.302
-264.105	16.302
-264.075	16.332
-264.000	16.332
-263.970	16.347
-263.670	16.347
-263.610	16.362
-263.490	16.437
-263.460	16.437
-263.430	16.452
-263.385	16.452
-263.280	16.497
-263.250	16.497
-263.220	16.512
-263.175	16.512
-263.115	16.542
-263.025	16.542
-262.965	16.557
-262.890	16.557
-262.860	16.542
-262.680	16.542
-262.650	16.527
-262.620	16.557
-262.590	16.542
-262.470	16.572
-262.380	16.572
-262.290	16.617
-262.110	16.617
-262.080	16.602
-262.035	16.602
-261.975	16.617
-261.945	16.617
-261.915	16.632
-261.855	16.617
-261.825	16.617
-261.705	16.647
-261.675	16.677
-261.600	16.677
-261.570	16.662
-261.435	16.707
-261.375	16.707
-261.330	16.692
-261.270	16.707
-261.150	16.662
POLYLINE BLUE
-259.020	16.542
-259.215	16.542
-259.275	16.557
-259.545	16.812
-259.575	16.812
-259.635	16.827
-259.665	16.827
-259.800	16.782
-259.830	16.782
-259.905	16.887
-259.935	17.007
-259.995	17.097
-260.070	17.112
-260.100	17.127
-260.310	17.127
-260.415	17.157
-260.535	17.307
-260.625	17.337
-260.685	17.322
-260.715	17.322
-260.745	17.337
-260.745	17.367
-260.535	17.472
-260.595	17.427
-260.625	17.427
-260.685	17.412
-260.715	17.412
-260.730	17.382
-260.685	17.247
-260.625	17.202
-260.610	17.172
POLYLINE BLACK
-258.345	15.912
-258.375	15.912
-258.435	15.897
-258.540	15.897
-258.690	15.942
-258.825	16.047
-258.840	16.077
-258.960	16.152
-259.005	16.212
-259.170	16.317
-259.200	16.317
-259.380	16.407
-259.470	16.407
-259.560	16.482
-259.575	16.527
-259.680	16.647
-259.875	16.782
-259.995	16.857
-260.160	16.962
-260.190	16.962
-260.340	17.022
-260.700	17.247
-260.805	17.307
-260.835	17.307
-260.880	17.367
-260.910	17.382
-260.940	17.367
-261.000	17.382
-261.030	17.352
-261.060	17.367
-261.120	17.307
-261.150	17.307
-261.180	17.292
POLYLINE BLACK
-261.105	16.737
-260.955	16.677
-260.925	16.677
-260.835	16.632
-260.805	16.632
-260.550	16.497
-260.355	16.347
-260.250	16.302
-260.010	16.302
-259.890	16.257
-259.650	16.047
-259.515	15.942
-259.440	15.912
-259.320	15.837
-259.185	15.807
-259.125	15.777
-259.095	15.777
-259.005	15.732
-258.975	15.732
-258.945	15.702
-258.900	15.687
-258.780	15.582
-258.765	15.552
-258.705	15.522
-258.675	15.522
POLYLINE BLACK
-258.015	16.872
-258.045	16.872
-258.150	16.902
-258.225	16.917
-258.285	16.947
-258.315	16.947
-258.420	17.007
-258.600	17.142
-258.735	17.202
-258.765	17.202
-258.825	17.217
-258.855	17.217
-258.885	17.232
-258.915	17.217
-258.945	17.232
-259.020	17.232
-259.065	17.262
-259.095	17.262
-259.185	17.322
-259.215	17.322
-259.275	17.367
-259.320	17.367
-259.380	17.397
-259.440	17.397
-259.470	17.427
-259.500	17.412
-259.725	17.472
-259.755	17.502
-259.890	17.517
-260.010	17.577
-260.040	17.577
-260.190	17.652
-260.220	17.682
-260.265	17.697
-260.385	17.787
-260.445	17.787
-260.505	17.802
-260.535	17.802
-260.715	17.862
-260.745	17.862
-260.880	17.922
-260.910	17.922
-260.970	17.937
-261.000	17.937
-261.030	17.922
-261.105	17.922
-261.225	17.862
-261.255	17.832
POLYLINE BLACK
-258.195	16.437
-258.225	16.467
-258.420	16.467
-258.435	16.497
-258.555	16.602
-258.600	16.662
-258.720	16.737
-258.795	16.752
-258.975	16.827
-259.200	16.857
-259.350	16.917
-259.380	16.947
-259.455	16.962
-259.560	17.082
-259.710	17.202
-259.725	17.232
-259.815	17.307
-259.920	17.352
-259.965	17.412
-259.995	17.412
-260.100	17.472
-260.220	17.547
-260.235	17.577
-260.280	17.592
-260.310	17.622
-260.340	17.622
-260.430	17.667
-260.580	17.667
-260.625	17.727
-260.715	17.772
-260.790	17.787
-260.925	17.847
POLYLINE BLUE
-259.275	15.897
-259.305	15.927
POLYLINE BLUE
-256.845	16.197
-256.905	16.182
-256.935	16.152
-257.010	16.122
-257.055	16.062
-257.145	16.002
-257.175	16.002
-257.280	15.972
-257.340	16.002
-257.460	16.002
-257.535	15.972
-257.595	15.927
-257.670	15.897
-257.730	15.897
-257.895	15.972
-257.955	16.017
-258.030	16.017
-258.060	16.032
-258.120	15.987
-258.180	16.017
-258.210	16.017
-258.270	16.062
-258.300	16.062
-258.360	16.077
-258.210	15.897
-258.345	16.062
-258.300	16.092
-258.105	16.137
-258.060	16.167
-258.000	16.167
POLYLINE BLACK
-258.060	15.357
-258.105	15.342
-258.135	15.357
-258.165	15.342
-258.330	15.387
-258.420	15.432
-258.450	15.432
-258.480	15.447
-258.510	15.432
-258.645	15.492
-258.705	15.492
POLYLINE BLACK
-258.135	15.357
-258.105	15.372
-257.895	15.372
-257.865	15.357
-257.835	15.372
-257.790	15.372
-257.700	15.342
-257.655	15.342
-257.625	15.357
-257.565	15.342
-257.400	15.342
-257.370	15.357
-257.340	15.402
-257.265	15.462
-257.235	15.447
-257.175	15.462
-257.085	15.462
-256.875	15.402
-256.845	15.402
-256.815	15.372
-256.740	15.387
-256.710	15.387
-256.560	15.447
-256.470	15.477
-256.410	15.537
-256.380	15.537
-256.260	15.567
-256.095	15.567
-256.065	15.582
-255.975	15.552
-255.945	15.567
-255.885	15.537
-255.825	15.537
-255.765	15.507
-255.690	15.507
-255.600	15.567
-255.570	15.567
-255.510	15.597
-255.480	15.597
-255.450	15.612
-255.420	15.597
-255.360	15.642
-255.210	15.702
-255.180	15.702
-255.075	15.777
-254.985	15.882
-254.895	15.957
-254.850	16.017
-254.730	16.122
-254.715	16.152
-254.685	16.152
-254.565	16.227
-254.550	16.257
-254.505	16.257
-254.430	16.347
-254.370	16.437
POLYLINE BLACK
-257.730	16.362
-257.790	16.377
-257.895	16.392
-257.955	16.407
-257.985	16.407
-258.045	16.452
-258.120	16.452
-258.180	16.482
POLYLINE BLACK
-256.335	17.292
-256.305	17.277
-256.275	17.217
-256.290	17.157
-256.290	17.127
-256.395	17.007
-256.455	17.007
-256.515	17.022
-256.575	16.992
-256.605	17.007
-256.665	16.977
-256.725	17.007
-256.755	17.007
-256.815	16.977
-256.845	16.992
-256.875	16.977
-256.905	16.992
-256.935	16.977
-256.950	16.947
-257.175	16.827
-257.475	16.827
-257.535	16.842
-257.640	16.812
-257.760	16.842
-257.895	16.857
-257.925	16.857
-257.955	16.887
-257.985	16.887
-258.015	16.872
-258.075	16.887
POLYLINE BLACK
-255.870	17.682
-255.840	17.652
-255.825	17.547
-255.810	17.517
-255.810	17.307
-255.885	17.097
-255.885	16.857
-255.900	16.797
-255.900	16.767
-255.930	16.707
-256.020	16.647
-256.050	16.617
-256.065	16.572
-256.095	16.572
POLYLINE BLACK
-257.865	16.362
-257.775	16.302
-257.745	16.302
-257.580	16.242
-257.550	16.242
-257.490	16.227
-257.460	16.227
-257.340	16.167
-257.265	16.167
-257.145	16.227
-257.115	16.257
-257.100	16.302
-257.040	16.347
-257.010	16.347
-256.845	16.392
-256.815	16.422
-256.785	16.392
-256.695	16.392
-256.530	16.332
-256.470	16.317
-256.365	16.362
-256.335	16.392
-256.305	16.392
-256.245	16.422
-256.155	16.542
-256.095	16.692
-256.095	16.722
-256.140	16.872
-256.140	16.902
-256.155	16.932
-256.155	16.977
-256.125	17.037
POLYLINE BLACK
-255.300	18.522
-255.300	18.492
-255.255	18.372
-255.180	18.267
-255.180	18.237
-255.165	18.177
-255.165	18.042
-255.150	17.982
-255.150	17.952
-255.135	17.892
-255.135	17.862
-255.120	17.832
-255.135	17.802
-255.135	17.727
-255.090	17.547
-255.090	17.472
-255.150	17.352
-255.150	17.202
-255.180	17.127
-255.210	17.112
-255.240	17.067
-255.270	17.052
-255.270	17.022
-255.345	16.902
-255.405	16.872
-255.525	16.872
-255.525	16.872
-255.555	16.587
-255.555	16.527
-255.645	16.332
-255.705	16.287
-255.750	16.227
-255.795	16.212
-255.870	16.107
-256.035	15.987
-256.050	15.957
-256.080	15.957
-256.200	15.912
-256.245	15.912
-256.275	15.897
-256.305	15.912
-256.365	15.882
-256.395	15.882
-256.395	15.852
-256.410	15.882
-256.410	15.882
-256.410	15.852
-256.470	15.852
-256.530	15.807
-256.560	15.822
-256.590	15.792
-256.620	15.792
-256.680	15.807
-256.815	15.807
-256.875	15.822
-256.905	15.822
-256.965	15.837
-257.025	15.807
-257.055	15.807
-257.235	15.762
-257.295	15.762
-257.415	15.702
-257.475	15.702
-257.535	15.687
-257.685	15.747
-257.715	15.747
-257.775	15.762
-257.805	15.762
-257.925	15.807
-258.090	15.807
-258.150	15.822
-258.210	15.822
-258.225	15.852
-258.255	15.852
-258.315	15.882
-258.345	15.882
POLYLINE BLUE
-256.215	18.582
-256.155	18.492
-256.020	18.402
-255.990	18.432
-255.855	18.477
-255.750	18.567
-255.690	18.597
-255.585	18.477
-255.570	18.402
-255.525	18.342
-255.465	18.312
-255.435	18.312
-255.375	18.297
-255.330	18.297
-255.300	18.282
-255.270	18.222
-255.255	18.117
-255.300	17.922
-255.300	17.622
-255.360	17.607
-255.405	17.607
-255.510	17.652
-255.540	17.652
-255.435	17.577
-255.405	17.532
-255.375	17.517
-255.360	17.487
-255.255	17.547
-255.210	17.622
-255.180	17.637
-255.090	17.742
POLYLINE BLACK
-255.990	19.422
-255.960	19.482
-255.930	19.617
-255.945	19.692
-255.975	19.782
-256.065	19.902
-256.185	19.992
-256.215	20.007
-256.395	20.292
-256.425	20.427
-256.455	20.487
-256.500	20.712
-256.500	20.847
-256.410	21.027
-256.305	21.147
-256.305	21.177
-256.245	21.222
-256.140	21.462
-256.140	21.492
-256.110	21.552
POLYLINE BLACK
-255.885	19.482
-255.885	19.392
-255.900	19.362
-255.900	19.317
-255.945	19.227
-255.945	19.197
-255.960	19.167
-255.960	19.092
-255.990	19.062
-255.990	19.032
-256.020	18.972
-255.990	18.882
-255.840	18.837
-255.780	18.822
-255.750	18.837
-255.705	18.837
-255.675	18.852
-255.645	18.837
-255.585	18.852
-255.570	18.882
-255.540	18.867
-255.495	18.867
-255.435	18.837
-255.405	18.837
-255.345	18.792
-255.330	18.747
POLYLINE BLACK
-256.590	18.777
-256.530	18.822
-256.455	18.987
-256.455	19.017
POLYLINE BLACK
-256.275	18.222
-256.215	18.222
-256.155	18.237
-256.125	18.237
-256.095	18.252
-256.035	18.237
-255.900	18.237
-255.870	18.252
-255.660	18.117
-255.690	18.057
-255.690	18.027
-255.735	17.937
-255.735	17.877
-255.780	17.742
-255.780	17.712
-255.795	17.652
-255.885	17.577
-255.945	17.562
-255.975	17.532
-256.020	17.532
-256.200	17.412
-256.230	17.382
-256.260	17.277
-256.290	17.247
POLYLINE BLACK
-256.515	18.912
-256.500	18.852
-256.500	18.792
-256.515	18.717
-256.515	18.687
-256.530	18.627
-256.530	18.597
-256.590	18.477
-256.590	18.447
-256.605	18.417
-256.530	18.312
-256.410	18.237
-256.350	18.237
-256.320	18.252
-256.260	18.237
-256.200	18.252
POLYLINE BLACK
-255.315	18.822
-255.255	18.687
-255.105	18.507
-255.075	18.507
-254.940	18.432
-254.820	18.357
-254.760	18.222
-254.760	18.177
-254.715	18.027
-254.715	17.937
-254.745	17.877
-254.745	17.877
-254.745	17.622
-254.685	17.487
-254.685	17.382
-254.610	17.217
-254.610	17.172
-254.550	17.142
-254.505	17.142
-254.445	17.097
-254.430	17.052
-254.385	16.992
-254.385	16.962
-254.340	16.782
-254.340	16.692
-254.325	16.617
-254.325	16.497
-254.370	16.362
POLYLINE BLACK
-256.920	20.367
-256.830	20.247
-256.755	20.187
-256.620	20.007
-256.380	19.797
-256.380	19.872
-256.395	19.902
-256.395	19.977
-256.470	20.382
-256.485	20.442
-256.485	20.487
-256.500	20.547
-256.605	20.502
-256.635	20.502
-256.725	20.442
-256.755	20.442
-256.875	20.367
POLYLINE BLUE
-256.785	20.772
-256.785	20.712
-256.800	20.652
-256.800	20.592
-256.740	20.517
-256.650	20.472
-256.590	20.472
-256.545	20.457
-256.530	20.427
-256.545	20.397
-256.545	20.322
-256.590	20.112
-256.590	20.067
-256.605	20.037
-256.470	19.977
-256.365	19.977
-256.305	19.947
-256.275	19.902
-256.275	19.872
-256.305	19.797
-256.380	19.692
-256.260	19.617
-256.200	19.572
-256.170	19.512
-256.170	19.482
-256.185	19.422
-256.335	19.422
-256.530	19.542
-256.560	19.572
-256.350	19.512
-256.155	19.422
-256.125	19.452
-256.095	19.602
-256.095	19.677
-256.080	19.752
-256.080	19.782
-256.065	19.752
-256.065	19.677
-256.095	19.572
POLYLINE BLACK
-255.375	19.332
-255.360	19.257
-255.300	19.122
-255.270	19.092
-255.270	19.002
-255.240	18.897
-255.225	18.837
-255.225	18.777
-255.240	18.747
POLYLINE BLACK
-255.585	19.932
-255.510	19.797
-255.480	19.767
-255.480	19.737
-255.420	19.647
-255.375	19.482
-255.315	19.332
-255.315	19.197
-255.300	19.167
POLYLINE BLACK
-256.110	21.477
-256.065	21.252
-256.065	21.162
-256.020	21.042
-255.990	21.012
-255.990	20.982
-255.900	20.907
-255.825	20.892
-255.615	20.787
-255.600	20.742
-255.510	20.622
-255.495	20.487
-255.495	19.752
-255.480	19.722
POLYLINE BLACK
-257.775	21.192
-257.715	21.147
-257.550	20.892
-257.490	20.802
-257.340	20.697
-257.100	20.487
-256.980	20.307
-256.950	20.247
-256.950	20.217
-256.920	20.157
-256.905	20.082
-256.845	19.962
-256.695	19.827
-256.605	19.647
-256.605	19.572
-256.590	19.512
-256.590	19.482
-256.605	19.452
-256.545	19.317
-256.545	19.287
-256.500	19.167
-256.500	19.122
-256.365	18.897
-256.365	18.837
-256.380	18.777
-256.380	18.777
POLYLINE BLUE
-256.980	22.472
-257.080	22.172
-257.080	22.112
-257.120	22.032
POLYLINE BLUE
-256.120	22.092
-256.260	21.912
-256.440	21.612
-256.800	21.172
POLYLINE BLUE
-256.400	22.132
-256.540	21.952
-256.800	21.472
-256.900	21.312
-256.960	21.192
POLYLINE BLUE
-256.540	22.332
-256.720	22.092
-256.920	21.712
-257.000	21.612
-257.040	21.492
-257.080	21.452
-257.120	21.352
-257.200	21.232
POLYLINE BLUE
-256.820	22.352
-257.240	21.652
-257.380	21.472
POLYLINE BLUE
-257.180	22.472
-257.340	22.152
-257.420	21.952
-257.480	21.872
-257.560	21.652
POLYLINE BLUE
-256.980	21.372
-257.140	21.312
-257.220	21.292
-257.400	21.332
-257.540	21.492
-257.640	21.712
-257.640	21.892
-257.560	22.152
-257.400	22.372
-257.200	22.512
-257.120	22.532
-256.900	22.532
-256.820	22.512
-256.780	22.512
-256.620	22.452
-256.560	22.452
-256.160	22.192
-256.060	21.992
-256.060	21.932
-256.040	21.852
-256.060	21.772
-256.080	21.692
-256.140	21.552
-256.340	21.352
-256.500	21.312
-256.540	21.272
-256.720	21.192
-256.900	21.172
-257.220	21.232
POLYLINE BLUE
-257.940	23.612
-257.900	23.592
-257.700	23.832
-257.620	23.892
POLYLINE BLUE
-256.960	24.232
-256.720	24.452
-256.480	24.612
-256.160	24.892
POLYLINE BLUE
-257.260	23.292
-257.080	23.432
-256.860	23.672
-256.500	23.952
-256.460	23.992
POLYLINE BLUE
-257.620	23.232
-256.780	23.972
-256.500	24.272
-256.400	24.332
-256.240	24.532
-256.140	24.612
POLYLINE BLUE
-257.860	23.292
-257.620	23.532
-257.480	23.732
-257.400	23.792
POLYLINE BLUE
-256.880	24.492
-256.780	24.652
-256.360	25.052
POLYLINE BLUE
-257.140	24.752
-256.380	25.512
POLYLINE BLUE
-258.060	23.772
-257.800	24.032
-257.660	24.232
-257.480	24.392
POLYLINE BLUE
-257.900	24.412
-257.740	24.612
-257.680	24.652
-256.960	25.572
-256.760	25.772
POLYLINE BLUE
-257.800	25.012
-257.200	25.752
POLYLINE BLACK
-257.560	23.832
-257.520	23.872
-257.460	24.212
-257.460	24.312
-257.380	24.612
-257.340	24.592
-257.200	24.652
-257.100	24.652
-257.020	24.612
-256.940	24.632
-256.900	24.512
-256.980	24.112
-256.980	23.932
-257.000	23.852
-257.060	23.852
-257.100	23.872
-257.220	23.872
-257.300	23.852
-257.520	23.872
-257.600	23.872
-257.680	23.892
POLYLINE BLUE
-256.520	23.632
-256.740	23.432
-256.760	23.372
-256.900	23.292
-256.940	23.292
-257.100	23.212
-257.300	23.172
-257.340	23.192
-257.380	23.172
-257.520	23.172
-257.700	23.192
-257.740	23.212
-257.760	23.272
POLYLINE BLUE
-257.720	25.452
-257.620	25.572
-257.500	25.752
-257.400	25.812
-257.340	25.892
-257.300	25.892
-257.260	25.932
-257.220	25.912
-257.160	25.952
-257.040	25.952
-257.000	25.972
-256.760	25.892
-256.700	25.852
-256.660	25.872
-256.580	25.832
POLYLINE BLUE
-258.040	28.252
-258.040	28.032
POLYLINE BLUE
-257.260	28.712
-257.420	28.252
-257.460	28.092
-257.500	28.032
-257.560	27.792
POLYLINE BLUE
-257.480	28.572
-257.600	28.052
-257.700	27.752
POLYLINE BLUE
-257.680	28.472
-257.680	28.432
-257.720	28.372
-257.820	28.072
-257.920	27.832
POLYLINE BLUE
-258.120	28.372
-258.200	28.012
POLYLINE BLUE
-258.440	28.132
-258.360	28.132
-258.040	27.812
-257.860	27.712
-257.700	27.612
-257.400	27.712
-257.220	27.892
-257.200	27.932
-257.200	28.032
-257.180	28.072
-257.180	28.172
-257.160	28.252
POLYLINE BLACK
-256.100	21.212
-256.120	21.392
-256.100	21.552
-256.100	21.652
-256.080	21.692
-256.080	21.992
-256.100	22.072
-256.120	22.172
-256.260	22.492
-256.300	22.532
-256.320	22.612
-256.480	22.992
-256.500	23.152
-256.500	23.292
-256.420	23.532
-256.420	23.672
-256.400	23.752
-256.380	23.872
-256.340	23.932
-256.300	24.172
-256.240	24.432
-256.240	24.552
-256.260	24.632
-256.320	24.932
-256.340	25.112
-256.340	25.192
-256.420	25.312
-256.440	25.472
-256.480	25.672
-256.520	25.852
-256.580	26.012
-256.640	26.092
-256.660	26.272
-256.680	26.352
-256.680	26.432
-256.760	26.672
-256.800	26.792
-256.800	27.032
-256.820	27.132
-256.820	27.472
-256.880	27.712
-256.880	27.892
-256.920	28.012
-256.920	28.072
-256.980	28.272
-256.980	28.372
-257.000	28.452
-256.960	28.632
-256.960	28.712
-256.920	28.912
POLYLINE BLACK
-256.060	21.372
-256.060	21.512
-256.080	21.592
POLYLINE BLACK
-258.460	28.272
-258.380	28.152
-258.320	28.072
-258.260	27.932
-258.200	27.912
-258.060	27.712
-257.960	27.372
-257.940	27.292
-257.840	27.032
-257.740	26.912
-257.720	26.812
-257.680	26.612
-257.680	26.512
-257.660	26.432
-257.660	25.792
-257.720	25.592
-257.720	25.352
-257.740	25.152
-257.800	24.872
-257.860	24.552
-257.880	24.472
-257.920	24.372
-258.000	24.252
-258.060	24.152
-258.060	24.072
-257.960	23.732
-257.920	23.672
-257.920	23.632
-257.860	23.532
-257.840	23.452
-257.800	23.332
-257.800	23.272
-257.680	23.012
-257.640	22.852
-257.620	22.772
-257.620	22.552
-257.600	22.452
-257.620	22.352
-257.640	22.272
-257.660	22.172
-257.740	21.832
-257.780	21.672
-257.820	21.392
-257.820	21.312
-257.800	21.232
-257.720	21.152
POLYLINE BLUE
-257.305	28.887
-257.305	28.842
-257.320	28.812
POLYLINE BLUE
-257.395	29.097
-257.410	29.022
-257.485	28.737
POLYLINE BLUE
-257.635	29.262
-257.680	29.172
-257.830	28.662
-257.920	28.392
POLYLINE BLUE
-257.770	29.562
-257.920	29.217
-257.920	29.187
-258.010	28.917
-258.115	28.452
-258.130	28.407
POLYLINE BLUE
-258.055	29.787
-258.100	29.697
-258.205	29.187
-258.205	29.142
-258.265	28.842
-258.355	28.167
POLYLINE BLUE
-258.310	30.237
-258.340	30.042
-258.400	29.532
-258.475	29.157
-258.550	28.872
-258.565	28.677
POLYLINE BLUE
-258.475	30.522
-258.505	30.327
-258.550	30.087
-258.580	29.817
-258.625	29.562
-258.625	29.427
POLYLINE BLUE
-258.670	31.182
-258.790	30.687
-258.835	30.372
-258.970	29.817
-259.000	29.547
POLYLINE BLUE
-258.835	31.482
-258.835	31.437
-258.925	31.047
-258.985	30.732
-259.060	30.477
-259.165	30.042
-259.180	29.892
POLYLINE BLUE
-259.075	31.722
-259.195	31.317
-259.315	30.732
-259.480	30.117
-259.510	29.937
POLYLINE BLUE
-259.255	31.737
-259.345	31.512
-259.525	30.657
-259.600	30.372
-259.630	30.192
-259.660	30.072
POLYLINE BLUE
-259.570	31.737
-259.675	31.347
-259.675	31.302
-259.825	30.717
-259.825	30.672
-259.900	30.357
POLYLINE BLUE
-259.765	31.602
-259.840	31.347
-259.885	31.077
-260.035	30.552
POLYLINE BLUE
-260.020	31.662
-260.170	30.882
POLYLINE BLUE
-260.305	31.167
-260.290	31.137
-260.290	31.167
-260.320	31.227
-260.320	31.317
-260.335	31.347
-260.320	31.377
-260.320	31.452
-260.230	31.557
-260.200	31.572
-260.170	31.617
-260.140	31.632
-260.095	31.632
-260.035	31.677
-260.005	31.677
POLYLINE BLACK
-258.520	30.957
-258.520	30.897
-258.400	30.582
-258.250	30.312
-258.220	30.282
-258.205	30.237
-258.160	30.177
-258.115	30.072
-258.115	30.042
-257.905	29.712
-257.875	29.682
-257.845	29.697
-257.815	29.667
-257.770	29.652
-257.650	29.547
-257.635	29.517
-257.545	29.457
-257.455	29.382
-257.395	29.247
-257.395	29.217
-257.260	29.037
POLYLINE BLACK
-260.515	32.832
-260.440	32.742
-260.410	32.727
-260.380	32.652
-260.260	32.502
-260.230	32.457
-260.230	32.427
-260.155	32.262
-260.155	32.232
-260.095	32.112
-260.065	32.082
-260.005	31.857
-259.975	31.797
-259.915	31.782
-259.690	31.782
-259.570	31.752
-259.540	31.752
-259.480	31.722
-259.420	31.722
-259.390	31.737
-259.360	31.722
-259.300	31.752
-259.270	31.752
-259.210	31.737
-259.180	31.737
-259.150	31.752
-258.955	31.692
-258.835	31.617
-258.745	31.572
-258.610	31.377
-258.610	31.347
-258.535	31.197
-258.535	31.122
-258.520	31.062
-258.520	31.032
-258.505	31.002
-258.505	30.897
-258.490	30.837
-258.490	30.837
-258.505	30.867
-258.505	30.867
-258.505	30.837
-258.475	30.822
-258.415	30.747
-258.490	30.717
-258.520	30.687
POLYLINE BLACK
-257.005	28.902
-257.020	28.932
-257.020	29.007
-257.110	29.232
-257.140	29.292
-257.140	29.322
-257.155	29.352
-257.155	29.487
-257.170	29.547
-257.170	29.577
-257.185	29.637
-257.185	29.667
-257.290	29.922
-257.350	30.027
-257.350	30.057
-257.470	30.237
-257.500	30.252
-257.560	30.372
-257.560	30.372
-257.560	30.342
-257.635	30.402
-257.680	30.462
-257.710	30.462
-257.770	30.507
-257.815	30.567
-257.845	30.582
-257.920	30.687
-258.070	30.822
-258.100	30.867
-258.175	30.927
-258.235	31.017
-258.280	31.047
-258.355	31.137
-258.370	31.182
-258.460	31.287
-258.640	31.557
-258.715	31.707
-258.730	31.752
-259.015	32.007
-259.225	32.277
-259.450	32.622
-259.540	32.742
-259.660	32.967
-259.705	33.027
-259.720	33.072
-259.795	33.192
-259.810	33.237
-259.930	33.402
-259.930	33.432
-260.005	33.552
-260.005	33.582
-260.080	33.687
POLYLINE BLACK
-261.550	31.782
-261.505	31.722
-261.415	31.722
-261.325	31.662
-261.295	31.677
-261.235	31.662
-261.190	31.662
-261.130	31.647
-261.070	31.677
-261.040	31.677
-260.950	31.707
-260.920	31.692
-260.860	31.722
-260.830	31.722
-260.800	31.737
-260.740	31.722
-260.710	31.692
-260.710	31.722
-260.680	31.707
-260.620	31.752
-260.560	31.737
-260.545	31.707
-260.515	31.692
-260.440	31.572
-260.410	31.542
-260.335	31.377
-260.335	31.347
-260.320	31.287
-260.320	31.212
-260.245	31.002
-260.245	30.972
-260.230	30.942
-260.230	30.897
-260.200	30.837
-260.200	30.807
-259.975	30.507
-259.975	30.477
-259.900	30.372
-259.900	30.327
-259.795	30.177
-259.765	30.162
-259.720	30.162
-259.600	30.087
-259.405	29.952
-259.195	29.697
-259.165	29.652
-259.120	29.622
-259.060	29.547
-258.820	29.337
-258.760	29.292
-258.670	29.157
-258.670	29.127
-258.640	29.082
-258.610	28.902
-258.610	28.812
-258.595	28.752
-258.595	28.617
-258.580	28.587
-258.580	28.512
-258.535	28.377
-258.505	28.362
-258.385	28.152
POLYLINE BLUE
-260.710	33.237
-260.740	33.132
-260.800	32.457
-260.800	32.277
POLYLINE BLUE
-260.920	33.342
-260.950	33.192
-260.980	32.847
-260.995	32.802
-261.025	32.127
-261.025	32.007
POLYLINE BLUE
-261.070	33.357
-261.130	33.132
-261.250	32.277
-261.280	31.977
-261.280	31.872
POLYLINE BLUE
-261.295	33.402
-261.370	33.132
-261.430	32.787
-261.460	32.457
-261.490	32.337
-261.505	32.157
-261.535	32.052
-261.550	31.887
POLYLINE BLUE
-261.565	33.432
-261.565	33.372
-261.595	33.237
-261.610	33.072
-261.640	32.892
-261.730	32.277
-261.790	31.992
-261.820	31.797
POLYLINE BLUE
-261.955	33.192
-262.030	32.952
-262.090	32.427
-262.150	32.187
-262.210	31.902
POLYLINE BLUE
-261.775	31.887
-261.700	31.872
-261.610	31.827
-261.460	31.827
-261.355	31.857
-261.235	31.917
-261.100	32.037
-260.995	32.082
-260.875	32.217
-260.785	32.262
-260.695	32.397
-260.680	32.442
-260.575	32.592
POLYLINE BLUE
-261.565	33.297
-261.625	33.267
-261.730	33.267
-261.805	33.282
-261.925	33.252
-261.955	33.252
-261.985	33.237
-262.030	33.237
-262.180	33.042
-262.195	32.997
-262.225	32.967
-262.285	32.817
-262.285	32.787
-262.345	32.652
-262.390	32.382
-262.405	32.352
-262.405	32.277
POLYLINE BLACK
-262.495	32.937
-262.480	32.802
-262.480	32.667
-262.465	32.607
-262.465	32.562
-262.450	32.502
-262.450	32.472
-262.405	32.307
-262.360	32.217
-262.360	32.187
-262.165	31.977
-262.030	31.902
-262.000	31.902
-261.940	31.872
-261.910	31.872
-261.880	31.857
-261.835	31.857
-261.805	31.827
-261.745	31.827
-261.610	31.722
-261.460	31.632
POLYLINE BLACK
-261.130	33.387
-261.025	33.387
-260.965	33.402
-260.740	33.297
-260.575	33.117
-260.515	32.952
-260.515	32.877
-260.500	32.772
-260.500	32.592
-260.485	32.562
-260.485	32.517
-260.500	32.457
-260.500	32.427
POLYLINE BLACK
-260.875	34.227
-260.860	34.167
-260.740	34.002
-260.680	33.972
-260.650	33.972
-260.635	33.942
-260.575	33.912
-260.530	33.912
-260.440	33.867
-260.410	33.867
-260.185	33.717
-260.125	33.657
-260.065	33.552
-260.035	33.462
POLYLINE BLACK
-261.250	34.617
-261.220	34.587
-261.175	34.392
-261.175	34.347
-261.160	34.287
-261.190	34.227
-261.190	34.182
-261.250	34.092
-261.250	34.017
-261.310	33.852
-261.400	33.792
-261.430	33.792
-261.490	33.762
-261.505	33.732
-261.595	33.657
-261.670	33.552
-261.700	33.537
-261.745	33.477
-261.745	33.387
-261.715	33.312
-261.685	33.297
-261.670	33.267
-261.610	33.267
-261.580	33.237
-261.445	33.297
-261.415	33.297
-261.385	33.282
-261.355	33.312
-261.325	33.297
-261.295	33.327
-261.265	33.312
-261.205	33.342
-261.070	33.372
-260.920	33.417
-260.785	33.417
-260.755	33.432
-260.725	33.402
POLYLINE BLUE
-261.502	35.084
-261.542	34.784
-261.542	34.584
-261.502	34.124
-261.482	33.944
POLYLINE BLUE
-261.722	35.544
-261.722	35.504
-261.782	35.304
-261.822	35.084
-261.822	34.224
-261.762	33.884
-261.742	33.824
POLYLINE BLUE
-262.022	35.624
-262.042	35.524
-262.082	34.864
-262.082	34.604
-262.002	33.824
-261.942	33.604
POLYLINE BLUE
-262.242	35.724
-262.262	34.244
-262.222	33.844
-262.202	33.744
POLYLINE BLUE
-262.442	35.804
-262.542	35.304
-262.542	34.584
-262.462	33.904
POLYLINE BLUE
-262.662	35.524
-262.722	35.444
-262.762	35.244
-262.782	35.104
-262.702	34.544
-262.702	34.444
-262.662	34.184
POLYLINE BLUE
-261.482	34.824
-261.422	34.744
-261.422	34.684
-261.222	34.344
-261.222	34.224
-261.262	34.124
-261.362	34.004
-261.402	33.924
-261.562	33.804
-261.702	33.804
-261.782	33.784
-262.162	33.844
-262.202	33.864
-262.282	33.844
-262.422	33.824
-262.602	33.904
-262.702	33.924
-262.802	34.044
-262.962	34.444
-263.022	34.704
-263.102	34.944
-263.122	35.024
-263.102	35.104
-263.062	35.204
-262.982	35.324
-262.962	35.404
-262.862	35.584
-262.762	35.644
-262.682	35.664
-262.542	35.704
-262.362	35.744
-262.322	35.764
-262.222	35.744
-262.142	35.744
-262.102	35.764
-261.882	35.664
-261.842	35.624
-261.802	35.624
POLYLINE BLACK
-262.402	32.824
-262.442	32.844
-262.542	33.004
-262.602	33.164
-262.622	33.304
-262.742	33.764
-262.862	34.124
-262.882	34.344
-262.882	34.444
-262.962	34.764
-263.182	35.304
-263.262	35.484
-263.602	36.024
POLYLINE BLACK
-262.442	36.804
-262.262	36.464
-262.242	36.384
-262.182	36.324
-262.142	36.204
-262.142	35.984
-261.902	35.744
-261.662	35.424
-261.562	35.084
-261.562	35.024
-261.482	34.844
-261.282	34.644
-261.182	34.624
-261.042	34.484
-260.982	34.424
-260.902	34.284
-260.882	34.104
-260.842	34.064
POLYLINE BLUE
-261.702	40.864
-261.862	41.004
-261.942	41.024
-261.982	41.064
-262.062	41.044
-262.222	40.664
-262.342	40.564
-262.422	40.584
-262.502	40.644
-262.682	40.664
-262.782	40.564
-262.862	40.084
-263.042	40.104
-263.082	40.124
-263.142	40.064
-263.182	39.964
-263.282	39.864
-263.262	39.824
-263.202	39.804
-263.102	39.804
-263.022	39.824
-262.982	39.804
-263.322	39.784
-263.382	39.844
-263.342	40.024
-263.342	40.124
-263.302	40.224
POLYLINE BLUE
-264.962	37.744
-264.982	37.944
-265.022	38.184
POLYLINE BLUE
-264.702	37.624
-264.722	37.804
-264.782	38.144
-264.882	38.544
-265.022	38.944
POLYLINE BLUE
-264.482	37.664
-264.462	37.764
-264.522	38.084
-264.522	38.164
-264.602	38.404
-264.682	38.844
-264.762	38.984
POLYLINE BLUE
-264.122	37.784
-264.142	38.004
-264.362	38.724
-264.522	39.264
POLYLINE BLUE
-263.922	37.884
-263.922	37.984
-264.002	38.464
-264.202	39.104
POLYLINE BLUE
-263.622	37.984
-263.602	38.024
-263.662	38.324
-263.862	38.864
POLYLINE BLUE
-264.742	37.424
-264.702	37.444
-264.622	37.424
-264.542	37.444
-264.342	37.504
-264.302	37.484
-264.222	37.544
-264.122	37.564
-263.962	37.684
-263.882	37.704
-263.822	37.784
-263.742	37.804
-263.502	38.024
-263.422	38.084
-263.422	38.124
-263.382	38.184
-263.402	38.364
-263.422	38.444
-263.602	38.624
-263.742	38.864
-263.962	39.044
-264.042	39.204
-264.122	39.224
-264.242	39.304
-264.302	39.364
-264.342	39.364
-264.422	39.424
-264.502	39.404
POLYLINE GREEN
-261.742	37.324
-261.842	37.424
-261.922	37.484
-261.982	37.424
-262.002	37.344
-262.002	37.224
-261.962	36.984
POLYLINE GREEN
-262.202	37.924
-262.202	37.884
-262.242	37.904
-262.362	37.824
-262.362	37.684
-262.282	37.464
-262.242	37.424
-262.202	37.424
POLYLINE GREEN
-262.982	38.864
-262.962	38.824
-262.982	38.724
-262.982	38.564
-262.922	38.304
-262.902	38.224
-262.782	37.944
-262.762	37.864
-262.782	37.784
-262.782	37.524
-262.762	37.444
-262.722	37.284
-262.702	37.184
-262.662	37.144
-262.882	37.644
-262.902	37.724
-262.942	37.844
-262.962	38.004
-262.982	38.144
-262.962	38.184
-263.042	38.404
-263.062	38.484
POLYLINE BLACK
-261.402	35.304
-261.302	35.284
-261.242	35.164
POLYLINE BLACK
-261.702	35.704
-261.522	35.504
POLYLINE BLACK
-261.982	36.244
-261.882	36.104
POLYLINE BLACK
-262.282	36.644
-262.162	36.544
POLYLINE BLACK
-262.542	37.004
-262.462	36.924
POLYLINE BLACK
-260.142	36.144
-260.062	36.044
POLYLINE BLACK
-260.462	36.624
-260.262	36.424
POLYLINE BLACK
-260.662	36.944
-260.542	36.784
POLYLINE BLACK
-260.922	37.424
-260.842	37.164
POLYLINE BLACK
-260.942	37.324
-260.902	37.284
POLYLINE BLACK
-263.442	35.764
-263.562	35.884
-263.622	35.924
-263.682	36.024
-263.762	36.104
-263.802	36.104
-263.882	36.184
-263.922	36.184
-264.102	36.484
-264.102	36.524
-264.222	36.724
-264.322	36.944
-264.322	36.984
-264.402	37.064
-264.442	37.164
-264.642	37.344
-264.702	37.404
-264.742	37.464
-264.782	37.464
-264.842	37.524
-264.982	37.624
-265.122	37.764
-265.122	37.824
POLYLINE BLACK
-262.562	37.124
-262.502	36.984
-262.262	36.604
-262.182	36.524
POLYLINE BLACK
-263.162	39.404
-263.182	39.124
-263.122	38.964
-263.082	38.964
-263.042	38.924
-262.962	38.904
-262.882	38.884
-262.802	38.884
-262.642	38.964
POLYLINE GREEN
-260.902	38.384
-260.842	38.484
-260.842	38.524
-260.762	38.584
-260.602	38.564
-260.562	38.504
POLYLINE GREEN
-262.062	38.424
-261.982	38.664
-261.942	38.744
-261.842	38.744
-261.722	38.664
-261.682	38.624
POLYLINE GREEN
-261.362	39.144
-261.182	39.364
-261.082	39.344
-261.002	39.304
-260.902	39.184
-260.862	39.084
POLYLINE GREEN
-260.502	39.024
-260.462	39.024
-260.382	39.104
-260.242	39.144
-260.162	39.124
-260.122	39.004
-260.122	38.864
POLYLINE GREEN
-260.522	39.664
-260.442	39.804
-260.282	39.944
-260.162	39.944
-260.042	39.844
-260.022	39.784
POLYLINE BLACK
-260.562	40.304
-260.562	40.204
-260.782	40.004
-260.942	39.924
-261.062	39.924
-261.302	39.844
-261.582	39.644
-261.662	39.624
-261.742	39.564
-261.802	39.564
-261.922	39.484
-262.002	39.464
-262.302	39.204
-262.442	39.004
-262.522	39.024
-262.662	38.884
-262.722	38.744
POLYLINE BLACK
-260.642	40.484
-260.562	40.344
POLYLINE BLACK
-260.582	40.444
POLYLINE BLACK
-263.162	39.384
-263.102	39.324
-262.782	39.624
-262.742	39.604
-262.622	39.684
-262.582	39.684
-262.542	39.724
-262.462	39.704
-262.182	39.944
-262.042	40.084
-261.982	40.144
-261.942	40.144
-261.722	40.324
-261.662	40.384
-261.542	40.364
-261.462	40.384
-261.382	40.364
-261.302	40.384
-261.262	40.424
-261.182	40.444
-261.122	40.504
-261.022	40.504
-260.942	40.524
-260.862	40.544
-260.822	40.564
-260.782	40.544
POLYLINE BLACK
-264.462	39.504
-264.422	39.524
-264.362	39.644
-264.222	39.784
-264.082	39.924
-263.922	39.964
-263.762	40.024
POLYLINE BLACK
-264.482	39.744
-264.482	39.484
-264.582	39.384
-264.682	39.364
-264.702	39.304
-264.862	39.184
-265.042	38.944
-265.122	38.764
-265.142	38.584
-265.202	38.504
-265.222	38.324
-265.242	38.244
-265.242	38.104
-265.162	37.884
-265.122	37.844
-265.122	37.804
POLYLINE BLACK
-264.402	39.964
POLYLINE BLACK
-264.422	40.084
POLYLINE BLACK
-263.202	39.284
-263.162	39.244
-262.922	39.484
POLYLINE BLACK
-261.382	41.384
-261.422	41.364
-261.582	41.404
-261.662	41.384
-261.762	41.364
-261.842	41.404
-261.922	41.384
-262.002	41.384
-262.122	41.324
-262.202	41.324
-262.422	41.184
-262.542	41.064
-262.682	41.004
-262.882	40.784
-262.982	40.664
-263.102	40.524
-263.262	40.364
-263.342	40.344
-263.462	40.264
-263.502	40.264
-263.582	40.204
-263.642	40.184
-263.662	40.144
-263.842	40.044
POLYLINE BLACK
-262.682	47.024
POLYLINE BLACK
-257.002	41.504
-257.102	41.564
-257.142	41.684
-257.002	41.784
-256.922	41.784
-256.842	41.824
-256.762	41.804
-256.762	41.744
-256.882	41.544
-257.022	41.464
-257.102	41.484
POLYLINE BLACK
-257.882	41.104
-257.962	41.064
-258.062	41.164
-258.082	41.244
-257.942	41.384
-257.862	41.364
-257.782	41.284
-257.782	41.204
-257.902	41.124
-257.942	41.124
POLYLINE BLACK
-259.242	42.524
-259.282	42.524
-259.402	42.684
-259.382	42.764
-259.282	42.864
-259.182	42.844
-259.102	42.724
-259.102	42.644
-259.142	42.544
-259.222	42.504
POLYLINE BLACK
-259.022	41.304
-259.102	41.324
-259.142	41.404
-259.102	41.504
-259.022	41.584
-258.942	41.584
-258.862	41.464
-258.862	41.344
-258.962	41.284
-259.042	41.304
POLYLINE BLACK
-259.482	40.344
-259.522	40.324
-259.602	40.444
-259.602	40.564
-259.502	40.684
-259.422	40.684
-259.362	40.624
-259.362	40.504
-259.462	40.384
-259.542	40.384
POLYLINE BLACK
-260.322	40.864
-260.382	40.924
-260.382	41.004
-260.302	41.144
-260.142	41.224
POLYLINE BLACK
-260.122	41.204
-260.082	41.204
-260.022	41.124
-259.982	40.944
-260.042	40.824
-260.142	40.804
-260.242	40.804
-260.322	40.844
POLYLINE BLACK
-259.082	39.764
-259.162	39.784
-259.182	39.924
-259.082	40.024
-258.962	40.044
-258.882	40.024
-258.822	39.944
-258.822	39.904
-259.062	39.764
-259.102	39.764
POLYLINE GREEN
-260.122	40.544
-260.102	40.444
-260.362	40.604
-260.522	40.564
-260.602	40.584
-260.742	40.644
-260.942	40.744
-261.002	40.964
-260.982	41.004
-261.022	41.084
-261.322	41.324
-261.442	41.404
POLYLINE BLUE
-258.922	40.144
-258.922	40.184
-258.802	40.404
-258.622	40.624
POLYLINE BLUE
-260.382	43.464
-259.862	43.944
-259.602	44.224
POLYLINE BLUE
-260.802	42.484
-260.142	43.304
-259.602	44.024
-259.502	44.124
POLYLINE BLUE
-260.602	42.064
-260.482	42.244
-259.202	43.864
-259.142	43.964
POLYLINE BLUE
-260.282	41.724
-260.242	41.744
-259.842	42.304
-259.542	42.724
-259.302	43.064
-258.982	43.404
-258.842	43.584
-258.742	43.724
POLYLINE BLUE
-260.102	41.304
-260.082	41.364
-259.882	41.524
-258.942	42.644
-258.542	43.184
-258.502	43.224
POLYLINE BLUE
-259.782	40.924
-259.742	40.944
-259.642	41.124
-259.222	41.644
-259.202	41.704
-258.702	42.324
-258.082	42.984
POLYLINE BLUE
-259.442	40.504
-258.902	41.184
-258.302	41.864
-257.702	42.464
POLYLINE BLUE
-258.662	40.484
-258.102	41.224
-257.822	41.544
-257.282	42.384
-257.122	42.584
POLYLINE BLUE
-258.502	40.104
-258.362	40.244
-258.102	40.404
POLYLINE BLUE
-258.182	39.944
-258.082	40.004
-257.822	40.264
POLYLINE BLUE
-258.562	39.984
-258.262	40.264
POLYLINE BLUE
-260.442	43.704
-260.122	43.984
-259.982	44.064
-259.862	44.164
-259.682	44.224
-259.402	44.224
-259.322	44.204
-259.162	44.184
-259.042	44.144
-258.922	44.044
POLYLINE BLUE
-258.562	40.044
-258.822	40.164
-259.142	40.424
-259.282	40.564
-259.482	40.764
-259.562	40.904
-259.722	41.064
-259.782	41.164
-259.882	41.284
-259.902	41.364
-260.242	41.704
-260.322	41.784
-260.442	41.944
-260.482	41.944
-260.502	42.044
-260.702	42.384
POLYLINE BLACK
-261.322	41.404
-261.242	41.344
-261.162	41.344
-261.102	41.324
-261.062	41.344
-260.982	41.324
-260.822	41.404
-260.802	41.444
-260.762	41.444
-260.622	41.664
-260.602	41.744
POLYLINE BLACK
-257.502	42.664
-257.662	42.704
-257.742	42.724
-257.782	42.764
-257.822	42.764
-257.862	42.804
-257.902	42.804
-258.202	43.104
-258.302	43.284
-258.422	43.404
-258.562	43.544
-258.622	43.604
-258.742	43.724
-258.782	43.824
-258.882	43.944
-259.082	44.184
-259.302	44.384
-259.542	44.484
-259.622	44.484
-259.662	44.464
-259.742	44.484
-259.862	44.424
-259.902	44.424
-260.142	44.164
-260.242	43.984
-260.342	43.724
-260.422	43.564
-260.442	43.484
-260.522	43.184
-260.582	42.884
-260.582	42.764
-260.582	42.764
-260.582	42.764
-260.602	42.664
-260.602	42.504
-260.562	42.344
-260.562	41.544
POLYLINE GREEN
-259.522	39.244
-259.502	39.324
-259.502	39.364
-259.442	39.424
-259.422	39.564
-259.462	39.724
-259.502	39.764
-259.522	39.844
-259.682	40.104
-259.762	40.184
-259.862	40.324
-259.942	40.404
-260.142	40.524
-260.322	40.504
-260.402	40.524
POLYLINE BLACK
-261.002	37.684
-260.922	37.804
-260.842	37.884
-260.762	37.904
-260.642	37.984
-260.602	38.024
-260.582	38.104
-260.522	38.204
-260.442	38.264
-260.382	38.364
-259.942	38.764
-259.862	38.884
-259.822	38.884
-259.582	39.104
-259.382	39.224
-259.342	39.224
-259.242	39.284
-259.042	39.344
-258.922	39.364
-258.882	39.344
-258.742	39.384
-258.642	39.384
-258.562	39.424
-258.522	39.384
-258.102	39.384
POLYLINE GREEN
-261.182	38.064
-261.022	37.844
-260.842	37.644
POLYLINE GREEN
-261.162	38.164
-261.242	37.984
-261.342	37.864
-261.382	37.764
-261.442	37.684
-261.442	37.644
POLYLINE GREEN
-261.222	38.844
-261.182	38.704
-261.182	38.644
-261.162	38.564
-261.162	38.484
-261.142	38.344
-261.162	38.204
-261.142	38.044
-261.142	38.004
POLYLINE BLUE
-258.062	40.424
-257.482	41.204
-257.122	41.744
-256.782	42.124
-256.482	42.384
-256.462	42.424
POLYLINE BLUE
-257.802	40.204
-257.402	40.644
-256.222	42.184
-256.182	42.224
POLYLINE BLUE
-257.722	39.884
-257.322	40.244
-257.062	40.524
-256.382	41.424
-256.062	41.764
POLYLINE BLUE
-256.862	40.984
-256.722	41.064
POLYLINE BLUE
-256.762	40.644
-256.582	40.744
-256.382	40.944
POLYLINE BLUE
-257.622	39.864
-257.542	39.884
-257.162	40.064
-257.122	40.044
POLYLINE BLUE
-257.362	39.904
-257.402	39.864
-257.522	39.864
-257.702	39.804
-257.782	39.784
-257.822	39.824
-257.902	39.804
-257.982	39.824
-258.222	39.884
-258.442	39.964
POLYLINE BLUE
-256.282	42.344
-256.182	42.224
-256.102	42.004
-256.102	41.824
-256.122	41.744
-256.142	41.564
-256.142	41.484
-256.262	41.064
-256.402	40.924
-256.582	40.864
POLYLINE BLACK
-254.242	40.984
-254.542	41.084
-254.662	41.124
-254.702	41.164
-254.782	41.184
-254.862	41.204
-254.942	41.204
-255.062	41.244
-255.122	41.244
-255.162	41.284
-255.242	41.284
-255.322	41.324
-255.202	41.204
-255.162	41.204
-254.922	41.004
-254.462	40.684
-254.422	40.684
-254.282	40.884
-254.282	40.924
POLYLINE BLACK
-254.082	40.404
-254.122	40.384
-254.202	40.464
-254.302	40.464
-254.682	40.624
-254.882	40.764
-254.962	40.784
-255.102	40.884
-255.182	40.904
-255.422	41.064
-255.542	41.064
-255.882	40.924
-256.062	40.904
-256.142	40.884
-256.182	40.904
-256.522	40.664
-256.702	40.524
-256.802	40.404
-256.962	40.144
-257.182	39.864
-257.422	39.644
-257.642	39.504
-257.842	39.344
-257.942	39.284
-257.982	39.284
-258.022	39.244
-258.142	39.264
-258.242	39.324
-258.322	39.344
-258.362	39.364
POLYLINE BLACK
-254.242	41.264
-254.322	41.284
-254.662	41.484
-254.942	41.684
-255.102	41.804
-255.142	41.804
-255.262	41.904
-255.342	41.964
-255.422	41.984
-255.522	42.044
-255.722	42.144
-255.782	42.204
-255.882	42.264
-255.922	42.304
-256.122	42.344
-256.202	42.364
-256.242	42.404
-256.362	42.404
-256.502	42.484
-256.582	42.484
-256.702	42.564
-256.822	42.564
-256.902	42.604
-257.002	42.604
-257.042	42.644
-257.162	42.644
-257.202	42.684
-257.282	42.664
-257.322	42.684
-257.362	42.664
-257.442	42.704
POLYLINE BLACK
-254.002	41.944
-254.082	41.824
-254.082	41.684
-254.062	41.604
-253.882	41.424
-253.842	41.344
-253.962	41.244
-254.082	41.244
-254.202	41.284
POLYLINE BLACK
-252.022	41.804
-252.122	41.704
-252.162	41.704
-252.182	41.664
-252.222	41.664
-252.262	41.624
-252.342	41.624
-252.382	41.644
-252.422	41.604
-252.582	41.584
-252.662	41.564
-252.742	41.544
-252.782	41.544
-252.862	41.484
-252.942	41.464
-252.982	41.424
-253.022	41.424
-253.022	41.384
-253.122	41.264
-253.282	41.064
-253.402	40.984
-253.442	40.904
-253.522	40.884
-253.542	40.844
-253.622	40.824
-253.702	40.804
-253.782	40.824
-253.822	40.804
-253.862	40.824
-253.922	40.804
-254.002	40.824
-254.042	40.824
POLYLINE BLUE
-253.742	41.624
-253.742	41.704
-253.542	42.204
-253.542	42.244
-253.442	42.464
-253.442	42.524
-253.382	42.604
POLYLINE BLUE
-252.782	41.764
-252.582	42.224
-252.462	42.364
POLYLINE BLUE
-253.282	41.684
-253.022	42.404
-252.982	42.544
-252.882	42.744
POLYLINE BLUE
-253.862	41.584
-253.802	41.684
-253.742	41.944
-253.622	42.244
POLYLINE BLUE
-253.502	41.624
-253.222	42.304
-253.062	42.604
POLYLINE BLUE
-253.002	41.764
-252.942	41.944
-252.882	42.044
-252.722	42.444
POLYLINE BLUE
-252.902	42.584
-252.822	42.544
-252.762	42.544
-252.602	42.464
-252.482	42.444
-252.422	42.364
-252.422	42.224
-252.402	42.144
-252.402	42.064
-252.442	41.944
-252.622	41.764
-252.822	41.644
-252.982	41.644
-253.022	41.664
-253.182	41.604
-253.262	41.584
-253.342	41.564
-253.422	41.504
-253.542	41.504
-253.622	41.484
-253.662	41.484
-253.702	41.524
-253.742	41.504
-253.942	41.664
-253.962	41.744
-254.042	41.864
POLYLINE BLUE
-251.582	42.424
-251.442	42.644
-251.382	42.844
POLYLINE BLUE
-251.342	42.244
-251.182	42.504
-251.022	42.984
-250.922	43.184
POLYLINE BLUE
-251.182	42.144
-251.062	42.284
-250.942	42.504
-250.822	42.804
-250.662	43.124
-250.602	43.204
POLYLINE BLUE
-250.802	42.184
-250.722	42.244
-250.502	42.604
-250.342	42.964
-250.282	43.064
POLYLINE BLUE
-250.522	42.164
-250.402	42.384
-250.282	42.724
-250.202	42.884
POLYLINE BLUE
-250.682	43.224
-250.642	43.204
-250.462	43.224
-250.222	43.224
-250.062	43.104
-250.002	42.904
-249.982	42.724
-249.962	42.684
-249.962	42.524
-250.082	42.324
-250.342	42.144
-250.502	42.124
-250.682	42.064
-251.302	42.184
-251.522	42.404
-251.542	42.504
-251.562	42.584
-251.562	42.704
-251.462	42.884
-251.322	43.044
-251.182	43.104
-251.022	43.244
POLYLINE BLACK
-249.662	41.504
-249.422	41.444
-249.362	41.464
-249.322	41.444
POLYLINE BLACK
-251.342	42.204
-251.342	42.164
-251.222	42.064
-251.002	42.004
POLYLINE BLACK
-251.322	42.044
-251.542	42.264
-251.662	42.344
-251.702	42.344
-251.782	42.404
-251.822	42.404
-251.902	42.284
-251.902	42.244
-251.942	42.204
-251.962	42.064
-251.902	41.944
-251.882	41.864
-251.962	41.544
-252.002	41.444
POLYLINE BLACK
-252.462	40.954
-252.492	40.834
-252.612	40.414
-253.032	39.994
-253.152	39.964
-253.482	40.084
-253.602	40.114
-253.782	40.204
-253.842	40.204
-254.142	40.474
POLYLINE BLACK
-249.432	41.494
-249.552	41.404
-249.612	41.434
-249.732	41.404
-249.852	41.434
-249.972	41.524
-250.092	41.554
-250.392	41.764
-250.452	41.764
-250.512	41.824
-250.812	41.884
-250.962	41.914
-251.142	41.974
-251.262	41.974
-251.322	42.004
-251.502	41.944
-251.622	41.944
-251.802	41.824
-251.862	41.704
-251.862	41.494
-251.892	41.554
-251.922	41.374
-252.162	41.074
-252.282	41.014
-252.312	40.954
-252.372	40.954
-252.642	40.654
-252.762	40.474
-252.822	40.474
POLYLINE BLACK
-248.922	41.404
-248.982	41.374
-249.102	41.404
-249.252	41.404
-249.582	41.164
POLYLINE BLACK
-249.492	43.204
-249.462	43.114
POLYLINE BLACK
-249.702	43.234
-249.732	43.024
POLYLINE BLACK
-250.152	43.264
-250.092	43.024
POLYLINE BLACK
-250.692	43.264
-250.662	43.054
-250.662	42.994
POLYLINE BLACK
-251.052	43.144
-250.992	42.964
POLYLINE BLACK
-251.442	42.994
-251.382	42.874
POLYLINE BLACK
-252.042	42.994
-251.952	42.844
-251.892	42.664
POLYLINE BLACK
-251.982	44.794
-251.772	45.004
-251.712	45.154
-251.622	45.274
-251.322	44.944
-250.992	44.494
-250.902	44.344
-250.482	43.714
-250.542	43.714
-250.602	43.774
-250.692	43.774
-251.022	43.954
-251.142	43.984
-251.472	44.224
-251.532	44.314
-251.682	44.404
-251.862	44.674
-251.982	44.764
-252.072	44.914
-252.132	44.974
POLYLINE BLACK
-254.112	45.964
-254.022	46.084
-253.902	46.354
-253.902	46.414
-253.782	46.564
-253.782	46.624
-253.482	46.324
-253.362	46.144
-253.122	45.904
-253.032	45.874
-252.762	45.544
-252.642	45.514
-252.522	45.424
-252.852	45.424
-252.972	45.454
-253.212	45.454
-253.482	45.574
-253.602	45.574
-253.902	45.664
-254.082	45.664
-254.142	45.694
-254.202	45.664
-254.262	45.694
-254.262	45.844
-254.202	46.054
-254.202	46.174
-254.172	46.294
-254.172	46.384
POLYLINE GREEN
-251.412	45.304
-251.292	45.244
-251.202	45.244
-251.052	45.394
-251.052	45.604
POLYLINE GREEN
-251.952	44.494
-251.892	44.434
-251.742	44.434
-251.652	44.524
-251.652	44.614
-251.622	44.764
-251.652	45.004
POLYLINE GREEN
-252.762	45.874
-252.702	45.634
-252.492	45.514
-252.312	45.604
-252.222	45.874
-252.222	45.964
-252.192	46.024
POLYLINE GREEN
-253.902	45.334
-253.842	45.274
-253.632	45.274
-253.512	45.364
-253.392	45.754
-253.392	45.964
POLYLINE GREEN
-253.782	46.744
-253.662	46.624
-253.452	46.594
-253.332	46.954
POLYLINE GREEN
-254.832	46.234
-254.802	46.114
-254.652	46.024
-254.532	46.024
-254.442	46.144
-254.382	46.474
-254.382	46.654
POLYLINE GREEN
-255.042	47.434
-254.922	47.254
-254.802	47.194
-254.682	47.314
-254.652	47.434
-254.622	47.554
-254.622	47.854
POLYLINE GREEN
-255.882	46.384
-255.732	46.234
-255.612	46.174
-255.432	46.324
-255.402	46.594
-255.462	46.774
POLYLINE BLACK
-249.312	43.324
-249.432	43.294
-249.492	43.234
-249.732	43.264
-250.062	43.264
-250.122	43.234
-250.302	43.294
-250.422	43.294
-250.542	43.324
-250.902	43.204
-251.052	43.174
-251.382	43.024
-251.502	42.994
-251.562	43.024
-251.802	42.964
-252.042	42.934
-252.162	42.904
-252.402	42.814
-252.522	42.724
-252.672	42.694
-252.852	42.574
POLYLINE BLACK
-252.852	44.254
-252.852	44.194
-252.642	43.894
-252.552	43.654
-252.342	43.444
-252.252	43.174
-252.342	43.054
-252.342	42.994
-252.402	42.934
-252.432	42.814
-252.732	42.664
-252.852	42.634
-253.032	42.514
-253.152	42.484
-253.602	42.334
-253.722	42.154
-253.932	41.974
-254.052	41.854
-254.112	41.854
POLYLINE BLACK
-250.302	46.054
-250.332	45.994
-250.542	46.174
-250.872	46.384
-250.932	46.354
-250.962	46.414
-251.022	46.414
-251.322	46.654
-251.742	46.954
-251.862	46.984
-252.042	47.104
-252.342	47.344
-252.492	47.404
-252.942	47.854
-253.152	48.064
-253.212	48.004
-253.332	48.094
-253.392	48.064
-253.422	48.124
-253.482	48.094
-253.662	48.154
-253.722	48.124
-253.842	48.154
-253.902	48.214
-254.082	48.214
-254.202	48.244
-254.382	48.184
-254.442	48.214
-254.502	48.154
-254.622	48.184
-254.772	48.094
-254.892	48.004
-254.952	48.004
-255.132	47.884
-255.192	47.884
-255.252	47.824
-255.372	47.794
-255.552	47.644
-255.672	47.614
-256.092	47.314
-256.242	47.164
-256.242	47.104
-256.332	46.984
-256.362	46.744
-256.332	46.624
-256.302	46.504
-256.212	46.264
-255.762	45.574
-255.282	45.064
-255.012	44.794
-254.682	44.734
-254.562	44.734
-254.322	44.674
-254.142	44.644
-254.082	44.674
-253.962	44.584
-253.902	44.584
-253.782	44.464
-253.782	44.464
-253.602	44.524
-253.332	44.464
-253.212	44.434
-253.152	44.374
-253.032	44.344
-252.912	44.254
-252.732	44.224
POLYLINE BLACK
-246.912	44.464
-247.152	43.984
-247.182	43.864
-247.332	43.534
-247.362	43.414
-247.422	43.234
-247.182	43.474
-246.972	43.744
-246.702	43.984
-246.612	44.134
-246.432	44.254
-246.402	44.314
-246.582	44.404
-246.642	44.404
-246.702	44.464
-246.822	44.494
-246.972	44.554
-247.062	44.434
-247.122	44.284
POLYLINE BLACK
-248.862	45.454
-248.862	45.334
-248.982	44.854
-249.012	44.794
-249.012	44.614
-249.072	44.194
-249.072	44.104
-249.102	43.984
-249.102	43.984
-248.892	44.314
-248.322	45.184
-248.562	45.214
-248.622	45.184
-248.862	45.274
-248.922	45.334
-248.982	45.334
POLYLINE BLACK
-246.802	45.874
-246.722	45.894
-246.622	45.894
POLYLINE BLACK
-247.302	45.614
-247.182	45.614
-247.062	45.574
POLYLINE BLACK
-247.622	46.394
-247.542	46.414
-247.402	46.394
POLYLINE BLACK
-248.442	45.934
-248.342	45.974
-248.222	45.934
POLYLINE BLACK
-249.102	46.654
-248.842	46.634
POLYLINE BLACK
-248.622	47.274
-248.582	47.254
-248.502	47.274
-248.322	47.254
POLYLINE BLACK
-249.622	47.494
-249.482	47.494
-249.442	47.474
-249.322	47.474
POLYLINE BLACK
-249.342	48.114
-249.302	48.094
-249.182	48.094
-249.022	48.054
POLYLINE BLACK
-249.862	49.094
-249.822	49.074
-249.682	49.114
-249.562	49.114
POLYLINE BLACK
-250.162	48.634
-250.082	48.614
-249.902	48.614
-249.802	48.634
POLYLINE BLACK
-250.682	50.334
-250.442	50.334
-250.342	50.294
POLYLINE BLACK
-251.022	49.874
-250.662	49.874
POLYLINE BLACK
-251.362	51.034
-251.322	51.074
-251.102	51.034
-251.062	51.034
POLYLINE BLACK
-251.622	50.694
-251.482	50.694
-251.402	50.714
-251.362	50.674
-251.302	50.674
POLYLINE BLACK
-251.782	51.894
-251.682	51.894
-251.502	51.834
POLYLINE BLACK
-252.142	51.394
-252.082	51.334
-252.002	51.354
-251.822	51.354
POLYLINE ORANGE
-252.102	53.734
-251.982	53.734
-251.902	53.714
-251.722	53.714
POLYLINE ORANGE
-251.802	54.194
-251.842	54.214
-251.942	54.194
-252.022	54.214
-252.142	54.134
-252.282	53.894
-252.282	53.554
-252.182	53.394
-252.102	53.374
-252.062	53.374
-251.902	53.534
-251.862	53.674
-251.802	53.454
-251.802	53.414
POLYLINE ORANGE
-252.682	54.254
-252.662	54.154
-252.642	53.934
-252.642	53.414
POLYLINE ORANGE
-253.342	54.174
-253.322	54.094
-253.322	54.034
-253.302	53.934
-253.302	53.414
-253.282	53.374
-253.342	53.474
-253.342	53.534
-253.362	53.634
-253.362	53.714
-253.382	53.794
-253.382	53.894
-253.402	53.974
-253.382	54.054
-253.362	54.134
-253.262	54.234
-253.162	54.234
-253.082	54.174
-253.042	54.174
-252.982	54.094
-252.942	53.874
-252.942	53.674
-252.962	53.594
-253.022	53.494
-253.142	53.434
-253.302	53.394
-253.342	53.414
POLYLINE BLACK
-250.082	50.054
-250.082	50.014
-250.142	50.174
-250.282	50.374
-250.442	50.634
-250.582	50.854
-250.722	51.254
-250.742	51.334
-250.862	51.574
-250.862	51.614
-251.422	52.154
-251.442	52.214
-251.542	52.274
-251.662	52.354
-251.682	52.394
-251.722	52.394
-251.842	52.514
-251.882	52.514
-251.962	52.594
-252.002	52.574
-252.082	52.634
POLYLINE BLACK
-250.942	49.334
-250.942	49.334
-251.082	49.614
-251.322	49.954
-251.502	50.134
-251.562	50.234
-251.702	50.414
-251.902	50.554
-251.942	50.594
-251.982	50.594
-252.182	50.834
-252.242	50.934
-252.242	50.974
-252.282	51.014
-252.302	51.094
-252.402	51.334
-252.402	51.394
-252.462	51.514
-252.462	51.594
-252.482	51.674
-252.482	51.854
-252.542	52.034
-252.702	52.354
-252.702	52.494
-252.622	52.554
-252.582	52.554
-252.502	52.634
-252.422	52.654
-252.382	52.694
-252.342	52.674
-252.322	52.714
-252.202	52.714
-252.042	52.614
POLYLINE BLACK
-250.142	50.054
-250.042	49.954
-249.862	49.714
-249.742	49.634
-249.502	49.354
-249.462	49.334
-249.402	49.234
-249.302	49.134
-249.202	48.974
-249.122	48.854
-248.982	48.714
-248.942	48.634
-248.842	48.534
-248.622	48.254
-248.402	48.014
-248.362	48.014
-248.002	47.654
-247.902	47.514
-247.782	47.354
-247.762	47.294
POLYLINE BLACK
-250.962	49.394
-250.602	49.014
-250.462	48.814
-250.442	48.734
-250.342	48.434
-250.222	48.174
-250.142	48.094
-249.942	47.754
-249.922	47.554
-249.822	47.174
-249.822	47.094
-249.742	46.834
POLYLINE BLACK
-248.792	44.124
POLYLINE BLACK
-249.722	46.914
-249.692	46.794
-249.692	46.494
-249.632	46.314
-249.632	46.164
-249.842	46.074
-249.902	46.014
-250.022	46.104
-250.142	46.134
-250.262	46.164
-250.382	46.194
POLYLINE BLACK
-247.892	47.454
-247.622	47.154
-247.532	47.034
-247.382	46.974
-247.262	46.884
-247.142	46.854
-246.992	46.674
-246.932	46.674
-246.602	46.224
-246.512	46.134
-246.242	45.564
-246.152	45.414
-245.612	44.604
-245.492	44.514
-245.462	44.394
-245.222	44.004
-245.072	43.704
-244.622	43.314
POLYLINE BROWN
-248.072	47.514
POLYLINE BLACK
-252.212	53.424
POLYLINE GREEN
-245.087	40.569
-245.087	40.599
-245.057	40.659
-244.997	40.689
-244.937	40.689
-244.877	40.644
-244.862	40.614
POLYLINE GREEN
-245.942	40.674
-245.942	40.704
-245.882	40.794
-245.822	40.839
-245.792	40.839
-245.672	40.764
POLYLINE GREEN
-246.737	40.734
-246.737	40.794
-246.707	40.869
-246.647	40.869
-246.482	40.824
-246.452	40.794
POLYLINE GREEN
-244.877	40.899
-244.937	40.929
-244.997	40.929
-245.087	40.974
-245.117	40.974
-245.177	40.989
-245.297	40.989
-245.357	40.974
-245.522	40.974
-245.582	40.959
-245.792	40.959
-245.912	41.034
-245.942	41.034
-245.972	41.019
-246.137	41.064
-246.302	41.064
-246.362	41.094
-246.422	41.094
-246.527	41.139
-246.557	41.124
-246.617	41.139
-246.707	41.139
-246.737	41.124
-246.767	41.139
-246.827	41.109
-246.857	41.109
-246.902	41.079
-246.947	41.019
-247.007	40.989
-247.022	40.959
-247.052	40.944
-247.112	40.854
-247.142	40.839
-247.142	40.809
-247.187	40.719
POLYLINE BLACK
-249.017	41.334
-248.987	41.349
-248.852	41.319
-248.822	41.319
-248.762	41.334
-248.732	41.334
-248.702	41.304
-248.582	41.304
-248.522	41.289
-248.462	41.244
-248.432	41.244
-248.402	41.214
-248.372	41.214
-248.177	41.124
-248.147	41.094
-248.072	41.094
-248.012	41.064
-247.922	41.049
-247.877	41.064
-247.652	40.974
-247.622	40.974
-247.472	40.929
-247.247	40.839
-247.217	40.839
-247.067	40.794
-246.962	40.794
-246.887	40.779
-246.857	40.779
-246.767	40.734
-246.737	40.749
-246.707	40.719
-246.602	40.689
-246.497	40.689
-246.422	40.674
-246.392	40.674
-246.332	40.659
-246.302	40.674
-245.972	40.584
POLYLINE BLACK
-244.667	42.294
-244.772	42.294
-244.877	42.339
-244.952	42.309
-244.982	42.324
POLYLINE BLACK
-244.862	42.354
-244.922	42.384
-244.997	42.399
-245.027	42.444
-245.177	42.549
-245.237	42.564
-245.327	42.624
-245.492	42.654
-245.582	42.699
-245.612	42.699
-245.732	42.759
-245.777	42.759
-245.912	42.819
-245.957	42.819
-246.227	42.894
-246.302	42.894
-246.362	42.924
-246.407	42.924
-246.512	42.954
-246.632	42.954
-246.707	42.969
-246.737	42.969
-246.827	42.999
-246.872	42.999
-246.902	43.014
-246.947	43.014
-247.007	42.999
-247.112	43.029
-247.202	43.029
-247.232	43.044
-247.307	43.044
-247.367	43.074
-247.397	43.074
-247.457	43.089
-247.697	43.119
-247.847	43.134
-247.922	43.134
-248.027	43.164
-248.132	43.164
-248.267	43.194
-248.327	43.194
-248.387	43.224
-248.462	43.224
-248.522	43.239
-248.552	43.239
-248.612	43.254
-248.642	43.254
-248.792	43.314
-248.897	43.314
-248.957	43.329
-249.017	43.329
-249.077	43.344
-249.137	43.329
-249.167	43.329
POLYLINE BLUE
-244.427	36.204
-244.457	36.174
-244.532	36.369
-244.532	36.399
-244.502	36.459
-244.487	36.534
-244.457	36.624
-244.547	36.849
-244.592	36.909
-244.652	36.954
-244.682	37.014
-244.667	37.149
-244.652	37.179
-244.667	37.209
-244.652	37.269
-244.652	37.374
-244.682	37.494
-244.742	37.569
-244.802	37.569
-244.907	37.614
-244.952	37.674
-244.952	37.854
-244.922	37.989
-244.907	38.094
-244.922	38.229
-244.922	38.349
-244.937	38.409
-244.937	38.469
-244.967	38.499
-244.982	38.544
-245.012	38.544
-245.042	38.559
-245.072	38.544
-245.102	38.499
-245.102	38.469
-245.207	38.244
-245.072	38.439
-245.042	38.529
-245.042	38.574
-245.027	38.634
-245.027	38.664
-244.952	38.634
-244.817	38.469
-244.727	38.289
-244.727	38.259
-244.712	38.229
POLYLINE BLUE
-244.112	35.484
-244.067	35.574
POLYLINE BLUE
-243.932	35.364
-243.872	35.559
POLYLINE BLUE
-244.292	35.619
-244.232	35.559
-243.797	35.274
-243.617	35.184
POLYLINE BLUE
-244.352	35.514
-244.157	35.334
-243.977	35.244
-243.842	35.154
-243.722	35.049
POLYLINE BLUE
-244.427	35.334
-244.157	35.124
-243.842	34.929
-243.797	34.914
-243.722	34.854
-243.677	34.839
POLYLINE BLUE
-244.532	35.304
-244.532	35.274
-244.487	35.199
-244.337	35.079
-244.097	34.944
-243.947	34.884
-243.797	34.779
POLYLINE BLUE
-244.517	35.004
-244.127	34.764
-244.097	34.764
-243.902	34.674
POLYLINE BLUE
-243.887	35.409
-243.917	35.334
-243.932	35.169
-243.977	34.719
POLYLINE BLUE
-243.962	35.499
-244.022	35.364
-244.037	35.109
-244.037	34.944
-244.052	34.719
-244.052	34.644
POLYLINE BLUE
-244.082	35.529
-244.067	35.589
-244.067	35.559
-244.112	35.454
-244.187	35.049
-244.202	34.824
POLYLINE BLUE
-244.247	35.649
-244.292	35.589
-244.322	35.379
-244.442	34.959
-244.457	34.839
-244.487	34.734
POLYLINE BLUE
-244.307	34.704
-244.337	34.689
-244.457	34.839
-244.517	34.974
-244.517	35.004
-244.532	35.064
-244.532	35.274
-244.502	35.364
-244.472	35.394
-244.457	35.439
-244.382	35.559
-244.367	35.589
-244.337	35.574
-244.247	35.634
-244.217	35.634
-244.187	35.664
-244.067	35.664
-244.007	35.634
-243.977	35.634
-243.917	35.619
-243.887	35.589
-243.857	35.589
-243.782	35.499
POLYLINE BLACK
-244.862	40.269
-244.862	40.104
-244.817	39.999
-244.817	39.969
-244.787	39.909
-244.787	39.864
-244.727	39.639
-244.727	39.549
-244.682	39.384
-244.637	39.324
-244.592	39.294
-244.457	39.114
-244.442	39.084
-244.457	38.994
-244.457	38.964
-244.487	38.874
-244.487	38.814
-244.517	38.754
-244.517	38.679
-244.532	38.619
-244.562	38.259
-244.562	38.199
-244.547	38.139
-244.517	38.004
-244.457	37.824
-244.457	37.779
-244.427	37.719
-244.412	37.644
-244.397	37.584
-244.397	37.554
-244.367	37.494
-244.367	37.464
-244.352	37.434
-244.307	37.419
-244.292	37.374
-244.232	37.284
-244.232	37.254
-244.217	37.224
-244.217	37.179
-244.172	37.059
-244.172	37.014
-244.157	36.984
-244.157	36.939
-244.142	36.909
-244.142	36.834
-244.127	36.774
-244.127	36.729
-244.112	36.654
-244.112	36.624
-244.067	36.519
-244.052	36.444
-244.022	36.354
-244.022	36.309
-244.007	36.249
-244.007	36.219
-243.947	36.084
-243.902	35.919
-243.797	35.739
-243.797	35.709
-243.782	35.649
-243.767	35.514
-243.722	35.394
-243.722	35.349
-243.647	35.139
-243.617	35.034
-243.617	34.794
-243.632	34.734
-243.632	34.734
-243.692	34.644
-243.782	34.644
-243.842	34.614
-243.872	34.614
-243.962	34.644
-244.007	34.644
-244.127	34.689
-244.187	34.674
-244.337	34.779
-244.427	34.899
-244.427	34.929
-244.457	34.989
-244.472	35.124
-244.532	35.289
-244.532	35.319
-244.607	35.439
-244.607	35.499
-244.652	35.649
-244.712	35.844
-244.712	35.934
-244.697	35.964
-244.697	36.129
-244.727	36.294
-244.727	36.579
-244.712	36.654
-244.772	36.744
-244.787	36.819
-244.787	36.849
-244.802	36.909
-244.802	36.939
-244.817	36.969
-244.817	37.044
-244.832	37.104
-244.862	37.134
-244.877	37.179
-244.997	37.284
-245.132	37.554
-245.132	37.584
-245.162	37.644
-245.162	37.689
-245.192	37.749
-245.192	37.779
-245.222	37.809
-245.297	37.974
-245.297	38.004
-245.327	38.079
-245.327	38.124
-245.342	38.154
-245.342	38.199
-245.372	38.259
-245.372	38.319
-245.447	38.589
-245.477	38.709
-245.477	38.739
-245.492	38.799
-245.507	38.949
-245.507	39.204
-245.522	39.264
-245.522	39.399
-245.552	39.534
-245.552	39.609
-245.567	39.669
-245.627	39.759
-245.627	39.789
-245.687	39.984
-245.687	40.029
-245.702	40.089
-245.702	40.149
-245.717	40.209
-245.717	40.464
-245.732	40.494
-245.762	40.494
-245.852	40.614
-245.882	40.629
-245.987	40.629
-246.047	40.599
-246.077	40.599
-246.107	40.584
POLYLINE BLACK
-244.277	40.269
-244.292	40.239
-244.427	40.299
-244.457	40.299
-244.547	40.344
-244.667	40.344
-244.697	40.359
-244.757	40.344
-244.802	40.284
-244.802	40.089
POLYLINE BLUE
-242.672	41.949
-242.732	41.964
-242.867	41.979
-242.897	41.994
-242.972	41.934
-242.987	41.904
-243.107	41.829
-243.182	41.829
-243.302	41.904
-243.332	41.934
-243.362	41.934
-243.362	41.964
-243.362	41.859
-243.392	41.769
-243.452	41.739
-243.482	41.739
-243.542	41.769
-243.602	41.769
-243.662	41.814
-243.722	41.814
-243.752	41.829
-243.857	41.634
-243.887	41.634
-243.917	41.619
-243.962	41.619
-244.022	41.634
-244.052	41.634
-244.082	41.619
-244.097	41.649
-243.992	41.769
-243.917	41.829
-243.887	41.874
-243.782	41.934
-243.812	41.949
-243.947	41.859
-244.007	41.769
-244.067	41.589
-244.067	41.514
-244.037	41.499
-243.962	41.499
-243.842	41.484
-243.752	41.439
-243.722	41.439
POLYLINE BLACK
-241.862	41.904
-241.937	41.904
-241.982	41.964
-241.982	42.039
-241.922	42.084
-241.892	42.084
-241.832	42.054
-241.802	41.979
-241.907	41.889
POLYLINE BLACK
-242.177	42.174
-242.207	42.159
-242.267	42.204
-242.297	42.309
-242.207	42.369
-242.132	42.384
-242.102	42.384
-242.072	42.354
-242.072	42.264
-242.132	42.189
-242.162	42.189
POLYLINE BLACK
-242.732	41.544
-242.792	41.544
-242.822	41.559
-242.852	41.604
-242.852	41.634
-242.777	41.769
-242.747	41.769
-242.687	41.739
-242.642	41.679
-242.642	41.649
-242.627	41.619
-242.657	41.559
-242.762	41.559
POLYLINE BLACK
-243.722	41.169
-243.752	41.154
-243.782	41.169
-243.797	41.274
-243.767	41.334
-243.707	41.364
-243.677	41.364
-243.617	41.349
-243.587	41.319
-243.587	41.289
-243.572	41.259
-243.602	41.184
-243.632	41.184
-243.662	41.169
-243.737	41.169
POLYLINE BLACK
-243.332	42.039
-243.362	42.039
-243.392	42.054
-243.407	42.084
-243.317	42.219
-243.227	42.219
-243.182	42.159
-243.182	42.069
-243.197	42.039
-243.257	42.024
-243.332	42.024
-243.362	42.039
POLYLINE BLACK
-244.322	41.664
-244.352	41.709
-244.352	41.739
-244.337	41.799
-244.217	41.874
-244.157	41.874
-244.097	41.829
-244.097	41.724
-244.142	41.664
-244.172	41.664
-244.202	41.649
-244.247	41.649
-244.307	41.664
POLYLINE BLACK
-241.952	42.819
-242.012	42.774
-242.237	42.684
-242.387	42.639
-242.582	42.594
-242.612	42.594
-242.672	42.564
-242.747	42.564
-242.807	42.549
-242.972	42.519
-243.107	42.519
-243.212	42.474
-243.272	42.489
-243.302	42.489
-243.467	42.414
-243.497	42.414
-243.527	42.384
-243.587	42.384
-243.647	42.354
-243.752	42.339
-243.857	42.294
-243.887	42.294
-243.947	42.279
-243.977	42.279
-244.037	42.264
-244.067	42.264
-244.097	42.249
-244.397	42.249
-244.517	42.264
-244.667	42.324
-244.697	42.324
POLYLINE GREEN
-242.447	41.109
-242.537	41.139
-242.612	41.124
-242.672	41.139
-242.702	41.139
-242.792	41.109
-242.807	41.079
-242.882	41.034
-242.897	41.004
-242.927	41.004
-242.987	40.974
-243.017	40.974
-243.047	40.944
-243.182	40.914
-243.197	40.884
-243.317	40.824
-243.347	40.824
-243.422	40.869
-243.452	40.854
-243.512	40.869
-243.572	40.839
-243.662	40.839
-243.722	40.869
-243.752	40.854
-243.872	40.914
-243.932	40.914
-244.007	40.944
-244.247	40.944
-244.412	40.884
-244.442	40.884
-244.502	40.899
-244.577	40.899
-244.697	40.884
-244.727	40.884
POLYLINE BLACK
-243.707	42.984
-243.872	43.029
-243.917	43.029
-244.067	43.119
-244.202	43.209
-244.217	43.239
-244.277	43.284
-244.337	43.284
-244.592	43.344
-244.622	43.344
-244.682	43.374
-244.742	43.374
-244.862	43.404
-244.892	43.404
POLYLINE GREEN
-239.222	41.199
POLYLINE GREEN
-238.922	41.859
-238.952	41.829
-238.967	41.784
-239.027	41.769
-239.072	41.709
-239.042	41.709
-238.967	41.679
-238.907	41.619
-238.877	41.619
POLYLINE GREEN
-238.997	42.519
-239.267	42.444
-239.267	42.414
-239.282	42.384
-239.252	42.324
-239.117	42.234
-239.012	42.189
-238.982	42.159
POLYLINE BLUE
-237.617	42.354
-237.932	42.099
-237.977	42.084
-238.112	41.934
-238.232	41.829
-238.277	41.769
-238.337	41.724
POLYLINE BLUE
-237.917	42.459
-237.962	42.444
-238.367	42.144
POLYLINE BLUE
-238.262	42.594
-238.457	42.414
POLYLINE BLUE
-238.067	42.519
-238.127	42.489
-238.487	42.204
POLYLINE BLUE
-237.647	42.384
-237.827	42.279
-238.172	42.039
-238.412	41.919
POLYLINE BLUE
-238.037	41.709
-238.022	41.679
-238.157	41.679
-238.217	41.709
-238.262	41.694
-238.292	41.724
-238.322	41.724
-238.487	41.904
-238.547	41.949
-238.622	42.039
-238.622	42.084
-238.652	42.144
-238.652	42.309
-238.637	42.369
-238.637	42.474
-238.607	42.534
-238.547	42.564
-238.517	42.564
-238.367	42.609
-238.142	42.579
POLYLINE GREEN
-239.717	41.664
-239.717	41.604
-239.702	41.574
-239.672	41.574
-239.447	41.469
POLYLINE GREEN
-239.462	41.844
-239.642	41.754
-239.672	41.724
-239.672	41.694
-239.612	41.664
POLYLINE GREEN
-239.612	42.174
-239.747	42.129
-239.777	42.129
-239.852	42.099
-239.852	42.069
-239.762	41.994
POLYLINE GREEN
-240.242	42.339
-240.317	42.354
-240.392	42.309
-240.512	42.279
-240.542	42.249
-240.542	42.189
-240.497	42.129
-240.467	42.114
POLYLINE GREEN
-240.317	41.454
-240.347	41.424
-240.452	41.394
-240.482	41.394
-240.512	41.364
-240.512	41.334
-240.377	41.259
POLYLINE GREEN
-240.902	41.574
-240.932	41.559
-240.992	41.559
-241.082	41.499
-241.097	41.469
-241.007	41.409
-240.872	41.379
POLYLINE GREEN
-241.637	41.169
-241.667	41.184
-241.802	41.184
-241.907	41.139
-241.937	41.034
-241.922	40.974
-241.862	40.944
POLYLINE GREEN
-242.942	40.569
-242.882	40.569
-242.777	40.629
-242.717	40.629
POLYLINE GREEN
-242.927	40.734
-242.897	40.749
-242.777	40.749
-242.687	40.734
POLYLINE GREEN
-242.747	41.049
-242.747	41.019
-242.627	40.959
POLYLINE GREEN
-242.567	41.229
-242.387	41.124
POLYLINE GREEN
-242.267	41.499
-242.072	41.364
POLYLINE GREEN
-242.042	41.694
-241.922	41.544
-241.892	41.529
POLYLINE GREEN
-241.682	41.829
-241.562	41.664
-241.562	41.634
POLYLINE GREEN
-241.442	41.979
-241.397	41.919
-241.352	41.889
-241.307	41.814
POLYLINE GREEN
-241.307	42.174
-241.112	42.069
POLYLINE GREEN
-241.157	42.339
-241.127	42.324
POLYLINE GREEN
-241.037	42.489
-240.947	42.414
POLYLINE GREEN
-240.842	42.684
-240.827	42.654
-240.737	42.594
POLYLINE BLACK
-241.262	40.689
-241.322	40.644
-241.382	40.629
-241.457	40.644
-241.592	40.614
-241.622	40.614
-241.682	40.599
-241.712	40.599
-241.742	40.629
-242.027	40.524
-242.177	40.464
-242.207	40.434
-242.237	40.449
-242.297	40.434
-242.357	40.464
-242.402	40.464
-242.462	40.479
-242.492	40.479
-242.522	40.494
-242.582	40.479
-242.612	40.479
-242.672	40.464
-242.702	40.464
-242.762	40.419
-242.867	40.389
-242.897	40.389
-242.957	40.374
-242.987	40.344
-243.017	40.359
-243.077	40.329
-243.107	40.329
-243.197	40.269
-243.227	40.284
-243.257	40.269
-243.287	40.299
-243.347	40.284
-243.437	40.284
-243.497	40.299
-243.557	40.284
-243.647	40.284
-243.707	40.299
-243.797	40.269
-243.827	40.284
-243.917	40.239
-243.977	40.254
-244.037	40.254
-244.157	40.224
-244.187	40.239
-244.247	40.224
-244.367	40.224
-244.427	40.239
POLYLINE GREEN
-240.107	42.879
-240.197	42.849
-240.257	42.879
-240.482	42.789
-240.512	42.744
-240.542	42.729
-240.647	42.609
-240.677	42.609
-240.692	42.564
-240.752	42.549
-240.902	42.429
-240.902	42.399
-240.962	42.309
-240.962	42.279
-241.022	42.174
-241.052	42.159
-241.112	42.039
-241.112	42.009
-241.172	41.919
-241.262	41.859
-241.292	41.859
-241.442	41.769
-241.442	41.739
-241.472	41.739
-241.577	41.709
-241.607	41.679
-241.637	41.694
-241.637	41.664
-241.697	41.604
-241.772	41.604
-241.832	41.574
-241.862	41.574
-241.922	41.544
-241.997	41.424
-242.042	41.394
-242.087	41.334
-242.147	41.334
-242.177	41.259
-242.222	41.199
-242.252	41.124
-242.342	41.064
-242.387	41.064
-242.447	41.019
-242.522	40.929
-242.552	40.929
-242.642	40.869
-242.687	40.809
-242.687	40.749
-242.672	40.689
-242.672	40.659
-242.657	40.629
-242.657	40.584
-242.597	40.539
POLYLINE BLACK
-241.667	42.834
-241.592	42.849
-241.472	42.834
-241.232	42.864
POLYLINE BLACK
-241.442	42.819
-241.562	42.759
-241.637	42.759
-241.667	42.774
-241.727	42.759
-241.832	42.789
-241.952	42.774
-242.147	42.804
-242.207	42.789
-242.237	42.804
-242.372	42.789
-242.522	42.789
-242.627	42.819
-242.732	42.819
-242.837	42.834
-242.867	42.834
-242.897	42.849
-243.257	42.849
-243.377	42.864
-243.512	42.864
-243.632	42.939
-243.692	42.984
-243.752	42.984
POLYLINE GREEN
-238.922	40.719
-238.982	40.779
-238.982	40.809
-238.997	40.839
-238.967	40.944
-238.907	40.974
POLYLINE GREEN
-239.447	40.779
-239.477	40.839
-239.477	40.914
-239.462	40.974
-239.402	41.019
-239.327	41.049
POLYLINE GREEN
-239.117	40.749
-239.147	40.809
-239.147	40.854
-239.087	40.989
-239.057	41.019
-239.057	41.049
-238.982	41.004
POLYLINE GREEN
-239.402	40.959
-239.357	40.899
-239.327	40.899
-239.282	40.959
-239.252	40.959
-239.222	40.974
POLYLINE GREEN
-239.597	41.289
POLYLINE GREEN
-239.867	40.929
-239.762	40.854
-239.537	40.749
-239.507	40.749
-239.372	40.689
-239.297	40.689
-239.222	40.674
-239.162	40.674
-239.102	40.659
-239.072	40.659
-239.012	40.629
-238.892	40.629
-238.832	40.614
-238.667	40.614
-238.607	40.599
POLYLINE GREEN
-237.632	41.379
-237.602	41.379
-237.572	41.364
-237.512	41.259
-237.482	41.004
-237.482	40.869
-237.542	40.779
-237.677	40.674
-237.722	40.659
-237.752	40.629
POLYLINE GREEN
-237.767	41.529
-237.737	41.529
POLYLINE GREEN
-238.247	40.854
-238.337	40.914
-238.382	41.049
-238.382	41.094
-238.367	41.124
-238.307	41.139
-238.172	41.109
-238.082	41.004
-238.067	40.974
-238.142	40.884
-238.247	40.824
-238.277	40.824
-238.337	40.914
-238.352	40.959
-238.307	41.019
-238.217	41.064
POLYLINE GREEN
-238.352	40.779
-238.487	40.899
-238.517	40.959
-238.517	41.094
-238.457	41.184
-238.397	41.229
-238.337	41.229
-238.307	41.244
-238.157	41.229
-238.007	41.109
-237.947	41.019
-237.932	40.974
-237.932	40.899
-238.007	40.779
-238.082	40.704
-238.157	40.689
-238.262	40.689
-238.307	40.674
-238.337	40.689
-238.412	40.809
-238.412	40.884
-238.352	41.079
-238.322	41.109
POLYLINE GREEN
-238.202	40.704
-238.307	40.674
-238.337	40.689
-238.382	40.689
-238.442	40.734
-238.532	40.884
-238.547	40.959
-238.472	41.259
-238.442	41.319
-238.352	41.379
-238.202	41.394
-238.112	41.379
-238.007	41.379
-237.737	41.304
-237.647	41.169
-237.632	41.064
-237.632	40.989
-237.692	40.869
-237.797	40.779
-237.962	40.704
-238.007	40.704
-238.157	40.659
-238.337	40.629
-238.457	40.689
POLYLINE GREEN
-238.322	41.544
-238.352	41.544
-238.412	41.514
-238.442	41.514
-238.472	41.499
-238.562	41.379
-238.682	41.154
-238.712	41.034
-238.712	40.869
-238.652	40.704
-238.592	40.659
-238.577	40.614
-238.547	40.614
-238.517	40.584
-238.322	40.584
-238.292	40.569
-238.232	40.599
-238.097	40.599
-238.037	40.614
POLYLINE BLACK
-239.882	40.899
-239.747	40.929
-239.612	41.019
-239.582	41.019
-239.492	41.049
-239.462	41.079
-239.387	41.094
-239.297	41.154
-239.267	41.154
-239.207	41.169
-239.177	41.169
-239.117	41.199
-239.027	41.199
-238.952	41.244
-238.922	41.244
-238.862	41.259
-238.787	41.304
-238.757	41.304
-238.697	41.319
-238.607	41.394
-238.547	41.424
-238.517	41.424
-238.487	41.439
-238.457	41.484
-238.427	41.484
-238.247	41.589
-238.187	41.589
-238.127	41.604
-238.097	41.574
POLYLINE BLACK
-241.412	40.809
-241.277	40.734
-241.127	40.704
-241.067	40.704
-241.037	40.719
-240.962	40.704
-240.932	40.704
-240.872	40.719
-240.812	40.719
-240.782	40.749
-240.752	40.749
-240.722	40.764
-240.617	40.764
-240.587	40.794
-240.557	40.779
-240.467	40.824
-240.437	40.824
-240.377	40.839
-240.332	40.839
-240.272	40.854
-240.212	40.854
-240.152	40.869
-240.122	40.869
-240.062	40.854
-239.957	40.884
-239.927	40.884
-239.867	40.914
-239.807	40.914
-239.717	40.959
-239.687	40.959
POLYLINE BLACK
-237.782	42.474
-237.842	42.474
-237.857	42.504
-237.917	42.504
-237.947	42.534
-238.067	42.564
-238.202	42.564
-238.292	42.609
-238.382	42.609
-238.442	42.654
-238.502	42.639
-238.607	42.684
-238.667	42.684
-238.772	42.729
-238.802	42.714
-238.832	42.729
-238.892	42.714
-238.922	42.729
-239.087	42.729
-239.177	42.774
-239.267	42.774
-239.342	42.789
-239.537	42.819
-239.567	42.804
-239.627	42.804
-239.672	42.789
-239.702	42.804
-239.732	42.789
-239.867	42.819
-239.927	42.819
-239.957	42.834
-240.032	42.834
-240.137	42.864
-240.167	42.864
-240.197	42.879
-240.242	42.864
-240.272	42.879
-240.302	42.864
-240.332	42.879
-240.362	42.864
-240.422	42.879
-240.497	42.864
-240.527	42.879
-240.587	42.864
-240.857	42.864
-240.917	42.879
-240.947	42.879
-241.007	42.864
-241.037	42.879
-241.127	42.834
-241.187	42.834
-241.262	42.819
-241.292	42.819
-241.352	42.789
POLYLINE BLACK
-236.882	39.189
-236.942	39.204
-237.002	39.189
POLYLINE BLACK
-237.077	40.689
-237.107	40.689
-237.287	40.644
-237.317	40.644
-237.422	40.674
-237.482	40.659
-237.512	40.659
-237.542	40.674
-237.602	40.659
-237.632	40.659
-237.722	40.629
-237.797	40.659
-237.857	40.644
-237.917	40.659
-237.977	40.659
-238.007	40.689
-238.037	40.674
-238.082	40.584
-238.082	40.479
-238.037	40.389
-238.022	40.314
-237.992	40.254
-237.992	40.209
-237.962	40.149
-237.962	40.119
-237.872	39.924
-237.557	39.594
-237.467	39.519
-237.407	39.429
-237.152	39.219
-237.047	39.159
POLYLINE BLACK
-236.312	40.374
-236.372	40.404
-236.387	40.434
-236.447	40.479
-236.492	40.539
-236.582	40.584
-236.612	40.584
-236.672	40.599
-236.702	40.599
-236.762	40.629
-236.822	40.629
-236.882	40.674
-236.942	40.674
-236.972	40.689
-237.002	40.674
-237.032	40.704
-237.062	40.689
-237.092	40.704
POLYLINE BLUE
-237.392	42.249
-237.422	42.204
-237.497	42.159
-237.632	42.009
-237.752	41.859
-237.902	41.724
-237.962	41.649
POLYLINE BLUE
-237.077	42.129
-237.227	42.084
-237.362	41.934
-237.632	41.739
-237.692	41.679
-237.737	41.664
-237.782	41.619
POLYLINE BLUE
-236.552	42.159
-236.582	42.174
-236.672	42.144
-237.077	41.904
-237.392	41.694
-237.422	41.649
-237.497	41.604
-237.557	41.529
POLYLINE BLUE
-236.402	41.994
-236.747	41.739
-236.912	41.649
-237.212	41.394
POLYLINE BLUE
-236.207	41.829
-236.222	41.799
-236.267	41.799
-236.477	41.694
-236.612	41.574
-236.822	41.454
-236.987	41.319
POLYLINE BLUE
-235.952	41.799
-235.967	41.769
-235.997	41.754
-236.057	41.679
-236.297	41.529
-236.627	41.274
POLYLINE BLUE
-235.877	41.634
-235.907	41.649
-236.042	41.544
-236.162	41.424
-236.507	41.169
POLYLINE BLUE
-235.697	41.589
-235.862	41.439
-235.922	41.364
-236.147	41.184
-236.192	41.169
POLYLINE BLUE
-236.192	41.109
-236.177	41.079
-236.147	41.079
-236.087	41.064
-236.057	41.079
-235.967	41.049
-235.907	41.079
-235.832	41.079
-235.772	41.109
-235.742	41.109
-235.652	41.154
-235.622	41.199
-235.592	41.184
-235.562	41.214
-235.547	41.319
-235.532	41.349
-235.532	41.394
-235.502	41.454
-235.502	41.559
-235.577	41.679
-235.682	41.709
-235.712	41.694
-235.787	41.694
-235.832	41.679
POLYLINE BLACK
-238.052	41.619
-238.022	41.589
-237.977	41.574
-237.917	41.529
-237.827	41.559
-237.797	41.544
-237.767	41.559
-237.677	41.499
-237.647	41.499
-237.587	41.484
-237.512	41.484
-237.452	41.439
-237.362	41.439
-237.257	41.424
-237.197	41.454
-237.152	41.454
-237.092	41.439
-237.077	41.409
-236.972	41.379
-236.942	41.379
-236.852	41.319
-236.747	41.289
-236.657	41.289
-236.627	41.274
-236.522	41.274
-236.402	41.244
-236.357	41.244
-236.297	41.214
-236.282	41.184
-236.012	40.944
-235.982	40.929
POLYLINE BLACK
-235.232	41.679
-235.172	41.619
-235.022	41.559
-234.962	41.514
POLYLINE BLACK
-237.752	42.429
-237.677	42.399
-237.617	42.414
-237.587	42.384
-237.497	42.384
-237.347	42.324
-237.257	42.294
-237.212	42.294
-237.197	42.249
-237.107	42.249
-236.987	42.159
-236.927	42.174
-236.897	42.159
-236.792	42.189
-236.702	42.189
-236.612	42.144
-236.582	42.144
-236.507	42.114
-236.447	42.054
-236.417	42.054
-236.192	41.964
-236.102	41.904
-236.027	41.874
-235.997	41.844
-235.967	41.844
-235.907	41.829
-235.877	41.799
-235.817	41.814
-235.727	41.769
-235.682	41.769
-235.622	41.754
-235.592	41.754
-235.562	41.724
-235.532	41.724
-235.472	41.709
-235.412	41.709
-235.382	41.694
-235.352	41.709
-235.322	41.679
-235.292	41.679
-235.127	41.604
-235.097	41.604
POLYLINE BLACK
-236.687	39.989
-236.552	40.019
-236.462	39.989
-236.387	39.989
-236.477	40.154
-236.507	40.184
-236.567	40.139
-236.597	40.139
-236.687	40.019
POLYLINE BLACK
-236.657	39.764
-236.612	39.704
-236.507	39.659
-236.432	39.644
-236.372	39.614
-236.297	39.614
-236.327	39.674
-236.357	39.854
-236.372	39.884
-236.402	39.854
-236.432	39.854
-236.522	39.794
-236.552	39.794
-236.582	39.764
-236.612	39.764
-236.642	39.749
POLYLINE BLACK
-236.072	39.749
-236.012	39.749
-235.952	39.764
-235.877	39.764
-235.757	39.794
-235.757	39.824
-235.892	39.944
-235.982	40.004
-236.012	40.004
-236.027	39.854
-236.072	39.794
POLYLINE BLACK
-236.267	40.379
-236.252	40.349
-236.222	40.364
-236.072	40.334
-235.952	40.259
-235.787	40.244
-235.757	40.259
-235.652	40.199
-235.622	40.199
-235.502	40.169
-235.442	40.199
-235.412	40.199
-235.352	40.214
-235.247	40.334
-235.247	40.364
-235.217	40.454
-235.292	40.619
-235.502	40.769
-235.532	40.769
-235.547	40.799
-235.577	40.784
-235.727	40.889
-235.952	40.994
-235.982	40.994
POLYLINE BLACK
-233.897	39.569
-233.957	39.569
-234.017	39.584
-234.047	39.554
-234.107	39.569
-234.137	39.569
-234.167	39.554
-234.212	39.554
-234.392	39.614
-234.512	39.614
-234.572	39.659
-234.617	39.659
-234.677	39.689
-234.707	39.689
-234.857	39.749
-234.947	39.749
-235.007	39.779
-235.037	39.779
-235.067	39.749
-235.142	39.749
-235.202	39.719
-235.397	39.719
-235.412	39.689
-235.517	39.644
-235.547	39.614
-235.712	39.554
-235.817	39.494
-235.892	39.479
-236.012	39.404
-236.042	39.404
-236.102	39.374
-236.162	39.374
-236.252	39.314
-236.282	39.284
-236.312	39.284
-236.402	39.239
-236.447	39.254
-236.477	39.239
-236.492	39.209
-236.522	39.209
-236.612	39.164
-236.642	39.164
-236.672	39.179
-236.732	39.164
-236.882	39.209
-236.912	39.209
-236.972	39.254
POLYLINE BLUE
-235.472	47.219
POLYLINE BLUE
-233.207	40.724
-233.207	40.679
-233.267	40.439
-233.282	40.334
POLYLINE BLUE
-233.207	41.024
-233.342	40.634
-233.402	40.289
-233.417	40.259
POLYLINE BLUE
-233.357	41.024
-233.492	40.769
-233.567	40.454
-233.567	40.409
POLYLINE BLUE
-233.492	41.039
-233.582	40.769
-233.597	40.679
-233.672	40.499
POLYLINE BLUE
-233.492	41.099
-233.552	41.084
-233.582	41.099
-233.642	41.054
-233.687	40.994
-233.717	40.994
-233.747	40.979
-233.762	40.844
-233.732	40.829
-233.717	40.769
-233.717	40.529
-233.672	40.439
-233.672	40.364
-233.612	40.244
-233.582	40.244
-233.552	40.214
-233.417	40.199
-233.387	40.229
-233.327	40.214
-233.267	40.229
-233.207	40.274
-233.177	40.334
-233.117	40.349
-233.027	40.469
POLYLINE GREEN
-232.667	40.694
-232.757	40.544
-232.757	40.499
-232.742	40.469
-232.682	40.454
-232.577	40.454
-232.472	40.469
-232.442	40.469
POLYLINE GREEN
-232.817	40.919
-232.922	40.799
-232.922	40.769
-232.907	40.739
-232.847	40.709
-232.667	40.679
POLYLINE GREEN
-232.757	40.814
-232.847	40.694
-232.817	40.664
-232.652	40.604
-232.592	40.604
POLYLINE GREEN
-232.487	40.754
-232.472	40.724
-232.487	40.664
-232.487	40.604
-232.472	40.574
-232.307	40.499
POLYLINE GREEN
-232.547	41.069
-232.592	41.009
-232.592	40.934
-232.577	40.904
-232.472	40.859
POLYLINE GREEN
-232.367	41.474
-232.367	41.414
-232.352	41.354
-232.352	41.324
-232.367	41.294
-232.367	41.219
-232.382	41.159
-232.382	41.054
-232.322	40.859
-232.142	40.604
-232.022	40.529
-231.977	40.529
-231.857	40.499
POLYLINE BLACK
-232.922	40.469
-232.952	40.439
-232.997	40.334
POLYLINE BLACK
-232.907	40.469
-232.937	40.469
-233.027	40.409
-233.027	40.379
POLYLINE BLACK
-232.997	40.559
-233.027	40.559
-233.147	40.469
-233.162	40.439
POLYLINE BLACK
-233.027	40.664
-233.057	40.634
-233.132	40.619
-233.162	40.589
-233.222	40.589
-233.222	40.559
POLYLINE BLACK
-233.057	40.769
-233.117	40.769
-233.177	40.739
-233.207	40.739
POLYLINE BLACK
-233.117	40.904
-233.147	40.874
-233.177	40.874
-233.237	40.844
POLYLINE BLACK
-232.717	40.429
-232.737	40.389
-232.837	40.409
-232.957	40.569
-233.037	40.689
-233.057	40.909
-233.037	41.089
-233.017	41.129
POLYLINE BLACK
-234.097	41.309
-234.037	41.249
-233.957	41.229
-233.677	41.109
-233.617	41.109
-233.537	41.069
-233.497	41.089
-233.457	41.049
-233.377	41.069
-233.337	41.049
-233.257	41.069
-233.137	41.009
-233.057	40.989
-232.857	41.069
-232.777	41.129
-232.697	41.149
-232.397	41.449
-232.297	41.569
-232.217	41.709
-232.137	41.789
POLYLINE BLACK
-235.017	41.589
-234.797	41.469
-234.697	41.449
-234.557	41.369
-234.257	41.309
-234.077	41.329
POLYLINE BLACK
-234.737	41.449
-234.697	41.409
-234.617	41.389
-234.577	41.369
-234.497	41.389
-234.377	41.329
-234.337	41.329
POLYLINE BLACK
-231.117	40.489
-231.077	40.469
-230.917	40.529
-230.837	40.529
-230.797	40.569
-230.597	40.609
-230.477	40.809
POLYLINE BLACK
-233.817	39.469
-233.737	39.489
-233.597	39.569
-233.517	39.589
-233.377	39.709
-233.197	39.789
-233.057	39.929
-232.997	40.029
-232.957	40.069
-232.957	40.109
-232.837	40.209
-232.837	40.249
-232.757	40.329
-232.717	40.329
-232.677	40.369
-232.417	40.429
-232.257	40.469
-232.217	40.449
-232.177	40.469
-232.137	40.449
-232.097	40.469
-232.057	40.449
-232.017	40.469
-231.937	40.449
-231.817	40.489
-231.777	40.469
-231.697	40.489
-231.577	40.449
-231.537	40.409
-231.417	40.409
-231.297	40.369
-231.217	40.389
-231.137	40.409
-231.077	40.489
-231.057	40.569
-230.997	40.629
POLYLINE BLACK
-230.757	40.309
-230.877	40.309
-230.917	40.289
-230.957	40.309
-231.437	40.149
-231.477	40.149
-231.677	39.989
-231.817	39.929
-231.897	39.869
-231.977	39.849
-232.077	39.749
-232.157	39.649
-232.297	39.569
-232.537	39.569
-232.637	39.629
-232.677	39.609
-232.717	39.649
-232.797	39.649
-232.837	39.629
-232.937	39.649
-233.017	39.629
-233.097	39.569
-233.257	39.569
-233.357	39.549
-233.577	39.549
-233.677	39.529
-233.757	39.549
-233.837	39.529
-233.877	39.549
-233.957	39.509
POLYLINE BLACK
-236.277	48.509
POLYLINE GREEN
-231.397	42.289
-231.377	42.209
-231.397	42.129
-231.417	42.049
-231.397	41.969
-231.317	41.889
-231.457	41.749
-231.477	41.649
-231.397	41.589
-231.357	41.589
-231.457	41.409
-231.457	41.329
-231.417	41.289
-231.337	41.269
POLYLINE GREEN
-231.597	42.309
-231.457	42.309
-231.377	42.289
-231.337	42.309
-231.297	42.289
-231.217	42.309
-231.137	42.309
POLYLINE GREEN
-231.077	41.229
-230.937	41.009
-230.797	41.009
-230.757	41.029
POLYLINE GREEN
-231.797	41.489
-231.677	41.309
-231.597	41.309
-231.557	41.329
POLYLINE GREEN
-231.257	41.749
-231.057	41.549
-230.977	41.529
-230.897	41.569
POLYLINE GREEN
-230.837	42.369
-230.777	42.189
-230.677	42.189
-230.637	42.209
POLYLINE GREEN
-231.637	42.229
-231.557	42.149
-231.517	42.049
-231.437	42.069
-231.357	42.169
POLYLINE GREEN
-231.117	43.909
-231.117	43.829
-231.037	43.649
POLYLINE GREEN
-231.217	44.209
-231.177	44.009
-231.177	43.769
-231.337	43.709
-231.377	43.649
POLYLINE GREEN
-231.477	44.149
-231.417	44.069
-231.377	44.069
-231.357	44.029
-231.237	44.149
POLYLINE GREEN
-231.457	44.409
-231.417	44.409
-231.317	44.309
-231.237	44.289
-231.157	44.349
POLYLINE BLUE
-229.377	43.749
-229.397	43.669
-229.497	43.469
POLYLINE BLUE
-229.577	43.809
-229.597	43.729
-229.717	43.369
-229.837	43.129
POLYLINE BLUE
-229.837	43.729
-229.917	43.629
-230.217	43.029
-230.437	42.729
-230.477	42.629
POLYLINE BLUE
-230.177	43.689
-230.197	43.609
-230.297	43.469
-230.437	43.189
-230.637	42.889
-230.777	42.709
-230.817	42.629
POLYLINE BLUE
-230.357	43.769
-230.497	43.449
-230.777	43.049
-230.957	42.709
POLYLINE BLUE
-230.657	43.549
-230.717	43.409
-231.017	42.989
-231.097	42.809
-231.137	42.769
POLYLINE BLUE
-230.897	43.489
-230.977	43.409
-231.217	43.029
-231.297	42.869
-231.397	42.749
POLYLINE BLUE
-231.257	43.449
-231.477	42.989
-231.577	42.829
POLYLINE BLUE
-230.837	43.549
-230.917	43.549
-231.077	43.589
-231.317	43.549
-231.357	43.509
-231.437	43.509
-231.477	43.469
-231.517	43.469
-231.657	43.229
-231.697	43.029
-231.677	42.949
-231.657	42.869
-231.577	42.789
-231.557	42.729
-231.477	42.689
-231.397	42.709
-231.297	42.709
-231.257	42.749
-231.057	42.749
-230.977	42.769
-230.857	42.729
-230.777	42.669
-230.737	42.669
-230.697	42.709
-230.657	42.689
-230.577	42.709
-230.497	42.709
-230.457	42.689
-230.377	42.709
-230.297	42.649
-230.257	42.649
-230.117	42.789
-230.097	42.869
-229.917	43.069
-229.877	43.149
-229.797	43.209
-229.717	43.229
-229.437	43.329
-229.397	43.329
-229.297	43.429
-229.257	43.449
-229.257	43.489
POLYLINE BLACK
-231.597	43.909
-231.557	43.829
-231.577	43.749
-231.577	43.629
-231.717	43.429
-231.817	43.329
-231.877	43.249
-231.917	43.029
-231.897	42.949
-231.837	42.869
-231.817	42.709
-231.817	42.629
-231.757	42.409
-231.757	42.249
-231.817	42.069
-231.897	42.029
-232.017	41.889
-232.037	41.829
-232.077	41.809
-232.097	41.749
-232.157	41.689
POLYLINE BLACK
-230.917	43.889
-230.817	43.729
-230.697	43.729
-230.657	43.749
-230.617	43.729
-230.537	43.749
-230.497	43.749
-230.457	43.709
-230.377	43.729
-230.137	43.769
-230.057	43.829
-229.977	43.849
-229.897	43.869
-229.717	43.889
-229.677	43.909
-229.557	43.869
-229.477	43.889
-229.357	43.889
-229.217	43.749
-229.157	43.669
-229.117	43.509
-229.217	43.349
-229.277	43.289
-229.357	43.169
-229.357	43.169
-229.357	43.169
-229.377	43.129
-229.377	43.129
-229.437	43.029
-229.597	42.829
-229.817	42.489
-229.997	42.309
-229.997	42.229
-230.117	41.829
-230.197	41.709
-230.257	41.529
-230.237	41.329
-230.217	41.249
-230.217	41.149
-230.457	40.729
-230.457	40.529
-230.437	40.449
POLYLINE BLUE
-229.997	44.889
-229.997	44.949
-229.957	45.069
-229.937	45.229
-229.897	45.349
-229.877	45.529
-229.837	45.769
-229.837	45.929
-229.817	46.009
-229.817	46.069
POLYLINE BLUE
-230.177	44.629
-230.097	45.029
-230.097	45.109
-230.037	45.409
-229.997	45.729
-229.897	46.289
-229.877	46.389
-229.877	46.449
-229.837	46.609
-229.797	46.949
-229.797	47.049
POLYLINE BLUE
-230.357	44.789
-230.297	44.969
-230.237	45.569
-230.237	45.669
-230.217	45.729
-230.217	45.849
-230.177	46.069
-230.097	46.669
-230.077	46.769
-230.057	46.869
-229.997	47.069
POLYLINE BLUE
-230.597	44.669
-230.557	44.949
-230.557	45.149
-230.537	45.329
-230.477	45.549
-230.457	45.669
-230.397	46.049
-230.357	46.229
-230.337	46.349
-230.357	46.469
-230.357	46.689
-230.337	46.769
-230.297	46.969
POLYLINE BLUE
-230.917	44.589
-230.857	44.769
-230.837	45.069
-230.797	45.249
-230.777	45.569
-230.757	45.769
-230.737	46.049
-230.637	46.549
-230.597	46.629
-230.597	46.689
-230.537	46.849
POLYLINE BLUE
-231.257	44.709
-231.217	44.749
-231.117	45.089
-231.017	45.809
-230.937	46.109
-230.937	46.229
-230.917	46.269
-230.917	46.449
-230.897	46.569
-230.897	46.789
-230.917	46.889
-230.897	47.089
-230.877	47.309
-230.837	47.489
-230.837	47.629
-230.797	47.769
-230.797	47.869
POLYLINE GREEN
-230.357	47.049
-230.397	47.029
-230.497	47.129
-230.497	47.309
-230.417	47.389
-230.377	47.349
-230.337	47.369
-230.297	47.289
-230.297	47.129
-230.337	47.089
POLYLINE GREEN
-230.737	47.509
-230.797	47.449
-230.837	47.469
-230.857	47.569
-230.757	47.689
-230.637	47.649
-230.597	47.529
-230.597	47.429
-230.637	47.389
-230.677	47.389
POLYLINE GREEN
-230.537	47.009
-230.617	46.989
-230.697	46.969
-230.817	47.029
-230.857	47.109
-230.857	47.249
-230.757	47.369
-230.677	47.389
-230.577	47.289
-230.517	47.189
-230.517	47.109
-230.657	46.969
POLYLINE BLUE
-231.097	47.989
-231.137	47.989
-231.237	47.489
-231.317	46.689
-231.337	46.129
-231.357	46.049
-231.377	45.809
-231.397	45.529
-231.397	45.409
-231.437	45.129
-231.457	44.889
-231.477	44.849
-231.477	44.609
POLYLINE BLUE
-231.237	47.989
-231.377	47.209
-231.437	46.789
-231.437	46.589
-231.457	46.469
-231.457	46.309
-231.517	45.769
-231.557	45.449
-231.597	45.269
-231.597	45.129
-231.617	44.949
-231.617	44.849
-231.597	44.769
POLYLINE BLUE
-231.677	47.089
-231.717	47.009
-231.777	46.649
-231.777	45.949
-231.817	45.629
-231.817	45.509
-231.837	45.409
-231.857	45.209
POLYLINE BLUE
-231.997	46.589
-231.997	46.209
-231.977	45.949
-231.997	45.849
POLYLINE BLUE
-231.697	44.829
-231.597	44.729
-231.557	44.749
-231.477	44.689
-231.437	44.689
-231.397	44.649
-231.357	44.669
-231.197	44.609
-231.157	44.629
-231.017	44.589
-230.937	44.609
-230.857	44.629
-230.697	44.669
-230.657	44.689
POLYLINE BLACK
-230.857	43.769
-230.877	43.849
-230.897	43.929
-230.877	44.069
-230.877	44.309
-230.797	44.449
-230.657	44.549
-230.457	44.669
-230.417	44.649
-230.377	44.689
-230.297	44.669
-230.217	44.669
-230.177	44.709
-230.097	44.709
-230.057	44.749
-229.897	44.769
-229.737	44.949
-229.717	45.029
-229.717	45.089
-229.657	45.209
-229.657	45.289
-229.637	45.329
-229.657	45.409
-229.657	45.509
-229.597	45.749
-229.597	46.069
-229.617	46.149
-229.617	46.249
-229.637	46.349
-229.637	46.489
-229.677	46.609
-229.677	46.669
-229.697	46.749
-229.737	46.909
-229.877	47.109
-229.917	47.149
-229.917	47.189
-229.957	47.229
POLYLINE BLACK
-232.297	46.569
-232.217	46.389
-232.197	46.309
-232.157	46.209
-232.077	46.089
-232.057	45.989
-231.977	45.869
-231.977	45.809
-231.957	45.729
-231.937	45.609
-231.877	45.529
-231.797	45.349
-231.797	45.269
-231.777	45.189
-231.777	45.009
-231.577	44.729
-231.557	44.589
-231.557	44.469
-231.577	44.369
-231.577	44.169
-231.537	43.989
-231.517	43.809
POLYLINE BLACK
-230.737	48.049
-230.677	47.949
-230.617	47.829
-230.597	47.749
-230.397	47.569
-230.177	47.469
-229.957	47.269
-229.877	47.249
POLYLINE BLUE
-231.437	47.789
-231.497	47.709
-231.597	47.369
-231.657	46.969
-231.657	46.909
POLYLINE BLUE
-231.797	47.389
-231.837	47.369
-231.877	47.269
-231.957	46.689
-231.957	46.549
POLYLINE BLUE
-232.037	47.229
-232.137	46.769
-232.157	46.469
POLYLINE BLUE
-232.277	46.769
-232.317	46.909
-232.317	47.069
-232.177	47.209
-232.137	47.209
-232.037	47.309
-231.977	47.309
-231.937	47.349
-231.857	47.369
-231.617	47.509
-231.497	47.729
-231.477	47.809
-231.377	47.929
-231.337	48.029
-231.137	48.069
-231.077	48.069
-231.037	48.089
-230.997	48.049
-230.957	48.069
-230.837	48.029
-230.697	47.829
POLYLINE GREEN
-231.837	48.229
-231.817	48.309
-231.757	48.569
-231.717	48.609
-231.677	48.609
-231.557	48.689
-231.437	48.709
-231.257	48.829
-231.017	48.909
POLYLINE GREEN
-231.757	48.169
-231.817	48.369
POLYLINE GREEN
-232.417	47.429
-232.297	47.429
-232.217	47.509
-232.177	47.489
-231.957	47.709
-231.877	47.869
-231.777	47.969
-231.737	48.089
-231.737	48.169
POLYLINE BLUE
-232.437	49.449
-232.397	49.649
-232.377	49.769
POLYLINE BLUE
-232.477	49.349
-232.437	49.709
POLYLINE BLUE
-232.337	47.749
-232.277	48.529
-232.237	48.869
POLYLINE BLUE
-232.517	47.669
-232.477	47.949
-232.497	48.249
-232.457	49.029
-232.397	49.469
POLYLINE BLUE
-232.677	47.809
-232.617	48.769
-232.537	49.389
-232.477	49.629
POLYLINE BLUE
-232.777	48.069
-232.657	49.109
-232.637	49.449
-232.597	49.729
POLYLINE BLUE
-232.877	48.769
-232.857	49.069
-232.777	49.529
-232.677	49.889
POLYLINE BLUE
-233.077	49.149
-233.017	49.329
-233.017	49.449
-232.957	49.689
-232.917	49.769
POLYLINE BLUE
-232.577	47.729
-232.517	47.649
-232.437	47.669
-232.357	47.689
-232.197	47.789
-232.137	47.869
-232.097	47.969
-232.057	48.009
-232.037	48.089
-232.017	48.169
-232.017	48.409
-232.117	48.689
-232.177	48.929
-232.177	49.069
-232.157	49.149
-232.157	49.349
-232.217	49.569
-232.277	49.729
-232.277	49.769
-232.597	49.969
-232.677	49.929
-232.797	49.809
POLYLINE GREEN
-233.517	49.969
-233.477	49.969
-233.277	49.849
-233.177	49.829
-233.097	49.809
-232.997	49.789
-232.837	49.889
-232.557	50.149
-232.517	50.409
-232.517	50.489
POLYLINE GREEN
-232.977	51.129
-232.897	51.149
-232.817	51.269
-232.817	51.309
-232.777	51.409
-232.737	51.449
-232.717	51.609
-232.657	51.829
-232.597	52.069
-232.597	52.369
POLYLINE GREEN
-233.917	50.969
-233.717	50.849
-233.537	50.749
-233.497	50.769
-233.457	50.749
-233.237	50.849
-233.157	50.909
-233.117	50.909
-232.937	51.089
-232.877	51.209
-232.877	51.249
-232.817	51.429
POLYLINE GREEN
-233.757	51.509
-233.557	51.249
-233.497	51.229
-233.437	51.309
-233.437	51.369
-233.377	51.569
POLYLINE GREEN
-233.117	52.129
-233.077	52.129
-233.017	52.209
-233.017	52.389
POLYLINE GREEN
-233.437	52.349
-233.377	52.169
-233.317	52.029
-233.237	51.969
-233.177	52.049
-233.137	52.149
POLYLINE GREEN
-234.217	52.469
-234.077	52.289
-233.957	52.249
-233.897	52.269
-233.777	52.409
-233.757	52.549
-233.737	52.629
POLYLINE GREEN
-232.537	52.449
-232.597	52.089
-232.557	51.909
-232.457	51.669
-232.457	51.569
-232.477	51.529
-232.477	51.269
-232.517	51.109
-232.517	50.909
-232.537	50.809
-232.497	50.609
-232.437	50.449
-232.337	50.269
-232.317	50.189
-232.197	50.029
-232.137	49.969
-232.037	49.809
-231.957	49.749
-231.857	49.729
-231.817	49.749
-231.797	49.709
-231.717	49.729
-231.557	49.609
-231.477	49.589
-231.417	49.529
-231.377	49.549
-231.297	49.509
-231.237	49.509
POLYLINE GREEN
-234.877	52.929
-234.757	52.849
-234.537	52.809
-234.457	52.809
-234.297	52.869
-234.257	52.909
-234.117	52.969
-233.837	53.149
-233.717	53.229
-233.557	53.429
-233.537	53.509
-233.497	53.689
-233.477	53.809
POLYLINE BLACK
-230.077	56.189
POLYLINE BLACK
-233.097	53.189
-232.977	52.949
-232.917	52.869
-232.857	52.729
-232.597	52.449
-232.437	52.189
-232.417	52.109
-232.357	52.009
-232.337	51.929
-232.197	51.669
-232.177	51.589
-232.117	51.489
-232.097	51.389
-232.037	51.269
-232.017	51.169
-231.717	50.549
-231.497	50.209
-231.437	50.149
-231.317	49.949
-231.317	49.889
-231.197	49.649
-231.197	49.569
-231.177	49.469
-231.097	49.109
-231.077	48.889
-230.997	48.649
-230.857	48.489
-230.757	48.249
-230.757	48.189
-230.737	48.109
-230.677	47.809
-230.657	47.729
-230.637	47.649
-230.617	47.429
-230.517	47.169
-230.477	47.129
POLYLINE BLACK
-234.657	52.269
-234.417	52.029
-234.277	51.829
-234.257	51.729
-234.197	51.629
-234.177	51.549
-234.097	51.369
-233.977	51.169
-233.837	50.589
-233.817	50.509
-233.777	50.329
-233.697	50.149
-233.597	50.049
-233.497	49.869
-233.357	49.609
-233.297	49.549
-233.237	49.449
-233.177	49.389
-233.077	49.209
-232.917	48.869
-232.877	48.649
-232.877	48.569
-232.797	48.189
-232.697	47.889
-232.637	47.809
-232.597	47.709
-232.397	47.429
-232.297	47.069
-232.297	47.009
-232.277	46.929
-232.277	46.749
-232.177	46.449
-232.157	46.409
-232.097	46.389
POLYLINE BLUE
-233.867	55.274
-233.867	55.139
POLYLINE BLUE
-233.942	55.634
-233.957	55.604
-233.957	55.559
-233.972	55.529
-233.972	55.319
POLYLINE BLUE
-234.077	55.874
-234.077	55.829
-234.092	55.784
-234.092	55.694
-234.107	55.589
-234.107	55.304
POLYLINE BLUE
-234.182	55.994
-234.212	55.949
-234.227	55.784
-234.227	55.349
POLYLINE BLUE
-234.377	55.589
-234.392	55.454
-234.392	55.319
-234.377	55.289
POLYLINE BLUE
-234.512	55.499
-234.542	55.439
-234.527	55.244
-234.512	55.184
POLYLINE BLUE
-233.732	54.779
-233.747	54.824
-233.777	54.854
-233.777	54.884
-233.807	54.944
-233.837	55.079
-233.942	55.199
-234.002	55.229
-234.017	55.259
-234.047	55.259
-234.077	55.289
-234.137	55.244
-234.167	55.244
-234.227	55.214
-234.257	55.214
-234.317	55.199
-234.377	55.199
-234.512	55.139
-234.572	55.139
-234.632	55.169
-234.677	55.394
-234.617	55.439
-234.542	55.454
-234.512	55.439
-234.452	55.454
-234.362	55.454
-234.332	55.469
-234.317	55.499
-234.272	55.529
-234.257	55.589
-234.302	55.739
-234.377	55.844
-234.377	55.904
-234.317	55.994
-234.257	56.039
POLYLINE GREEN
-234.752	53.774
-234.722	53.729
-234.692	53.714
-234.572	53.759
-234.527	53.819
-234.527	53.894
-234.512	53.954
-234.512	53.984
POLYLINE GREEN
-235.217	54.179
-235.232	54.119
-235.217	54.089
-235.112	54.014
-235.067	54.014
-235.037	53.999
-234.992	54.059
-234.992	54.089
-234.962	54.164
-234.947	54.314
POLYLINE GREEN
-234.512	54.989
-234.527	54.854
-234.497	54.794
-234.362	54.794
-234.287	54.824
POLYLINE GREEN
-234.572	55.814
-234.632	55.769
-234.647	55.694
-234.647	55.664
-234.602	55.559
-234.542	55.514
-234.482	55.514
-234.317	55.574
POLYLINE GREEN
-235.682	55.274
-235.637	55.169
-235.532	55.124
-235.502	55.124
-235.472	55.184
-235.472	55.364
-235.487	55.394
POLYLINE GREEN
-235.457	55.634
-235.337	55.574
-235.277	55.619
-235.277	55.814
POLYLINE GREEN
-235.952	55.559
-235.892	55.514
-235.862	55.514
-235.832	55.499
-235.787	55.559
-235.787	55.679
POLYLINE GREEN
-236.267	56.114
-236.147	56.024
-236.117	56.024
-236.087	55.994
-236.057	55.994
-235.997	56.039
-235.997	56.249
-236.012	56.339
POLYLINE GREEN
-235.307	56.564
-235.307	56.459
-235.247	56.369
-235.187	56.369
-235.142	56.384
-235.112	56.444
POLYLINE GREEN
-235.217	57.074
-235.202	57.044
-235.262	56.954
-235.187	56.834
-235.097	56.834
-235.037	56.879
POLYLINE GREEN
-236.327	56.909
-236.267	56.894
-236.207	56.939
-236.162	57.014
-236.147	57.074
POLYLINE GREEN
-236.312	57.404
-236.207	57.314
-236.147	57.284
-236.117	57.299
-236.072	57.449
-236.117	57.614
POLYLINE GREEN
-236.852	57.434
-236.837	57.374
-236.747	57.284
-236.717	57.284
-236.657	57.329
-236.612	57.494
-236.612	57.554
POLYLINE GREEN
-235.157	55.109
-234.917	54.779
-234.827	54.659
-234.587	54.464
-234.527	54.419
-234.242	54.329
-233.957	54.329
-233.852	54.314
-233.747	54.314
-233.657	54.344
-233.582	54.449
POLYLINE GREEN
-235.817	54.869
-235.757	54.824
-235.562	54.824
-235.427	54.884
-235.337	54.959
-235.307	54.959
-235.157	55.079
-235.022	55.184
-234.962	55.319
-234.962	55.394
-234.932	55.514
-234.932	55.619
-234.917	55.649
-234.932	55.679
-234.917	55.709
-234.917	55.784
-234.932	55.844
-234.932	55.994
-234.947	56.024
-234.947	56.069
-234.962	56.129
POLYLINE GREEN
-235.727	56.444
-235.757	56.429
-235.817	56.444
-235.937	56.549
-236.042	56.714
POLYLINE GREEN
-235.772	56.429
-235.757	56.399
-235.727	56.399
-235.562	56.264
-235.442	56.219
-235.322	56.129
-235.292	56.114
-235.217	56.114
-235.067	56.069
-235.007	56.084
-234.962	56.084
-234.902	56.114
-234.872	56.114
-234.812	56.144
-234.782	56.144
-234.722	56.174
-234.692	56.174
-234.632	56.219
-234.602	56.219
-234.482	56.294
-234.407	56.414
-234.407	56.444
POLYLINE GREEN
-236.612	56.609
-236.597	56.579
-236.567	56.579
-236.522	56.549
-236.417	56.609
-236.357	56.609
-236.207	56.654
-236.102	56.654
-235.982	56.714
-235.907	56.714
-235.877	56.744
-235.817	56.744
-235.787	56.759
-235.772	56.789
-235.727	56.804
-235.637	56.879
-235.547	56.939
-235.502	57.044
-235.472	57.074
-235.322	57.389
-235.322	57.419
-235.307	57.479
-235.307	57.584
POLYLINE BLACK
-237.317	57.329
-237.302	57.299
-237.302	57.254
-237.167	57.074
-237.152	57.029
-237.032	56.924
-237.017	56.879
-236.972	56.864
-236.957	56.819
-236.852	56.729
-236.732	56.534
-236.732	56.474
-236.687	56.324
-236.657	56.264
-236.657	56.234
-236.582	56.054
-236.552	56.024
-236.492	55.829
-236.372	55.679
-236.342	55.649
-236.327	55.604
-236.252	55.544
-236.222	55.499
-236.192	55.484
-236.072	55.244
-235.997	55.094
-235.967	55.064
-235.877	54.869
-235.877	54.824
-235.847	54.794
-235.847	54.764
-235.712	54.479
-235.682	54.449
-235.622	54.329
-235.517	54.179
-235.307	53.684
-235.307	53.654
-235.247	53.504
-235.217	53.399
-235.157	53.294
-235.157	53.249
-235.082	53.144
-234.932	52.844
-234.902	52.814
-234.887	52.769
-234.752	52.619
-234.722	52.619
-234.677	52.514
-234.617	52.424
-234.587	52.349
POLYLINE BLACK
-234.467	56.459
-234.407	56.309
-234.317	56.189
-234.227	56.054
-234.152	55.934
-234.047	55.784
-234.047	55.754
-233.912	55.544
-233.867	55.484
-233.867	55.439
-233.807	55.244
-233.807	55.109
-233.777	55.049
-233.777	55.019
-233.732	54.959
-233.732	54.929
-233.702	54.884
-233.702	54.854
-233.672	54.764
-233.672	54.719
-233.612	54.554
-233.612	54.494
-233.582	54.404
-233.582	54.329
-233.567	54.299
-233.567	54.299
-233.597	54.269
-233.627	54.269
-233.672	54.209
-233.612	54.119
-233.522	53.999
-233.417	53.774
-233.417	53.744
-233.387	53.714
-233.387	53.684
-233.342	53.579
-233.312	53.549
-233.282	53.474
-233.222	53.414
-233.192	53.339
-233.162	53.309
-233.162	53.279
-233.087	53.114
-233.057	53.084
POLYLINE BLACK
-235.697	57.974
-235.667	57.944
-235.637	57.959
-235.592	57.899
-235.427	57.824
-235.277	57.689
-235.187	57.569
-235.082	57.389
-234.992	57.284
-234.932	57.239
-234.812	57.059
-234.797	56.984
-234.737	56.864
-234.692	56.804
-234.602	56.624
-234.527	56.534
-234.437	56.414
-234.377	56.324
POLYLINE GREEN
-236.192	59.129
-236.222	59.129
-236.342	59.069
-236.372	59.024
-236.372	58.964
-236.327	58.859
-236.237	58.784
-236.162	58.799
-236.132	58.844
POLYLINE GREEN
-236.807	59.204
-236.837	59.204
-236.927	59.174
-236.972	59.039
-236.927	58.934
-236.777	58.754
-236.717	58.739
-236.657	58.799
POLYLINE GREEN
-237.347	60.734
-237.407	60.749
-237.467	60.719
-237.497	60.629
-237.497	60.539
-237.467	60.464
-237.392	60.404
-237.272	60.389
POLYLINE GREEN
-236.942	60.149
-237.047	60.014
-237.047	59.984
-236.972	59.834
-236.807	59.774
-236.777	59.774
-236.747	59.789
POLYLINE GREEN
-236.207	59.834
-236.207	59.804
-236.297	59.729
-236.327	59.669
-236.312	59.549
-236.237	59.459
-236.177	59.429
-236.102	59.459
POLYLINE GREEN
-236.552	60.764
-236.612	60.719
-236.657	60.569
-236.657	60.539
-236.597	60.434
-236.537	60.404
-236.477	60.434
POLYLINE GREEN
-236.957	61.424
-237.017	61.394
-237.062	61.019
-236.987	60.974
-236.927	60.959
POLYLINE BLUE
-237.677	58.649
-237.692	58.844
-237.722	58.979
-237.767	59.504
POLYLINE BLUE
-237.857	58.679
-237.872	58.889
-237.917	59.249
-237.932	59.279
-237.947	59.459
-238.007	59.759
-238.022	59.969
POLYLINE BLUE
-238.052	58.799
-238.067	58.964
-238.082	59.009
-238.097	59.354
-238.142	59.699
-238.142	59.849
-238.157	59.879
-238.157	60.104
POLYLINE BLUE
-238.277	59.114
-238.307	59.384
-238.337	59.549
-238.382	60.059
-238.382	60.149
-238.367	60.269
POLYLINE BLUE
-238.457	59.294
-238.457	59.384
-238.517	59.759
-238.547	60.134
-238.547	60.254
POLYLINE BLUE
-238.652	59.459
-238.652	59.579
-238.697	60.014
-238.727	60.149
-238.742	60.389
POLYLINE BLUE
-238.832	59.909
-238.832	60.014
-238.847	60.074
-238.847	60.149
-238.862	60.284
-238.862	60.359
POLYLINE BLUE
-237.887	58.574
-237.887	58.604
-237.812	58.589
-237.692	58.589
-237.632	58.574
-237.572	58.589
-237.512	58.679
-237.512	58.754
-237.497	58.814
-237.497	58.874
-237.512	58.934
-237.512	58.934
-237.512	58.994
-237.497	59.054
-237.557	59.249
-237.617	59.294
-237.752	59.549
-237.752	59.594
-237.902	59.819
-237.977	59.879
-237.992	59.909
-238.037	59.924
-238.097	60.014
-238.157	60.059
-238.187	60.119
-238.247	60.164
-238.307	60.164
-238.337	60.194
-238.367	60.194
-238.457	60.254
-238.517	60.239
-238.577	60.269
-238.607	60.269
-238.682	60.299
-238.757	60.389
-238.787	60.374
-238.817	60.404
-238.847	60.389
-238.877	60.419
-238.937	60.389
-238.967	60.344
-238.997	60.344
-239.012	60.284
POLYLINE GREEN
-237.347	57.494
-237.317	57.569
-237.227	57.644
-237.197	57.644
-237.137	57.704
-237.077	57.704
-236.987	57.764
-236.927	57.764
-236.867	57.809
-236.837	57.854
-236.807	57.839
-236.762	57.929
-236.762	57.959
-236.747	58.019
-236.747	58.094
-236.867	58.169
-236.897	58.169
-236.957	58.154
-236.987	58.169
-237.017	58.139
-237.047	58.139
-237.137	58.109
-237.152	58.079
-237.182	58.079
-237.242	58.049
-237.317	58.049
-237.377	58.034
-237.437	58.034
-237.587	58.094
-237.617	58.109
-237.632	58.139
POLYLINE BLACK
-235.457	64.574
-235.487	64.574
POLYLINE BLACK
-235.427	59.129
-235.427	58.964
-235.412	58.934
-235.427	58.874
-235.427	58.814
-235.442	58.754
-235.442	58.724
-235.517	58.634
-235.637	58.544
-235.712	58.379
-235.712	58.349
-235.727	58.289
-235.727	58.229
-235.697	58.139
-235.667	58.094
-235.667	58.064
-235.652	58.004
POLYLINE BLACK
-237.707	64.124
-237.602	63.959
-237.467	63.764
-237.392	63.674
-237.347	63.569
-237.272	63.449
-237.227	63.344
-237.227	63.299
-237.152	63.149
-237.062	63.029
-236.987	62.849
-236.987	62.804
-236.942	62.744
-236.942	62.714
-236.912	62.654
-236.912	62.624
-236.867	62.534
-236.837	62.399
-236.807	62.339
-236.807	62.309
-236.747	62.189
-236.747	62.129
-236.702	61.994
-236.702	61.904
-236.627	61.664
-236.567	61.559
-236.567	61.529
-236.462	61.304
-236.387	61.214
-236.387	61.169
-236.342	61.079
-236.297	60.869
-236.237	60.779
-236.192	60.659
-236.057	60.494
-235.982	60.329
-235.922	60.104
-235.922	60.074
-235.787	59.759
-235.667	59.654
-235.592	59.534
-235.547	59.429
-235.457	59.279
-235.442	59.204
-235.397	59.144
-235.397	59.114
-235.352	59.024
-235.352	58.994
POLYLINE BLACK
-239.327	60.854
-239.267	60.749
-239.072	60.359
-239.027	60.299
-239.012	60.224
-238.907	60.029
-238.832	59.864
-238.832	59.834
-238.772	59.714
-238.772	59.684
-238.652	59.519
-238.592	59.444
-238.547	59.414
-238.412	59.249
-238.397	59.204
-238.262	59.024
-238.142	58.889
-238.127	58.844
-238.052	58.754
-237.977	58.649
-237.872	58.514
-237.827	58.484
-237.647	58.259
-237.617	58.154
-237.572	58.064
-237.572	58.019
-237.482	57.869
-237.407	57.749
-237.377	57.584
-237.347	57.449
-237.347	57.419
-237.272	57.254
-237.242	57.239
POLYLINE GREEN
-240.482	66.209
POLYLINE GREEN
-238.232	61.874
-238.232	61.979
-238.217	62.024
-238.172	61.874
POLYLINE GREEN
-238.112	61.679
-238.157	61.694
-238.217	61.739
-238.307	61.889
-238.307	61.934
-238.322	61.964
-238.322	62.039
-238.262	62.084
-238.232	62.084
-238.112	62.009
-238.082	61.979
-238.067	61.844
-238.127	61.754
POLYLINE GREEN
-238.052	61.604
-238.082	61.589
-238.112	61.604
-238.142	61.589
-238.187	61.589
-238.217	61.574
-238.352	61.724
-238.397	61.874
-238.397	61.979
-238.322	62.144
-238.262	62.189
-238.082	62.189
-237.992	62.129
-237.917	61.949
-237.917	61.739
-237.962	61.589
-238.022	61.544
POLYLINE GREEN
-237.872	61.439
-237.977	61.424
-238.007	61.394
-238.037	61.394
-238.097	61.349
-238.127	61.349
-238.187	61.364
-238.217	61.364
-238.247	61.394
-238.262	61.439
-238.352	61.559
-238.382	61.559
-238.457	61.679
-238.457	61.859
-238.442	61.919
-238.442	61.979
-238.382	62.114
-238.382	62.144
-238.277	62.294
-238.187	62.369
-238.112	62.369
-238.007	62.324
-237.887	62.159
-237.842	62.024
-237.797	61.949
-237.797	61.919
-237.767	61.814
-237.767	61.679
-237.782	61.649
-237.782	61.604
-237.827	61.484
-237.857	61.454
POLYLINE GREEN
-238.337	61.094
-238.367	61.094
-238.427	61.154
-238.427	61.184
-238.487	61.319
-238.517	61.349
-238.517	61.379
-238.532	61.409
-238.532	61.454
-238.577	61.649
-238.577	62.114
-238.517	62.249
-238.457	62.294
-238.427	62.294
-238.217	62.474
-238.172	62.534
-238.007	62.534
-237.887	62.429
-237.857	62.429
-237.812	62.354
-237.782	62.339
-237.722	62.249
-237.602	62.099
-237.512	61.919
-237.512	61.724
-237.527	61.664
-237.527	61.634
-237.542	61.574
-237.542	61.544
-237.617	61.424
-237.707	61.304
-237.857	61.214
-237.962	61.184
-238.022	61.184
-238.112	61.154
-238.157	61.124
-238.172	61.094
-238.232	61.049
-238.292	61.094
-238.322	61.094
-238.382	61.109
-238.412	61.079
POLYLINE BLACK
-240.017	62.384
-239.942	62.279
-239.837	62.219
-239.807	62.219
-239.702	62.099
-239.597	61.919
-239.597	61.889
-239.582	61.859
-239.582	61.814
-239.522	61.589
-239.522	61.544
-239.492	61.484
-239.492	61.454
-239.432	61.334
-239.432	61.289
-239.387	61.124
-239.387	61.094
-239.297	60.899
-239.297	60.869
-239.237	60.734
-239.237	60.689
-239.207	60.569
POLYLINE GREEN
-239.462	63.359
-239.492	63.359
-239.522	63.389
-239.537	63.509
-239.537	63.584
-239.522	63.614
-239.462	63.644
-239.387	63.629
-239.312	63.584
POLYLINE GREEN
-239.822	62.819
-239.927	62.939
-239.957	63.044
-239.957	63.074
-239.927	63.134
-239.882	63.179
-239.777	63.194
POLYLINE GREEN
-240.392	64.064
-240.422	64.064
-240.467	64.124
-240.482	64.244
-240.392	64.319
-240.332	64.334
POLYLINE GREEN
-240.212	63.554
-240.242	63.554
-240.302	63.599
-240.317	63.704
-240.302	63.764
-240.272	63.809
-240.212	63.839
-240.107	63.839
-240.047	63.824
POLYLINE GREEN
-240.332	62.954
-240.512	63.029
-240.572	63.089
-240.527	63.164
-240.392	63.254
-240.317	63.284
-240.272	63.284
POLYLINE BLACK
-238.082	64.514
-238.022	64.469
-238.007	64.424
-237.842	64.244
-237.782	64.199
-237.662	64.064
-237.557	63.974
-237.497	63.899
POLYLINE BLACK
-237.902	64.349
-237.932	64.364
-237.977	64.364
-238.022	64.469
-238.097	64.574
-238.142	64.604
-238.217	64.709
-238.412	64.859
-238.697	65.054
-238.772	65.084
-239.027	65.264
-239.147	65.354
-239.252	65.399
-239.282	65.429
-239.327	65.444
-239.447	65.519
-239.537	65.594
-239.552	65.624
-239.702	65.714
-239.852	65.834
POLYLINE BLACK
-241.517	63.209
-241.487	63.194
-241.472	63.164
-241.442	63.164
-241.292	63.059
-240.872	62.879
-240.842	62.879
-240.692	62.819
-240.377	62.729
-240.257	62.639
-240.182	62.549
-240.152	62.549
-240.122	62.504
-240.062	62.459
-239.972	62.309
-239.972	62.234
-239.957	62.204
-239.957	62.159
POLYLINE BROWN
-242.342	72.884
-242.372	72.914
POLYLINE BROWN
-242.057	72.464
-242.087	72.494
-242.117	72.494
-242.207	72.599
-242.237	72.614
-242.282	72.674
POLYLINE BROWN
-241.802	71.849
-241.802	71.879
-241.832	71.909
-241.862	72.074
-241.892	72.179
POLYLINE BROWN
-241.607	71.309
-241.607	71.339
-241.727	71.639
POLYLINE BROWN
-242.777	69.704
-242.837	70.499
POLYLINE BROWN
-242.747	68.924
-242.777	69.314
-242.762	69.404
POLYLINE BROWN
-242.837	68.009
-242.792	68.234
-242.792	68.309
-242.762	68.444
-242.762	68.549
POLYLINE BROWN
-242.942	66.974
-242.912	67.094
-242.912	67.169
-242.882	67.289
-242.882	67.379
POLYLINE BROWN
-242.897	66.689
-242.972	66.494
POLYLINE BROWN
-242.867	67.064
POLYLINE BROWN
-242.852	67.664
-242.852	67.634
POLYLINE BROWN
-242.777	68.384
-242.777	68.324
-242.792	68.294
POLYLINE BROWN
-242.717	69.074
-242.702	68.864
POLYLINE BROWN
-242.837	69.764
-242.822	69.659
POLYLINE BROWN
-242.987	70.709
-242.972	70.529
POLYLINE BROWN
-243.002	71.564
-242.987	71.384
POLYLINE BROWN
-243.047	72.749
-243.047	72.719
-242.987	72.539
POLYLINE BROWN
-243.032	72.194
-243.017	72.089
POLYLINE BROWN
-240.737	69.824
-240.737	69.854
-240.767	69.854
-240.887	69.779
-240.917	69.794
-240.977	69.764
-241.007	69.764
-241.067	69.749
-241.097	69.764
-241.217	69.734
-241.247	69.734
-241.277	69.749
-241.337	69.734
-241.352	69.704
-241.547	69.524
-241.547	69.479
-241.592	69.389
-241.592	69.314
-241.667	69.089
-241.712	69.029
-241.742	68.954
-241.742	68.804
-241.682	68.669
-241.682	68.324
-241.697	68.234
-241.667	68.174
-241.667	68.144
-241.652	68.084
-241.652	68.084
-241.652	68.084
-241.652	68.084
-241.652	68.114
-241.697	68.009
-241.727	67.994
-241.772	67.904
-241.772	67.904
-241.772	67.904
-241.772	67.859
-241.787	67.829
POLYLINE BROWN
-241.847	72.299
POLYLINE BROWN
-241.787	72.089
-241.787	72.119
POLYLINE BROWN
-241.712	71.654
-241.712	71.714
POLYLINE BROWN
-241.652	71.429
-241.742	71.504
POLYLINE BROWN
-241.487	71.069
POLYLINE BROWN
-240.782	70.379
-240.812	70.409
-240.842	70.409
-240.872	70.439
-240.902	70.439
-241.022	70.499
-241.082	70.559
-241.217	70.619
-241.307	70.679
-241.352	70.739
-241.382	70.754
-241.412	70.814
-241.442	70.829
-241.502	70.964
-241.502	71.024
POLYLINE BROWN
-240.272	67.064
-240.317	67.214
-240.422	67.439
-240.452	67.544
-240.467	67.604
-240.482	67.769
-240.497	67.919
-240.557	68.114
-240.557	68.189
-240.572	68.279
-240.557	68.309
-240.587	68.504
-240.617	68.639
-240.632	68.834
-240.647	69.209
-240.662	69.344
-240.677	69.479
-240.677	69.584
-240.692	69.674
-240.692	69.779
-240.707	69.839
-240.707	70.139
-240.692	70.199
-240.692	70.274
-240.692	70.274
-240.692	70.274
-240.692	70.274
-240.767	70.409
POLYLINE BLACK
-240.242	67.079
-240.242	67.019
-240.212	66.959
-240.212	66.929
-240.182	66.869
-240.152	66.689
-240.092	66.524
-240.092	66.479
-239.987	66.269
-239.942	66.209
-239.942	66.179
-239.897	66.074
-239.897	66.044
-239.882	66.014
-239.882	65.939
-239.867	65.879
-239.867	65.819
-239.852	65.759
-239.852	65.714
-239.792	65.549
-239.792	65.519
POLYLINE BLACK
-240.092	66.734
-240.092	66.704
-240.077	66.674
POLYLINE BLACK
-240.272	67.439
-240.272	67.349
-240.257	67.304
-240.227	67.274
POLYLINE BLACK
-240.482	67.949
-240.392	67.784
POLYLINE BLACK
-240.512	68.429
-240.497	68.309
-240.467	68.219
POLYLINE BLACK
-240.962	63.929
-240.932	63.914
-240.872	63.929
-240.842	63.914
-240.782	63.944
-240.752	63.914
-240.722	63.914
POLYLINE BLACK
-240.962	63.704
-240.782	63.704
POLYLINE BLACK
-241.067	63.944
-241.007	63.929
-240.977	63.929
-240.947	63.914
-240.887	63.944
-240.827	63.944
POLYLINE BLACK
-241.097	64.694
-241.082	64.724
-240.992	64.739
-240.932	64.769
-240.902	64.769
POLYLINE BLACK
-241.112	64.439
-240.932	64.559
-240.902	64.544
-240.842	64.589
-240.812	64.574
-240.782	64.589
POLYLINE BLACK
-241.052	64.484
-241.022	64.469
-240.932	64.514
POLYLINE BLACK
-242.042	67.349
-241.922	67.424
-241.817	67.484
POLYLINE BLACK
-242.087	67.634
-242.042	67.634
-241.937	67.679
-241.877	67.739
POLYLINE BLACK
-241.967	67.349
-241.907	67.409
POLYLINE BLACK
-241.937	66.989
-241.832	67.064
-241.802	67.064
-241.772	67.079
POLYLINE BLACK
-241.802	66.629
-241.697	66.704
POLYLINE BLACK
-241.727	66.344
-241.592	66.404
POLYLINE BLACK
-241.652	66.044
-241.652	66.014
-241.592	66.059
-241.562	66.059
-241.487	66.119
POLYLINE BLACK
-241.532	65.699
-241.532	65.729
-241.382	65.864
POLYLINE BLACK
-241.382	65.474
-241.292	65.549
POLYLINE BLACK
-241.217	65.189
-241.217	65.234
-241.157	65.234
POLYLINE BLACK
-241.052	64.694
-240.962	64.739
POLYLINE BLACK
-241.022	64.439
-240.992	64.439
-240.932	64.484
-240.902	64.484
POLYLINE BLACK
-241.052	64.169
-241.037	64.199
-240.902	64.259
POLYLINE BLACK
-240.992	63.899
-240.932	63.899
-240.902	63.884
POLYLINE BLACK
-240.977	63.719
-240.917	63.719
POLYLINE BLACK
-241.127	63.584
-240.977	63.479
POLYLINE BLACK
-241.277	63.449
-241.187	63.374
POLYLINE BLACK
-241.442	63.374
-241.442	63.344
-241.367	63.224
POLYLINE BLACK
-241.892	67.799
-241.877	67.724
-241.832	67.619
-241.802	67.484
-241.787	67.424
-241.757	67.259
-241.742	67.229
-241.742	67.094
-241.727	67.034
-241.727	66.989
-241.712	66.959
-241.712	66.914
-241.697	66.884
-241.697	66.839
-241.637	66.674
-241.637	66.644
-241.457	66.254
-241.457	66.224
-241.427	66.164
-241.427	66.104
-241.382	66.044
-241.352	65.939
-241.322	65.909
-241.262	65.729
-241.127	65.519
-241.097	65.504
-241.037	65.414
-240.977	65.249
-240.977	65.219
-240.947	65.189
-240.947	65.129
-240.902	65.024
-240.902	64.994
-240.857	64.904
-240.857	64.769
-240.827	64.709
-240.812	64.634
-240.782	64.514
-240.782	64.379
-240.842	64.214
-240.842	64.184
-240.797	64.079
-240.767	64.049
-240.767	64.019
-240.737	63.959
-240.737	63.839
-240.767	63.704
-240.767	63.644
-240.782	63.599
-240.887	63.449
-240.947	63.419
-240.977	63.434
-241.097	63.344
-241.232	63.284
-241.262	63.299
-241.277	63.269
-241.412	63.194
-241.442	63.179
POLYLINE BLACK
-241.442	63.074
-241.472	63.149
-241.547	63.269
-241.667	63.419
-241.967	63.764
-242.102	63.959
-242.192	64.079
-242.297	64.304
-242.372	64.394
-242.462	64.514
-242.522	64.604
-242.567	64.634
-242.627	64.739
-242.687	64.829
-242.732	64.889
-242.747	64.934
-242.777	64.949
-242.897	65.144
-242.972	65.354
-242.972	65.429
-242.987	65.519
-242.972	65.699
-242.957	65.729
POLYLINE BLACK
-243.272	70.274
POLYLINE BLACK
-243.182	67.484
-243.182	67.829
-243.167	67.889
-243.167	67.919
POLYLINE BLACK
-243.137	67.484
-243.047	67.139
-243.002	66.959
-242.972	66.809
-243.002	66.674
-243.017	66.539
-243.032	66.434
-243.032	66.374
-243.047	66.314
-243.047	66.059
-243.062	65.999
-243.047	65.864
-243.047	65.684
-243.032	65.654
-243.032	65.489
POLYLINE BLACK
-241.262	69.764
-241.232	69.749
-241.052	69.764
-240.947	69.809
-240.842	69.809
-240.722	69.839
-240.647	69.809
-240.572	69.839
-240.527	69.839
-240.467	69.854
-240.437	69.854
-240.377	69.869
-240.332	69.854
-240.242	69.884
-240.182	69.869
-240.152	69.884
-240.077	69.884
-239.957	69.869
-239.882	69.899
-239.852	69.884
-239.732	69.929
-239.642	69.944
-239.537	69.974
-239.372	70.019
-239.342	70.019
-239.282	70.034
-239.237	70.064
-239.207	70.064
-239.072	70.124
-239.012	70.124
-238.907	70.154
POLYLINE BLACK
-241.172	67.994
-241.172	68.279
-241.202	68.399
-241.202	68.474
-241.247	68.579
-241.247	68.774
-241.232	68.849
-241.247	68.909
-241.262	69.074
-241.307	69.269
-241.292	69.329
-241.292	69.359
-241.367	69.554
-241.367	69.584
-241.382	69.614
-241.382	69.689
-241.367	69.749
-241.247	69.839
-241.187	69.809
-241.142	69.809
POLYLINE BLACK
-239.417	71.714
-239.297	71.714
POLYLINE BLACK
-240.002	71.864
-239.762	71.864
POLYLINE BLACK
-240.632	71.849
-240.527	71.879
-240.452	71.879
-240.347	71.894
POLYLINE BLACK
-239.387	69.989
POLYLINE BLACK
-239.942	69.869
-239.867	69.884
-239.837	69.914
POLYLINE BLACK
-240.497	69.854
-240.392	69.869
POLYLINE BLACK
-241.112	69.794
-240.977	69.764
POLYLINE BLACK
-242.102	69.464
-242.087	69.434
-242.012	69.554
-241.922	69.644
-241.892	69.644
-241.787	69.674
-241.727	69.674
-241.667	69.689
-241.637	69.674
-241.607	69.704
-241.367	69.764
POLYLINE BLACK
-241.997	69.494
-242.042	69.374
-242.057	69.239
-242.027	69.104
-241.997	69.044
-241.997	69.014
-241.982	68.984
-241.982	68.939
-241.967	68.879
-241.967	68.714
-241.952	68.609
-241.952	68.444
-241.892	68.249
-241.892	68.189
-241.787	67.799
-241.727	67.739
POLYLINE BLACK
-243.692	71.474
-243.632	71.534
-243.572	71.699
-243.542	71.729
-243.497	71.834
-243.422	71.834
-243.392	71.849
-243.377	71.879
-243.302	71.894
-243.272	71.909
-243.107	71.909
-243.002	71.894
-242.957	71.909
-242.897	71.894
-242.492	71.894
-242.462	71.909
-242.417	71.894
-242.387	71.909
-242.252	71.909
-242.012	71.849
-241.892	71.819
-241.832	71.834
-241.637	71.834
-241.547	71.804
-241.412	71.804
-241.352	71.819
-241.247	71.789
-240.932	71.834
-240.857	71.834
POLYLINE BLACK
-243.137	67.604
-243.137	67.724
-243.122	67.814
-243.122	67.859
-243.152	67.919
-243.227	68.279
-243.347	68.624
-243.377	68.654
-243.407	68.909
-243.422	68.969
-243.422	69.149
-243.407	69.284
-243.437	69.419
-243.482	69.509
-243.482	69.554
-243.512	69.644
-243.512	69.719
-243.527	69.749
-243.527	69.854
-243.542	69.914
-243.542	70.019
-243.587	70.109
-243.587	70.304
-243.602	70.334
-243.572	70.469
-243.572	70.499
-243.602	70.559
-243.632	70.694
-243.632	70.919
-243.617	70.949
-243.617	71.084
-243.647	71.144
-243.647	71.174
-243.632	71.204
-243.632	71.279
-243.572	71.429
-243.557	71.489

ELEVATION
STATIONS
440.372	-73.385	23.0
443.361	-71.339	23.1
446.348	-72.242	23.2
448.892	-72.103	23.3
452.890	-72.729	23.4
458.678	-73.775	23.5
465.170	-76.968	23.6
468.538	-76.584	23.7
471.791	-75.919	23.8
476.033	-77.913	23.9
478.940	-77.228	23.10
482.329	-78.523	23.11
496.899	-81.466	23.12
487.478	-80.871	23.13
493.565	-79.791	23.14
491.536	-82.413	23.15
495.676	-77.280	23.16
499.251	-77.543	23.17
502.733	-77.455	23.18
496.927	-84.723	23.19
500.874	-86.180	23.20
506.753	-83.695	23.21
504.716	-87.539	23.22
507.786	-89.062	23.23
511.202	-89.616	23.24
515.021	-89.728	23.25
521.508	-90.727	23.26
529.131	-92.224	23.27
534.697	-93.348	23.28
538.795	-94.177	23.29
542.146	-94.515	23.30
546.660	-95.778	23.31
550.851	-95.892	23.32
552.833	-94.121	23.33
542.420	-106.445	23.30
529.105	-106.010	23.27
515.087	-102.265	23.25
498.977	-74.145	23.17
482.042	-85.905	23.11
471.312	-86.885	23.8
SHOTS
550.851	-95.892	552.833	-94.121
552.833	-94.121	552.722	-94.000
552.833	-94.121	552.657	-94.106
552.833	-94.121	553.044	-90.748
552.833	-94.121	552.038	-98.275
546.660	-95.778	550.851	-95.892
550.851	-95.892	550.897	-95.909
550.851	-95.892	550.837	-95.872
550.851	-95.892	550.811	-97.643
550.851	-95.892	550.682	-89.062
542.146	-94.515	546.660	-95.778
546.660	-95.778	546.539	-95.750
546.660	-95.778	546.634	-95.752
546.660	-95.778	546.620	-96.803
546.660	-95.778	546.405	-88.344
538.795	-94.177	542.146	-94.515
542.146	-94.515	541.820	-94.582
542.146	-94.515	541.779	-96.062
542.146	-94.515	542.165	-94.464
542.146	-94.515	542.642	-87.624
534.697	-93.348	538.795	-94.177
538.795	-94.177	538.353	-94.149
538.795	-94.177	538.470	-95.813
538.795	-94.177	538.865	-94.203
538.795	-94.177	538.668	-93.047
538.795	-94.177	539.040	-85.933
529.131	-92.224	534.697	-93.348
534.697	-93.348	534.447	-93.358
534.697	-93.348	534.326	-95.320
534.697	-93.348	534.710	-93.307
534.697	-93.348	535.103	-85.528
521.508	-90.727	529.131	-92.224
529.131	-92.224	528.936	-92.322
529.131	-92.224	529.130	-93.786
529.131	-92.224	528.160	-83.354
529.131	-92.224	529.027	-92.174
515.021	-89.728	521.508	-90.727
521.508	-90.727	521.772	-90.735
521.508	-90.727	521.810	-92.248
521.508	-90.727	521.564	-83.271
521.508	-90.727	521.417	-90.719
511.202	-89.616	515.021	-89.728
515.021	-89.728	515.246	-86.337
515.021	-89.728	515.043	-92.109
515.021	-89.728	514.849	-89.972
515.021	-89.728	515.074	-89.474
515.021	-89.728	515.389	-88.104
507.786	-89.062	511.202	-89.616
511.202	-89.616	511.120	-90.467
511.202	-89.616	510.164	-81.624
511.202	-89.616	511.385	-89.523
504.716	-87.539	507.786	-89.062
507.786	-89.062	507.977	-89.094
507.786	-89.062	507.711	-88.423
507.786	-89.062	507.955	-90.278
507.786	-89.062	507.748	-89.088
507.786	-89.062	510.073	-89.405
500.874	-86.180	504.716	-87.539
504.716	-87.539	501.846	-87.725
504.716	-87.539	504.643	-88.113
504.716	-87.539	504.818	-87.504
504.716	-87.539	504.795	-79.129
500.874	-86.180	506.753	-83.695
496.927	-84.723	500.874	-86.180
500.874	-86.180	500.845	-87.984
500.874	-86.180	503.742	-86.632
500.874	-86.180	501.440	-84.770
491.536	-82.413	496.927	-84.723
496.927	-84.723	497.008	-76.370
496.927	-84.723	497.096	-84.790
496.927	-84.723	496.847	-84.621
496.927	-84.723	496.577	-85.653
491.536	-82.413	496.899	-81.466
499.251	-77.543	502.733	-77.455
502.733	-77.455	502.800	-77.438
502.733	-77.455	502.764	-77.443
502.733	-77.455	502.723	-77.245
502.733	-77.455	502.747	-77.676
495.676	-77.280	499.251	-77.543
499.251	-77.543	499.249	-77.515
499.251	-77.543	499.285	-77.154
499.251	-77.543	499.227	-77.508
491.536	-82.413	495.676	-77.280
495.676	-77.280	494.878	-77.868
495.676	-77.280	495.758	-78.566
486.147	-81.467	491.536	-82.413
491.536	-82.413	491.616	-78.660
491.536	-82.413	490.030	-82.120
491.536	-82.413	491.154	-84.156
491.536	-82.413	496.180	-77.484
491.536	-82.413	491.842	-81.079
487.478	-80.871	493.565	-79.791
493.565	-79.791	493.547	-79.789
493.565	-79.791	493.558	-79.772
493.565	-79.791	493.550	-79.433
493.565	-79.791	493.543	-80.027
486.147	-81.467	487.478	-80.871
487.478	-80.871	486.541	-80.790
487.478	-80.871	487.442	-81.607
487.478	-80.871	487.537	-79.124
482.329	-78.523	486.147	-81.467
486.147	-81.467	486.230	-77.486
486.147	-81.467	485.515	-81.427
486.147	-81.467	486.585	-83.431
486.147	-81.467	486.282	-81.425
478.940	-77.228	482.329	-78.523
482.329	-78.523	482.274	-80.444
482.329	-78.523	482.321	-76.229
482.329	-78.523	482.433	-78.387
482.329	-78.523	483.126	-76.715
476.033	-77.913	478.940	-77.228
478.940	-77.228	478.167	-73.020
478.940	-77.228	478.774	-77.269
478.940	-77.228	478.975	-77.145
478.940	-77.228	479.101	-80.465
471.791	-75.919	476.033	-77.913
476.033	-77.913	476.579	-72.791
476.033	-77.913	475.690	-77.881
476.033	-77.913	475.730	-79.380
476.033	-77.913	474.426	-77.788
476.033	-77.913	473.303	-78.152
476.033	-77.913	476.909	-77.138
468.538	-76.584	471.791	-75.919
471.791	-75.919	471.873	-75.958
471.791	-75.919	472.247	-71.210
471.791	-75.919	471.235	-77.169
465.170	-76.968	468.538	-76.584
468.538	-76.584	468.517	-76.524
468.538	-76.584	468.555	-76.575
468.538	-76.584	468.557	-75.801
468.538	-76.584	468.513	-77.037
458.678	-73.775	465.170	-76.968
465.170	-76.968	465.745	-76.921
465.170	-76.968	465.237	-76.581
465.170	-76.968	465.570	-71.304
452.890	-72.729	458.678	-73.775
458.678	-73.775	458.678	-73.697
458.678	-73.775	458.439	-69.863
458.678	-73.775	458.739	-75.533
448.892	-72.103	452.890	-72.729
452.890	-72.729	452.713	-72.660
452.890	-72.729	452.856	-70.760
452.890	-72.729	453.095	-72.514
452.890	-72.729	452.877	-72.573
452.890	-72.729	452.869	-73.224
446.348	-72.242	448.892	-72.103
448.892	-72.103	448.847	-72.932
448.892	-72.103	448.085	-71.442
448.892	-72.103	448.908	-71.808
443.361	-71.339	446.348	-72.242
446.348	-72.242	447.037	-72.391
446.348	-72.242	446.930	-65.492
446.348	-72.242	446.347	-72.230
446.348	-72.242	446.380	-72.752
446.348	-72.242	446.010	-69.881
440.372	-73.385	443.361	-71.339
443.361	-71.339	443.366	-73.312
443.361	-71.339	443.435	-71.382
443.361	-71.339	443.611	-67.544
443.361	-71.339	444.843	-73.971
443.361	-71.339	440.344	-69.623
443.361	-71.339	438.363	-66.892
440.372	-73.385	440.372	-73.385
440.372	-73.385	436.662	-73.290
440.372	-73.385	436.729	-73.478
440.372	-73.385	440.283	-73.441
440.372	-73.385	440.320	-72.995
440.372	-73.385	440.256	-71.142
440.372	-73.385	440.372	-73.528
440.372	-73.385	438.876	-73.621
542.420	-106.445	541.482	-106.512	
542.420	-106.445	542.134	-107.992	
542.420	-106.445	542.615	-106.394	
542.420	-106.445	539.144	-99.554	
529.105	-106.010	527.775	-106.108	
529.105	-106.010	529.047	-107.572	
529.105	-106.010	527.609	-97.140	
529.105	-106.010	529.492	-105.960	
515.087	-102.265	514.458	-98.874	
515.087	-102.265	515.741	-104.646	
515.087	-102.265	516.464	-102.509	
515.087	-102.265	514.395	-102.011	
515.087	-102.265	513.609	-100.641	
498.977	-74.145	498.558	-74.117	
498.977	-74.145	498.970	-73.756	
498.977	-74.145	499.671	-74.110	
482.042	-85.905	481.940	-87.826	
482.042	-85.905	482.166	-83.611	
482.042	-85.905	481.370	-85.769	
482.042	-85.905	480.059	-84.097	
471.312	-86.885	472.396	-86.924	
471.312	-86.885	471.771	-82.176	
471.312	-86.885	471.805	-88.135	
POLYLINE BLACK
552.660	-94.205
552.690	-94.265
552.600	-94.595
552.600	-94.715
552.570	-94.835
552.540	-95.075
552.720	-95.135
553.050	-95.135
553.260	-95.195
553.500	-95.255
553.560	-95.195
553.530	-95.045
553.560	-94.895
553.560	-94.745
553.620	-94.475
553.620	-94.355
553.680	-94.175
553.590	-94.085
553.320	-94.085
553.140	-94.025
553.020	-93.995
552.960	-94.025
552.840	-93.995
552.720	-93.995
POLYLINE BLACK
550.560	-89.045
550.590	-89.135
550.770	-89.225
550.920	-89.195
551.190	-89.255
551.370	-89.315
551.640	-89.615
551.790	-89.945
552.090	-90.155
552.210	-90.185
552.270	-90.245
552.390	-90.275
553.050	-90.695
553.170	-90.695
553.260	-90.755
POLYLINE BLACK
550.800	-97.505
550.950	-97.655
551.130	-97.805
551.250	-97.835
551.490	-97.985
551.730	-98.045
552.000	-98.165
552.180	-98.345
POLYLINE BLACK
546.930	-96.785
547.050	-96.815
547.320	-96.905
547.500	-96.935
547.620	-96.905
547.860	-97.025
548.010	-97.055
548.070	-97.115
548.250	-97.115
548.370	-97.145
548.460	-97.145
548.640	-97.055
548.850	-97.115
548.910	-97.085
548.970	-97.115
549.090	-97.085
549.330	-97.145
549.480	-97.295
549.570	-97.385
549.900	-97.475
550.110	-97.475
550.320	-97.505
550.590	-97.505
550.710	-97.535
550.890	-97.565
POLYLINE BLACK
546.450	-88.475
546.510	-88.535
546.780	-88.565
546.840	-88.595
546.900	-88.565
547.170	-88.625
547.560	-88.625
547.770	-88.655
547.980	-88.655
548.160	-88.595
548.340	-88.655
548.430	-88.655
548.730	-88.775
548.850	-88.865
548.940	-88.865
549.060	-88.895
549.480	-88.955
549.600	-88.955
549.750	-88.985
549.930	-88.985
550.050	-89.015
550.170	-89.015
550.320	-89.045
550.470	-89.045
550.650	-89.075
550.710	-89.075
POLYLINE BLACK
541.680	-96.185
541.740	-96.215
542.070	-96.095
542.190	-96.095
542.310	-96.125
542.460	-96.155
542.760	-96.335
542.880	-96.455
543.000	-96.485
543.180	-96.545
543.270	-96.545
543.390	-96.575
543.600	-96.545
543.720	-96.575
543.840	-96.575
543.960	-96.605
544.080	-96.575
544.170	-96.575
544.290	-96.605
544.620	-96.605
544.740	-96.575
544.920	-96.635
545.400	-96.635
545.520	-96.665
545.640	-96.665
545.820	-96.725
545.970	-96.725
546.240	-96.785
546.480	-96.815
546.600	-96.845
546.660	-96.815
546.720	-96.845
546.780	-96.815
546.900	-96.845
547.080	-96.875
POLYLINE BLACK
540.330	-86.135
540.390	-86.135
540.450	-86.195
540.570	-86.195
540.900	-86.345
541.020	-86.375
541.260	-86.435
541.320	-86.495
541.440	-86.495
541.590	-86.675
541.620	-86.765
541.770	-86.825
541.950	-86.945
542.070	-86.975
542.280	-87.005
542.340	-87.065
542.460	-87.095
542.610	-87.215
542.880	-87.275
543.090	-87.365
543.480	-87.575
543.570	-87.575
544.020	-87.725
544.140	-87.755
544.200	-87.755
544.350	-87.845
544.530	-87.965
545.070	-88.085
545.310	-88.145
545.550	-88.205
545.820	-88.355
545.940	-88.355
546.210	-88.415
546.600	-88.505
546.750	-88.535
546.870	-88.565
546.960	-88.595
POLYLINE BLACK
541.330	-106.645
541.330	-106.545
541.270	-106.045
541.270	-105.945
541.230	-105.745
541.130	-105.585
540.970	-105.265
540.930	-105.145
540.890	-105.105
540.890	-105.045
540.810	-104.825
540.790	-104.645
540.790	-104.405
540.670	-104.045
540.670	-104.005
540.630	-103.965
540.590	-103.785
540.470	-103.625
540.350	-103.385
540.330	-103.305
540.250	-103.045
540.250	-102.985
540.170	-102.745
540.150	-102.605
540.110	-102.485
540.110	-102.385
539.990	-102.105
539.830	-101.945
539.670	-101.625
539.650	-101.545
539.510	-101.165
539.510	-101.085
539.490	-100.945
539.490	-100.785
539.410	-100.705
539.350	-100.605
539.330	-100.525
539.230	-100.405
539.170	-100.325
539.150	-100.245
539.110	-100.145
539.010	-100.025
539.010	-99.745
538.910	-99.545
538.910	-99.345
POLYLINE BLACK
542.390	-106.385
542.370	-106.485
542.390	-106.525
542.390	-106.625
542.430	-106.745
542.430	-106.845
542.410	-106.885
542.430	-106.925
542.430	-107.225
542.450	-107.305
542.450	-107.405
542.470	-107.545
542.470	-107.625
542.490	-107.705
542.470	-107.785
542.430	-107.885
542.270	-108.005
542.110	-108.065
542.070	-108.045
541.990	-108.085
541.950	-108.065
541.910	-108.085
541.850	-108.005
541.770	-107.985
541.610	-107.925
541.430	-107.725
541.350	-107.705
541.270	-107.545
541.270	-107.425
541.350	-107.185
541.350	-107.085
541.330	-107.045
541.350	-106.965
541.350	-106.885
541.370	-106.785
541.390	-106.705
541.450	-106.585
541.450	-106.485
541.430	-106.405
POLYLINE BLACK
539.230	-99.425
539.310	-99.765
539.370	-99.885
539.450	-99.925
539.610	-100.185
539.670	-100.365
539.990	-100.725
540.250	-101.025
540.290	-101.025
540.610	-101.345
540.770	-101.585
540.930	-101.745
540.990	-101.845
541.030	-101.885
541.050	-101.965
540.990	-101.965
540.990	-101.965
540.990	-102.005
541.070	-102.045
541.110	-102.145
541.170	-102.225
541.170	-102.305
541.190	-102.445
541.190	-102.705
541.210	-102.785
541.210	-102.845
541.250	-103.005
541.310	-103.105
541.330	-103.205
541.390	-103.425
541.410	-103.505
541.470	-103.605
541.510	-103.685
541.510	-103.685
541.670	-103.885
541.830	-104.285
541.930	-104.425
541.990	-104.485
542.130	-104.705
542.270	-105.145
542.410	-105.425
542.430	-105.605
542.430	-105.965
542.450	-106.045
542.490	-106.305
542.490	-106.445
542.510	-106.485
POLYLINE CONNECT
542.420	-106.445
542.146	-94.515
POLYLINE BLACK
537.950	-95.605
538.040	-95.725
538.520	-95.605
538.760	-95.665
539.060	-95.605
539.330	-95.695
539.600	-95.725
539.720	-95.785
539.810	-95.785
540.050	-95.845
540.260	-95.875
540.410	-95.935
540.470	-95.905
540.860	-95.995
540.920	-95.965
541.160	-96.055
541.520	-96.055
541.700	-96.115
541.790	-96.115
541.910	-96.145
POLYLINE BLACK
529.280	-93.595
529.340	-93.865
529.490	-93.925
529.580	-94.015
529.880	-94.075
530.150	-94.165
530.210	-94.135
530.330	-94.165
530.570	-94.345
530.660	-94.435
530.840	-94.555
530.960	-94.645
531.110	-94.645
531.230	-94.615
531.350	-94.645
531.560	-94.585
531.680	-94.555
531.800	-94.585
POLYLINE BLACK
534.230	-95.335
534.080	-95.185
533.900	-95.125
533.780	-95.095
533.660	-95.065
533.570	-95.065
533.510	-95.095
533.330	-95.005
533.240	-95.005
533.060	-94.915
532.910	-94.915
532.790	-94.885
532.640	-94.885
532.340	-94.765
532.190	-94.765
532.100	-94.645
532.070	-94.525
531.860	-94.525
531.710	-94.495
531.590	-94.495
531.530	-94.555
POLYLINE BLACK
534.320	-95.305
534.440	-95.305
534.560	-95.335
534.680	-95.335
535.010	-95.395
535.130	-95.365
535.280	-95.425
535.400	-95.395
535.580	-95.455
535.790	-95.455
535.910	-95.425
536.060	-95.425
536.180	-95.365
536.300	-95.395
536.450	-95.395
536.750	-95.575
536.930	-95.695
537.050	-95.695
537.260	-95.755
537.380	-95.785
537.500	-95.755
537.620	-95.755
537.740	-95.665
537.860	-95.695
537.920	-95.665
538.250	-95.725
538.310	-95.725
POLYLINE BLACK
534.920	-85.645
535.220	-85.705
535.490	-85.675
535.610	-85.645
535.760	-85.735
535.940	-85.795
536.030	-85.795
536.150	-85.735
536.270	-85.765
536.540	-85.765
536.660	-85.735
537.020	-85.735
537.140	-85.705
537.290	-85.735
537.440	-85.765
537.620	-85.825
538.340	-85.825
538.460	-85.855
538.850	-85.855
538.940	-85.885
539.060	-85.855
539.330	-85.855
539.390	-85.915
539.630	-85.915
539.900	-86.005
540.050	-85.975
540.170	-86.005
540.410	-86.065
540.470	-86.035
540.560	-86.065
540.620	-86.035
POLYLINE BLACK
527.810	-83.395
528.320	-83.335
528.560	-83.335
528.740	-83.275
528.860	-83.305
528.980	-83.335
529.310	-83.545
529.340	-83.635
529.730	-83.935
529.790	-83.995
529.850	-83.995
530.000	-84.085
530.120	-84.115
530.300	-84.175
530.450	-84.175
530.570	-84.205
530.690	-84.295
530.930	-84.295
531.230	-84.355
531.380	-84.355
531.800	-84.415
531.920	-84.445
532.010	-84.445
533.000	-84.865
533.120	-84.895
533.570	-85.105
533.690	-85.195
533.990	-85.315
534.230	-85.465
534.590	-85.645
535.010	-85.645
535.190	-85.675
535.340	-85.645
535.460	-85.645
POLYLINE BLACK
529.160	-83.605
POLYLINE BLACK
527.440	-101.975
527.470	-101.915
527.440	-101.705
527.530	-101.375
527.440	-100.355
527.530	-100.175
527.560	-100.055
527.620	-99.995
527.650	-99.755
527.650	-99.395
527.680	-99.275
527.740	-98.885
527.650	-98.705
527.620	-98.585
527.560	-98.525
527.560	-98.285
527.500	-97.955
527.500	-97.715
527.590	-97.385
POLYLINE BLACK
527.260	-101.495
POLYLINE BLACK
527.800	-106.025
527.410	-105.545
527.350	-105.365
527.350	-105.245
527.290	-104.975
527.200	-104.885
527.290	-104.645
527.290	-103.565
527.410	-103.205
527.440	-103.085
527.470	-102.815
527.500	-102.635
527.470	-102.515
527.470	-102.095
527.440	-102.035
POLYLINE BLACK
529.270	-106.745
529.480	-107.045
529.540	-107.255
529.570	-107.375
529.600	-107.495
529.540	-107.495
529.450	-107.615
529.270	-107.555
529.150	-107.585
529.030	-107.555
528.970	-107.585
528.730	-107.435
528.610	-107.465
528.490	-107.465
528.430	-107.435
528.370	-107.465
528.130	-107.375
528.070	-107.405
527.920	-107.345
527.920	-107.225
527.890	-107.105
528.070	-106.565
528.100	-106.445
527.950	-106.265
527.860	-106.145
527.830	-105.935
POLYLINE BLACK
529.510	-106.085
529.480	-106.325
529.480	-106.475
529.330	-106.295
529.330	-106.235
529.120	-105.995
529.000	-106.085
529.000	-106.205
529.090	-106.385
529.120	-106.505
529.180	-106.685
529.210	-106.835
529.300	-106.925
POLYLINE BLACK
528.100	-97.505
528.190	-97.745
528.190	-97.865
528.250	-97.985
528.250	-98.315
528.280	-98.435
528.280	-98.705
528.310	-98.825
528.400	-99.245
528.670	-99.605
528.790	-99.695
528.790	-99.695
528.970	-100.205
529.030	-100.505
529.120	-100.745
529.090	-100.955
529.120	-101.015
529.090	-101.225
529.090	-101.435
529.120	-101.555
529.120	-101.675
529.150	-101.795
529.180	-102.065
529.180	-102.185
529.210	-102.305
529.210	-102.485
529.180	-102.635
529.180	-103.085
529.420	-103.745
529.300	-104.165
529.270	-104.285
529.270	-104.615
529.360	-104.975
529.360	-105.125
529.420	-105.365
529.510	-105.755
529.570	-105.935
529.570	-106.085
POLYLINE BLACK
527.530	-97.835
527.530	-97.205
527.590	-97.145
527.710	-97.115
527.770	-97.055
528.010	-97.355
528.160	-97.745
POLYLINE CONNECT
529.105	-106.010
529.131	-92.224
POLYLINE BLUE
525.505	-93.410
POLYLINE BLUE
525.295	-93.380
525.205	-93.500
POLYLINE BLUE
524.995	-93.230
524.995	-93.290
524.905	-93.380
524.815	-93.530
POLYLINE BLUE
524.785	-93.170
524.785	-93.230
524.635	-93.410
POLYLINE BLUE
528.295	-93.770
528.175	-93.920
POLYLINE BLUE
528.145	-93.680
527.995	-93.830
527.905	-93.920
527.845	-94.010
POLYLINE BLUE
527.845	-93.770
527.485	-94.160
POLYLINE BLUE
527.575	-93.740
527.275	-94.070
POLYLINE BLUE
526.975	-93.740
527.095	-93.770
527.335	-93.710
527.755	-93.710
527.875	-93.680
528.145	-93.680
528.265	-93.650
528.625	-93.650
528.745	-93.620
528.895	-93.680
POLYLINE BLUE
524.185	-93.170
524.365	-93.170
524.485	-93.140
524.815	-93.140
525.025	-93.170
525.145	-93.170
525.265	-93.230
525.385	-93.200
525.595	-93.200
525.835	-93.260
526.015	-93.230
526.165	-93.290
POLYLINE BLACK
521.605	-92.480
521.725	-92.510
521.905	-92.480
522.025	-92.510
522.175	-92.450
522.295	-92.480
522.475	-92.480
522.805	-92.390
522.925	-92.420
523.225	-92.420
523.285	-92.390
523.405	-92.420
523.735	-92.480
523.855	-92.510
524.065	-92.720
524.365	-93.200
524.425	-93.320
524.485	-93.320
524.605	-93.440
524.725	-93.410
524.845	-93.410
524.965	-93.440
525.085	-93.440
525.205	-93.470
525.325	-93.500
525.505	-93.380
525.745	-93.320
525.865	-93.350
525.955	-93.260
526.015	-93.290
526.135	-93.260
526.315	-93.260
526.435	-93.290
526.495	-93.260
526.765	-93.350
526.885	-93.380
527.065	-93.530
527.155	-93.740
527.275	-93.860
527.335	-93.860
527.515	-94.010
527.635	-94.040
527.815	-94.100
528.025	-94.100
528.145	-94.070
528.445	-93.860
528.505	-93.890
528.625	-93.770
528.805	-93.740
528.865	-93.680
528.925	-93.710
529.075	-93.680
529.135	-93.680
POLYLINE BLACK
521.185	-83.270
521.305	-83.240
521.425	-83.210
521.545	-83.180
521.725	-83.120
521.785	-83.150
521.905	-83.120
522.295	-83.120
522.535	-83.180
522.655	-83.210
522.955	-83.360
523.075	-83.360
523.285	-83.420
523.405	-83.420
523.495	-83.390
523.555	-83.420
523.705	-83.360
524.155	-83.360
524.305	-83.330
524.635	-83.390
524.785	-83.390
525.055	-83.300
525.145	-83.300
525.955	-83.060
526.435	-83.120
526.615	-83.180
526.885	-83.210
527.095	-83.270
527.215	-83.300
527.275	-83.270
527.395	-83.300
527.665	-83.330
527.815	-83.330
POLYLINE BLUE
521.395	-92.510
POLYLINE BLUE
521.665	-92.300
521.545	-92.390
POLYLINE BLUE
520.945	-92.390
520.825	-92.510
POLYLINE BLUE
520.555	-92.420
520.465	-92.510
520.315	-92.630
POLYLINE BLUE
520.225	-92.300
520.045	-92.570
POLYLINE BLUE
519.745	-92.270
519.685	-92.270
519.445	-92.540
POLYLINE BLUE
519.055	-92.240
519.115	-92.270
519.625	-92.180
519.835	-92.180
519.955	-92.150
520.195	-92.180
520.525	-92.210
520.945	-92.270
521.335	-92.270
521.455	-92.300
521.755	-92.300
POLYLINE BLUE
517.375	-92.240
517.285	-92.450
POLYLINE BLUE
517.045	-92.150
516.865	-92.330
516.835	-92.390
POLYLINE BLUE
516.805	-92.060
516.535	-92.300
516.475	-92.330
POLYLINE BLUE
516.355	-92.090
516.175	-92.270
516.115	-92.300
POLYLINE BLUE
515.665	-92.210
515.935	-92.180
516.445	-92.030
516.745	-92.060
516.925	-92.060
517.135	-92.090
517.195	-92.090
517.315	-92.180
517.615	-92.180
517.825	-92.210
517.885	-92.180
518.035	-92.210
518.155	-92.180
518.215	-92.180
POLYLINE BLACK
515.335	-91.970
515.365	-92.090
515.485	-92.120
515.605	-92.150
515.665	-92.210
515.725	-92.210
515.785	-92.270
515.905	-92.300
516.085	-92.360
516.205	-92.390
516.565	-92.480
516.775	-92.480
516.985	-92.390
517.045	-92.420
517.255	-92.390
517.645	-92.390
517.825	-92.330
518.095	-92.300
518.545	-92.300
518.725	-92.360
518.905	-92.360
519.025	-92.390
519.265	-92.390
519.505	-92.480
519.625	-92.600
520.075	-92.480
520.195	-92.450
520.345	-92.360
520.555	-92.360
520.675	-92.330
520.795	-92.300
521.065	-92.390
521.185	-92.420
521.335	-92.420
521.455	-92.450
521.575	-92.450
521.725	-92.480
521.815	-92.480
POLYLINE BLACK
515.425	-86.240
515.485	-86.390
515.605	-86.360
515.695	-86.360
515.815	-86.270
515.875	-86.270
515.965	-86.180
516.145	-86.030
516.415	-85.550
516.445	-85.430
516.475	-85.310
516.535	-85.070
516.655	-84.800
516.685	-84.680
516.925	-84.440
517.105	-84.410
517.345	-84.260
517.615	-84.260
517.795	-84.170
517.915	-84.200
518.155	-84.200
518.185	-84.260
518.185	-84.200
518.365	-84.350
518.485	-84.380
518.665	-84.470
518.785	-84.500
518.935	-84.530
519.055	-84.560
519.115	-84.590
519.175	-84.560
519.355	-84.620
519.445	-84.620
519.505	-84.590
519.565	-84.650
519.805	-84.590
520.105	-84.440
520.825	-83.810
520.855	-83.660
521.035	-83.360
521.125	-83.330
521.215	-83.180
521.335	-83.210
521.395	-83.180
521.515	-83.210
POLYLINE BLUE
516.557	-104.590
516.527	-104.620
516.527	-104.650
POLYLINE BLUE
516.452	-104.560
516.452	-104.590
516.437	-104.620
POLYLINE BLUE
516.362	-104.560
516.332	-104.620
516.332	-104.650
POLYLINE BLUE
516.272	-104.560
516.227	-104.620
516.212	-104.665
POLYLINE BLUE
516.182	-104.500
516.092	-104.620
516.077	-104.650
POLYLINE BLUE
516.077	-104.440
516.062	-104.485
515.927	-104.680
POLYLINE BLUE
515.867	-104.530
515.852	-104.605
POLYLINE BLUE
515.537	-104.515
515.672	-104.500
515.807	-104.470
515.882	-104.485
515.972	-104.485
516.032	-104.470
516.107	-104.485
516.287	-104.485
516.347	-104.515
516.407	-104.515
516.482	-104.530
516.512	-104.530
516.542	-104.545
516.572	-104.530
516.602	-104.545
516.662	-104.530
516.692	-104.530
POLYLINE BLACK
515.537	-104.470
515.447	-104.350
515.387	-104.155
515.357	-104.095
515.342	-104.020
515.282	-103.930
515.282	-103.900
515.207	-103.780
515.147	-103.615
515.102	-103.525
515.102	-103.345
515.087	-103.285
515.072	-103.150
515.027	-102.985
515.027	-102.925
514.997	-102.805
514.997	-102.640
515.012	-102.580
515.012	-102.460
514.967	-102.325
514.817	-102.220
514.787	-102.220
514.727	-102.175
514.667	-102.175
514.607	-102.160
514.547	-102.160
514.412	-102.085
514.322	-102.025
514.277	-101.920
514.262	-101.845
514.217	-101.725
513.992	-101.395
513.917	-101.305
513.857	-101.260
513.812	-101.200
513.812	-101.155
513.767	-101.020
513.767	-100.990
513.707	-100.855
513.632	-100.735
513.602	-100.615
513.602	-100.585
POLYLINE BLACK
516.422	-102.580
516.467	-102.775
516.542	-102.940
516.542	-102.970
516.572	-103.000
516.662	-103.240
516.662	-103.270
516.692	-103.300
516.722	-103.405
516.797	-103.495
516.842	-103.630
516.842	-103.660
516.857	-103.720
516.842	-103.780
516.842	-103.885
516.812	-103.990
516.812	-104.155
516.767	-104.350
516.767	-104.470
516.722	-104.575
516.632	-104.605
516.602	-104.635
516.572	-104.635
516.512	-104.665
516.482	-104.665
516.452	-104.680
516.317	-104.635
516.242	-104.635
516.182	-104.620
516.122	-104.635
516.092	-104.620
516.032	-104.650
516.002	-104.635
515.972	-104.650
515.807	-104.650
515.717	-104.590
515.642	-104.590
515.582	-104.560
515.537	-104.485
515.537	-104.425
POLYLINE BLACK
515.357	-100.135
515.447	-100.300
515.522	-100.390
515.672	-100.510
515.747	-100.660
515.747	-100.690
515.882	-100.990
516.002	-101.095
516.137	-101.125
516.197	-101.185
516.212	-101.260
516.317	-101.500
516.407	-101.605
516.467	-101.740
516.467	-101.785
516.497	-101.845
516.497	-101.875
516.512	-101.905
516.512	-101.965
516.527	-101.995
516.512	-102.130
516.467	-102.265
516.467	-102.400
516.452	-102.430
516.452	-102.580
516.497	-102.775
POLYLINE BLACK
514.637	-98.725
514.787	-98.860
514.847	-98.950
514.892	-99.010
514.892	-99.040
514.922	-99.070
514.922	-99.100
514.982	-99.265
514.982	-99.295
515.012	-99.355
515.012	-99.385
515.027	-99.415
515.027	-99.565
515.042	-99.625
515.042	-99.670
515.102	-99.805
515.102	-99.850
515.132	-99.910
515.132	-99.955
515.162	-100.045
515.207	-100.105
515.282	-100.150
515.312	-100.150
515.432	-100.210
515.492	-100.210
515.522	-100.225
POLYLINE BLACK
513.617	-100.675
513.662	-100.540
513.662	-100.510
513.692	-100.450
513.707	-100.270
513.677	-100.105
513.677	-99.820
513.707	-99.685
513.737	-99.475
513.737	-99.280
513.767	-99.220
513.767	-99.175
514.022	-98.965
514.142	-98.875
514.307	-98.800
514.352	-98.800
514.442	-98.770
514.502	-98.770
514.652	-98.800
514.712	-98.830
POLYLINE CONNECT
515.087	-102.265
515.021	-89.728
POLYLINE BLACK
514.532	-86.305
514.772	-86.305
514.982	-86.335
515.192	-86.305
515.312	-86.335
515.462	-86.335
POLYLINE BLUE
513.692	-92.215
513.662	-92.365
POLYLINE BLUE
513.632	-91.975
513.632	-92.035
513.302	-92.635
POLYLINE BLUE
513.482	-92.215
513.392	-92.305
513.302	-92.365
POLYLINE BLUE
513.842	-92.215
513.752	-92.365
POLYLINE BLUE
513.662	-92.185
POLYLINE BLUE
513.392	-92.185
513.362	-92.245
POLYLINE BLUE
513.242	-92.185
513.182	-92.305
POLYLINE BLUE
513.122	-92.095
513.032	-92.245
POLYLINE BLUE
512.492	-92.065
512.612	-92.095
512.882	-92.035
513.152	-92.035
513.272	-92.065
513.392	-92.035
513.512	-92.065
513.782	-92.095
513.902	-92.125
514.022	-92.155
514.082	-92.125
514.202	-92.155
POLYLINE BLACK
511.472	-91.045
511.562	-91.135
511.892	-91.285
511.952	-91.285
512.012	-91.345
512.072	-91.345
512.462	-91.735
512.552	-91.825
512.762	-92.125
512.972	-92.275
513.092	-92.335
513.122	-92.395
513.242	-92.395
513.362	-92.425
513.572	-92.425
513.692	-92.395
513.752	-92.395
513.872	-92.305
513.932	-92.335
514.232	-92.155
514.292	-92.155
514.412	-92.065
514.562	-92.065
514.682	-91.975
514.922	-92.005
POLYLINE BLACK
510.962	-82.195
511.142	-82.465
511.292	-82.885
511.472	-83.545
511.772	-84.145
511.952	-84.415
512.312	-84.745
512.612	-85.015
512.732	-85.135
513.062	-85.555
513.422	-85.795
513.722	-85.945
513.992	-86.005
514.172	-86.095
514.292	-86.095
514.442	-86.185
514.712	-86.245
514.772	-86.305
514.892	-86.335
POLYLINE BLACK
510.002	-80.755
509.582	-80.695
509.522	-80.665
509.402	-80.695
509.102	-80.905
508.922	-80.995
508.802	-81.025
508.622	-81.145
508.412	-81.445
508.322	-81.835
508.412	-81.925
508.532	-81.955
508.742	-81.955
509.192	-81.835
509.372	-81.805
509.492	-81.715
509.732	-81.715
510.002	-81.745
510.212	-81.835
510.512	-81.865
510.662	-81.955
510.782	-81.985
511.202	-82.255
POLYLINE GREEN
507.752	-86.035
507.842	-86.185
POLYLINE GREEN
507.842	-86.065
507.662	-85.585
507.632	-85.465
507.632	-84.835
507.512	-84.535
507.332	-84.385
507.122	-84.325
507.002	-84.205
506.882	-84.175
POLYLINE GREEN
505.622	-86.095
505.862	-85.585
506.192	-85.225
506.222	-85.075
506.312	-84.955
506.312	-84.865
506.402	-84.655
506.462	-84.595
506.492	-84.475
506.642	-84.355
506.912	-84.325
507.032	-84.295
POLYLINE GREEN
506.882	-84.025
507.002	-84.145
507.062	-84.295
507.122	-84.355
POLYLINE GREEN
506.792	-83.815
506.912	-83.935
507.092	-84.265
507.092	-84.325
POLYLINE GREEN
506.642	-82.945
506.672	-83.095
506.732	-83.425
506.732	-83.665
506.762	-83.785
506.642	-84.115
506.462	-84.445
506.462	-84.505
POLYLINE GREEN
507.842	-88.255
507.782	-88.315
507.422	-88.285
507.092	-88.045
506.972	-87.985
506.852	-87.865
506.282	-87.565
506.072	-87.535
506.012	-87.475
505.682	-87.415
505.562	-87.385
505.502	-87.355
505.382	-87.385
505.172	-87.355
505.112	-87.385
505.052	-87.355
504.992	-87.205
504.932	-87.175
504.902	-87.085
504.812	-86.995
504.752	-86.815
504.752	-86.665
504.902	-86.305
505.112	-86.095
505.292	-85.975
505.412	-85.945
505.592	-86.005
506.012	-86.065
506.492	-86.215
506.642	-86.215
506.702	-86.185
506.822	-86.215
506.942	-86.185
507.062	-86.245
507.122	-86.215
507.332	-86.275
507.452	-86.305
507.572	-86.275
507.662	-86.305
507.842	-86.245
507.962	-86.275
508.082	-86.305
508.172	-86.425
508.202	-86.695
508.232	-86.815
508.232	-87.145
508.262	-87.265
508.262	-87.385
508.292	-87.505
508.292	-87.895
508.172	-88.165
507.992	-88.315
507.752	-88.405
POLYLINE BLUE
508.262	-90.175
508.232	-90.235
POLYLINE BLUE
509.372	-90.235
509.102	-90.415
POLYLINE BLUE
509.222	-90.175
508.952	-90.415
POLYLINE BLUE
508.832	-90.115
508.712	-90.175
508.562	-90.385
POLYLINE BLUE
508.772	-89.995
508.472	-90.235
508.202	-90.415
POLYLINE BLUE
508.232	-90.085
507.932	-90.235
507.812	-90.325
POLYLINE BLUE
507.452	-90.235
507.752	-90.205
508.022	-90.115
508.322	-90.115
508.442	-90.085
508.742	-90.115
509.012	-90.085
509.372	-90.145
509.732	-90.115
509.852	-90.145
POLYLINE BLACK
507.572	-90.235
507.662	-90.325
507.752	-90.325
507.872	-90.415
507.962	-90.415
508.082	-90.445
508.202	-90.445
508.502	-90.505
508.622	-90.475
508.682	-90.505
508.802	-90.475
508.892	-90.505
509.012	-90.475
509.102	-90.475
509.612	-90.295
509.732	-90.205
509.972	-90.205
510.032	-90.265
510.032	-90.265
510.032	-90.175
510.212	-90.235
510.332	-90.205
510.512	-90.265
510.722	-90.265
510.782	-90.325
510.842	-90.325
511.202	-90.565
511.442	-90.745
511.532	-90.865
511.622	-91.225
POLYLINE BLACK
504.602	-88.015
504.722	-88.075
504.782	-88.045
505.022	-88.135
505.322	-88.375
505.682	-88.705
505.742	-88.705
505.952	-88.855
506.072	-88.855
506.372	-89.155
506.492	-89.395
506.522	-89.515
506.582	-89.725
506.882	-90.025
507.092	-90.115
507.212	-90.205
507.272	-90.175
507.392	-90.205
507.452	-90.205
507.512	-90.265
507.782	-90.235
POLYLINE BLACK
510.872	-79.255
POLYLINE BLACK
509.492	-79.195
509.972	-79.195
POLYLINE BLACK
507.272	-79.075
507.602	-79.015
507.782	-78.985
507.992	-78.985
508.382	-78.925
508.472	-78.925
POLYLINE BLACK
506.132	-79.135
506.522	-79.015
506.642	-79.045
POLYLINE BLACK
504.902	-79.015
505.052	-79.105
505.382	-79.105
POLYLINE BLACK
508.442	-79.105
508.652	-79.165
508.712	-79.135
508.832	-79.165
POLYLINE BLACK
506.942	-79.225
POLYLINE BLUE
503.792	-88.405
504.092	-88.165
POLYLINE BLUE
503.252	-88.525
503.642	-88.165
POLYLINE BLUE
502.622	-88.645
503.192	-88.225
503.432	-88.075
POLYLINE BLUE
502.022	-88.525
502.262	-88.315
502.592	-88.105
POLYLINE BLUE
501.482	-88.525
501.962	-88.045
POLYLINE BLUE
500.942	-88.195
500.972	-88.255
501.542	-87.895
501.602	-87.895
POLYLINE BLUE
500.972	-88.255
POLYLINE BLACK
499.982	-87.985
500.042	-88.045
500.102	-88.015
500.222	-88.105
500.372	-88.135
500.552	-88.225
500.672	-88.225
500.792	-88.255
500.912	-88.255
501.152	-88.315
501.212	-88.285
501.302	-88.345
501.422	-88.345
501.602	-88.405
501.662	-88.375
501.902	-88.465
502.262	-88.465
502.472	-88.525
502.592	-88.495
502.682	-88.495
502.802	-88.525
503.132	-88.525
503.252	-88.495
503.462	-88.525
503.702	-88.405
503.822	-88.435
503.942	-88.375
504.002	-88.405
504.062	-88.345
504.182	-88.315
504.242	-88.345
504.422	-88.225
504.482	-88.225
504.662	-87.985
POLYLINE BLUE
500.552	-88.015
500.852	-88.075
500.972	-88.105
501.092	-88.075
501.362	-88.135
501.422	-88.165
501.692	-88.105
501.812	-88.105
501.872	-88.135
502.412	-88.045
502.622	-88.075
502.952	-88.075
503.222	-88.015
503.522	-88.015
503.582	-87.985
503.642	-88.015
503.762	-87.985
503.882	-88.015
504.002	-87.985
504.152	-87.955
504.272	-88.015
504.332	-87.985
504.452	-88.015
504.632	-87.925
504.692	-87.925
POLYLINE BLACK
501.062	-84.775
501.122	-84.745
501.182	-84.775
501.572	-84.505
501.872	-84.175
501.902	-84.055
501.992	-84.025
502.232	-83.725
502.232	-83.725
502.232	-83.725
502.232	-83.725
502.232	-83.725
502.352	-83.545
502.352	-83.455
502.382	-83.335
502.352	-83.215
502.352	-83.095
502.262	-82.825
502.202	-82.645
502.202	-82.405
502.292	-82.045
502.292	-81.865
502.322	-81.715
502.322	-81.535
502.352	-81.385
502.352	-81.265
502.382	-81.145
502.412	-81.025
502.562	-80.755
502.562	-80.695
502.712	-80.515
502.772	-80.185
502.802	-80.035
502.832	-79.915
502.922	-79.765
503.102	-79.465
503.132	-79.345
503.432	-78.925
503.432	-78.805
503.492	-78.595
503.672	-78.445
503.792	-78.475
503.912	-78.415
504.032	-78.445
504.182	-78.475
504.362	-78.595
504.602	-78.625
504.692	-78.805
504.692	-78.955
504.752	-79.075
504.992	-79.255
POLYLINE BLACK
500.672	-84.535
500.852	-84.655
501.092	-84.655
501.332	-84.565
501.362	-84.625
POLYLINE BLACK
496.412	-85.615
496.532	-85.705
496.652	-85.705
496.772	-85.675
496.952	-85.735
497.012	-85.705
497.252	-85.765
497.372	-85.765
497.492	-85.825
497.582	-85.825
497.822	-85.975
497.882	-85.975
497.942	-86.035
498.062	-86.065
498.242	-86.245
498.602	-86.545
498.692	-86.635
498.752	-86.785
498.992	-87.145
499.202	-87.445
499.232	-87.595
499.322	-87.715
499.382	-87.715
499.472	-87.805
499.472	-87.805
499.532	-87.865
499.772	-87.925
500.012	-87.985
500.252	-87.955
500.402	-87.985
500.582	-87.985
500.702	-88.015
500.822	-87.955
501.092	-87.955
POLYLINE BLACK
496.412	-76.405
496.562	-76.465
496.772	-76.465
496.892	-76.405
497.072	-76.465
497.612	-77.005
497.672	-77.155
497.882	-77.425
497.912	-77.545
498.062	-77.815
498.062	-77.875
498.182	-78.055
498.242	-78.385
498.242	-78.535
498.362	-78.865
498.392	-78.985
498.452	-79.225
498.482	-79.525
498.452	-79.645
498.572	-80.035
498.572	-80.515
498.512	-80.605
498.512	-80.725
498.482	-80.785
498.482	-80.725
498.512	-80.845
498.512	-80.935
498.542	-81.055
498.512	-81.115
498.632	-81.625
498.632	-81.715
498.662	-81.835
498.692	-82.165
498.902	-83.155
498.962	-83.395
499.052	-83.665
499.172	-83.695
499.382	-83.305
499.472	-83.215
499.622	-83.575
499.622	-83.635
499.682	-83.695
499.712	-83.815
499.802	-83.965
499.952	-84.205
499.952	-84.295
500.012	-84.475
500.072	-84.415
500.102	-84.295
500.312	-84.085
500.432	-84.265
500.462	-84.385
500.642	-84.685
500.702	-84.685
500.792	-84.535
POLYLINE BLUE
495.452	-85.885
495.602	-85.675
POLYLINE BLUE
495.152	-85.885
495.392	-85.705
POLYLINE BLUE
496.232	-85.705
495.992	-85.945
495.932	-86.035
POLYLINE BLUE
496.022	-85.675
495.992	-85.765
495.752	-85.945
495.722	-86.035
POLYLINE BLUE
495.692	-85.765
495.332	-86.155
POLYLINE BLUE
495.452	-85.825
495.272	-85.945
495.152	-86.065
POLYLINE BLUE
495.062	-85.705
495.272	-85.915
495.452	-86.005
495.572	-86.035
495.812	-86.125
495.932	-86.125
496.052	-86.095
496.172	-86.065
496.442	-85.765
496.472	-85.645
496.472	-85.585
POLYLINE BLUE
494.222	-85.225
494.042	-85.345
POLYLINE BLUE
494.402	-85.195
494.372	-85.435
494.222	-85.495
494.102	-85.465
494.042	-85.525
493.802	-85.525
493.682	-85.495
493.562	-85.525
POLYLINE BLUE
493.772	-85.105
493.562	-85.345
POLYLINE BLUE
493.622	-85.135
493.472	-85.435
POLYLINE BLUE
493.442	-85.165
493.262	-85.315
493.262	-85.405
493.232	-85.465
POLYLINE BLUE
493.052	-85.105
493.202	-85.315
493.382	-85.435
493.502	-85.405
493.622	-85.435
493.742	-85.405
494.222	-85.105
POLYLINE BLACK
491.042	-84.145
491.162	-84.235
491.672	-84.235
491.912	-84.175
491.972	-84.175
492.092	-84.265
492.152	-84.235
492.662	-84.415
492.782	-84.445
492.872	-84.535
493.052	-84.745
493.052	-84.805
493.202	-85.015
493.322	-85.105
493.622	-85.105
493.742	-85.075
493.862	-85.105
494.012	-85.075
494.132	-85.075
494.252	-85.045
494.552	-85.165
494.612	-85.135
494.732	-85.195
494.972	-85.495
495.092	-85.585
495.212	-85.615
495.332	-85.645
495.482	-85.645
495.542	-85.675
495.602	-85.645
495.662	-85.675
495.722	-85.645
495.872	-85.705
496.022	-85.675
496.322	-85.675
496.442	-85.645
496.502	-85.705
496.562	-85.675
POLYLINE BLACK
491.432	-78.715
491.612	-78.805
491.942	-78.835
492.272	-78.595
492.482	-78.385
492.542	-78.235
492.722	-78.115
492.842	-78.085
493.532	-77.725
493.922	-77.305
494.132	-77.245
494.462	-77.095
494.522	-77.095
494.702	-76.975
494.912	-76.885
495.062	-76.795
495.182	-76.735
495.272	-76.735
495.542	-76.645
495.602	-76.585
495.662	-76.585
495.752	-76.525
495.812	-76.555
496.052	-76.465
496.172	-76.555
496.292	-76.525
496.442	-76.585
496.562	-76.555
496.832	-76.585
496.892	-76.555
POLYLINE BLACK
499.552	-74.035
499.642	-74.125
499.632	-74.165
499.592	-74.225
499.572	-74.225
499.552	-74.245
499.532	-74.245
POLYLINE BLACK
498.492	-74.105
498.512	-74.165
498.512	-74.265
498.532	-74.275
498.562	-74.265
498.622	-74.285
498.662	-74.295
498.702	-74.285
498.782	-74.275
498.822	-74.265
498.902	-74.245
498.942	-74.235
498.982	-74.225
499.042	-74.225
499.122	-74.195
499.222	-74.175
499.392	-74.225
499.452	-74.215
499.472	-74.235
499.512	-74.235
499.532	-74.225
499.552	-74.235
499.592	-74.215
499.612	-74.155
499.612	-74.125
499.592	-74.105
POLYLINE BLACK
499.642	-74.075
499.602	-74.065
499.562	-74.035
499.542	-74.035
499.512	-73.995
499.422	-73.965
499.342	-73.905
499.292	-73.895
499.122	-73.825
499.102	-73.825
499.062	-73.785
499.022	-73.775
498.972	-73.765
498.962	-73.745
498.922	-73.745
498.832	-73.715
498.782	-73.665
498.682	-73.645
498.642	-73.635
498.602	-73.645
498.562	-73.665
498.532	-73.725
498.532	-73.755
498.522	-73.795
498.532	-73.835
498.522	-73.875
498.532	-73.915
498.532	-73.955
498.542	-74.005
498.542	-74.105
498.562	-74.155
498.602	-74.165
POLYLINE CONNECT
498.977	-74.145
499.251	-77.543
POLYLINE BROWN
501.737	-78.075
501.857	-78.045
502.037	-77.955
502.097	-77.955
502.247	-77.865
502.367	-77.775
502.427	-77.775
502.517	-77.655
502.637	-77.655
502.727	-77.475
502.727	-77.325
502.577	-77.175
502.337	-77.115
502.217	-77.085
502.127	-76.995
501.887	-76.995
501.647	-76.875
501.527	-76.875
501.407	-76.845
501.107	-76.845
500.987	-76.815
500.627	-76.815
500.447	-76.875
500.327	-76.905
500.117	-77.025
499.997	-77.055
499.877	-77.085
499.667	-77.085
499.607	-77.055
499.427	-77.115
499.367	-77.085
499.247	-77.115
499.127	-77.145
499.007	-77.175
498.887	-77.145
498.617	-77.145
498.497	-77.115
498.377	-77.145
498.257	-77.055
498.017	-77.115
497.897	-77.085
497.567	-77.085
497.447	-77.115
497.327	-77.085
497.027	-77.025
496.967	-77.055
496.847	-76.995
496.667	-77.055
496.607	-77.025
496.337	-77.085
496.217	-77.055
496.097	-77.085
496.037	-77.055
495.797	-77.145
POLYLINE BROWN
502.067	-77.595
POLYLINE BROWN
499.037	-77.775
499.067	-77.835
499.187	-77.835
499.247	-77.865
499.367	-77.835
499.607	-77.865
499.667	-77.805
499.727	-77.865
499.787	-77.835
499.847	-77.865
499.907	-77.835
500.147	-77.895
500.207	-77.895
500.327	-77.985
500.447	-78.015
500.507	-78.075
500.687	-78.045
500.747	-78.105
500.927	-78.105
500.987	-78.165
501.227	-78.165
501.287	-78.195
501.407	-78.165
501.527	-78.135
501.647	-78.105
501.707	-78.045
501.767	-78.075
502.067	-77.925
POLYLINE BROWN
495.677	-78.645
495.737	-78.645
495.797	-78.585
495.917	-78.585
496.247	-78.495
496.487	-78.435
496.727	-78.375
496.937	-78.345
497.057	-78.315
497.537	-78.135
497.597	-78.075
497.747	-78.045
498.047	-77.895
498.377	-77.865
498.557	-77.805
498.617	-77.835
498.797	-77.775
498.917	-77.805
499.127	-77.805
499.247	-77.775
499.307	-77.835
499.367	-77.835
POLYLINE BROWN
491.957	-82.425
492.557	-81.975
492.617	-81.915
492.677	-81.915
492.797	-81.795
492.917	-81.585
493.127	-81.495
493.307	-81.345
493.457	-81.285
493.547	-81.195
493.727	-81.045
493.817	-81.015
494.087	-80.745
494.147	-80.715
494.237	-80.565
494.387	-80.385
494.417	-80.265
494.567	-80.025
494.717	-79.875
494.837	-79.605
494.867	-79.485
495.017	-79.245
495.107	-79.155
495.467	-78.795
495.677	-78.705
495.707	-78.645
495.767	-78.645
495.827	-78.585
496.007	-78.615
496.067	-78.585
496.127	-78.615
496.187	-78.585
POLYLINE BROWN
492.317	-78.585
492.407	-78.585
492.647	-78.435
492.767	-78.405
492.947	-78.315
493.217	-78.255
493.577	-78.045
493.727	-78.015
494.057	-77.745
494.177	-77.715
494.297	-77.595
494.417	-77.595
494.537	-77.505
494.627	-77.505
494.807	-77.415
494.927	-77.385
495.197	-77.295
495.257	-77.235
495.377	-77.265
495.497	-77.175
495.617	-77.145
495.707	-77.175
495.887	-77.085
496.007	-77.115
496.127	-77.085
POLYLINE BROWN
493.517	-80.595
493.337	-80.565
493.007	-80.595
492.887	-80.565
POLYLINE BROWN
493.487	-80.415
493.367	-80.445
493.217	-80.415
POLYLINE BROWN
493.427	-79.425
493.607	-79.605
493.607	-79.665
493.727	-79.755
493.817	-80.025
493.817	-80.205
493.667	-80.505
493.577	-80.565
493.517	-80.565
493.457	-80.625
493.337	-80.655
POLYLINE BROWN
487.547	-81.315
487.607	-81.465
487.667	-81.495
487.847	-81.375
487.907	-81.375
488.057	-81.285
488.357	-81.135
488.477	-81.135
488.537	-81.105
488.627	-81.135
488.747	-81.105
488.867	-81.075
488.927	-81.015
489.047	-81.015
489.287	-80.955
489.437	-80.955
489.557	-80.925
489.947	-80.895
490.007	-80.925
490.187	-80.865
490.337	-80.865
490.397	-80.805
490.457	-80.835
490.517	-80.775
490.637	-80.745
490.937	-80.655
491.057	-80.625
491.177	-80.595
491.507	-80.565
491.627	-80.535
491.747	-80.565
491.807	-80.535
491.927	-80.565
492.377	-80.565
492.437	-80.595
492.587	-80.535
492.647	-80.565
POLYLINE BROWN
487.427	-81.375
487.457	-81.435
POLYLINE BROWN
493.562	-80.415
493.562	-80.445
493.532	-80.430
493.472	-80.445
493.322	-80.400
493.292	-80.430
493.232	-80.415
493.157	-80.430
493.067	-80.430
493.007	-80.460
492.977	-80.460
492.812	-80.535
492.782	-80.520
492.632	-80.565
492.542	-80.610
492.497	-80.610
492.467	-80.625
POLYLINE BROWN
487.277	-79.245
487.337	-79.215
487.457	-79.245
487.517	-79.215
487.577	-79.275
487.817	-79.275
487.937	-79.335
488.027	-79.335
488.177	-79.365
488.237	-79.335
488.297	-79.365
489.047	-79.335
489.137	-79.365
489.317	-79.305
489.527	-79.365
489.767	-79.395
489.977	-79.365
490.097	-79.395
490.517	-79.395
490.577	-79.455
490.697	-79.425
490.757	-79.395
490.907	-79.425
490.997	-79.395
491.057	-79.425
491.267	-79.395
491.747	-79.395
491.807	-79.365
491.927	-79.365
492.077	-79.425
492.197	-79.365
492.287	-79.365
492.347	-79.395
492.467	-79.365
492.707	-79.335
492.857	-79.335
493.187	-79.425
493.277	-79.425
493.397	-79.515
493.517	-79.485
493.577	-79.515
493.637	-79.485
POLYLINE BROWN
487.397	-79.125
487.337	-79.155
487.277	-79.125
487.097	-79.185
486.887	-79.425
486.767	-79.725
486.677	-79.845
486.677	-80.565
486.737	-80.835
486.767	-80.985
486.917	-81.225
486.917	-81.315
487.067	-81.465
487.157	-81.465
487.277	-81.495
487.397	-81.495
487.517	-81.465
487.577	-81.255
487.637	-81.195
487.637	-81.105
487.727	-80.775
487.727	-80.685
487.757	-80.565
487.757	-80.295
487.787	-80.085
487.817	-79.845
487.727	-79.455
487.667	-79.335
487.487	-79.215
487.367	-79.245
POLYLINE BLACK
491.267	-84.135
491.147	-84.135
490.907	-84.075
490.847	-84.075
490.787	-84.015
490.667	-83.985
490.547	-83.895
490.427	-83.865
490.187	-83.805
489.917	-83.535
489.617	-83.535
489.557	-83.505
489.347	-83.565
489.107	-83.535
488.957	-83.535
488.837	-83.505
488.687	-83.505
488.507	-83.385
488.387	-83.295
488.327	-83.295
488.267	-83.235
488.147	-83.205
488.087	-83.175
487.967	-83.205
487.907	-83.175
487.847	-83.205
487.667	-83.145
487.517	-83.145
487.367	-83.175
487.187	-83.175
487.067	-83.235
486.977	-83.235
486.857	-83.325
POLYLINE BLACK
486.407	-77.415
486.527	-77.445
486.587	-77.475
486.647	-77.445
486.707	-77.475
486.767	-77.445
486.827	-77.505
486.947	-77.535
487.067	-77.565
487.187	-77.595
487.517	-77.715
487.577	-77.715
487.637	-77.775
487.757	-77.775
487.817	-77.835
488.027	-77.775
488.147	-77.775
488.447	-77.865
488.567	-77.865
488.897	-77.985
489.047	-77.985
489.167	-78.015
489.317	-77.985
489.377	-78.015
489.497	-77.985
489.887	-78.075
489.947	-78.165
490.157	-78.255
490.277	-78.345
490.547	-78.435
490.817	-78.555
490.907	-78.555
491.147	-78.615
491.327	-78.615
491.537	-78.705
491.657	-78.675
491.777	-78.675
491.837	-78.645
491.927	-78.675
492.047	-78.645
492.137	-78.645
492.197	-78.615
492.257	-78.645
POLYLINE BLACK
486.227	-83.205
486.347	-83.235
486.467	-83.175
486.587	-83.205
486.647	-83.175
486.827	-83.235
487.007	-83.175
487.067	-83.235
487.127	-83.205
487.277	-83.235
487.397	-83.235
POLYLINE BLACK
482.477	-76.395
482.477	-76.455
482.747	-76.515
482.957	-76.605
483.077	-76.695
483.347	-76.755
483.737	-76.845
483.887	-76.845
484.277	-76.965
484.397	-76.965
484.577	-77.085
484.637	-77.085
484.757	-77.175
484.967	-77.205
485.087	-77.295
485.237	-77.325
485.417	-77.415
485.537	-77.415
485.747	-77.475
485.957	-77.445
486.407	-77.475
486.707	-77.445
487.007	-77.355
487.187	-77.385
487.247	-77.355
POLYLINE BLACK
484.007	-82.095
483.797	-82.035
483.677	-82.005
483.377	-81.855
POLYLINE BLACK
485.537	-83.235
485.477	-83.205
485.417	-83.235
485.297	-83.205
485.177	-83.205
485.117	-83.175
484.967	-83.205
484.847	-83.235
484.697	-83.205
484.517	-83.205
484.457	-83.235
484.337	-83.235
484.217	-83.205
484.067	-83.205
483.887	-83.145
483.827	-83.205
483.647	-83.205
483.527	-83.235
483.407	-83.235
483.347	-83.265
POLYLINE BLACK
482.057	-80.325
482.147	-80.445
482.267	-80.475
482.387	-80.445
482.567	-80.445
482.687	-80.415
483.167	-80.415
483.287	-80.445
483.647	-80.535
483.827	-80.595
483.917	-80.595
483.977	-80.655
484.157	-80.685
484.187	-80.745
484.247	-80.745
484.397	-80.985
484.397	-81.165
484.487	-81.405
484.517	-81.525
484.547	-81.645
484.547	-81.855
484.427	-82.245
484.427	-82.305
484.307	-82.305
484.187	-82.215
484.127	-82.215
483.887	-82.065
483.827	-82.065
POLYLINE BLACK
486.827	-83.265
486.707	-83.265
486.377	-83.175
486.257	-83.205
486.137	-83.145
486.047	-83.145
485.927	-83.205
485.807	-83.175
485.687	-83.205
485.567	-83.175
485.327	-83.235
POLYLINE BLACK
479.837	-81.360
POLYLINE BLACK
479.732	-84.315
479.732	-84.285
479.792	-84.240
479.882	-84.105
479.942	-84.060
479.972	-84.060
480.092	-83.970
480.212	-83.910
POLYLINE BLACK
479.867	-84.135
479.882	-84.180
479.702	-84.450
479.687	-84.480
479.687	-84.555
479.672	-84.615
479.672	-84.690
479.732	-84.885
479.807	-85.050
479.882	-85.140
479.927	-85.200
479.987	-85.245
480.017	-85.245
480.077	-85.260
480.107	-85.260
480.137	-85.245
480.197	-85.260
480.257	-85.230
480.317	-85.245
480.347	-85.230
480.377	-85.260
480.542	-85.260
480.602	-85.290
480.632	-85.290
480.692	-85.335
480.722	-85.380
480.767	-85.410
480.797	-85.455
480.827	-85.455
480.887	-85.500
480.917	-85.500
481.052	-85.560
481.082	-85.560
481.172	-85.590
481.247	-85.590
481.307	-85.620
481.337	-85.620
481.367	-85.650
481.397	-85.650
481.457	-85.680
481.472	-85.740
481.502	-85.785
481.502	-85.815
POLYLINE BLACK
480.047	-83.955
480.047	-83.985
POLYLINE BLACK
482.057	-85.890
482.072	-85.920
482.057	-85.785
482.072	-85.725
482.072	-85.650
482.102	-85.590
482.102	-85.530
482.147	-85.440
482.147	-85.410
482.177	-85.350
482.177	-85.305
482.192	-85.245
482.192	-85.215
482.177	-85.155
482.192	-85.125
482.192	-85.050
482.207	-85.020
482.207	-84.975
482.267	-84.720
482.267	-84.585
482.282	-84.525
482.282	-84.525
482.282	-84.525
482.282	-84.540
482.312	-84.465
482.342	-84.435
482.342	-84.405
482.372	-84.285
482.372	-84.240
482.387	-84.180
482.372	-84.150
482.372	-83.955
482.417	-83.835
482.417	-83.790
482.447	-83.760
482.447	-83.730
482.537	-83.550
482.567	-83.520
482.597	-83.520
482.657	-83.475
482.687	-83.430
482.717	-83.415
482.717	-83.385
482.762	-83.385
482.777	-83.340
482.717	-83.250
482.687	-83.250
482.627	-83.235
482.432	-83.385
482.402	-83.370
482.282	-83.415
482.237	-83.415
482.177	-83.460
482.147	-83.460
482.117	-83.490
482.117	-83.520
482.087	-83.520
482.057	-83.550
481.982	-83.550
481.952	-83.565
481.892	-83.550
481.757	-83.535
481.727	-83.535
481.547	-83.580
481.487	-83.580
481.367	-83.610
481.262	-83.610
481.202	-83.625
481.142	-83.595
481.112	-83.595
481.082	-83.610
481.037	-83.595
480.977	-83.610
480.947	-83.640
480.917	-83.640
480.797	-83.745
480.767	-83.745
480.707	-83.790
480.647	-83.790
480.587	-83.820
480.557	-83.820
480.437	-83.865
480.407	-83.895
480.347	-83.895
480.317	-83.925
480.257	-83.910
480.137	-83.985
480.107	-83.985
480.092	-84.015
POLYLINE BLACK
481.622	-87.930
481.652	-87.900
481.787	-87.900
481.847	-87.885
481.937	-87.885
481.967	-87.870
482.012	-87.870
482.132	-87.825
482.192	-87.735
482.192	-87.630
482.252	-87.435
482.252	-87.390
482.282	-87.270
482.282	-87.030
482.252	-86.895
482.252	-86.865
482.237	-86.805
482.237	-86.670
482.207	-86.580
482.207	-86.475
482.192	-86.415
482.192	-86.340
482.177	-86.280
482.177	-86.250
482.162	-86.190
482.162	-86.160
482.147	-86.100
482.147	-86.055
482.132	-85.995
482.132	-85.845
482.147	-85.785
POLYLINE BLACK
481.367	-85.710
481.367	-85.740
481.442	-85.860
481.457	-85.920
481.457	-85.980
481.472	-86.010
481.472	-86.265
481.457	-86.325
481.457	-86.370
481.442	-86.430
481.442	-86.460
481.412	-86.580
481.502	-86.940
481.502	-86.970
481.517	-87.030
481.517	-87.090
481.532	-87.120
481.532	-87.165
481.502	-87.225
481.502	-87.255
481.382	-87.435
481.292	-87.555
481.262	-87.555
481.187	-87.660
481.187	-87.690
481.172	-87.750
481.172	-87.825
481.202	-87.885
481.262	-87.915
481.397	-87.915
481.457	-87.930
481.547	-87.930
481.592	-87.945
481.787	-87.945
POLYLINE CONNECT
482.042	-85.905
482.329	-78.523
POLYLINE BLUE
480.932	-80.415
480.752	-80.565
480.632	-80.595
480.512	-80.685
480.452	-80.655
480.332	-80.685
480.212	-80.685
480.062	-80.745
479.942	-80.715
479.762	-80.715
479.702	-80.685
479.582	-80.715
479.432	-80.715
479.222	-80.655
479.072	-80.685
478.802	-80.655
478.622	-80.655
478.472	-80.625
478.352	-80.685
478.202	-80.655
478.052	-80.685
477.992	-80.655
477.932	-80.685
477.752	-80.625
477.452	-80.385
POLYLINE BLUE
480.302	-80.685
480.392	-80.535
480.512	-80.445
POLYLINE BLUE
479.852	-80.655
480.092	-80.445
480.152	-80.415
POLYLINE BLUE
479.342	-80.625
479.462	-80.595
479.612	-80.475
POLYLINE BLUE
478.742	-80.715
478.922	-80.535
479.102	-80.385
POLYLINE BLUE
478.382	-80.625
478.382	-80.565
478.502	-80.475
478.652	-80.415
478.742	-80.415
POLYLINE BLUE
477.842	-80.535
477.842	-80.475
477.932	-80.475
478.052	-80.355
478.142	-80.355
478.202	-80.325
POLYLINE BLUE
477.332	-80.385
477.392	-80.415
477.692	-80.235
477.752	-80.235
POLYLINE BLUE
477.032	-80.265
477.062	-80.205
477.242	-80.265
477.512	-80.205
477.782	-80.175
477.902	-80.205
478.112	-80.205
478.232	-80.235
478.292	-80.205
478.382	-80.265
478.682	-80.295
478.742	-80.265
478.862	-80.295
479.252	-80.325
479.612	-80.265
479.732	-80.235
479.912	-80.235
480.122	-80.265
480.272	-80.265
480.392	-80.295
480.512	-80.325
480.692	-80.265
480.812	-80.295
481.022	-80.295
POLYLINE BLACK
479.252	-80.385
479.432	-80.445
479.492	-80.415
479.612	-80.475
479.732	-80.445
479.792	-80.475
479.912	-80.445
480.032	-80.445
480.122	-80.475
480.302	-80.415
480.482	-80.475
480.602	-80.445
480.812	-80.445
480.872	-80.475
481.142	-80.445
481.202	-80.415
481.262	-80.445
481.382	-80.415
481.472	-80.415
481.592	-80.385
481.712	-80.385
481.772	-80.355
481.892	-80.385
481.982	-80.385
482.102	-80.355
482.222	-80.385
POLYLINE GREEN
479.342	-76.515
479.252	-76.725
POLYLINE GREEN
479.222	-76.845
POLYLINE GREEN
479.702	-74.175
479.672	-74.445
479.672	-75.075
479.702	-75.345
479.672	-75.735
479.762	-76.125
479.762	-76.485
479.732	-76.695
479.732	-76.905
479.762	-76.965
479.732	-77.025
POLYLINE GREEN
479.432	-73.845
479.372	-73.965
479.342	-74.295
479.402	-74.655
479.402	-75.315
479.432	-75.465
479.432	-75.795
479.612	-76.065
479.642	-76.275
479.522	-76.785
POLYLINE GREEN
479.012	-73.755
479.042	-74.145
479.012	-74.565
479.012	-74.835
479.072	-75.315
479.192	-75.495
479.342	-75.675
479.372	-75.825
479.282	-76.455
479.252	-76.725
POLYLINE GREEN
478.742	-74.175
478.832	-74.295
478.862	-74.625
478.832	-74.925
478.772	-75.135
478.772	-75.285
478.802	-75.555
478.802	-75.705
478.982	-76.095
478.922	-76.485
POLYLINE GREEN
478.862	-73.395
POLYLINE GREEN
479.612	-76.995
479.912	-76.815
480.032	-76.605
480.092	-76.335
480.152	-76.275
480.152	-76.185
480.182	-76.065
480.152	-75.945
480.122	-75.795
480.032	-75.675
480.002	-75.405
479.972	-75.285
480.002	-75.075
480.002	-74.805
479.972	-74.685
479.852	-74.115
POLYLINE GREEN
477.002	-76.575
477.122	-76.755
477.272	-76.815
477.332	-76.785
477.692	-76.875
477.842	-76.845
477.992	-76.875
478.052	-76.845
478.202	-76.875
478.322	-76.845
478.682	-76.965
478.802	-76.965
478.922	-77.025
479.012	-77.025
479.192	-77.115
479.492	-77.115
479.552	-77.145
479.612	-77.115
479.732	-77.145
POLYLINE GREEN
478.442	-74.205
478.382	-74.505
478.382	-74.955
478.472	-75.285
478.472	-75.705
478.592	-76.275
478.592	-76.635
478.622	-76.785
POLYLINE GREEN
478.172	-74.775
478.352	-74.655
478.442	-74.535
478.502	-74.175
478.472	-74.115
478.502	-73.995
478.502	-73.785
478.532	-73.665
478.742	-73.395
478.922	-73.305
479.162	-73.365
POLYLINE BLACK
478.172	-73.035
478.292	-73.185
478.472	-73.215
478.592	-73.305
479.072	-73.305
479.222	-73.455
479.672	-73.905
479.942	-74.325
480.242	-74.625
480.692	-74.925
480.932	-75.195
481.082	-75.375
481.172	-75.555
481.652	-76.035
481.862	-76.095
482.162	-76.305
482.282	-76.335
482.402	-76.425
482.672	-76.485
482.732	-76.515
482.822	-76.485
POLYLINE BLACK
476.852	-79.815
476.882	-79.935
477.002	-80.115
477.302	-80.325
477.542	-80.325
477.662	-80.385
477.872	-80.355
477.962	-80.355
478.082	-80.325
478.262	-80.325
478.322	-80.295
478.622	-80.385
478.742	-80.355
478.892	-80.385
478.952	-80.355
479.072	-80.415
479.252	-80.355
479.432	-80.355
479.672	-80.295
479.732	-80.325
479.852	-80.295
POLYLINE BLACK
476.822	-76.725
477.122	-76.455
477.302	-76.335
477.632	-75.945
477.932	-75.435
478.022	-75.225
478.142	-75.045
478.172	-74.955
478.352	-74.835
478.412	-74.775
478.592	-74.775
POLYLINE BLACK
476.402	-72.795
476.522	-72.825
476.582	-72.825
476.672	-72.885
476.852	-72.885
477.122	-72.945
477.332	-72.945
477.482	-72.915
477.602	-72.945
477.902	-73.065
478.022	-73.065
478.292	-73.185
478.442	-73.155
478.652	-73.185
POLYLINE BLACK
475.592	-79.305
475.832	-79.365
475.892	-79.425
476.012	-79.425
476.072	-79.485
476.252	-79.515
476.312	-79.575
476.432	-79.605
476.792	-79.845
476.912	-80.115
POLYLINE BLACK
476.612	-76.815
476.792	-76.785
476.912	-76.815
477.032	-76.785
477.152	-76.815
POLYLINE BLACK
475.382	-77.865
475.502	-77.445
475.502	-77.325
475.712	-77.055
475.952	-76.875
476.072	-76.875
476.192	-76.845
476.612	-76.785
476.732	-76.695
476.792	-76.725
POLYLINE BLACK
475.652	-79.215
475.592	-79.155
475.532	-79.185
475.472	-78.975
475.442	-78.735
475.442	-78.555
475.412	-78.435
475.412	-78.225
475.532	-77.985
475.712	-77.895
475.832	-77.955
475.952	-77.925
476.252	-78.015
476.372	-77.985
476.522	-77.985
476.642	-77.955
476.762	-77.985
476.882	-77.955
POLYLINE BLUE
473.582	-79.365
473.582	-79.425
POLYLINE BLUE
473.882	-79.305
473.912	-79.365
473.792	-79.575
POLYLINE BLUE
473.702	-79.455
473.642	-79.515
POLYLINE BLUE
473.552	-79.305
473.522	-79.425
473.432	-79.575
POLYLINE BLUE
473.252	-79.245
473.402	-79.275
473.522	-79.305
473.642	-79.275
473.822	-79.305
473.942	-79.275
474.032	-79.275
474.152	-79.305
474.332	-79.275
474.392	-79.305
474.452	-79.275
POLYLINE BLACK
473.102	-78.105
473.162	-78.165
473.192	-78.285
473.282	-78.555
473.342	-78.795
473.342	-78.915
473.312	-79.035
473.342	-79.155
473.372	-79.275
473.462	-79.425
473.522	-79.425
473.642	-79.515
473.882	-79.515
473.942	-79.545
474.242	-79.335
474.302	-79.365
474.482	-79.305
474.602	-79.335
474.842	-79.275
474.962	-79.275
475.172	-79.305
475.502	-79.305
475.622	-79.245
475.742	-79.275
475.862	-79.305
POLYLINE BLACK
471.212	-77.205
471.242	-77.265
471.362	-77.235
471.422	-77.295
471.692	-77.325
471.812	-77.325
471.872	-77.295
472.112	-77.355
472.172	-77.415
472.232	-77.415
472.412	-77.535
472.502	-77.535
472.682	-77.625
472.742	-77.625
473.102	-78.045
473.252	-78.285
POLYLINE BLACK
471.962	-71.055
472.052	-71.205
472.412	-71.415
472.472	-71.385
472.532	-71.445
472.652	-71.415
472.862	-71.505
472.982	-71.475
473.252	-71.565
473.312	-71.625
473.432	-71.655
473.732	-71.835
473.852	-71.865
474.002	-71.895
474.122	-71.925
474.842	-72.165
475.082	-72.225
475.262	-72.345
475.412	-72.375
475.472	-72.435
475.592	-72.435
475.862	-72.525
475.922	-72.585
476.042	-72.615
476.162	-72.705
476.312	-72.735
476.672	-72.765
476.732	-72.735
POLYLINE BLACK
471.942	-85.155
471.942	-85.275
472.022	-85.555
472.082	-85.715
472.222	-85.935
472.322	-86.035
472.322	-86.395
472.342	-86.475
472.342	-86.575
472.462	-86.935
472.462	-86.995
472.422	-87.155
472.422	-87.235
472.542	-87.475
472.542	-87.555
472.522	-87.655
472.482	-87.855
472.502	-87.895
472.322	-88.095
472.162	-88.095
472.082	-88.115
471.882	-88.055
471.802	-88.055
471.722	-88.035
POLYLINE BLACK
471.382	-82.255
471.422	-82.215
471.502	-82.235
471.582	-82.235
471.762	-82.155
471.842	-82.095
471.882	-82.095
472.082	-81.895
472.222	-81.695
472.222	-81.635
472.302	-81.515
472.542	-81.595
472.582	-81.595
472.782	-81.795
472.862	-81.955
472.862	-82.015
472.882	-82.095
472.882	-82.175
472.842	-82.355
472.822	-82.435
472.742	-82.555
472.662	-82.635
472.502	-82.655
472.022	-83.135
472.002	-83.215
471.982	-83.435
471.962	-83.515
472.022	-83.775
472.022	-84.075
471.922	-84.455
471.922	-84.495
471.882	-84.535
471.882	-84.615
471.942	-84.795
471.942	-84.995
471.922	-85.155
471.922	-85.215
471.962	-85.335
471.962	-85.375
POLYLINE BLACK
470.442	-83.695
470.402	-83.655
470.402	-83.275
470.302	-83.095
470.302	-82.975
470.342	-82.835
470.582	-82.495
470.782	-82.375
470.842	-82.375
470.982	-82.295
471.062	-82.275
471.122	-82.235
471.202	-82.235
471.322	-82.195
471.362	-82.215
471.442	-82.195
471.482	-82.215
471.522	-82.195
471.662	-82.235
471.762	-82.235
471.842	-82.275
POLYLINE BLACK
471.162	-86.855
471.162	-86.895
471.162	-86.735
471.142	-86.695
471.142	-86.355
471.122	-86.275
471.122	-85.855
471.002	-85.675
470.982	-85.595
470.942	-85.475
470.942	-85.395
470.922	-85.255
470.942	-85.095
470.942	-84.875
470.962	-84.835
470.942	-84.695
470.942	-84.255
470.902	-84.215
470.902	-84.175
470.762	-83.955
470.722	-83.855
470.682	-83.815
470.642	-83.815
470.602	-83.775
470.522	-83.755
470.462	-83.695
POLYLINE BLACK
471.982	-88.055
471.902	-88.075
471.822	-88.075
471.742	-88.095
471.542	-88.055
471.502	-88.015
471.462	-88.015
471.382	-87.895
471.342	-87.695
471.342	-87.575
471.362	-87.495
471.362	-87.435
471.322	-87.275
471.262	-87.015
471.182	-86.855
POLYLINE CONNECT
471.312	-86.885
471.791	-75.919
POLYLINE BLUE
469.542	-77.615
469.422	-77.825
POLYLINE BLUE
469.632	-77.255
469.512	-77.375
469.272	-77.795
POLYLINE BLUE
469.512	-77.135
469.452	-77.195
469.272	-77.555
469.122	-77.735
POLYLINE BLUE
469.242	-77.165
469.092	-77.465
469.002	-77.735
POLYLINE BLUE
468.852	-77.165
468.972	-77.495
469.002	-77.615
469.122	-77.915
469.212	-78.035
469.332	-78.035
469.392	-77.975
469.512	-77.945
469.662	-77.855
469.752	-77.585
469.752	-77.195
POLYLINE BLUE
468.762	-77.045
469.122	-77.315
469.302	-77.645
469.332	-77.825
469.392	-77.885
469.542	-77.735
469.572	-77.525
469.662	-77.405
469.662	-77.255
469.722	-77.135
469.782	-77.105
POLYLINE BLACK
468.612	-77.015
468.732	-77.045
468.852	-77.045
468.972	-77.075
469.032	-77.045
469.182	-77.075
469.302	-77.045
469.482	-77.015
469.872	-77.105
469.992	-77.075
470.322	-77.075
470.442	-77.045
470.562	-77.075
470.682	-77.075
470.802	-77.105
470.922	-77.135
471.042	-77.105
471.162	-77.135
471.222	-77.105
POLYLINE BLACK
465.432	-71.375
465.582	-71.345
465.702	-71.375
466.002	-71.315
466.122	-71.375
466.362	-71.315
466.482	-71.345
466.602	-71.375
466.662	-71.345
466.932	-71.405
466.992	-71.345
467.172	-71.345
467.412	-71.225
467.652	-71.225
467.862	-71.255
467.982	-71.225
468.042	-71.285
468.222	-71.255
468.432	-71.345
468.702	-71.255
469.062	-71.135
469.212	-71.105
469.332	-71.075
469.392	-71.105
469.512	-71.075
469.902	-71.075
470.022	-71.105
470.202	-71.075
470.322	-71.045
470.622	-71.105
470.742	-71.105
471.012	-71.195
471.162	-71.195
471.282	-71.165
471.402	-71.195
471.522	-71.165
471.702	-71.195
471.762	-71.135
471.882	-71.165
471.942	-71.135
472.002	-71.195
472.092	-71.195
472.152	-71.225
POLYLINE GREEN
468.852	-72.335
468.882	-72.155
468.972	-72.005
468.972	-71.945
469.092	-71.825
469.122	-71.705
469.152	-71.585
469.182	-71.435
469.332	-71.285
469.452	-71.285
469.572	-71.225
POLYLINE GREEN
467.592	-71.285
467.622	-71.435
467.712	-71.795
467.712	-71.885
467.862	-72.125
467.922	-72.365
467.982	-72.545
467.982	-72.635
467.922	-72.875
467.982	-73.145
468.012	-73.265
468.042	-73.415
468.132	-73.655
468.102	-73.925
468.042	-74.165
468.102	-74.435
468.102	-74.525
468.192	-74.885
468.192	-75.035
468.222	-75.155
468.222	-75.365
468.282	-75.575
468.372	-75.665
468.672	-75.725
468.792	-75.665
468.882	-75.485
468.882	-75.335
468.852	-75.215
468.852	-75.005
468.822	-74.855
468.852	-74.615
468.852	-74.495
468.882	-74.375
468.882	-74.285
468.852	-74.165
468.852	-73.685
468.882	-73.535
468.942	-73.295
468.972	-73.175
468.942	-73.055
468.942	-72.905
468.972	-72.785
469.002	-72.665
468.912	-72.425
468.912	-72.245
468.942	-72.185
POLYLINE BLUE
463.692	-67.475
POLYLINE BLUE
468.372	-77.225
POLYLINE BLUE
468.072	-77.075
468.042	-77.225
467.952	-77.345
POLYLINE BLUE
467.682	-77.195
467.472	-77.405
POLYLINE BLUE
467.352	-77.165
467.172	-77.345
467.142	-77.405
POLYLINE BLUE
466.992	-77.165
466.692	-77.495
POLYLINE BLUE
466.692	-77.135
466.392	-77.405
POLYLINE BLUE
466.272	-77.225
466.272	-77.285
466.092	-77.435
POLYLINE BLUE
465.822	-77.105
465.702	-77.285
465.582	-77.405
POLYLINE BLUE
465.522	-76.925
465.522	-77.045
465.552	-77.165
465.822	-77.285
465.942	-77.315
466.062	-77.285
466.182	-77.375
466.602	-77.375
466.662	-77.345
466.782	-77.375
467.022	-77.315
467.082	-77.375
467.142	-77.345
467.322	-77.405
467.442	-77.375
467.562	-77.345
467.622	-77.315
467.742	-77.345
468.012	-77.345
468.372	-77.225
468.462	-77.105
POLYLINE BLUE
465.522	-76.985
POLYLINE BLACK
465.072	-77.045
465.132	-77.105
465.372	-77.015
465.612	-77.015
465.732	-77.045
465.852	-77.045
465.912	-77.075
465.972	-77.045
466.092	-77.075
466.212	-77.105
466.422	-77.075
466.482	-77.075
466.542	-77.015
466.722	-77.075
466.902	-77.075
467.202	-77.165
467.262	-77.135
467.382	-77.195
467.502	-77.165
467.652	-77.165
468.072	-77.015
468.192	-77.015
468.252	-76.985
468.372	-77.015
468.612	-76.985
468.732	-77.015
468.792	-77.045
POLYLINE BLACK
465.192	-71.315
465.222	-71.375
465.372	-71.375
465.552	-71.435
465.972	-71.435
466.092	-71.405
466.332	-71.465
466.392	-71.525
466.512	-71.495
POLYLINE BLACK
464.232	-77.075
464.352	-77.105
464.922	-77.105
465.042	-77.165
465.102	-77.135
POLYLINE BLACK
458.562	-75.545
458.562	-75.605
458.742	-75.605
459.072	-75.545
459.342	-75.575
459.522	-75.695
459.642	-75.695
459.972	-75.875
460.302	-76.235
460.422	-76.265
460.482	-76.295
460.602	-76.265
460.692	-76.265
460.872	-76.205
461.142	-76.175
461.202	-76.205
461.262	-76.175
461.412	-76.205
461.532	-76.295
461.802	-76.445
462.102	-76.685
462.252	-76.925
462.372	-76.835
462.642	-76.835
462.852	-76.775
462.972	-76.805
463.302	-76.805
463.422	-76.835
463.542	-76.835
463.812	-76.895
463.872	-76.925
463.932	-76.895
464.232	-77.105
464.292	-77.105
464.352	-77.165
POLYLINE BLACK
458.652	-69.995
458.682	-70.055
458.832	-69.995
459.162	-69.965
459.282	-69.935
459.402	-69.935
459.612	-69.995
459.702	-69.995
459.852	-70.025
459.972	-70.055
460.092	-70.085
460.332	-70.145
460.632	-70.235
460.782	-70.265
461.322	-70.475
461.442	-70.475
461.772	-70.565
461.922	-70.595
462.192	-70.715
462.312	-70.715
462.642	-70.805
462.792	-70.805
462.972	-70.775
463.242	-70.865
463.332	-70.865
463.452	-70.895
463.602	-70.925
464.052	-71.075
464.742	-71.405
464.832	-71.405
464.952	-71.435
465.012	-71.435
465.372	-71.555
465.492	-71.555
465.582	-71.585
POLYLINE BLACK
452.802	-73.445
452.862	-73.415
453.102	-73.505
453.162	-73.565
453.282	-73.565
453.432	-73.535
453.492	-73.595
453.552	-73.595
453.582	-73.655
453.642	-73.655
453.702	-73.715
453.762	-73.685
453.822	-73.745
454.002	-73.775
454.272	-74.075
454.362	-74.195
454.422	-74.195
454.542	-74.285
454.782	-74.255
454.902	-74.285
455.022	-74.255
455.112	-74.255
455.232	-74.285
455.502	-74.285
455.742	-74.375
456.012	-74.585
456.192	-74.885
456.432	-74.945
456.582	-74.915
456.672	-74.915
456.732	-74.945
456.852	-74.915
457.092	-74.915
457.152	-74.975
457.272	-74.945
457.452	-75.095
457.542	-75.185
457.572	-75.245
457.722	-75.215
457.902	-75.215
458.022	-75.245
458.142	-75.245
458.322	-75.365
458.442	-75.455
458.502	-75.455
458.562	-75.515
458.682	-75.545
458.742	-75.575
POLYLINE BLACK
452.622	-70.865
452.802	-70.745
452.952	-70.685
453.162	-70.445
453.282	-70.235
453.372	-70.085
453.492	-69.935
453.762	-69.875
453.822	-69.845
453.882	-69.875
453.942	-69.845
454.032	-69.875
454.092	-69.845
454.242	-69.875
454.362	-69.815
454.452	-69.815
454.512	-69.785
454.572	-69.815
454.812	-69.785
454.962	-69.785
455.202	-69.815
455.622	-69.815
455.742	-69.785
455.832	-69.845
456.132	-69.875
456.342	-69.875
456.462	-69.815
456.552	-69.815
456.672	-69.845
456.792	-69.815
457.092	-69.815
457.242	-69.845
457.422	-69.845
457.632	-69.875
457.902	-69.875
458.172	-69.935
458.442	-69.935
458.562	-69.905
458.772	-69.935
459.042	-69.905
459.162	-69.935
POLYLINE GREEN
449.922	-72.935
449.862	-72.935
449.712	-72.755
449.622	-72.605
449.622	-72.425
449.652	-72.305
449.652	-72.095
449.412	-71.795
449.412	-71.675
449.442	-71.465
449.442	-71.015
449.472	-70.865
449.532	-70.625
POLYLINE GREEN
448.812	-70.445
449.232	-71.135
449.232	-71.465
449.142	-71.765
449.142	-71.885
449.112	-72.005
449.112	-72.125
449.022	-72.275
448.932	-72.395
448.932	-72.455
448.782	-72.725
448.782	-72.845
448.752	-72.965
448.752	-73.085
POLYLINE BLACK
452.832	-70.775
452.622	-70.655
452.352	-70.625
452.232	-70.535
451.872	-70.625
451.782	-70.685
451.662	-70.685
POLYLINE BLACK
452.862	-70.775
452.532	-70.775
452.202	-70.715
452.142	-70.715
POLYLINE BLACK
448.872	-72.935
449.052	-72.995
449.382	-72.995
449.442	-73.025
449.562	-72.995
449.802	-73.025
450.012	-73.025
450.132	-73.055
450.222	-73.055
450.342	-73.085
450.432	-73.085
450.552	-73.115
450.822	-73.115
450.942	-73.085
451.092	-73.085
451.272	-73.025
451.392	-73.055
451.512	-73.055
451.782	-73.115
452.022	-73.115
452.142	-73.145
452.202	-73.115
452.352	-73.175
452.472	-73.265
452.622	-73.295
452.742	-73.265
452.922	-73.385
452.982	-73.325
453.042	-73.385
POLYLINE BLACK
446.412	-72.635
446.562	-72.665
446.892	-72.695
447.462	-72.875
447.762	-72.875
448.002	-72.815
448.452	-72.935
448.812	-72.935
448.932	-72.965
449.112	-72.965
449.172	-72.935
POLYLINE BLACK
449.672	-70.535
449.922	-70.585
450.022	-70.635
450.272	-70.585
450.522	-70.635
451.272	-70.635
451.372	-70.685
451.722	-70.635
452.672	-70.635
POLYLINE BLACK
446.822	-65.635
447.472	-65.585
447.722	-65.835
448.172	-66.835
448.272	-67.385
448.272	-67.735
448.322	-67.935
448.322	-68.385
448.372	-68.585
448.322	-68.785
448.322	-69.235
448.272	-69.485
448.272	-69.735
448.572	-70.235
448.972	-70.485
449.172	-70.535
449.372	-70.585
449.472	-70.535
449.672	-70.585
449.822	-70.585
450.072	-70.535
POLYLINE BLACK
438.122	-66.385
438.322	-66.735
438.522	-66.685
438.972	-66.685
439.172	-66.635
439.422	-66.685
439.622	-66.735
440.172	-66.735
440.922	-66.535
441.622	-66.385
442.072	-66.335
442.422	-66.335
442.622	-66.285
442.822	-66.285
442.922	-66.235
443.172	-66.335
443.322	-66.285
443.422	-66.335
443.622	-66.235
443.872	-66.235
444.422	-65.985
444.522	-65.885
444.722	-65.835
445.022	-65.685
445.572	-65.685
446.122	-65.535
446.322	-65.585
446.622	-65.585
446.722	-65.485
446.922	-65.635
POLYLINE BLACK
443.332	-73.245
443.372	-73.325
443.492	-73.345
443.612	-73.305
443.812	-73.425
443.972	-73.425
444.012	-73.405
444.112	-73.425
444.292	-73.365
444.372	-73.385
444.452	-73.385
444.532	-73.325
444.652	-73.325
444.752	-73.305
444.912	-73.185
445.092	-73.125
445.112	-73.085
445.332	-73.085
445.392	-73.105
445.632	-73.025
445.732	-72.965
445.812	-72.845
446.032	-72.665
446.112	-72.645
446.232	-72.565
446.392	-72.605
446.452	-72.585
446.532	-72.605
446.572	-72.605
POLYLINE BLACK
438.252	-66.885
438.332	-66.865
438.372	-66.865
POLYLINE BLACK
437.712	-66.945
437.912	-66.905
437.952	-66.905
POLYLINE BLACK
436.892	-67.005
437.112	-66.965
437.172	-66.965
POLYLINE BLACK
436.272	-66.965
436.352	-66.945
POLYLINE BLACK
435.812	-68.885
POLYLINE BLACK
436.332	-68.825
436.292	-68.825
POLYLINE BLACK
439.792	-69.545
439.432	-69.285
439.192	-69.225
439.112	-69.185
438.872	-69.185
438.752	-69.145
438.712	-69.105
438.652	-69.105
438.372	-68.985
438.332	-68.985
437.972	-68.845
437.812	-68.845
437.632	-68.905
437.592	-68.885
437.512	-68.905
437.332	-68.845
437.292	-68.805
437.152	-68.805
437.072	-68.745
437.032	-68.745
436.992	-68.805
436.712	-68.805
436.672	-68.825
POLYLINE BLACK
440.392	-73.445
440.452	-73.525
440.592	-73.565
440.832	-73.565
441.052	-73.605
441.332	-73.605
441.552	-73.565
441.652	-73.565
441.792	-73.525
441.932	-73.525
442.072	-73.505
442.312	-73.505
442.352	-73.485
442.432	-73.505
442.752	-73.425
442.812	-73.425
442.892	-73.405
443.072	-73.385
443.112	-73.385
443.192	-73.325
443.372	-73.325
443.412	-73.345
POLYLINE BLACK
443.232	-76.845
443.352	-76.845
POLYLINE BLACK
442.212	-76.705
442.292	-76.685
442.392	-76.725
442.492	-76.725
POLYLINE BLACK
440.812	-76.525
440.852	-76.545
440.892	-76.525
440.932	-76.545
441.032	-76.525
441.072	-76.545
441.172	-76.545
POLYLINE BLACK
439.592	-76.425
439.672	-76.405
439.872	-76.465
POLYLINE BLACK
438.272	-76.365
438.672	-76.365
438.772	-76.385
438.852	-76.385
POLYLINE BLACK
439.292	-73.625
439.472	-73.705
439.632	-73.705
439.992	-73.625
440.052	-73.625
440.172	-73.545
440.272	-73.485
440.392	-73.485
440.432	-73.465
440.512	-73.465
POLYLINE BLACK
436.792	-74.185
436.872	-74.345
436.872	-74.405
436.912	-74.485
436.912	-74.585
436.932	-74.665
436.932	-74.745
436.892	-74.985
436.872	-75.205
436.872	-75.345
436.892	-75.445
436.892	-75.525
436.912	-75.665
436.912	-75.805
436.932	-75.885
436.932	-75.985
436.972	-76.145
436.972	-76.225
437.012	-76.325
437.052	-76.365
437.252	-76.365
437.292	-76.405
437.472	-76.405
437.572	-76.385
437.692	-76.385
437.772	-76.425
437.912	-76.385
437.992	-76.405
438.272	-76.105
438.312	-76.105
438.352	-76.025
438.352	-75.965
438.372	-75.885
438.372	-75.765
438.452	-75.625
438.492	-75.585
438.492	-75.465
438.472	-75.365
438.452	-75.205
438.572	-74.945
438.592	-74.865
438.732	-74.685
438.892	-74.485
438.932	-74.405
438.932	-74.045
438.972	-73.885
438.992	-73.685
439.232	-73.585
439.332	-73.585
439.372	-73.565
POLYLINE BLACK
436.892	-75.025
436.912	-75.105
436.892	-75.185
436.912	-75.285
POLYLINE BLACK
439.492	-71.165
439.392	-71.265
439.252	-71.265
439.172	-71.285
438.972	-71.325
438.892	-71.385
438.812	-71.405
438.572	-71.445
438.272	-71.485
438.212	-71.525
438.172	-71.505
438.052	-71.545
437.932	-71.545
437.652	-71.645
437.552	-71.645
437.372	-71.705
437.292	-71.725
437.132	-71.865
437.072	-71.885
436.892	-72.245
436.872	-72.345
436.772	-72.705
436.712	-72.985
436.712	-73.125
436.732	-73.265
436.772	-73.585
436.772	-73.665
436.852	-73.965
436.852	-74.345
POLYLINE BLACK
439.412	-71.205
439.552	-71.245
439.832	-71.245
439.872	-71.225
439.952	-71.245
440.072	-71.185
440.112	-71.185
440.272	-71.005
440.412	-70.805
440.432	-70.705
440.492	-70.625
440.512	-70.405
440.532	-70.165
440.472	-70.065
440.432	-70.025
440.432	-69.965
440.412	-69.885
440.392	-69.805
440.372	-69.725
440.252	-69.625
440.172	-69.565
439.992	-69.585
439.912	-69.585
439.852	-69.605
