TRIP
DATE 2017-03-11 
DECLINATION     0.00
DATA
9.11	17.0	0.00	0.00	0.000	>
TRIP
DATE 2017-03-11 
DECLINATION     0.00
DATA
17.0		98.94	-5.47	0.640	>
17.0		258.80	-1.75	0.947	>
17.0		217.12	82.67	1.091	>
17.0		136.04	-88.74	1.773	>
17.0		9.25	-15.44	4.466	>
17.0		16.81	-14.58	3.942	>
17.0		314.51	-31.31	2.981	>
17.0		346.64	-24.49	3.751	>
17.0		30.38	-4.86	2.550	>
17.0		44.53	-6.39	1.814	>
17.0	17.1	184.63	-3.11	8.240	>
17.1		274.21	-0.32	0.886	>
17.1		232.38	78.63	2.626	>
17.1		129.52	-87.80	1.350	>
17.1	17.2	190.43	-9.04	5.062	>
17.2		70.44	6.25	1.406	>
17.2		251.99	6.26	0.303	>
17.2		22.84	82.25	2.961	>
17.2		70.21	-59.27	1.098	>
17.2		321.58	18.94	3.032	>
17.2	17.3	141.70	2.23	3.233	>
17.3		254.35	5.57	1.225	>
17.3		255.08	-29.86	0.761	>
17.3		280.75	72.50	3.066	>
17.3		286.30	-68.84	1.244	>
17.3		322.49	-2.26	3.243	>
17.3	17.4	184.28	-5.12	4.969	>
17.4		90.23	-0.23	0.745	>
17.4		86.16	7.63	0.301	>
17.4		318.50	87.11	0.688	>
17.4		0.32	-79.04	0.941	>
17.4	17.5	171.76	7.33	4.310	>
17.5		348.08	22.43	4.590	>
17.5		291.70	-2.96	1.937	>
17.5		329.52	-8.39	2.180	>
17.5		313.90	69.89	1.824	>
17.5		273.46	-84.22	1.482	>
17.5		188.00	16.32	3.570	>
17.5	17.6	264.30	-33.35	1.542	>
17.6		192.68	14.20	2.637	>
17.6		333.03	18.15	1.197	>
17.6		5.41	78.48	1.328	>
17.6		329.15	-84.10	0.815	>
17.6		183.67	21.93	2.747	>
17.6		250.70	1.96	3.502	>
17.6	17.7	274.81	1.50	3.975	>
17.7		185.20	-0.84	1.159	>
17.7		13.74	27.68	0.480	>
17.7		135.27	74.82	0.570	>
17.7		44.27	-78.33	1.091	>
TRIP
DATE 2017-03-11 
DECLINATION     0.00
DATA
17.7	17.8	254.26	-1.57	4.606	>
17.8		147.80	4.19	0.931	>
17.8		81.07	79.61	4.894	>
17.8		195.54	87.25	6.925	>
17.8		87.76	-81.76	1.250	>
17.8	17.9	244.24	12.91	4.086	>
17.9		103.66	-60.99	0.603	>
17.9		166.11	-71.03	1.755	>
17.9		46.59	-29.76	1.555	>
17.9		43.56	1.69	1.185	>
17.9		35.26	16.63	2.840	>
17.9		47.76	55.72	7.233	>
17.9		34.69	79.60	4.330	>
17.9		93.10	-0.11	2.182	>
17.9		94.07	0.33	3.465	>
17.9		113.68	-2.62	2.710	>
17.9	17.10	312.89	-20.96	6.424	>
17.10		212.95	7.35	1.830	>
17.10		27.49	38.75	1.591	>
17.10		22.61	83.12	7.251	>
17.10		74.71	-63.74	1.732	>
17.10		191.29	-67.54	1.898	>
17.10	17.11	287.05	-5.07	4.217	>
17.11		30.29	68.57	7.491	>
17.11		44.43	69.50	3.655	>
17.11		124.78	83.03	2.398	>
17.11		206.09	-4.15	1.021	>
17.11		30.62	9.37	1.898	>
17.11		21.78	-71.58	1.356	>
17.11	17.12	321.81	2.23	4.863	>
17.12		220.10	1.92	1.699	>
17.12		325.48	64.24	6.343	>
17.12		242.23	47.21	2.446	>
17.12		253.55	-82.83	2.265	>
17.12	17.13	284.62	-9.49	5.443	>
17.13		36.72	-0.91	2.019	>
17.13		209.60	7.92	0.145	>
17.13		36.10	60.77	7.678	>
17.13		81.42	82.68	2.103	>
17.13		59.56	-54.09	2.282	>
17.13		55.14	-56.21	1.545	>
17.13		48.05	-44.77	2.002	>
17.13	17.14	324.24	-8.81	4.511	>
17.14		15.86	11.43	0.273	>
17.14		202.81	-3.53	1.300	>
17.14		14.39	77.58	6.588	>
17.14		219.90	-59.72	1.592	>
17.14		255.27	79.98	2.984	>
17.14	17.15	268.42	-8.86	3.806	>
17.15		50.19	2.96	2.520	<
17.15		234.64	5.16	0.822	<
17.15		39.59	69.49	7.090	<
17.15		52.29	-82.66	0.960	<
17.15		349.23	-4.28	3.347	<
17.15		100.44	33.59	1.862	<
17.15		309.92	12.46	1.947	<
17.15	17.16	166.86	40.06	1.052	<
17.16		269.35	51.39	1.417	<
17.16		250.92	32.26	0.633	<
17.16		65.92	11.53	0.210	<
17.16		305.46	-81.37	0.540	<
17.16	17.17	162.32	-7.10	3.769	<
17.17		77.58	-9.92	0.656	<
17.17		229.81	76.33	1.213	<
17.17		81.87	-57.56	0.527	<
17.17		150.87	1.30	0.838	<
17.17		159.51	-1.14	6.581	<
17.15	17.18	340.44	-9.30	5.506	>
17.18		223.19	7.66	1.426	>
17.18		224.20	63.58	8.105	>
17.18		220.24	-35.85	0.903	>
17.18		220.57	-54.27	1.206	>
17.18		79.83	-74.52	0.997	>
17.18	17.19	271.69	-16.13	3.316	>
17.19		218.80	84.55	7.242	>
17.19		8.72	5.93	0.610	>
17.19		174.95	7.72	0.424	>
17.19		200.81	-9.43	0.922	>
17.19		353.66	-75.66	1.024	>
17.19		11.23	-48.90	1.415	>
17.19	17.20	269.08	-4.40	3.374	>
17.20		7.22	5.67	0.456	>
17.20		194.15	3.77	0.882	>
17.20		182.69	-68.78	1.297	>
17.20		66.53	86.78	8.413	>
17.20		124.49	87.60	6.205	>
17.20		44.73	74.63	6.765	>
17.20		69.16	66.30	3.812	>
17.20	17.21	302.48	-1.88	3.592	>
17.21		241.60	-15.44	0.203	>
17.21		59.94	4.67	0.897	>
17.21		55.17	66.54	1.570	>
17.21		72.30	69.89	7.432	>
17.21		115.46	80.57	7.897	>
17.21		204.98	-78.13	1.497	>
17.21		96.50	-75.60	1.457	>
17.21		356.25	52.12	6.526	>
17.21		355.52	60.44	7.369	>
17.21	17.22	344.56	-0.96	4.613	>
17.22		237.86	2.79	1.276	>
17.22		215.83	49.67	1.961	>
17.22		215.24	54.85	4.145	>
17.22		207.30	64.59	5.632	>
17.22		187.26	73.96	7.105	>
17.22		331.55	71.41	6.446	>
17.22		232.23	-46.89	1.866	>
17.22		200.20	-79.01	1.672	>
17.22		308.70	56.57	5.675	>
17.22		309.30	35.58	3.632	>
17.22	17.23	300.32	2.24	4.626	>
17.22	17.24	292.61	0.33	6.270	>
17.24		172.86	6.04	0.712	>
17.24		51.64	16.03	0.974	>
17.24		37.21	11.22	1.187	>
17.24		208.06	86.69	5.922	>
17.24		344.63	75.08	5.904	>
17.24		345.20	54.14	2.793	>
17.24		350.47	42.52	4.039	>
17.24	17.23	93.11	5.09	1.794	<
17.24		323.90	-64.34	5.918	<
17.24		335.46	-75.73	1.543	<

PLAN
STATIONS
-97.707	37.442	17.0
-98.371	29.241	17.1
-99.276	24.324	17.2
-97.274	21.789	17.3
-97.643	16.854	17.4
-97.030	12.623	17.5
-98.312	12.495	17.6
-102.272	12.828	17.7
-106.704	11.579	17.8
-110.291	9.848	17.9
-114.686	13.931	17.10
-118.702	15.163	17.11
-121.706	18.982	17.12
-126.901	20.337	17.13
-129.506	23.954	17.14
-133.265	23.850	17.15
-133.082	23.066	17.16
-131.946	19.503	17.17
-135.084	28.970	17.18
-138.268	29.064	17.19
-141.632	29.010	17.20
-144.661	30.938	17.21
-145.889	35.384	17.22
-149.893	37.698	17.23
-151.677	37.795	17.24
SHOTS
-151.677	37.795	-149.893	37.698
-145.889	35.384	-151.677	37.795
-151.677	37.795	-151.589	37.092
-151.677	37.795	-150.943	38.376
-151.677	37.795	-150.973	38.722
-151.677	37.795	-151.838	37.493
-151.677	37.795	-152.080	39.261
-151.677	37.795	-152.095	39.377
-151.677	37.795	-152.170	40.731
-151.677	37.795	-153.187	39.866
-151.677	37.795	-151.835	38.141
-145.889	35.384	-149.879	37.717
-144.661	30.938	-145.889	35.384
-145.889	35.384	-146.968	34.706
-145.889	35.384	-146.632	34.355
-145.889	35.384	-147.266	33.435
-145.889	35.384	-146.997	33.237
-145.889	35.384	-146.137	33.437
-145.889	35.384	-146.868	37.191
-145.889	35.384	-146.897	34.603
-145.889	35.384	-145.999	35.085
-145.889	35.384	-148.329	37.339
-145.889	35.384	-148.175	37.255
-141.632	29.010	-144.661	30.938
-144.661	30.938	-144.833	30.845
-144.661	30.938	-143.887	31.386
-144.661	30.938	-144.148	31.295
-144.661	30.938	-142.226	31.715
-144.661	30.938	-143.493	30.382
-144.661	30.938	-144.791	30.659
-144.661	30.938	-144.301	30.897
-144.661	30.938	-144.923	34.937
-144.661	30.938	-144.945	34.563
-138.268	29.064	-141.632	29.010
-141.632	29.010	-141.575	29.460
-141.632	29.010	-141.847	28.157
-141.632	29.010	-141.654	28.541
-141.632	29.010	-141.199	29.198
-141.632	29.010	-141.418	28.863
-141.632	29.010	-140.370	30.284
-141.632	29.010	-140.200	29.555
-135.084	28.970	-138.268	29.064
-138.268	29.064	-138.699	28.528
-138.268	29.064	-138.176	29.664
-138.268	29.064	-138.231	28.645
-138.268	29.064	-138.591	28.214
-138.268	29.064	-138.296	29.316
-138.268	29.064	-138.087	29.976
-133.265	23.850	-135.084	28.970
-135.084	28.970	-136.051	27.940
-135.084	28.970	-137.598	26.385
-135.084	28.970	-135.557	28.411
-135.084	28.970	-135.542	28.435
-135.084	28.970	-134.822	29.017
-133.082	23.066	-131.946	19.503
-131.946	19.503	-131.315	19.642
-131.946	19.503	-132.165	19.318
-131.946	19.503	-131.666	19.543
-131.946	19.503	-131.538	18.771
-131.946	19.503	-129.643	13.340
-133.265	23.850	-133.082	23.066
-133.082	23.066	-133.966	23.056
-133.082	23.066	-133.588	22.891
-133.082	23.066	-132.894	23.150
-133.082	23.066	-133.148	23.113
-129.506	23.954	-133.265	23.850
-133.265	23.850	-131.332	25.461
-133.265	23.850	-133.933	23.376
-133.265	23.850	-131.682	25.764
-133.265	23.850	-133.168	23.925
-133.265	23.850	-133.889	27.129
-133.265	23.850	-131.740	23.569
-133.265	23.850	-134.723	25.070
-126.901	20.337	-129.506	23.954
-129.506	23.954	-129.433	24.211
-129.506	23.954	-130.009	22.758
-129.506	23.954	-129.154	25.326
-129.506	23.954	-130.021	23.338
-129.506	23.954	-130.008	23.822
-121.706	18.982	-126.901	20.337
-126.901	20.337	-125.694	21.955
-126.901	20.337	-126.972	20.212
-126.901	20.337	-124.692	23.366
-126.901	20.337	-126.636	20.377
-126.901	20.337	-125.747	21.015
-126.901	20.337	-126.196	20.828
-126.901	20.337	-125.844	21.287
-118.702	15.163	-121.706	18.982
-121.706	18.982	-122.800	17.683
-121.706	18.982	-123.268	21.253
-121.706	18.982	-123.176	18.208
-121.706	18.982	-121.977	18.902
-114.686	13.931	-118.702	15.163
-118.702	15.163	-117.322	17.526
-118.702	15.163	-117.806	16.077
-118.702	15.163	-118.463	14.997
-118.702	15.163	-119.150	14.248
-118.702	15.163	-117.748	16.775
-118.702	15.163	-118.543	15.561
-110.291	9.848	-114.686	13.931
-114.686	13.931	-115.673	12.408
-114.686	13.931	-114.113	15.032
-114.686	13.931	-114.352	14.733
-114.686	13.931	-113.947	14.133
-114.686	13.931	-114.828	13.220
-106.704	11.579	-110.291	9.848
-110.291	9.848	-110.007	9.779
-110.291	9.848	-110.154	9.294
-110.291	9.848	-109.310	10.776
-110.291	9.848	-109.475	10.706
-110.291	9.848	-108.720	12.070
-110.291	9.848	-107.275	12.587
-110.291	9.848	-109.846	10.491
-110.291	9.848	-108.112	9.730
-110.291	9.848	-106.835	9.602
-110.291	9.848	-107.812	8.761
-102.272	12.828	-106.704	11.579
-106.704	11.579	-106.209	10.793
-106.704	11.579	-105.832	11.716
-106.704	11.579	-106.793	11.259
-106.704	11.579	-106.525	11.586
-98.312	12.495	-102.272	12.828
-102.272	12.828	-102.377	11.674
-102.272	12.828	-102.171	13.241
-102.272	12.828	-102.167	12.722
-102.272	12.828	-102.118	12.986
-97.030	12.623	-98.312	12.495
-98.312	12.495	-98.873	10.001
-98.312	12.495	-98.828	13.509
-98.312	12.495	-98.287	12.759
-98.312	12.495	-98.355	12.567
-98.312	12.495	-98.475	9.952
-98.312	12.495	-101.615	11.338
-97.643	16.854	-97.030	12.623
-97.030	12.623	-97.906	16.774
-97.030	12.623	-98.827	13.338
-97.030	12.623	-98.124	14.482
-97.030	12.623	-97.482	13.058
-97.030	12.623	-97.179	12.632
-97.030	12.623	-97.507	9.230
-97.274	21.789	-97.643	16.854
-97.643	16.854	-96.898	16.851
-97.643	16.854	-97.345	16.874
-97.643	16.854	-97.666	16.880
-97.643	16.854	-97.642	17.033
-99.276	24.324	-97.274	21.789
-97.274	21.789	-98.448	21.460
-97.274	21.789	-97.912	21.619
-97.274	21.789	-98.180	21.961
-97.274	21.789	-97.705	21.915
-97.274	21.789	-99.247	24.359
-98.371	29.241	-99.276	24.324
-99.276	24.324	-97.959	24.792
-99.276	24.324	-99.562	24.231
-99.276	24.324	-99.121	24.692
-99.276	24.324	-98.748	24.514
-99.276	24.324	-101.058	26.571
-97.707	37.442	-98.371	29.241
-98.371	29.241	-99.255	29.306
-98.371	29.241	-98.781	28.925
-98.371	29.241	-98.331	29.208
-97.707	37.442	-97.707	37.442
-97.707	37.442	-97.078	37.343
-97.707	37.442	-98.636	37.258
-97.707	37.442	-97.791	37.331
-97.707	37.442	-97.680	37.414
-97.707	37.442	-97.015	41.691
-97.707	37.442	-96.604	41.094
-97.707	37.442	-99.523	39.227
-97.707	37.442	-98.496	40.763
-97.707	37.442	-96.422	39.634
-97.707	37.442	-96.443	38.727
POLYLINE GREEN
-143.374	32.055
-143.554	31.995
-143.644	31.995
-143.884	32.085
-143.944	32.145
-143.944	32.295
-143.914	32.415
POLYLINE GREEN
-144.334	33.435
-144.424	33.375
-144.724	33.315
-144.784	33.345
-144.814	33.465
-144.754	33.705
POLYLINE GREEN
-143.764	33.045
-143.764	32.985
-143.884	32.865
-143.974	32.715
-144.154	32.655
-144.274	32.745
-144.274	32.805
POLYLINE GREEN
-146.914	33.645
-146.794	33.735
-146.614	33.615
-146.554	33.555
-146.524	33.285
-146.524	33.225
-146.584	33.165
POLYLINE GREEN
-147.604	34.485
-147.424	34.575
-147.304	34.545
-147.154	34.305
-147.184	34.185
-147.244	34.155
POLYLINE GREEN
-148.114	35.235
-147.994	35.325
-147.874	35.355
-147.724	35.205
-147.754	35.025
-147.814	34.965
POLYLINE GREEN
-148.894	35.985
-148.774	36.015
-148.714	36.045
-148.504	35.835
-148.474	35.715
-148.504	35.655
POLYLINE BLACK
-144.034	31.500
-143.884	31.380
POLYLINE BLACK
-145.129	33.330
-145.129	33.195
-145.144	33.135
-145.144	33.105
-145.189	33.015
-145.189	32.985
-145.219	32.880
-145.219	32.820
-145.189	32.760
-145.189	32.730
-145.129	32.640
-145.069	32.625
-144.949	32.550
-144.889	32.535
-144.829	32.535
-144.679	32.430
-144.589	32.310
-144.589	32.280
-144.574	32.250
-144.574	32.205
-144.544	32.175
POLYLINE BLUE
-145.514	33.115
-145.334	33.295
POLYLINE BLUE
-145.714	33.285
-145.514	33.475
-145.354	33.655
-145.234	33.745
POLYLINE BLUE
-145.914	33.555
-145.594	33.845
-145.364	34.035
-145.254	34.105
POLYLINE BLUE
-145.954	34.055
-145.924	34.065
-145.414	34.455
POLYLINE BLUE
-146.114	34.255
-145.854	34.425
-145.694	34.545
-145.504	34.655
POLYLINE BLUE
-146.274	34.745
-146.034	34.795
-145.734	34.895
-145.604	34.915
POLYLINE BLUE
-146.284	35.005
-146.264	34.995
-145.964	35.075
-145.934	35.075
-145.764	35.125
-145.644	35.155
-145.534	35.155
-145.514	35.165
POLYLINE BLUE
-145.904	33.555
-145.674	33.235
-145.584	33.165
-145.504	33.125
-145.434	33.115
-145.324	33.145
-145.284	33.165
-145.254	33.215
-145.254	33.235
-145.234	33.255
-145.244	33.295
-145.224	33.535
-145.184	33.675
-145.174	33.715
-145.174	33.755
POLYLINE BLUE
-145.674	32.715
POLYLINE BLUE
-146.574	35.245
-146.544	35.235
-146.474	35.255
-146.244	35.265
-146.144	35.255
-146.044	35.265
-145.894	35.315
POLYLINE BLUE
-146.824	35.535
-146.714	35.525
-146.554	35.525
-146.364	35.535
POLYLINE BLUE
-147.134	35.715
-147.114	35.705
-147.014	35.695
-146.864	35.725
-146.704	35.735
-146.594	35.755
POLYLINE BLUE
-147.504	35.945
-147.334	35.965
-147.024	35.955
-146.954	35.975
-146.884	35.975
POLYLINE BLUE
-147.774	36.145
-147.754	36.165
-147.264	36.315
POLYLINE BLUE
-148.124	36.415
-147.844	36.485
-147.544	36.495
POLYLINE BLUE
-148.394	36.615
-147.964	36.715
-147.934	36.715
POLYLINE BLUE
-148.644	36.775
-148.384	36.845
-148.144	36.875
POLYLINE BLUE
-148.894	36.875
-148.614	36.965
-148.464	36.995
POLYLINE BLUE
-149.124	37.035
-148.934	37.065
-148.874	37.095
-148.834	37.095
POLYLINE BLACK
-147.844	36.675
-147.734	36.595
-147.654	36.585
-147.464	36.475
-147.394	36.455
-147.274	36.375
-147.104	36.235
-146.974	36.055
-146.854	35.965
-146.544	35.815
-146.504	35.775
-146.334	35.685
-146.264	35.635
-146.214	35.615
-146.084	35.515
-145.984	35.455
-145.874	35.355
-145.794	35.295
-145.734	35.235
POLYLINE BLACK
-150.614	37.695
-150.574	37.695
-150.464	37.655
-150.424	37.645
-150.404	37.635
-150.384	37.645
-150.334	37.615
-150.084	37.585
-149.924	37.535
-149.844	37.535
-149.744	37.495
-149.684	37.495
-149.554	37.435
-149.474	37.415
-149.354	37.375
-149.314	37.365
-149.194	37.305
-149.154	37.305
-149.094	37.275
-149.084	37.255
-149.014	37.235
-148.894	37.165
-148.874	37.165
-148.854	37.145
-148.814	37.135
-148.774	37.105
-148.734	37.095
-148.654	37.055
-148.614	37.045
-148.534	37.015
-148.514	36.995
-148.364	36.965
-148.324	36.935
-148.264	36.925
-148.084	36.845
-148.064	36.845
-147.924	36.775
-147.794	36.685
-147.764	36.655
-147.684	36.595
-147.554	36.465
-147.434	36.355
-147.354	36.285
-147.234	36.185
POLYLINE BLUE
-152.652	39.806
POLYLINE BLUE
-151.028	37.601
-150.916	37.664
POLYLINE BLUE
-151.413	37.762
-151.350	37.790
-151.287	37.832
POLYLINE BLUE
-151.315	37.699
-151.238	37.748
-151.112	37.797
POLYLINE BLUE
-151.049	37.566
-150.965	37.615
POLYLINE BLUE
-151.189	37.629
-150.916	37.748
POLYLINE BLUE
-151.322	37.650
-151.287	37.664
-151.189	37.727
POLYLINE BLUE
-151.364	37.769
-151.252	37.811
POLYLINE BLUE
-150.874	37.650
-150.846	37.629
-150.811	37.615
-150.797	37.601
-150.783	37.601
-150.755	37.580
POLYLINE BLUE
-150.286	37.552
-150.321	37.552
-150.363	37.559
-150.391	37.559
-150.398	37.573
-150.398	37.594
-150.405	37.622
-150.405	37.636
-150.412	37.650
-150.426	37.657
-150.482	37.622
-150.510	37.580
-150.573	37.615
-150.615	37.650
-150.657	37.678
-150.671	37.678
-150.685	37.685
-150.699	37.678
-150.713	37.685
-150.755	37.650
-150.769	37.622
-150.797	37.643
-150.818	37.650
-150.846	37.643
-150.874	37.643
-150.853	37.671
-150.818	37.699
-150.769	37.720
-150.720	37.727
POLYLINE BLUE
-150.531	37.629
-150.524	37.657
-150.531	37.671
-150.608	37.650
-150.643	37.650
POLYLINE BLUE
-150.440	37.580
-150.440	37.566
-150.468	37.552
POLYLINE BLACK
-151.427	38.035
-151.420	38.021
-151.287	37.902
-151.112	37.818
-151.098	37.818
-151.084	37.804
-151.070	37.804
-150.986	37.769
-150.944	37.734
-150.923	37.734
-150.860	37.706
-150.846	37.706
-150.832	37.699
POLYLINE BLACK
-151.553	37.888
-151.525	37.825
POLYLINE BLACK
-151.518	37.916
-151.462	37.867
POLYLINE BLACK
-151.518	37.958
-151.469	37.958
-151.427	37.937
POLYLINE BLACK
-151.532	37.916
-151.497	37.895
-151.483	37.895
-151.469	37.888
POLYLINE BLACK
-151.567	37.846
-151.553	37.846
-151.525	37.825
-151.511	37.825
POLYLINE BLACK
-151.609	37.832
-151.595	37.832
-151.553	37.783
POLYLINE BLACK
-151.882	37.510
-151.798	37.433
-151.714	37.251
-151.714	37.237
-151.672	37.181
-151.595	37.146
POLYLINE BLACK
-151.420	37.979
-151.462	37.993
POLYLINE BLACK
-151.343	37.951
POLYLINE BLACK
-147.906	34.296
-147.906	34.326
-147.966	34.386
-148.101	34.596
-148.266	34.821
-148.326	34.926
-148.371	34.956
-148.491	35.136
-148.641	35.286
-148.671	35.361
-148.716	35.376
-148.746	35.406
-148.761	35.451
-148.911	35.586
-149.001	35.691
-149.256	35.916
-149.301	35.991
-149.601	36.231
-149.766	36.351
-149.886	36.441
-149.961	36.471
-150.021	36.516
-150.201	36.591
-150.276	36.651
-150.606	36.816
-150.741	36.861
-150.771	36.891
-150.831	36.906
-150.861	36.936
-150.966	36.981
-151.026	37.026
-151.071	37.026
-151.131	37.056
-151.176	37.056
-151.236	37.086
-151.266	37.086
-151.371	37.131
-151.401	37.131
-151.641	37.206
-151.731	37.251
POLYLINE BLACK
-145.896	35.266
-145.876	35.246
POLYLINE BLACK
-151.006	38.286
-151.036	38.286
-151.066	38.301
-151.096	38.286
-151.156	38.301
-151.186	38.301
-151.216	38.286
-151.276	38.316
-151.306	38.271
-151.336	38.271
-151.411	38.181
-151.441	38.121
-151.441	38.091
-151.426	38.061
-151.426	38.016
-151.411	37.956
-151.411	37.896
-151.426	37.866
-151.456	37.851
-151.531	37.761
-151.651	37.761
POLYLINE BLACK
-150.946	38.286
POLYLINE BLACK
-147.376	35.871
-147.481	35.931
-147.541	35.946
-147.706	36.066
-147.721	36.096
-147.751	36.111
-147.781	36.186
-148.126	36.471
-148.156	36.471
-148.246	36.546
-148.276	36.546
-148.336	36.561
-148.366	36.561
-148.426	36.606
-148.456	36.606
-148.576	36.711
-148.636	36.741
-148.666	36.741
-148.741	36.786
-148.771	36.786
-148.861	36.846
-148.936	36.846
-149.161	36.996
-149.491	37.161
-149.521	37.161
-149.716	37.251
-149.746	37.236
-149.836	37.281
-149.941	37.281
-150.031	37.326
-150.061	37.311
-150.256	37.416
-150.286	37.416
-150.406	37.476
-150.466	37.476
-150.526	37.506
-150.556	37.506
-150.676	37.566
-150.706	37.566
-150.736	37.551
-150.796	37.581
-150.856	37.566
-151.201	37.566
-151.351	37.656
-151.381	37.656
-151.441	37.686
-151.471	37.686
-151.651	37.821
-151.681	37.881
-151.681	37.986
-151.666	38.046
POLYLINE BLACK
-146.671	35.301
-146.836	35.496
-147.046	35.691
-147.076	35.706
-147.091	35.736
-147.166	35.781
-147.196	35.781
-147.406	35.901
-147.466	35.931
-147.136	35.766
-146.656	35.376
-146.536	35.196
-146.476	35.076
POLYLINE BLACK
-147.046	35.706
-147.031	35.661
-147.061	35.646
-147.106	35.706
-147.271	35.781
POLYLINE BLACK
-150.956	38.506
-150.946	38.456
-150.936	38.406
-150.936	38.296
-150.886	38.216
-150.846	38.176
-150.776	38.146
-150.696	38.096
-150.646	38.086
-150.426	37.976
-150.376	37.966
-150.306	37.936
-150.266	37.906
-150.246	37.916
-150.206	37.886
-150.116	37.876
-150.096	37.856
-150.066	37.856
-150.006	37.836
-149.976	37.836
-149.916	37.806
-149.876	37.796
-149.836	37.766
-149.756	37.736
-149.726	37.736
-149.666	37.696
-149.636	37.696
-149.456	37.606
-149.366	37.576
-149.326	37.546
POLYLINE BLACK
-150.686	39.266
-150.766	39.316
-150.816	39.326
-150.846	39.366
-150.966	39.106
-151.016	38.976
POLYLINE BLACK
-150.926	39.226
-150.966	39.136
-151.026	39.036
-151.076	38.946
-151.086	38.886
-151.046	38.796
POLYLINE BLACK
-151.016	38.931
-150.911	38.601
-150.911	38.541
-150.896	38.481
-150.896	38.451
-150.911	38.421
POLYLINE BLACK
-150.911	38.781
-150.896	38.721
POLYLINE BLACK
-149.486	38.631
-149.516	38.661
-149.591	38.676
-149.681	38.706
-149.711	38.736
-149.741	38.736
-149.771	38.766
-149.831	38.766
-149.891	38.811
-149.951	38.811
-150.131	38.931
-150.176	38.931
-150.236	39.006
-150.266	39.006
-150.446	39.126
-150.476	39.126
-150.536	39.186
-150.566	39.171
-150.656	39.231
-150.671	39.261
-150.701	39.261
-150.746	39.321
POLYLINE BLACK
-148.151	37.791
-148.361	37.911
-148.421	37.926
-148.586	38.031
-148.646	38.076
-148.706	38.151
-148.826	38.241
-148.901	38.331
-149.036	38.421
-149.066	38.421
-149.126	38.466
-149.156	38.466
-149.216	38.496
-149.246	38.496
-149.456	38.616
-149.486	38.616
POLYLINE BLACK
-148.076	37.776
POLYLINE ORANGE
-149.925	37.752
-149.925	37.746
-149.913	37.713
-149.913	37.707
-149.907	37.692
-149.907	37.686
-149.901	37.671
-149.901	37.659
-149.895	37.644
-149.895	37.632
-149.895	37.632
-149.910	37.665
-149.910	37.671
-149.916	37.686
-149.916	37.710
-149.907	37.722
-149.907	37.731
-149.901	37.734
-149.892	37.746
-149.886	37.749
-149.874	37.749
-149.850	37.728
-149.850	37.722
-149.853	37.716
-149.865	37.707
-149.871	37.707
-149.883	37.698
-149.889	37.695
-149.895	37.695
-149.901	37.692
-149.910	37.695
-149.916	37.692
-149.922	37.695
POLYLINE ORANGE
-150.975	38.412
-150.975	38.406
-150.963	38.376
-150.963	38.364
-150.960	38.358
-150.960	38.331
-150.957	38.325
-150.957	38.319
-150.963	38.331
-150.963	38.337
-150.969	38.343
-150.969	38.379
-150.966	38.385
-150.966	38.394
-150.960	38.406
-150.942	38.406
-150.936	38.403
-150.930	38.403
-150.924	38.400
-150.918	38.388
-150.918	38.382
-150.927	38.370
-150.939	38.370
-150.951	38.361
-150.957	38.364
-150.969	38.364
POLYLINE ORANGE
-150.996	38.757
-150.990	38.745
-150.990	38.733
-150.987	38.724
-150.987	38.673
-150.990	38.667
-150.990	38.661
-150.993	38.667
-150.993	38.688
-150.996	38.694
-150.996	38.718
-150.993	38.724
-150.993	38.730
-150.987	38.745
-150.975	38.754
-150.969	38.754
-150.963	38.760
-150.951	38.748
-150.948	38.733
-150.948	38.727
-150.945	38.721
-150.954	38.715
-150.990	38.715
POLYLINE BLACK
-148.332	37.794
-148.302	37.794
-148.182	37.734
-148.152	37.734
-147.957	37.629
-147.927	37.644
-147.777	37.569
-147.747	37.539
-147.702	37.524
-147.612	37.464
-147.567	37.449
-147.522	37.389
-147.357	37.314
-147.252	37.224
-147.177	37.209
-147.147	37.179
-146.967	37.104
-146.787	36.954
-146.742	36.939
-146.592	36.759
-146.547	36.729
-146.322	36.459
-146.292	36.429
-146.277	36.384
-146.097	36.114
-146.052	36.084
-145.932	35.904
-145.782	35.724
-145.662	35.634
-145.602	35.589
-145.587	35.559
POLYLINE GREEN
-148.377	37.719
-148.527	38.049
-148.527	38.109
-148.377	38.019
-148.197	37.779
-148.167	37.659
-147.987	38.079
-147.897	38.199
POLYLINE GREEN
-148.287	37.809
-148.407	37.689
POLYLINE GREEN
-148.257	36.609
-148.047	36.399
POLYLINE GREEN
-148.287	37.779
-148.227	37.509
-148.227	37.389
-148.197	37.179
-148.227	37.029
-148.257	36.549
-148.497	36.309
POLYLINE BLACK
-140.997	30.309
-140.637	30.309
-140.577	30.339
-140.397	30.339
-140.217	30.249
-140.097	30.249
-139.587	30.039
-139.467	29.979
-139.407	30.009
-139.227	29.949
-139.167	29.889
-139.107	29.889
POLYLINE BLACK
-141.537	28.239
-141.537	28.179
-141.597	28.209
-141.867	28.209
-141.927	28.179
-142.257	28.299
-142.527	28.389
-142.767	28.479
-142.947	28.599
-143.067	28.629
-143.397	28.779
-143.487	28.899
-143.637	28.989
-143.637	29.049
-143.907	29.319
-144.117	29.499
-144.177	29.499
-144.267	29.589
-144.447	29.739
-144.597	29.799
-145.227	30.429
-145.317	30.579
-145.437	30.669
-145.527	30.819
-145.767	31.059
-146.427	31.779
-146.457	31.869
-146.547	31.959
-146.727	32.199
-146.757	32.319
-146.847	32.499
-146.847	32.589
-147.087	33.159
-147.417	33.699
-147.507	33.789
-147.597	33.999
-147.837	34.239
-147.897	34.389
POLYLINE BLACK
-144.787	30.979
-144.967	31.159
-145.067	31.339
-145.247	31.619
-145.427	31.899
-145.447	31.979
-145.487	32.059
-145.507	32.199
-145.687	32.699
-145.827	33.199
-145.847	33.379
-145.867	33.459
-145.867	33.519
-145.887	33.599
-145.887	33.699
-145.907	33.779
-145.907	33.859
-145.967	34.079
-145.967	34.139
-146.027	34.299
-146.027	34.359
-146.147	34.639
-146.287	34.879
-146.447	35.199
POLYLINE BLACK
-144.667	30.899
-144.927	31.099
POLYLINE BLACK
-145.027	35.104
-145.102	35.239
-145.207	35.374
-145.522	35.614
-145.627	35.734
-145.747	35.824
-145.417	35.539
-145.282	35.434
-145.087	35.224
-144.982	35.089
-144.847	34.894
POLYLINE BLACK
-143.887	31.444
-144.007	31.519
-144.052	31.579
-144.172	31.669
-144.412	31.969
-144.412	31.999
-144.532	32.149
-144.592	32.224
-144.622	32.299
-144.772	32.524
-144.862	32.719
-144.892	32.749
-144.922	32.854
-144.982	33.004
-144.982	33.034
-145.012	33.094
-145.012	33.139
-145.087	33.319
-145.117	33.529
-145.117	33.574
-145.222	33.949
-145.222	33.979
-145.282	34.174
-145.282	34.249
-145.297	34.279
-145.297	34.324
-145.417	34.579
-145.417	34.609
-145.477	34.774
-145.522	34.909
-145.522	34.939
-145.597	35.104
-145.702	35.254
-145.747	35.314
-145.807	35.359
POLYLINE BLACK
-144.937	35.014
-144.892	34.864
-144.832	34.819
-144.742	34.699
-144.712	34.684
-144.577	34.519
-144.547	34.504
-144.337	34.249
-144.247	34.174
-144.232	34.129
-144.112	33.979
-144.052	33.904
-143.812	33.694
-143.662	33.559
-143.617	33.499
-143.572	33.469
-143.527	33.409
-143.482	33.379
-143.257	33.079
-143.227	33.049
-143.197	32.974
-142.927	32.644
-142.747	32.404
-142.657	32.209
-142.582	32.119
-142.537	32.014
-142.477	31.924
POLYLINE BLACK
-144.967	35.164
POLYLINE BLACK
-144.712	30.934
-144.697	30.904
-144.412	30.679
-144.292	30.619
-144.172	30.514
-144.052	30.409
POLYLINE BLACK
-144.262	30.484
-144.157	30.454
-144.067	30.349
-143.932	30.244
-143.872	30.169
-143.752	30.079
-143.527	29.929
-143.512	29.899
-143.047	29.494
-142.912	29.404
-142.882	29.374
-142.792	29.374
-142.717	29.314
-142.567	29.254
-142.477	29.194
-142.447	29.194
-142.327	29.119
-142.207	29.044
-142.162	29.044
-141.982	28.909
-141.937	28.849
-141.907	28.834
-141.847	28.744
-141.787	28.699
-141.757	28.699
-141.697	28.624
-141.637	28.594
-141.577	28.594
-141.457	28.534
-141.367	28.534
POLYLINE BLACK
-141.622	29.569
-141.757	29.614
-141.817	29.644
-141.892	29.644
-141.922	29.674
-141.982	29.674
-142.042	29.719
-142.102	29.719
-142.162	29.734
-142.177	29.764
-142.177	29.749
-142.252	29.779
-142.267	29.809
-142.297	29.809
-142.327	29.839
-142.387	29.839
-142.522	29.914
-142.642	29.989
-142.672	29.989
-142.702	30.019
-142.702	30.049
-142.792	30.124
-142.897	30.244
-143.092	30.424
-143.152	30.499
-143.167	30.544
-143.347	30.754
-143.362	30.799
-143.482	30.904
-143.557	31.024
-143.617	31.114
-143.827	31.309
-143.842	31.339
-143.887	31.354
-143.902	31.384
POLYLINE BLACK
-140.617	30.274
-140.707	30.274
-140.752	30.289
-140.782	30.319
-140.857	30.334
-141.157	30.469
-141.217	30.514
-141.367	30.589
-141.562	30.739
-141.652	30.799
-141.862	31.024
-141.982	31.129
-142.132	31.324
-142.342	31.804
-142.387	31.864
-142.417	31.939
-142.567	32.089
POLYLINE BLACK
-140.587	28.424
-140.757	28.424
-140.797	28.434
-140.937	28.424
-140.977	28.434
-141.067	28.424
-141.217	28.464
-141.297	28.454
-141.337	28.464
-141.387	28.444
-141.427	28.454
-141.507	28.454
-141.527	28.474
POLYLINE BLACK
-138.937	28.454
-139.087	28.414
-139.127	28.404
-139.227	28.374
-139.267	28.384
-139.287	28.394
-139.307	28.384
-139.397	28.404
-139.437	28.414
-139.487	28.414
-139.527	28.424
-139.567	28.424
-139.567	28.404
-139.577	28.424
-139.577	28.404
-139.597	28.404
-139.617	28.354
-139.637	28.334
-139.647	28.294
-139.657	28.254
-139.667	28.214
-139.767	28.134
-139.847	28.094
-139.947	28.074
-140.027	28.094
-140.057	28.094
-140.077	28.104
-140.117	28.094
-140.157	28.104
-140.177	28.104
-140.287	28.214
-140.317	28.264
-140.317	28.284
-140.357	28.294
-140.467	28.374
-140.487	28.374
-140.507	28.394
-140.527	28.394
-140.557	28.434
-140.567	28.414
POLYLINE BLUE
-138.327	28.734
-138.327	28.694
-138.377	28.634
-138.497	28.604
-138.617	28.614
-138.737	28.614
POLYLINE BLUE
-138.577	28.844
-138.527	28.774
-138.397	28.654
POLYLINE BLUE
-138.567	29.054
-138.477	28.964
-138.197	28.754
POLYLINE BLUE
-138.497	29.284
-138.357	29.184
-138.067	28.924
-137.987	28.844
POLYLINE BLUE
-138.617	29.624
-138.527	29.534
-138.137	29.244
-138.037	29.184
POLYLINE BLUE
-138.527	29.544
-138.507	29.524
POLYLINE BLUE
-138.187	28.674
-138.167	28.694
-138.077	28.734
-138.047	28.734
-138.027	28.764
-137.997	28.774
-137.897	28.884
-137.847	28.984
-137.847	29.024
-137.837	29.054
-137.837	29.134
-137.877	29.334
-137.937	29.494
-138.027	29.574
-138.137	29.644
POLYLINE BLUE
-138.027	29.554
POLYLINE BLUE
-138.817	29.744
-138.597	29.614
-138.517	29.554
POLYLINE BLUE
-139.127	29.764
-138.667	29.404
-138.537	29.314
POLYLINE BLUE
-139.477	29.764
-139.367	29.674
-138.937	29.384
-138.477	29.024
POLYLINE BLUE
-139.697	29.574
-139.677	29.554
-139.617	29.534
-139.077	29.204
-138.697	28.934
-138.507	28.794
POLYLINE BLUE
-139.877	29.544
-139.767	29.434
-139.557	29.264
-139.057	28.914
-138.787	28.774
-138.667	28.694
POLYLINE BLUE
-140.137	29.444
-139.597	29.004
-139.317	28.804
-139.087	28.674
-139.007	28.634
POLYLINE BLUE
-140.217	29.234
-139.767	28.864
-139.547	28.704
-139.357	28.594
-139.317	28.584
POLYLINE BLUE
-140.087	28.884
-140.017	28.824
-139.827	28.694
-139.617	28.574
-139.527	28.544
-139.507	28.524
POLYLINE BLUE
-138.617	28.634
-138.657	28.604
-138.807	28.554
-138.887	28.524
-138.917	28.524
-138.957	28.514
-138.997	28.504
-139.017	28.514
-139.087	28.514
-139.227	28.554
-139.327	28.524
-139.377	28.494
-139.497	28.444
-139.547	28.444
-139.597	28.434
-139.637	28.424
-139.677	28.434
-139.737	28.434
-139.787	28.454
-139.877	28.514
-139.907	28.564
-139.997	28.694
-140.037	28.734
-140.067	28.804
-140.157	28.914
-140.217	29.034
-140.237	29.104
-140.237	29.174
-140.187	29.434
POLYLINE BLACK
-140.577	30.294
-140.587	30.274
-140.657	30.274
-140.707	30.264
POLYLINE BLACK
-140.117	30.224
-140.157	30.224
-140.207	30.234
-140.247	30.234
POLYLINE BLACK
-139.577	30.124
-139.647	30.164
-139.747	30.174
-139.767	30.184
POLYLINE BLACK
-138.967	29.894
-138.987	29.894
-139.007	29.914
-139.097	29.934
-139.117	29.944
POLYLINE BLACK
-141.647	28.174
-141.517	28.144
-141.467	28.144
-141.447	28.134
-141.407	28.134
-141.337	28.114
-141.297	28.114
-141.277	28.124
-141.177	28.104
-141.027	28.094
-140.957	28.084
-140.827	28.084
-140.777	28.074
-140.667	28.064
-140.537	28.064
-140.407	28.044
-140.377	28.054
-140.287	28.044
-140.247	28.034
-140.197	28.034
-139.997	28.004
-139.917	27.994
-139.857	28.004
-139.787	28.004
-139.737	27.994
-139.537	27.994
-139.497	27.984
-139.367	27.964
-139.277	27.944
-139.187	27.934
-139.137	27.924
-139.097	27.914
-139.027	27.874
-138.937	27.854
-138.877	27.824
-138.857	27.824
-138.737	27.774
-138.717	27.774
POLYLINE BLACK
-138.167	29.574
-138.187	29.564
-138.267	29.594
-138.327	29.634
-138.377	29.634
-138.447	29.684
-138.487	29.684
-138.547	29.704
-138.557	29.724
-138.577	29.714
-138.627	29.744
-138.637	29.764
-138.787	29.804
-138.817	29.804
-138.857	29.814
-138.917	29.814
-139.027	29.784
-139.067	29.784
-139.137	29.794
-139.177	29.784
-139.217	29.784
-139.257	29.794
-139.307	29.784
-139.377	29.784
-139.417	29.774
-139.487	29.774
-139.607	29.714
-139.637	29.714
-139.757	29.664
-139.947	29.504
-140.057	29.364
-140.177	29.264
-140.197	29.264
-140.297	29.204
-140.347	29.174
-140.427	29.154
-140.497	29.114
-140.537	29.114
-140.577	29.094
-140.677	29.114
-140.837	29.144
-140.877	29.154
-140.897	29.154
-140.927	29.174
-141.017	29.204
-141.057	29.224
-141.087	29.224
-141.267	29.314
-141.377	29.384
-141.427	29.414
-141.467	29.454
-141.517	29.484
-141.547	29.514
-141.617	29.564
POLYLINE BLACK
-138.947	27.954
-138.987	27.964
-139.077	28.054
POLYLINE BLACK
-138.897	27.894
POLYLINE BLACK
-138.867	27.874
POLYLINE BLACK
-138.887	27.974
-138.867	27.894
-138.847	27.844
-138.827	27.824
-138.777	27.814
-138.737	27.764
-138.637	27.714
-138.617	27.714
-138.517	27.624
-138.487	27.614
-138.427	27.544
-138.367	27.454
-138.217	27.304
-138.117	27.204
-138.067	27.174
-138.017	27.124
-137.937	27.074
-137.917	27.044
-137.917	27.024
-137.847	26.864
-137.837	26.824
-137.827	26.804
-137.687	26.744
-137.547	26.604
-137.447	26.544
POLYLINE BLACK
-135.977	26.474
-135.987	26.504
-136.067	26.584
-136.157	26.654
-136.327	26.744
POLYLINE BLACK
-136.027	26.564
-136.167	26.654
-136.337	26.784
-136.357	26.824
-136.387	26.834
-136.397	26.864
-136.447	26.914
-136.527	27.004
-136.577	27.034
-136.837	27.284
-136.947	27.364
-137.057	27.454
-137.107	27.474
-137.197	27.544
-137.427	27.774
-137.727	28.064
-137.827	28.154
-137.897	28.194
-138.007	28.314
-138.097	28.414
POLYLINE BLACK
-138.487	28.214
-138.237	27.964
-138.147	27.914
-138.107	27.904
-138.047	27.884
-138.007	27.854
-137.967	27.844
-137.887	27.794
-137.807	27.714
-137.737	27.684
-137.677	27.624
-137.517	27.504
-137.397	27.444
-137.377	27.444
-137.247	27.384
-137.087	27.284
-137.037	27.264
-136.937	27.154
-136.877	27.064
-136.787	26.994
-136.577	26.734
-136.457	26.644
-136.237	26.424
-136.157	26.324
-136.027	26.194
POLYLINE BLACK
-138.197	28.074
-138.167	27.984
-138.137	27.934
-138.097	27.914
POLYLINE BLACK
-138.407	28.134
-138.497	28.224
-138.637	28.314
-138.657	28.314
-138.757	28.414
-138.877	28.474
POLYLINE BLACK
-138.257	28.674
-138.207	28.564
-138.047	28.374
-138.017	28.344
POLYLINE BLACK
-135.987	28.004
-135.907	27.924
-135.877	27.894
-135.747	27.804
-135.687	27.754
-135.637	27.704
-135.617	27.664
POLYLINE BLACK
-138.227	28.634
-138.097	28.634
-138.027	28.624
-137.927	28.634
-137.827	28.614
-137.807	28.624
-137.787	28.614
-137.737	28.614
-137.677	28.594
-137.637	28.564
-137.557	28.544
-137.307	28.444
-137.177	28.434
-137.117	28.414
-137.047	28.414
-136.897	28.394
-136.857	28.394
-136.737	28.374
-136.697	28.374
-136.657	28.344
-136.607	28.334
-136.567	28.304
-136.527	28.304
-136.347	28.204
-136.277	28.174
-136.157	28.094
-136.137	28.074
-136.117	28.074
-136.057	28.034
-136.017	28.024
-135.917	27.974
POLYLINE BLACK
-135.227	28.114
-135.227	27.954
-135.247	27.754
-135.247	27.654
-135.227	27.574
-134.887	27.654
-134.867	27.694
-134.887	27.734
-134.887	27.914
-134.927	27.954
-135.167	27.994
-135.267	27.994
POLYLINE BLACK
-134.787	27.074
-134.807	26.934
-134.807	26.754
-134.827	26.654
-134.827	26.514
-134.807	26.434
-134.727	26.414
-134.547	26.434
-134.447	26.434
-134.327	26.474
-134.307	26.534
-134.407	26.894
-134.587	26.934
-134.767	26.994
-134.807	26.974
-134.887	27.014
POLYLINE BLUE
-133.627	26.454
-133.587	26.194
-133.527	26.054
POLYLINE BLUE
-131.467	24.814
-131.667	25.234
-131.807	25.334
-131.987	25.334
-132.127	25.374
-132.147	25.494
-132.147	25.634
-132.187	25.694
-132.427	25.714
-132.487	25.694
-132.527	25.714
-132.567	25.694
-132.647	25.774
-132.667	25.874
-132.667	25.974
-132.687	26.014
-133.087	25.934
-133.207	26.014
-133.407	26.274
-133.667	26.354
-133.707	26.354
-133.507	26.494
-133.327	26.534
POLYLINE BLUE
-133.487	23.994
-133.667	23.994
-133.827	24.054
-133.987	24.214
-133.987	24.354
-133.867	24.594
-133.887	24.674
-133.927	24.754
-134.087	24.894
-134.147	24.954
-134.107	25.114
-134.167	25.194
-134.267	25.254
-134.307	25.374
-134.387	25.454
-134.427	25.174
-134.447	25.094
-134.447	25.334
-134.347	25.354
-134.247	25.394
POLYLINE BLUE
-137.647	29.054
-137.447	28.854
-137.427	28.814
POLYLINE BLUE
-136.027	28.894
-136.187	29.034
-136.347	29.034
-136.427	28.954
-136.507	28.794
-136.587	28.774
-136.687	28.774
-136.807	28.954
-136.807	29.134
-136.867	29.254
-137.047	29.074
-137.227	28.974
-137.427	28.974
-137.587	29.074
-137.627	29.074
-137.587	29.114
-137.347	29.194
POLYLINE BLUE
-135.827	28.774
POLYLINE BLUE
-135.767	28.734
POLYLINE BLACK
-135.167	29.114
-135.287	29.314
-135.367	29.354
POLYLINE BLACK
-138.107	29.554
-138.027	29.534
-137.947	29.514
-137.527	29.634
-137.247	29.674
-137.167	29.694
-137.087	29.674
-136.947	29.674
-136.867	29.654
-136.807	29.654
-136.767	29.614
-136.687	29.614
-136.547	29.574
-136.267	29.534
-136.107	29.534
-135.887	29.454
-135.807	29.454
-135.727	29.414
-135.627	29.414
-135.507	29.374
-135.447	29.374
-135.407	29.334
-135.187	29.294
-135.107	29.274
-135.067	29.254
-135.027	29.274
-134.867	29.154
POLYLINE BLACK
-135.307	26.594
-135.427	26.854
-135.447	27.014
-135.447	27.234
-135.467	27.314
-135.467	27.434
-135.507	27.534
-135.587	27.594
-135.667	27.814
-135.727	27.894
-135.767	28.034
-135.767	28.074
-135.887	28.174
-136.027	28.254
POLYLINE BLACK
-132.327	24.534
-132.547	24.314
-132.587	24.314
-132.847	24.154
-132.887	24.154
-132.907	24.114
-133.147	24.514
-133.327	24.734
-133.427	24.934
-133.587	25.174
-133.727	25.474
-133.727	25.514
-133.487	25.674
-133.367	25.794
-132.807	25.434
-132.767	25.434
-132.407	25.234
-132.067	25.034
-132.027	25.034
-131.947	24.954
-132.087	24.634
-132.287	24.454
-132.367	24.434
-132.447	24.374
POLYLINE BLACK
-134.567	24.114
-134.687	24.274
-134.727	24.374
-134.787	24.434
-134.867	24.514
-135.067	24.634
-135.267	24.834
-135.467	24.994
-135.687	25.094
-135.767	25.114
-135.987	25.334
-136.067	25.354
-136.207	25.454
-136.427	25.674
-136.747	25.874
-136.927	26.074
-137.107	26.314
-137.187	26.334
-137.327	26.494
-137.407	26.514
-137.527	26.594
-137.627	26.634
POLYLINE BLACK
-137.727	26.734
POLYLINE BLACK
-137.107	26.234
-137.207	26.274
POLYLINE BLACK
-136.247	25.554
-136.587	25.774
POLYLINE BLACK
-135.307	24.834
-135.367	24.894
-135.507	24.994
-135.567	25.014
-135.607	25.074
POLYLINE BLACK
-134.707	24.294
-134.867	24.494
POLYLINE BLACK
-134.087	23.474
-134.127	23.594
-134.147	23.694
-134.367	23.994
-134.407	24.034
POLYLINE BLACK
-134.847	25.194
-134.847	25.434
-134.867	25.614
-134.927	25.794
-135.027	25.954
-135.087	26.034
-135.327	26.554
-135.427	26.694
-135.467	26.714
-135.487	26.774
-135.567	26.834
-135.567	26.874
-135.607	26.914
POLYLINE BLACK
-134.827	25.734
-134.807	25.574
-134.807	25.494
-134.827	25.414
-134.867	25.414
-134.907	25.374
POLYLINE BLACK
-134.887	25.814
-134.867	25.774
POLYLINE BLACK
-134.987	25.934
-134.987	25.974
-135.047	26.074
-135.147	26.234
-135.267	26.354
-135.327	26.374
-135.407	26.454
POLYLINE BLACK
-134.207	27.434
-134.167	27.334
-133.827	27.094
-133.707	27.014
POLYLINE BLACK
-133.347	27.614
-133.447	27.634
-133.567	27.754
-133.787	27.934
-133.987	28.194
-134.147	28.394
-134.367	28.574
-134.447	28.654
-134.947	29.174
-134.947	29.214
-135.067	29.334
-135.147	29.354
POLYLINE BLACK
-134.007	27.254
-134.147	27.414
-134.367	27.794
-134.507	27.994
-134.507	28.034
-134.567	28.134
-134.747	28.474
-134.927	28.854
-134.947	28.934
-135.107	29.134
-135.147	29.174
POLYLINE BLACK
-131.347	19.724
-131.302	19.619
-131.272	19.439
-131.257	19.409
-131.257	19.334
-131.242	19.274
-131.257	19.139
-131.257	18.914
-131.197	18.719
-131.182	18.599
-131.182	18.524
-131.152	18.404
-131.152	18.374
-131.122	18.314
-131.107	18.239
-131.077	18.179
-131.077	18.149
-131.032	17.999
-131.032	17.909
-131.002	17.819
-131.002	17.774
-130.957	17.684
-130.957	17.654
-130.912	17.519
-130.912	17.489
-130.852	17.294
-130.822	17.129
-130.702	16.829
-130.657	16.769
-130.657	16.739
-130.597	16.604
-130.597	16.499
-130.582	16.439
-130.582	16.409
-130.567	16.349
-130.537	16.214
-130.522	16.154
-130.447	16.034
-130.312	15.794
-130.312	15.764
-130.282	15.734
-130.252	15.599
-130.102	15.269
-130.102	15.239
-130.087	15.209
-130.087	15.164
-129.982	14.909
-129.982	14.864
-129.952	14.834
-129.952	14.804
-129.892	14.684
-129.892	14.654
-129.847	14.549
-129.847	14.519
-129.802	14.414
-129.802	14.384
-129.772	14.324
-129.757	14.249
-129.697	14.054
-129.667	13.934
-129.637	13.904
-129.577	13.754
-129.577	13.724
-129.547	13.664
-129.547	13.634
-129.532	13.574
-129.532	13.514
-129.517	13.454
-129.517	13.424
-129.487	13.394
POLYLINE BLACK
-132.052	19.379
-131.992	19.184
-131.827	18.854
-131.737	18.719
POLYLINE BLACK
-131.767	18.749
-131.722	18.644
-131.722	18.614
-131.647	18.434
-131.647	18.404
-131.632	18.344
-131.632	18.314
-131.602	18.224
-131.602	18.179
-131.557	18.089
-131.542	17.984
-131.362	17.564
-131.182	17.204
-131.107	17.039
-131.107	16.994
-131.077	16.964
-131.062	16.889
-131.017	16.799
-131.017	16.769
-130.912	16.409
-130.897	16.334
-130.837	16.139
-130.837	16.094
-130.777	15.959
-130.777	15.929
-130.717	15.764
-130.717	15.719
-130.627	15.509
-130.612	15.434
-130.567	15.329
-130.567	15.299
-130.267	14.624
-130.267	14.594
-130.207	14.504
-130.147	14.354
-130.147	14.324
-130.102	14.264
-130.102	14.234
-129.952	13.889
-129.937	13.814
-129.892	13.664
-129.847	13.574
-129.847	13.529
-129.757	13.334
-129.757	13.304
POLYLINE BLACK
-133.552	22.934
-133.477	22.829
-133.447	22.724
-133.402	22.664
-133.312	22.454
-133.282	22.424
-133.282	22.394
-133.237	22.334
-133.237	22.304
-133.117	22.034
-133.117	22.004
-133.102	21.974
-133.102	21.929
-132.832	21.329
-132.802	21.299
-132.787	21.224
-132.622	20.894
-132.577	20.834
-132.577	20.804
-132.397	20.444
-132.397	20.399
-132.352	20.309
-132.352	20.279
-132.172	19.874
-132.157	19.799
-132.067	19.499
-132.037	19.439
-132.037	19.409
-131.977	19.274
-131.977	19.244
-131.947	19.184
POLYLINE BLACK
-132.907	23.174
-132.877	23.144
-132.862	23.069
-132.802	22.979
-132.802	22.949
-132.712	22.769
-132.712	22.724
-132.652	22.604
-132.652	22.574
-132.637	22.544
-132.637	22.499
-132.562	22.244
-132.517	22.094
-132.442	21.974
-132.427	21.929
-132.337	21.809
-132.307	21.734
-132.277	21.704
-132.277	21.674
-132.232	21.614
-132.217	21.539
-132.187	21.479
-132.187	21.449
-132.082	21.239
-132.082	21.209
-131.962	20.999
-131.872	20.819
-131.797	20.699
-131.722	20.579
-131.707	20.534
-131.632	20.414
-131.617	20.339
-131.557	20.234
-131.557	20.204
-131.467	20.039
-131.467	20.009
-131.422	19.949
-131.422	19.919
-131.332	19.709
-131.332	19.679
-131.257	19.514
POLYLINE BLACK
-135.592	25.634
-135.742	25.724
-135.877	25.919
-135.922	26.024
-135.982	26.114
-135.982	26.144
-136.012	26.264
-136.087	26.399
-136.087	26.429
-136.102	26.459
-136.072	26.489
-136.042	26.489
-135.877	26.429
-135.847	26.444
-135.787	26.399
-135.772	26.369
-135.742	26.354
-135.727	26.309
-135.637	26.234
-135.562	26.174
-135.502	26.099
-135.382	26.009
-135.352	25.994
-135.337	25.964
-135.187	25.889
-135.142	25.829
-135.022	25.769
-134.962	25.724
-134.902	25.724
-134.842	25.709
-134.827	25.739
-134.842	25.769
-134.842	25.814
-134.902	25.949
POLYLINE BLACK
-135.367	25.529
POLYLINE BLACK
-135.607	25.574
-135.547	25.544
-135.517	25.544
-135.487	25.529
-135.442	25.529
-135.322	25.454
-135.277	25.439
-135.082	25.289
-135.052	25.289
-134.767	25.079
-134.737	25.079
-134.962	25.244
POLYLINE BLACK
-135.037	25.274
-135.067	25.274
-135.127	25.304
POLYLINE BLACK
-134.857	25.304
-134.692	24.974
-134.647	24.914
-134.407	24.419
-134.347	24.284
-134.302	24.224
-134.212	24.044
-134.122	23.819
-134.077	23.669
-134.047	23.609
-134.047	23.579
-134.032	23.549
-134.032	23.504
-133.942	23.324
-133.912	23.294
POLYLINE BLACK
-134.017	23.414
-133.777	23.174
-133.687	23.084
-133.647	23.024
-133.547	22.884
-133.517	22.834
POLYLINE BLACK
-132.897	23.104
-132.897	23.204
-132.847	23.294
-132.797	23.304
-132.727	23.364
-132.687	23.374
-132.537	23.434
-132.497	23.434
-132.407	23.454
-132.367	23.444
-132.297	23.474
-132.257	23.464
-132.167	23.474
-132.117	23.484
-132.077	23.484
-132.037	23.494
-131.997	23.524
-131.947	23.534
-131.877	23.534
-131.837	23.544
-131.787	23.544
-131.747	23.554
-131.657	23.544
-131.617	23.544
-131.577	23.534
-131.507	23.534
-131.347	23.484
-131.327	23.484
-131.267	23.444
-131.237	23.444
-131.157	23.404
-131.137	23.404
-131.047	23.344
-131.007	23.334
-130.947	23.314
-130.897	23.284
-130.787	23.244
-130.687	23.224
-130.607	23.164
-130.537	23.134
-130.437	23.054
-130.417	23.054
-130.397	23.034
-130.357	23.024
-130.267	22.944
-130.227	22.964
-130.167	22.934
-130.067	22.914
-129.997	22.884
-129.977	22.864
POLYLINE BLACK
-133.347	27.604
-133.247	27.504
-133.207	27.504
-133.167	27.464
-133.127	27.464
-133.087	27.424
-133.007	27.404
-132.627	27.224
-132.447	27.084
-132.347	26.984
-132.227	26.864
-132.047	26.724
-132.007	26.724
-131.767	26.604
-131.647	26.504
-131.527	26.404
-131.487	26.404
-131.227	26.184
-131.127	26.144
-131.047	26.064
-130.747	25.924
-130.667	25.924
-130.147	25.764
-129.927	25.724
-129.747	25.644
-129.547	25.604
-129.367	25.524
-129.307	25.524
-129.127	25.464
-129.067	25.464
-129.027	25.424
POLYLINE BLACK
-129.347	24.024
-129.387	24.004
-129.707	24.084
-129.787	24.124
-129.807	24.164
-130.027	24.324
-130.207	24.424
-130.367	24.584
-130.407	24.584
-130.807	25.004
-130.887	25.144
-131.027	25.264
-131.207	25.384
-131.367	25.504
-131.407	25.504
-131.527	25.604
-131.707	25.704
-131.787	25.724
-131.887	25.744
-132.047	25.864
-132.187	25.904
-132.847	26.364
-133.007	26.524
-133.227	26.624
-133.467	26.744
-133.647	26.884
-133.847	27.104
-133.887	27.184
POLYLINE BLACK
-125.367	23.844
-125.307	23.724
-125.097	23.544
-125.037	23.574
-124.857	23.454
-124.707	23.274
POLYLINE BLACK
-125.727	24.054
POLYLINE BLACK
-125.487	23.874
-125.607	23.874
-125.787	23.994
-125.877	23.994
-126.177	24.234
-126.447	24.294
-126.627	24.384
-126.777	24.354
-126.897	24.444
-127.047	24.444
-127.227	24.504
-127.347	24.534
-127.857	24.834
-127.977	24.864
-128.157	24.984
-128.217	24.984
-128.277	25.044
-128.337	25.044
-128.487	25.194
-128.577	25.224
-128.667	25.314
-128.877	25.404
-128.937	25.374
-129.297	25.494
-129.387	25.494
-129.447	25.524
POLYLINE BLACK
-126.717	21.504
-126.657	21.534
-126.507	21.474
-126.327	21.354
-126.267	21.354
-126.147	21.264
POLYLINE BLACK
-129.297	23.994
-129.207	23.904
-129.087	23.874
-128.877	23.754
-128.757	23.724
-128.577	23.634
-128.457	23.604
-128.037	23.454
-127.917	23.424
-127.737	23.364
-127.017	22.644
-126.897	22.614
-126.657	22.494
-126.597	22.494
-126.567	22.434
-126.447	22.434
-126.267	22.314
-125.907	21.954
-125.817	21.834
POLYLINE BLACK
-126.477	21.444
-126.537	21.414
-126.897	21.624
-127.077	21.624
-127.197	21.654
-127.257	21.654
-127.437	21.804
-127.557	21.804
-127.827	22.074
-128.007	22.344
-128.247	22.644
-128.367	22.824
-128.667	23.064
-128.817	23.154
-128.937	23.184
-129.237	23.394
-129.597	23.514
POLYLINE BLACK
-130.017	22.914
-129.897	22.914
-129.597	22.704
-129.537	22.704
-129.297	22.524
-128.997	22.164
-128.907	22.014
-128.547	21.504
-128.307	21.294
-128.247	21.324
-128.127	21.204
-127.677	20.784
-127.407	20.634
-127.227	20.454
-127.107	20.364
-127.047	20.364
-126.927	20.244
-126.807	20.214
-126.747	20.154
-126.687	20.154
POLYLINE BLACK
-126.147	21.324
-125.832	21.069
-125.742	20.994
-125.352	20.769
-125.157	20.694
-124.872	20.529
-124.812	20.469
-124.542	20.274
-124.467	20.214
-124.392	20.109
-124.257	19.944
-124.197	19.899
-124.167	19.854
-124.092	19.824
-123.942	19.689
-123.897	19.629
-123.732	19.539
-123.702	19.494
-123.597	19.419
-123.567	19.374
-123.462	19.284
-123.372	19.179
-123.327	19.164
-123.177	19.044
-123.072	18.984
-122.937	18.894
-122.802	18.804
-122.772	18.804
-122.607	18.669
-122.547	18.624
-122.532	18.594
-122.397	18.534
-122.232	18.399
-122.172	18.354
POLYLINE BLACK
-122.862	17.694
-123.012	17.829
-123.222	17.979
-123.267	17.994
-123.327	18.084
-123.327	18.054
-123.402	18.069
-123.507	18.129
-123.537	18.129
-123.567	18.159
-123.597	18.159
-123.747	18.249
-123.777	18.249
-123.807	18.264
-123.852	18.264
-123.912	18.279
-124.002	18.354
-124.062	18.369
-124.107	18.399
-124.137	18.399
-124.167	18.429
-124.197	18.429
-124.407	18.564
-124.662	18.759
-124.722	18.774
-124.842	18.864
-124.887	18.879
-124.917	18.909
-124.962	18.924
-125.007	18.984
-125.082	18.999
-125.112	19.044
-125.322	19.179
-125.457	19.284
-125.577	19.359
-125.697	19.434
-125.772	19.449
-126.087	19.704
-126.117	19.704
-126.237	19.809
-126.342	19.899
-126.357	19.929
-126.462	19.974
-126.567	20.094
-126.687	20.184
-126.717	20.199
-126.732	20.229
-126.777	20.259
-126.792	20.289
-126.822	20.289
-126.897	20.349
-126.942	20.409
POLYLINE GREEN
-124.017	22.554
-124.002	22.524
-124.047	22.434
-124.047	22.299
-124.002	22.239
-123.912	22.209
-123.837	22.209
-123.777	22.239
POLYLINE GREEN
-123.342	21.759
-123.372	21.699
-123.387	21.534
-123.327	21.384
-123.297	21.354
-123.162	21.354
POLYLINE GREEN
-122.532	20.874
-122.517	20.844
-122.532	20.799
-122.532	20.604
-122.472	20.514
-122.367	20.499
-122.202	20.559
-122.172	20.589
POLYLINE GREEN
-120.837	19.434
-120.882	19.359
-120.897	19.269
-120.912	19.209
-120.852	19.089
-120.792	19.059
-120.687	19.059
POLYLINE GREEN
-120.867	19.074
-120.807	19.029
POLYLINE GREEN
-121.767	20.124
-121.812	20.019
-121.827	19.884
-121.827	19.854
-121.812	19.824
-121.707	19.824
-121.677	19.854
POLYLINE GREEN
-123.177	20.949
-123.207	20.784
-123.207	20.724
-123.162	20.589
-123.087	20.619
-123.057	20.649
POLYLINE GREEN
-123.987	21.684
-124.002	21.639
-124.002	21.549
-123.927	21.429
-123.897	21.429
-123.792	21.474
-123.762	21.519
POLYLINE GREEN
-124.782	22.674
-124.827	22.554
-124.797	22.314
-124.782	22.284
-124.722	22.254
-124.617	22.284
-124.527	22.374
POLYLINE BLACK
-125.412	21.564
-125.442	21.609
-125.637	21.744
-125.682	21.804
-125.772	21.864
POLYLINE BLACK
-125.397	21.579
-125.232	21.459
-125.202	21.459
-125.097	21.384
-124.992	21.324
-124.872	21.264
-124.632	21.084
-124.302	20.874
-124.197	20.784
-123.642	20.274
-123.492	20.169
-123.447	20.154
-123.282	20.019
-123.192	19.959
-123.162	19.959
-123.072	19.914
-123.042	19.869
-122.877	19.809
-122.742	19.719
-122.457	19.599
-122.427	19.569
-122.397	19.569
-122.337	19.509
-122.292	19.494
-122.202	19.419
-122.052	19.344
-122.037	19.314
-121.812	19.119
-121.767	19.104
-121.752	19.074
-121.692	19.044
-121.617	18.939
-121.587	18.924
-121.572	18.879
POLYLINE BLACK
-124.737	23.349
-124.557	23.229
-124.197	23.079
-124.077	23.049
-123.987	22.959
-123.687	22.719
-122.997	21.909
-122.937	21.759
-122.847	21.639
-122.727	21.429
-122.517	21.219
-122.307	21.099
-121.827	20.649
-121.227	20.229
-121.107	20.199
-120.987	20.079
-120.927	20.079
-120.807	19.959
-120.657	19.869
-120.267	19.479
-119.997	19.269
-119.847	19.119
-119.487	18.819
-119.427	18.819
-119.307	18.699
-119.247	18.699
-119.067	18.549
-118.917	18.489
-118.497	18.159
-118.257	17.979
-118.227	17.919
-118.167	17.919
-118.017	17.739
-117.867	17.649
-117.807	17.649
-117.627	17.529
-117.537	17.439
-117.327	17.319
POLYLINE BLACK
-121.407	18.159
-121.467	18.204
-121.497	18.264
-121.482	18.339
-121.422	18.399
-121.392	18.399
-121.257	18.354
-121.242	18.324
-121.242	18.249
-121.302	18.204
-121.377	18.189
-121.407	18.204
-121.452	18.189
-121.482	18.204
POLYLINE BLACK
-120.447	17.424
-120.507	17.439
-120.537	17.439
-120.567	17.469
-120.552	17.544
-120.522	17.574
-120.492	17.574
-120.432	17.589
-120.372	17.544
-120.372	17.469
-120.432	17.424
-120.477	17.424
-120.537	17.409
POLYLINE BLACK
-119.487	16.269
-119.517	16.254
-119.547	16.269
-119.592	16.359
-119.592	16.389
-119.547	16.464
-119.487	16.494
-119.427	16.494
-119.367	16.434
-119.397	16.344
-119.487	16.299
-119.517	16.299
-119.652	16.359
-119.682	16.359
POLYLINE BLUE
-119.187	16.104
-119.127	16.104
-118.917	16.074
POLYLINE BLUE
-117.762	15.219
-117.852	15.249
-118.002	15.264
-118.032	15.249
-118.062	15.264
-118.077	15.369
-118.047	15.459
-118.062	15.519
-118.122	15.579
-118.182	15.579
-118.242	15.594
-118.377	15.534
-118.452	15.534
-118.512	15.519
-118.542	15.519
-118.632	15.579
-118.647	15.609
-118.647	15.714
-118.662	15.774
-118.662	15.849
-118.782	15.849
-118.902	15.864
-119.022	15.909
-119.127	16.029
-119.172	16.119
-119.187	16.089
-119.097	15.834
-119.082	15.774
POLYLINE BLACK
-118.407	16.254
-118.407	16.224
POLYLINE BLACK
-119.097	15.324
POLYLINE BLACK
-119.322	15.564
-119.337	15.519
POLYLINE BLACK
-119.562	15.939
-119.562	15.894
-119.607	15.804
POLYLINE BLACK
-119.727	16.239
-119.772	16.179
POLYLINE BLACK
-119.907	16.449
-119.937	16.449
-119.982	16.389
POLYLINE BLACK
-120.027	16.614
POLYLINE BLACK
-120.192	17.034
-120.312	16.929
POLYLINE BLACK
-120.597	17.334
-120.627	17.304
POLYLINE BLACK
-120.942	17.649
-120.987	17.589
POLYLINE BLACK
-121.287	17.919
-121.287	17.889
-121.332	17.784
POLYLINE BLACK
-121.512	18.159
-121.512	18.114
-121.542	18.054
POLYLINE BLACK
-121.827	18.384
-121.797	18.339
-121.797	18.309
-121.782	18.279
-121.812	18.174
POLYLINE BLACK
-118.857	15.054
-119.157	15.279
-119.337	15.414
-119.697	15.879
-119.712	15.924
-119.802	16.044
-119.847	16.149
-119.937	16.269
-119.967	16.359
-120.072	16.509
-120.117	16.569
-120.132	16.614
-120.207	16.704
-120.297	16.824
-120.417	17.019
-120.492	17.079
-120.567	17.184
-120.702	17.274
-120.927	17.454
-121.047	17.544
-121.167	17.619
-121.332	17.739
-121.407	17.844
-121.467	17.919
-121.572	17.994
-121.662	18.129
-121.842	18.264
-121.962	18.339
-122.052	18.414
-122.082	18.414
-122.142	18.444
POLYLINE BLACK
-118.407	16.329
-118.437	16.329
-118.527	16.374
-118.557	16.374
-118.617	16.389
-118.662	16.389
-119.082	16.569
-119.247	16.689
-119.277	16.719
-119.367	16.764
-119.682	17.064
-119.802	17.244
-119.892	17.349
-120.027	17.514
-120.387	17.949
-120.417	17.979
-120.447	17.979
-120.492	18.039
-120.657	18.159
-120.702	18.174
-120.732	18.219
-120.882	18.339
-121.257	18.744
-121.377	18.819
-121.497	18.924
-121.587	18.999
POLYLINE BLACK
-122.907	17.784
-122.742	17.574
-122.637	17.499
-122.502	17.349
-122.472	17.364
-122.382	17.304
POLYLINE BLACK
-119.127	14.379
-119.157	14.409
-119.307	14.469
-119.337	14.499
-119.367	14.499
-119.412	14.529
-119.442	14.529
-119.562	14.604
-119.757	14.739
-119.802	14.814
-119.847	14.829
-120.057	15.024
-120.147	15.069
-120.342	15.279
-120.387	15.309
-120.462	15.399
POLYLINE BLACK
-122.472	17.364
-122.187	17.109
-122.157	17.094
-122.112	17.034
-122.037	16.989
-121.947	16.884
-121.917	16.869
-121.887	16.824
-121.782	16.749
-121.707	16.644
-121.692	16.599
-121.647	16.569
-121.542	16.449
-121.407	16.254
-121.122	15.924
-121.107	15.894
-121.062	15.864
-121.047	15.819
-121.002	15.789
-120.912	15.684
-120.747	15.549
-120.507	15.354
-120.492	15.324
-120.447	15.309
-120.387	15.264
-120.342	15.249
-120.192	15.129
-120.162	15.129
-120.132	15.099
POLYLINE BLACK
-119.217	14.574
-119.217	14.484
POLYLINE BLACK
-115.677	12.504
-115.737	12.489
-115.857	12.534
-115.887	12.519
-115.962	12.519
-115.992	12.549
-116.097	12.594
-116.127	12.594
-116.247	12.654
-116.277	12.684
-116.307	12.684
-116.337	12.699
-116.382	12.699
-116.592	12.804
-116.727	12.894
-116.862	12.954
-116.892	12.999
-117.207	13.179
-117.327	13.269
-117.372	13.284
-117.402	13.329
-117.567	13.434
-117.597	13.434
-117.762	13.524
-117.792	13.554
-117.837	13.554
-117.897	13.599
-117.972	13.614
-118.092	13.704
-118.302	13.809
-118.407	13.929
-118.452	13.944
-118.512	14.019
-118.617	14.094
-118.677	14.139
-118.707	14.139
-118.872	14.214
-118.902	14.199
-118.962	14.244
-119.007	14.304
-119.082	14.349
-119.097	14.394
POLYLINE BLACK
-115.257	14.694
-115.197	14.694
-115.137	14.649
-115.122	14.559
-115.137	14.499
-115.167	14.499
-115.227	14.484
-115.287	14.484
-115.317	14.514
-115.332	14.559
-115.287	14.694
POLYLINE BLACK
-115.317	14.499
POLYLINE BLACK
-113.727	13.584
-113.817	13.659
-113.832	13.734
-113.832	13.764
-113.772	13.809
-113.727	13.809
-113.697	13.824
-113.607	13.779
-113.592	13.719
-113.727	13.644
-113.787	13.659
-113.817	13.659
POLYLINE BLACK
-112.842	13.764
-112.872	13.764
-112.902	13.794
-112.902	13.824
-112.842	13.914
-112.782	13.899
-112.752	13.869
-112.752	13.779
-112.767	13.749
-112.827	13.719
-112.842	13.749
-112.872	13.764
POLYLINE BLACK
-112.932	13.839
-112.932	13.794
-112.917	13.764
POLYLINE BLACK
-111.852	13.359
-111.822	13.359
-111.792	13.299
-111.792	13.239
-111.822	13.179
-111.822	13.149
-111.897	13.149
-111.927	13.134
-112.017	13.164
-112.017	13.224
-111.972	13.314
POLYLINE BLACK
-110.772	12.204
-110.802	12.264
-110.757	12.324
-110.697	12.324
-110.637	12.294
-110.607	12.234
-110.667	12.204
-110.727	12.204
POLYLINE BLACK
-110.142	12.369
-110.097	12.309
-109.962	12.219
-109.842	12.129
-109.722	12.069
-109.662	12.024
-109.632	12.024
-109.467	11.949
-109.257	11.784
-109.197	11.754
POLYLINE BLACK
-112.197	13.719
-111.927	13.629
-111.897	13.599
-111.687	13.509
-111.492	13.374
-111.237	13.134
-111.027	12.954
-110.922	12.834
-110.742	12.684
-110.622	12.594
-110.517	12.534
-110.397	12.444
-110.367	12.444
-110.247	12.369
-110.187	12.369
-110.127	12.324
POLYLINE BLACK
-113.712	14.664
-113.667	14.664
-113.502	14.559
-113.472	14.559
-113.412	14.529
-113.352	14.469
-113.292	14.469
-113.262	14.424
-113.142	14.364
-113.097	14.364
-112.977	14.274
-112.887	14.199
-112.857	14.199
-112.572	14.004
-112.527	13.989
-112.497	13.959
-112.467	13.959
-112.377	13.869
-112.272	13.794
-112.257	13.764
-112.152	13.704
-112.122	13.659
POLYLINE GREEN
-115.602	15.624
-115.437	15.309
-115.377	15.219
-115.287	15.264
-115.032	15.429
-115.002	15.429
POLYLINE GREEN
-116.607	15.954
-116.532	15.744
-116.532	15.714
-116.517	15.684
-116.412	15.609
-116.352	15.654
-116.157	15.864
POLYLINE GREEN
-117.432	16.254
-117.432	16.209
-117.447	16.149
-117.387	16.059
-117.387	16.029
-117.357	15.999
-117.312	15.999
-117.117	16.164
-117.027	16.269
POLYLINE GREEN
-117.567	16.824
-117.537	16.809
-117.342	16.899
-117.237	16.989
POLYLINE BLACK
-118.347	16.284
-118.257	16.239
-118.182	16.224
-118.122	16.209
-118.092	16.209
-118.032	16.179
-117.972	16.179
-117.837	16.089
-117.687	15.999
-117.642	15.984
-117.582	15.924
-117.537	15.924
-117.417	15.849
-117.267	15.774
-117.237	15.774
-117.087	15.684
-117.057	15.654
-116.907	15.594
-116.847	15.549
-116.802	15.549
-116.667	15.489
-116.592	15.489
-116.532	15.459
-116.457	15.459
-116.337	15.414
-116.292	15.414
-116.112	15.339
-116.082	15.339
-115.962	15.279
-115.917	15.279
-115.857	15.249
-115.812	15.249
-115.617	15.189
-115.587	15.189
-115.482	15.114
-115.392	15.114
-115.242	15.039
-115.197	15.039
-115.092	15.009
-115.002	14.964
-114.822	14.934
-114.792	14.934
-114.732	14.904
-114.642	14.904
-114.537	14.874
-114.432	14.874
-114.372	14.844
-114.342	14.859
-114.267	14.859
-114.207	14.829
-114.177	14.829
-114.087	14.784
-114.027	14.784
-113.997	14.754
-113.967	14.754
-113.847	14.724
-113.817	14.724
-113.787	14.694
-113.727	14.694
-113.577	14.619
-113.547	14.619
-113.502	14.589
POLYLINE BLACK
-117.477	17.589
-117.237	17.484
-117.207	17.484
-116.937	17.319
-116.817	17.289
-116.787	17.259
-116.712	17.274
-116.652	17.229
-116.622	17.229
-116.562	17.184
-116.517	17.184
-116.487	17.169
-116.442	17.169
-116.322	17.079
-116.217	17.049
-116.097	16.959
-115.932	16.869
-115.812	16.779
-115.782	16.779
-115.587	16.644
-115.557	16.644
-115.512	16.614
-115.452	16.614
-115.062	16.419
-115.032	16.419
-114.852	16.329
-114.822	16.329
-114.657	16.224
-114.627	16.224
-114.372	16.104
-114.312	16.104
-114.222	16.044
-114.177	16.044
-114.057	15.999
-113.997	15.954
-113.937	15.954
-113.907	15.924
-113.877	15.924
-113.697	15.849
POLYLINE GREEN
-113.852	15.694
-113.772	15.454
-113.712	15.334
-113.652	15.334
-113.572	15.374
POLYLINE GREEN
-114.692	15.954
-114.672	15.874
-114.552	15.714
-114.432	15.674
-114.332	15.674
-114.252	15.714
POLYLINE GREEN
-115.292	15.894
-115.212	15.834
-115.092	15.794
-114.912	15.874
POLYLINE GREEN
-114.712	15.914
-114.692	15.814
-114.572	15.694
-114.492	15.654
-114.432	15.674
-114.392	15.654
-114.292	15.694
POLYLINE GREEN
-115.352	16.274
-115.332	16.014
-115.272	15.874
-115.232	15.854
POLYLINE GREEN
-116.332	16.614
-116.312	16.534
-116.272	16.374
-116.172	16.314
-115.992	16.354
-115.912	16.394
POLYLINE GREEN
-116.992	16.874
-116.992	16.754
-116.932	16.554
-116.892	16.514
-116.772	16.514
POLYLINE GREEN
-117.612	17.214
-117.612	17.114
-117.632	17.034
-117.632	16.934
-117.612	16.854
-117.552	16.774
-117.492	16.754
POLYLINE BLACK
-118.812	15.034
-118.612	14.874
-118.572	14.874
-118.492	14.814
-118.312	14.794
-118.232	14.774
-118.152	14.754
-117.732	14.614
-117.632	14.514
-117.532	14.494
-117.412	14.414
-117.372	14.414
-117.292	14.354
-117.252	14.354
-117.152	14.294
-116.672	14.114
-116.592	14.094
-116.272	13.934
-116.032	13.854
-115.852	13.834
-115.732	13.794
-115.672	13.794
-115.592	13.754
-115.532	13.754
-115.372	13.694
-115.332	13.694
-115.132	13.574
-115.092	13.574
-115.052	13.534
POLYLINE BLACK
-110.827	11.964
-110.767	12.024
POLYLINE BLACK
-111.082	12.099
-111.022	12.159
POLYLINE BLACK
-111.352	12.204
-111.277	12.264
-111.232	12.324
POLYLINE BLACK
-111.607	12.474
-111.592	12.444
-111.577	12.474
POLYLINE BLACK
-111.832	12.519
-111.802	12.534
POLYLINE BLACK
-112.072	12.654
-112.027	12.684
POLYLINE BLACK
-112.327	12.789
-112.282	12.849
POLYLINE BLACK
-112.582	12.849
-112.537	12.909
POLYLINE BLACK
-112.837	12.954
-112.822	12.999
-112.792	13.029
POLYLINE BLACK
-113.122	13.044
-113.092	13.104
-113.092	13.134
-113.077	13.164
POLYLINE BLACK
-113.482	12.939
-113.512	12.969
POLYLINE BLACK
-113.377	12.594
-113.527	12.594
-113.557	12.609
POLYLINE BLACK
-113.287	12.369
-113.347	12.369
-113.437	12.339
POLYLINE BLACK
-113.212	12.009
-113.317	12.039
-113.362	12.039
POLYLINE BLACK
-113.467	11.724
-113.467	11.754
-113.527	11.874
POLYLINE BLACK
-113.782	11.754
-113.767	11.949
POLYLINE BLACK
-113.347	13.074
-113.347	13.044
-113.467	12.969
-113.497	12.909
-113.497	12.819
-113.392	12.654
-113.362	12.654
-113.332	12.624
-113.287	12.519
-113.287	12.489
-113.257	12.459
-113.242	12.384
-113.197	12.294
-113.197	12.264
-113.152	12.174
-113.152	12.144
-113.107	12.054
-113.107	11.949
-113.137	11.844
-113.167	11.814
-113.197	11.814
-113.257	11.769
-113.287	11.769
-113.317	11.754
-113.332	11.724
-113.392	11.694
-113.422	11.694
-113.482	11.664
-113.542	11.679
-113.602	11.679
-113.662	11.694
-113.707	11.694
-113.767	11.709
-113.797	11.709
-113.857	11.754
-113.887	11.754
-113.977	11.799
POLYLINE BLACK
-113.212	13.089
-113.242	13.059
-113.272	13.074
-113.302	13.059
POLYLINE BLACK
-110.647	11.844
-110.497	11.694
-110.377	11.529
-110.347	11.499
-110.347	11.469
-110.287	11.379
-110.227	11.244
-110.182	11.184
-110.137	11.154
-110.017	11.019
-109.942	10.974
-109.867	10.884
POLYLINE BLUE
-112.627	13.404
-112.597	13.389
-112.477	13.419
-112.402	13.419
-112.297	13.449
-112.237	13.449
-112.207	13.464
POLYLINE BLUE
-112.552	13.419
-112.462	13.449
-112.357	13.434
POLYLINE BLUE
-110.917	12.414
-110.917	12.444
-111.097	12.459
-111.127	12.489
-111.187	12.489
-111.247	12.519
-111.382	12.549
-111.442	12.594
-111.502	12.789
-111.517	12.909
-111.532	12.939
-111.592	12.969
-111.712	12.954
-111.862	12.909
-111.892	12.909
-111.952	12.894
-111.982	12.894
-112.027	12.954
-112.027	12.984
-112.297	13.134
-112.387	13.209
-112.447	13.329
-112.477	13.359
-112.567	13.284
-112.597	13.284
-112.567	13.269
-112.447	13.119
-112.417	13.089
POLYLINE BLACK
-110.422	11.904
-110.422	11.874
POLYLINE BLACK
-110.317	12.099
-110.167	11.979
POLYLINE BLACK
-110.347	12.309
-110.212	12.309
POLYLINE BLACK
-110.347	12.099
-110.212	12.039
POLYLINE BLACK
-110.452	11.934
-110.377	11.844
POLYLINE BLACK
-110.497	11.904
-110.317	11.679
-110.302	11.634
POLYLINE BLACK
-115.117	13.659
-115.057	13.659
-114.907	13.539
-114.787	13.509
-114.607	13.389
-114.457	13.359
-114.097	13.149
-113.887	13.149
-113.827	13.089
-113.707	13.089
-113.587	13.059
-113.317	13.059
-113.197	13.029
-113.137	13.059
-113.077	12.999
-112.837	12.939
-112.447	12.789
-112.207	12.639
-112.057	12.579
-111.937	12.489
-111.817	12.459
-111.637	12.339
-111.577	12.339
-111.187	12.069
-110.917	12.009
-110.797	11.979
-110.497	11.769
POLYLINE BLACK
-110.587	11.799
-110.467	11.769
-110.257	11.799
-110.197	11.859
-110.137	11.859
-110.077	11.979
-110.077	12.189
-110.167	12.369
POLYLINE BLACK
-115.747	12.459
-115.327	12.399
-115.267	12.369
-115.117	12.399
-115.057	12.339
-114.817	12.279
-114.757	12.219
-114.697	12.219
-114.217	11.889
-114.097	11.769
-113.977	11.649
-113.947	11.589
-113.887	11.589
-113.467	11.289
-113.167	11.079
-113.017	11.019
-112.747	10.809
-112.507	10.629
-112.237	10.539
-112.087	10.449
-111.787	10.359
-111.547	10.209
-111.337	10.119
-111.097	9.969
-110.977	9.939
-110.797	9.819
-110.737	9.849
-110.437	9.669
-110.257	9.639
POLYLINE BLACK
-114.757	12.129
-114.457	11.949
POLYLINE BLACK
-107.167	11.829
-107.137	11.739
-107.257	11.859
-107.257	12.159
-107.197	12.339
-107.197	12.519
-107.287	12.609
-107.467	12.669
-107.587	12.789
-107.707	12.789
-107.827	12.819
-107.887	12.819
-107.947	12.879
-108.187	12.909
-108.337	12.909
-108.577	12.969
-108.697	12.939
-109.147	13.029
-109.267	13.059
-109.357	13.059
-109.687	13.179
-109.807	13.299
-109.987	13.299
-110.077	13.419
-110.197	13.419
-110.647	13.689
-110.857	13.899
-111.037	14.049
-111.127	14.079
-111.217	14.199
-111.277	14.199
-111.547	14.379
-111.577	14.469
-111.697	14.529
-112.057	14.889
-112.447	15.129
-112.747	15.339
-113.167	15.639
-113.467	15.849
-113.527	15.879
-113.587	15.849
-113.707	15.939
-113.827	15.969
POLYLINE BLACK
-112.957	14.379
-112.627	14.049
-112.567	14.049
-112.387	13.899
-112.327	13.869
POLYLINE BLACK
-108.742	12.144
POLYLINE BLACK
-107.212	15.609
POLYLINE GREEN
-108.667	11.379
-108.667	11.319
-108.697	11.229
-108.757	11.214
-108.787	11.214
-108.847	11.289
POLYLINE GREEN
-108.337	11.799
-108.337	11.769
-108.367	11.709
-108.367	11.679
-108.397	11.604
-108.442	11.544
-108.517	11.514
-108.622	11.574
-108.697	11.664
-108.727	11.739
POLYLINE GREEN
-108.067	12.219
-108.067	12.174
-108.142	12.084
-108.202	12.069
-108.307	12.114
-108.322	12.159
POLYLINE GREEN
-107.467	12.339
-107.467	12.309
-107.572	12.174
-107.647	12.174
-107.737	12.219
POLYLINE GREEN
-108.277	11.724
-108.277	11.694
-108.322	11.619
-108.412	11.559
-108.517	11.529
-108.592	11.559
-108.622	11.589
-108.622	11.619
POLYLINE GREEN
-107.827	11.859
-107.812	11.829
-107.812	11.784
-107.872	11.649
-107.962	11.619
-108.022	11.664
-108.052	11.754
POLYLINE GREEN
-107.422	11.904
-107.452	11.844
-107.452	11.799
-107.512	11.784
-107.572	11.784
-107.602	11.799
POLYLINE GREEN
-109.102	10.974
-109.027	11.004
-108.952	11.004
-108.817	11.064
-108.712	11.034
-108.592	11.064
-108.457	11.064
-108.397	11.034
-108.367	11.034
-108.307	11.049
-108.247	11.049
-107.962	11.169
-107.752	11.304
-107.587	11.364
-107.557	11.394
-107.512	11.394
-107.362	11.439
-107.227	11.439
-107.137	11.469
-107.017	11.574
-106.912	11.589
POLYLINE GREEN
-107.467	9.489
-107.452	9.564
-107.362	9.639
-107.272	9.654
POLYLINE GREEN
-107.827	9.819
-107.872	9.924
-107.872	10.029
-107.737	10.149
POLYLINE GREEN
-107.317	9.894
-107.332	9.924
-107.332	10.044
-107.272	10.194
-107.137	10.284
-107.107	10.284
POLYLINE GREEN
-107.737	9.414
-107.767	9.474
-107.767	9.549
-107.707	9.639
-107.602	9.669
POLYLINE GREEN
-108.247	9.129
-108.277	9.174
-108.307	9.189
-108.277	9.294
-108.112	9.354
POLYLINE GREEN
-108.232	9.624
-108.247	9.654
-108.247	9.729
-108.187	9.849
-108.082	9.909
POLYLINE GREEN
-108.847	9.309
-108.862	9.339
-108.862	9.474
-108.787	9.594
-108.757	9.624
-108.682	9.654
POLYLINE GREEN
-106.732	10.404
-106.747	10.449
-106.807	10.479
-107.077	10.479
-107.107	10.494
-107.167	10.479
-107.197	10.479
-107.512	10.389
-107.572	10.359
-107.617	10.359
-107.647	10.344
-107.857	10.314
-107.992	10.314
-108.052	10.299
-108.082	10.299
-108.112	10.269
-108.187	10.254
-108.247	10.254
-108.337	10.194
-108.367	10.194
-108.427	10.134
-108.457	10.134
-108.712	9.954
-108.772	9.909
-108.832	9.924
-108.892	9.924
-109.087	9.999
-109.147	9.984
-109.177	9.984
-109.522	9.774
-109.582	9.669
-109.597	9.594
-109.627	9.489
-109.627	9.444
POLYLINE BLACK
-109.162	10.899
-109.192	10.899
-109.222	10.914
-109.432	10.914
-109.537	10.929
-109.567	10.914
-109.627	10.929
-109.702	10.929
-109.792	10.959
-109.867	10.914
-109.897	10.929
-109.897	11.364
-109.882	11.394
-109.882	11.529
-109.852	11.634
-109.852	11.694
-109.837	11.754
-109.672	11.769
-109.537	11.799
-109.327	11.799
-109.267	11.829
-109.207	11.829
-109.132	11.814
-109.057	11.814
-109.027	11.799
-108.922	11.814
-108.862	11.814
-108.922	11.619
-108.952	11.514
-108.952	11.469
-109.057	11.094
-109.087	10.959
-109.117	10.944
-109.192	10.944
-109.237	10.959
POLYLINE BLACK
-109.552	9.939
-109.672	9.939
-109.732	9.969
-109.837	9.999
-109.867	9.984
-109.897	9.999
-109.972	9.999
-110.137	10.074
-110.272	10.104
-110.287	10.134
-110.302	10.299
-110.332	10.494
-110.332	10.734
-110.317	10.794
-110.302	10.899
-110.197	10.899
-110.107	10.914
-110.077	10.899
-110.002	10.899
-109.867	10.929
-109.792	10.914
-109.732	10.914
-109.672	10.899
-109.642	10.899
-109.432	10.839
-109.342	10.809
-109.312	10.779
-109.342	10.659
-109.432	10.299
-109.462	10.269
-109.462	10.239
-109.477	10.179
-109.612	9.984
-109.642	9.969
-109.657	9.939
POLYLINE BLACK
-107.257	11.829
-107.137	11.724
-107.077	11.694
-106.972	11.679
-106.897	11.664
POLYLINE BLACK
-106.612	10.479
-106.582	10.479
-106.462	10.539
-106.342	10.629
-106.297	10.689
-106.237	10.734
POLYLINE BLACK
-106.487	10.529
-106.587	10.409
-106.687	10.169
-106.747	9.869
-106.807	9.709
-106.827	9.629
-106.867	9.589
-106.867	9.549
-107.167	9.269
-107.327	9.149
-107.467	9.009
-107.667	8.869
-107.707	8.809
-107.787	8.789
-107.847	8.729
-107.867	8.769
-107.927	8.709
-108.007	8.689
-108.087	8.669
-108.167	8.669
-108.247	8.649
-108.387	8.689
-108.467	8.689
-108.507	8.729
-108.607	8.749
-108.907	8.889
-108.947	8.889
-109.267	9.149
-109.367	9.209
-109.567	9.369
-109.607	9.369
-109.767	9.469
-109.847	9.489
-110.127	9.609
-110.287	9.649
-110.327	9.669
POLYLINE BLUE
-104.967	11.549
-104.987	11.469
-105.067	11.189
-105.147	11.029
POLYLINE BLUE
-106.447	12.409
-106.087	12.229
-105.907	12.089
-105.767	11.949
-105.027	11.289
POLYLINE BLUE
-106.727	11.669
-106.327	11.349
-106.107	11.229
POLYLINE BLUE
-106.567	11.909
-106.167	11.649
-105.927	11.389
-105.827	11.349
-105.547	11.149
-105.467	11.109
POLYLINE BLUE
-106.467	12.369
-106.327	12.189
-106.047	11.949
-105.387	11.449
-105.167	11.269
-105.087	11.209
POLYLINE BLUE
-105.787	12.029
-105.467	11.829
-105.327	11.809
-105.267	11.769
POLYLINE BLUE
-106.187	12.649
-105.827	12.429
-105.507	12.189
-105.127	11.909
POLYLINE BLUE
-105.687	12.609
-105.467	12.509
-105.107	12.269
POLYLINE BLUE
-101.567	12.129
-101.447	12.049
-101.027	11.889
-100.987	11.889
-100.887	11.829
-100.847	11.829
POLYLINE BLUE
-99.207	12.969
-99.207	12.929
-99.387	12.889
-99.487	12.789
-99.527	12.529
-99.567	12.489
-99.767	12.469
-100.027	12.549
-100.067	12.589
-100.327	12.589
-100.407	12.549
-100.507	12.249
-100.587	12.229
-100.867	12.289
-100.967	12.329
-101.007	12.289
-101.187	12.229
-101.367	12.169
-101.527	12.169
-101.507	12.209
-101.267	12.349
-101.127	12.389
-101.087	12.429
-101.047	12.429
-101.007	12.469
POLYLINE BLACK
-104.607	11.189
-104.707	11.289
-104.727	11.329
-104.667	11.469
-104.627	11.489
-104.507	11.389
-104.487	11.309
-104.527	11.229
-104.607	11.209
POLYLINE BLACK
-104.027	11.989
-104.107	11.989
-104.167	12.069
-104.167	12.149
-104.087	12.169
-104.047	12.169
-103.947	12.049
-103.967	11.969
-104.047	11.909
POLYLINE BLACK
-103.047	12.509
-103.087	12.549
-103.127	12.549
-103.167	12.669
-103.087	12.789
-103.047	12.829
-102.967	12.809
-102.927	12.689
-102.927	12.609
-103.027	12.549
POLYLINE BLACK
-104.547	12.549
-104.567	12.469
-104.627	12.309
-104.647	12.129
-104.627	12.089
-104.647	11.989
-104.707	11.729
-104.727	11.689
-104.807	11.689
-104.927	11.729
-105.087	11.709
-105.167	11.709
-105.147	11.789
-105.067	11.869
-105.007	12.049
-105.007	12.489
-104.967	12.609
-104.867	12.609
-104.707	12.569
-104.587	12.549
-104.547	12.509
POLYLINE BLACK
-102.467	11.689
-102.567	11.749
-102.847	11.809
-103.007	11.829
-103.067	11.829
-103.227	11.749
-103.327	11.749
-103.487	11.689
-103.647	11.649
-103.727	11.609
-103.747	11.649
-103.747	11.649
-103.747	11.649
-103.747	11.649
-103.747	11.609
-103.887	11.589
-103.927	11.489
-104.107	11.229
-104.187	11.109
-104.487	10.829
-104.567	10.809
-104.647	10.789
-104.727	10.809
-104.867	10.809
-104.947	10.869
-104.987	10.849
-105.107	10.889
-105.147	10.889
-105.187	10.929
-105.267	10.949
-105.447	11.049
-105.607	11.069
-105.807	11.009
-106.087	10.829
-106.207	10.709
POLYLINE BLACK
-101.007	18.029
POLYLINE BLACK
-106.467	12.029
-106.407	12.109
-106.387	12.329
-106.347	12.509
-106.327	12.589
-106.027	12.729
-105.867	12.769
-105.707	12.729
-105.627	12.709
-105.547	12.689
-105.467	12.709
-105.347	12.789
-105.247	12.909
-105.227	12.949
-105.127	13.009
-104.947	13.189
-104.787	13.229
-104.707	13.289
-104.607	13.309
-104.507	13.369
-104.347	13.409
-104.207	13.449
-104.127	13.449
-103.987	13.489
-103.827	13.509
-103.587	13.509
-103.307	13.429
-103.167	13.469
-103.007	13.429
-102.967	13.449
-102.807	13.389
-102.747	13.389
-102.547	13.269
-102.507	13.229
-102.467	13.229
-102.387	13.169
-102.307	13.169
-102.227	13.129
POLYLINE GREEN
-103.427	13.469
-103.367	13.369
-103.367	13.329
-103.307	13.229
-103.287	13.189
-103.167	13.369
-103.147	13.429
POLYLINE GREEN
-104.347	13.029
-104.267	12.909
-104.227	12.869
-104.147	12.849
-104.027	13.029
POLYLINE GREEN
-104.067	13.229
-103.927	13.089
-103.887	13.069
-103.767	13.149
-103.627	13.389
POLYLINE GREEN
-104.887	12.989
-104.727	12.849
-104.647	12.869
-104.607	12.829
-104.567	12.829
-104.487	12.929
-104.407	13.149
POLYLINE GREEN
-102.827	13.549
-102.947	13.309
-103.027	13.249
-103.127	13.189
-103.207	13.189
-103.247	13.149
-103.287	13.169
-103.367	13.089
-103.407	13.089
-103.567	12.969
-103.647	12.969
-103.767	12.889
-103.987	12.809
-104.027	12.769
-104.107	12.749
-104.247	12.689
-104.327	12.709
-104.407	12.689
-104.547	12.689
-104.627	12.709
-104.667	12.689
-104.707	12.729
-104.787	12.669
-104.867	12.669
-105.047	12.609
-105.127	12.629
-105.167	12.649
-105.287	12.609
-105.407	12.649
POLYLINE BLACK
-102.267	13.309
POLYLINE BLACK
-106.927	11.669
-106.747	11.669
-106.667	11.729
-106.627	11.729
-106.507	11.829
-106.467	11.929
-106.407	12.009
POLYLINE GREEN
-102.047	11.209
-101.987	11.309
-101.907	11.309
-101.867	11.349
-101.747	11.269
-101.687	11.169
POLYLINE GREEN
-102.467	11.449
-102.387	11.529
-102.307	11.549
-102.267	11.569
-102.127	11.429
-102.127	11.389
POLYLINE GREEN
-102.867	11.649
-102.787	11.769
-102.707	11.849
-102.547	11.809
-102.447	11.689
POLYLINE GREEN
-103.287	11.689
-103.207	11.789
-103.187	11.849
-103.147	11.849
-103.127	11.889
-103.067	11.889
-103.067	11.849
-102.947	11.729
POLYLINE GREEN
-103.687	11.569
-103.667	11.649
-103.587	11.809
-103.507	11.849
-103.387	11.769
-103.347	11.729
POLYLINE BLACK
-102.152	15.904
POLYLINE BLACK
-101.417	12.409
-101.372	12.334
-101.342	12.349
-101.282	12.334
-101.252	12.334
-101.192	12.289
-101.177	12.244
POLYLINE BLACK
-99.842	12.799
-99.662	12.949
-99.632	12.934
-99.572	12.784
POLYLINE BLACK
-99.812	12.724
-99.812	12.754
-99.767	12.829
POLYLINE BLACK
-100.412	11.749
-100.412	11.914
POLYLINE BLACK
-101.432	12.259
-101.402	12.259
-101.357	12.319
-101.297	12.304
POLYLINE BLACK
-101.237	12.304
-101.207	12.304
-101.192	12.244
-101.192	12.184
-101.207	12.139
-101.267	12.094
-101.297	12.094
-101.327	12.079
-101.387	12.109
-101.402	12.139
-101.342	12.229
-101.312	12.244
POLYLINE BLACK
-100.742	12.904
-100.712	12.919
-100.637	12.889
-100.607	12.769
-100.652	12.709
-100.697	12.709
-100.727	12.694
-100.787	12.709
-100.817	12.769
-100.772	12.859
-100.742	12.874
POLYLINE BLACK
-99.692	12.934
-99.632	12.889
-99.602	12.814
-99.602	12.709
-99.617	12.679
-99.722	12.649
-99.782	12.679
-99.797	12.709
-99.767	12.739
-99.752	12.784
-99.722	12.814
POLYLINE BLACK
-100.352	11.869
-100.292	11.884
-100.232	11.884
-100.202	11.854
-100.232	11.749
-100.307	11.659
-100.367	11.644
-100.367	11.689
-100.337	11.749
POLYLINE BLACK
-99.782	11.224
-99.752	11.224
-99.722	11.239
-99.692	11.209
-99.692	11.119
-99.767	11.074
-99.857	11.074
-99.887	11.089
-99.902	11.149
-99.887	11.209
-99.857	11.239
-99.782	11.239
POLYLINE BLACK
-101.807	11.404
-101.717	11.359
-101.672	11.359
-101.642	11.344
-101.597	11.344
-101.537	11.329
POLYLINE BLACK
-101.732	11.389
-101.762	11.389
-101.927	11.479
-101.987	11.479
-102.197	11.629
-102.227	11.629
-102.302	11.689
-102.332	11.674
-102.347	11.704
-102.407	11.704
-102.497	11.734
POLYLINE BLACK
-101.822	13.219
-101.897	13.249
-101.957	13.219
-102.077	13.219
-102.227	13.294
-102.257	13.294
-102.317	13.324
POLYLINE BLACK
-101.807	13.234
-101.687	13.204
-101.642	13.204
-101.612	13.189
-101.552	13.204
-101.432	13.189
-101.357	13.189
-101.087	13.144
-100.802	13.144
-100.727	13.129
-100.622	13.144
-100.562	13.144
-100.532	13.159
-100.322	13.159
-100.292	13.174
-100.202	13.174
-100.112	13.204
-100.037	13.204
-100.007	13.189
-99.812	13.189
-99.767	13.204
-99.707	13.204
-99.677	13.189
-99.512	13.234
-99.482	13.234
-99.332	13.294
-99.242	13.339
-99.212	13.339
-99.017	13.399
-98.957	13.429
-98.927	13.429
-98.792	13.489
-98.732	13.489
POLYLINE ORANGE
-94.372	11.989
-94.332	11.989
-94.312	11.979
-94.282	11.989
-94.232	11.979
-94.192	11.979
POLYLINE ORANGE
-94.352	11.819
-94.332	11.839
-94.302	11.969
-94.232	12.229
-94.202	12.229
-94.152	12.129
-94.102	12.029
-94.092	11.969
-94.072	11.899
-94.062	11.829
POLYLINE ORANGE
-94.692	12.289
-94.542	12.289
-94.522	12.279
-94.442	12.289
-94.372	12.269
POLYLINE ORANGE
-94.532	12.299
-94.522	12.209
-94.522	12.089
-94.512	12.039
-94.512	11.889
POLYLINE ORANGE
-94.942	12.019
-94.922	12.029
-94.872	12.019
-94.742	12.019
POLYLINE ORANGE
-94.952	11.829
-94.932	11.909
-94.932	11.949
-94.872	12.169
-94.832	12.259
-94.832	12.259
-94.802	12.219
-94.702	11.969
-94.682	11.879
POLYLINE ORANGE
-95.312	12.249
-95.302	12.179
-95.282	12.059
-95.272	11.969
-95.262	11.919
-95.262	11.899
-95.302	11.989
-95.302	12.019
-95.312	12.039
-95.312	12.089
-95.322	12.159
-95.322	12.189
-95.292	12.279
-95.242	12.289
-95.202	12.289
-95.102	12.259
-95.092	12.199
-95.112	12.149
-95.172	12.099
-95.262	12.099
-95.202	12.039
-95.192	12.009
-95.122	11.939
-95.092	11.929
-95.082	11.909
POLYLINE ORANGE
-95.782	12.259
-95.752	12.239
-95.712	12.249
-95.642	12.249
-95.562	12.269
-95.422	12.269
POLYLINE ORANGE
-95.602	12.249
-95.562	12.089
-95.542	11.979
-95.532	11.909
POLYLINE ORANGE
-95.872	12.279
-95.922	12.279
-96.062	12.239
-96.072	12.189
-95.952	12.069
-95.902	12.049
-95.872	12.009
-95.872	11.929
-95.932	11.889
-95.982	11.879
-96.032	11.869
-96.072	11.869
-96.132	11.889
POLYLINE ORANGE
-94.442	13.199
-94.402	13.189
-94.362	13.179
-94.322	13.169
-94.252	13.149
-94.232	13.129
-94.222	13.049
-94.222	12.999
-94.232	12.959
-94.232	12.929
-94.282	12.819
-94.322	12.799
-94.352	12.759
-94.372	12.769
POLYLINE ORANGE
-94.422	13.199
-94.402	13.159
-94.392	13.099
-94.372	12.949
-94.372	12.819
POLYLINE ORANGE
-94.732	12.739
-94.652	12.769
-94.582	12.769
-94.542	12.779
POLYLINE ORANGE
-94.752	12.959
-94.672	12.969
-94.622	12.969
POLYLINE ORANGE
-94.772	13.129
-94.732	13.139
-94.662	13.159
-94.622	13.169
-94.602	13.159
POLYLINE ORANGE
-94.762	13.139
-94.722	13.059
-94.692	12.889
-94.692	12.769
POLYLINE ORANGE
-95.132	13.139
-95.082	13.149
-94.952	13.149
-94.892	13.049
-94.892	12.939
-94.952	12.849
-95.022	12.809
-95.082	12.799
POLYLINE ORANGE
-95.112	13.099
-95.092	12.969
-95.082	12.879
-95.082	12.839
POLYLINE ORANGE
-95.432	13.109
-95.422	13.069
-95.422	12.939
-95.412	12.889
-95.422	12.849
-95.422	12.829
-95.352	12.809
-95.312	12.819
-95.212	12.819
POLYLINE ORANGE
-95.632	12.819
-95.672	12.829
-95.732	12.869
-95.742	12.909
-95.742	12.959
-95.712	13.029
-95.662	13.059
-95.622	13.069
-95.532	13.039
-95.502	12.979
-95.502	12.949
-95.492	12.899
-95.492	12.879
-95.562	12.829
-95.602	12.829
-95.622	12.819
POLYLINE ORANGE
-95.962	12.959
-95.922	12.969
-95.872	12.979
-95.832	12.969
POLYLINE ORANGE
-96.012	13.159
-95.992	13.139
-95.992	13.119
-95.952	13.019
-95.952	12.989
-95.922	12.839
-95.922	12.779
-95.912	12.729
-95.912	12.709
-95.952	12.869
-95.962	12.959
-96.002	13.129
-96.002	13.159
-95.862	13.189
-95.812	13.209
-95.792	13.199
POLYLINE ORANGE
-96.717	14.064
-96.687	13.989
-96.537	13.749
-96.447	13.599
-96.447	13.569
-96.402	13.434
-96.402	13.374
-96.387	13.329
-96.402	13.299
-96.402	13.119
-96.477	12.909
-96.552	12.789
-96.492	12.714
-96.372	12.609
-96.357	12.579
-96.372	12.549
-96.447	12.519
-96.507	12.474
-96.537	12.474
-96.552	12.444
-96.477	12.279
-96.477	12.249
-96.447	12.189
-96.447	12.069
-96.477	11.934
-96.477	11.904
-96.492	11.844
-96.492	11.814
-96.507	11.754
-96.507	11.649
-96.522	11.589
-96.522	11.544
-96.567	11.439
-96.702	11.259
-96.747	11.199
-96.807	11.154
-96.837	11.154
-96.867	11.139
-96.897	11.094
-96.927	11.094
-97.107	11.139
-97.167	11.139
POLYLINE GREEN
-97.977	12.309
-97.977	12.384
-98.067	12.534
-98.202	12.609
POLYLINE GREEN
-98.607	12.849
-98.577	12.879
-98.337	12.969
-98.232	12.984
-98.142	12.879
POLYLINE GREEN
-97.932	12.189
-97.887	12.279
-97.932	12.384
POLYLINE GREEN
-98.907	12.039
-98.967	12.129
-98.967	12.234
-98.907	12.354
-98.877	12.369
POLYLINE GREEN
-98.667	11.379
-98.832	11.484
-98.847	11.514
-98.832	11.574
-98.757	11.679
POLYLINE GREEN
-98.262	10.734
-98.277	10.704
-98.337	10.674
-98.367	10.674
-98.412	10.704
-98.502	10.839
-98.502	10.899
-98.457	10.929
POLYLINE GREEN
-97.917	11.214
-97.722	11.289
-97.707	11.319
-97.767	11.424
-97.857	11.529
POLYLINE GREEN
-98.037	10.554
-98.007	10.509
-97.842	10.494
-97.752	10.524
-97.722	10.554
-97.707	10.599
POLYLINE GREEN
-97.647	10.074
-97.527	10.284
-97.497	10.404
-97.482	10.614
-97.467	10.674
-97.467	10.794
-97.497	10.944
-97.467	11.214
-97.437	11.244
-97.422	11.304
-97.422	11.379
-97.377	11.559
-97.377	11.799
-97.347	12.069
-97.392	12.249
-97.422	12.309
-97.467	12.339
-97.587	12.549
-97.617	12.564
-97.662	12.639
-97.752	12.699
-97.932	12.969
-97.932	12.999
-98.022	13.074
-98.112	13.149
-98.187	13.179
-98.217	13.209
-98.247	13.209
-98.397	13.269
-98.562	13.269
-98.622	13.284
-98.712	13.254
-98.772	13.209
-98.847	13.089
-98.847	12.999
-98.967	12.759
-99.057	12.609
-99.117	12.444
-99.237	12.294
-99.312	12.204
-99.402	12.069
-99.357	11.874
-99.267	11.664
-99.267	11.634
-99.222	11.469
-99.222	11.334
-99.207	11.274
-99.207	11.169
-99.147	11.079
-99.012	10.914
-98.862	10.824
-98.817	10.764
-98.817	10.644
-98.832	10.494
-98.817	10.389
-98.817	10.359
-98.787	10.329
-98.772	10.284
-98.727	10.254
-98.652	10.164
-98.562	10.104
POLYLINE BLACK
-97.392	9.804
-97.362	9.834
-97.362	9.864
-97.332	9.894
POLYLINE BLACK
-97.527	9.909
-97.527	9.939
-97.512	9.999
-97.512	10.029
POLYLINE BLACK
-97.677	9.924
-97.677	9.984
POLYLINE BLACK
-97.917	9.939
-97.917	10.029
POLYLINE BLACK
-98.352	9.954
-98.367	10.029
POLYLINE BLACK
-98.202	9.969
-98.202	10.074
POLYLINE BLACK
-98.007	9.924
-98.007	9.984
POLYLINE BLACK
-97.857	9.954
-97.857	9.984
POLYLINE BLACK
-97.677	9.954
-97.677	9.984
POLYLINE BLACK
-97.497	9.879
-97.497	9.939
POLYLINE BLACK
-97.467	9.864
-97.437	9.864
-97.377	9.834
-97.347	9.834
-97.332	9.759
-97.332	9.729
POLYLINE BLACK
-98.517	9.759
-98.472	9.909
-98.457	9.939
-98.427	9.954
-98.367	9.954
-98.337	9.939
-98.202	9.939
-98.082	9.924
-97.902	9.924
-97.662	9.894
-97.602	9.894
-97.482	9.879
-97.392	9.879
-97.362	9.849
POLYLINE BLACK
-98.277	9.294
-98.307	9.264
-98.397	9.339
-98.472	9.459
-98.472	9.489
-98.487	9.549
-98.487	9.759
-98.502	9.789
-98.622	9.879
-98.742	9.924
-98.772	9.924
-98.877	9.969
-98.907	9.999
-98.937	9.999
-98.997	10.044
-99.027	10.044
-99.057	10.059
-99.102	10.059
-99.162	10.089
-99.222	10.089
-99.312	10.149
-99.372	10.149
-99.432	10.164
-99.462	10.164
-99.522	10.179
-99.597	10.179
-99.627	10.209
-99.687	10.209
-99.717	10.224
-99.762	10.224
-99.822	10.269
-99.852	10.269
-99.957	10.329
-100.047	10.359
-100.137	10.419
-100.317	10.494
-100.347	10.494
-100.512	10.539
-100.542	10.569
-100.587	10.569
-100.647	10.584
-100.752	10.674
-100.842	10.734
-100.977	10.839
-100.992	10.869
-101.097	10.944
-101.127	10.974
-101.157	10.974
-101.367	11.154
-101.487	11.229
-101.547	11.289
-101.577	11.289
-101.697	11.349
POLYLINE BLACK
-96.972	12.339
-96.972	12.114
-97.002	12.084
-97.002	12.024
-96.987	11.949
-97.032	11.724
-97.017	11.664
-97.017	11.514
-97.002	11.484
-97.002	11.139
-97.017	11.109
-97.017	10.929
-97.002	10.869
-97.002	10.539
-97.017	10.479
-97.017	10.404
-97.032	10.374
-97.032	10.209
-97.062	10.104
-97.092	10.044
-97.092	10.014
-97.167	9.864
-97.242	9.744
-97.242	9.714
-97.257	9.684
-97.257	9.579
-97.302	9.414
-97.332	9.354
-97.332	9.324
-97.407	9.234
-97.467	9.234
-97.527	9.189
-97.557	9.189
-97.572	9.159
-97.602	9.159
-97.632	9.144
-97.752	9.174
-97.812	9.174
-97.872	9.189
-97.932	9.189
-98.022	9.234
-98.052	9.219
-98.067	9.249
-98.067	9.249
-98.067	9.249
-98.067	9.249
-98.067	9.219
-98.202	9.339
-98.262	9.369
-98.292	9.369
POLYLINE BLACK
-97.917	16.809
-97.917	16.149
-97.932	16.014
-97.932	15.444
-97.947	15.414
-97.947	15.339
-97.992	15.204
-98.067	14.889
-98.112	14.679
-98.112	14.649
-98.127	14.589
-98.142	14.454
-98.157	14.394
-98.157	14.334
-98.172	14.274
-98.172	14.139
-98.217	14.034
-98.217	13.989
-98.277	13.899
-98.277	13.869
-98.397	13.674
-98.487	13.599
-98.532	13.524
-98.682	13.434
-98.712	13.404
-98.742	13.404
-98.772	13.374
-98.802	13.374
-98.862	13.359
POLYLINE BLACK
-96.987	16.914
-96.957	16.884
-96.927	16.749
-96.927	16.359
-96.942	16.209
-96.942	16.119
-96.957	16.029
-96.942	15.969
-96.942	15.894
-96.927	15.834
-96.927	15.789
-96.912	15.759
-96.912	15.684
-96.882	15.579
-96.882	15.204
-96.867	15.114
-96.867	14.964
-96.852	14.874
-96.852	14.814
-96.837	14.754
-96.807	14.514
-96.807	14.379
-96.792	14.349
-96.792	13.989
-96.807	13.929
-96.807	13.884
-96.837	13.779
-96.837	13.734
-96.852	13.644
-96.852	13.584
-96.867	13.554
-96.867	13.374
-96.882	13.314
-96.882	13.209
-96.897	13.179
-96.897	13.134
-96.882	13.074
-96.882	13.044
-96.897	12.984
-96.897	12.924
-96.912	12.849
-96.912	12.759
-96.897	12.699
-96.897	12.654
-96.882	12.594
-96.882	12.519
-96.867	12.489
POLYLINE BLACK
-96.297	15.729
POLYLINE BLUE
-97.842	21.489
-97.827	21.429
-97.827	21.324
-97.842	21.174
-97.857	21.114
-97.857	21.054
-97.797	20.994
-97.767	20.994
-97.677	20.919
-97.662	20.889
-97.662	20.784
-97.692	20.709
-97.722	20.679
-97.737	20.634
-97.812	20.544
-97.812	20.499
-97.647	20.364
-97.527	20.244
-97.527	20.169
-97.542	20.109
-97.632	19.959
-97.692	19.914
-97.737	19.854
-97.737	19.779
-97.722	19.734
-97.572	19.509
-97.617	19.509
-97.767	19.614
-97.932	19.764
-97.932	19.764
-97.887	19.734
-97.677	19.509
-97.647	19.494
-97.617	19.449
-97.572	19.539
-97.467	19.704
-97.422	19.839
POLYLINE BLACK
-97.557	18.849
-97.557	18.879
-97.587	18.894
-97.617	18.969
-97.617	19.074
-97.557	19.164
-97.467	19.134
-97.392	19.044
-97.392	18.984
-97.452	18.954
-97.482	18.954
-97.542	18.939
-97.572	18.954
POLYLINE BLACK
-97.992	20.289
-98.037	20.349
-98.037	20.409
-97.977	20.499
-97.917	20.514
-97.857	20.484
-97.827	20.484
-97.797	20.424
-97.797	20.364
-97.857	20.319
-98.007	20.319
-98.037	20.334
POLYLINE BLACK
-96.897	16.824
-96.927	16.929
-96.957	17.139
-96.927	17.244
-96.927	17.484
-96.942	17.544
-96.942	17.649
-96.957	17.754
-96.957	17.784
-96.972	17.844
-96.972	17.919
-96.987	17.979
-96.987	18.354
-96.972	18.414
-96.972	18.579
-96.987	18.609
-96.987	18.654
-97.002	18.684
-97.032	18.879
-97.047	18.909
-97.047	18.954
-97.062	19.014
-97.062	19.119
-97.077	19.194
-97.077	19.224
-97.107	19.284
-97.122	19.359
-97.152	19.479
-97.152	19.554
-97.167	19.614
-97.167	19.659
-97.182	19.719
-97.182	19.749
-97.197	19.809
-97.197	19.974
-97.182	20.004
-97.182	20.049
-97.137	20.184
-97.137	20.214
-97.122	20.274
-97.122	20.304
-97.107	20.334
-97.107	20.439
-97.122	20.469
-97.122	20.544
-97.137	20.604
-97.137	20.874
-97.152	20.949
-97.152	20.979
-97.167	21.039
-97.167	21.144
-97.182	21.204
-97.182	21.294
-97.167	21.354
-97.167	21.609
-97.182	21.669
-97.182	21.729
-97.197	21.759
-97.197	21.804
-97.227	21.864
POLYLINE BLACK
-98.367	21.414
-98.352	21.384
-98.352	21.339
-98.337	21.309
-98.337	21.024
-98.307	20.904
-98.307	20.814
-98.337	20.709
-98.382	20.649
-98.382	20.589
-98.397	20.514
-98.397	20.304
-98.382	20.274
-98.382	20.169
-98.337	20.034
-98.337	19.989
-98.307	19.929
-98.307	19.884
-98.277	19.794
-98.277	19.749
-98.262	19.689
-98.262	19.629
-98.217	19.554
-98.157	19.284
-98.112	19.149
-98.127	19.059
-98.097	18.864
-98.052	18.699
-98.052	18.654
-98.007	18.519
-97.977	18.309
-97.932	18.159
-97.887	17.904
-97.872	17.724
-97.857	17.649
-97.857	17.349
-97.872	17.319
-97.872	17.214
-97.902	17.079
-97.887	16.944
-97.887	16.914
-97.857	16.794
-97.857	16.689
-97.842	16.659
POLYLINE BLACK
-97.787	21.719
-97.847	21.819
-97.887	21.939
-97.767	22.019
-97.687	21.999
-97.607	21.939
-97.587	21.859
-97.727	21.779
-97.807	21.779
-97.827	21.819
POLYLINE BLACK
-98.407	23.159
-98.487	23.339
-98.487	23.439
-98.447	23.519
-98.327	23.579
-98.287	23.559
-98.247	23.579
-98.187	23.479
-98.207	23.399
-98.247	23.319
-98.407	23.259
POLYLINE BLACK
-98.307	25.039
-98.427	25.199
-98.427	25.299
-98.307	25.359
-98.227	25.339
-98.167	25.259
-98.147	25.159
-98.267	25.159
POLYLINE BLACK
-98.427	25.139
POLYLINE BLACK
-98.767	26.979
-98.747	26.899
-98.767	26.859
-98.847	26.879
-98.907	26.959
-98.907	27.039
-98.887	27.079
-98.767	27.079
-98.667	27.039
-98.627	26.999
-98.627	26.919
-98.687	26.859
-98.727	26.879
POLYLINE BLACK
-97.767	18.079
POLYLINE BLACK
-97.847	24.599
-97.667	23.739
-97.667	23.639
-97.527	23.019
-97.447	22.839
-97.327	22.479
-97.327	22.419
-97.247	22.019
-97.227	21.939
-97.147	21.699
-97.147	21.459
POLYLINE BLACK
-99.307	23.839
-99.267	23.739
-99.167	23.619
-98.947	23.239
-98.887	23.179
-98.867	23.099
-98.767	22.999
-98.567	22.659
-98.467	22.379
-98.467	22.279
-98.447	22.239
-98.447	22.139
-98.427	22.059
-98.427	21.919
-98.407	21.819
-98.407	21.579
-98.447	21.399
-98.467	21.319
-98.547	21.159
POLYLINE BLUE
-98.127	36.799
-98.127	36.559
-98.107	36.479
-98.107	36.399
-98.227	36.279
-98.287	36.139
-98.367	36.019
-98.367	35.939
-98.347	35.899
-98.247	35.839
-98.067	35.639
-98.047	35.559
-98.107	35.419
-98.287	35.199
-98.327	35.059
-98.247	34.859
-98.087	34.699
-98.047	34.639
-98.027	34.459
-98.147	34.179
-98.167	34.099
-98.167	34.139
-98.287	34.259
-98.387	34.439
-98.347	34.399
-98.267	34.199
-98.187	34.139
-98.107	34.159
-97.727	34.519
POLYLINE BLACK
-97.927	35.639
-98.027	35.679
-98.087	35.779
-98.107	35.859
-98.107	35.939
-98.027	35.999
-97.987	35.979
-97.947	35.999
-97.847	35.899
-97.807	35.779
-97.807	35.699
-97.927	35.599
-97.967	35.579
POLYLINE BLACK
-98.627	34.139
-98.667	34.179
-98.667	34.359
-98.587	34.479
-98.547	34.439
-98.507	34.439
-98.427	34.319
-98.447	34.239
-98.487	34.159
-98.607	34.119
-98.647	34.139
POLYLINE BLACK
-98.267	32.019
-98.407	32.179
-98.407	32.259
-98.347	32.339
-98.287	32.319
-98.207	32.359
-98.167	32.339
-98.087	32.159
-98.187	32.139
-98.267	32.139
POLYLINE BLACK
-98.607	29.919
-98.647	29.919
-98.687	29.999
-98.667	30.139
-98.587	30.259
-98.507	30.239
-98.427	30.179
-98.407	30.039
-98.547	29.879
-98.627	29.879
-98.647	29.919
POLYLINE BLACK
-99.027	27.819
-99.047	27.859
-98.947	27.959
-98.867	27.939
-98.767	27.819
-98.767	27.739
-98.787	27.699
-98.867	27.699
-99.047	27.759
POLYLINE BLACK
-98.987	27.719
POLYLINE BLACK
-98.607	25.959
-98.747	26.019
-98.787	26.099
-98.707	26.239
-98.627	26.259
-98.587	26.139
-98.627	26.099
-98.667	26.099
POLYLINE GREEN
-100.727	26.179
-100.667	26.119
-100.627	26.099
-100.487	26.239
-100.447	26.359
-100.447	26.399
POLYLINE GREEN
-100.427	25.699
-100.267	25.799
-100.207	25.879
-100.207	25.959
-100.187	26.059
-100.187	26.139
-100.207	26.179
POLYLINE GREEN
-99.847	26.099
-99.727	25.979
-99.687	25.859
-99.707	25.779
-99.807	25.659
POLYLINE GREEN
-99.967	25.019
-99.887	24.999
-99.687	25.079
-99.607	25.159
-99.647	25.339
-99.687	25.419
POLYLINE GREEN
-99.447	26.419
-99.407	26.419
-99.267	26.279
-99.187	26.119
-99.207	26.039
-99.207	25.979
-99.107	25.839
-99.107	25.799
-99.067	25.759
-99.067	25.659
-99.047	25.579
-99.007	25.279
-99.007	25.219
-98.987	25.139
-98.987	25.059
-99.027	24.879
-99.067	24.719
-99.167	24.599
-99.187	24.519
-99.267	24.459
POLYLINE BLACK
-99.427	23.939
-99.447	24.019
-99.547	24.419
-99.607	24.519
-99.987	24.919
-100.367	25.319
-100.447	25.499
-100.507	25.579
-100.547	25.679
-100.667	25.839
-100.747	25.919
-100.907	26.179
-101.087	26.379
-101.147	26.539
-101.127	26.619
-101.027	26.719
-100.887	26.759
-100.807	26.759
-100.687	26.679
-100.667	26.639
-100.587	26.659
-100.467	26.559
-100.387	26.539
-100.307	26.519
-100.187	26.479
-100.147	26.439
-100.107	26.459
-99.967	26.399
-99.887	26.419
-99.807	26.399
-99.727	26.379
-99.607	26.339
-99.567	26.359
-99.527	26.339
-99.427	26.439
-99.387	26.439
-99.347	26.479
-99.347	26.519
POLYLINE BLACK
-98.057	29.219
-97.967	28.559
-97.967	28.349
-97.937	28.049
-97.937	27.809
-97.907	27.749
-97.907	27.449
-97.877	27.329
-97.877	26.999
-97.847	26.879
-97.847	26.729
-97.817	26.609
-97.817	25.829
-97.787	25.709
-97.787	25.559
-97.757	25.439
-97.757	25.139
-97.787	25.019
-97.787	24.929
-97.877	24.539
-97.877	24.179
-97.847	24.119
POLYLINE BLACK
-99.227	29.309
-99.317	28.349
-99.317	28.289
POLYLINE BLACK
-99.257	28.679
-99.257	28.529
-99.227	28.409
-99.227	27.929
-99.197	27.869
-99.227	27.719
-99.197	27.539
-99.227	27.419
-99.227	27.209
-99.287	26.909
-99.287	26.549
-99.257	26.459
-99.317	26.189
-99.347	25.949
-99.317	25.649
-99.317	25.409
-99.287	25.289
-99.287	24.449
-99.257	24.389
-99.347	23.969
-99.347	23.849
POLYLINE BLACK
-98.117	29.159
-98.117	29.399
-98.087	29.699
-98.057	29.819
-98.027	30.059
-97.967	30.359
-97.727	31.079
-97.697	31.469
-97.667	31.589
-97.637	31.949
-97.577	32.219
-97.577	32.309
-97.547	32.429
-97.547	33.329
-97.577	33.479
-97.577	34.289
-97.517	34.469
-97.517	34.829
-97.487	34.979
-97.457	35.099
-97.367	35.579
-97.337	35.699
-97.277	36.029
-97.127	36.329
-97.127	36.509
-97.157	36.659
-97.157	36.839
-97.187	36.959
-97.187	37.169
POLYLINE BLACK
-98.747	36.809
-98.807	36.329
-98.777	36.269
-98.837	35.939
-98.837	35.759
-98.807	35.639
-98.837	35.489
-98.807	35.249
-98.807	34.799
-98.837	34.739
-98.837	34.079
-98.867	33.959
-98.837	33.809
-98.867	33.689
-98.867	32.579
-98.837	32.459
-98.837	31.979
-98.867	31.859
-98.867	31.619
-98.897	31.499
-98.897	31.379
-98.987	31.049
-98.987	30.869
-99.047	30.599
-99.047	30.089
-99.137	29.759
-99.167	29.639
-99.167	29.489
-99.197	29.369
-99.197	29.249
-99.227	29.099
-99.197	29.039
POLYLINE BLUE
-96.902	39.464
-96.977	39.284
-97.127	38.774
-97.232	38.129
-97.232	38.069
POLYLINE BLUE
-97.007	39.854
-97.202	39.209
-97.502	38.024
POLYLINE BLUE
-97.127	39.974
-97.367	39.209
-97.532	38.549
-97.637	38.204
POLYLINE BLUE
-97.142	40.454
-97.337	40.019
-97.577	39.359
-97.832	38.594
-97.952	38.174
POLYLINE BLUE
-97.307	40.424
-97.502	39.989
-97.772	39.254
-97.997	38.519
-98.102	38.114
POLYLINE BLUE
-97.457	40.649
-97.637	40.094
-98.117	38.789
-98.282	38.264
POLYLINE BLUE
-97.622	40.484
-97.667	40.454
-97.787	40.259
-97.967	39.809
-98.117	39.344
-98.297	38.909
-98.342	38.759
POLYLINE BLUE
-96.782	40.484
-96.872	40.574
-96.947	40.619
-97.067	40.724
-97.277	40.829
-97.352	40.844
-97.382	40.829
-97.457	40.829
-97.607	40.784
-97.787	40.694
-97.982	40.439
-98.012	40.424
-98.147	40.229
-98.207	40.169
-98.357	39.959
-98.402	39.839
-98.507	39.629
-98.582	39.419
-98.597	39.239
-98.642	39.089
-98.687	38.759
-98.687	38.579
-98.657	38.459
-98.522	38.189
-98.462	38.084
-98.402	38.024
-98.327	37.979
-98.162	37.949
-98.087	37.949
-97.817	37.889
-97.727	37.889
-97.577	37.844
-97.487	37.859
-97.337	37.814
-97.187	37.829
POLYLINE BLACK
-97.982	37.994
-98.012	37.979
-98.042	37.994
-98.087	38.069
-98.102	38.129
-98.072	38.234
-98.057	38.264
-97.997	38.309
-97.937	38.309
-97.862	38.249
-97.847	38.189
-97.877	38.054
-97.892	38.009
-97.937	37.994
-97.967	37.964
POLYLINE BLACK
-97.712	39.224
-97.742	39.254
-97.772	39.359
-97.697	39.509
-97.607	39.569
-97.547	39.539
-97.487	39.464
-97.487	39.404
-97.502	39.374
-97.547	39.344
-97.562	39.314
-97.622	39.329
POLYLINE BLACK
-97.832	40.334
-97.907	40.349
-97.937	40.379
-97.967	40.484
-97.922	40.544
-97.817	40.589
-97.757	40.589
-97.682	40.559
-97.652	40.499
-97.652	40.424
-97.772	40.274
-97.877	40.289
POLYLINE BLACK
-98.837	39.794
-98.867	39.794
-98.897	39.824
-98.942	39.839
-98.972	39.914
-98.942	40.019
-98.882	40.064
-98.792	40.064
-98.732	40.034
-98.687	39.959
-98.687	39.929
-98.672	39.869
-98.732	39.809
-98.807	39.779
-98.867	39.809
POLYLINE BLACK
-98.207	38.894
-98.267	38.894
-98.327	38.999
-98.192	39.149
-98.162	39.149
-98.087	39.119
-98.057	39.089
-98.057	39.029
-98.042	38.999
-98.162	38.894
-98.192	38.879
-98.237	38.924
POLYLINE BLACK
-98.867	38.279
-98.882	38.324
-98.882	38.459
-98.852	38.444
-98.747	38.459
-98.687	38.399
-98.687	38.369
-98.732	38.264
-98.852	38.234
POLYLINE BLACK
-97.172	41.879
-97.142	41.819
-97.142	41.774
-97.127	41.714
-97.127	41.684
-97.112	41.654
-97.112	41.579
-97.187	41.459
-97.262	41.354
-97.292	41.354
-97.397	41.279
-97.412	41.249
-97.577	41.159
-97.652	41.144
-97.772	41.084
-97.802	41.084
-97.832	41.054
-97.892	41.054
-97.997	41.024
-98.027	41.024
-98.087	40.994
-98.192	40.994
-98.282	40.949
-98.312	40.964
-98.417	40.934
-98.507	40.859
-98.552	40.844
-98.582	40.799
-98.642	40.769
-98.657	40.739
-98.792	40.649
-98.807	40.619
-98.867	40.574
-98.957	40.469
-98.972	40.424
-99.017	40.364
-99.062	40.334
-99.137	40.199
-99.212	40.094
-99.227	40.049
-99.332	39.884
-99.362	39.764
-99.437	39.554
-99.437	39.509
-99.467	39.449
-99.467	39.419
-99.482	39.389
-99.482	39.344
-99.512	39.284
-99.512	39.149
-99.527	39.089
-99.527	38.834
-99.512	38.804
-99.512	38.759
-99.467	38.594
-99.467	38.549
-99.437	38.489
-99.437	38.459
-99.362	38.294
-99.302	38.249
-99.242	38.159
-99.212	38.144
-99.077	37.949
-99.017	37.799
-98.942	37.709
-98.882	37.664
-98.777	37.484
-98.777	37.439
-98.747	37.379
-98.747	37.349
-98.732	37.319
-98.717	37.079
-98.717	36.779
POLYLINE BLACK
-95.552	43.334
POLYLINE BLACK
-96.332	38.729
-96.347	38.759
-96.407	38.744
-96.482	38.744
-96.542	38.759
-96.602	38.729
-96.722	38.444
-96.722	38.279
-96.752	38.219
-96.752	38.159
-96.797	38.039
-96.797	37.979
-96.842	37.919
-96.872	37.904
-96.932	37.814
-96.992	37.769
-97.082	37.649
-97.127	37.559
-97.127	37.499
-97.142	37.424
-97.142	37.394
-97.157	37.334
-97.157	36.944
-97.142	36.914
POLYLINE BLACK
-96.152	39.689
-96.212	39.704
-96.272	39.704
-96.392	39.674
-96.542	39.809
-96.542	39.839
-96.617	39.974
-96.617	40.004
-96.632	40.034
-96.632	40.739
-96.617	40.874
-96.617	41.069
-96.587	41.204
-96.557	41.339
-96.512	41.534
-96.512	41.729
-96.527	41.759
POLYLINE BLACK
-96.587	41.219
-96.587	41.144
-96.602	41.114
-96.587	41.039
-96.557	41.009
POLYLINE BLACK
-96.542	41.339
-96.557	41.309
POLYLINE BLACK
-96.587	41.639
-96.572	41.609
POLYLINE BLACK
-96.482	41.954
-96.482	41.924
POLYLINE BLACK
-96.542	42.344
-96.497	42.239
-96.497	42.194
-96.482	42.164
POLYLINE BLACK
-97.082	41.849
-97.082	41.804
-97.097	41.744
-97.097	41.714
-97.112	41.684
POLYLINE BLACK
-97.082	42.119
-97.082	41.984
POLYLINE BLACK
-97.067	42.434
-97.052	42.374
-97.052	42.344

ELEVATION
STATIONS
226.923	-48.229	17.0
235.151	-48.676	17.1
240.151	-49.471	17.2
243.381	-49.345	17.3
248.330	-49.788	17.4
252.606	-49.238	17.5
253.894	-50.086	17.6
257.868	-49.982	17.7
262.472	-50.108	17.8
266.455	-49.195	17.9
272.454	-51.493	17.10
276.654	-51.866	17.11
281.513	-51.677	17.12
286.882	-52.574	17.13
291.340	-53.265	17.14
295.100	-53.851	17.15
294.295	-53.174	17.16
290.555	-53.640	17.17
300.534	-54.741	17.18
303.720	-55.662	17.19
307.084	-55.921	17.20
310.675	-56.039	17.21
315.288	-56.116	17.22
319.772	-55.921	17.23
321.559	-56.080	17.24
314.639	-66.656	17.22
303.389	-65.756	17.19
286.509	-62.716	17.13
291.694	-64.311	17.14
281.959	-64.331	17.12
272.669	-63.516	17.10
243.549	-55.626	17.3
234.879	-56.016	17.1
SHOTS
321.559	-56.080	319.772	-55.921
315.288	-56.116	321.559	-56.080
321.559	-56.080	321.206	-56.005
321.559	-56.080	320.858	-55.811
321.559	-56.080	320.907	-55.849
321.559	-56.080	321.590	-50.168
321.559	-56.080	322.041	-50.375
321.559	-56.080	322.062	-53.816
321.559	-56.080	322.210	-53.350
321.559	-56.080	323.753	-61.414
321.559	-56.080	321.838	-57.575
315.288	-56.116	319.910	-55.935
310.675	-56.039	315.288	-56.116
315.288	-56.116	315.465	-56.054
315.288	-56.116	314.747	-54.621
315.288	-56.116	314.236	-52.727
315.288	-56.116	313.758	-51.029
315.288	-56.116	313.475	-49.287
315.288	-56.116	317.043	-50.006
315.288	-56.116	315.279	-57.478
315.288	-56.116	315.034	-57.757
315.288	-56.116	318.381	-51.380
315.288	-56.116	318.205	-54.003
307.084	-55.921	310.675	-56.039
310.675	-56.039	310.697	-56.093
310.675	-56.039	310.532	-55.966
310.675	-56.039	310.651	-54.599
310.675	-56.039	309.485	-49.060
310.675	-56.039	309.391	-48.249
310.675	-56.039	310.550	-57.504
310.675	-56.039	310.349	-57.450
310.675	-56.039	314.601	-50.888
310.675	-56.039	314.246	-49.629
303.720	-55.662	307.084	-55.921
307.084	-55.921	307.176	-55.876
307.084	-55.921	307.061	-55.863
307.084	-55.921	306.992	-57.130
307.084	-55.921	306.648	-47.521
307.084	-55.921	306.871	-49.721
307.084	-55.921	305.921	-49.398
307.084	-55.921	305.644	-52.430
300.534	-54.741	303.720	-55.662
303.720	-55.662	304.156	-48.453
303.720	-55.662	303.632	-55.599
303.720	-55.662	303.681	-55.605
303.720	-55.662	304.045	-55.813
303.720	-55.662	303.748	-56.654
303.720	-55.662	303.545	-56.728
295.100	-53.851	300.534	-54.741
300.534	-54.741	300.871	-54.551
300.534	-54.741	301.515	-47.482
300.534	-54.741	300.637	-55.270
300.534	-54.741	300.640	-55.720
300.534	-54.741	300.382	-55.702
294.295	-53.174	290.555	-53.640
290.555	-53.640	290.497	-53.753
290.555	-53.640	290.446	-52.461
290.555	-53.640	290.509	-54.085
290.555	-53.640	289.734	-53.621
290.555	-53.640	283.985	-53.771
295.100	-53.851	294.295	-53.174
294.295	-53.174	294.512	-52.067
294.295	-53.174	294.262	-52.836
294.295	-53.174	294.328	-53.132
294.295	-53.174	294.357	-53.708
291.340	-53.265	295.100	-53.851
295.100	-53.851	293.125	-53.721
295.100	-53.851	294.790	-53.777
295.100	-53.851	293.466	-47.210
295.100	-53.851	295.000	-54.803
295.100	-53.851	295.636	-54.101
295.100	-53.851	293.582	-52.821
295.100	-53.851	296.524	-53.431
286.882	-52.574	291.340	-53.265
291.340	-53.265	291.381	-53.211
291.340	-53.265	291.205	-53.345
291.340	-53.265	291.592	-46.831
291.340	-53.265	291.650	-54.640
291.340	-53.265	291.845	-50.326
281.513	-51.677	286.882	-52.574
286.882	-52.574	286.766	-52.606
286.882	-52.574	286.871	-52.554
286.882	-52.574	286.725	-45.873
286.882	-52.574	286.635	-50.488
286.882	-52.574	286.072	-54.422
286.882	-52.574	286.450	-53.858
286.882	-52.574	286.404	-53.984
276.654	-51.866	281.513	-51.677
281.513	-51.677	281.796	-51.620
281.513	-51.677	283.679	-45.964
281.513	-51.677	282.635	-49.882
281.513	-51.677	281.755	-53.924
272.454	-51.493	276.654	-51.866
276.654	-51.866	276.924	-44.893
276.654	-51.866	276.351	-48.442
276.654	-51.866	276.376	-49.486
276.654	-51.866	276.527	-51.940
276.654	-51.866	276.824	-51.557
276.654	-51.866	276.782	-53.153
266.455	-49.195	272.454	-51.493
272.454	-51.493	272.577	-51.259
272.454	-51.493	272.497	-50.497
272.454	-51.493	272.548	-44.294
272.454	-51.493	271.985	-53.046
272.454	-51.493	272.166	-53.247
262.472	-50.108	266.455	-49.195
266.455	-49.195	266.215	-49.722
266.455	-49.195	266.275	-50.855
266.455	-49.195	265.168	-49.967
266.455	-49.195	265.347	-49.160
266.455	-49.195	264.137	-48.382
266.455	-49.195	262.548	-43.219
266.455	-49.195	265.801	-44.936
266.455	-49.195	264.543	-49.199
266.455	-49.195	263.448	-49.175
266.455	-49.195	264.294	-49.319
257.868	-49.982	262.472	-50.108
262.472	-50.108	262.267	-50.040
262.472	-50.108	261.594	-45.294
262.472	-50.108	262.685	-43.191
262.472	-50.108	262.297	-51.345
253.894	-50.086	257.868	-49.982
257.868	-49.982	258.119	-49.999
257.868	-49.982	257.745	-49.759
257.868	-49.982	257.755	-49.432
257.868	-49.982	257.719	-51.050
252.606	-49.238	253.894	-50.086
253.894	-50.086	254.441	-49.439
253.894	-50.086	254.447	-49.713
253.894	-50.086	253.862	-48.785
253.894	-50.086	253.940	-50.897
253.894	-50.086	254.074	-49.060
253.894	-50.086	257.088	-49.966
248.330	-49.788	252.606	-49.238
252.606	-49.238	248.372	-47.487
252.606	-49.238	253.947	-49.338
252.606	-49.238	250.607	-49.556
252.606	-49.238	252.434	-47.525
252.606	-49.238	252.752	-50.712
252.606	-49.238	254.672	-48.235
243.381	-49.345	248.330	-49.788
248.330	-49.788	248.362	-49.791
248.330	-49.788	248.320	-49.748
248.330	-49.788	248.305	-49.101
248.330	-49.788	248.151	-50.712
240.151	-49.471	243.381	-49.345
243.381	-49.345	243.328	-49.226
243.381	-49.345	243.340	-49.724
243.381	-49.345	242.742	-46.421
243.381	-49.345	243.015	-50.505
243.381	-49.345	240.141	-49.473
235.151	-48.676	240.151	-49.471
240.151	-49.471	239.950	-49.318
240.151	-49.471	240.167	-49.438
240.151	-49.471	239.761	-46.537
240.151	-49.471	240.066	-50.415
240.151	-49.471	237.926	-48.487
226.923	-48.229	235.151	-48.676
235.151	-48.676	235.200	-48.681
235.151	-48.676	235.536	-46.102
235.151	-48.676	235.177	-50.025
226.923	-48.229	226.923	-48.229
226.923	-48.229	226.975	-48.290
226.923	-48.229	227.174	-48.258
226.923	-48.229	227.039	-47.147
226.923	-48.229	226.948	-50.002
226.923	-48.229	222.634	-49.418
226.923	-48.229	223.199	-49.221
226.923	-48.229	225.275	-49.778
226.923	-48.229	223.669	-49.784
226.923	-48.229	224.642	-48.445
226.923	-48.229	225.549	-48.431
314.639	-66.656	313.371	-66.594	
314.639	-66.656	313.423	-65.161	
314.639	-66.656	312.360	-63.267	
314.639	-66.656	312.452	-61.569	
314.639	-66.656	313.256	-59.827	
314.639	-66.656	314.964	-60.546	
314.639	-66.656	313.364	-68.018	
314.639	-66.656	314.369	-68.297	
314.639	-66.656	313.895	-61.920	
314.639	-66.656	313.966	-64.543	
303.389	-65.756	302.851	-58.547	
303.389	-65.756	303.989	-65.693	
303.389	-65.756	302.970	-65.699	
303.389	-65.756	302.538	-65.907	
303.389	-65.756	303.641	-66.748	
303.389	-65.756	304.302	-66.822	
286.509	-62.716	288.525	-62.748	
286.509	-62.716	286.366	-62.696	
286.509	-62.716	290.256	-56.015	
286.509	-62.716	286.692	-60.630	
286.509	-62.716	287.721	-64.564	
286.509	-62.716	287.313	-64.000	
286.509	-62.716	287.890	-64.126	
291.694	-64.311	291.903	-64.257	
291.694	-64.311	290.588	-64.391	
291.694	-64.311	292.780	-57.877	
291.694	-64.311	290.916	-65.686	
291.694	-64.311	291.210	-61.372	
281.959	-64.331	280.296	-64.274	
281.959	-64.331	282.131	-58.618	
281.959	-64.331	280.325	-62.536	
281.959	-64.331	281.696	-66.578	
272.669	-63.516	270.880	-63.282	
272.669	-63.516	273.867	-62.520	
272.669	-63.516	273.485	-56.317	
272.669	-63.516	273.318	-65.069	
272.669	-63.516	272.050	-65.270	
243.549	-55.626	244.669	-55.507	
243.549	-55.626	244.152	-56.005	
243.549	-55.626	244.146	-52.702	
243.549	-55.626	243.805	-56.786	
243.549	-55.626	243.469	-55.754	
234.879	-56.016	235.764	-56.021	
234.879	-56.016	235.246	-53.442	
234.879	-56.016	234.835	-57.365	
POLYLINE BLACK
313.239	-67.936
313.379	-68.136
313.419	-68.176
313.419	-68.216
313.459	-68.216
313.499	-68.256
313.579	-68.236
313.659	-68.276
313.739	-68.256
313.919	-68.276
313.999	-68.256
314.159	-68.196
314.239	-68.216
314.279	-68.176
314.359	-68.196
314.439	-68.156
314.519	-68.176
314.539	-68.136
314.559	-68.176
POLYLINE BLACK
314.979	-60.316
315.279	-60.676
315.339	-60.836
315.359	-61.016
315.319	-61.176
315.239	-61.356
315.219	-61.456
315.099	-61.716
315.099	-61.756
314.999	-61.876
314.919	-62.096
314.919	-62.156
314.879	-62.276
314.879	-62.336
314.859	-62.416
314.859	-62.616
314.879	-62.716
314.879	-62.836
314.899	-62.916
314.939	-63.116
314.939	-63.076
315.059	-63.276
315.059	-63.376
315.079	-63.456
315.079	-63.676
315.099	-63.776
315.099	-63.896
315.119	-63.996
315.119	-64.136
315.139	-64.236
315.139	-64.476
315.119	-64.556
315.119	-64.696
315.079	-64.816
315.059	-64.936
314.999	-65.116
314.959	-65.236
314.959	-65.296
314.839	-65.556
314.819	-65.636
314.759	-65.796
314.739	-65.976
314.739	-66.096
314.719	-66.176
314.719	-66.256
314.739	-66.336
314.739	-66.416
314.719	-66.496
314.719	-66.756
314.739	-66.856
314.739	-67.196
314.659	-67.616
314.659	-67.836
314.639	-67.916
314.659	-68.136
314.599	-68.196
314.499	-68.196
314.419	-68.256
314.259	-68.276
314.179	-68.236
314.079	-68.236
314.039	-68.196
313.959	-68.176
313.879	-68.156
313.839	-68.176
313.799	-68.136
313.639	-68.116
313.599	-68.116
313.559	-68.076
313.479	-68.116
313.319	-68.056
313.259	-67.976
313.279	-67.896
313.299	-67.796
313.339	-67.756
313.339	-67.716
313.459	-67.636
313.499	-67.556
313.579	-67.536
313.599	-67.376
313.599	-67.196
313.559	-67.076
313.559	-67.016
313.459	-66.756
313.419	-66.676
313.419	-66.616
313.399	-66.536
313.399	-66.316
313.459	-66.116
313.459	-65.816
313.439	-65.736
313.439	-65.676
313.419	-65.636
313.419	-65.516
313.399	-65.436
313.399	-65.336
313.319	-65.216
313.179	-65.036
313.079	-64.916
312.959	-64.676
312.799	-64.436
312.679	-64.156
312.579	-64.036
312.479	-63.816
312.439	-63.596
312.439	-63.516
312.459	-63.436
312.459	-63.336
312.439	-63.236
312.379	-62.936
312.379	-62.716
312.359	-62.636
312.379	-62.556
312.379	-62.456
312.399	-62.376
312.399	-62.296
312.459	-62.016
312.499	-61.816
312.479	-61.636
312.479	-61.556
POLYLINE BLACK
312.379	-61.696
312.479	-61.556
312.519	-61.396
312.579	-61.216
312.619	-61.056
312.619	-60.916
312.639	-60.716
312.659	-60.676
312.659	-60.376
312.719	-60.196
312.779	-60.116
312.799	-60.056
312.999	-59.896
313.079	-59.876
313.199	-59.816
313.359	-59.816
313.559	-59.916
313.639	-59.936
313.859	-59.996
314.079	-60.016
314.119	-60.036
314.299	-60.056
314.339	-60.076
314.439	-60.056
314.599	-60.116
314.639	-60.116
314.739	-60.196
314.819	-60.216
314.939	-60.316
315.079	-60.456
315.119	-60.456
POLYLINE CONNECT
314.639	-66.656
315.288	-56.116
POLYLINE BLACK
317.559	-50.046
317.879	-50.046
317.919	-50.026
317.999	-50.046
318.099	-50.026
318.279	-50.066
318.439	-50.086
318.579	-50.066
318.639	-50.066
318.679	-50.046
318.799	-50.066
318.939	-50.086
318.999	-50.086
319.039	-50.066
319.199	-50.106
319.279	-50.086
319.459	-50.106
319.639	-50.106
319.699	-50.126
319.799	-50.106
319.879	-50.126
320.139	-50.146
320.239	-50.166
320.439	-50.166
320.539	-50.146
320.739	-50.166
321.159	-50.166
321.239	-50.186
321.319	-50.206
321.419	-50.226
321.519	-50.226
321.679	-50.266
321.759	-50.266
321.799	-50.286
321.859	-50.266
321.939	-50.286
322.159	-50.326
322.239	-50.346
322.339	-50.346
322.379	-50.366
322.419	-50.346
POLYLINE BLACK
315.299	-57.406
315.359	-57.406
315.399	-57.426
315.539	-57.406
315.719	-57.366
315.799	-57.386
316.199	-57.386
316.339	-57.406
316.379	-57.386
316.459	-57.406
316.599	-57.386
317.039	-57.386
317.119	-57.406
317.219	-57.386
317.479	-57.386
317.519	-57.366
317.759	-57.406
318.359	-57.406
318.439	-57.426
318.479	-57.426
318.499	-57.466
318.499	-57.466
318.659	-57.506
318.779	-57.506
318.879	-57.526
318.939	-57.526
319.019	-57.566
319.099	-57.546
319.259	-57.566
319.359	-57.586
319.439	-57.566
319.519	-57.586
319.619	-57.566
319.699	-57.586
319.879	-57.546
319.939	-57.546
320.079	-57.506
320.119	-57.526
320.259	-57.486
320.339	-57.506
320.419	-57.486
320.499	-57.486
320.579	-57.466
320.659	-57.466
320.719	-57.446
320.919	-57.486
320.999	-57.466
321.079	-57.486
321.179	-57.506
321.219	-57.486
321.319	-57.506
321.359	-57.486
321.539	-57.526
321.719	-57.526
321.759	-57.506
321.839	-57.546
321.919	-57.526
POLYLINE BLACK
315.619	-57.406
315.659	-57.386
315.739	-57.406
315.839	-57.406
315.919	-57.426
316.119	-57.426
316.279	-57.466
POLYLINE BLACK
314.069	-49.326
314.339	-49.416
314.549	-49.416
314.759	-49.476
314.819	-49.446
314.909	-49.506
315.539	-49.626
315.749	-49.626
315.809	-49.686
315.899	-49.686
316.019	-49.746
316.199	-49.776
316.379	-49.836
316.529	-49.836
317.189	-50.046
317.309	-50.076
317.459	-50.046
317.579	-50.076
317.699	-50.136
POLYLINE BLACK
310.319	-57.396
310.799	-57.396
310.979	-57.456
311.069	-57.456
311.249	-57.516
311.819	-57.516
312.149	-57.456
312.539	-57.486
312.689	-57.456
313.199	-57.486
313.379	-57.486
313.499	-57.456
313.829	-57.426
313.979	-57.426
314.039	-57.456
314.189	-57.426
314.369	-57.426
314.489	-57.456
314.669	-57.456
314.729	-57.426
314.849	-57.456
314.969	-57.486
315.089	-57.456
315.299	-57.486
POLYLINE BLACK
304.109	-56.916
304.229	-56.886
304.499	-56.916
304.739	-56.916
305.009	-56.886
305.219	-56.916
305.489	-56.856
305.759	-56.856
305.879	-56.826
306.059	-56.826
306.209	-56.856
306.479	-56.826
306.719	-56.886
307.169	-56.976
307.289	-57.006
307.469	-57.066
307.559	-57.066
307.769	-57.126
308.039	-57.186
308.189	-57.246
308.339	-57.246
308.699	-57.336
308.939	-57.336
309.479	-57.396
309.689	-57.396
309.899	-57.366
309.989	-57.366
310.109	-57.396
310.619	-57.396
310.739	-57.426
310.949	-57.426
311.069	-57.456
POLYLINE BLACK
304.409	-48.426
304.319	-48.396
303.959	-48.366
303.659	-48.306
303.599	-48.276
POLYLINE BLACK
304.349	-48.306
POLYLINE BLACK
304.649	-48.336
304.589	-48.366
304.529	-48.336
POLYLINE BLACK
304.829	-48.396
POLYLINE BLACK
304.409	-48.396
304.529	-48.396
304.739	-48.426
304.859	-48.456
304.919	-48.426
305.099	-48.486
305.219	-48.486
305.429	-48.516
305.549	-48.486
305.639	-48.486
305.759	-48.426
305.819	-48.456
306.239	-48.336
306.689	-48.186
306.809	-48.186
307.169	-48.276
307.499	-48.276
307.799	-48.336
308.159	-48.336
308.399	-48.396
308.669	-48.396
308.819	-48.426
309.089	-48.336
309.479	-48.426
309.749	-48.486
309.959	-48.606
310.019	-48.606
310.109	-48.666
310.259	-48.696
310.529	-48.786
310.679	-48.816
310.799	-48.846
311.069	-48.936
311.249	-48.936
311.729	-49.026
312.299	-49.026
312.569	-49.056
312.689	-49.056
312.809	-49.116
313.169	-49.116
313.319	-49.146
313.439	-49.146
313.709	-49.236
313.829	-49.266
313.979	-49.296
314.129	-49.296
314.339	-49.326
314.609	-49.386
POLYLINE BLACK
303.969	-61.286
304.009	-61.286
304.249	-61.026
304.329	-60.846
304.349	-60.766
304.389	-60.606
304.389	-60.366
304.369	-60.286
304.369	-60.166
304.349	-60.086
304.349	-60.086
304.169	-59.806
304.109	-59.746
303.949	-59.586
303.809	-59.546
303.569	-59.346
303.469	-59.186
303.409	-59.126
303.369	-59.066
303.369	-59.026
303.329	-58.986
303.309	-58.866
303.329	-58.786
303.329	-58.686
303.129	-58.466
302.989	-58.326
302.929	-58.266
302.909	-58.226
POLYLINE BLACK
303.929	-65.626
303.869	-65.526
303.809	-65.306
303.749	-65.126
303.749	-65.066
303.689	-64.946
303.689	-64.886
303.629	-64.726
303.589	-64.526
303.549	-64.306
303.529	-64.146
303.529	-63.886
303.629	-63.686
303.569	-63.466
303.569	-63.346
303.609	-63.126
303.609	-63.046
303.629	-62.966
303.629	-62.826
303.769	-62.406
303.889	-62.066
303.909	-61.986
303.989	-61.646
304.029	-61.326
304.029	-61.326
304.029	-61.286
304.029	-61.286
304.049	-61.326
304.049	-61.326
304.049	-61.326
304.049	-61.326
POLYLINE BLACK
304.189	-66.746
304.269	-66.726
304.349	-66.746
304.509	-66.746
304.549	-66.766
304.589	-66.726
304.669	-66.746
304.729	-66.686
304.709	-66.566
304.589	-66.406
304.489	-66.326
304.449	-66.326
304.409	-66.286
304.369	-66.286
304.329	-66.246
304.249	-66.226
304.169	-66.146
304.089	-66.026
304.069	-65.846
304.009	-65.726
304.009	-65.646
303.989	-65.586
POLYLINE BLACK
302.569	-66.226
302.569	-66.266
302.669	-66.366
302.829	-66.626
302.829	-66.666
302.949	-66.786
303.089	-66.806
303.169	-66.786
303.249	-66.806
303.469	-66.806
303.549	-66.766
303.609	-66.766
303.689	-66.786
303.849	-66.786
303.889	-66.766
303.989	-66.786
304.069	-66.766
304.149	-66.786
304.229	-66.766
304.269	-66.786
304.349	-66.766
POLYLINE BLACK
302.309	-63.206
302.309	-63.406
302.329	-63.486
302.329	-63.666
302.349	-63.746
302.329	-63.846
302.349	-64.106
302.349	-64.286
302.329	-64.386
302.329	-64.646
302.349	-64.726
302.349	-64.866
302.369	-65.006
302.369	-65.066
302.389	-65.146
302.389	-65.206
302.429	-65.326
302.429	-65.386
302.449	-65.466
302.509	-65.806
302.609	-66.146
302.709	-66.426
POLYLINE BLACK
302.409	-58.426
302.349	-58.486
302.229	-58.566
302.169	-58.746
302.189	-58.826
302.249	-58.946
302.249	-58.986
302.349	-59.106
302.369	-59.186
302.469	-59.346
302.469	-59.386
302.529	-59.466
302.529	-59.566
302.549	-59.646
302.529	-59.886
302.489	-59.966
302.489	-60.066
302.449	-60.186
302.409	-60.366
302.369	-60.526
302.369	-60.586
302.349	-60.686
302.349	-60.766
302.309	-60.946
302.309	-61.106
302.289	-61.206
302.289	-61.366
302.269	-61.406
302.249	-62.126
302.229	-62.206
302.229	-62.566
302.269	-62.686
302.269	-62.826
302.349	-63.166
302.349	-63.266
302.389	-63.346
POLYLINE BLACK
302.409	-58.346
POLYLINE BLACK
302.449	-58.346
302.469	-58.386
POLYLINE BLACK
302.489	-58.446
302.529	-58.486
302.529	-58.526
302.669	-58.486
302.769	-58.486
302.849	-58.506
302.889	-58.506
302.929	-58.466
302.949	-58.386
303.009	-58.306
303.049	-58.306
303.129	-58.426
303.129	-58.466
POLYLINE BLACK
302.529	-58.526
POLYLINE CONNECT
303.389	-65.756
303.720	-55.662
POLYLINE BLACK
295.049	-54.746
295.169	-54.836
295.319	-54.806
295.379	-54.836
295.559	-54.776
295.829	-54.836
295.979	-54.836
296.039	-54.806
296.189	-54.806
296.399	-54.746
296.669	-54.746
296.939	-54.716
297.089	-54.746
297.149	-54.716
297.269	-54.746
297.419	-54.746
297.659	-54.836
297.749	-54.836
298.109	-54.926
298.319	-54.896
298.469	-54.896
298.769	-55.016
298.829	-54.986
299.009	-55.046
299.129	-55.136
299.219	-55.136
299.759	-55.496
299.939	-55.556
299.999	-55.616
300.059	-55.586
300.299	-55.646
300.479	-55.646
300.599	-55.706
300.929	-55.736
301.559	-55.886
301.649	-55.886
301.829	-56.006
301.949	-56.036
302.069	-56.126
302.189	-56.156
302.609	-56.366
302.729	-56.396
303.149	-56.546
303.299	-56.636
303.419	-56.666
303.779	-56.846
303.839	-56.846
POLYLINE BLACK
294.389	-47.606
294.489	-47.656
294.689	-47.606
294.889	-47.606
295.389	-47.406
296.489	-47.356
296.589	-47.406
296.839	-47.406
297.039	-47.456
297.389	-47.456
297.739	-47.556
298.839	-47.556
298.989	-47.506
299.089	-47.556
299.339	-47.506
299.839	-47.506
300.289	-47.356
300.489	-47.406
300.989	-47.406
301.189	-47.456
301.439	-47.506
301.989	-47.706
302.189	-47.756
302.739	-48.006
302.839	-48.106
302.989	-48.106
303.239	-48.256
303.639	-48.356
304.389	-48.606
304.789	-48.706
POLYLINE BLACK
294.089	-47.456
POLYLINE BLACK
283.439	-46.106
284.139	-46.206
284.239	-46.256
284.639	-46.156
284.839	-46.206
285.039	-46.156
285.239	-46.156
285.489	-46.106
285.589	-46.156
285.789	-46.106
285.989	-46.106
286.189	-46.156
286.889	-46.156
287.089	-46.206
287.339	-46.206
287.739	-46.356
288.139	-46.456
288.339	-46.506
288.789	-46.606
289.239	-46.706
289.539	-46.706
289.989	-46.806
290.289	-46.756
290.489	-46.806
290.639	-46.806
290.839	-46.856
291.289	-46.856
291.689	-47.006
291.889	-47.006
292.089	-47.106
292.339	-47.106
292.739	-47.206
292.939	-47.256
293.389	-47.406
293.489	-47.406
293.639	-47.506
293.839	-47.506
294.039	-47.556
294.539	-47.656
294.639	-47.606
294.739	-47.656
POLYLINE BLACK
287.189	-41.306
POLYLINE BROWN
293.769	-53.836
293.889	-53.926
294.099	-53.956
294.369	-54.256
294.579	-54.466
294.699	-54.526
294.849	-54.676
295.029	-54.736
295.269	-54.646
295.359	-54.556
295.419	-54.556
295.839	-54.196
295.989	-53.956
295.989	-53.776
296.019	-53.506
295.899	-53.116
295.809	-53.026
295.419	-52.636
295.389	-52.546
295.119	-52.366
295.059	-52.366
294.639	-52.156
294.429	-52.156
294.309	-52.126
294.159	-52.186
POLYLINE BROWN
293.409	-52.486
293.529	-52.456
293.889	-52.246
294.219	-52.126
294.489	-52.186
POLYLINE BROWN
292.839	-53.956
293.109	-53.926
293.799	-53.806
294.189	-53.806
294.459	-53.776
294.639	-53.806
POLYLINE BROWN
290.259	-52.606
290.469	-52.546
290.799	-52.516
291.069	-52.486
291.129	-52.456
291.279	-52.486
291.429	-52.486
291.549	-52.516
291.609	-52.486
291.729	-52.516
291.909	-52.516
292.239	-52.606
292.599	-52.546
292.839	-52.576
293.109	-52.576
293.439	-52.456
293.529	-52.456
293.649	-52.426
293.889	-52.396
POLYLINE BROWN
290.439	-54.046
290.499	-54.076
290.619	-54.046
290.799	-54.106
290.949	-54.076
291.309	-54.076
291.429	-54.106
291.549	-54.076
291.699	-54.106
291.939	-54.076
292.209	-54.046
292.389	-53.986
292.449	-54.016
292.719	-53.956
292.959	-53.926
293.079	-53.896
POLYLINE BROWN
284.259	-54.076
284.319	-54.106
284.829	-54.016
285.459	-53.956
285.609	-53.926
285.729	-53.956
285.909	-53.896
286.209	-53.956
286.599	-53.956
286.869	-54.016
287.139	-54.016
287.499	-54.106
287.619	-54.106
287.709	-54.076
287.769	-54.106
287.919	-54.076
288.129	-54.136
288.669	-54.136
288.819	-54.166
289.119	-54.166
289.449	-54.256
289.599	-54.256
290.019	-54.166
290.079	-54.196
290.199	-54.166
290.379	-54.166
290.499	-54.136
POLYLINE BROWN
284.019	-53.086
284.379	-53.086
284.739	-53.146
285.009	-53.176
285.069	-53.206
285.219	-53.206
285.279	-53.176
285.579	-53.236
285.729	-53.236
285.789	-53.206
285.999	-53.236
286.179	-53.206
286.239	-53.236
286.419	-53.176
287.049	-53.086
287.199	-53.056
287.319	-53.086
287.529	-53.026
287.709	-53.026
288.009	-52.966
288.099	-52.966
288.219	-52.936
288.339	-52.936
288.429	-52.906
288.759	-52.906
289.089	-52.846
289.569	-52.846
289.779	-52.726
289.839	-52.726
290.109	-52.606
290.409	-52.576
290.469	-52.546
290.679	-52.546
POLYLINE BLACK
286.019	-54.266
286.109	-54.266
286.229	-54.296
286.649	-54.266
286.769	-54.266
286.979	-54.296
287.249	-54.266
287.309	-54.296
287.369	-54.266
287.429	-54.296
287.489	-54.266
POLYLINE BLACK
286.349	-54.236
286.409	-54.206
286.529	-54.236
286.679	-54.236
286.889	-54.206
287.009	-54.206
287.219	-54.146
287.339	-54.146
POLYLINE BLACK
291.809	-54.626
292.199	-54.656
292.529	-54.626
293.039	-54.596
293.369	-54.656
293.759	-54.656
293.969	-54.686
294.089	-54.716
294.389	-54.656
294.539	-54.686
294.629	-54.686
294.689	-54.656
294.899	-54.716
294.959	-54.686
295.229	-54.776
POLYLINE BLACK
287.039	-54.296
287.159	-54.296
287.219	-54.326
287.339	-54.296
287.489	-54.296
287.609	-54.326
287.849	-54.326
287.909	-54.356
288.059	-54.326
288.179	-54.356
288.359	-54.356
288.479	-54.386
288.629	-54.386
288.689	-54.356
288.749	-54.386
288.869	-54.356
288.929	-54.386
288.989	-54.356
289.349	-54.476
289.529	-54.506
289.619	-54.476
289.739	-54.506
289.829	-54.506
289.949	-54.536
290.129	-54.536
290.249	-54.566
290.519	-54.566
290.699	-54.626
290.969	-54.656
291.089	-54.656
291.329	-54.716
291.539	-54.716
291.599	-54.686
291.809	-54.716
292.259	-54.716
292.319	-54.686
POLYLINE BLACK
287.279	-64.286
287.259	-64.366
287.239	-64.446
287.299	-64.626
287.339	-64.666
287.499	-64.706
287.539	-64.666
287.619	-64.686
287.699	-64.666
287.779	-64.686
287.859	-64.666
287.979	-64.706
287.999	-64.626
287.999	-64.526
287.959	-64.366
287.939	-64.286
POLYLINE BLACK
286.359	-62.786
286.379	-62.866
286.499	-63.146
286.699	-63.306
286.759	-63.366
286.799	-63.366
286.879	-63.426
286.999	-63.446
287.139	-63.606
287.259	-63.946
287.259	-64.166
287.279	-64.246
287.299	-64.346
287.379	-64.466
287.499	-64.566
287.579	-64.586
287.699	-64.646
287.739	-64.626
287.779	-64.646
287.999	-64.406
288.019	-64.326
287.979	-64.126
287.959	-63.986
287.959	-63.786
287.979	-63.686
288.019	-63.526
288.179	-63.286
288.359	-63.106
288.439	-62.986
288.459	-62.906
288.479	-62.866
288.459	-62.766
288.459	-62.546
POLYLINE BLACK
290.159	-55.906
289.919	-56.046
289.879	-56.046
289.839	-56.106
289.799	-56.106
289.679	-56.246
289.459	-56.366
289.259	-56.506
289.039	-56.826
288.979	-56.886
288.799	-57.166
288.759	-57.206
288.719	-57.206
288.519	-57.366
288.439	-57.386
288.219	-57.626
288.039	-57.966
287.939	-58.126
287.879	-58.286
287.819	-58.386
287.719	-58.646
287.579	-58.986
287.579	-59.046
287.479	-59.186
287.419	-59.386
287.319	-59.566
286.999	-60.086
286.959	-60.186
286.859	-60.306
286.799	-60.446
286.599	-60.686
286.479	-60.926
286.439	-61.226
286.439	-61.306
286.379	-61.506
286.359	-61.686
286.339	-61.766
286.379	-61.966
286.379	-62.066
286.399	-62.146
286.379	-62.226
286.379	-62.326
286.359	-62.406
286.359	-62.526
286.379	-62.606
286.379	-62.706
286.479	-62.986
286.559	-63.086
286.579	-63.166
POLYLINE BLACK
290.319	-55.926
290.319	-55.966
290.399	-56.006
290.459	-56.166
290.419	-56.246
290.299	-56.326
290.259	-56.426
290.219	-56.466
290.199	-56.546
289.979	-56.766
289.819	-57.106
289.799	-57.186
289.779	-57.266
289.739	-57.506
289.739	-57.606
289.639	-57.946
289.579	-58.126
289.499	-58.306
289.339	-58.486
289.339	-58.526
289.299	-58.566
289.279	-58.666
289.179	-58.866
289.179	-58.906
289.119	-59.006
289.099	-59.086
289.039	-59.166
289.039	-59.206
288.959	-59.326
288.939	-59.406
288.839	-59.726
288.839	-59.826
288.819	-59.966
288.819	-60.146
288.779	-60.266
288.779	-60.326
288.699	-60.586
288.699	-60.646
288.659	-60.686
288.659	-60.746
288.559	-60.926
288.479	-61.086
288.419	-61.366
288.359	-61.486
288.339	-61.666
288.499	-62.026
288.499	-62.106
288.519	-62.186
288.519	-62.486
288.499	-62.626
288.479	-62.746
POLYLINE BLACK
290.119	-56.246
290.139	-56.286
290.119	-56.366
290.059	-56.446
290.039	-56.526
289.999	-56.566
289.959	-56.746
289.939	-56.826
POLYLINE CONNECT
286.509	-62.716
286.882	-52.574
POLYLINE BLACK
292.619	-57.846
292.439	-58.186
292.439	-58.226
POLYLINE BLACK
292.999	-59.606
292.999	-59.526
292.979	-59.446
292.979	-59.326
292.959	-59.246
292.979	-59.066
292.999	-58.986
292.999	-58.926
293.019	-58.846
293.079	-58.586
293.099	-58.506
293.179	-58.486
293.299	-58.386
293.339	-58.386
293.539	-58.146
293.559	-57.966
293.559	-57.886
293.479	-57.866
293.359	-57.826
293.199	-57.806
293.059	-57.806
293.019	-57.786
292.899	-57.826
292.819	-57.806
292.619	-57.886
292.579	-57.926
POLYLINE BLACK
292.979	-59.546
POLYLINE BLACK
292.559	-61.606
292.639	-61.526
292.759	-61.306
292.859	-60.946
292.899	-60.786
292.979	-60.546
292.979	-60.446
293.159	-60.146
293.159	-59.986
293.079	-59.826
293.039	-59.646
293.019	-59.566
293.019	-59.526
POLYLINE BLACK
292.199	-62.826
292.219	-62.746
292.339	-62.366
292.359	-62.286
292.419	-62.066
POLYLINE BLACK
292.399	-62.246
292.419	-62.126
292.439	-62.046
292.459	-61.966
292.419	-61.846
292.539	-61.706
292.539	-61.626
292.559	-61.586
POLYLINE BLACK
290.539	-64.266
290.539	-64.366
290.519	-64.546
290.519	-64.706
290.579	-64.806
290.699	-65.006
290.699	-65.086
290.719	-65.166
290.719	-65.226
290.699	-65.306
290.699	-65.386
290.759	-65.506
290.779	-65.586
290.899	-65.686
290.939	-65.706
291.179	-65.646
291.259	-65.646
291.319	-65.706
291.359	-65.786
291.439	-65.786
291.519	-65.806
291.639	-65.826
291.719	-65.806
291.799	-65.786
291.819	-65.706
291.819	-65.526
291.899	-65.406
291.919	-65.326
291.959	-65.206
291.959	-65.066
291.919	-64.906
291.879	-64.866
291.879	-64.646
291.999	-64.246
291.999	-64.226
292.039	-64.346
292.059	-64.126
292.059	-63.966
292.119	-63.706
292.119	-63.486
292.139	-63.406
292.139	-63.266
292.199	-63.046
292.199	-62.986
292.219	-62.906
292.219	-62.826
292.299	-62.706
292.319	-62.626
292.319	-62.626
292.319	-62.666
POLYLINE BLACK
290.979	-61.466
290.979	-61.526
290.779	-61.846
290.699	-62.026
290.699	-62.106
290.639	-62.286
290.639	-62.426
290.619	-62.506
290.619	-62.606
290.579	-62.766
290.559	-62.946
290.539	-63.046
290.519	-63.266
290.519	-63.366
290.539	-63.406
290.479	-63.586
290.499	-63.666
290.499	-63.806
290.519	-63.886
290.539	-64.066
290.599	-64.186
290.599	-64.246
290.619	-64.326
290.619	-64.466
POLYLINE BLACK
291.059	-61.386
POLYLINE BLACK
292.639	-58.006
292.539	-58.186
292.459	-58.426
292.399	-58.686
292.359	-58.806
292.299	-58.906
292.279	-58.986
292.259	-59.066
292.219	-59.186
292.179	-59.226
292.139	-59.526
292.059	-59.786
292.039	-59.866
291.919	-60.166
291.819	-60.286
291.659	-60.606
291.639	-60.706
291.499	-61.086
291.239	-61.306
291.199	-61.306
291.139	-61.346
291.059	-61.326
POLYLINE BLACK
292.739	-57.906
POLYLINE CONNECT
291.694	-64.311
291.340	-53.265
POLYLINE BLACK
281.629	-53.871
281.839	-53.991
282.259	-54.051
282.739	-54.081
282.799	-54.051
283.369	-54.051
283.489	-54.081
283.909	-54.081
284.059	-54.111
284.179	-54.201
284.269	-54.201
284.539	-54.141
284.689	-54.141
285.019	-54.231
285.169	-54.231
285.409	-54.351
285.679	-54.351
285.829	-54.381
285.919	-54.441
286.099	-54.441
286.159	-54.471
POLYLINE BLACK
281.769	-66.401
281.769	-66.401
281.789	-66.321
281.789	-66.121
281.769	-66.081
281.849	-65.701
281.869	-65.481
281.889	-65.401
282.069	-65.201
282.129	-65.081
282.129	-64.821
282.089	-64.641
282.089	-64.561
282.109	-64.461
282.109	-64.341
282.129	-64.261
282.129	-64.121
282.149	-64.041
282.169	-63.861
282.189	-63.781
282.189	-63.641
282.209	-63.561
282.209	-63.341
282.229	-63.201
282.269	-62.981
282.289	-62.901
282.289	-62.801
282.349	-62.581
282.349	-62.521
282.509	-62.061
282.549	-61.841
282.549	-61.741
282.569	-61.661
282.569	-61.561
282.649	-61.221
282.649	-60.561
282.709	-60.401
282.709	-60.321
282.729	-60.241
282.749	-60.161
282.829	-59.881
282.969	-59.621
283.009	-59.441
283.009	-59.321
283.049	-59.241
283.049	-59.181
283.129	-58.961
283.349	-58.621
283.349	-58.581
283.389	-58.541
283.429	-58.541
283.509	-58.441
283.449	-58.361
283.329	-58.341
283.129	-58.461
283.009	-58.441
282.929	-58.461
282.809	-58.461
282.769	-58.441
282.729	-58.461
282.689	-58.441
282.609	-58.461
282.429	-58.501
282.389	-58.521
282.349	-58.481
282.309	-58.521
282.229	-58.521
281.989	-58.681
281.769	-58.921
281.649	-59.121
281.549	-59.221
281.549	-59.261
281.529	-59.221
281.529	-59.221
281.509	-59.321
281.409	-59.601
281.409	-59.641
281.349	-59.721
281.329	-59.821
281.269	-59.901
281.229	-60.081
281.209	-60.161
281.209	-60.421
281.129	-60.681
281.069	-60.781
280.969	-60.981
280.869	-61.101
280.729	-61.461
280.669	-61.721
280.589	-61.901
280.449	-62.061
280.349	-62.241
280.349	-62.321
280.329	-62.401
280.349	-62.501
280.389	-62.541
POLYLINE BLACK
280.289	-62.401
280.289	-62.501
280.249	-62.641
280.249	-62.721
280.269	-62.861
280.269	-63.221
280.329	-63.381
280.329	-63.521
280.349	-63.701
280.349	-63.781
280.369	-63.881
280.389	-63.961
280.429	-64.081
280.429	-64.181
280.449	-64.261
280.449	-64.341
280.429	-64.381
280.429	-64.341
280.469	-64.521
280.469	-64.821
280.449	-64.861
280.469	-64.961
280.469	-65.041
280.489	-65.141
280.509	-65.221
280.549	-65.301
280.649	-65.401
280.769	-65.401
280.809	-65.381
280.969	-65.421
281.009	-65.401
281.049	-65.441
281.089	-65.421
281.169	-65.521
281.209	-65.681
281.229	-65.761
281.229	-65.861
281.249	-65.961
281.249	-66.121
281.269	-66.221
281.269	-66.361
281.289	-66.441
281.289	-66.481
281.409	-66.581
281.469	-66.581
281.509	-66.621
281.589	-66.621
281.629	-66.641
281.669	-66.601
281.749	-66.581
281.789	-66.461
POLYLINE CONNECT
281.959	-64.331
281.513	-51.677
POLYLINE BLACK
276.739	-44.906
277.309	-45.056
277.459	-45.116
277.549	-45.116
277.819	-45.176
277.969	-45.176
278.389	-45.266
278.479	-45.266
278.629	-45.296
278.899	-45.326
279.109	-45.356
279.529	-45.356
279.679	-45.386
279.799	-45.386
280.009	-45.356
280.129	-45.416
280.279	-45.386
280.429	-45.416
280.639	-45.416
280.759	-45.446
281.179	-45.536
281.329	-45.566
281.629	-45.596
281.899	-45.656
282.079	-45.656
282.349	-45.746
282.469	-45.776
282.679	-45.866
282.829	-45.866
282.949	-45.926
283.039	-45.926
283.399	-46.016
283.519	-46.016
283.789	-46.076
283.909	-46.076
283.969	-46.046
284.089	-46.076
284.179	-46.076
POLYLINE BLACK
276.499	-53.186
276.589	-53.126
276.889	-53.126
276.949	-53.156
277.189	-53.156
277.459	-53.246
277.819	-53.276
278.359	-53.426
278.449	-53.426
278.839	-53.546
278.989	-53.546
279.439	-53.666
279.769	-53.666
280.159	-53.756
280.279	-53.786
280.429	-53.756
280.579	-53.786
281.149	-53.906
281.299	-53.876
281.629	-53.936
281.809	-53.936
281.929	-53.906
POLYLINE BLACK
272.179	-53.006
272.239	-53.156
272.419	-53.216
272.869	-53.186
272.989	-53.216
273.529	-53.126
273.799	-53.126
273.859	-53.156
274.189	-53.126
274.279	-53.156
274.429	-53.126
274.639	-53.126
274.699	-53.156
274.849	-53.126
274.999	-53.156
275.239	-53.186
275.599	-53.186
275.689	-53.156
275.809	-53.186
276.139	-53.216
276.439	-53.276
276.559	-53.306
276.709	-53.306
276.919	-53.336
277.129	-53.306
POLYLINE BLACK
272.629	-44.396
272.959	-44.396
273.199	-44.456
273.379	-44.546
273.439	-44.516
273.559	-44.546
273.619	-44.546
273.709	-44.606
273.859	-44.606
273.979	-44.636
274.129	-44.636
274.669	-44.786
275.059	-44.816
275.449	-44.846
275.539	-44.846
275.689	-44.876
275.899	-44.846
276.199	-44.846
276.409	-44.876
276.559	-44.876
276.889	-44.966
276.949	-44.936
277.219	-44.996
POLYLINE BLACK
271.869	-65.086
271.829	-64.826
271.789	-64.686
271.769	-64.486
271.729	-64.206
271.729	-64.066
271.709	-63.926
271.709	-63.786
271.689	-63.646
271.729	-63.666
271.829	-63.606
271.969	-63.626
272.009	-63.606
272.149	-63.626
272.229	-63.626
272.289	-63.606
272.369	-63.646
272.429	-63.646
272.509	-63.666
272.789	-63.666
272.969	-63.626
273.069	-63.646
273.189	-63.626
273.229	-63.646
273.229	-64.006
273.329	-64.546
273.349	-64.666
273.349	-65.026
273.309	-65.186
273.309	-65.226
273.249	-65.266
273.069	-65.266
272.789	-65.226
272.749	-65.206
272.629	-65.206
272.529	-65.186
272.489	-65.206
272.349	-65.166
272.229	-65.166
271.869	-65.106
271.829	-65.106
POLYLINE BLACK
273.429	-65.246
273.389	-65.126
273.449	-64.946
273.489	-64.906
273.489	-64.866
273.569	-64.746
273.649	-64.666
273.709	-64.506
273.749	-64.226
273.749	-64.146
273.769	-64.066
273.769	-63.246
273.749	-63.166
273.769	-62.966
273.789	-62.886
POLYLINE BLACK
272.249	-65.286
272.369	-65.486
272.489	-65.666
272.529	-65.646
272.649	-65.686
272.769	-65.646
272.849	-65.666
272.969	-65.666
273.069	-65.686
273.149	-65.706
273.189	-65.726
273.249	-65.686
273.369	-65.686
273.409	-65.586
273.469	-65.506
273.469	-65.446
273.509	-65.366
273.489	-65.286
273.469	-65.206
POLYLINE BLACK
270.889	-63.266
270.869	-63.466
270.889	-63.706
270.949	-63.966
271.069	-64.326
271.109	-64.446
271.129	-64.546
271.189	-64.766
271.189	-64.906
271.229	-65.026
271.229	-65.086
271.269	-65.166
271.429	-65.206
271.469	-65.246
271.549	-65.246
271.749	-65.326
271.969	-65.266
272.049	-65.266
272.109	-65.186
272.129	-65.226
272.189	-65.226
272.269	-65.286
272.329	-65.286
272.409	-65.326
272.489	-65.306
272.629	-65.306
272.749	-65.246
POLYLINE BLACK
270.969	-58.586
270.969	-58.666
270.909	-58.906
270.909	-58.986
270.929	-59.086
271.009	-59.446
271.049	-59.526
271.049	-59.586
271.129	-59.866
271.169	-60.086
271.189	-60.266
271.229	-60.346
271.229	-60.406
271.269	-60.466
271.289	-60.546
271.409	-60.906
271.469	-61.126
271.549	-61.386
271.549	-61.446
271.649	-61.546
271.709	-61.686
271.669	-61.846
271.669	-61.986
271.609	-62.146
271.569	-62.186
271.549	-62.266
271.429	-62.446
271.329	-62.686
271.149	-62.946
271.129	-63.006
271.029	-63.106
270.949	-63.246
270.949	-63.286
270.869	-63.366
270.849	-63.446
POLYLINE BLACK
270.829	-58.926
270.969	-59.266
271.009	-59.486
271.049	-59.686
271.049	-59.746
271.069	-59.826
271.149	-60.186
POLYLINE BLACK
272.049	-57.326
272.049	-57.366
271.949	-57.506
POLYLINE BLACK
272.029	-57.486
271.849	-57.726
271.649	-57.866
271.469	-58.066
270.889	-58.666
POLYLINE BLACK
273.189	-56.366
273.209	-56.406
272.969	-56.626
272.909	-56.686
272.729	-56.866
272.629	-56.966
272.589	-57.026
272.549	-57.026
272.469	-57.106
272.389	-57.126
272.229	-57.246
272.169	-57.306
272.149	-57.366
POLYLINE BLACK
274.809	-56.526
274.889	-56.606
274.889	-56.826
274.789	-56.986
274.669	-57.186
274.529	-57.306
274.469	-57.366
274.429	-57.366
274.349	-57.446
274.309	-57.446
274.069	-57.646
274.009	-57.766
273.969	-58.046
273.969	-58.146
273.949	-58.226
273.929	-58.306
273.909	-58.406
273.889	-58.566
273.889	-58.626
273.869	-58.706
273.869	-58.826
273.849	-58.926
273.849	-59.106
273.829	-59.186
273.829	-59.786
273.809	-59.866
273.809	-60.646
273.829	-60.726
273.849	-60.966
273.869	-61.066
273.869	-61.186
273.849	-61.266
273.849	-61.346
273.829	-61.426
273.829	-61.506
273.789	-61.666
273.789	-61.726
273.849	-61.966
273.849	-62.026
273.869	-62.106
273.869	-62.186
273.889	-62.266
273.889	-62.486
273.829	-62.786
273.829	-62.986
273.849	-63.066
273.869	-63.146
POLYLINE BLACK
273.289	-56.326
273.369	-56.386
273.529	-56.406
273.629	-56.406
273.669	-56.386
273.749	-56.406
273.909	-56.386
274.209	-56.386
274.249	-56.406
274.289	-56.386
274.449	-56.446
274.529	-56.426
274.609	-56.466
274.649	-56.446
274.809	-56.506
274.869	-56.606
274.889	-56.646
POLYLINE CONNECT
272.669	-63.516
272.454	-51.493
POLYLINE BLACK
266.939	-51.186
266.969	-51.096
266.939	-50.976
266.939	-50.286
266.969	-50.166
266.969	-49.956
267.029	-49.836
267.029	-49.686
267.059	-49.566
267.059	-49.476
267.119	-49.296
266.969	-49.296
266.909	-49.266
266.759	-49.266
266.639	-49.296
266.519	-49.266
266.399	-49.296
266.309	-49.296
266.249	-49.326
265.979	-49.266
265.889	-49.296
265.769	-49.266
265.709	-49.296
POLYLINE BLACK
266.819	-49.476
266.759	-49.476
266.609	-49.416
266.189	-49.386
266.009	-49.326
265.589	-49.296
265.319	-49.206
265.319	-49.416
265.379	-49.956
265.379	-50.376
265.409	-50.526
265.379	-50.586
265.379	-51.276
POLYLINE BLACK
262.739	-43.236
263.069	-43.326
263.369	-43.356
263.759	-43.476
263.939	-43.476
263.999	-43.506
264.209	-43.476
264.419	-43.506
264.629	-43.506
264.749	-43.566
264.839	-43.536
264.899	-43.566
POLYLINE BLACK
263.909	-43.386
264.329	-43.506
264.869	-43.536
264.989	-43.566
265.139	-43.536
265.439	-43.566
265.559	-43.596
265.769	-43.596
266.279	-43.686
267.029	-43.836
267.389	-43.896
267.539	-43.896
267.749	-43.926
267.959	-43.926
268.109	-43.986
268.229	-43.956
268.409	-43.986
268.589	-43.986
268.709	-44.016
269.129	-44.016
269.279	-44.046
269.489	-44.016
269.639	-44.046
269.879	-44.076
270.029	-44.046
270.179	-44.106
270.239	-44.076
270.509	-44.136
270.809	-44.136
271.229	-44.226
271.499	-44.256
271.619	-44.286
271.709	-44.286
271.859	-44.316
272.099	-44.316
272.249	-44.346
272.339	-44.346
272.639	-44.436
272.699	-44.436
POLYLINE BLACK
266.099	-51.276
266.219	-51.306
266.549	-51.246
267.119	-51.246
267.269	-51.276
267.719	-51.366
267.839	-51.366
267.989	-51.456
268.169	-51.456
268.229	-51.486
268.259	-51.576
268.469	-51.696
268.769	-52.206
268.859	-52.476
268.859	-52.476
269.189	-52.896
269.519	-52.926
269.669	-52.956
270.059	-52.956
270.329	-53.016
270.389	-52.986
270.449	-53.046
270.509	-53.016
271.259	-53.166
271.379	-53.196
271.769	-53.196
271.829	-53.166
272.069	-53.226
272.159	-53.226
272.279	-53.196
272.339	-53.196
POLYLINE BLACK
262.559	-51.216
262.649	-51.306
263.039	-51.396
263.159	-51.456
263.279	-51.426
263.609	-51.426
264.059	-51.336
264.269	-51.366
264.509	-51.366
264.569	-51.396
264.689	-51.366
265.409	-51.366
265.529	-51.396
265.709	-51.336
266.099	-51.306
266.219	-51.276
266.339	-51.246
266.339	-51.246
266.369	-51.306
POLYLINE BLACK
257.729	-50.826
257.759	-50.886
257.879	-50.886
257.999	-50.916
258.149	-50.916
258.329	-50.976
258.509	-50.976
258.869	-51.096
259.229	-51.036
259.409	-51.096
259.619	-51.066
259.769	-51.096
259.889	-51.066
260.189	-51.156
260.339	-51.156
260.399	-51.126
260.579	-51.186
260.759	-51.186
260.879	-51.216
261.209	-51.216
261.359	-51.246
261.479	-51.246
261.569	-51.276
261.629	-51.246
261.869	-51.306
261.959	-51.306
262.139	-51.396
262.439	-51.396
262.589	-51.426
262.709	-51.396
POLYLINE BLACK
261.479	-45.216
261.869	-44.826
261.929	-44.826
261.989	-44.676
262.049	-44.616
262.109	-44.286
262.169	-44.016
262.319	-43.596
262.439	-43.326
262.619	-43.206
262.679	-43.206
POLYLINE BLACK
257.729	-49.326
257.909	-49.386
258.029	-49.386
258.089	-49.446
258.389	-49.416
258.449	-49.356
258.569	-49.356
258.689	-49.266
258.839	-49.296
258.959	-49.266
259.079	-49.266
259.379	-49.176
259.499	-49.146
259.859	-48.846
259.949	-48.576
259.949	-48.456
259.979	-48.396
259.919	-48.126
259.919	-48.006
259.889	-47.886
259.889	-47.586
259.799	-47.106
259.769	-47.046
259.769	-46.926
259.709	-46.566
259.709	-46.386
259.799	-45.996
259.859	-45.726
259.949	-45.486
260.219	-45.216
260.339	-45.186
260.549	-45.186
260.669	-45.156
260.789	-45.186
260.909	-45.216
261.029	-45.246
261.209	-45.276
261.269	-45.246
261.389	-45.276
261.509	-45.246
261.569	-45.276
261.719	-45.246
POLYLINE BLACK
253.859	-50.836
254.019	-50.816
254.159	-50.816
254.299	-50.776
254.399	-50.796
254.519	-50.796
254.619	-50.776
254.959	-50.816
255.179	-50.816
255.419	-50.836
255.519	-50.836
255.779	-50.896
255.879	-50.896
256.059	-50.916
256.099	-50.936
256.179	-50.936
256.219	-50.956
256.359	-50.936
256.459	-50.936
256.639	-50.956
256.719	-50.936
256.859	-50.936
256.999	-50.976
257.079	-50.936
257.119	-50.956
257.179	-50.936
257.219	-50.956
257.299	-50.936
257.399	-50.976
257.479	-50.956
257.599	-50.956
257.739	-50.996
257.859	-50.996
257.939	-51.016
POLYLINE GREEN
255.739	-48.376
255.699	-48.396
255.939	-48.376
256.059	-48.336
256.099	-48.356
256.139	-48.336
POLYLINE GREEN
256.899	-49.516
256.799	-49.496
256.759	-49.536
256.779	-49.456
256.959	-49.276
256.959	-49.196
256.899	-49.116
256.879	-49.016
256.799	-48.936
256.839	-48.816
256.899	-48.736
256.839	-48.596
POLYLINE GREEN
257.099	-48.576
257.059	-48.556
256.999	-48.576
256.919	-48.676
256.899	-48.776
256.959	-48.856
256.939	-48.936
256.899	-49.056
256.919	-49.136
256.939	-49.216
256.879	-49.396
256.859	-49.436
POLYLINE GREEN
256.759	-48.556
256.839	-48.596
257.079	-48.556
POLYLINE GREEN
256.119	-48.356
255.999	-48.516
256.019	-48.596
256.039	-48.676
256.019	-48.756
256.119	-48.896
256.119	-49.016
255.979	-49.196
POLYLINE GREEN
255.919	-48.336
256.199	-48.416
256.299	-48.396
POLYLINE GREEN
254.939	-48.236
254.919	-48.316
254.979	-48.416
255.039	-48.476
255.019	-48.556
254.899	-48.716
254.899	-48.776
254.999	-48.936
254.999	-49.056
254.979	-49.096
POLYLINE GREEN
254.719	-48.296
254.819	-48.276
254.879	-48.276
254.959	-48.256
255.099	-48.256
POLYLINE BLACK
257.259	-49.416
257.359	-49.436
257.439	-49.456
257.719	-49.456
257.759	-49.476
257.779	-49.436
POLYLINE BLACK
257.279	-49.376
257.199	-49.396
257.019	-49.376
256.699	-49.296
256.419	-49.176
256.279	-49.196
256.199	-49.176
256.119	-49.176
256.019	-49.196
255.879	-49.156
255.839	-49.176
255.659	-49.136
255.519	-49.136
255.319	-49.076
255.239	-49.056
255.019	-49.096
254.759	-49.036
254.719	-49.056
254.419	-48.996
254.339	-48.996
254.299	-48.976
254.099	-48.956
253.959	-48.936
POLYLINE BLACK
252.539	-50.676
252.659	-50.696
252.759	-50.656
252.879	-50.656
252.999	-50.696
253.079	-50.696
253.259	-50.796
253.359	-50.776
253.559	-50.856
253.639	-50.836
253.779	-50.856
253.899	-50.856
253.999	-50.836
254.119	-50.876
254.159	-50.876
POLYLINE BLACK
252.299	-47.536
252.419	-47.536
252.559	-47.516
252.739	-47.516
252.879	-47.476
252.959	-47.496
253.059	-47.496
253.379	-47.636
253.499	-47.796
253.579	-47.976
253.599	-48.056
253.619	-48.136
253.619	-48.356
253.599	-48.456
253.619	-48.536
253.619	-48.636
253.739	-48.836
253.819	-48.896
253.879	-48.896
253.959	-48.936
254.119	-48.916
POLYLINE BLACK
248.039	-50.776
248.179	-50.796
248.299	-50.756
248.619	-50.736
248.739	-50.736
249.139	-50.676
249.239	-50.656
249.399	-50.656
249.579	-50.676
249.779	-50.696
249.919	-50.676
249.959	-50.696
249.999	-50.676
250.139	-50.716
250.399	-50.716
250.639	-50.736
250.759	-50.736
251.039	-50.776
251.079	-50.756
251.179	-50.776
251.799	-50.776
251.939	-50.816
252.119	-50.776
252.219	-50.816
252.299	-50.796
252.419	-50.796
252.499	-50.776
252.579	-50.776
252.619	-50.756
252.659	-50.776
POLYLINE BLACK
248.419	-47.836
248.419	-47.736
248.399	-47.656
248.419	-47.576
248.459	-47.436
248.639	-47.356
248.719	-47.296
POLYLINE BLACK
248.419	-47.716
248.459	-48.016
248.459	-48.136
248.439	-48.236
248.439	-48.856
248.399	-49.036
248.379	-49.116
248.279	-49.216
POLYLINE BLACK
249.579	-47.436
249.439	-47.456
249.259	-47.476
249.179	-47.436
249.139	-47.476
249.099	-47.436
249.019	-47.416
248.939	-47.436
248.879	-47.436
248.799	-47.416
248.719	-47.456
248.599	-47.416
248.519	-47.456
POLYLINE BLACK
249.579	-47.496
249.679	-47.476
249.899	-47.476
249.979	-47.456
250.099	-47.456
250.199	-47.436
250.279	-47.456
250.319	-47.436
250.359	-47.456
250.459	-47.436
250.599	-47.456
250.799	-47.516
251.039	-47.516
251.139	-47.536
251.219	-47.536
251.259	-47.516
251.339	-47.536
251.459	-47.556
251.579	-47.536
251.759	-47.536
251.859	-47.556
252.019	-47.556
252.099	-47.576
252.279	-47.556
252.479	-47.556
POLYLINE BLACK
248.099	-54.376
POLYLINE BLACK
243.239	-50.436
243.379	-50.396
243.519	-50.396
243.619	-50.416
243.859	-50.416
243.999	-50.436
244.059	-50.436
244.159	-50.456
244.439	-50.496
244.539	-50.496
244.639	-50.516
244.719	-50.516
244.799	-50.536
244.939	-50.536
245.159	-50.576
245.399	-50.576
245.499	-50.596
245.579	-50.576
246.019	-50.576
246.059	-50.596
246.179	-50.596
246.319	-50.616
246.459	-50.636
246.699	-50.676
246.799	-50.696
246.859	-50.696
247.019	-50.736
247.059	-50.716
247.119	-50.736
247.159	-50.716
247.259	-50.736
247.339	-50.716
247.479	-50.756
247.619	-50.736
247.759	-50.756
247.879	-50.756
247.959	-50.776
248.019	-50.776
248.099	-50.756
248.179	-50.796
248.299	-50.756
248.339	-50.756
POLYLINE GREEN
248.059	-45.676
248.039	-45.736
248.039	-46.156
248.059	-46.276
248.059	-46.396
248.079	-46.536
248.099	-46.796
248.099	-46.856
248.119	-46.896
248.099	-46.936
POLYLINE GREEN
247.579	-45.076
247.639	-45.096
247.719	-45.236
248.079	-45.696
248.219	-45.456
248.319	-45.316
248.399	-45.236
248.439	-45.156
POLYLINE GREEN
248.499	-48.916
248.279	-49.056
POLYLINE GREEN
248.419	-48.516
248.319	-48.636
248.159	-48.836
POLYLINE GREEN
248.459	-48.196
248.099	-48.576
POLYLINE GREEN
248.439	-47.916
248.119	-48.336
POLYLINE GREEN
248.319	-47.716
248.079	-48.056
POLYLINE GREEN
248.359	-47.416
248.139	-47.696
248.059	-47.776
POLYLINE BLUE
248.179	-47.716
247.999	-47.496
247.999	-47.436
248.099	-47.216
248.099	-47.056
POLYLINE BLUE
248.239	-47.676
248.259	-47.716
248.119	-47.856
248.099	-47.936
248.199	-48.036
248.359	-48.156
248.379	-48.216
248.359	-48.256
248.299	-48.256
248.119	-48.456
248.139	-48.536
248.219	-48.676
248.299	-48.796
248.259	-48.816
248.219	-48.796
248.099	-48.876
247.959	-48.656
247.899	-48.556
247.899	-48.516
248.199	-48.856
248.239	-48.856
248.479	-48.496
POLYLINE BLUE
248.159	-47.516
248.179	-47.556
POLYLINE BLUE
248.219	-47.156
POLYLINE BLACK
245.699	-44.096
POLYLINE BLACK
247.439	-47.236
247.519	-47.216
247.619	-47.116
247.699	-47.096
247.819	-47.076
247.919	-47.176
247.959	-47.356
247.959	-47.496
247.979	-47.636
247.979	-47.976
247.999	-48.056
247.979	-48.136
247.979	-48.516
247.999	-48.596
247.999	-48.716
248.059	-48.936
248.079	-49.016
248.159	-49.136
248.239	-49.156
248.319	-49.176
POLYLINE BLACK
242.939	-46.536
243.019	-46.536
243.119	-46.516
243.279	-46.576
243.339	-46.556
243.419	-46.576
243.599	-46.596
243.679	-46.616
243.959	-46.676
243.999	-46.716
244.079	-46.716
244.179	-46.756
244.259	-46.816
244.359	-46.876
244.539	-46.896
244.619	-46.916
244.719	-46.916
244.799	-46.936
244.859	-46.936
245.079	-47.036
245.259	-47.076
245.359	-47.096
245.379	-47.136
245.539	-47.096
245.619	-47.116
245.619	-47.076
245.919	-47.216
246.039	-47.216
246.139	-47.236
246.219	-47.216
246.279	-47.216
246.359	-47.196
246.479	-47.216
246.519	-47.196
246.699	-47.236
246.919	-47.296
247.059	-47.296
247.099	-47.336
247.139	-47.316
247.179	-47.356
247.259	-47.356
247.339	-47.336
247.379	-47.356
247.519	-47.216
POLYLINE BLACK
244.079	-52.716
243.939	-52.916
243.919	-53.096
243.899	-53.276
243.859	-53.396
243.839	-53.476
243.719	-53.736
243.699	-53.916
243.679	-54.076
243.679	-54.136
243.639	-54.256
243.619	-54.356
243.559	-54.476
243.559	-54.536
243.539	-54.616
243.519	-54.796
243.519	-54.936
243.499	-55.036
243.499	-55.336
243.519	-55.416
243.519	-55.676
243.539	-55.756
243.519	-55.836
243.439	-55.956
243.439	-56.036
243.459	-56.116
243.459	-56.456
243.479	-56.536
243.479	-56.656
243.419	-56.796
243.379	-56.836
POLYLINE BLACK
244.159	-52.696
244.219	-52.756
244.359	-52.896
244.499	-53.196
244.539	-53.416
244.539	-53.476
244.559	-53.556
244.579	-53.716
244.639	-54.056
244.639	-54.176
244.659	-54.276
244.679	-54.356
POLYLINE BLACK
244.639	-54.276
244.699	-54.396
POLYLINE BLACK
244.359	-56.756
244.359	-56.516
244.319	-56.336
244.219	-56.136
244.199	-55.976
244.419	-55.776
244.539	-55.696
244.599	-55.576
244.599	-55.376
244.659	-55.296
244.659	-55.136
244.639	-55.036
244.639	-54.916
244.619	-54.876
244.639	-54.796
244.639	-54.636
244.659	-54.556
244.659	-54.476
244.679	-54.396
POLYLINE BLACK
243.359	-56.776
243.399	-56.756
243.659	-56.816
243.839	-56.816
243.879	-56.796
243.959	-56.816
244.039	-56.796
244.079	-56.816
244.179	-56.796
244.359	-56.796
244.439	-56.776
244.479	-56.776
POLYLINE CONNECT
243.549	-55.626
243.381	-49.345
POLYLINE BLACK
239.769	-50.436
239.979	-50.496
240.549	-50.496
240.609	-50.466
240.789	-50.526
240.849	-50.496
240.999	-50.526
241.119	-50.496
241.389	-50.436
241.509	-50.466
241.629	-50.436
241.869	-50.526
242.079	-50.526
242.199	-50.556
242.319	-50.556
242.439	-50.526
242.559	-50.526
242.619	-50.496
242.679	-50.526
242.799	-50.496
242.859	-50.526
243.069	-50.466
243.189	-50.466
243.249	-50.496
POLYLINE BLACK
239.679	-46.506
239.829	-46.536
239.949	-46.566
240.069	-46.536
240.189	-46.506
240.249	-46.476
240.549	-46.476
240.759	-46.416
240.879	-46.416
240.969	-46.446
241.029	-46.416
241.209	-46.476
241.359	-46.476
241.479	-46.506
241.659	-46.476
242.139	-46.476
242.259	-46.446
242.379	-46.506
242.499	-46.476
242.649	-46.476
242.709	-46.446
242.769	-46.476
POLYLINE GREEN
239.289	-47.226
239.559	-47.316
239.679	-47.256
239.499	-47.286
239.199	-47.256
239.079	-47.256
POLYLINE GREEN
239.439	-47.316
239.349	-47.496
239.349	-47.556
239.649	-47.736
239.679	-47.856
239.559	-48.036
239.499	-48.096
239.709	-48.426
239.559	-48.726
239.439	-48.846
239.469	-48.966
POLYLINE GREEN
239.529	-47.346
POLYLINE GREEN
241.119	-48.156
241.089	-48.216
241.089	-48.426
241.059	-48.696
241.059	-48.846
241.029	-49.026
241.029	-49.086
POLYLINE GREEN
240.969	-47.616
241.059	-48.036
241.089	-48.096
241.149	-48.096
241.479	-47.496
POLYLINE GREEN
240.369	-47.586
240.339	-47.856
240.369	-47.916
240.369	-48.696
POLYLINE GREEN
240.099	-46.986
240.189	-47.106
240.429	-47.646
240.519	-47.616
240.849	-47.196
240.879	-47.106
POLYLINE BLACK
234.939	-49.866
234.939	-49.926
235.029	-49.866
235.089	-49.866
235.329	-49.956
235.479	-49.956
235.539	-49.926
235.929	-49.926
236.379	-49.986
236.559	-50.076
236.949	-50.166
237.219	-50.226
237.669	-50.226
237.849	-50.256
238.119	-50.256
238.389	-50.286
238.509	-50.316
238.569	-50.286
238.719	-50.316
238.989	-50.316
239.349	-50.406
239.409	-50.466
239.529	-50.466
239.649	-50.496
239.919	-50.556
240.039	-50.526
POLYLINE BLACK
235.149	-46.086
235.449	-46.116
235.719	-46.116
235.839	-46.146
235.989	-46.146
236.109	-46.116
236.259	-46.146
236.379	-46.146
236.859	-46.236
236.979	-46.236
237.309	-46.356
237.429	-46.386
238.029	-46.506
238.149	-46.446
238.269	-46.476
238.419	-46.446
238.539	-46.446
238.749	-46.416
238.869	-46.416
239.019	-46.476
239.259	-46.686
239.439	-46.746
239.619	-46.656
239.709	-46.656
239.829	-46.596
POLYLINE BLACK
234.459	-57.306
234.519	-57.336
234.759	-57.246
234.909	-57.246
234.969	-57.216
235.119	-57.246
235.599	-57.246
235.659	-57.216
235.779	-57.246
235.539	-57.336
235.419	-57.336
235.359	-57.306
235.239	-57.336
234.969	-57.336
234.909	-57.366
234.729	-57.306
234.609	-57.306
234.549	-57.276
234.549	-57.276
234.819	-57.276
235.059	-57.216
235.179	-57.246
235.419	-57.246
235.479	-57.276
235.539	-57.216
235.419	-57.216
235.269	-57.246
235.119	-57.216
235.059	-57.246
234.879	-57.246
234.789	-57.216
234.729	-57.246
234.609	-57.216
234.219	-57.216
POLYLINE BLACK
235.599	-57.336
235.479	-57.366
235.359	-57.366
235.239	-57.306
235.179	-57.336
234.939	-57.276
234.819	-57.276
234.699	-57.246
234.579	-57.246
234.459	-57.216
234.399	-57.066
234.519	-56.706
234.579	-56.646
234.639	-56.346
234.699	-56.076
234.699	-55.956
234.729	-55.836
234.699	-55.686
234.819	-55.386
234.789	-55.326
234.819	-55.116
234.819	-55.026
234.849	-54.906
234.849	-54.756
234.909	-54.516
234.909	-54.396
235.029	-53.916
235.149	-53.736
235.569	-53.256
235.689	-53.226
235.719	-53.166
235.779	-53.166
235.869	-53.286
235.929	-53.286
236.019	-53.406
236.049	-53.526
236.079	-53.736
236.079	-53.946
236.049	-54.066
236.019	-54.306
235.989	-54.486
235.839	-54.666
235.749	-54.786
235.719	-54.936
235.599	-55.116
235.569	-55.266
235.479	-55.476
235.479	-55.566
235.689	-55.866
235.719	-55.986
235.689	-56.046
235.719	-56.166
235.719	-56.286
235.539	-56.736
235.509	-56.856
235.479	-56.976
235.749	-57.276
235.719	-57.396
235.659	-57.366
235.539	-57.396
235.479	-57.366
POLYLINE CONNECT
234.879	-56.016
235.151	-48.676
POLYLINE BLACK
224.499	-49.896
224.289	-49.836
224.139	-49.836
223.989	-49.806
223.929	-49.836
223.809	-49.806
223.719	-49.836
223.659	-49.806
223.539	-49.836
223.299	-49.776
222.969	-49.716
222.639	-49.656
222.519	-49.626
POLYLINE BLACK
226.899	-49.896
226.749	-49.836
226.599	-49.866
226.479	-49.866
226.419	-49.896
226.329	-49.866
226.059	-49.896
225.939	-49.866
225.369	-49.866
225.309	-49.836
225.189	-49.866
225.099	-49.866
225.039	-49.896
224.769	-49.836
224.649	-49.836
224.499	-49.806
224.319	-49.836
224.259	-49.776
224.079	-49.776
POLYLINE BLACK
235.149	-50.016
234.699	-49.986
234.219	-49.986
234.099	-50.016
233.979	-49.986
233.889	-49.986
233.829	-50.016
POLYLINE BLACK
234.009	-50.046
234.339	-50.076
234.489	-50.046
234.549	-50.046
POLYLINE BLACK
234.339	-50.106
234.219	-50.136
233.679	-50.136
233.619	-50.106
233.259	-50.106
233.079	-50.046
232.959	-50.076
232.839	-50.046
232.779	-50.076
232.389	-50.016
232.329	-49.986
232.239	-50.016
231.939	-49.956
231.849	-49.956
231.789	-49.986
231.429	-49.896
231.369	-49.926
231.249	-49.896
231.129	-49.926
230.949	-49.866
230.829	-49.896
230.379	-49.896
230.319	-49.866
230.169	-49.896
229.629	-49.956
229.419	-49.956
229.299	-49.986
229.029	-49.956
228.969	-49.986
228.819	-49.956
228.309	-49.956
228.159	-49.986
228.069	-49.986
227.949	-49.956
227.739	-49.956
227.619	-49.926
227.409	-49.956
227.259	-49.926
227.079	-49.956
226.959	-49.926
226.839	-49.926
226.509	-49.836
POLYLINE BLACK
226.899	-47.256
226.989	-47.346
227.079	-47.346
227.199	-47.256
227.469	-47.196
227.649	-47.106
227.709	-47.106
227.739	-47.046
227.799	-47.046
227.949	-46.806
227.979	-46.596
228.069	-46.476
228.129	-46.476
228.219	-46.326
228.549	-46.056
228.639	-45.966
228.999	-45.786
229.149	-45.786
229.239	-45.696
229.629	-45.696
229.749	-45.666
229.809	-45.666
229.929	-45.576
229.989	-45.606
230.109	-45.576
230.349	-45.606
230.619	-45.636
230.889	-45.576
231.159	-45.576
231.279	-45.606
231.519	-45.636
231.909	-45.726
232.059	-45.696
232.179	-45.666
232.329	-45.636
232.449	-45.636
232.569	-45.606
232.779	-45.606
233.049	-45.696
233.229	-45.696
233.349	-45.636
233.469	-45.666
233.649	-45.666
233.979	-45.756
234.069	-45.756
234.189	-45.786
234.309	-45.816
234.459	-45.876
234.519	-45.936
234.639	-45.966
234.819	-46.056
234.939	-46.086
235.059	-46.176
235.329	-46.236
235.389	-46.206
