TRIP
DATE 2013-02-24 
DECLINATION     0.00
DATA
2.5	3.0	0.00	0.00	0.000	>
3.0	3.1	131.62	-13.24	1.428	>
3.1		311.08	12.81	1.420	>
3.1		327.35	-0.59	0.578	>
3.1		171.11	-6.39	0.944	>
3.1		258.58	-34.15	0.501	>
3.1	3.2	73.28	-51.62	3.887	>
3.2		252.78	52.01	3.907	>
3.2		252.70	-4.02	0.913	>
3.2		250.35	-35.22	0.805	>
3.2		239.99	47.81	2.435	>
3.2	3.3	170.73	19.68	4.501	>
3.3		350.51	-20.38	4.456	>
3.3		71.37	-4.26	0.458	>
3.3		251.61	-13.20	0.394	>
3.3		358.11	82.06	1.536	>
3.3		170.32	-79.41	0.938	>
3.3		220.42	-6.57	0.446	>
3.3	3.4	246.47	-14.14	1.106	>
3.4		212.12	-85.70	0.678	>
3.4		4.71	4.29	0.281	>
3.4		345.91	65.79	0.601	>
3.4		294.88	-9.50	2.837	>
3.2	3.5	323.66	2.34	4.913	>
3.5		143.73	-2.57	4.912	>
3.5		236.16	-6.87	0.736	>
3.5		46.80	-82.61	0.874	>
3.5		227.30	67.16	1.683	>
3.5		103.39	-8.80	1.027	>
3.5		148.83	-2.52	2.179	>
3.5	3.6	279.34	-25.23	5.051	>
3.6		99.27	25.32	5.049	>
3.6		34.76	1.48	0.581	>
3.6		111.16	-85.07	1.159	>
3.6		16.24	74.63	2.833	>
3.6		99.05	2.64	2.604	>
3.6		105.09	4.91	2.791	>
3.6	3.7	336.37	-13.86	5.015	>
3.7		156.87	13.29	5.003	>
3.7		231.78	-3.09	0.408	>
3.7		254.43	80.33	3.726	>
3.7		182.05	-84.00	0.536	>
3.7		328.46	-82.67	2.547	>
3.7	3.8	303.09	-33.11	3.191	>
3.8		123.02	33.06	3.212	>
3.8		23.03	-5.61	0.532	>
3.8		353.37	80.60	4.455	>
3.8		224.42	-78.95	1.446	>
3.8		72.08	1.35	1.872	>
3.8	3.9	295.69	-12.14	6.707	>
3.9		115.54	11.83	6.724	>
3.9		196.48	2.13	0.565	>
3.9		244.89	81.26	1.163	>
3.9		201.59	-76.54	1.086	>
3.9		117.59	-4.92	3.555	>
3.9	3.10	265.98	2.37	1.113	>
3.10		86.86	-3.66	1.097	>
3.10		26.28	1.64	0.454	>
3.10		88.15	-83.87	1.162	>
3.10		104.04	84.37	0.841	>
3.10	3.11	323.22	3.80	4.302	>
3.11		143.47	-4.53	4.283	>
3.11		212.82	2.63	0.567	>
3.11		238.07	81.23	2.072	>
3.11		204.15	-67.89	1.721	>
3.11	3.12	275.98	-17.29	3.277	>
3.12		96.35	17.39	3.279	>
3.12		17.78	-0.98	0.524	>
3.12		128.33	-86.10	0.806	>
3.12		345.89	78.34	1.786	>
3.12	3.13	298.00	-3.29	4.675	>
3.13		118.40	3.00	4.681	>
3.13		34.61	-3.70	0.573	>
3.13		16.56	84.20	0.382	>
3.13		158.20	-86.12	0.716	>
3.13		321.70	70.91	2.724	>

PLAN
STATIONS
-12.604	18.999	3.0
-11.565	18.076	3.1
-9.254	18.770	3.2
-8.571	14.587	3.3
-9.554	14.159	3.4
-12.163	22.724	3.5
-16.672	23.466	3.6
-18.624	27.927	3.7
-20.863	29.386	3.8
-26.772	32.229	3.9
-27.881	32.151	3.10
-30.451	35.589	3.11
-33.563	35.915	3.12
-37.684	38.106	3.13
-35.727	40.293	3.13
-28.607	38.613	3.11
-20.102	33.021	3.8
-12.354	27.069	3.6
-7.744	23.679	3.5
SHOTS
-33.563	35.915	-37.684	38.106
-37.684	38.106	-33.572	35.883
-37.684	38.106	-37.359	38.577
-37.684	38.106	-37.673	38.143
-37.684	38.106	-37.666	38.061
-37.684	38.106	-38.236	38.805
-30.451	35.589	-33.563	35.915
-33.563	35.915	-30.453	35.569
-33.563	35.915	-33.403	36.414
-33.563	35.915	-33.520	35.881
-33.563	35.915	-33.651	36.265
-27.881	32.151	-30.451	35.589
-30.451	35.589	-27.909	32.158
-30.451	35.589	-30.758	35.113
-30.451	35.589	-30.719	35.422
-30.451	35.589	-30.716	34.998
-26.772	32.229	-27.881	32.151
-27.881	32.151	-26.788	32.211
-27.881	32.151	-27.680	32.558
-27.881	32.151	-27.757	32.155
-27.881	32.151	-27.801	32.131
-20.863	29.386	-26.772	32.229
-26.772	32.229	-20.834	29.391
-26.772	32.229	-26.932	31.688
-26.772	32.229	-26.932	32.154
-26.772	32.229	-26.865	31.994
-26.772	32.229	-23.633	30.589
-18.624	27.927	-20.863	29.386
-20.863	29.386	-18.606	27.919
-20.863	29.386	-20.656	29.873
-20.863	29.386	-20.947	30.109
-20.863	29.386	-21.057	29.188
-20.863	29.386	-19.082	29.962
-16.672	23.466	-18.624	27.927
-18.624	27.927	-16.711	23.449
-18.624	27.927	-18.944	27.675
-18.624	27.927	-19.227	27.759
-18.624	27.927	-18.626	27.871
-18.624	27.927	-18.794	28.204
-12.163	22.724	-16.672	23.466
-16.672	23.466	-12.168	22.731
-16.672	23.466	-16.341	23.943
-16.672	23.466	-16.579	23.430
-16.672	23.466	-16.462	24.187
-16.672	23.466	-14.103	23.057
-16.672	23.466	-13.987	22.742
-9.254	18.770	-12.163	22.724
-12.163	22.724	-9.260	18.768
-12.163	22.724	-12.770	22.317
-12.163	22.724	-12.081	22.801
-12.163	22.724	-12.643	22.281
-12.163	22.724	-11.176	22.489
-12.163	22.724	-11.036	20.861
-8.571	14.587	-9.554	14.159
-9.554	14.159	-9.581	14.116
-9.554	14.159	-9.531	14.438
-9.554	14.159	-9.614	14.398
-9.554	14.159	-12.092	15.336
-9.254	18.770	-8.571	14.587
-8.571	14.587	-9.260	18.707
-8.571	14.587	-8.138	14.733
-8.571	14.587	-8.935	14.466
-8.571	14.587	-8.578	14.799
-8.571	14.587	-8.542	14.417
-8.571	14.587	-8.858	14.250
-11.565	18.076	-9.254	18.770
-9.254	18.770	-11.551	18.058
-9.254	18.770	-10.124	18.499
-9.254	18.770	-9.873	18.549
-9.254	18.770	-10.670	17.952
-12.604	18.999	-11.565	18.076
-11.565	18.076	-12.609	18.986
-11.565	18.076	-11.877	18.563
-11.565	18.076	-11.420	17.149
-11.565	18.076	-11.971	17.994
-12.604	18.999	-12.604	18.999
-35.727	40.293	-35.755	40.538	
-35.727	40.293	-35.159	40.256	
-35.727	40.293	-35.689	40.673	
-35.727	40.293	-35.758	39.579	
-35.727	40.293	-35.370	42.867	
-28.607	38.613	-30.340	38.275	
-28.607	38.613	-29.172	38.639	
-28.607	38.613	-28.885	40.661	
-28.607	38.613	-29.252	37.019	
-20.102	33.021	-20.271	34.773	
-20.102	33.021	-19.576	32.969	
-20.102	33.021	-19.514	37.416	
-20.102	33.021	-20.370	31.602	
-20.102	33.021	-18.725	33.065	
-12.354	27.069	-10.179	29.228	
-12.354	27.069	-11.774	27.084	
-12.354	27.069	-12.326	25.914	
-12.354	27.069	-11.655	29.801	
-12.354	27.069	-11.106	27.189	
-12.354	27.069	-11.283	27.308	
-7.744	23.679	-7.753	23.459	
-7.744	23.679	-8.474	23.591	
-7.744	23.679	-7.633	22.812	
-7.744	23.679	-8.393	25.230	
-7.744	23.679	-7.088	23.522	
-7.744	23.679	-7.942	23.583	
POLYLINE BLACK
-35.696	40.998
-35.703	41.012
-35.696	41.040
-35.696	41.180
-35.689	41.194
-35.689	41.229
-35.675	41.271
-35.675	41.292
-35.668	41.320
-35.668	41.390
-35.675	41.418
-35.675	41.467
-35.668	41.495
-35.668	41.516
-35.661	41.544
-35.654	41.593
-35.647	41.621
-35.647	41.642
-35.633	41.698
-35.633	41.775
-35.640	41.803
-35.640	41.866
-35.619	41.922
-35.619	41.936
-35.570	42.020
-35.570	42.048
-35.556	42.111
-35.556	42.125
-35.542	42.167
-35.542	42.237
-35.535	42.251
-35.535	42.335
-35.528	42.370
-35.528	42.398
-35.535	42.433
-35.535	42.503
-35.528	42.538
-35.528	42.573
-35.521	42.601
-35.521	42.629
-35.514	42.643
-35.514	42.664
-35.507	42.692
-35.507	42.706
-35.486	42.734
-35.486	42.762
-35.500	42.825
-35.493	42.853
-35.437	42.902
-35.423	42.902
-35.395	42.909
-35.381	42.909
-35.367	42.902
-35.353	42.909
-35.339	42.902
-35.325	42.909
-35.311	42.895
-35.304	42.909
-35.276	42.888
-35.262	42.888
-35.248	42.881
-35.213	42.825
-35.206	42.762
-35.206	42.748
-35.213	42.720
-35.213	42.692
-35.227	42.643
-35.227	42.615
-35.234	42.587
-35.234	42.426
-35.227	42.412
-35.227	42.321
-35.220	42.286
-35.227	42.258
-35.227	42.160
-35.220	42.132
-35.213	42.069
-35.220	41.985
-35.227	41.957
-35.227	41.922
-35.234	41.894
-35.234	41.817
-35.227	41.789
-35.227	41.642
-35.234	41.628
-35.234	41.607
-35.262	41.551
-35.262	41.537
-35.269	41.523
-35.262	41.488
-35.262	41.369
-35.234	41.299
-35.227	41.271
-35.227	41.250
-35.213	41.201
-35.213	41.187
-35.206	41.159
-35.206	41.033
-35.199	41.005
-35.199	40.865
-35.220	40.781
-35.220	40.746
-35.213	40.718
-35.213	40.676
-35.206	40.648
-35.206	40.613
POLYLINE BLACK
-35.717	40.708
-35.717	40.708
-35.707	40.738
-35.707	40.778
-35.702	40.798
-35.702	40.838
-35.707	40.858
-35.707	40.913
-35.717	40.953
-35.717	40.998
-35.717	40.998
-35.712	40.933
-35.712	40.918
-35.707	40.888
-35.707	40.793
-35.722	40.733
-35.722	40.653
-35.727	40.643
POLYLINE BLACK
-35.182	40.273
-35.182	40.283
-35.192	40.313
-35.192	40.328
-35.197	40.348
-35.197	40.393
-35.192	40.413
-35.192	40.443
-35.202	40.473
-35.202	40.488
-35.212	40.513
-35.212	40.608
-35.232	40.638
-35.262	40.658
-35.272	40.668
-35.312	40.668
-35.337	40.663
-35.357	40.663
-35.367	40.658
-35.377	40.663
-35.387	40.658
-35.402	40.658
-35.422	40.668
-35.462	40.668
-35.472	40.673
-35.492	40.668
-35.517	40.668
-35.527	40.663
-35.537	40.673
-35.547	40.668
-35.557	40.678
-35.567	40.673
-35.587	40.683
-35.597	40.683
-35.617	40.678
-35.662	40.678
-35.672	40.683
-35.692	40.678
-35.702	40.678
-35.712	40.683
POLYLINE BLACK
-35.767	39.618
-35.767	39.608
-35.792	39.638
-35.807	39.668
-35.807	39.713
-35.802	39.723
-35.802	39.738
-35.792	39.758
-35.792	39.778
-35.787	39.798
-35.787	39.813
-35.782	39.833
-35.782	39.853
-35.787	39.873
-35.787	39.898
-35.792	39.918
-35.787	39.938
-35.787	40.008
-35.802	40.038
-35.802	40.048
-35.817	40.078
-35.817	40.103
-35.812	40.123
-35.812	40.133
-35.807	40.153
-35.807	40.163
-35.792	40.193
-35.792	40.203
-35.777	40.223
-35.777	40.223
-35.777	40.223
-35.777	40.233
-35.767	40.243
-35.757	40.243
-35.747	40.273
-35.747	40.288
-35.742	40.308
-35.747	40.328
-35.747	40.358
-35.757	40.398
-35.757	40.453
-35.747	40.498
-35.747	40.528
-35.737	40.568
-35.737	40.588
-35.727	40.628
-35.732	40.648
-35.732	40.658
-35.722	40.678
-35.702	40.678
-35.692	40.673
POLYLINE BLACK
-35.337	39.598
-35.317	39.593
-35.302	39.593
-35.282	39.583
-35.262	39.593
-35.242	39.593
-35.222	39.598
-35.212	39.598
-35.207	39.608
-35.187	39.623
-35.167	39.653
-35.167	39.703
-35.177	39.713
-35.177	39.723
-35.192	39.743
-35.192	39.753
-35.207	39.793
-35.227	39.828
-35.227	39.838
-35.237	39.878
-35.237	39.888
-35.242	39.908
-35.242	39.918
-35.247	39.938
-35.247	39.968
-35.232	39.998
-35.197	40.038
-35.187	40.063
-35.187	40.073
-35.177	40.113
-35.177	40.163
-35.172	40.183
-35.172	40.203
-35.167	40.213
-35.167	40.268
POLYLINE BLACK
-35.752	39.608
-35.722	39.598
-35.707	39.598
-35.687	39.603
-35.667	39.598
-35.657	39.598
-35.647	39.593
-35.612	39.593
-35.587	39.583
-35.557	39.583
-35.547	39.578
-35.492	39.578
-35.482	39.573
-35.442	39.583
-35.417	39.583
-35.387	39.603
-35.317	39.603
-35.307	39.608
POLYLINE CONNECT
-35.727	40.293
-37.684	38.106
POLYLINE BLACK
-33.727	36.093
-33.747	36.093
-33.777	36.133
-33.757	36.173
-33.707	36.193
-33.677	36.193
-33.647	36.133
-33.657	36.113
-33.757	36.103
POLYLINE BLACK
-33.277	36.443
-33.447	36.533
-33.507	36.583
-33.667	36.683
-33.707	36.703
POLYLINE BLACK
-33.717	36.443
-33.767	36.493
-33.747	36.533
-33.707	36.523
-33.657	36.473
-33.667	36.433
-33.717	36.433
-33.737	36.443
-33.777	36.433
POLYLINE BLACK
-34.367	36.413
-34.387	36.393
-34.417	36.433
-34.427	36.483
-34.397	36.513
-34.377	36.523
-34.327	36.473
-34.317	36.433
-34.327	36.413
-34.387	36.413
POLYLINE BLACK
-34.937	36.803
-34.957	36.803
-34.997	36.863
-34.977	36.903
-34.957	36.913
-34.907	36.863
-34.907	36.823
-34.917	36.803
-34.997	36.803
POLYLINE BLACK
-35.717	37.023
-35.747	37.083
-35.747	37.123
-35.727	37.143
-35.707	37.143
-35.677	37.103
-35.677	37.083
-35.717	37.053
-35.737	37.053
POLYLINE BLACK
-36.167	37.683
-36.187	37.663
-36.217	37.693
-36.217	37.723
-36.157	37.733
-36.127	37.693
-36.137	37.653
-36.177	37.663
POLYLINE BLACK
-36.807	37.673
-36.807	37.653
-36.837	37.693
-36.847	37.753
-36.797	37.803
-36.777	37.803
-36.747	37.763
-36.757	37.723
-36.767	37.703
-36.787	37.713
-36.807	37.703
POLYLINE BLACK
-37.047	38.093
-37.077	38.133
-37.077	38.153
-37.057	38.183
-36.997	38.183
-36.977	38.143
-37.007	38.113
-37.027	38.113
POLYLINE BLACK
-37.417	38.203
-37.457	38.213
-37.467	38.233
-37.457	38.283
-37.437	38.283
-37.417	38.263
-37.417	38.223
-37.427	38.203
-37.467	38.223
POLYLINE BLACK
-33.387	36.573
-33.417	36.573
-33.587	36.673
-33.677	36.703
-33.847	36.773
-33.887	36.783
-33.977	36.813
-34.037	36.813
-34.067	36.833
-34.107	36.833
-34.167	36.863
-34.237	36.863
-34.347	36.893
-34.387	36.903
-34.427	36.913
-34.457	36.913
-34.477	36.933
-34.517	36.943
-34.537	36.933
-34.647	36.963
-34.687	36.973
-34.787	36.993
-34.897	37.033
-34.937	37.043
-35.157	37.173
-35.207	37.183
-35.427	37.373
-35.517	37.463
-35.807	37.703
-35.857	37.723
-35.917	37.773
-36.047	37.813
-36.067	37.833
-36.087	37.833
-36.137	37.863
-36.177	37.873
-36.367	37.973
-36.447	37.983
-36.627	38.063
-36.667	38.063
-36.837	38.183
-37.027	38.333
-37.077	38.363
-37.167	38.423
-37.237	38.493
-37.257	38.493
-37.307	38.563
-37.327	38.553
-37.387	38.633
POLYLINE BLACK
-33.597	35.953
-33.577	35.933
-33.617	35.923
-33.697	35.933
-33.737	35.943
-33.797	35.983
-33.837	35.993
-33.897	36.013
-33.937	36.013
-34.027	36.053
-34.067	36.063
-34.127	36.103
-34.167	36.113
-34.237	36.153
-34.277	36.153
-34.487	36.283
-34.527	36.313
-34.567	36.323
-34.637	36.353
-34.657	36.363
-34.677	36.353
-34.707	36.393
-34.747	36.393
-34.787	36.403
-34.827	36.413
-34.867	36.403
-34.947	36.413
-35.047	36.433
-35.087	36.453
-35.117	36.453
-35.267	36.513
-35.307	36.523
-35.397	36.553
-35.447	36.583
-35.527	36.633
-35.567	36.663
-35.607	36.673
-35.807	36.863
-35.857	36.913
-35.897	36.953
-35.937	36.983
-35.967	37.033
-35.987	37.033
-36.027	37.093
-36.117	37.163
-36.157	37.173
-36.277	37.253
-36.317	37.263
-36.447	37.343
-36.487	37.353
-36.527	37.383
-36.667	37.453
-36.707	37.453
-36.747	37.473
-36.807	37.483
-36.957	37.533
-36.987	37.533
-37.077	37.573
-37.127	37.613
-37.217	37.653
-37.267	37.683
-37.287	37.683
-37.377	37.783
-37.447	37.893
-37.527	37.993
-37.587	38.033
-37.667	38.133
-37.667	38.113
-37.637	38.093
POLYLINE BLACK
-30.867	35.553
-30.907	35.593
-30.917	35.653
-30.877	35.683
-30.827	35.673
-30.797	35.613
-30.817	35.573
-30.877	35.573
POLYLINE BLACK
-31.287	35.433
-31.307	35.413
-31.337	35.443
-31.337	35.483
-31.307	35.513
-31.267	35.523
-31.247	35.523
-31.217	35.483
-31.217	35.463
-31.257	35.433
-31.297	35.433
POLYLINE BLACK
-31.757	35.823
-31.777	35.843
-31.777	35.863
-31.737	35.903
-31.697	35.913
-31.647	35.863
-31.647	35.823
-31.687	35.813
-31.727	35.813
-31.747	35.803
-31.767	35.813
-31.797	35.803
POLYLINE BLACK
-32.617	35.773
-32.657	35.783
-32.667	35.823
-32.647	35.863
-32.607	35.873
-32.557	35.823
-32.547	35.803
-32.587	35.773
-32.607	35.773
-32.647	35.743
POLYLINE BLACK
-33.257	36.043
-33.277	36.043
-33.297	36.103
-33.267	36.173
-33.227	36.163
-33.197	36.123
-33.197	36.083
-33.217	36.043
-33.257	36.033
-33.307	36.013
POLYLINE BLACK
-33.367	36.493
-33.367	36.473
-33.347	36.483
-33.127	36.343
-33.097	36.343
-33.017	36.293
-32.997	36.273
-32.957	36.273
-32.907	36.253
-32.827	36.193
-32.777	36.183
-32.717	36.163
-32.697	36.143
-32.657	36.143
-32.597	36.123
-32.487	36.103
-32.437	36.103
-32.397	36.093
-32.357	36.103
-32.277	36.113
-32.247	36.113
-32.227	36.103
-32.187	36.123
-32.147	36.113
-32.107	36.103
-32.067	36.093
-31.987	36.093
-31.937	36.073
-31.897	36.083
-31.857	36.083
-31.767	36.043
-31.727	36.053
-31.617	36.013
-31.577	36.003
-31.537	35.993
-31.437	35.973
-31.317	35.933
-31.227	35.923
-31.207	35.923
-31.127	35.873
-31.077	35.873
-30.947	35.803
-30.907	35.793
-30.717	35.723
-30.657	35.693
-30.617	35.683
-30.557	35.653
-30.537	35.653
-30.477	35.613
POLYLINE BLACK
-30.697	35.143
-30.757	35.143
-30.797	35.173
-30.837	35.183
-31.007	35.263
-31.047	35.273
-31.127	35.303
-31.197	35.303
-31.257	35.323
-31.277	35.313
-31.297	35.333
-31.317	35.323
-31.377	35.353
-31.437	35.353
-31.457	35.373
-31.497	35.383
-31.577	35.423
-31.617	35.433
-31.757	35.493
-31.797	35.493
-31.887	35.533
-31.937	35.543
-32.047	35.593
-32.257	35.633
-32.347	35.633
-32.387	35.643
-32.427	35.643
-32.537	35.673
-32.607	35.673
-32.627	35.683
-32.697	35.673
-32.737	35.683
-32.767	35.683
-32.787	35.693
-32.827	35.683
-32.877	35.693
-32.897	35.683
-32.957	35.703
-32.997	35.693
-33.037	35.703
-33.127	35.723
-33.147	35.713
-33.187	35.743
-33.207	35.733
-33.247	35.763
-33.267	35.763
-33.287	35.783
-33.327	35.783
-33.497	35.863
-33.517	35.863
-33.537	35.883
-33.587	35.893
-33.607	35.913
-33.627	35.913
POLYLINE BLACK
-29.177	38.713
-29.167	38.683
-29.157	38.733
-29.157	38.853
-29.147	38.893
-29.117	39.023
-29.067	39.133
-29.047	39.213
-29.027	39.303
-29.017	39.393
-29.007	39.433
-29.007	39.483
-28.977	39.563
-28.977	39.613
-28.957	39.673
-28.957	39.823
-28.947	39.863
-28.957	39.903
-28.957	39.963
-28.967	40.003
-28.967	40.063
-28.977	40.133
-28.977	40.173
-28.987	40.223
-29.017	40.353
-29.057	40.433
-29.067	40.473
-29.097	40.553
-29.097	40.613
-29.037	40.653
-29.017	40.653
-28.997	40.673
-28.917	40.683
-28.877	40.673
-28.817	40.643
-28.777	40.573
-28.767	40.533
-28.737	40.383
-28.717	40.303
-28.707	40.263
-28.687	40.243
-28.677	40.193
-28.647	40.153
-28.617	40.003
-28.597	39.893
-28.597	39.833
-28.587	39.763
-28.587	39.653
-28.577	39.613
-28.577	39.283
-28.567	39.243
-28.567	39.203
-28.577	39.163
-28.577	39.023
-28.567	38.973
-28.567	38.903
-28.587	38.833
-28.607	38.733
-28.607	38.653
-28.597	38.613
POLYLINE BLACK
-29.157	38.713
POLYLINE BLACK
-29.267	37.113
-29.287	37.123
-29.297	37.163
-29.327	37.243
-29.327	37.293
-29.337	37.333
-29.337	37.383
-29.297	37.533
-29.267	37.633
-29.267	37.663
-29.247	37.743
-29.247	37.773
-29.227	37.853
-29.227	37.883
-29.187	38.003
-29.177	38.053
-29.157	38.113
-29.147	38.193
-29.157	38.233
-29.157	38.573
-29.167	38.643
-29.167	38.683
POLYLINE BLACK
-29.277	37.103
-29.267	37.063
-29.207	37.043
-29.167	37.053
-29.107	37.033
-29.067	37.043
-29.027	37.023
-29.007	37.033
-28.917	36.993
-28.837	37.013
-28.797	37.013
-28.757	37.023
-28.677	37.043
-28.667	37.063
-28.647	37.063
-28.597	37.113
-28.587	37.153
-28.587	37.203
-28.577	37.243
-28.577	37.273
-28.587	37.313
-28.587	37.353
-28.577	37.393
-28.577	37.463
-28.567	37.503
-28.567	37.613
-28.577	37.653
-28.597	37.763
-28.597	37.823
-28.607	37.853
-28.597	37.903
-28.597	38.083
-28.587	38.133
-28.587	38.213
-28.597	38.263
-28.597	38.323
-28.607	38.363
-28.607	38.443
-28.617	38.513
-28.617	38.653
-28.597	38.673
POLYLINE CONNECT
-28.607	38.613
-30.451	35.589
POLYLINE BLACK
-30.287	35.233
-30.327	35.243
-30.367	35.303
-30.357	35.343
-30.317	35.353
-30.297	35.353
-30.257	35.283
-30.317	35.243
-30.337	35.243
POLYLINE BLACK
-30.307	34.873
-30.347	34.883
-30.357	34.923
-30.327	34.993
-30.307	35.003
-30.277	34.973
-30.267	34.933
-30.317	34.883
-30.337	34.893
POLYLINE BLACK
-29.787	34.643
-29.807	34.633
-29.857	34.643
-29.887	34.683
-29.887	34.723
-29.847	34.753
-29.827	34.743
-29.807	34.673
-29.867	34.633
POLYLINE BLACK
-29.717	34.163
-29.717	34.143
-29.757	34.163
-29.767	34.243
-29.747	34.263
-29.707	34.273
-29.677	34.233
-29.677	34.213
-29.717	34.183
-29.757	34.173
POLYLINE BLACK
-29.287	33.823
-29.327	33.853
-29.327	33.893
-29.297	33.933
-29.277	33.933
-29.267	33.893
-29.277	33.853
-29.317	33.823
POLYLINE BLACK
-28.807	33.333
-28.827	33.313
-28.867	33.313
-28.897	33.343
-28.907	33.363
-28.877	33.403
-28.837	33.393
-28.827	33.353
-28.867	33.323
-28.887	33.323
POLYLINE BLACK
-28.387	33.083
-28.407	33.103
-28.417	33.143
-28.397	33.163
-28.397	33.183
-28.377	33.183
-28.347	33.123
-28.387	33.063
-28.417	33.043
POLYLINE BLACK
-28.037	32.543
-28.117	32.563
-28.127	32.603
-28.127	32.623
-28.087	32.653
-28.057	32.583
-28.097	32.563
POLYLINE BLACK
-27.877	32.183
-27.887	32.163
-27.927	32.153
-27.977	32.203
-28.027	32.233
-28.207	32.463
-28.287	32.583
-28.287	32.603
-28.317	32.653
-28.367	32.743
-28.387	32.753
-28.387	32.773
-28.527	32.953
-28.597	33.023
-28.637	33.043
-28.667	33.073
-28.807	33.173
-28.947	33.283
-28.967	33.303
-28.987	33.303
-29.007	33.323
-29.027	33.323
-29.097	33.393
-29.117	33.393
-29.157	33.423
-29.177	33.423
-29.277	33.513
-29.457	33.653
-29.507	33.733
-29.567	33.773
-29.647	33.883
-29.697	33.953
-29.767	34.023
-29.927	34.233
-30.057	34.423
-30.177	34.583
-30.217	34.653
-30.267	34.683
-30.557	34.973
-30.617	35.013
-30.677	35.073
-30.717	35.083
-30.777	35.133
POLYLINE BLACK
-27.667	32.643
-27.667	32.623
-27.687	32.603
-27.767	32.653
-27.887	32.753
-28.047	33.023
-28.187	33.173
-28.367	33.373
-28.507	33.463
-28.557	33.513
-28.627	33.553
-28.677	33.603
-28.717	33.613
-28.837	33.723
-29.037	33.893
-29.067	33.923
-29.117	33.973
-29.147	34.063
-29.197	34.143
-29.197	34.163
-29.287	34.283
-29.297	34.313
-29.357	34.373
-29.367	34.403
-29.467	34.503
-29.627	34.703
-29.667	34.773
-29.767	34.873
-29.847	35.013
-29.887	35.083
-29.977	35.173
-30.037	35.283
-30.077	35.293
-30.097	35.293
-30.147	35.353
-30.187	35.413
-30.277	35.503
-30.347	35.573
-30.367	35.573
-30.377	35.593
-30.427	35.603
-30.467	35.633
-30.507	35.643
-30.487	35.633
POLYLINE BLUE
-25.224	31.315
-25.280	31.385
-25.308	31.392
-25.322	31.392
-25.364	31.350
-25.378	31.350
-25.406	31.343
-25.420	31.392
-25.420	31.406
-25.427	31.434
-25.427	31.448
-25.441	31.476
-25.455	31.483
-25.497	31.462
-25.511	31.462
-25.539	31.455
-25.553	31.455
-25.595	31.511
-25.630	31.553
-25.644	31.553
-25.658	31.567
-25.658	31.553
-25.623	31.490
-25.623	31.476
-25.602	31.448
-25.637	31.504
-25.651	31.539
-25.672	31.567
-25.630	31.581
-25.539	31.581
-25.525	31.574
POLYLINE BLACK
-24.853	30.979
-24.867	30.979
-24.895	31.000
-24.895	31.028
-24.888	31.049
-24.860	31.056
-24.832	31.035
-24.825	31.021
-24.839	30.993
-24.881	30.979
-24.895	30.965
POLYLINE BLACK
-25.014	31.301
-25.028	31.308
-25.042	31.329
-25.042	31.343
-25.035	31.357
-25.007	31.371
-24.993	31.371
-24.979	31.364
-24.965	31.336
-24.965	31.322
-24.993	31.301
POLYLINE BLACK
-25.490	31.238
-25.518	31.259
-25.532	31.287
-25.497	31.329
-25.483	31.329
-25.441	31.301
-25.434	31.273
-25.455	31.217
-25.469	31.217
-25.483	31.224
POLYLINE BLACK
-25.672	31.616
-25.707	31.630
-25.721	31.630
-25.735	31.637
-25.714	31.679
-25.679	31.693
-25.651	31.679
-25.637	31.651
-25.637	31.637
-25.672	31.630
-25.686	31.637
-25.700	31.630
POLYLINE BLACK
-26.246	31.525
-26.260	31.518
-26.295	31.560
-26.302	31.574
-26.295	31.595
-26.246	31.623
-26.218	31.623
-26.190	31.602
-26.183	31.574
-26.197	31.560
-26.211	31.560
-26.239	31.553
-26.267	31.553
-26.281	31.546
POLYLINE BLACK
-26.603	31.924
-26.645	31.952
-26.645	32.001
-26.617	32.022
-26.589	32.015
-26.568	31.987
-26.568	31.959
-26.582	31.931
-26.610	31.931
-26.624	31.924
POLYLINE BLACK
-27.247	31.973
-27.261	31.959
-27.289	31.973
-27.296	31.987
-27.289	32.015
-27.275	32.029
-27.268	32.050
-27.240	32.071
-27.212	32.071
-27.198	32.057
-27.198	32.015
-27.205	31.987
-27.219	31.973
-27.233	31.973
-27.261	31.966
-27.275	31.973
POLYLINE BLACK
-27.590	32.239
-27.604	32.246
-27.611	32.274
-27.611	32.302
-27.590	32.330
-27.562	32.344
-27.534	32.323
-27.534	32.295
-27.541	32.281
-27.597	32.239
-27.611	32.239
POLYLINE BLACK
-26.736	32.323
-26.785	32.337
-26.806	32.337
-26.820	32.344
-26.841	32.344
-26.869	32.358
-26.883	32.358
-26.897	32.372
-26.960	32.386
-26.988	32.407
-27.023	32.400
-27.051	32.421
-27.065	32.421
-27.149	32.442
-27.184	32.442
-27.212	32.463
-27.226	32.463
-27.261	32.477
-27.289	32.477
-27.331	32.491
-27.352	32.491
-27.366	32.505
-27.380	32.498
-27.408	32.505
-27.422	32.505
-27.450	32.512
-27.478	32.512
-27.492	32.526
-27.541	32.526
-27.569	32.540
-27.583	32.540
-27.597	32.547
-27.611	32.540
-27.625	32.547
-27.639	32.540
-27.667	32.554
-27.695	32.547
POLYLINE BLACK
-26.883	31.777
-26.862	31.735
-26.876	31.721
-26.904	31.735
-26.918	31.728
-26.974	31.756
-27.023	31.756
-27.051	31.770
-27.079	31.770
-27.093	31.777
-27.114	31.777
-27.128	31.791
-27.142	31.791
-27.205	31.826
-27.296	31.854
-27.338	31.875
-27.366	31.875
-27.401	31.889
-27.443	31.917
-27.527	31.966
-27.569	31.994
-27.632	32.036
-27.667	32.043
-27.751	32.099
-27.779	32.120
-27.793	32.113
-27.835	32.141
-27.814	32.148
POLYLINE ORANGE
-22.641	32.624
-22.620	32.638
-22.571	32.638
-22.508	32.652
-22.466	32.652
-22.431	32.666
-22.417	32.659
-22.396	32.666
-22.368	32.659
POLYLINE ORANGE
-22.627	32.743
-22.599	32.764
-22.494	32.764
POLYLINE ORANGE
-22.676	32.841
-22.641	32.862
-22.606	32.869
-22.592	32.876
-22.550	32.876
-22.508	32.883
-22.494	32.883
POLYLINE ORANGE
-22.662	32.855
-22.655	32.841
-22.655	32.820
-22.648	32.806
-22.648	32.785
-22.641	32.757
-22.641	32.722
-22.620	32.568
POLYLINE ORANGE
-22.900	32.722
-22.886	32.722
-22.872	32.729
-22.760	32.729
-22.739	32.722
POLYLINE ORANGE
-22.781	32.890
-22.823	32.904
-22.872	32.904
-22.907	32.897
-22.921	32.883
-22.935	32.883
-22.984	32.862
-23.019	32.813
-23.033	32.757
-23.033	32.694
-23.026	32.638
-22.991	32.568
-22.977	32.561
-22.956	32.561
-22.900	32.610
-22.879	32.638
-22.872	32.659
-22.851	32.687
-22.837	32.673
-22.823	32.624
-22.809	32.589
-22.795	32.575
-22.795	32.561
POLYLINE ORANGE
-23.320	32.869
-23.257	32.897
-23.222	32.890
-23.208	32.876
-23.194	32.876
-23.166	32.848
-23.145	32.799
-23.145	32.785
-23.138	32.757
-23.138	32.736
-23.145	32.708
-23.145	32.694
-23.173	32.652
-23.229	32.603
-23.257	32.589
POLYLINE ORANGE
-23.320	32.862
-23.313	32.834
-23.292	32.722
-23.278	32.645
-23.278	32.596
POLYLINE ORANGE
-23.460	32.862
-23.460	32.848
-23.439	32.771
-23.439	32.750
-23.432	32.715
-23.432	32.659
-23.425	32.617
-23.425	32.568
POLYLINE ORANGE
-23.705	32.827
-23.642	32.869
-23.628	32.876
-23.579	32.855
-23.558	32.827
-23.558	32.792
-23.572	32.764
-23.607	32.743
-23.621	32.743
-23.649	32.736
-23.600	32.701
-23.502	32.596
-23.488	32.561
POLYLINE ORANGE
-23.691	32.855
-23.691	32.827
-23.684	32.792
-23.677	32.736
-23.670	32.687
-23.670	32.652
-23.663	32.617
-23.663	32.582
POLYLINE ORANGE
-23.992	32.834
-23.915	32.869
-23.873	32.869
-23.838	32.855
-23.817	32.827
-23.831	32.778
-23.859	32.743
-23.873	32.743
-23.901	32.729
-23.859	32.729
-23.789	32.708
-23.761	32.666
-23.782	32.624
-23.803	32.617
-23.817	32.603
-23.831	32.603
-23.845	32.589
-23.866	32.589
-23.922	32.568
-23.964	32.568
POLYLINE ORANGE
-23.971	32.834
-23.971	32.771
-23.964	32.743
-23.957	32.687
-23.957	32.645
-23.950	32.624
-23.957	32.610
-23.957	32.554
POLYLINE ORANGE
-22.648	33.044
-22.648	33.030
-22.620	33.044
-22.585	33.044
-22.564	33.051
-22.515	33.051
-22.501	33.044
POLYLINE ORANGE
-22.648	33.163
-22.578	33.163
POLYLINE ORANGE
-22.697	33.268
-22.683	33.275
-22.599	33.275
-22.571	33.268
POLYLINE ORANGE
-22.690	33.261
-22.690	33.233
-22.676	33.163
-22.676	33.128
-22.655	32.981
POLYLINE ORANGE
-22.984	33.275
-22.956	33.268
-22.872	33.268
-22.823	33.254
POLYLINE ORANGE
-22.907	33.233
-22.879	33.114
-22.872	33.030
POLYLINE ORANGE
-23.089	33.254
-23.082	33.212
-23.082	33.170
-23.075	33.149
-23.075	32.988
POLYLINE ORANGE
-23.208	33.261
-23.236	33.254
-23.250	33.254
-23.292	33.219
-23.313	33.212
-23.355	33.149
-23.369	33.114
-23.355	33.086
-23.278	33.044
-23.229	33.037
-23.215	33.030
POLYLINE ORANGE
-23.565	33.261
-23.558	33.247
-23.558	33.212
-23.565	33.177
-23.558	33.128
-23.558	33.023
-23.544	33.009
-23.530	33.023
-23.467	33.037
-23.418	33.037
POLYLINE ORANGE
-23.775	33.114
-23.761	33.100
-23.726	33.100
-23.691	33.107
-23.663	33.107
POLYLINE ORANGE
-23.782	33.016
-23.789	33.044
-23.768	33.191
-23.754	33.233
-23.754	33.254
-23.747	33.233
-23.705	33.184
-23.691	33.156
-23.691	33.142
-23.635	33.037
-23.635	33.002
POLYLINE ORANGE
-23.880	33.240
-23.880	33.254
-23.908	33.261
-23.936	33.261
-23.957	33.254
-23.999	33.219
-24.034	33.156
-24.034	33.128
-24.041	33.100
-24.041	33.058
-24.013	32.995
-23.999	32.988
-23.971	32.995
-23.950	32.995
-23.922	32.988
-23.908	32.988
-23.845	33.016
-23.831	33.016
POLYLINE ORANGE
-24.321	31.301
-24.363	31.399
-24.398	31.497
-24.412	31.595
-24.412	31.630
-24.419	31.658
-24.426	31.777
-24.433	31.819
-24.433	32.239
-24.440	32.309
-24.440	32.435
-24.412	32.603
-24.370	32.729
-24.335	32.792
-24.216	32.960
-24.167	33.002
-24.153	33.023
POLYLINE BLACK
-24.195	30.713
-24.174	30.762
-24.174	30.776
-24.132	30.881
-24.132	30.895
-24.118	30.923
-24.104	31.014
-24.083	31.112
-24.083	31.126
-24.069	31.161
-24.069	31.175
-24.062	31.203
-24.062	31.231
-24.090	31.224
-24.195	31.224
-24.237	31.245
-24.251	31.245
-24.293	31.280
-24.335	31.301
-24.349	31.315
-24.384	31.315
-24.412	31.336
-24.426	31.336
-24.482	31.357
-24.496	31.357
-24.524	31.378
-24.552	31.371
-24.587	31.273
-24.615	31.182
-24.615	31.168
-24.643	31.077
-24.643	31.056
-24.650	31.042
-24.650	31.021
-24.664	30.993
-24.664	30.958
-24.671	30.930
-24.671	30.916
-24.678	30.888
-24.678	30.839
-24.685	30.825
-24.664	30.825
-24.636	30.818
-24.608	30.818
-24.573	30.797
-24.538	30.790
-24.510	30.783
-24.496	30.783
-24.454	30.762
-24.440	30.762
-24.426	30.748
-24.405	30.741
-24.377	30.748
-24.328	30.734
-24.237	30.706
-24.223	30.706
-24.195	30.699
-24.181	30.706
-24.167	30.699
POLYLINE ORANGE
-23.457	31.351
-23.457	31.311
-23.487	31.251
-23.487	31.211
-23.517	31.151
-23.517	31.111
POLYLINE ORANGE
-23.047	32.041
-22.997	32.001
-23.017	32.031
-23.017	32.051
-23.047	32.011
-23.047	31.991
-23.027	31.971
-23.007	32.031
-23.007	32.061
-23.017	32.021
-23.077	32.021
-23.097	32.001
-23.097	31.981
-23.057	31.981
-23.037	31.961
-23.007	31.991
-23.007	32.061
-23.017	32.041
POLYLINE ORANGE
-22.537	32.011
-22.477	32.031
-22.457	32.051
-22.437	32.051
-22.407	31.981
-22.407	31.951
-22.387	31.871
-22.397	31.831
-22.407	31.811
-22.397	31.881
-22.367	31.991
-22.307	32.051
-22.267	32.061
-22.257	32.021
-22.247	31.981
-22.247	31.851
-22.257	31.831
-22.177	31.991
-22.097	32.041
-22.057	32.021
-22.027	31.961
-22.027	31.921
-22.037	31.901
-22.047	31.791
POLYLINE ORANGE
-22.777	31.831
-22.817	31.841
-22.897	31.901
-22.927	31.951
-22.927	31.991
-22.907	32.041
-22.837	32.111
-22.767	32.151
-22.727	32.151
-22.657	32.081
-22.617	31.971
-22.617	31.921
-22.627	31.901
-22.647	31.901
-22.707	31.861
-22.747	31.871
-22.767	31.861
-22.787	31.871
-22.827	31.851
POLYLINE ORANGE
-23.077	31.961
-23.117	31.961
-23.127	32.001
-23.087	32.031
-23.027	32.031
-23.007	32.011
-23.027	31.951
-23.067	31.941
-23.087	31.941
-23.107	31.961
-23.097	32.001
-23.087	32.021
-23.027	32.021
-22.997	31.991
-23.017	31.981
-23.027	32.051
-23.037	32.031
POLYLINE ORANGE
-23.227	32.181
-23.227	32.101
-23.237	32.081
-23.227	31.991
-23.237	31.951
-23.237	31.781
POLYLINE ORANGE
-23.467	31.221
-23.467	31.251
-23.357	31.711
POLYLINE BLACK
-23.477	30.931
-23.517	30.921
-23.617	30.951
POLYLINE BLACK
-23.557	30.781
-23.577	30.771
-23.617	30.801
-23.647	30.801
-23.687	30.811
POLYLINE BLACK
-23.597	30.711
-23.587	30.671
-23.627	30.661
-23.687	30.691
POLYLINE BLACK
-23.707	30.621
-23.677	30.571
-23.597	30.621
-23.577	30.641
-23.567	30.681
-23.477	30.941
-23.477	31.091
-23.467	31.061
POLYLINE BLACK
-20.967	30.051
-20.887	29.991
-20.867	29.991
-20.847	29.971
-20.807	29.971
-20.727	29.931
-20.637	29.921
-20.497	29.871
-20.477	29.851
-20.457	29.851
-20.437	29.831
-20.397	29.831
-20.347	29.801
-20.327	29.811
-20.267	29.781
-20.247	29.801
-20.207	29.791
-20.187	29.791
POLYLINE BLACK
-20.537	29.941
-20.597	29.941
-20.647	29.931
-20.837	29.971
-20.857	29.971
-20.887	29.991
POLYLINE BLACK
-20.737	29.651
-20.747	29.611
-20.767	29.601
-20.787	29.621
-20.817	29.621
-20.977	29.751
-21.077	29.831
-21.267	30.021
-21.277	30.051
-21.527	30.271
-21.627	30.341
POLYLINE BLACK
-20.657	29.901
-20.717	29.931
-20.747	29.931
-20.777	29.946
-20.807	29.931
-20.897	29.991
-20.927	29.991
-20.957	30.021
-21.017	30.021
-21.077	30.051
-21.107	30.051
-21.287	30.156
-21.392	30.201
-21.422	30.201
-21.542	30.276
-21.572	30.276
-21.662	30.321
-21.692	30.321
-21.722	30.336
-21.767	30.336
-21.827	30.381
-21.857	30.381
-21.917	30.396
-21.947	30.426
-22.052	30.471
-22.082	30.471
-22.142	30.516
-22.172	30.516
-22.382	30.621
-22.412	30.621
-22.547	30.696
-22.607	30.696
-22.682	30.741
-22.757	30.756
-23.012	30.876
-23.087	30.876
-23.117	30.906
-23.147	30.906
-23.312	30.996
-23.342	30.981
-23.462	31.026
-23.537	31.026
-23.657	31.086
-23.687	31.086
-23.747	31.116
-23.792	31.116
-23.957	31.191
-23.987	31.191
-24.092	31.236
-24.122	31.236
-24.242	31.281
-24.287	31.281
-24.407	31.356
-24.437	31.356
-24.632	31.431
-24.737	31.461
-24.902	31.536
-24.977	31.551
-25.037	31.566
-25.067	31.551
-25.262	31.716
-25.547	31.836
-25.607	31.881
-25.652	31.881
-25.832	31.986
-26.237	32.166
-26.267	32.166
-26.432	32.211
-26.462	32.211
-26.582	32.271
-26.627	32.271
-26.717	32.316
-26.747	32.301
-26.762	32.331
-26.792	32.331
POLYLINE BLACK
-26.882	31.731
-26.882	31.701
-26.792	31.671
-26.762	31.641
-26.732	31.641
-26.612	31.566
-26.537	31.551
-26.387	31.491
-26.117	31.356
-26.042	31.341
-25.982	31.296
-25.952	31.296
-25.892	31.266
-25.817	31.251
-25.757	31.236
-25.637	31.161
-25.562	31.161
-25.502	31.146
-25.472	31.116
-25.397	31.101
-25.292	31.056
-25.232	31.011
-25.202	31.026
-25.127	30.996
-25.067	30.951
-25.007	30.951
-24.917	30.906
-24.887	30.906
-24.782	30.861
-24.752	30.861
-24.692	30.831
-24.662	30.831
-24.527	30.786
-24.437	30.786
-24.347	30.741
-24.287	30.741
-24.257	30.711
-24.182	30.711
-24.122	30.681
-24.092	30.681
-24.002	30.636
-23.972	30.636
-23.912	30.606
-23.837	30.606
-23.777	30.561
-23.747	30.561
-23.627	30.531
-23.597	30.501
-23.522	30.501
-23.402	30.441
-23.342	30.441
-23.192	30.366
-23.117	30.351
-22.907	30.276
-22.817	30.231
-22.772	30.246
-22.742	30.231
-22.727	30.201
-22.682	30.171
-22.652	30.171
-22.622	30.141
-22.577	30.141
-22.517	30.111
-22.472	30.111
-22.322	30.036
-22.277	30.036
-22.157	29.976
-22.127	29.946
-22.067	29.946
-21.887	29.841
-21.722	29.766
-21.692	29.766
-21.482	29.661
-21.452	29.661
-21.422	29.631
-21.392	29.631
-21.377	29.601
-21.227	29.541
-21.182	29.541
-20.942	29.421
-20.912	29.421
-20.822	29.346
-20.762	29.331
-20.747	29.301
-20.717	29.286
POLYLINE BLACK
-19.892	28.906
-20.072	29.096
-20.142	29.166
-20.202	29.206
-20.262	29.266
-20.362	29.336
-20.462	29.446
-20.512	29.476
-20.542	29.506
-20.582	29.536
-20.622	29.546
-20.662	29.576
-20.682	29.566
-20.732	29.616
POLYLINE BLACK
-20.472	29.876
POLYLINE BLACK
-20.162	28.876
-20.102	28.916
-20.082	28.916
-20.022	28.976
-20.112	29.086
-20.222	29.196
-20.382	29.106
-20.272	28.996
-20.202	28.906
-20.162	28.886
POLYLINE BLACK
-19.852	28.646
-19.892	28.636
-19.912	28.676
-19.912	28.706
-19.842	28.776
-19.802	28.746
-19.782	28.746
-19.762	28.686
-19.772	28.646
-19.832	28.626
-19.852	28.626
POLYLINE BLACK
-18.672	29.756
-18.732	29.756
-18.812	29.726
-18.912	29.656
-18.982	29.616
-19.172	29.476
-19.272	29.366
-19.322	29.286
-19.332	29.246
-19.352	29.186
-19.352	29.116
-19.372	29.026
-19.382	28.936
-19.382	28.896
-19.392	28.856
-19.492	28.746
-19.522	28.716
-19.562	28.686
-19.602	28.706
-19.622	28.696
-19.642	28.716
-19.682	28.726
-19.722	28.736
-19.762	28.746
-19.822	28.766
-19.962	28.866
-20.022	28.926
-20.062	28.936
-20.102	28.936
-20.172	28.886
-20.172	28.846
POLYLINE BLACK
-19.162	28.996
-19.182	28.976
-19.212	28.976
-19.252	29.006
-19.262	29.056
-19.182	29.126
-19.132	29.116
-19.112	29.096
-19.112	29.056
-19.152	28.996
-19.172	28.986
POLYLINE BLACK
-18.682	29.466
-18.802	29.486
-18.812	29.526
-18.742	29.596
-18.702	29.606
-18.652	29.556
-18.662	29.506
-18.692	29.476
POLYLINE BLACK
-18.932	29.126
-18.982	29.156
-19.002	29.156
-19.012	29.206
-19.002	29.246
-18.992	29.266
-18.942	29.286
-18.912	29.256
-18.912	29.236
-18.892	29.186
-18.892	29.156
-18.902	29.136
POLYLINE BLACK
-18.672	28.936
-18.712	28.946
-18.752	28.976
-18.752	29.016
-18.642	29.086
-18.592	29.036
-18.582	28.996
-18.612	28.956
-18.652	28.956
POLYLINE BLACK
-19.492	28.446
-19.532	28.416
-19.562	28.466
-19.572	28.506
-19.552	28.556
-19.532	28.576
-19.492	28.566
-19.472	28.546
-19.482	28.506
-19.512	28.466
POLYLINE BLACK
-19.332	28.226
-19.372	28.206
-19.432	28.226
-19.472	28.286
-19.422	28.336
-19.362	28.356
-19.342	28.346
-19.342	28.276
-19.372	28.226
POLYLINE BLACK
-18.982	28.766
-18.992	28.736
-19.122	28.716
-19.142	28.736
-19.142	28.756
-19.092	28.826
-19.032	28.846
-19.002	28.806
-18.992	28.746
-19.012	28.726
POLYLINE BLACK
-18.772	28.426
-18.832	28.426
-18.872	28.466
-18.882	28.526
-18.842	28.566
-18.802	28.586
-18.762	28.546
-18.762	28.486
-18.782	28.456
POLYLINE BLACK
-19.022	28.136
-19.072	28.186
-19.072	28.226
-19.062	28.246
-19.042	28.246
-19.022	28.266
-18.982	28.236
-18.972	28.196
-19.022	28.146
-19.042	28.146
POLYLINE BLUE
-13.012	22.716
-12.932	22.616
-12.932	22.596
POLYLINE BLUE
-12.572	22.566
-12.632	22.566
-12.652	22.606
-12.672	22.606
-12.682	22.626
-12.722	22.636
-12.782	22.586
-12.822	22.586
-12.832	22.626
-12.832	22.646
-12.862	22.686
-12.942	22.676
-12.962	22.696
-13.002	22.706
-13.022	22.696
-13.042	22.706
-12.932	22.746
-12.912	22.746
POLYLINE BLUE
-16.122	23.646
-16.082	23.636
-16.042	23.646
-16.022	23.636
-15.992	23.646
POLYLINE BLUE
-15.602	23.436
-15.642	23.436
-15.672	23.476
-15.692	23.476
-15.712	23.496
-15.732	23.496
-15.762	23.446
-15.802	23.456
-15.862	23.516
-15.872	23.576
-15.892	23.586
-15.972	23.516
-16.012	23.526
-16.102	23.606
-16.122	23.616
-16.132	23.596
-16.072	23.516
-16.072	23.496
POLYLINE BLUE
-17.832	26.596
-17.812	26.596
-17.712	26.526
POLYLINE BLUE
-17.642	26.106
-17.672	26.176
-17.692	26.186
-17.692	26.246
-17.662	26.286
-17.702	26.296
-17.742	26.276
-17.762	26.306
-17.762	26.366
-17.722	26.396
-17.712	26.456
-17.752	26.466
-17.812	26.516
-17.812	26.536
-17.852	26.576
-17.842	26.536
-17.822	26.516
-17.812	26.476
-17.802	26.456
POLYLINE BLACK
-20.132	33.696
-20.102	33.576
-20.087	33.636
-20.102	33.696
-20.102	34.116
-20.087	34.176
-20.087	34.311
-20.072	34.371
-20.072	34.716
-20.057	34.776
-20.057	34.836
-20.042	34.866
-20.042	34.941
-20.027	35.001
-20.027	35.196
-20.012	35.226
-20.012	35.271
-20.027	35.301
-20.012	35.361
-20.012	35.391
-20.027	35.451
-20.027	35.556
-20.012	35.616
-20.012	35.646
-19.997	35.706
-19.997	35.796
-19.967	35.856
-19.967	35.886
-19.937	35.991
-19.937	36.021
-19.907	36.141
-19.847	36.231
-19.847	36.261
-19.802	36.351
-19.712	36.426
-19.697	36.456
-19.697	36.771
-19.712	36.801
-19.712	37.116
-19.697	37.176
-19.697	37.206
-19.637	37.446
-19.607	37.506
-19.577	37.521
-19.577	37.551
-19.517	37.566
-19.487	37.566
-19.457	37.536
-19.427	37.431
-19.397	37.311
-19.397	37.086
-19.382	37.026
-19.382	36.801
-19.367	36.741
-19.367	36.396
-19.352	36.336
-19.352	36.276
-19.367	36.216
-19.367	36.156
-19.397	36.096
-19.397	36.066
-19.427	35.946
-19.427	35.886
-19.442	35.826
-19.442	35.721
-19.427	35.661
-19.427	35.601
-19.412	35.541
-19.412	35.481
-19.397	35.421
-19.397	35.331
-19.382	35.256
-19.382	35.226
-19.367	35.166
-19.367	35.136
-19.337	35.076
-19.337	35.046
-19.307	34.956
-19.307	34.911
-19.322	34.851
-19.322	34.761
-19.352	34.626
-19.352	34.596
-19.367	34.536
-19.367	34.476
-19.397	34.341
-19.397	34.281
-19.412	34.206
-19.412	34.176
-19.427	34.116
-19.427	33.996
-19.472	33.906
-19.472	33.876
-19.517	33.786
-19.547	33.546
-19.547	33.486
-19.532	33.426
-19.532	33.171
-19.562	33.111
-19.547	33.081
POLYLINE BLACK
-20.537	33.891
POLYLINE BLACK
-20.147	33.621
POLYLINE BLACK
-20.327	31.806
-20.327	31.746
-20.342	31.806
-20.342	32.121
-20.327	32.181
-20.312	32.256
-20.297	32.316
-20.297	32.376
-20.252	32.571
-20.252	32.601
-20.222	32.661
-20.222	32.691
-20.207	32.751
-20.207	32.946
-20.162	33.096
-20.132	33.216
-20.132	33.276
-20.147	33.336
-20.132	33.411
-20.117	33.471
-20.117	33.561
POLYLINE BLACK
-20.312	31.641
-20.162	31.596
-20.102	31.611
-20.072	31.611
-20.042	31.626
-19.967	31.746
-19.967	31.806
-19.982	31.866
-19.982	32.031
-19.967	32.091
-19.967	32.121
-19.937	32.241
-19.937	32.316
-19.922	32.346
-19.892	32.361
-19.877	32.391
-19.787	32.466
-19.757	32.466
-19.697	32.526
-19.667	32.526
-19.577	32.646
-19.532	32.706
-19.532	32.736
-19.517	32.796
-19.517	32.856
-19.562	33.036
-19.562	33.141
POLYLINE CONNECT
-20.102	33.021
-20.863	29.386
POLYLINE BLACK
-20.602	29.961
-20.572	29.921
-20.532	29.911
-20.432	29.851
-20.392	29.821
-20.352	29.811
-20.202	29.761
-20.162	29.771
-20.082	29.771
-20.062	29.781
-20.022	29.771
-19.982	29.781
-19.942	29.791
-19.832	29.801
-19.812	29.821
-19.772	29.821
-19.682	29.861
-19.642	29.861
-19.502	29.901
-19.442	29.901
-19.422	29.921
-19.392	29.921
-19.352	29.931
-19.272	29.941
-19.222	29.951
-19.182	29.961
-19.142	29.951
-19.062	29.951
-19.022	29.941
-18.982	29.941
-18.852	29.901
-18.832	29.881
-18.772	29.871
-18.682	29.801
-18.642	29.791
-18.532	29.681
-18.512	29.621
-18.492	29.601
-18.482	29.561
-18.452	29.501
-18.442	29.461
-18.412	29.331
-18.382	29.181
-18.372	29.101
-18.372	28.931
-18.382	28.891
-18.412	28.711
-18.422	28.671
-18.452	28.591
-18.452	28.561
-18.512	28.451
-18.522	28.411
-18.582	28.291
-18.592	28.251
-18.602	28.211
-18.602	28.141
-18.572	28.101
-18.572	28.061
-18.562	28.041
POLYLINE BLACK
-18.922	27.741
-18.992	27.811
-19.012	27.861
-19.072	27.911
-19.132	27.951
-19.172	27.951
-19.192	27.971
-19.312	27.971
-19.332	27.981
-19.372	27.971
-19.452	27.981
-19.492	27.991
-19.572	28.031
-19.612	28.041
-19.632	28.061
-19.652	28.041
-19.652	28.061
-19.742	28.151
-19.822	28.271
-19.872	28.381
-19.882	28.421
-19.972	28.591
-20.012	28.621
-20.012	28.641
-20.032	28.641
-20.102	28.711
-20.112	28.731
-20.142	28.741
-20.172	28.791
-20.322	28.931
-20.452	29.051
-20.592	29.161
-20.602	29.191
-20.642	29.191
-20.662	29.221
-20.682	29.221
-20.682	29.241
-20.702	29.261
-20.742	29.271
-20.802	29.331
-20.842	29.341
-20.852	29.361
POLYLINE ORANGE
-17.547	28.665
-17.519	28.672
-17.505	28.672
-17.491	28.679
-17.470	28.637
-17.470	28.567
-17.477	28.539
-17.477	28.525
-17.463	28.553
-17.456	28.602
-17.442	28.637
-17.400	28.679
-17.386	28.679
-17.358	28.672
-17.337	28.630
-17.337	28.581
-17.344	28.553
-17.344	28.539
-17.330	28.602
-17.302	28.658
-17.281	28.686
-17.267	28.686
-17.232	28.644
-17.211	28.595
-17.211	28.553
-17.218	28.525
-17.218	28.497
-17.225	28.483
POLYLINE ORANGE
-17.736	28.546
-17.778	28.574
-17.785	28.588
-17.799	28.595
-17.820	28.644
-17.820	28.658
-17.827	28.686
-17.827	28.714
-17.813	28.763
-17.806	28.777
-17.806	28.798
-17.792	28.805
-17.778	28.833
-17.757	28.833
-17.743	28.847
-17.701	28.847
-17.638	28.812
-17.603	28.749
-17.603	28.721
-17.596	28.693
-17.596	28.679
-17.603	28.665
-17.603	28.644
-17.624	28.602
-17.638	28.595
-17.645	28.581
-17.659	28.581
-17.715	28.553
-17.729	28.560
-17.757	28.553
POLYLINE ORANGE
-17.904	28.686
-17.932	28.700
-17.939	28.721
-17.911	28.742
-17.883	28.742
-17.869	28.728
-17.869	28.700
-17.876	28.686
-17.904	28.679
-17.918	28.679
-17.932	28.686
-17.939	28.700
-17.918	28.728
-17.890	28.728
-17.869	28.700
-17.883	28.693
-17.890	28.707
POLYLINE ORANGE
-18.226	28.798
-18.212	28.784
-18.170	28.812
-18.156	28.826
-18.142	28.826
-18.100	28.847
-18.072	28.847
-18.044	28.826
-18.030	28.798
-18.030	28.784
-18.037	28.756
-18.037	28.742
-18.051	28.700
-18.100	28.637
-18.198	28.560
-18.191	28.546
-18.177	28.546
-18.163	28.539
-18.135	28.546
-18.114	28.546
-18.100	28.539
-18.072	28.546
-18.037	28.539
-18.009	28.546
-17.946	28.546
-17.932	28.539
-17.918	28.546
POLYLINE ORANGE
-18.562	28.224
-18.548	28.231
-18.534	28.266
-18.513	28.294
-18.471	28.378
-18.457	28.392
-18.450	28.413
-18.436	28.427
-18.429	28.448
-18.394	28.490
-18.338	28.567
-18.268	28.665
-18.247	28.693
POLYLINE BLACK
-18.639	28.042
-18.653	28.070
-18.667	28.077
POLYLINE BLACK
-18.716	27.979
-18.744	28.000
POLYLINE BLACK
-18.779	27.902
-18.821	27.937
POLYLINE BLACK
-18.898	27.832
-18.919	27.874
POLYLINE BLACK
-18.961	27.797
-18.975	27.811
-18.975	27.825
-18.989	27.867
POLYLINE BLACK
-18.968	27.797
-18.919	27.804
-18.905	27.818
-18.891	27.818
-18.849	27.839
-18.835	27.839
-18.828	27.853
-18.758	27.902
-18.716	27.958
-18.674	27.993
-18.646	28.035
-18.632	28.042
-18.632	28.056
-18.618	28.084
-18.618	28.112
POLYLINE BLACK
-18.404	27.129
-18.424	27.129
-18.454	27.189
-18.454	27.229
-18.424	27.269
-18.384	27.279
-18.334	27.219
-18.344	27.179
-18.394	27.099
-18.414	27.109
POLYLINE BLACK
-17.914	26.799
-17.934	26.799
-17.954	26.869
-17.954	26.889
-17.914	26.949
-17.864	26.879
-17.864	26.859
-17.894	26.809
-17.914	26.799
POLYLINE BLACK
-17.944	26.249
-17.944	26.229
-17.984	26.259
-18.014	26.349
-17.994	26.389
-17.954	26.399
-17.914	26.379
-17.904	26.339
-17.924	26.279
-17.944	26.269
-17.954	26.239
POLYLINE BLACK
-12.344	26.089
-12.334	26.069
-12.334	26.009
-12.384	26.059
-12.434	26.159
-12.434	26.209
-12.454	26.289
-12.454	26.359
-12.464	26.399
-12.464	26.669
-12.474	26.719
-12.474	26.779
-12.464	26.819
-12.464	26.859
-12.444	26.919
-12.434	26.969
-12.404	27.049
-12.394	27.139
-12.394	27.179
-12.384	27.219
-12.384	27.349
-12.374	27.389
-12.374	27.539
-12.364	27.579
-12.364	27.629
-12.354	27.669
-12.344	27.709
-12.314	27.799
-12.314	27.929
-12.304	27.969
-12.274	28.119
-12.264	28.229
-12.254	28.279
-12.234	28.439
-12.234	28.469
-12.214	28.509
-12.214	28.539
-12.164	28.649
-12.154	28.689
-12.134	28.749
-12.134	28.799
-12.124	28.839
-12.124	28.879
-12.114	28.949
-12.114	28.979
-12.104	29.019
-12.104	29.099
-12.094	29.139
-12.074	29.219
-12.044	29.259
-12.024	29.349
-11.964	29.479
-11.934	29.519
-11.914	29.599
-11.824	29.779
-11.764	29.829
-11.704	29.849
-11.664	29.839
-11.644	29.799
-11.654	29.749
-11.674	29.669
-11.694	29.579
-11.704	29.489
-11.744	29.369
-11.744	29.329
-11.754	29.289
-11.754	29.239
-11.764	29.199
-11.764	29.019
-11.754	28.979
-11.754	28.919
-11.744	28.869
-11.744	28.829
-11.734	28.789
-11.734	28.749
-11.724	28.679
-11.714	28.569
-11.714	28.439
-11.704	28.399
-11.704	28.309
-11.714	28.269
-11.714	28.229
-11.724	28.189
-11.724	28.089
-11.734	28.059
-11.724	28.039
-11.734	28.019
-11.724	27.999
-11.734	27.919
-11.734	27.839
-11.744	27.779
-11.744	27.719
-11.734	27.679
-11.734	27.499
-11.744	27.459
-11.754	27.419
-11.764	27.369
-11.774	27.289
-11.774	27.229
-11.794	27.149
-11.794	26.999
-11.784	26.949
-11.764	26.839
-11.774	26.799
-11.764	26.759
-11.764	26.659
-11.754	26.619
-11.754	26.549
-11.744	26.509
-11.744	26.389
-11.734	26.349
-11.734	26.179
-11.744	26.139
-11.744	26.099
-11.764	26.039
-11.784	26.019
POLYLINE BLACK
-12.354	25.979
-12.344	25.959
-12.304	25.949
-12.264	25.959
-12.224	25.949
-12.184	25.959
-12.144	25.949
-12.084	25.949
-12.044	25.939
-11.964	25.919
-11.884	25.949
-11.864	25.939
-11.764	26.009
-11.774	26.029
POLYLINE CONNECT
-12.354	27.069
-16.672	23.466
POLYLINE ORANGE
-11.284	23.429
-11.184	23.489
-11.154	23.449
-11.154	23.409
-11.144	23.389
-11.164	23.299
-11.164	23.279
-11.114	23.429
-11.064	23.479
-11.044	23.489
-11.004	23.459
-10.994	23.389
-10.994	23.329
-11.004	23.289
-10.964	23.399
-10.934	23.449
-10.874	23.489
-10.784	23.399
-10.784	23.369
-10.774	23.329
-10.774	23.199
POLYLINE ORANGE
-11.504	23.329
-11.524	23.319
-11.634	23.389
-11.674	23.449
-11.674	23.499
-11.644	23.569
-11.534	23.639
-11.494	23.639
-11.474	23.649
-11.374	23.589
-11.354	23.529
-11.354	23.459
-11.384	23.379
-11.474	23.289
-11.514	23.289
POLYLINE ORANGE
-11.764	23.499
-11.784	23.489
-11.814	23.529
-11.774	23.559
-11.734	23.559
-11.724	23.539
-11.764	23.479
-11.784	23.469
-11.794	23.509
-11.764	23.539
-11.734	23.509
-11.734	23.489
-11.744	23.519
-11.734	23.539
POLYLINE ORANGE
-11.954	23.739
-11.944	23.699
-11.934	23.659
-11.924	23.569
-11.924	23.419
-11.934	23.369
-11.934	23.269
POLYLINE ORANGE
-13.324	24.099
-13.334	24.119
-13.374	24.129
-13.424	24.189
-13.464	24.259
-13.474	24.339
-13.424	24.439
-13.364	24.489
-13.304	24.469
-13.264	24.409
-13.254	24.299
-13.254	24.259
-13.314	24.159
-13.374	24.109
POLYLINE ORANGE
-12.204	22.979
-12.194	23.019
-12.194	23.089
-12.204	23.139
-12.194	23.179
-12.184	23.269
-12.134	23.439
-12.074	23.529
-12.054	23.529
POLYLINE ORANGE
-13.144	24.259
-13.084	24.289
-13.024	24.289
-13.024	24.249
-13.044	24.189
-13.044	24.159
-13.074	24.099
-13.084	24.059
-13.054	24.129
-12.984	24.219
-12.944	24.239
-12.924	24.229
-12.904	24.119
-12.924	24.079
-12.924	24.119
-12.874	24.209
-12.824	24.259
-12.784	24.239
-12.744	24.159
-12.744	24.059
-12.754	24.019
-12.754	23.969
POLYLINE ORANGE
-13.584	24.249
-13.604	24.269
-13.624	24.269
-13.634	24.289
-13.574	24.339
-13.554	24.319
-13.554	24.279
-13.584	24.249
-13.624	24.259
-13.624	24.279
-13.584	24.309
-13.564	24.309
-13.554	24.289
POLYLINE ORANGE
-13.564	24.279
-13.574	24.299
POLYLINE ORANGE
-13.754	24.469
-13.724	24.419
-13.724	24.389
-13.704	24.309
-13.704	24.229
-13.714	24.179
-13.714	24.139
-13.724	24.099
-13.734	24.059
POLYLINE ORANGE
-13.944	23.479
-13.934	23.519
-13.944	23.609
-13.954	23.689
-13.944	23.709
-13.954	23.739
-13.934	23.819
-13.914	23.949
-13.914	24.009
-13.884	24.119
-13.834	24.219
POLYLINE ORANGE
-18.604	24.419
-18.604	24.419
-18.574	24.449
-18.554	24.409
-18.584	24.379
-18.624	24.409
-18.624	24.419
POLYLINE ORANGE
-18.294	24.419
-18.284	24.399
-18.284	24.419
-18.264	24.439
-18.224	24.439
-18.194	24.409
-18.184	24.369
-18.174	24.329
-18.184	24.289
-18.194	24.249
-18.144	24.409
-18.094	24.469
-18.054	24.439
-18.034	24.369
-18.034	24.329
-17.994	24.419
-17.954	24.459
-17.934	24.459
-17.934	24.439
-17.904	24.389
-17.894	24.309
-17.894	24.249
POLYLINE ORANGE
-18.334	24.529
-18.354	24.529
-18.374	24.549
-18.444	24.549
-18.484	24.559
-18.524	24.519
-18.514	24.479
-18.514	24.369
-18.494	24.389
-18.424	24.399
-18.364	24.369
-18.344	24.309
-18.404	24.259
-18.494	24.219
-18.534	24.219
POLYLINE ORANGE
-18.614	24.399
-18.604	24.419
POLYLINE ORANGE
-18.784	24.259
-18.824	24.249
-18.864	24.279
-18.894	24.389
-18.874	24.489
-18.804	24.519
-18.764	24.509
-18.724	24.499
-18.694	24.459
-18.664	24.369
-18.664	24.329
-18.744	24.269
-18.794	24.239
POLYLINE ORANGE
-17.534	24.529
-17.654	24.479
-17.674	24.479
-17.734	24.439
POLYLINE BLACK
-17.434	25.819
-17.454	25.809
-17.504	25.879
-17.514	25.939
-17.494	25.979
-17.434	25.939
-17.404	25.859
-17.414	25.819
-17.454	25.799
POLYLINE BLACK
-17.494	25.259
-17.514	25.249
-17.564	25.319
-17.574	25.359
-17.534	25.419
-17.474	25.419
-17.434	25.359
-17.434	25.339
-17.534	25.269
POLYLINE BLACK
-17.154	25.069
-17.174	25.069
-17.214	25.159
-17.214	25.209
-17.164	25.259
-17.114	25.209
-17.114	25.129
-17.164	25.099
-17.184	25.099
POLYLINE BLACK
-16.974	24.719
-17.024	24.789
POLYLINE BLACK
-17.114	24.639
-17.144	24.709
POLYLINE BLACK
-17.184	24.609
-17.224	24.669
POLYLINE BLACK
-17.324	24.559
-17.324	24.589
-17.344	24.659
POLYLINE BLACK
-16.944	24.749
POLYLINE BLACK
-17.354	24.559
-17.334	24.539
-17.194	24.559
-17.174	24.569
-17.154	24.559
-17.094	24.589
-17.074	24.589
-16.974	24.669
-16.934	24.749
-16.934	24.789
POLYLINE BLACK
-16.924	24.299
-16.944	24.299
-16.984	24.359
-16.964	24.399
-16.924	24.389
-16.894	24.349
-16.884	24.309
-16.964	24.259
POLYLINE BLACK
-16.774	23.809
-16.794	23.809
-16.814	23.829
-16.814	23.879
-16.784	23.909
-16.744	23.939
-16.724	23.939
-16.684	23.899
-16.694	23.859
-16.734	23.829
-16.774	23.839
POLYLINE BLACK
-16.754	23.609
-16.794	23.619
-17.004	23.829
-17.084	23.999
-17.084	24.029
-17.134	24.089
-17.234	24.259
-17.244	24.299
POLYLINE BLACK
-18.574	27.999
-18.564	27.959
-18.494	27.849
-18.454	27.809
-18.384	27.739
-18.294	27.649
-18.204	27.559
-18.184	27.559
-18.154	27.519
-18.134	27.519
-17.974	27.319
-17.964	27.279
-17.824	27.049
-17.824	27.029
-17.774	26.969
-17.724	26.869
-17.694	26.829
-17.544	26.529
-17.524	26.509
-17.514	26.469
-17.464	26.389
-17.364	26.179
-17.344	26.089
-17.334	26.049
-17.324	26.009
-17.254	25.859
-17.244	25.819
-17.214	25.749
-17.154	25.649
-17.154	25.619
-17.084	25.469
-17.074	25.429
-17.034	25.339
-17.034	25.319
-17.014	25.299
-16.984	25.169
-16.964	25.109
-16.954	25.029
-16.924	24.859
-16.914	24.819
-16.894	24.729
-16.894	24.679
-16.844	24.509
-16.814	24.449
-16.794	24.449
-16.724	24.349
-16.694	24.279
-16.564	24.159
-16.504	24.119
-16.444	24.069
-16.404	24.059
-16.374	24.039
-16.334	24.029
-16.304	23.999
POLYLINE BLACK
-16.624	23.559
-16.654	23.529
-16.674	23.549
-16.754	23.559
-16.824	23.559
-16.864	23.569
-16.944	23.569
-16.964	23.589
-17.044	23.599
-17.084	23.609
-17.144	23.629
-17.184	23.639
-17.344	23.719
-17.424	23.799
-17.444	23.799
-17.504	23.919
-17.504	24.049
-17.474	24.139
-17.444	24.179
-17.444	24.199
-17.404	24.209
-17.394	24.229
-17.334	24.239
-17.294	24.279
-17.294	24.319
-17.354	24.479
-17.424	24.599
-17.504	24.789
-17.504	24.829
-17.544	24.919
-17.574	25.039
-17.634	25.179
-17.684	25.329
-17.794	25.599
-17.814	25.659
-17.834	25.679
-17.844	25.749
-17.894	25.829
-17.924	25.879
-17.954	25.919
-17.974	26.019
-18.024	26.119
-18.054	26.169
-18.094	26.229
-18.154	26.309
-18.174	26.359
-18.214	26.399
-18.214	26.429
-18.244	26.479
-18.254	26.529
-18.274	26.549
-18.274	26.569
-18.344	26.669
-18.404	26.809
-18.454	26.869
-18.474	26.919
-18.504	26.969
-18.514	27.009
-18.594	27.149
-18.644	27.239
-18.714	27.339
-18.754	27.399
-18.834	27.499
-18.894	27.639
-18.924	27.669
-18.954	27.729
POLYLINE GREEN
-12.114	22.619
-12.064	22.569
-12.034	22.529
POLYLINE GREEN
-12.154	22.819
-12.134	22.759
-12.134	22.729
-12.124	22.689
-12.114	22.629
-12.194	22.549
-12.214	22.509
POLYLINE BLACK
-16.084	23.629
-16.104	23.619
-16.114	23.659
-16.114	23.709
-16.094	23.729
-16.054	23.719
-15.994	23.679
-15.994	23.659
-16.074	23.599
-16.114	23.589
POLYLINE BLACK
-15.854	23.309
-15.834	23.259
-15.874	23.269
-15.884	23.309
-15.854	23.339
-15.794	23.349
-15.754	23.319
-15.754	23.279
-15.794	23.259
-15.824	23.259
-15.844	23.269
-15.884	23.259
POLYLINE BLACK
-15.394	23.369
-15.414	23.429
-15.364	23.479
-15.314	23.429
-15.304	23.389
-15.324	23.369
-15.384	23.359
POLYLINE BLACK
-15.024	23.009
-15.044	23.009
-15.054	23.049
-15.034	23.089
-14.994	23.099
-14.954	23.099
-14.934	23.039
-14.964	23.009
-14.994	23.009
-15.034	22.999
-15.054	22.999
POLYLINE BLACK
-14.514	23.179
-14.544	23.209
-14.554	23.249
-14.524	23.279
-14.484	23.269
-14.454	23.229
-14.514	23.179
-14.554	23.179
POLYLINE BLACK
-14.384	22.849
-14.404	22.829
-14.424	22.839
-14.434	22.879
-14.404	22.939
-14.354	22.949
-14.334	22.939
-14.324	22.899
-14.344	22.849
-14.384	22.809
-14.424	22.839
POLYLINE BLACK
-13.904	22.719
-13.844	22.889
-13.814	23.019
-13.744	23.169
-13.704	23.159
-13.684	23.149
-13.644	23.159
-13.624	23.139
-13.574	23.129
-13.494	23.079
-13.474	23.059
-13.434	23.059
-13.414	23.039
-13.394	23.039
-13.314	22.989
-13.254	22.979
-13.214	22.949
-13.174	22.939
-13.124	22.929
-13.104	22.939
-13.064	22.909
-13.044	22.919
-12.964	22.889
-12.994	22.839
-13.164	22.669
-13.234	22.529
-13.234	22.509
-13.254	22.489
-13.254	22.469
-13.274	22.459
-13.374	22.519
-13.484	22.569
-13.544	22.609
-13.564	22.609
-13.604	22.639
-13.644	22.639
-13.684	22.649
-13.704	22.669
-13.764	22.669
-13.784	22.689
-13.864	22.709
-13.904	22.719
-13.924	22.749
-13.924	22.729
-13.904	22.719
POLYLINE BLACK
-13.924	23.319
-13.964	23.309
-14.024	23.259
POLYLINE BLACK
-13.874	23.179
-13.914	23.159
-13.934	23.169
-13.994	23.149
POLYLINE BLACK
-13.884	23.009
-13.944	23.029
-14.024	23.029
POLYLINE BLACK
-13.884	22.849
-14.004	22.889
-14.044	22.879
POLYLINE BLACK
-14.004	22.699
-14.054	22.749
-14.074	22.749
POLYLINE BLACK
-14.054	22.629
-13.924	22.809
-13.884	22.919
-13.884	22.959
-13.874	22.999
-13.874	23.129
-13.884	23.169
-13.884	23.199
-13.914	23.259
-13.924	23.299
POLYLINE BLACK
-12.224	22.799
-12.274	22.809
-12.334	22.799
POLYLINE BLACK
-12.304	22.629
-12.324	22.649
-12.394	22.659
POLYLINE BLACK
-12.434	22.489
-12.464	22.529
POLYLINE BLACK
-12.494	22.349
-12.554	22.399
-12.594	22.419
POLYLINE BLACK
-12.664	22.309
-12.644	22.269
-12.604	22.269
-12.564	22.279
-12.524	22.289
-12.444	22.349
-12.374	22.459
-12.344	22.499
-12.324	22.499
-12.234	22.639
-12.224	22.689
-12.214	22.729
-12.194	22.869
POLYLINE BLACK
-12.174	22.859
-12.214	22.869
-12.254	22.879
-12.294	22.879
-12.334	22.889
-12.354	22.889
-12.464	22.999
-12.554	23.129
-12.574	23.119
-12.604	23.169
-12.644	23.179
-12.704	23.219
-12.764	23.209
-12.784	23.189
-12.824	23.189
-12.864	23.209
-12.884	23.189
-12.924	23.189
-12.964	23.169
-12.984	23.179
-13.024	23.169
-13.044	23.169
-13.084	23.139
-13.124	23.129
-13.214	23.099
-13.234	23.109
-13.294	23.089
-13.354	23.089
-13.454	23.119
-13.574	23.119
-13.614	23.129
-13.634	23.149
-13.654	23.149
-13.674	23.169
-13.714	23.179
-13.854	23.279
-13.874	23.279
-13.974	23.339
-14.054	23.379
-14.114	23.389
-14.134	23.369
-14.244	23.369
-14.264	23.389
-14.284	23.389
-14.304	23.369
-14.344	23.369
-14.384	23.379
-14.424	23.369
-14.484	23.369
-14.524	23.379
-14.544	23.399
-14.604	23.399
-14.644	23.409
-14.744	23.429
-14.784	23.429
-14.824	23.439
-14.854	23.439
-15.004	23.489
-15.094	23.489
-15.174	23.539
-15.284	23.569
-15.324	23.579
-15.404	23.619
-15.464	23.619
-15.574	23.679
-15.614	23.689
-15.654	23.679
-15.694	23.699
-15.724	23.699
-15.764	23.739
-15.854	23.779
-15.874	23.799
-15.894	23.789
-15.914	23.809
-15.954	23.819
-16.074	23.879
-16.094	23.899
-16.134	23.909
-16.194	23.949
-16.214	23.939
-16.334	24.009
POLYLINE BLACK
-12.704	22.309
-12.734	22.349
-12.774	22.359
-12.794	22.349
-12.854	22.369
-12.894	22.369
-12.974	22.389
-13.084	22.409
-13.204	22.439
-13.264	22.459
-13.284	22.449
-13.324	22.459
-13.384	22.469
-13.404	22.459
-13.464	22.479
-13.484	22.469
-13.524	22.479
-13.564	22.489
-13.604	22.499
-13.644	22.499
-13.784	22.539
-13.824	22.529
-13.884	22.549
-13.924	22.579
-13.984	22.579
-14.164	22.639
-14.184	22.639
-14.204	22.659
-14.404	22.709
-14.474	22.719
-14.584	22.739
-14.664	22.769
-14.684	22.759
-14.724	22.759
-14.844	22.799
-14.894	22.809
-14.934	22.819
-14.954	22.819
-14.974	22.839
-15.004	22.839
-15.094	22.869
-15.164	22.879
-15.184	22.899
-15.344	22.939
-15.494	22.999
-15.534	23.009
-15.574	23.029
-15.604	23.029
-15.684	23.059
-15.704	23.049
-15.724	23.069
-15.764	23.069
-15.834	23.089
-15.854	23.109
-15.894	23.109
-15.994	23.149
-16.034	23.189
-16.074	23.189
-16.184	23.219
-16.224	23.229
-16.324	23.289
-16.404	23.349
-16.474	23.379
-16.534	23.419
-16.554	23.419
-16.624	23.479
-16.664	23.479
POLYLINE BLACK
-7.774	22.959
-7.794	22.939
-7.834	22.949
-7.934	22.919
-7.974	22.919
-8.054	22.899
-8.144	22.919
-8.224	22.939
-8.264	22.949
-8.284	22.939
-8.344	22.959
-8.354	22.939
-8.374	22.939
POLYLINE BLACK
-7.814	22.919
-7.814	22.999
-7.824	23.089
-7.824	23.149
-7.814	23.219
-7.814	23.309
-7.804	23.349
-7.804	23.389
-7.824	23.459
-7.834	23.479
POLYLINE BLACK
-7.844	23.429
-7.884	23.439
-7.904	23.429
-7.974	23.449
-8.034	23.449
-8.054	23.459
-8.104	23.449
-8.144	23.439
-8.184	23.449
-8.234	23.459
-8.354	23.489
-8.374	23.489
-8.374	23.239
-8.364	23.199
-8.364	23.029
-8.354	22.989
-8.354	22.929
POLYLINE BLACK
-8.334	25.329
-8.304	25.299
-8.284	25.309
-8.214	25.279
-8.114	25.159
-8.094	25.099
-8.094	25.049
-8.074	25.009
-8.064	25.029
-8.064	25.029
-8.064	25.049
-8.054	25.029
-8.014	25.029
-7.954	25.009
-7.934	25.009
-7.884	24.959
-7.854	24.829
-7.854	24.689
-7.884	24.639
-7.894	24.599
-7.904	24.559
-7.914	24.519
-7.904	24.479
-7.894	24.439
-7.864	24.329
-7.824	24.149
-7.814	24.109
-7.784	23.999
-7.754	23.919
-7.744	23.879
-7.694	23.709
-7.654	23.549
-7.634	23.469
-7.634	23.439
-7.624	23.399
-7.624	23.359
-7.604	23.279
-7.604	23.209
-7.594	23.169
-7.594	23.119
-7.574	23.039
-7.574	22.919
-7.614	22.859
POLYLINE BLACK
-8.414	23.679
-8.424	23.719
-8.424	23.819
-8.434	23.869
-8.434	23.979
-8.424	24.019
-8.424	24.059
-8.414	24.099
-8.414	24.169
-8.424	24.209
-8.444	24.319
-8.454	24.399
-8.454	24.679
-8.464	24.749
-8.464	24.809
-8.474	24.849
-8.474	24.909
-8.484	24.949
-8.494	25.039
-8.504	25.119
-8.504	25.199
-8.484	25.259
-8.454	25.289
-8.374	25.309
-8.314	25.279
-8.304	25.259
POLYLINE BLACK
-7.584	22.869
-7.594	22.849
-7.734	22.849
-7.774	22.859
-7.814	22.859
-7.874	22.879
-7.914	22.879
-8.014	22.849
-8.054	22.839
-8.074	22.849
-8.114	22.839
-8.154	22.849
-8.274	22.879
-8.294	22.899
-8.334	22.909
-8.374	22.899
-8.394	22.909
-8.434	22.899
-8.474	22.889
-8.494	22.909
-8.514	22.909
-8.584	22.979
-8.614	23.069
-8.574	23.149
-8.564	23.189
-8.514	23.269
-8.474	23.379
-8.474	23.439
-8.454	23.459
-8.454	23.549
-8.464	23.589
-8.444	23.669
POLYLINE CONNECT
-7.744	23.679
-12.163	22.724
POLYLINE BLACK
-10.974	21.319
-11.014	21.329
-11.074	21.309
-11.124	21.309
-11.234	21.259
-11.364	21.229
-11.454	21.199
-11.584	21.169
-11.644	21.149
-11.664	21.129
-11.704	21.159
-11.744	21.229
-11.824	21.309
-12.044	21.659
-12.174	21.819
-12.254	21.919
-12.274	21.969
-12.404	22.129
-12.414	22.149
-12.404	22.179
-12.384	22.179
-12.264	22.289
-12.164	22.359
-12.144	22.359
-12.114	22.379
-12.094	22.379
-11.994	22.449
-11.854	22.559
-11.834	22.549
-11.794	22.569
-11.764	22.539
-11.654	22.369
-11.514	22.159
-11.434	22.039
-11.354	21.909
-11.324	21.859
-11.184	21.699
-11.114	21.619
-11.074	21.549
-11.024	21.499
-10.944	21.369
POLYLINE BLACK
-10.414	21.969
-10.484	22.149
-10.484	22.169
POLYLINE BLACK
-10.354	21.659
-10.364	21.709
-10.384	21.799
-10.394	21.819
POLYLINE BLACK
-10.744	21.919
-10.744	21.989
-10.754	22.029
-10.754	22.059
-10.764	22.079
POLYLINE BLACK
-10.744	21.719
-10.674	21.659
-10.674	21.699
-10.714	21.779
POLYLINE BLACK
-10.454	21.109
-10.524	21.259
-10.534	21.299
-10.594	21.379
-10.594	21.399
-10.624	21.439
-10.684	21.569
-10.694	21.609
-10.744	21.689
-10.774	21.779
-10.914	22.079
-10.974	22.159
-10.994	22.209
-11.014	22.229
-11.014	22.249
-11.094	22.399
-11.144	22.479
-11.184	22.509
-11.184	22.529
-11.224	22.559
-11.264	22.569
-11.284	22.589
-11.324	22.579
-11.364	22.609
-11.404	22.619
-11.494	22.649
-11.554	22.659
-11.614	22.699
-11.674	22.699
-11.714	22.709
-11.804	22.709
-11.884	22.729
-11.914	22.719
-11.974	22.739
-12.014	22.749
-12.074	22.769
-12.084	22.789
-12.104	22.789
-12.124	22.809
-12.114	22.789
POLYLINE BLACK
-11.014	20.979
-11.064	20.929
-11.124	20.899
-11.164	20.899
-11.184	20.879
-11.204	20.889
-11.224	20.879
-11.264	20.889
-11.284	20.879
-11.314	20.889
-11.354	20.869
-11.394	20.879
-11.434	20.869
-11.514	20.869
-11.574	20.889
-11.594	20.909
-11.614	20.909
-11.674	20.959
-11.874	21.099
-11.954	21.149
-12.044	21.239
-12.064	21.249
-12.094	21.299
-12.154	21.349
-12.184	21.399
-12.234	21.469
-12.274	21.509
-12.354	21.609
-12.444	21.789
-12.504	21.869
-12.634	22.159
-12.644	22.199
-12.684	22.289
-12.694	22.329
-12.714	22.389
POLYLINE BLACK
-9.904	18.679
-9.924	18.719
-9.924	18.769
-9.974	18.939
-10.004	19.029
-10.034	19.089
-10.044	19.129
-10.144	19.349
-10.154	19.389
-10.184	19.429
-10.184	19.449
-10.274	19.639
-10.304	19.689
-10.354	19.789
-10.404	19.849
-10.424	19.899
-10.554	20.109
-10.694	20.309
-10.714	20.359
-10.844	20.549
-10.894	20.639
-10.964	20.739
-10.974	20.769
-11.004	20.799
-11.054	20.889
POLYLINE BLACK
-10.844	21.029
-10.864	21.009
-10.894	21.039
-10.884	21.079
-10.854	21.119
-10.814	21.109
-10.814	21.039
-10.834	20.969
POLYLINE BLACK
-10.674	20.249
-10.714	20.259
-10.734	20.279
-10.724	20.349
-10.684	20.409
-10.664	20.429
-10.614	20.379
-10.614	20.319
-10.654	20.259
-10.724	20.259
POLYLINE BLACK
-10.194	20.039
-10.234	20.039
-10.244	20.109
-10.194	20.159
-10.164	20.119
-10.164	20.079
-10.184	20.059
-10.204	20.059
POLYLINE BLACK
-10.124	19.389
-10.144	19.399
-10.184	19.389
-10.194	19.439
-10.164	19.519
-10.124	19.549
-10.104	19.529
-10.104	19.449
-10.124	19.439
POLYLINE BLUE
-10.314	21.019
-10.354	21.079
-10.354	21.119
-10.344	21.159
-10.344	21.199
-10.374	21.239
-10.394	21.239
-10.424	21.279
-10.394	21.369
-10.374	21.429
-10.374	21.449
-10.414	21.479
-10.464	21.479
-10.524	21.499
-10.564	21.509
-10.574	21.529
-10.544	21.609
-10.494	21.689
-10.574	21.819
-10.614	21.849
-10.614	21.799
-10.624	21.759
-10.624	21.709
-10.594	21.799
-10.564	21.859
-10.544	21.859
-10.444	21.769
-10.424	21.759
POLYLINE BLUE
-9.524	18.249
-9.554	18.279
-9.604	18.359
-9.614	18.399
-9.634	18.489
-9.644	18.529
-9.594	18.749
-9.564	18.829
-9.564	18.929
-9.604	18.999
-9.634	19.009
-9.724	19.129
-9.794	19.229
-9.804	19.319
-9.784	19.379
-9.734	19.469
-9.714	19.479
-9.704	19.569
-9.684	19.649
-9.684	19.739
-9.764	19.799
-9.804	19.799
-9.844	19.829
-9.864	19.829
-9.874	19.869
-9.874	19.899
-9.864	19.939
-9.854	20.019
-9.854	20.149
-9.844	20.169
-9.874	20.269
-9.934	20.379
-9.934	20.399
-9.984	20.489
-9.984	20.489
-10.014	20.429
-10.024	20.349
-10.004	20.409
-9.984	20.509
-9.944	20.469
-9.934	20.439
-9.834	20.379
POLYLINE BLACK
-10.454	21.159
-10.454	21.109
-10.444	21.069
-10.434	21.029
POLYLINE BLACK
-10.614	21.319
-10.574	21.249
POLYLINE BLACK
-10.294	21.369
-10.294	21.399
-10.324	21.449
-10.334	21.469
POLYLINE BLACK
-10.234	21.199
-10.254	21.189
-10.274	21.209
POLYLINE BLACK
-9.344	19.039
-9.304	18.949
-9.304	18.989
-9.314	19.029
-9.314	19.059
-9.324	19.099
-9.324	19.139
-9.344	19.219
-9.364	19.309
-9.414	19.459
-9.484	19.639
-9.514	19.679
-9.514	19.709
-9.564	19.809
-9.584	19.829
-9.594	19.869
-9.644	19.999
-9.644	20.029
-9.714	20.139
-9.714	20.159
-9.754	20.219
-9.764	20.259
-9.834	20.409
-9.834	20.429
-9.874	20.459
-9.894	20.509
-9.914	20.529
-9.924	20.569
-10.044	20.739
-10.064	20.759
-10.074	20.799
-10.134	20.899
-10.134	20.919
-10.194	21.029
-10.194	21.049
POLYLINE BLACK
-8.584	14.019
-8.604	14.019
-8.654	14.079
-8.654	14.129
-8.604	14.209
-8.564	14.199
-8.534	14.139
-8.534	14.059
-8.544	14.039
-8.584	14.029
POLYLINE BLACK
-7.964	13.069
-8.044	13.119
-8.034	13.159
-8.014	13.179
-7.954	13.189
-7.904	13.139
-7.914	13.099
-7.954	13.059
-7.974	13.069
POLYLINE BLACK
-8.424	13.249
-8.464	13.279
-8.454	13.339
-8.424	13.379
-8.404	13.379
-8.384	13.399
-8.364	13.399
-8.324	13.339
-8.324	13.299
-8.334	13.279
-8.394	13.279
POLYLINE BLACK
-8.184	13.819
-8.234	13.869
-8.234	13.889
-8.194	13.929
-8.174	13.929
-8.124	13.849
-8.124	13.809
-8.134	13.789
-8.174	13.789
-8.234	13.829
POLYLINE BLACK
-9.744	14.349
-9.734	14.299
-9.724	14.279
-9.614	14.309
POLYLINE BLACK
-9.724	14.299
POLYLINE BLACK
-9.894	14.439
-9.794	14.449
POLYLINE BLACK
-10.034	14.329
-10.034	14.309
-9.964	14.329
POLYLINE BLACK
-10.364	14.439
-10.304	14.419
POLYLINE BLACK
-10.204	14.539
-10.164	14.539
-10.144	14.549
-10.124	14.539
-10.104	14.549
POLYLINE BLACK
-10.614	14.599
-10.614	14.579
-10.594	14.589
-10.554	14.579
POLYLINE BLACK
-10.864	14.679
-10.824	14.689
POLYLINE BLUE
-8.444	14.116
-8.423	14.088
-8.416	14.067
-8.360	14.004
-8.339	13.976
-8.339	13.962
-8.325	13.948
-8.318	13.927
-8.304	13.913
POLYLINE BLUE
-8.122	13.010
-8.150	13.024
-8.164	13.024
-8.234	13.059
-8.283	13.122
-8.290	13.157
-8.290	13.171
-8.297	13.185
-8.290	13.199
-8.290	13.234
-8.269	13.276
-8.269	13.290
-8.255	13.311
-8.255	13.325
-8.241	13.353
-8.241	13.381
-8.234	13.395
-8.234	13.430
-8.241	13.458
-8.241	13.472
-8.248	13.500
-8.304	13.542
-8.318	13.542
-8.353	13.556
-8.409	13.605
-8.409	13.675
-8.402	13.703
-8.402	13.717
-8.388	13.752
-8.388	13.829
-8.395	13.857
-8.395	13.892
-8.416	13.941
-8.416	13.962
-8.430	13.990
-8.430	14.067
-8.437	14.095
-8.437	14.109
-8.444	14.123
-8.458	14.095
-8.458	14.011
-8.465	13.983
-8.465	13.920
-8.458	13.906
POLYLINE BLACK
-7.758	13.052
-7.737	13.003
-7.737	12.982
-7.702	12.919
POLYLINE BLACK
-7.870	13.444
-7.856	13.409
-7.856	13.388
-7.807	13.269
POLYLINE BLACK
-8.472	12.856
-8.472	12.842
-8.430	12.751
-8.423	12.730
-8.409	12.716
POLYLINE BLACK
-8.605	13.206
-8.591	13.192
-8.570	13.122
-8.556	13.094
-8.549	13.059
-8.542	13.038
POLYLINE BLACK
-8.143	14.760
-8.136	14.725
-8.136	14.683
-8.129	14.648
-8.129	14.529
-8.115	14.473
-8.115	14.438
-8.101	14.382
-8.087	14.284
-8.059	14.165
-8.059	14.144
-8.045	14.109
-8.038	14.074
-8.010	14.004
-8.003	13.955
-7.982	13.913
-7.975	13.878
-7.947	13.801
-7.947	13.787
-7.933	13.752
-7.926	13.703
-7.919	13.689
-7.919	13.668
-7.912	13.640
-7.912	13.626
-7.898	13.584
-7.898	13.563
-7.884	13.535
-7.884	13.521
POLYLINE BLACK
-8.864	14.284
-8.759	13.885
-8.759	13.801
-8.717	13.675
-8.689	13.549
-8.661	13.402
-8.654	13.388
-8.647	13.325
POLYLINE BLACK
-12.588	15.684
-12.602	15.691
-12.630	15.684
-12.658	15.698
-12.672	15.698
POLYLINE BLACK
-12.616	15.390
-12.644	15.383
-12.693	15.383
-12.721	15.369
POLYLINE BLACK
-12.462	15.306
-12.462	15.320
-12.476	15.334
-12.490	15.334
-12.518	15.348
POLYLINE BLACK
-12.315	15.621
-12.343	15.600
-12.357	15.614
-12.371	15.614
-12.399	15.621
-12.413	15.621
POLYLINE BLACK
-12.105	15.544
-12.105	15.530
-12.147	15.551
-12.161	15.544
-12.182	15.544
POLYLINE BLACK
-12.259	15.292
-12.287	15.306
-12.329	15.292
POLYLINE BLACK
-9.529	14.508
-9.543	14.494
POLYLINE BLACK
-9.529	14.480
-9.536	14.466
-9.620	14.466
-9.634	14.473
-9.648	14.459
-9.662	14.459
-9.690	14.480
-9.704	14.480
-9.718	14.473
-9.746	14.487
-9.809	14.494
-9.858	14.515
-9.872	14.515
-9.928	14.550
-9.977	14.550
-10.026	14.571
-10.082	14.578
-10.110	14.592
-10.124	14.592
-10.229	14.634
-10.243	14.634
-10.327	14.669
-10.341	14.662
-10.495	14.725
-10.537	14.746
-10.551	14.760
-10.565	14.760
-10.677	14.802
-10.754	14.837
-10.852	14.872
-10.866	14.872
-10.957	14.914
-10.985	14.935
-11.006	14.935
-11.048	14.970
-11.125	15.005
-11.139	15.005
-11.335	15.103
-11.349	15.103
-11.377	15.124
-11.412	15.131
-11.440	15.152
-11.503	15.180
-11.559	15.222
-11.615	15.264
-11.629	15.264
-11.692	15.313
-11.727	15.327
-11.769	15.355
-11.783	15.376
-11.860	15.411
-11.874	15.411
-11.909	15.432
-11.923	15.432
-12.021	15.481
POLYLINE BLACK
-9.571	14.186
-9.585	14.172
-9.620	14.165
-9.648	14.158
-9.662	14.165
-9.690	14.158
-9.718	14.172
-9.753	14.172
-9.781	14.179
-9.802	14.179
-9.816	14.186
-9.837	14.186
-9.893	14.200
-9.928	14.207
-9.977	14.221
-10.033	14.228
-10.089	14.235
-10.145	14.249
-10.180	14.249
-10.208	14.256
-10.222	14.256
-10.250	14.270
-10.264	14.270
-10.320	14.284
-10.355	14.291
-10.495	14.354
-10.537	14.382
-10.572	14.389
-10.649	14.431
-10.691	14.459
-10.775	14.501
-10.859	14.550
-10.922	14.578
-10.936	14.578
-10.964	14.613
-10.992	14.613
-11.034	14.641
-11.048	14.641
-11.076	14.662
-11.090	14.662
-11.125	14.683
-11.139	14.683
-11.167	14.690
-11.209	14.725
-11.251	14.746
-11.265	14.746
-11.342	14.788
-11.419	14.851
-11.468	14.872
-11.524	14.921
-11.552	14.928
-11.615	14.970
-11.643	14.977
-11.685	15.012
-11.699	15.012
-11.769	15.061
-11.783	15.061
-11.797	15.068
-11.818	15.096
-11.923	15.152
-11.965	15.180
-11.979	15.180
-12.007	15.201
-12.028	15.201
-12.070	15.229
-12.112	15.250
-12.126	15.264
POLYLINE BLACK
-8.857	14.284
-8.913	14.256
-8.948	14.249
-8.976	14.256
-9.046	14.242
-9.102	14.242
-9.151	14.235
-9.179	14.221
-9.207	14.221
-9.235	14.214
-9.249	14.214
-9.284	14.200
-9.312	14.200
-9.340	14.193
-9.354	14.193
-9.410	14.179
-9.438	14.179
-9.480	14.151
-9.508	14.151
-9.536	14.130
-9.550	14.130
-9.564	14.123
-9.571	14.109
POLYLINE BLACK
-8.934	14.585
-8.934	14.571
-8.948	14.557
-8.962	14.564
-8.990	14.543
-9.067	14.543
-9.088	14.550
-9.102	14.543
-9.151	14.536
-9.165	14.522
-9.179	14.522
-9.193	14.508
-9.207	14.508
-9.235	14.501
-9.249	14.487
-9.277	14.487
-9.305	14.473
-9.333	14.473
-9.361	14.466
-9.431	14.466
-9.466	14.445
-9.480	14.445
-9.508	14.438
-9.522	14.438
-9.550	14.431
-9.564	14.417
-9.578	14.417
-9.578	14.403
POLYLINE BLUE
-9.328	17.715
-9.300	17.694
-9.244	17.624
-9.188	17.575
-9.167	17.547
-9.139	17.526
POLYLINE BLUE
-8.918	16.204
-8.968	16.264
-9.018	16.354
-9.008	16.394
-8.978	16.464
-8.948	16.514
-8.928	16.574
-8.938	16.614
-8.958	16.634
-8.998	16.644
-9.038	16.664
-9.068	16.664
-9.168	16.704
-9.158	16.754
-9.068	16.914
-9.028	17.024
-9.028	17.064
-9.058	17.134
-9.128	17.174
-9.168	17.184
-9.258	17.274
-9.288	17.384
-9.288	17.434
-9.298	17.474
-9.298	17.504
-9.308	17.544
-9.318	17.594
-9.348	17.694
-9.378	17.654
-9.398	17.544
-9.398	17.454
POLYLINE BLACK
-9.368	18.394
-9.408	18.404
-9.458	18.474
-9.458	18.534
-9.428	18.564
-9.398	18.564
-9.338	18.534
-9.308	18.474
-9.418	18.424
POLYLINE BLACK
-9.498	17.814
-9.538	17.804
-9.558	17.794
-9.568	17.834
-9.548	17.894
-9.468	17.924
-9.438	17.894
-9.438	17.844
-9.448	17.824
-9.498	17.814
POLYLINE BLACK
-9.078	17.354
-9.118	17.334
-9.138	17.394
-9.118	17.464
-9.078	17.494
-9.058	17.484
-9.058	17.464
-9.038	17.444
-9.028	17.394
-9.078	17.344
POLYLINE BLACK
-9.208	16.734
-9.238	16.774
-9.238	16.814
-9.208	16.854
-9.168	16.844
-9.128	16.834
-9.108	16.774
-9.108	16.754
-9.148	16.754
POLYLINE BLACK
-8.778	16.324
-8.818	16.324
-8.848	16.364
-8.818	16.394
-8.778	16.394
-8.748	16.364
-8.748	16.344
-8.788	16.314
POLYLINE BLACK
-8.938	15.794
-8.958	15.774
-8.998	15.784
-8.998	15.824
-8.978	15.864
-8.948	15.884
-8.908	15.894
-8.868	15.834
-8.868	15.794
-8.888	15.784
-8.928	15.794
POLYLINE BLACK
-8.598	15.434
-8.618	15.434
-8.628	15.474
-8.578	15.554
-8.558	15.554
-8.538	15.504
-8.548	15.464
-8.588	15.444
POLYLINE BLACK
-8.758	14.884
-8.778	14.884
-8.788	14.954
-8.728	14.994
-8.688	14.984
-8.678	14.944
-8.678	14.924
-8.738	14.894
POLYLINE BLACK
-8.148	14.814
-8.228	14.964
-8.228	14.994
-8.258	15.074
-8.258	15.124
-8.308	15.274
-8.308	15.304
-8.348	15.424
-8.358	15.464
-8.408	15.594
-8.408	15.624
-8.438	15.734
-8.488	15.944
-8.498	15.984
-8.558	16.244
-8.558	16.274
-8.588	16.364
-8.608	16.474
-8.608	16.504
-8.638	16.634
-8.638	16.684
-8.658	16.744
-8.658	16.774
-8.708	16.944
-8.758	17.054
-8.758	17.084
-8.808	17.224
-8.808	17.254
-8.858	17.424
-8.858	17.454
-8.888	17.534
-8.888	17.564
-8.948	17.704
-8.978	17.794
-9.028	17.924
-9.048	17.944
-9.058	17.994
-9.078	18.034
-9.078	18.064
-9.108	18.174
-9.108	18.274
-9.138	18.424
-9.158	18.514
-9.198	18.634
-9.258	18.754
-9.268	18.804
-9.278	18.844
-9.278	18.844
POLYLINE BLACK
-8.938	14.534
-8.968	14.644
-8.968	14.674
-8.988	14.774
-8.988	14.824
-9.008	14.914
-9.018	14.954
-9.088	15.304
-9.168	15.584
-9.248	15.824
-9.258	15.864
-9.318	16.064
-9.348	16.174
-9.348	16.204
-9.368	16.264
-9.368	16.294
-9.378	16.334
-9.388	16.414
-9.418	16.514
-9.468	16.744
-9.548	17.044
-9.548	17.074
-9.608	17.254
-9.668	17.414
-9.668	17.444
-9.698	17.504
-9.698	17.534
-9.738	17.674
-9.758	17.824
-9.768	17.874
-9.778	17.964
-9.788	18.004
-9.788	18.064
-9.798	18.134
-9.798	18.174
-9.808	18.214
-9.818	18.314
-9.828	18.354
-9.828	18.384
-9.848	18.464
-9.848	18.494
POLYLINE BLACK
-9.238	18.644
-9.218	18.664
-9.248	18.744
-9.268	18.844
-9.308	18.944
-9.308	18.974
-9.338	19.064
-9.348	19.104
POLYLINE BLACK
-9.828	18.394
-9.858	18.474
-9.868	18.514
-9.918	18.674
-9.918	18.704
-9.958	18.844
POLYLINE BLACK
-11.793	17.684
-11.783	17.684
-11.753	17.704
-11.743	17.704
-11.703	17.724
POLYLINE BLACK
-11.458	17.319
-11.448	17.319
-11.403	17.284
-11.393	17.284
POLYLINE BLACK
-11.483	17.414
-11.448	17.409
-11.438	17.404
-11.423	17.409
-11.413	17.404
POLYLINE BLACK
-11.488	17.504
-11.458	17.504
-11.428	17.509
-11.418	17.509
POLYLINE BLACK
-11.518	17.614
-11.483	17.614
-11.463	17.609
-11.443	17.614
POLYLINE BLACK
-11.548	17.704
-11.528	17.704
-11.498	17.709
-11.488	17.709
-11.478	17.719
POLYLINE BLACK
-11.553	17.849
-11.533	17.844
-11.493	17.844
-11.453	17.854
POLYLINE BLACK
-11.578	17.924
-11.558	17.934
-11.533	17.934
-11.503	17.949
-11.493	17.944
POLYLINE BLACK
-11.608	18.059
-11.598	18.054
-11.578	18.074
-11.568	18.074
-11.558	18.084
-11.533	18.089
POLYLINE BLACK
-11.658	18.159
-11.638	18.174
-11.568	18.209
POLYLINE BLACK
-11.693	18.239
-11.658	18.279
-11.638	18.294
POLYLINE BLACK
-11.758	18.359
-11.743	18.364
-11.703	18.394
-11.693	18.394
POLYLINE BLACK
-11.843	18.429
-11.788	18.469
-11.778	18.474
POLYLINE BLACK
-11.888	18.489
-11.868	18.489
-11.848	18.479
POLYLINE BLACK
-11.908	18.359
-11.898	18.354
-11.888	18.359
-11.833	18.349
POLYLINE BLACK
-11.923	18.174
-11.868	18.174
-11.858	18.169
POLYLINE BLACK
-11.928	17.989
-11.918	17.999
-11.883	18.004
-11.863	18.014
POLYLINE BLACK
-11.863	17.834
-11.833	17.854
-11.798	17.864
POLYLINE BLACK
-11.683	17.509
-11.663	17.529
-11.653	17.529
-11.633	17.549
POLYLINE BLACK
-11.598	17.364
-11.588	17.384
-11.563	17.414
-11.558	17.424
POLYLINE BLACK
-11.503	17.259
-11.483	17.299
POLYLINE BLACK
-11.438	17.209
-11.438	17.199
-11.428	17.189
-11.403	17.219
-11.393	17.224
-11.383	17.264
-11.383	17.294
-11.388	17.314
-11.388	17.339
-11.393	17.359
-11.393	17.379
-11.398	17.399
-11.398	17.424
-11.403	17.444
-11.403	17.499
-11.408	17.519
-11.408	17.539
-11.418	17.559
-11.418	17.579
-11.438	17.654
-11.438	17.674
-11.448	17.714
-11.453	17.759
-11.458	17.779
-11.458	17.794
-11.468	17.829
-11.468	17.839
-11.473	17.859
-11.473	17.874
-11.478	17.884
-11.478	17.899
-11.483	17.909
-11.483	17.934
-11.498	17.974
-11.498	17.989
-11.508	18.009
-11.508	18.019
-11.528	18.059
-11.528	18.069
-11.548	18.124
-11.578	18.184
-11.618	18.244
-11.628	18.269
-11.673	18.329
-11.678	18.344
-11.748	18.444
-11.808	18.524
-11.833	18.554
-11.853	18.569
-11.863	18.584
-11.893	18.594
-11.903	18.584
POLYLINE BLACK
-11.948	18.039
-11.943	17.994
-11.928	17.964
-11.928	17.954
-11.883	17.864
-11.878	17.839
-11.863	17.809
-11.853	17.774
-11.838	17.739
-11.828	17.729
-11.828	17.719
-11.798	17.679
-11.798	17.669
-11.768	17.624
-11.768	17.614
-11.758	17.604
-11.753	17.589
-11.733	17.559
-11.703	17.519
-11.698	17.504
-11.648	17.434
-11.643	17.419
-11.613	17.394
-11.613	17.384
-11.588	17.354
-11.583	17.344
-11.573	17.339
-11.523	17.264
-11.513	17.259
-11.488	17.229
-11.478	17.224
-11.473	17.214
-11.443	17.194
-11.438	17.184
-11.428	17.189
-11.428	17.179
POLYLINE BLACK
-11.893	18.629
-11.868	18.589
-11.883	18.559
-11.883	18.549
-11.893	18.509
-11.893	18.444
-11.903	18.414
-11.903	18.379
-11.913	18.339
-11.913	18.329
-11.918	18.309
-11.918	18.284
-11.923	18.264
-11.923	18.219
-11.928	18.194
-11.928	18.174
-11.938	18.154
-11.933	18.144
-11.943	18.119
-11.943	18.014
-11.928	17.984

ELEVATION
STATIONS
30.232	-12.021	3.0
31.622	-12.348	3.1
34.035	-15.395	3.2
38.274	-13.879	3.3
39.346	-14.149	3.4
38.944	-15.194	3.5
43.513	-17.347	3.6
48.382	-18.548	3.7
51.055	-20.291	3.8
57.612	-21.702	3.9
58.724	-21.656	3.10
63.016	-21.371	3.11
66.145	-22.345	3.12
70.813	-22.613	3.13
SHOTS
66.145	-22.345	70.813	-22.613
70.813	-22.613	66.139	-22.368
70.813	-22.613	70.747	-22.650
70.813	-22.613	70.820	-22.233
70.813	-22.613	70.776	-23.327
70.813	-22.613	71.629	-20.039
63.016	-21.371	66.145	-22.345
66.145	-22.345	63.016	-21.365
66.145	-22.345	66.137	-22.354
66.145	-22.345	66.098	-23.149
66.145	-22.345	66.371	-20.596
58.724	-21.656	63.016	-21.371
63.016	-21.371	58.746	-21.709
63.016	-21.371	63.065	-21.345
63.016	-21.371	63.245	-19.323
63.016	-21.371	62.923	-22.965
57.612	-21.702	58.724	-21.656
58.724	-21.656	57.629	-21.726
58.724	-21.656	58.701	-21.643
58.724	-21.656	58.600	-22.811
58.724	-21.656	58.645	-20.819
51.055	-20.291	57.612	-21.702
57.612	-21.702	51.031	-20.324
57.612	-21.702	57.683	-21.681
57.612	-21.702	57.777	-20.552
57.612	-21.702	57.673	-22.758
57.612	-21.702	54.071	-22.007
48.382	-18.548	51.055	-20.291
51.055	-20.291	48.363	-18.539
51.055	-20.291	51.110	-20.343
51.055	-20.291	51.459	-15.896
51.055	-20.291	51.131	-21.710
51.055	-20.291	49.857	-20.247
43.513	-17.347	48.382	-18.548
48.382	-18.548	43.512	-17.398
48.382	-18.548	48.401	-18.570
48.382	-18.548	48.732	-14.875
48.382	-18.548	48.331	-19.081
48.382	-18.548	48.675	-21.074
38.944	-15.194	43.513	-17.347
43.513	-17.347	38.949	-15.188
43.513	-17.347	43.563	-17.332
43.513	-17.347	43.415	-18.502
43.513	-17.347	43.974	-14.615
43.513	-17.347	40.912	-17.227
43.513	-17.347	40.746	-17.108
34.035	-15.395	38.944	-15.194
38.944	-15.194	34.037	-15.414
38.944	-15.194	39.398	-15.282
38.944	-15.194	38.919	-16.061
38.944	-15.194	39.208	-13.643
38.944	-15.194	38.126	-15.351
38.944	-15.194	36.775	-15.290
38.274	-13.879	39.346	-14.149
39.346	-14.149	39.388	-14.825
39.346	-14.149	39.213	-14.128
39.346	-14.149	39.305	-13.601
39.346	-14.149	41.199	-14.617
34.035	-15.395	38.274	-13.879
38.274	-13.879	34.097	-15.431
38.274	-13.879	38.009	-13.913
38.274	-13.879	38.656	-13.969
38.274	-13.879	38.063	-12.358
38.274	-13.879	38.380	-14.801
38.274	-13.879	38.672	-13.930
31.622	-12.348	34.035	-15.395
34.035	-15.395	31.630	-12.316
34.035	-15.395	33.124	-15.459
34.035	-15.395	33.378	-15.859
34.035	-15.395	32.443	-13.591
30.232	-12.021	31.622	-12.348
31.622	-12.348	30.237	-12.033
31.622	-12.348	31.065	-12.354
31.622	-12.348	31.916	-12.453
31.622	-12.348	31.295	-12.629
30.232	-12.021	30.232	-12.021
POLYLINE BLACK
71.607	-23.216
71.567	-23.256
71.447	-23.256
71.407	-23.276
71.327	-23.256
71.247	-23.256
71.187	-23.236
71.147	-23.256
71.107	-23.216
71.067	-23.256
71.027	-23.216
70.947	-23.236
70.747	-23.276
POLYLINE BLACK
71.067	-22.136
71.027	-22.176
70.907	-22.156
70.827	-22.176
70.747	-22.196
70.667	-22.216
70.547	-22.216
70.467	-22.196
70.367	-22.076
70.367	-21.876
70.447	-21.856
70.527	-21.856
70.607	-21.836
70.767	-21.836
70.847	-21.816
70.927	-21.816
71.067	-21.856
71.107	-21.836
71.167	-21.896
71.167	-22.096
71.087	-22.196
POLYLINE BLACK
71.687	-20.016
71.687	-20.056
71.647	-20.016
71.567	-20.036
71.347	-20.036
71.267	-20.056
71.107	-20.036
70.927	-20.056
70.707	-20.056
70.627	-20.036
70.587	-20.056
70.447	-20.016
70.287	-20.016
70.087	-19.976
69.727	-19.936
69.547	-19.896
69.427	-19.896
69.387	-19.876
69.327	-19.896
69.287	-19.876
69.187	-19.896
69.087	-19.876
68.967	-19.896
68.847	-19.856
68.627	-19.856
68.487	-19.836
68.407	-19.816
68.327	-19.836
68.227	-19.776
68.107	-19.776
67.947	-19.716
67.767	-19.716
67.587	-19.676
67.507	-19.656
67.427	-19.676
67.347	-19.656
67.247	-19.676
67.087	-19.676
67.007	-19.636
66.587	-19.636
66.547	-19.616
66.507	-19.636
66.467	-19.616
66.387	-19.636
66.307	-19.636
66.227	-19.656
POLYLINE BLACK
70.827	-23.276
70.747	-23.276
70.667	-23.256
70.627	-23.256
70.587	-23.216
70.307	-23.216
70.127	-23.176
69.867	-23.176
69.807	-23.156
69.727	-23.176
69.567	-23.196
69.427	-23.196
69.347	-23.216
69.167	-23.216
69.087	-23.236
69.027	-23.236
68.947	-23.256
68.507	-23.256
68.367	-23.236
68.287	-23.236
68.247	-23.256
68.107	-23.236
68.047	-23.236
67.967	-23.256
67.787	-23.216
67.487	-23.216
67.407	-23.196
67.287	-23.196
67.207	-23.176
67.147	-23.176
67.067	-23.156
66.947	-23.156
66.827	-23.116
66.587	-23.116
66.507	-23.096
66.427	-23.096
66.347	-23.116
66.247	-23.116
66.207	-23.136
66.167	-23.116
66.127	-23.136
66.047	-23.096
66.007	-23.116
65.967	-23.096
POLYLINE BLACK
66.447	-19.656
66.367	-19.636
66.167	-19.596
66.067	-19.576
66.027	-19.556
65.987	-19.596
65.907	-19.576
65.747	-19.576
65.707	-19.596
65.627	-19.576
65.507	-19.596
65.427	-19.576
65.227	-19.576
65.127	-19.596
64.947	-19.556
64.847	-19.576
64.687	-19.576
64.467	-19.536
64.287	-19.536
64.127	-19.476
63.987	-19.476
63.687	-19.376
63.607	-19.356
63.527	-19.336
63.367	-19.296
63.327	-19.276
63.287	-19.296
63.167	-19.256
63.087	-19.256
63.007	-19.276
62.927	-19.256
62.847	-19.276
POLYLINE BLACK
66.067	-23.056
66.067	-23.096
65.807	-23.016
65.687	-23.016
65.647	-22.996
65.547	-23.016
65.347	-23.056
65.087	-23.056
65.047	-23.076
64.967	-23.056
64.867	-23.056
64.827	-23.036
64.787	-23.056
64.747	-23.036
64.667	-23.056
64.527	-23.036
64.467	-23.036
64.387	-23.016
64.307	-23.036
64.127	-22.996
64.027	-22.996
63.947	-22.976
63.847	-22.976
63.767	-22.936
63.367	-22.936
63.287	-22.916
63.207	-22.916
63.127	-22.936
62.967	-22.896
62.887	-22.876
62.807	-22.876
62.767	-22.896
62.687	-22.856
62.647	-22.876
POLYLINE BLACK
62.787	-22.876
62.707	-22.916
62.567	-22.876
62.487	-22.896
62.447	-22.876
62.367	-22.896
62.147	-22.876
61.907	-22.876
61.787	-22.856
61.587	-22.896
61.427	-22.876
61.247	-22.916
61.127	-22.916
60.987	-22.876
60.847	-22.876
60.807	-22.856
60.727	-22.876
60.647	-22.876
60.547	-22.856
60.387	-22.856
60.287	-22.836
60.187	-22.856
59.987	-22.816
59.947	-22.836
59.907	-22.816
59.667	-22.816
59.487	-22.776
59.407	-22.796
59.267	-22.796
59.187	-22.776
58.887	-22.776
58.847	-22.756
58.627	-22.796
58.587	-22.776
58.547	-22.796
58.467	-22.776
POLYLINE BLACK
57.687	-20.516
57.647	-20.176
58.187	-20.236
58.227	-20.256
58.587	-20.256
58.747	-20.236
58.767	-20.276
58.727	-20.676
58.747	-20.716
58.727	-20.756
58.487	-20.716
POLYLINE BLACK
53.767	-16.536
53.407	-16.296
53.367	-16.296
53.087	-16.156
53.027	-16.156
52.907	-16.036
52.747	-15.956
52.387	-15.676
51.627	-15.376
51.267	-15.216
POLYLINE BLACK
54.847	-17.096
54.807	-17.096
54.727	-17.036
54.647	-17.036
54.607	-16.996
54.527	-17.016
54.487	-16.976
54.407	-16.976
54.287	-16.856
54.207	-16.836
54.007	-16.696
53.747	-16.456
53.707	-16.456
POLYLINE BLACK
63.027	-19.296
62.947	-19.276
62.867	-19.276
62.767	-19.256
62.727	-19.276
62.647	-19.236
62.567	-19.256
62.487	-19.256
62.367	-19.216
62.267	-19.216
62.147	-19.136
61.987	-19.116
61.907	-19.096
61.607	-19.016
61.447	-18.976
61.307	-18.916
61.147	-18.816
61.047	-18.816
61.007	-18.796
60.967	-18.816
60.787	-18.756
60.687	-18.756
59.867	-18.556
59.747	-18.476
59.647	-18.476
59.567	-18.436
59.507	-18.436
59.367	-18.396
59.127	-18.336
59.027	-18.316
58.947	-18.336
58.747	-18.236
58.527	-18.236
58.407	-18.156
58.307	-18.136
58.247	-18.136
57.867	-18.016
57.787	-18.016
57.547	-17.936
57.487	-17.936
57.307	-17.876
57.267	-17.876
57.227	-17.836
57.167	-17.836
57.007	-17.796
56.847	-17.756
56.767	-17.736
56.687	-17.756
56.607	-17.736
56.527	-17.716
56.387	-17.696
56.307	-17.696
56.187	-17.676
56.087	-17.616
55.807	-17.536
55.727	-17.516
55.507	-17.436
55.427	-17.376
55.347	-17.356
55.307	-17.316
55.227	-17.296
55.147	-17.236
55.067	-17.216
55.007	-17.136
54.927	-17.116
54.807	-17.036
54.687	-17.036
54.607	-17.016
POLYLINE BLACK
58.587	-20.736
58.447	-20.756
58.367	-20.756
58.267	-20.736
58.227	-20.696
58.167	-20.696
57.987	-20.636
57.787	-20.596
57.667	-20.576
57.627	-20.536
POLYLINE BLACK
51.067	-21.676
51.187	-21.716
51.247	-21.716
51.327	-21.736
51.367	-21.716
51.407	-21.756
51.487	-21.756
51.607	-21.796
51.727	-21.796
51.887	-21.836
51.967	-21.836
52.047	-21.856
52.147	-21.836
52.267	-21.836
52.347	-21.856
52.387	-21.836
52.667	-21.916
52.847	-21.916
52.927	-21.936
52.967	-21.916
53.107	-21.956
53.147	-21.956
53.187	-21.996
53.307	-21.996
53.387	-22.016
53.427	-21.996
53.527	-22.016
53.687	-21.996
53.727	-22.016
53.807	-21.996
53.887	-22.036
53.967	-22.016
54.047	-21.996
54.087	-22.156
54.127	-22.356
54.127	-22.536
54.127	-22.536
54.207	-22.596
54.207	-22.636
54.307	-22.736
54.387	-22.756
54.507	-22.816
54.547	-22.776
54.627	-22.796
54.687	-22.796
54.807	-22.756
54.887	-22.776
55.067	-22.736
55.147	-22.756
55.387	-22.756
55.527	-22.736
55.607	-22.756
55.687	-22.756
55.787	-22.736
55.947	-22.716
56.047	-22.736
56.187	-22.716
56.267	-22.736
56.407	-22.736
56.507	-22.756
56.827	-22.756
56.907	-22.776
56.987	-22.756
57.147	-22.716
57.227	-22.756
57.307	-22.736
57.527	-22.716
57.607	-22.716
57.647	-22.696
57.727	-22.716
57.767	-22.696
57.847	-22.716
57.927	-22.716
58.027	-22.736
58.127	-22.736
58.207	-22.756
58.267	-22.756
58.347	-22.776
58.427	-22.796
58.547	-22.756
58.687	-22.776
POLYLINE BLACK
51.547	-15.261
51.487	-15.291
51.412	-15.276
51.232	-15.321
51.097	-15.321
50.962	-15.291
50.932	-15.291
50.872	-15.261
50.827	-15.261
50.767	-15.246
50.737	-15.246
50.647	-15.186
50.587	-15.186
50.437	-15.156
50.392	-15.156
50.362	-15.141
50.317	-15.141
50.227	-15.096
50.152	-15.096
50.077	-15.081
49.972	-15.081
49.867	-15.051
49.807	-15.051
49.732	-15.066
49.552	-15.021
49.447	-15.021
49.282	-14.976
49.222	-14.976
49.192	-14.961
49.162	-14.976
49.012	-14.931
48.907	-14.901
48.847	-14.901
48.757	-14.856
48.667	-14.856
48.607	-14.841
48.547	-14.841
48.472	-14.826
48.307	-14.871
POLYLINE BLACK
48.742	-21.006
48.772	-20.991
48.802	-21.006
48.922	-20.976
48.967	-20.976
49.087	-20.946
49.117	-20.961
49.177	-20.931
49.237	-20.946
49.267	-20.931
49.327	-20.946
49.372	-20.931
49.432	-20.961
49.462	-20.946
49.552	-21.006
49.582	-21.006
49.687	-21.036
49.777	-21.036
49.837	-21.006
49.912	-21.021
49.942	-20.991
50.002	-20.991
50.092	-20.961
50.152	-20.976
50.212	-20.961
50.302	-20.991
50.377	-20.991
50.497	-20.961
50.542	-20.976
50.572	-20.961
50.602	-20.991
50.662	-20.991
50.692	-21.006
50.752	-20.991
50.812	-21.006
50.872	-21.051
50.902	-21.051
50.902	-21.081
50.917	-21.141
50.917	-21.171
50.962	-21.321
50.932	-21.441
50.947	-21.576
50.947	-21.606
50.962	-21.666
51.022	-21.666
51.052	-21.696
51.082	-21.696
51.142	-21.711
51.172	-21.696
POLYLINE BLACK
48.217	-18.981
48.292	-19.071
48.337	-19.161
48.352	-19.296
48.352	-19.326
48.337	-19.386
48.337	-19.416
48.322	-19.476
48.307	-19.611
48.307	-20.211
48.322	-20.286
48.322	-20.376
48.337	-20.451
48.337	-20.541
48.352	-20.601
48.352	-20.706
48.367	-20.766
48.367	-20.796
48.427	-21.006
48.457	-21.036
48.517	-21.036
48.577	-21.051
48.667	-21.051
48.697	-21.066
48.817	-21.006
48.847	-21.006
48.877	-20.976
48.907	-20.991
POLYLINE BLACK
48.472	-14.871
48.412	-14.901
48.382	-14.871
48.277	-14.901
48.247	-14.886
48.187	-14.901
48.157	-14.901
48.097	-14.916
48.052	-14.916
47.992	-14.931
47.857	-14.931
47.752	-14.946
47.722	-14.931
47.647	-14.931
47.617	-14.916
47.512	-14.916
47.482	-14.931
47.452	-14.916
47.407	-14.916
47.377	-14.901
47.347	-14.916
47.287	-14.901
46.987	-14.901
46.942	-14.916
46.882	-14.901
46.747	-14.886
46.672	-14.886
46.567	-14.871
46.447	-14.886
46.297	-14.871
46.222	-14.871
46.132	-14.856
46.027	-14.856
45.997	-14.871
45.937	-14.856
45.862	-14.856
45.802	-14.841
45.772	-14.856
45.682	-14.826
45.607	-14.826
45.442	-14.796
45.307	-14.796
45.172	-14.766
45.142	-14.766
45.112	-14.736
45.007	-14.706
44.962	-14.706
44.827	-14.661
44.767	-14.661
44.662	-14.616
44.452	-14.616
44.362	-14.571
44.332	-14.571
44.287	-14.601
44.212	-14.616
44.122	-14.586
44.092	-14.601
44.032	-14.586
43.987	-14.586
43.927	-14.601
43.852	-14.616
43.792	-14.586
43.702	-14.631
43.642	-14.616
43.552	-14.616
43.522	-14.631
43.462	-14.616
43.432	-14.631
43.372	-14.616
43.342	-14.616
43.282	-14.631
POLYLINE BLACK
48.247	-19.026
48.217	-19.026
48.127	-18.996
48.097	-19.011
48.037	-18.981
48.007	-18.981
47.947	-18.951
47.887	-18.951
47.857	-18.936
47.752	-18.936
47.722	-18.921
47.587	-18.921
47.512	-18.906
47.407	-18.906
47.242	-18.876
46.987	-18.876
46.882	-18.846
46.807	-18.846
46.732	-18.831
46.672	-18.831
46.582	-18.816
46.552	-18.831
46.477	-18.831
46.417	-18.801
46.282	-18.801
46.252	-18.786
46.177	-18.786
46.072	-18.741
45.712	-18.741
45.637	-18.726
45.607	-18.726
45.577	-18.711
45.517	-18.726
45.382	-18.711
45.322	-18.696
45.292	-18.696
45.127	-18.651
45.052	-18.651
44.992	-18.636
44.887	-18.636
44.827	-18.621
44.797	-18.621
44.692	-18.591
44.632	-18.591
44.572	-18.576
44.542	-18.576
44.512	-18.561
44.392	-18.591
44.332	-18.576
44.272	-18.591
44.212	-18.591
44.152	-18.621
43.972	-18.636
43.942	-18.651
43.912	-18.636
43.852	-18.651
43.792	-18.606
43.732	-18.606
43.642	-18.546
43.612	-18.561
43.582	-18.546
43.552	-18.561
43.522	-18.531
43.462	-18.531
43.402	-18.501
43.342	-18.516
43.282	-18.486
43.252	-18.501
43.192	-18.486
43.162	-18.486
POLYLINE BLACK
38.782	-13.566
38.797	-13.596
38.887	-13.596
38.947	-13.611
39.007	-13.656
39.037	-13.656
39.097	-13.641
39.247	-13.701
39.337	-13.701
39.367	-13.731
39.427	-13.716
39.457	-13.716
39.517	-13.731
39.622	-13.791
39.712	-13.791
39.772	-13.836
39.802	-13.836
39.862	-13.881
39.892	-13.881
40.057	-13.941
40.087	-13.941
40.252	-14.001
40.282	-14.001
40.312	-13.986
40.552	-14.046
40.657	-14.076
40.822	-14.151
40.942	-14.226
41.047	-14.256
41.122	-14.256
41.182	-14.301
41.227	-14.301
41.257	-14.316
41.347	-14.301
41.527	-14.361
41.602	-14.361
41.647	-14.391
41.677	-14.391
41.737	-14.421
41.782	-14.421
41.842	-14.436
41.947	-14.451
41.977	-14.481
42.007	-14.481
42.142	-14.511
42.172	-14.511
42.307	-14.571
42.457	-14.571
42.487	-14.586
42.562	-14.586
42.622	-14.601
42.667	-14.601
42.727	-14.616
42.817	-14.616
42.877	-14.631
42.907	-14.631
42.967	-14.646
42.997	-14.631
43.102	-14.661
43.132	-14.646
43.192	-14.661
43.222	-14.646
43.282	-14.661
43.327	-14.631
43.417	-14.631
43.447	-14.646
43.477	-14.631
POLYLINE BLACK
38.902	-15.906
38.902	-15.681
38.917	-15.651
38.902	-15.531
38.902	-15.501
38.887	-15.471
38.887	-15.396
38.872	-15.336
38.872	-15.261
38.857	-15.231
38.797	-15.216
38.722	-15.246
38.692	-15.231
38.632	-15.246
38.587	-15.246
38.557	-15.261
38.497	-15.261
38.392	-15.291
38.227	-15.306
38.197	-15.321
38.122	-15.321
38.077	-15.306
37.972	-15.306
37.882	-15.291
37.837	-15.291
37.807	-15.261
37.777	-15.261
37.717	-15.276
37.687	-15.246
37.657	-15.246
37.537	-15.216
37.477	-15.216
37.447	-15.231
37.447	-15.261
37.417	-15.396
37.417	-15.426
37.402	-15.486
37.402	-15.516
37.387	-15.546
37.402	-15.576
37.387	-15.636
37.402	-15.696
37.402	-15.876
37.417	-15.906
37.447	-15.891
37.477	-15.906
37.537	-15.891
37.567	-15.891
37.597	-15.876
37.762	-15.876
37.837	-15.906
37.897	-15.891
37.927	-15.891
37.987	-15.921
38.017	-15.906
38.122	-15.906
38.197	-15.921
38.257	-15.921
38.332	-15.936
38.392	-15.921
38.467	-15.921
38.527	-15.936
38.557	-15.921
38.632	-15.936
38.722	-15.936
38.782	-15.951
38.812	-15.981
38.842	-15.981
38.872	-15.966
38.932	-15.996
38.992	-15.981
38.962	-15.996
POLYLINE BLACK
40.867	-17.586
40.882	-17.451
40.882	-17.256
40.867	-17.196
40.882	-17.136
40.882	-17.061
40.897	-17.031
40.837	-17.001
40.777	-17.016
40.642	-17.016
40.612	-17.031
40.582	-17.016
40.522	-17.031
40.462	-17.031
40.432	-17.046
40.357	-17.046
40.327	-17.061
40.282	-17.061
40.222	-17.046
40.192	-17.061
40.132	-17.046
40.102	-17.046
40.042	-17.061
40.012	-17.061
40.012	-17.091
39.997	-17.151
39.997	-17.406
40.012	-17.481
40.012	-17.541
40.027	-17.601
40.027	-17.601
40.087	-17.616
40.327	-17.616
40.387	-17.601
40.462	-17.601
40.582	-17.571
40.837	-17.571
40.897	-17.586
40.927	-17.586
40.957	-17.601
POLYLINE BLACK
38.932	-15.966
38.962	-15.966
39.082	-16.116
39.082	-16.146
39.112	-16.206
39.112	-16.251
39.127	-16.311
39.112	-16.371
39.112	-16.401
39.097	-16.461
39.097	-16.956
39.112	-17.016
39.112	-17.091
39.142	-17.151
39.142	-17.181
39.202	-17.331
39.247	-17.451
39.337	-17.496
39.367	-17.496
39.517	-17.586
39.577	-17.586
39.637	-17.616
39.667	-17.601
39.727	-17.631
39.787	-17.631
39.817	-17.661
39.847	-17.646
39.907	-17.676
39.937	-17.676
39.997	-17.661
40.027	-17.676
40.087	-17.646
40.147	-17.661
40.207	-17.631
40.267	-17.646
40.297	-17.646
40.357	-17.631
40.477	-17.631
40.507	-17.616
40.537	-17.631
40.642	-17.631
40.702	-17.646
40.732	-17.676
40.762	-17.646
40.822	-17.691
40.852	-17.691
40.942	-17.721
41.017	-17.811
41.062	-17.871
41.092	-17.871
41.152	-17.976
41.152	-18.126
41.212	-18.276
41.227	-18.306
41.287	-18.351
41.362	-18.441
41.422	-18.441
41.482	-18.471
41.512	-18.471
41.647	-18.516
41.677	-18.516
41.707	-18.501
41.782	-18.516
41.842	-18.516
41.977	-18.486
42.007	-18.486
42.067	-18.501
42.142	-18.486
42.202	-18.501
42.262	-18.486
42.322	-18.486
42.352	-18.471
42.397	-18.486
42.487	-18.456
42.607	-18.486
42.652	-18.486
42.772	-18.456
42.802	-18.456
42.832	-18.441
42.877	-18.456
42.907	-18.441
42.967	-18.456
43.027	-18.456
43.057	-18.471
43.102	-18.471
43.132	-18.456
43.192	-18.486
43.222	-18.471
43.252	-18.486
43.312	-18.471
43.342	-18.471
43.372	-18.486
43.402	-18.471
43.432	-18.501
POLYLINE BLACK
34.057	-15.696
34.132	-15.711
34.252	-15.711
34.312	-15.741
34.537	-15.741
34.642	-15.786
34.687	-15.786
34.747	-15.801
34.912	-15.801
35.107	-15.846
35.257	-15.846
35.287	-15.831
35.482	-15.831
35.587	-15.861
35.692	-15.846
35.722	-15.861
35.827	-15.861
35.947	-15.876
36.082	-15.876
36.142	-15.891
36.352	-15.891
36.397	-15.906
36.502	-15.891
36.802	-15.861
37.042	-15.861
37.072	-15.876
37.402	-15.876
37.522	-15.906
37.642	-15.906
37.717	-15.921
37.852	-15.921
37.912	-15.936
38.017	-15.936
38.092	-15.951
38.197	-15.951
38.227	-15.966
38.602	-15.966
38.632	-15.981
38.692	-15.966
38.842	-15.966
38.992	-16.011
POLYLINE BLACK
34.027	-13.551
34.027	-13.581
34.072	-13.641
34.102	-13.656
34.207	-13.656
34.282	-13.671
34.342	-13.656
34.402	-13.671
34.537	-13.656
34.792	-13.671
34.852	-13.701
34.942	-13.686
35.017	-13.701
35.137	-13.686
35.602	-13.686
35.662	-13.671
35.737	-13.686
35.962	-13.671
36.187	-13.626
36.307	-13.626
36.442	-13.611
36.502	-13.611
36.547	-13.626
36.577	-13.611
36.652	-13.611
36.727	-13.596
36.877	-13.611
37.087	-13.611
37.192	-13.596
37.327	-13.596
37.462	-13.611
37.552	-13.611
37.597	-13.626
37.672	-13.626
37.702	-13.611
37.762	-13.626
37.852	-13.611
38.002	-13.626
38.182	-13.626
38.257	-13.611
38.287	-13.626
38.437	-13.626
38.482	-13.641
38.662	-13.641
38.752	-13.671
38.782	-13.656
38.812	-13.671
POLYLINE BROWN
37.927	-13.731
37.927	-13.791
37.912	-13.821
POLYLINE BROWN
37.837	-13.611
37.942	-13.776
37.957	-13.716
37.957	-13.656
37.942	-13.596
37.942	-13.491
37.957	-13.431
37.957	-13.326
37.942	-13.296
37.957	-13.236
37.957	-13.086
37.972	-13.056
37.972	-12.966
37.957	-12.936
37.957	-12.801
37.942	-12.741
37.942	-12.546
37.987	-12.396
38.047	-12.336
38.077	-12.351
38.107	-12.336
38.137	-12.351
38.197	-12.471
38.197	-12.501
38.227	-12.561
38.227	-12.606
38.257	-12.666
38.257	-12.711
38.272	-12.771
38.272	-12.831
38.287	-12.861
38.287	-12.966
38.302	-13.041
38.302	-13.176
38.317	-13.236
38.317	-13.596
38.347	-13.731
38.347	-13.821
38.362	-13.881
POLYLINE BROWN
38.242	-13.806
38.272	-13.851
38.137	-13.821
38.077	-13.836
38.017	-13.836
37.972	-13.821
37.912	-13.836
37.852	-13.806
37.717	-13.806
37.657	-13.791
37.582	-13.791
37.522	-13.806
37.492	-13.791
37.432	-13.806
37.372	-13.806
37.342	-13.821
37.297	-13.821
37.267	-13.836
37.237	-13.821
37.177	-13.836
37.117	-13.821
37.012	-13.821
36.952	-13.851
36.877	-13.851
36.787	-13.881
36.727	-13.866
36.667	-13.881
36.472	-13.881
36.412	-13.866
36.307	-13.866
36.277	-13.851
36.172	-13.851
36.112	-13.836
36.022	-13.836
35.977	-13.851
35.947	-13.836
35.902	-13.851
35.812	-13.821
35.737	-13.821
35.692	-13.806
35.662	-13.821
35.602	-13.806
35.527	-13.806
35.467	-13.791
35.257	-13.791
35.227	-13.776
35.182	-13.776
35.152	-13.791
35.092	-13.776
35.032	-13.806
34.972	-13.791
34.942	-13.791
34.912	-13.776
34.867	-13.776
34.837	-13.791
34.777	-13.761
34.642	-13.761
34.522	-13.731
34.387	-13.731
34.327	-13.716
34.267	-13.716
34.207	-13.686
34.147	-13.686
34.087	-13.671
34.027	-13.671
POLYLINE BROWN
38.257	-13.821
POLYLINE BROWN
34.117	-15.756
34.252	-15.726
34.372	-15.696
34.402	-15.696
34.507	-15.651
34.627	-15.651
34.807	-15.591
34.867	-15.591
35.077	-15.516
35.137	-15.516
35.242	-15.486
35.272	-15.471
35.317	-15.471
35.422	-15.441
35.452	-15.441
35.662	-15.381
35.812	-15.336
35.872	-15.306
35.917	-15.306
35.947	-15.291
35.992	-15.291
36.142	-15.231
36.232	-15.231
36.427	-15.171
36.472	-15.171
36.577	-15.141
36.622	-15.141
36.682	-15.126
36.712	-15.096
36.817	-15.081
36.952	-15.036
37.027	-15.036
37.102	-14.991
37.132	-14.991
37.267	-14.931
37.372	-14.901
37.417	-14.901
37.642	-14.841
37.687	-14.841
37.717	-14.826
37.852	-14.826
38.002	-14.796
38.047	-14.796
38.152	-14.751
38.182	-14.766
38.317	-14.706
38.377	-14.706
38.407	-14.676
38.467	-14.691
POLYLINE BLACK
34.027	-15.606
34.057	-15.711
34.012	-15.651
33.892	-15.561
33.802	-15.426
33.712	-15.306
33.562	-15.186
33.112	-14.781
33.082	-14.766
32.902	-14.571
32.842	-14.526
32.812	-14.481
32.782	-14.466
32.707	-14.376
32.452	-14.151
32.272	-13.941
32.167	-13.851
31.987	-13.641
31.972	-13.611
31.942	-13.596
31.867	-13.506
31.777	-13.431
31.702	-13.326
31.642	-13.281
31.582	-13.146
31.492	-13.011
31.402	-12.846
31.402	-12.816
31.357	-12.756
31.357	-12.726
31.267	-12.546
31.267	-12.516
31.297	-12.531
POLYLINE BLACK
33.982	-13.641
33.997	-13.671
33.877	-13.596
33.727	-13.521
33.697	-13.521
33.607	-13.461
33.577	-13.461
33.457	-13.416
33.337	-13.326
33.292	-13.311
33.262	-13.281
33.232	-13.281
32.857	-13.071
32.677	-12.951
32.557	-12.891
32.437	-12.816
32.317	-12.741
32.287	-12.741
32.167	-12.651
32.107	-12.636
31.927	-12.486
31.807	-12.426
31.792	-12.396
31.702	-12.336
31.687	-12.306
31.657	-12.291
POLYLINE GRAY
33.937	-12.261
33.937	-12.291
33.952	-12.351
33.952	-12.441
33.967	-12.471
33.967	-12.546
33.982	-12.576
33.967	-12.606
33.967	-12.981
33.952	-13.011
33.967	-13.071
33.967	-13.236
33.982	-13.296
33.982	-13.491
33.997	-13.551
33.997	-13.611
34.012	-13.686
34.012	-13.806
34.027	-13.866
34.027	-14.301
34.042	-14.361
34.042	-14.991
34.057	-15.051
34.057	-15.216
34.072	-15.276
34.072	-16.266
34.057	-16.296
34.057	-16.461
34.042	-16.536
34.042	-16.656
34.027	-16.716
34.027	-16.746
34.012	-16.776
POLYLINE BROWN
38.407	-14.616
38.467	-14.721
POLYLINE BROWN
38.182	-14.166
