TRIP
DATE 2017-03-25 
DECLINATION     0.00
DATA
17.24	21.0	0.00	0.00	0.000	>
21.0		90.00	-85.27	0.145	>
21.0		108.43	-56.45	0.149	>
21.0		213.26	-83.28	1.277	>
21.0		67.05	5.54	1.026	>
21.0		7.64	72.07	4.422	>
21.0		322.81	1.05	4.322	>
21.0		321.34	28.83	5.819	>
21.0		8.84	7.40	2.796	>
21.0		8.26	4.55	1.550	>
21.0		353.24	3.10	3.344	>
21.0	21.1	52.55	43.42	1.229	>
21.1		316.68	84.61	5.122	>
21.1		237.52	2.93	1.195	>
21.1		257.84	-65.97	2.494	>
21.1		259.44	-66.18	2.514	>
21.1		292.87	-62.11	7.216	>
21.1		37.94	52.87	2.422	>
21.1		39.09	35.42	2.723	>
21.1		42.35	33.82	2.637	>
21.1	21.2	306.57	-55.15	5.565	>
21.2		112.64	87.10	8.527	>
21.2		179.32	4.41	1.678	>
21.2		219.76	-68.17	1.955	>
21.2		127.50	-0.88	4.549	>
21.2		121.80	-3.32	4.044	>
21.2		108.17	-30.68	2.997	>
21.2		142.69	-5.59	2.821	>
21.2		189.92	-11.39	1.580	>
21.2	21.3	97.51	20.49	0.857	>
21.2	21.4	259.42	-9.40	4.045	>
21.4		23.50	2.71	1.014	>
21.4		27.74	-35.33	2.307	>
21.4		44.51	69.54	3.089	>
21.4	21.5	348.89	2.84	2.156	>
21.5		172.14	-41.51	2.480	>
21.5		180.97	-43.30	0.812	>
21.5		196.29	43.48	1.307	>
21.5	21.6	239.04	-11.61	4.229	>
21.6		342.97	6.46	0.454	>
21.6		345.95	-58.66	1.536	>
21.6		169.12	-0.55	0.524	>
21.6		82.38	84.07	1.386	>
21.6		355.18	-36.45	1.880	>
21.6		15.29	-31.81	2.379	>
21.6		41.04	-27.85	2.558	>
21.6		59.05	-28.97	2.529	>
21.6	21.7	284.44	-4.72	3.158	>
21.7		177.69	-13.31	0.817	>
21.7		188.47	55.46	0.886	>
21.7		188.10	-70.67	1.437	>
21.7	21.8	252.49	-17.75	4.173	>
21.8		156.76	-0.63	0.362	>
21.8		179.19	-58.34	1.339	>
21.8		185.21	45.17	0.563	>
21.8	21.9	246.40	-18.71	1.369	>
21.9		12.48	-63.70	0.804	>
21.9		169.03	-52.59	0.874	>
21.9		263.12	83.91	0.551	>
21.9	21.10	267.51	2.74	2.576	>
21.10		66.98	76.10	1.927	>
21.10		29.80	-46.61	1.233	>
21.10		31.09	-71.11	0.700	>
21.10		28.69	-59.76	1.220	>
21.10	21.11	102.20	43.50	3.054	<
21.11		83.87	-78.46	0.608	<
21.11		79.56	-1.33	1.375	<
21.11		117.12	69.67	3.030	<
21.11		261.28	15.67	1.684	<
21.11		153.48	19.01	1.099	<
21.10	21.12	309.80	-5.87	5.087	>
21.12		210.56	-7.19	0.272	>
21.12		217.72	54.97	1.683	>
21.12		186.07	87.47	7.497	>
21.12		25.47	-6.08	0.472	>
21.12		7.13	-88.08	0.480	>
21.12	21.13	186.18	65.98	2.557	<
21.13		26.72	-53.37	2.789	<
21.13		17.88	14.02	2.642	<
21.13		14.78	12.91	1.311	<
21.13		127.09	0.34	3.235	<
21.13		57.70	54.60	3.793	<
21.13	21.14	110.95	60.93	6.635	<
21.14		132.64	-0.50	2.641	<
21.12	21.15	308.12	3.37	3.288	>
21.15		213.23	88.67	4.470	>
21.15		35.29	-5.65	0.619	>
21.15		45.45	-84.67	0.966	>
21.15		205.31	25.74	1.582	>
21.15	21.16	294.38	-3.96	4.998	>
21.16		233.36	81.25	5.951	>
21.16		36.30	4.70	0.647	>
21.16		212.64	11.68	1.062	>
21.16		90.20	-49.18	1.340	>
21.16		150.78	65.86	7.076	>

PLAN
STATIONS
-151.677	37.795	21.0
-150.968	38.338	21.1
-153.522	40.233	21.2
-152.726	40.128	21.3
-157.445	39.500	21.4
-157.860	41.613	21.5
-161.412	39.482	21.6
-164.460	40.267	21.7
-168.250	39.071	21.8
-169.438	38.552	21.9
-172.009	38.440	21.10
-169.844	37.972	21.11
-175.897	41.679	21.12
-176.009	40.644	21.13
-172.998	39.491	21.14
-178.479	43.705	21.15
-183.020	45.763	21.16
SHOTS
-178.479	43.705	-183.020	45.763
-183.020	45.763	-183.746	45.223
-183.020	45.763	-182.638	46.283
-183.020	45.763	-183.581	44.887
-183.020	45.763	-182.144	45.760
-183.020	45.763	-181.607	43.237
-175.897	41.679	-178.479	43.705
-178.479	43.705	-178.536	43.618
-178.479	43.705	-178.123	44.208
-178.479	43.705	-178.415	43.768
-178.479	43.705	-179.088	42.417
-176.009	40.644	-172.998	39.491
-172.998	39.491	-171.055	37.702
-175.897	41.679	-176.009	40.644
-176.009	40.644	-175.261	42.130
-176.009	40.644	-175.222	43.083
-176.009	40.644	-175.683	41.880
-176.009	40.644	-173.428	38.693
-176.009	40.644	-174.152	41.818
-172.009	38.440	-175.897	41.679
-175.897	41.679	-176.034	41.447
-175.897	41.679	-176.488	40.915
-175.897	41.679	-175.932	41.350
-175.897	41.679	-175.695	42.103
-175.897	41.679	-175.895	41.695
-172.009	38.440	-169.844	37.972
-169.844	37.972	-169.723	37.985
-169.844	37.972	-168.492	38.221
-169.844	37.972	-168.907	37.492
-169.844	37.972	-171.447	37.726
-169.844	37.972	-169.380	37.042
-169.438	38.552	-172.009	38.440
-172.009	38.440	-171.583	38.621
-172.009	38.440	-171.588	39.175
-172.009	38.440	-171.892	38.634
-172.009	38.440	-171.714	38.979
-168.250	39.071	-169.438	38.552
-169.438	38.552	-169.361	38.900
-169.438	38.552	-169.337	38.031
-169.438	38.552	-169.496	38.545
-164.460	40.267	-168.250	39.071
-168.250	39.071	-168.107	38.738
-168.250	39.071	-168.240	38.368
-168.250	39.071	-168.286	38.676
-161.412	39.482	-164.460	40.267
-164.460	40.267	-164.428	39.473
-164.460	40.267	-164.534	39.770
-164.460	40.267	-164.527	39.796
-157.860	41.613	-161.412	39.482
-161.412	39.482	-161.544	39.913
-161.412	39.482	-161.606	40.257
-161.412	39.482	-161.313	38.967
-161.412	39.482	-161.270	39.501
-161.412	39.482	-161.539	40.989
-161.412	39.482	-160.879	41.432
-161.412	39.482	-159.927	41.188
-161.412	39.482	-159.514	40.620
-157.445	39.500	-157.860	41.613
-157.860	41.613	-157.606	39.773
-157.860	41.613	-157.870	41.022
-157.860	41.613	-158.126	40.703
-153.522	40.233	-157.445	39.500
-157.445	39.500	-157.041	40.429
-157.445	39.500	-156.569	41.166
-157.445	39.500	-156.688	40.270
-153.522	40.233	-152.726	40.128
-150.968	38.338	-153.522	40.233
-153.522	40.233	-153.124	40.067
-153.522	40.233	-153.502	38.560
-153.522	40.233	-153.987	39.674
-153.522	40.233	-149.914	37.464
-153.522	40.233	-150.091	38.106
-153.522	40.233	-151.073	39.429
-153.522	40.233	-151.820	38.000
-153.522	40.233	-153.789	38.707
-151.677	37.795	-150.968	38.338
-150.968	38.338	-151.298	38.688
-150.968	38.338	-151.975	37.697
-150.968	38.338	-151.961	38.124
-150.968	38.338	-151.966	38.152
-150.968	38.338	-154.078	39.650
-150.968	38.338	-150.069	39.491
-150.968	38.338	-149.569	40.060
-150.968	38.338	-149.492	39.957
-151.677	37.795	-151.677	37.795
-151.677	37.795	-151.665	37.795
-151.677	37.795	-151.599	37.769
-151.677	37.795	-151.759	37.670
-151.677	37.795	-150.737	38.193
-151.677	37.795	-151.496	39.144
-151.677	37.795	-154.289	41.238
-151.677	37.795	-154.862	41.776
-151.677	37.795	-151.251	40.535
-151.677	37.795	-151.455	39.324
-151.677	37.795	-152.070	41.111
POLYLINE BLUE
-182.002	45.015
-181.882	44.730
POLYLINE BLUE
-181.057	45.000
-181.117	45.030
-181.162	45.030
-181.222	45.060
-181.312	44.910
-181.372	44.880
-181.402	44.880
-181.492	44.985
-181.492	45.015
-181.522	45.045
-181.552	45.045
-181.732	44.895
-181.822	44.895
-181.852	44.910
-181.927	45.045
-181.957	45.045
-181.987	45.015
-182.047	45.045
-181.972	45.060
-181.852	45.120
-181.657	45.120
POLYLINE BLACK
-182.197	45.780
-182.197	45.810
POLYLINE BLACK
-182.152	45.570
-182.107	45.585
POLYLINE BLACK
-182.257	45.285
-182.227	45.285
-182.182	45.255
-182.167	45.225
POLYLINE BLACK
-182.347	45.150
-182.257	45.075
POLYLINE BLACK
-182.587	45.030
-182.542	45.000
-182.452	44.880
POLYLINE BLACK
-182.167	45.900
-182.137	45.885
-182.107	45.825
-182.092	45.720
-182.077	45.660
-182.077	45.600
-182.062	45.540
-182.062	45.510
-182.047	45.450
-182.047	45.270
-182.077	45.210
-182.077	45.180
-182.152	45.060
-182.182	45.060
-182.212	45.030
-182.272	45.045
-182.302	45.045
-182.362	45.030
-182.392	45.030
-182.437	44.970
-182.467	44.955
-182.512	44.865
-182.512	44.790
-182.422	44.670
-182.392	44.655
POLYLINE BLACK
-183.652	45.675
-183.547	45.705
-183.442	45.735
-183.322	45.810
-183.292	45.825
-183.247	45.825
-183.067	45.930
-182.962	45.960
-182.902	45.975
-182.782	45.975
-182.752	46.005
-182.722	46.005
-182.662	46.020
-182.587	46.020
-182.527	46.035
-182.497	46.035
-182.467	46.005
-182.452	45.960
-182.377	45.870
-182.302	45.765
-182.257	45.600
-182.242	45.540
-182.242	45.510
-182.227	45.450
-182.227	45.420
-182.257	45.390
-182.287	45.390
-182.467	45.285
-182.572	45.240
-182.602	45.240
-182.797	45.150
-182.887	45.150
-182.917	45.120
-182.947	45.120
-183.007	45.075
-183.037	45.075
-183.097	45.090
-183.157	45.060
-183.172	45.030
-183.172	45.060
-183.247	45.120
-183.262	45.150
-183.322	45.195
-183.337	45.240
-183.367	45.270
-183.382	45.315
-183.502	45.495
-183.532	45.570
-183.562	45.600
POLYLINE BLUE
-178.807	44.400
-178.702	44.490
-178.537	44.595
POLYLINE BLUE
-179.092	44.640
-179.062	44.640
-178.987	44.700
-178.882	44.730
-178.852	44.760
-178.747	44.805
POLYLINE BLUE
-179.107	44.685
-178.912	44.760
POLYLINE BLUE
-179.962	45.090
-179.722	45.255
-179.587	45.315
-179.557	45.315
POLYLINE BLUE
-179.602	44.940
-179.512	45.015
-179.197	45.165
POLYLINE BLUE
-178.222	44.340
-178.207	44.370
-178.207	44.325
-178.222	44.295
-178.222	44.250
-178.297	44.085
-178.432	43.920
-178.537	43.845
-178.657	43.785
-178.822	43.755
POLYLINE BLUE
-179.107	43.515
-178.732	43.845
-178.462	44.025
POLYLINE BLUE
-180.007	43.290
-179.977	43.335
-179.902	43.380
-179.842	43.440
-179.662	43.575
-178.537	44.310
-178.252	44.445
POLYLINE BLUE
-180.367	43.725
-180.322	43.725
-180.082	43.860
-179.887	43.950
-179.647	44.100
-179.032	44.385
-178.657	44.520
-178.612	44.535
POLYLINE BLUE
-180.547	44.100
-180.517	44.085
-180.352	44.130
-180.112	44.220
-179.512	44.505
-179.002	44.685
POLYLINE BLUE
-180.727	44.475
-180.577	44.505
-180.367	44.595
-179.782	44.895
-179.392	45.045
POLYLINE BLUE
-180.757	44.895
-180.727	44.925
-180.472	45.000
-179.782	45.225
POLYLINE BLUE
-180.982	45.255
-180.952	45.255
-180.892	45.300
-180.292	45.480
-180.187	45.510
POLYLINE BLUE
-181.147	45.465
-181.117	45.450
-180.982	45.510
-180.652	45.630
-180.592	45.630
POLYLINE BLACK
-178.447	43.695
-178.507	43.725
-178.537	43.725
-178.567	43.755
-178.687	43.755
-178.747	43.785
-178.867	43.710
-179.167	43.425
-179.212	43.350
-179.362	43.230
-179.452	43.230
-179.497	43.215
-179.527	43.230
-179.587	43.215
-179.692	43.215
-179.767	43.230
-179.827	43.215
-179.872	43.215
-179.902	43.230
-180.007	43.230
-180.067	43.245
POLYLINE BLACK
-181.282	45.690
-181.267	45.630
-181.267	45.570
-181.207	45.480
-181.147	45.435
-181.087	45.330
-180.952	45.225
-180.802	45.045
-180.727	44.925
-180.727	44.865
-180.712	44.835
-180.712	44.790
-180.697	44.730
-180.697	44.685
-180.682	44.625
-180.682	44.565
-180.667	44.535
-180.667	44.490
-180.592	44.340
-180.562	44.310
-180.562	44.205
-180.547	44.145
-180.547	44.115
-180.502	44.025
-180.352	43.905
-180.337	43.875
-180.352	43.845
-180.367	43.680
-180.352	43.650
-180.352	43.545
-180.262	43.425
-180.082	43.320
-180.052	43.320
-180.007	43.260
-179.947	43.230
POLYLINE BLACK
-179.047	42.450
-179.137	42.525
-179.167	42.525
-179.197	42.555
-179.272	42.585
-179.392	42.675
-179.497	42.720
-179.527	42.720
-179.737	42.900
-179.752	42.930
-179.857	43.005
-179.887	43.050
-179.917	43.065
-179.932	43.110
-180.052	43.215
-180.067	43.245
-180.097	43.245
-180.157	43.305
-180.187	43.305
-180.217	43.335
-180.322	43.380
-180.472	43.485
-180.562	43.560
-180.592	43.560
-180.712	43.650
-180.742	43.650
-180.802	43.680
-180.832	43.680
-180.892	43.695
-180.922	43.695
-180.982	43.710
-181.012	43.710
-181.072	43.755
-181.162	43.755
-181.192	43.785
-181.267	43.800
-181.297	43.800
-181.477	43.905
-181.552	43.920
-181.612	43.950
-181.642	43.950
-181.762	44.040
-181.792	44.040
-181.912	44.160
-181.927	44.205
-182.002	44.325
-182.062	44.460
-182.092	44.490
-182.107	44.535
-182.197	44.610
-182.242	44.640
-182.302	44.640
-182.362	44.670
-182.392	44.670
-182.422	44.700
-182.527	44.700
-182.617	44.730
-182.782	44.730
-182.842	44.760
-182.902	44.760
-183.037	44.820
-183.097	44.820
-183.157	44.880
-183.187	44.880
-183.247	44.925
-183.277	44.925
-183.307	44.910
-183.397	44.970
-183.427	44.970
-183.457	45.000
POLYLINE BLACK
-182.677	46.290
-182.677	46.335
-182.647	46.275
-182.617	46.260
-182.497	46.125
-182.437	46.080
-182.407	46.080
-182.197	45.915
-182.167	45.915
-182.062	45.870
-182.032	45.840
-181.972	45.840
-181.777	45.795
-181.732	45.795
-181.612	45.765
-181.567	45.765
-181.537	45.780
-181.432	45.750
-181.372	45.765
-181.147	45.765
-181.087	45.750
-181.027	45.765
-180.967	45.765
-180.907	45.780
-180.787	45.750
-180.727	45.750
-180.667	45.735
-180.622	45.735
-180.442	45.675
-180.397	45.675
-180.157	45.555
-180.127	45.555
-179.827	45.435
-179.752	45.420
-179.647	45.375
-179.587	45.330
-179.512	45.300
-179.467	45.300
-179.302	45.195
-179.002	45.030
-178.972	45.000
-178.942	45.000
-178.837	44.925
-178.807	44.925
-178.582	44.775
-178.462	44.670
-178.447	44.625
-178.372	44.580
-178.297	44.490
-178.237	44.445
-178.222	44.415
-178.192	44.400
-178.072	44.235
POLYLINE BLACK
-178.432	43.785
-178.267	43.650
-178.192	43.620
-178.042	43.485
-177.997	43.470
-177.892	43.350
-177.712	43.095
-177.517	42.870
-177.427	42.810
-177.082	42.540
-176.977	42.405
-176.917	42.360
-176.767	42.180
-176.752	42.135
-176.722	42.120
-176.662	42.030
-176.647	41.985
-176.557	41.895
-176.527	41.895
-176.437	41.820
-176.362	41.760
-176.332	41.760
-176.182	41.640
-176.077	41.565
POLYLINE BLACK
-176.197	42.270
-176.287	42.390
-176.557	42.540
-176.587	42.570
-176.587	42.540
-176.632	42.600
-176.857	42.780
-176.887	42.795
-176.917	42.840
-176.917	42.840
-176.917	42.840
-176.992	42.930
-177.022	42.945
-177.112	43.080
-177.382	43.365
-177.487	43.485
-177.577	43.635
-177.592	43.680
-177.652	43.770
-177.667	43.815
-177.742	43.905
-177.832	43.965
-178.057	44.145
-178.177	44.250
POLYLINE BLACK
-179.047	42.450
-178.972	42.435
-178.882	42.360
-178.837	42.345
-178.807	42.315
-178.777	42.315
-178.522	42.195
-178.357	42.135
-178.327	42.135
-178.297	42.105
-178.267	42.105
-178.117	42.045
-178.072	42.045
-178.042	42.060
-177.982	42.030
-177.922	42.030
-177.862	42.045
-177.832	42.015
-177.802	42.015
-177.742	42.000
-177.697	42.000
-177.577	41.940
-177.517	41.955
-177.457	41.940
-177.397	41.940
-177.337	41.910
-177.262	41.895
-177.142	41.820
-177.052	41.760
-177.022	41.730
-176.992	41.730
-176.842	41.535
-176.842	41.505
-176.812	41.445
-176.812	41.415
-176.782	41.355
-176.767	41.280
-176.692	41.130
-176.407	40.950
-176.347	40.920
POLYLINE BLACK
-178.162	44.400
-178.072	44.340
-178.057	44.310
-177.937	44.235
-177.697	44.070
-177.667	44.040
-177.637	44.040
-177.397	43.980
-177.367	43.980
-177.307	43.935
-177.232	43.920
-177.142	43.860
-177.082	43.860
-177.022	43.845
-176.992	43.845
-176.962	43.830
-176.917	43.830
-176.887	43.815
-176.857	43.830
-176.692	43.770
-176.527	43.710
-176.497	43.710
-176.437	43.680
-176.377	43.680
-176.272	43.650
-176.212	43.650
-176.182	43.635
-176.137	43.635
-175.972	43.575
-175.942	43.545
-175.897	43.545
-175.807	43.470
-175.777	43.470
-175.687	43.380
-175.657	43.380
-175.522	43.290
-175.492	43.290
-175.372	43.215
-175.237	43.125
-175.177	43.110
POLYLINE BLUE
-174.337	40.755
-174.742	40.530
POLYLINE BLUE
-174.592	40.905
-175.042	40.635
POLYLINE BLUE
-174.697	41.100
-175.072	40.815
POLYLINE BLUE
-174.877	41.310
-175.087	41.175
-175.252	41.040
POLYLINE BLUE
-175.027	41.445
-175.372	41.145
-175.447	41.100
POLYLINE BLUE
-175.312	41.460
-175.342	41.475
-175.387	41.475
-175.597	41.310
-175.702	41.250
-175.747	41.190
POLYLINE BLUE
-175.702	41.205
-175.792	41.280
-175.807	41.340
-175.807	41.445
-175.747	41.535
-175.627	41.610
-175.537	41.655
-175.447	41.655
-175.387	41.670
-175.357	41.670
-175.327	41.640
-175.297	41.655
-175.282	41.610
-175.252	41.610
-175.132	41.580
-175.102	41.580
-175.072	41.565
-175.027	41.565
-174.967	41.520
POLYLINE GREEN
-175.627	41.970
-175.792	41.865
-175.852	41.850
-176.047	41.910
-176.122	42.000
-176.122	42.030
-176.137	42.060
-176.122	42.135
-176.092	42.270
-176.032	42.360
-175.942	42.465
-175.882	42.480
-175.852	42.510
-175.777	42.525
-175.657	42.525
-175.537	42.480
-175.447	42.345
-175.447	42.315
-175.417	42.180
-175.417	42.075
-175.462	41.970
-175.507	41.955
-175.537	41.925
-175.852	41.835
-175.927	41.865
-176.032	41.985
-176.047	42.150
-176.047	42.210
-176.017	42.285
-175.897	42.390
-175.837	42.420
-175.762	42.420
-175.702	42.435
-175.642	42.405
-175.567	42.390
-175.492	42.300
-175.447	42.195
-175.447	42.165
-175.477	42.045
-175.582	41.955
-175.762	41.880
-175.882	41.910
-175.927	41.940
-175.957	41.985
-175.987	42.105
-175.927	42.240
-175.837	42.345
-175.807	42.360
-175.747	42.345
-175.717	42.345
-175.657	42.330
-175.597	42.330
-175.537	42.300
-175.507	42.195
-175.507	42.135
-175.612	42.000
-175.702	41.955
-175.732	41.970
-175.777	41.970
-175.837	42.015
-175.882	42.105
-175.852	42.210
-175.807	42.270
-175.777	42.270
-175.747	42.300
-175.657	42.255
-175.627	42.255
-175.582	42.150
-175.582	42.120
-175.627	42.030
-175.687	42.000
-175.717	42.000
-175.777	42.060
POLYLINE BROWN
-173.572	39.270
-173.542	39.210
-173.542	39.180
-173.452	39.015
-173.272	38.805
-173.242	38.685
-173.242	38.655
-173.272	38.595
-173.392	38.565
-173.407	38.535
-173.422	38.565
-173.422	38.535
-173.482	38.550
-173.542	38.520
-173.572	38.520
-173.602	38.535
-173.662	38.520
-173.752	38.520
-174.097	38.715
-174.187	38.775
-174.232	38.790
-174.262	38.835
-174.292	38.850
-174.382	38.955
-174.412	38.970
-174.592	39.165
-174.637	39.180
-174.682	39.240
-175.012	39.540
-175.057	39.555
-175.132	39.645
-175.162	39.660
-175.267	39.780
-175.282	39.825
-175.447	40.050
-175.522	40.140
-175.597	40.275
-175.627	40.290
-175.717	40.395
-175.747	40.410
-175.912	40.605
-175.972	40.650
-176.047	40.740
POLYLINE BROWN
-174.412	40.755
-174.397	40.665
-174.472	40.755
POLYLINE BROWN
-173.632	39.855
-173.572	39.765
-173.392	39.660
-173.317	39.570
-173.287	39.555
-173.242	39.495
-173.212	39.480
-173.182	39.405
-173.092	39.345
POLYLINE BROWN
-174.382	40.695
-174.307	40.575
-174.217	40.440
-174.187	40.425
-174.112	40.305
-174.067	40.245
-173.977	40.185
-173.857	40.065
-173.827	40.065
-173.812	40.035
-173.602	39.855
-173.557	39.795
POLYLINE BLACK
-174.232	42.075
-174.112	41.970
-174.082	41.910
-174.082	41.775
-174.127	41.655
-174.262	41.430
-174.322	41.385
-174.337	41.355
-174.397	41.310
-174.502	41.115
-174.502	40.965
-174.472	40.845
-174.442	40.830
-174.427	40.800
POLYLINE BLACK
-174.067	41.910
-173.677	41.130
-173.632	41.070
-173.617	41.025
-173.527	40.905
-173.482	40.800
-173.407	40.710
-173.377	40.635
-173.302	40.515
-173.197	40.305
-173.197	40.275
-173.137	40.125
-173.137	40.095
-173.077	39.960
-173.077	39.930
-173.047	39.915
-172.987	39.780
POLYLINE BLACK
-175.252	43.170
-175.132	43.095
-175.012	43.005
-174.817	42.870
-174.742	42.810
-174.667	42.705
-174.382	42.360
-174.292	42.240
-174.217	42.180
-174.127	42.060
-174.097	41.955
-174.022	41.835
-173.947	41.715
POLYLINE GRAY
-173.237	39.110
-173.237	39.130
-173.327	39.220
-173.397	39.240
-173.417	39.260
-173.457	39.270
-173.497	39.290
-173.507	39.270
-173.387	39.090
-173.317	39.010
-173.307	38.980
POLYLINE GRAY
-173.217	39.170
POLYLINE GRAY
-171.267	37.480
-171.277	37.500
-171.317	37.510
-171.407	37.600
-171.477	37.730
-171.637	37.890
-171.727	37.960
-171.817	38.070
-171.847	38.100
-171.917	38.200
-171.977	38.250
-171.997	38.250
-172.057	38.290
-172.127	38.360
-172.267	38.460
-172.317	38.490
-172.467	38.610
-172.487	38.630
-172.507	38.620
-172.587	38.680
-172.767	38.760
-172.847	38.820
-172.917	38.910
-172.997	38.980
-173.097	39.040
-173.237	39.150
-173.337	39.210
POLYLINE GRAY
-171.007	37.890
-171.107	38.010
-171.157	38.100
-171.357	38.290
-171.427	38.330
-171.527	38.410
-171.727	38.590
-171.777	38.620
-171.787	38.650
-171.877	38.720
-171.957	38.800
-172.107	38.910
-172.347	39.080
-172.507	39.200
-172.607	39.300
-172.687	39.350
-172.697	39.370
-172.747	39.390
-172.767	39.410
-172.807	39.420
-172.947	39.530
-172.987	39.560
POLYLINE BLACK
-176.495	40.942
-176.495	40.928
-176.460	40.879
-176.432	40.858
-176.383	40.802
-176.313	40.767
-176.285	40.746
-176.271	40.746
-176.243	40.725
-176.222	40.725
-176.208	40.718
-176.194	40.697
-176.138	40.669
-176.124	40.669
-176.082	40.634
-175.970	40.543
-175.928	40.515
POLYLINE BLACK
-174.934	41.551
-174.962	41.530
-174.983	41.530
POLYLINE BLACK
-174.976	41.691
-174.983	41.670
-174.997	41.670
-175.011	41.663
POLYLINE BLACK
-175.032	41.824
-175.067	41.775
POLYLINE BLACK
-175.095	41.943
-175.095	41.929
-175.130	41.901
-175.144	41.880
POLYLINE BLACK
-175.221	42.020
-175.263	41.943
-175.277	41.929
POLYLINE GREEN
-176.082	42.412
-176.068	42.412
-176.012	42.475
-175.970	42.496
-175.963	42.510
-175.914	42.538
-175.900	42.538
-175.872	42.545
-175.844	42.545
-175.802	42.559
-175.781	42.559
-175.753	42.552
-175.725	42.559
-175.711	42.559
-175.697	42.552
-175.676	42.559
-175.648	42.552
-175.634	42.538
-175.620	42.538
-175.564	42.503
-175.529	42.489
-175.473	42.447
-175.403	42.363
-175.382	42.335
-175.382	42.321
-175.354	42.258
-175.354	42.244
-175.340	42.216
-175.340	42.174
-175.333	42.139
-175.333	42.097
-175.347	42.055
-175.347	42.034
-175.375	42.013
POLYLINE GREEN
-175.753	41.768
-175.767	41.754
-175.781	41.754
-175.802	41.740
-175.816	41.740
-175.830	41.733
-175.879	41.747
-175.893	41.754
-175.928	41.754
-175.984	41.789
-176.040	41.859
-176.061	41.887
-176.089	41.950
-176.089	41.964
-176.124	42.041
-176.124	42.062
-176.138	42.090
-176.138	42.174
-176.131	42.209
-176.124	42.258
-176.096	42.300
-176.096	42.314
-176.075	42.363
-176.005	42.468
-175.984	42.496
POLYLINE GREEN
-175.312	42.118
-175.354	42.041
-175.361	42.013
-175.389	41.971
-175.410	41.922
-175.445	41.880
-175.459	41.880
-175.585	41.810
-175.620	41.803
-175.676	41.775
-175.690	41.775
-175.718	41.754
-175.732	41.754
-175.746	41.761
-175.781	41.747
-175.795	41.747
-175.823	41.740
-175.851	41.740
-175.865	41.733
-175.893	41.740
-175.907	41.740
-175.921	41.733
POLYLINE GREEN
-175.284	42.125
-175.291	42.090
-175.319	42.034
-175.361	41.999
-175.368	41.985
-175.382	41.985
-175.410	41.964
-175.417	41.950
-175.452	41.936
-175.508	41.887
-175.522	41.887
-175.529	41.873
-175.557	41.859
POLYLINE BLACK
-174.521	40.991
-174.535	40.991
-174.570	41.040
-174.619	41.068
-174.647	41.103
POLYLINE BLACK
-175.298	42.146
-175.235	42.090
-175.095	41.971
-175.046	41.894
-175.011	41.852
-174.948	41.726
-174.948	41.712
-174.934	41.677
-174.934	41.663
-174.899	41.565
-174.864	41.488
-174.864	41.474
-174.850	41.439
-174.822	41.397
-174.773	41.292
-174.738	41.250
-174.724	41.215
-174.696	41.194
-174.661	41.152
-174.654	41.131
-174.570	41.061
-174.563	41.047
POLYLINE BLACK
-176.094	41.508
-175.869	41.343
-175.749	41.253
-175.719	41.253
-175.479	41.043
-175.389	41.013
-175.269	40.923
-175.194	40.833
-175.164	40.818
-175.014	40.608
-174.954	40.563
-174.924	40.563
-174.909	40.533
-174.789	40.443
-174.774	40.413
POLYLINE BLUE
-173.349	39.618
-173.379	39.618
-173.439	39.573
-173.559	39.528
-173.589	39.483
-173.694	39.408
POLYLINE BLUE
-173.424	39.918
-173.694	39.768
-173.769	39.708
-173.814	39.633
POLYLINE BLUE
-173.574	40.128
-173.739	39.993
-173.904	39.843
POLYLINE BLUE
-173.844	40.368
-173.874	40.368
-174.114	40.248
-174.174	40.203
-174.279	40.158
-174.384	40.083
POLYLINE BLUE
-174.024	40.503
-174.129	40.443
-174.249	40.398
-174.309	40.398
-174.564	40.308
-174.669	40.278
POLYLINE BLUE
-173.124	39.813
-173.499	39.588
POLYLINE BLUE
-172.794	39.678
-172.824	39.678
-173.094	39.513
-173.199	39.468
-173.349	39.378
POLYLINE BLUE
-172.554	39.483
-172.584	39.453
-172.764	39.363
-172.989	39.213
POLYLINE BLUE
-172.239	39.213
-172.434	39.168
-172.524	39.108
-172.764	39.003
-172.794	38.973
POLYLINE BLUE
-171.894	39.108
-171.939	39.048
-172.239	38.913
-172.569	38.778
POLYLINE BLUE
-171.534	38.913
-171.804	38.793
-171.954	38.688
-172.014	38.658
POLYLINE BLUE
-169.344	38.493
-169.434	38.403
-169.524	38.343
POLYLINE BLUE
-169.419	38.583
-169.554	38.448
-169.749	38.313
-169.869	38.208
POLYLINE BLUE
-169.704	38.628
-169.884	38.508
-169.959	38.463
-170.139	38.313
-170.214	38.268
POLYLINE BLUE
-170.004	38.628
-170.034	38.598
-170.229	38.523
-170.409	38.388
-170.469	38.328
POLYLINE BLUE
-170.379	38.613
-170.409	38.613
-170.574	38.508
-170.634	38.493
-170.844	38.343
POLYLINE BLUE
-170.694	38.673
-170.859	38.568
-171.024	38.493
-171.264	38.358
POLYLINE BLUE
-170.994	38.778
-171.129	38.688
-171.564	38.508
-171.639	38.448
POLYLINE BLUE
-171.264	38.883
-171.249	38.808
-171.264	38.778
-171.414	38.733
-171.594	38.613
-171.849	38.433
POLYLINE BLUE
-171.084	38.388
-171.114	38.373
-171.204	38.403
-171.234	38.388
-171.264	38.403
-171.309	38.403
-171.339	38.418
-171.459	38.403
-171.564	38.433
-171.594	38.433
-171.624	38.418
-171.684	38.448
-171.744	38.448
-171.864	38.508
-171.924	38.508
-171.954	38.538
-172.014	38.538
-172.074	38.583
-172.104	38.583
-172.164	38.613
-172.194	38.613
-172.329	38.673
-172.359	38.673
-172.389	38.688
POLYLINE BLACK
-171.789	39.093
-171.789	39.063
-171.819	39.063
-171.849	39.078
-171.879	39.063
-171.939	39.078
-171.969	39.108
-172.029	39.108
-172.119	39.138
-172.299	39.273
-172.329	39.273
-172.404	39.318
-172.434	39.318
-172.539	39.438
-172.629	39.513
-172.644	39.543
-172.704	39.588
-172.779	39.678
-172.854	39.708
-172.899	39.768
-172.929	39.768
-172.989	39.813
-173.049	39.813
-173.079	39.828
-173.124	39.828
-173.139	39.858
-173.244	39.903
-173.274	39.903
-173.289	39.933
-173.319	39.933
-173.409	39.993
-173.439	39.993
-173.469	40.008
-173.544	40.128
-173.574	40.128
-173.649	40.218
-173.979	40.533
-173.994	40.578
-174.024	40.578
-174.084	40.608
-174.099	40.638
-174.129	40.653
-174.159	40.698
-174.249	40.758
-174.264	40.788
-174.354	40.848
-174.504	40.983
-174.534	40.983
-174.564	41.013
POLYLINE BLACK
-174.849	40.428
-174.774	40.413
-174.714	40.383
-174.684	40.383
-174.594	40.323
-174.564	40.293
-174.534	40.293
-174.444	40.233
-174.414	40.233
-174.294	40.143
-174.264	40.143
-173.934	39.903
-173.859	39.798
-173.769	39.738
-173.679	39.573
-173.589	39.453
-173.514	39.408
-173.469	39.348
-173.439	39.348
-173.244	39.243
-173.124	39.153
-172.914	39.018
-172.884	39.018
-172.824	38.973
-172.809	38.943
-172.719	38.868
-172.644	38.778
-172.524	38.703
-172.494	38.718
-172.344	38.628
-172.314	38.628
-172.194	38.523
-172.164	38.523
-172.134	38.493
POLYLINE GREEN
-171.214	37.923
-171.214	37.883
-171.194	37.823
-171.224	37.733
-171.214	37.713
-171.194	37.713
-171.174	37.663
-171.224	37.583
-171.224	37.543
-171.164	37.523
POLYLINE GREEN
-171.284	37.913
-171.234	37.923
-171.214	37.933
-171.154	37.913
-171.134	37.913
POLYLINE GREEN
-170.974	37.753
-170.964	37.713
-170.914	37.603
POLYLINE GREEN
-171.004	37.883
-171.004	37.823
-170.994	37.783
-170.994	37.703
-171.034	37.583
POLYLINE GREEN
-170.524	37.503
-170.574	37.563
-170.594	37.563
-170.624	37.523
-170.604	37.493
POLYLINE GREEN
-170.214	37.343
-170.284	37.373
-170.354	37.373
-170.394	37.333
-170.394	37.293
-170.374	37.263
POLYLINE GREEN
-170.144	37.703
-170.204	37.733
-170.244	37.733
-170.314	37.703
-170.354	37.653
-170.334	37.573
-170.314	37.563
POLYLINE GREEN
-169.574	37.683
-169.584	37.713
-169.664	37.723
-169.704	37.683
-169.704	37.623
-169.684	37.603
POLYLINE GREEN
-169.774	37.373
-169.804	37.413
-169.904	37.423
-169.924	37.413
-169.944	37.343
-169.944	37.313
-169.924	37.293
POLYLINE GREEN
-169.314	37.363
-169.314	37.383
-169.384	37.393
-169.414	37.363
-169.414	37.323
-169.394	37.273
POLYLINE GREEN
-169.124	38.083
-169.164	38.013
-169.154	37.913
-169.134	37.873
POLYLINE GREEN
-168.934	37.793
-168.974	37.803
-169.024	37.753
-169.044	37.723
-169.044	37.663
-168.984	37.623
POLYLINE GREEN
-168.754	38.123
-168.794	38.123
-168.834	38.103
-168.854	38.063
-168.854	38.023
-168.754	37.933
POLYLINE BROWN
-168.904	38.353
-168.894	38.393
-168.854	38.453
-168.804	38.503
POLYLINE BROWN
-170.764	38.173
-170.714	38.183
-170.694	38.203
POLYLINE BROWN
-170.774	38.133
-170.724	38.073
POLYLINE BROWN
-170.894	38.123
-170.854	38.053
POLYLINE BROWN
-171.024	38.103
-171.014	38.053
-171.004	38.033
POLYLINE BROWN
-171.144	38.063
-171.124	38.043
-171.044	38.043
-171.004	38.033
-170.904	38.013
-170.804	38.033
-170.764	38.023
-170.724	38.033
-170.664	38.053
-170.644	38.073
-170.624	38.073
-170.604	38.133
-170.614	38.173
-170.634	38.193
-170.644	38.233
-170.714	38.303
-170.754	38.293
-170.794	38.313
POLYLINE BROWN
-171.104	38.073
-171.164	38.123
-171.224	38.143
-171.264	38.143
-171.304	38.153
-171.344	38.153
-171.364	38.163
-171.384	38.153
-171.404	38.163
-171.444	38.153
POLYLINE BROWN
-169.644	36.983
-169.694	37.013
-169.844	37.043
-169.914	37.043
-169.954	37.023
-170.064	37.073
-170.084	37.073
-170.124	37.093
-170.154	37.093
-170.214	37.133
-170.334	37.183
-170.364	37.183
-170.504	37.233
-170.534	37.233
-170.684	37.283
-170.754	37.293
-170.824	37.293
-170.874	37.303
-170.904	37.303
-170.984	37.343
-171.014	37.343
-171.224	37.413
-171.334	37.503
-171.434	37.643
-171.454	37.733
-171.454	37.823
-171.424	37.863
-171.414	37.903
-171.334	37.973
-171.284	37.993
-171.204	38.053
-171.124	38.073
-171.034	38.093
POLYLINE BROWN
-168.834	38.373
-168.794	38.363
-168.714	38.343
-168.704	38.323
-168.664	38.313
-168.594	38.243
-168.564	38.163
-168.574	38.103
-168.564	38.063
-168.564	37.823
-168.594	37.713
-168.654	37.613
-168.714	37.553
-168.814	37.483
-168.924	37.373
-168.964	37.303
-169.114	37.163
-169.204	37.103
-169.244	37.093
-169.324	37.043
-169.364	37.043
-169.404	37.023
-169.454	37.023
-169.474	37.033
-169.494	37.013
-169.534	37.023
-169.574	37.003
-169.644	37.003
-169.684	37.023
-169.694	37.003
POLYLINE BLACK
-172.084	38.403
-172.054	38.443
-172.094	38.483
-172.134	38.493
-172.174	38.513
-172.204	38.513
POLYLINE BLACK
-169.494	38.203
-169.514	38.183
-169.614	38.183
-169.684	38.193
-169.724	38.183
-169.844	38.183
-169.864	38.193
-169.884	38.183
-169.924	38.183
-169.944	38.193
-169.994	38.183
-170.064	38.183
-170.184	38.203
-170.224	38.203
-170.244	38.193
-170.284	38.213
-170.304	38.203
-170.394	38.233
-170.434	38.223
-170.524	38.273
-170.564	38.273
-170.604	38.283
-170.624	38.303
-170.744	38.323
-170.784	38.343
-170.814	38.343
-170.854	38.353
-170.894	38.353
-170.994	38.393
-171.094	38.363
-171.134	38.373
-171.164	38.343
-171.224	38.313
-171.234	38.293
-171.254	38.303
-171.294	38.243
-171.334	38.213
-171.354	38.213
-171.454	38.153
-171.514	38.143
-171.534	38.123
-171.574	38.123
-171.614	38.103
-171.664	38.103
-171.704	38.073
-171.764	38.073
-171.804	38.063
-171.864	38.053
-171.884	38.063
-171.944	38.043
-172.004	38.063
-172.024	38.053
-172.064	38.063
-172.104	38.063
-172.154	38.073
-172.194	38.063
-172.204	38.083
-172.344	38.083
-172.414	38.093
-172.454	38.093
-172.514	38.123
-172.574	38.133
-172.594	38.153
-172.634	38.163
-172.634	38.183
-172.604	38.223
-172.474	38.223
-172.434	38.233
-172.394	38.243
-172.374	38.233
-172.354	38.253
-172.334	38.243
-172.294	38.263
-172.284	38.283
-172.224	38.293
-172.194	38.323
-172.154	38.333
-172.114	38.393
-172.074	38.403
-172.054	38.443
POLYLINE BLACK
-171.864	38.983
-171.824	38.993
-171.784	38.993
-171.764	39.003
-171.744	38.993
-171.694	39.023
-171.654	39.013
-171.614	39.003
-171.574	38.993
-171.494	38.973
-171.444	38.983
-171.354	38.953
-171.264	38.933
-171.134	38.843
-171.104	38.843
-171.044	38.813
-171.004	38.803
-170.894	38.753
-170.874	38.753
-170.824	38.723
-170.744	38.723
-170.724	38.713
-170.684	38.723
-170.644	38.713
-170.604	38.723
-170.534	38.703
-170.484	38.703
-170.404	38.673
-170.374	38.673
-170.334	38.663
-170.294	38.663
-170.274	38.653
-170.254	38.663
-170.224	38.653
-170.184	38.663
-170.144	38.673
-170.074	38.663
-169.984	38.663
-169.964	38.673
-169.944	38.663
-169.904	38.673
-169.844	38.673
-169.774	38.653
-169.734	38.663
-169.694	38.653
-169.654	38.663
-169.634	38.663
-169.534	38.733
POLYLINE BLACK
-170.794	40.013
POLYLINE BLUE
-169.534	38.653
POLYLINE BLUE
-169.554	38.623
-169.524	38.643
-169.464	38.643
-169.404	38.663
-169.304	38.643
-169.284	38.643
-169.234	38.593
-169.214	38.523
-169.214	38.413
-169.284	38.313
-169.284	38.283
-169.404	38.193
-169.454	38.193
-169.494	38.183
POLYLINE BLUE
-166.464	39.523
-166.504	39.513
-166.534	39.523
-166.604	39.523
-166.684	39.503
-166.714	39.503
-166.744	39.463
-166.754	39.363
-166.754	39.323
-166.804	39.313
-166.854	39.283
-166.904	39.283
-166.994	39.293
-167.074	39.293
-167.144	39.323
-167.174	39.323
-167.214	39.333
-167.244	39.303
-167.284	39.153
-167.324	39.113
-167.414	39.123
-167.504	39.133
-167.594	39.113
-167.654	39.073
-167.674	39.073
-167.694	39.053
-167.734	39.053
-167.734	39.083
-167.624	39.193
-167.694	39.113
-167.754	39.003
-167.604	39.003
-167.514	38.983
POLYLINE BLACK
-168.094	38.773
-168.004	38.793
-167.934	38.783
-167.894	38.793
POLYLINE BLACK
-168.204	38.723
-168.224	38.733
-168.304	38.703
-168.334	38.703
-168.354	38.693
-168.224	38.733
-168.174	38.733
-168.084	38.753
-168.044	38.753
-168.024	38.773
-167.964	38.773
-167.944	38.763
POLYLINE BLACK
-168.014	38.753
-168.014	38.733
-168.064	38.703
-168.204	38.653
-168.284	38.683
POLYLINE BLACK
-168.154	38.753
-168.144	38.733
-168.274	38.723
-168.334	38.703
-168.394	38.663
-168.414	38.663
-168.424	38.633
-168.444	38.633
-168.524	38.563
-168.594	38.533
-168.614	38.513
-168.644	38.513
-168.764	38.473
-168.864	38.413
-168.884	38.423
-168.904	38.403
-168.944	38.393
-169.004	38.353
-169.024	38.353
-169.044	38.333
-169.064	38.333
-169.074	38.313
-169.114	38.303
-169.154	38.313
-169.264	38.313
-169.274	38.293
-169.294	38.303
-169.334	38.263
-169.354	38.263
-169.374	38.223
POLYLINE BLACK
-168.384	39.273
-168.414	39.223
-168.584	39.113
-168.634	39.083
-168.694	39.053
-168.714	39.053
-168.754	39.023
-168.824	38.993
-168.844	38.973
-168.864	38.973
-168.964	38.903
-169.054	38.873
-169.094	38.863
-169.114	38.863
-169.184	38.823
-169.224	38.833
-169.264	38.823
-169.324	38.803
-169.384	38.763
-169.474	38.733
-169.514	38.703
POLYLINE BLACK
-164.544	39.503
-164.574	39.483
-164.614	39.483
-164.684	39.463
-164.754	39.473
-164.794	39.463
POLYLINE BLACK
-168.444	39.223
-168.424	39.213
-168.344	39.253
-168.324	39.243
-168.314	39.273
-168.264	39.273
-168.224	39.283
-168.184	39.283
-168.144	39.273
-168.104	39.273
-168.024	39.253
-167.904	39.253
-167.864	39.243
-167.824	39.253
-167.764	39.253
-167.714	39.283
-167.674	39.293
-167.614	39.333
-167.464	39.403
-167.444	39.423
-167.394	39.423
-167.384	39.443
-167.334	39.443
-167.314	39.463
-167.164	39.493
-167.124	39.503
-167.054	39.533
-167.034	39.553
-166.994	39.553
-166.954	39.563
-166.934	39.563
-166.834	39.623
-166.804	39.623
-166.744	39.653
-166.704	39.663
-166.654	39.673
-166.614	39.683
-166.554	39.703
-166.514	39.713
-166.404	39.763
-166.364	39.763
-166.334	39.753
-166.254	39.773
-166.204	39.773
-166.164	39.793
-166.134	39.793
-166.044	39.813
-165.964	39.863
-165.874	39.913
-165.834	39.923
-165.784	39.953
-165.724	39.983
-165.684	39.993
-165.584	40.023
-165.544	40.023
-165.414	40.083
-165.264	40.103
-165.204	40.123
-165.174	40.123
-165.084	40.163
-165.004	40.163
-164.944	40.183
-164.924	40.203
-164.884	40.203
-164.824	40.223
-164.804	40.213
-164.674	40.243
-164.634	40.243
POLYLINE BLACK
-165.654	37.993
-165.664	38.013
POLYLINE BLACK
-164.674	39.493
-164.764	39.483
-164.784	39.473
-164.824	39.483
-164.854	39.483
-164.894	39.473
-164.984	39.463
-165.044	39.443
-165.074	39.443
-165.114	39.413
-165.154	39.403
-165.204	39.393
-165.254	39.393
-165.464	39.343
-165.554	39.343
-165.694	39.313
-165.954	39.313
-165.974	39.323
-166.054	39.303
-166.104	39.313
-166.154	39.313
-166.354	39.243
-166.384	39.243
-166.554	39.163
-166.694	39.103
-166.724	39.103
-166.874	39.053
-166.964	38.993
-167.054	38.953
-167.104	38.963
-167.164	38.943
-167.204	38.953
-167.234	38.953
-167.294	38.933
-167.444	38.833
-167.484	38.823
-167.514	38.833
-167.534	38.823
-167.624	38.823
-167.644	38.833
-167.664	38.823
-167.684	38.833
-167.794	38.803
-167.824	38.803
-167.924	38.763
-167.964	38.733
-168.004	38.723
-168.044	38.703
-168.064	38.713
-168.084	38.693
-168.124	38.703
-168.134	38.683
POLYLINE GREEN
-161.524	39.668
-161.509	39.593
-161.509	39.278
-161.494	39.218
-161.494	39.158
POLYLINE GREEN
-161.614	39.818
-161.614	39.788
-161.569	39.623
-161.539	39.623
-161.359	39.758
-161.329	39.788
-161.284	39.803
POLYLINE GREEN
-164.419	39.098
-164.389	38.963
-164.389	38.903
-164.374	38.843
-164.374	38.798
-164.389	38.738
-164.389	38.618
POLYLINE GREEN
-164.494	39.248
-164.464	39.218
-164.464	39.173
-164.419	39.068
-164.389	39.068
-164.239	39.188
-164.194	39.248
POLYLINE BLUE
-163.279	39.578
-163.174	39.398
-163.129	39.368
POLYLINE BLUE
-161.839	39.473
-161.869	39.473
-161.929	39.503
-161.959	39.503
-162.154	39.608
-162.304	39.548
-162.394	39.488
-162.424	39.458
-162.454	39.458
-162.514	39.503
-162.559	39.578
-162.559	39.608
-162.649	39.728
-162.679	39.728
-162.739	39.683
-162.814	39.578
-162.874	39.518
-162.934	39.518
-162.994	39.503
-163.129	39.533
-163.219	39.533
-163.249	39.548
-163.234	39.593
-163.129	39.668
-163.024	39.713
-162.994	39.713
POLYLINE BLACK
-164.509	39.518
-164.479	39.503
-164.449	39.518
-164.269	39.473
-164.209	39.488
-164.134	39.473
-164.074	39.488
-164.014	39.473
-163.984	39.473
-163.954	39.458
-163.909	39.473
-163.849	39.443
-163.684	39.443
-163.504	39.383
-163.459	39.383
-163.339	39.323
-163.309	39.323
-163.249	39.278
-163.219	39.278
-163.189	39.293
-163.144	39.293
-163.114	39.278
-163.054	39.293
-162.814	39.293
-162.784	39.278
-162.739	39.278
-162.679	39.263
-162.649	39.263
-162.589	39.233
-162.454	39.218
-162.424	39.188
-162.394	39.188
-162.334	39.173
-162.304	39.173
-162.199	39.128
-162.169	39.128
-162.064	39.083
-162.034	39.083
-162.004	39.053
-161.974	39.068
-161.914	39.053
-161.869	39.053
-161.749	39.023
-161.659	39.023
-161.584	39.008
-161.554	39.008
-161.524	38.993
-161.464	39.008
-161.404	39.008
-161.269	39.053
POLYLINE GREEN
-163.519	40.013
-163.474	39.908
-163.444	39.908
-163.354	39.983
-163.324	40.028
-163.324	40.058
-163.294	40.118
-163.294	40.148
POLYLINE GREEN
-163.759	40.238
-163.714	40.133
-163.714	40.103
-163.654	40.088
-163.624	40.088
-163.474	40.223
POLYLINE GREEN
-163.804	40.028
-163.789	39.968
-163.789	39.908
-163.729	39.893
-163.699	39.893
-163.669	39.908
-163.639	39.953
-163.549	40.013
POLYLINE GREEN
-164.044	40.208
-164.044	40.178
-164.104	40.088
-164.134	39.998
-164.104	39.968
-164.074	39.968
-163.939	40.028
POLYLINE GREEN
-163.129	40.223
-163.129	40.133
-163.174	39.998
-163.204	39.983
-163.204	39.953
-163.234	39.878
-163.324	39.818
-163.414	39.758
-163.444	39.758
-163.564	39.698
-163.789	39.698
-163.819	39.728
-163.849	39.728
-163.879	39.758
-163.954	39.773
-163.984	39.803
-164.014	39.803
-164.104	39.878
-164.134	39.893
-164.194	39.983
-164.194	40.028
-164.209	40.088
-164.209	40.268
-164.194	40.328
-164.194	40.448
POLYLINE BLACK
-161.644	40.058
-161.704	40.013
-161.869	39.983
-161.899	39.983
-162.004	39.938
-162.094	39.938
-162.184	39.908
-162.214	39.923
-162.274	39.908
-162.334	39.938
-162.469	39.938
-162.529	39.953
-162.559	39.938
-162.604	39.998
-162.604	39.998
-162.604	39.998
-162.634	39.983
-162.694	40.013
-162.724	40.013
-162.784	40.043
-162.814	40.043
-162.874	40.088
-162.934	40.088
-163.024	40.148
-163.054	40.148
-163.204	40.193
-163.264	40.238
-163.294	40.238
-163.384	40.268
-163.429	40.253
-163.489	40.283
-163.549	40.283
-163.609	40.298
-163.639	40.283
-163.699	40.298
-163.729	40.298
-163.849	40.328
-163.984	40.328
-164.044	40.343
-164.104	40.328
-164.134	40.328
-164.164	40.313
-164.224	40.328
-164.314	40.328
-164.374	40.298
-164.404	40.298
-164.464	40.283
-164.494	40.283
-164.554	40.268
-164.584	40.268
POLYLINE BLUE
-161.059	41.363
-161.314	40.943
-161.449	40.613
-161.464	40.493
POLYLINE BLUE
-160.879	41.303
-160.909	41.288
-161.119	40.883
-161.329	40.418
-161.389	40.253
-161.389	40.223
POLYLINE BLUE
-160.639	41.393
-160.669	41.363
-160.969	40.733
-161.014	40.628
-161.134	40.448
-161.164	40.373
-161.299	40.148
POLYLINE BLUE
-160.489	41.333
-160.744	40.898
-160.894	40.538
-160.999	40.343
-161.059	40.253
-161.134	40.103
-161.164	40.073
-161.179	40.028
POLYLINE BLUE
-160.249	41.348
-160.354	41.183
-160.519	40.838
-160.549	40.733
-160.624	40.598
-160.744	40.433
-160.954	40.013
-160.999	39.953
-161.014	39.908
POLYLINE BLUE
-160.009	41.288
-160.054	41.153
-160.249	40.763
-160.384	40.568
-160.489	40.373
-160.684	40.133
-160.789	39.968
POLYLINE BLUE
-159.829	41.168
-159.859	41.138
-159.994	40.853
-160.219	40.508
-160.369	40.298
-160.534	39.998
POLYLINE BLUE
-159.754	40.943
-159.904	40.628
-160.024	40.463
-160.084	40.358
-160.174	40.223
-160.234	40.118
POLYLINE BLUE
-161.464	40.133
-161.434	40.058
-161.389	40.043
-161.329	39.998
-161.314	39.968
-161.224	39.893
-161.194	39.893
-161.074	39.863
-161.014	39.863
-160.954	39.878
-160.894	39.863
-160.819	39.863
-160.789	39.878
-160.669	39.878
-160.609	39.908
-160.504	39.908
-160.429	39.923
-160.414	39.953
-160.369	39.983
-160.339	39.983
-160.279	40.028
-160.204	40.043
-160.054	40.118
-159.889	40.313
-159.874	40.358
-159.799	40.448
-159.739	40.583
-159.739	40.613
-159.679	40.733
-159.679	40.763
-159.664	40.823
-159.694	40.958
-159.724	41.033
-159.844	41.183
POLYLINE BLACK
-157.984	41.273
-158.074	41.423
-158.104	41.438
-158.224	41.588
-158.254	41.588
-158.284	41.618
POLYLINE BLACK
-159.934	41.333
-159.919	41.303
-159.769	41.228
-159.709	41.228
-159.649	41.198
-159.619	41.198
-159.529	41.153
-159.409	41.153
-159.379	41.138
-159.349	41.153
-159.289	41.138
-159.259	41.153
-159.184	41.138
-159.154	41.153
-159.124	41.138
-159.064	41.153
-159.004	41.198
-158.974	41.198
-158.854	41.258
-158.824	41.258
-158.674	41.378
-158.569	41.423
-158.554	41.453
-158.464	41.513
-158.434	41.513
-158.359	41.573
-158.329	41.573
-158.269	41.588
-158.179	41.588
-158.119	41.603
-158.029	41.603
-157.969	41.618
-157.894	41.618
-157.864	41.603
POLYLINE BLACK
-161.704	39.953
-161.644	39.998
-161.554	40.148
-161.494	40.283
-161.509	40.358
-161.509	40.388
-161.554	40.478
-161.554	40.508
-161.569	40.538
-161.569	40.613
-161.584	40.673
-161.584	40.703
-161.599	40.733
-161.599	40.883
-161.584	40.943
-161.584	40.988
-161.509	41.093
-161.464	41.153
-161.329	41.258
-161.299	41.258
-161.224	41.288
-161.164	41.333
-160.984	41.393
-160.909	41.408
-160.849	41.423
-160.729	41.423
-160.549	41.393
-160.489	41.393
-160.399	41.363
-160.354	41.363
-160.294	41.333
-160.234	41.333
-160.204	41.318
-160.129	41.318
-160.039	41.273
-159.979	41.273
-159.889	41.198
-159.844	41.183
-159.814	41.153
POLYLINE BLACK
-161.539	40.268
-161.539	40.298
-161.554	40.358
-161.554	40.478
-161.569	40.508
POLYLINE BLACK
-159.064	39.743
-159.139	39.728
-159.154	39.698
POLYLINE BLACK
-161.299	39.068
-161.269	39.008
-161.239	39.023
-161.179	39.008
-161.104	39.008
-161.029	38.993
-160.909	38.993
-160.849	39.008
-160.789	39.008
-160.729	39.068
-160.699	39.053
-160.639	39.098
-160.609	39.098
-160.414	39.203
-160.384	39.203
-160.264	39.233
-160.144	39.308
-160.114	39.323
-160.039	39.323
-159.904	39.398
-159.784	39.428
-159.724	39.473
-159.664	39.458
-159.469	39.548
-159.409	39.548
-159.319	39.593
-159.259	39.593
-159.094	39.638
-159.049	39.638
-158.944	39.668
-158.884	39.668
-158.824	39.683
-158.614	39.683
-158.584	39.698
-158.524	39.683
-158.464	39.713
-158.359	39.668
-158.299	39.683
-158.239	39.668
-158.179	39.683
-158.149	39.668
-158.119	39.683
-158.059	39.653
-158.014	39.653
-157.969	39.638
-157.909	39.638
-157.879	39.623
-157.849	39.638
-157.774	39.623
-157.669	39.623
-157.639	39.608
-157.609	39.623
-157.429	39.593
POLYLINE GREEN
-158.104	39.803
-158.074	39.863
-158.014	39.908
-157.954	39.878
-157.894	39.743
POLYLINE GREEN
-158.284	40.133
-158.284	40.163
-158.254	40.253
-158.134	40.358
-158.104	40.358
-158.029	40.223
-158.029	40.148
POLYLINE GREEN
-158.599	39.773
-158.599	39.803
-158.494	39.953
-158.464	39.953
-158.404	39.968
-158.299	39.848
POLYLINE BLACK
-159.109	39.743
-159.079	39.743
-158.959	39.803
-158.839	39.893
-158.764	39.893
-158.644	39.968
-158.629	39.998
-158.599	40.013
-158.584	40.058
-158.524	40.148
-158.524	40.178
-158.464	40.328
-158.464	40.358
-158.404	40.523
-158.404	40.553
-158.314	40.673
-158.284	40.673
-158.239	40.748
-158.209	40.748
-158.179	40.733
-158.119	40.748
-158.089	40.748
-157.999	40.688
-157.909	40.613
-157.879	40.553
-157.849	40.538
-157.804	40.433
-157.774	40.298
-157.759	40.238
-157.759	40.163
-157.744	40.103
-157.744	39.848
-157.684	39.683
-157.684	39.653
-157.549	39.503
-157.519	39.503
POLYLINE GREEN
-157.054	41.243
-157.054	41.213
-157.039	41.183
-157.039	41.138
-156.964	41.048
-156.904	41.033
-156.874	41.033
-156.844	41.078
POLYLINE GREEN
-157.564	41.153
-157.534	41.123
-157.504	41.123
-157.444	41.093
-157.414	41.093
-157.384	41.123
POLYLINE GREEN
-157.564	41.243
POLYLINE GREEN
-157.519	41.273
-157.534	41.243
POLYLINE GREEN
-157.069	41.033
-157.069	40.868
-157.009	40.778
-156.964	40.763
-156.934	40.733
-156.799	40.763
-156.769	40.793
POLYLINE GREEN
-156.439	40.973
-156.454	40.943
-156.424	40.838
-156.334	40.763
-156.304	40.763
-156.199	40.838
-156.184	40.868
POLYLINE BLACK
-156.934	40.523
-157.054	40.523
-157.204	40.553
-157.234	40.583
-157.264	40.583
-157.414	40.718
-157.474	40.748
-157.519	40.808
-157.579	40.853
-157.579	40.883
-157.639	40.973
-157.639	41.003
-157.729	41.063
-157.804	41.183
-157.909	41.228
-158.029	41.318
POLYLINE BLACK
-157.774	41.618
-157.684	41.618
-157.624	41.603
-157.594	41.603
-157.534	41.558
-157.504	41.558
-157.384	41.468
-157.354	41.468
-157.174	41.318
-157.114	41.318
-157.054	41.303
-156.934	41.303
-156.874	41.288
-156.844	41.288
-156.754	41.228
-156.724	41.228
POLYLINE BLACK
-151.632	37.199
-151.583	37.157
-151.499	37.045
-151.464	36.996
-151.422	36.954
-151.401	36.947
-151.387	36.933
-151.338	36.926
-151.289	36.912
-151.212	36.842
-151.177	36.793
-151.058	36.709
-151.037	36.702
-151.009	36.674
-150.988	36.667
-150.974	36.653
POLYLINE BLACK
-150.918	38.466
-150.911	38.396
-150.918	38.347
-150.918	38.298
-150.897	38.207
-150.869	38.144
-150.820	38.088
-150.757	37.983
-150.729	37.906
-150.680	37.815
-150.582	37.696
-150.540	37.640
-150.498	37.598
-150.456	37.570
-150.344	37.451
-150.330	37.444
POLYLINE BLACK
-151.051	38.151
-151.037	38.158
POLYLINE BLACK
-151.051	38.025
-151.023	38.018
POLYLINE BLACK
-151.121	37.899
-151.051	37.871
POLYLINE BLACK
-151.191	37.871
-151.142	37.808
POLYLINE BLACK
-151.310	37.829
-151.268	37.787
-151.254	37.752
POLYLINE BLACK
-151.436	37.794
-151.415	37.759
-151.408	37.731
POLYLINE BLACK
-151.548	37.815
-151.541	37.801
-151.541	37.759
POLYLINE BLACK
-150.974	38.284
-150.974	38.109
-150.967	38.046
-150.974	37.962
-151.023	37.836
-151.128	37.766
-151.142	37.766
-151.184	37.745
-151.247	37.731
-151.275	37.717
-151.338	37.717
-151.401	37.724
-151.513	37.724
-151.590	37.745
-151.632	37.780
-151.674	37.787
POLYLINE ORANGE
-153.409	35.693
-153.349	35.678
-153.334	35.708
-153.394	35.723
-153.379	35.693
-153.424	35.708
POLYLINE ORANGE
-153.304	35.828
-153.244	35.843
-153.199	35.843
-153.139	35.813
-153.079	35.813
-152.959	35.798
-152.824	35.798
POLYLINE ORANGE
-153.379	35.693
POLYLINE ORANGE
-153.919	35.453
-153.904	35.318
-153.889	35.288
-153.889	35.078
-153.874	35.018
-153.874	34.943
-153.889	34.883
-153.889	34.853
-153.919	34.943
-153.919	35.018
-153.934	35.093
-153.919	35.243
-153.904	35.303
-153.904	35.423
-153.829	35.573
-153.769	35.588
-153.694	35.588
-153.619	35.498
-153.589	35.378
-153.604	35.318
-153.694	35.243
-153.724	35.198
-153.859	35.153
-153.889	35.168
-153.784	35.228
-153.709	35.243
-153.664	35.258
-153.634	35.288
-153.604	35.288
-153.454	35.423
-153.409	35.513
-153.379	35.483
-153.379	35.438
-153.364	35.408
-153.364	35.333
-153.334	35.243
-153.304	35.243
-153.244	35.333
-153.229	35.408
-153.199	35.468
-153.199	35.498
-153.139	35.633
-153.124	35.753
-153.109	35.783
-153.109	35.828
-153.094	35.888
-153.094	35.948
-153.079	35.978
-153.094	36.023
-153.094	35.738
-153.109	35.648
-153.109	35.573
-153.124	35.468
-153.124	35.378
-153.139	35.348
-153.139	35.243
-152.959	35.393
-152.899	35.438
-152.884	35.468
-152.824	35.483
-152.734	35.543
-152.794	35.483
-152.794	35.453
-152.824	35.423
-152.839	35.288
-152.809	35.183
-152.779	35.183
-152.719	35.198
-152.614	35.363
-152.539	35.693
-152.524	35.753
-152.524	35.828
-152.509	35.888
-152.509	35.948
-152.479	35.813
-152.479	35.723
-152.494	35.648
-152.494	35.183
-152.359	35.423
-152.284	35.483
-152.239	35.423
-152.209	35.348
-152.209	35.303
-152.179	35.243
-152.179	35.213
POLYLINE ORANGE
-152.254	36.653
-152.149	36.653
-152.074	36.668
-151.984	36.653
-151.939	36.653
POLYLINE ORANGE
-152.029	36.848
-152.074	36.548
-152.104	36.458
-152.104	36.368
-152.119	36.263
-152.044	36.113
-151.969	36.068
POLYLINE ORANGE
-152.614	36.308
-152.449	36.308
-152.299	36.338
POLYLINE ORANGE
-152.584	35.963
-152.554	35.963
-152.419	36.068
-152.404	36.098
-152.374	36.113
-152.374	36.143
-152.359	36.203
-152.359	36.293
-152.419	36.503
-152.419	36.548
-152.449	36.683
-152.389	36.758
-152.284	36.818
-152.239	36.818
POLYLINE ORANGE
-153.004	36.143
-153.034	36.173
-153.079	36.188
-153.109	36.218
-153.139	36.218
-153.199	36.278
-153.229	36.383
-153.229	36.428
-153.154	36.608
-153.049	36.698
-153.019	36.698
-152.989	36.713
-152.944	36.713
-152.914	36.728
-152.854	36.713
-152.824	36.668
-152.749	36.608
-152.734	36.548
-152.749	36.413
-152.839	36.293
-152.974	36.233
-153.019	36.233
-153.079	36.203
POLYLINE ORANGE
-153.799	36.668
-153.799	36.638
-153.814	36.668
-153.769	36.683
-153.709	36.758
-153.529	36.878
-153.499	36.893
-153.439	36.848
-153.409	36.788
-153.409	36.698
-153.469	36.533
-153.544	36.428
-153.604	36.353
-153.634	36.338
-153.664	36.293
-153.694	36.278
-153.724	36.218
-153.709	36.188
-153.604	36.158
-153.469	36.143
-153.289	36.143
POLYLINE BLUE
-156.379	39.953
-156.379	39.923
-156.364	39.893
-156.364	39.848
-156.289	39.728
-156.214	39.698
POLYLINE BLUE
-154.114	39.758
-154.174	39.698
-154.204	39.698
-154.234	39.683
-154.414	39.683
-154.504	39.713
-154.564	39.713
-154.699	39.803
-154.774	39.893
-154.879	39.908
-155.104	39.743
-155.209	39.743
-155.284	39.773
-155.314	39.803
-155.344	39.803
-155.479	39.908
-155.524	39.968
-155.584	39.983
-155.614	40.013
-155.659	39.998
-155.734	39.938
-155.749	39.893
-155.794	39.833
-155.854	39.818
-155.944	39.848
-156.034	39.923
-156.109	39.953
-156.154	39.953
-156.214	39.968
-156.304	39.938
-156.364	39.968
-156.394	39.938
-156.394	39.983
-156.364	40.013
-156.169	40.118
-156.064	40.208
-155.989	40.208
-155.959	40.223
POLYLINE BLACK
-153.889	38.753
-153.919	38.798
-153.979	38.828
-154.039	38.903
-154.159	38.978
-154.264	38.993
-154.414	39.128
-154.534	39.203
-154.519	39.173
-154.564	39.203
-154.594	39.203
-154.684	39.248
-154.744	39.248
-155.089	39.368
-155.119	39.383
-155.164	39.383
-155.299	39.413
-155.419	39.413
-155.479	39.428
-155.509	39.428
-155.569	39.443
-155.674	39.443
-155.704	39.458
-155.809	39.458
-155.899	39.473
-155.974	39.473
-156.049	39.488
-156.109	39.473
-156.364	39.473
-156.424	39.458
-156.529	39.458
-156.559	39.443
-156.604	39.458
-156.694	39.428
-156.754	39.443
-156.919	39.443
-156.949	39.458
-156.979	39.443
-157.069	39.473
-157.099	39.458
-157.129	39.473
-157.174	39.473
-157.204	39.458
-157.294	39.518
-157.369	39.533
-157.399	39.533
-157.459	39.563
-157.489	39.563
-157.549	39.608
POLYLINE BLACK
-153.814	38.723
POLYLINE BLACK
-155.554	40.748
-155.899	40.823
-156.259	41.018
-156.289	41.018
-156.379	41.078
-156.409	41.078
-156.439	41.108
-156.469	41.108
-156.589	41.198
-156.649	41.213
-156.724	41.213
-156.784	41.198
-156.874	41.198
-156.904	41.183
POLYLINE BLACK
-154.954	41.828
-155.104	41.933
POLYLINE BLACK
-155.614	41.663
-155.704	41.768
POLYLINE BLACK
-155.224	42.053
-155.269	42.113
POLYLINE BLACK
-155.044	41.903
-155.059	41.933
POLYLINE BLACK
-155.224	41.363
-155.374	41.378
-155.404	41.393
-155.419	41.423
POLYLINE BLACK
-155.119	41.063
-155.104	41.033
-155.194	41.138
POLYLINE BLACK
-153.514	40.313
-153.649	40.403
-153.679	40.433
-153.709	40.433
-153.829	40.508
-153.904	40.538
-153.934	40.568
-153.964	40.568
-153.994	40.598
-154.069	40.628
-154.114	40.688
-154.324	40.823
-154.504	40.943
-154.654	40.943
-154.714	40.958
-154.894	40.958
-154.954	40.928
-155.014	40.958
-155.089	40.943
-155.149	40.958
-155.179	40.958
-155.344	40.898
-155.434	40.868
-155.494	40.823
-155.524	40.823
-155.644	40.718
-155.689	40.718
-155.779	40.673
-155.809	40.673
-155.869	40.643
-155.944	40.643
-156.004	40.628
-156.064	40.628
-156.094	40.613
-156.154	40.628
-156.229	40.598
-156.259	40.613
-156.409	40.568
-156.484	40.568
-156.544	40.538
-156.574	40.538
-156.664	40.463
-156.694	40.448
-156.724	40.463
-156.754	40.433
-156.829	40.418
-156.919	40.463
POLYLINE GREEN
-154.564	40.778
-154.564	40.748
-154.579	40.688
-154.579	40.658
-154.549	40.598
-154.519	40.598
-154.489	40.583
-154.414	40.583
POLYLINE GREEN
-154.549	40.463
-154.534	40.403
-154.519	40.328
-154.459	40.298
-154.429	40.298
-154.339	40.343
-154.294	40.418
-154.264	40.433
-154.249	40.463
POLYLINE GREEN
-154.774	40.583
-154.774	40.538
-154.714	40.448
-154.684	40.448
-154.579	40.523
-154.549	40.553
POLYLINE GREEN
-153.514	40.253
-153.544	40.268
-153.589	40.268
-153.709	40.313
-153.799	40.313
-153.829	40.328
-153.874	40.313
-153.904	40.328
-154.024	40.283
-154.144	40.163
-154.294	40.103
-154.324	40.118
-154.519	40.073
-154.579	40.073
-154.729	40.133
-154.879	40.253
-154.939	40.298
-154.984	40.388
-154.969	40.523
-154.954	40.583
-154.954	40.613
-154.894	40.838
-154.849	40.898
POLYLINE GREEN
-153.574	40.313
-153.619	40.253
-153.724	40.223
POLYLINE BROWN
-149.884	37.538
-149.974	37.463
-150.034	37.433
-150.064	37.433
-150.124	37.463
-150.259	37.493
-150.754	37.613
-150.814	37.613
-150.934	37.643
-150.964	37.673
-150.964	37.673
-150.979	37.643
-150.979	37.643
-150.979	37.673
-151.069	37.868
-151.129	37.913
-151.159	37.973
-151.189	37.988
-151.204	38.018
-151.369	38.138
-151.429	38.183
-151.459	38.243
-151.459	38.213
-151.474	38.243
-151.504	38.243
-151.624	38.303
-151.654	38.288
-151.744	38.348
-151.774	38.333
-151.834	38.348
-151.864	38.378
-152.104	38.423
-152.164	38.468
-152.329	38.483
-152.569	38.498
-152.914	38.588
-152.974	38.588
-153.034	38.558
-153.094	38.573
-153.124	38.558
-153.184	38.573
-153.259	38.588
-153.319	38.618
-153.379	38.618
-153.469	38.648
-153.529	38.618
-153.754	38.738
POLYLINE BROWN
-151.189	39.503
-151.024	39.248
-150.829	39.038
-150.694	38.828
-150.394	38.543
-150.244	38.423
-150.154	38.228
-150.139	38.153
-150.109	38.138
-150.064	38.048
-150.064	38.018
-149.974	37.823
-149.974	37.793
-149.944	37.733
-149.929	37.658
-149.914	37.598
-149.914	37.478
-149.944	37.403
-150.004	37.388
-150.034	37.358
-150.064	37.388
-150.094	37.388
POLYLINE BROWN
-153.649	40.388
-153.574	40.298
-153.544	40.298
-153.514	40.283
-153.499	40.253
-153.394	40.193
-153.334	40.178
-153.274	40.193
-153.214	40.178
-153.109	40.193
-153.079	40.193
-153.049	40.178
-152.989	40.193
-152.839	40.148
-152.809	40.163
-152.689	40.118
-152.659	40.118
-152.629	40.103
-152.524	40.103
-152.464	40.088
-152.329	40.088
-152.269	40.058
-152.194	40.058
-152.089	40.043
-151.909	39.923
-151.879	39.923
-151.669	39.833
-151.519	39.728
-151.489	39.728
-151.399	39.638
-151.369	39.638
-151.159	39.443
-151.114	39.383
POLYLINE BLACK
-151.594	37.163
-151.744	37.283
-151.774	37.328
-151.804	37.343
-151.834	37.418
-151.909	37.508
-151.999	37.658
-152.059	37.673
-152.179	37.763
-152.209	37.763
-152.239	37.793
-152.299	37.793
-152.554	37.913
-152.719	38.048
-152.734	38.078
-152.974	38.273
-153.139	38.468
-153.394	38.573
-153.499	38.573
-153.589	38.603
-153.604	38.633
-153.694	38.708
POLYLINE BLACK
-150.034	40.103
-150.094	40.043
-150.124	39.983
-150.154	39.968
-150.169	39.923
-150.304	39.773
-150.364	39.728
-150.439	39.713
-150.589	39.653
-150.619	39.668
-150.709	39.608
-150.739	39.623
-150.769	39.608
-150.784	39.578
-150.904	39.518
-150.979	39.383
-151.009	39.263
-150.994	39.203
-150.979	39.068
-150.964	39.008
-150.964	38.948
-150.949	38.918
-150.994	38.828
-150.994	38.708
-150.949	38.648
-150.919	38.648
-150.904	38.618
-150.904	38.573
-150.889	38.513
-150.889	38.453
-150.874	38.423
-150.934	38.513
-150.904	38.498
-150.859	38.423
-150.799	38.258
POLYLINE BLACK
-149.989	40.163
-149.974	40.133
-149.839	40.073
-149.749	40.013
-149.719	40.013
-149.554	39.908
-149.524	39.908
POLYLINE BLACK
-149.839	40.103
-149.869	40.133
-149.899	40.133
-150.034	40.208
-150.064	40.208
-150.289	40.283
-150.319	40.283
-150.349	40.313
-150.379	40.313
-150.409	40.328
-150.484	40.328
-150.544	40.343
-150.619	40.343
-150.649	40.358
-150.724	40.358
-150.814	40.418
-151.039	40.508
-151.144	40.583
-151.249	40.613
-151.444	40.688
-151.684	40.853
-151.834	40.988
-151.894	41.018
-151.924	41.018
-151.954	41.033
-151.984	41.018
-152.089	41.048
-152.149	41.048
-152.269	41.108
-152.299	41.108
-152.329	41.138
-152.404	41.138
-152.464	41.168
-152.749	41.168
-152.779	41.153
-152.839	41.183
-152.899	41.183
-153.004	41.243
-153.034	41.243
-153.064	41.258
-153.124	41.243
-153.184	41.243
-153.214	41.258
-153.289	41.228
-153.379	41.258
-153.454	41.258
-153.514	41.243
-153.739	41.243
-153.799	41.273
-153.874	41.288
-153.979	41.363
-154.219	41.468
-154.249	41.468
-154.354	41.528
-154.414	41.558
-154.444	41.558
-154.639	41.663
-154.759	41.693
-154.789	41.693
-154.849	41.708
-154.879	41.708

ELEVATION
STATIONS
321.559	-56.080	21.0
322.452	-55.235	21.1
325.632	-59.802	21.2
326.435	-59.502	21.3
329.623	-60.463	21.4
331.776	-60.356	21.5
335.919	-61.207	21.6
339.067	-61.467	21.7
343.041	-62.739	21.8
344.338	-63.178	21.9
346.912	-63.055	21.10
344.697	-60.953	21.11
351.972	-63.575	21.12
350.931	-61.239	21.13
347.707	-55.440	21.14
355.255	-63.382	21.15
360.241	-63.727	21.16
360.759	-73.272	21.16
343.114	-65.827	21.8
336.104	-66.527	21.6
329.839	-67.307	21.4
SHOTS
355.255	-63.382	360.241	-63.727
360.241	-63.727	360.670	-57.845
360.241	-63.727	360.114	-63.674
360.241	-63.727	360.378	-63.512
360.241	-63.727	359.445	-64.741
360.241	-63.727	357.892	-57.270
351.972	-63.575	355.255	-63.382
355.255	-63.382	355.257	-58.913
355.255	-63.382	355.221	-63.443
355.255	-63.382	355.236	-64.344
355.255	-63.382	355.070	-62.695
350.931	-61.239	347.707	-55.440
347.707	-55.440	345.253	-55.463
351.972	-63.575	350.931	-61.239
350.931	-61.239	352.489	-63.477
350.931	-61.239	353.441	-60.599
350.931	-61.239	352.195	-60.946
350.931	-61.239	347.824	-61.220
350.931	-61.239	350.999	-58.147
346.912	-63.055	351.972	-63.575
351.972	-63.575	351.727	-63.609
351.972	-63.575	351.149	-62.197
351.972	-63.575	351.642	-56.085
351.972	-63.575	352.089	-63.625
351.972	-63.575	351.980	-64.055
346.912	-63.055	344.697	-60.953
344.697	-60.953	344.581	-61.549
344.697	-60.953	343.427	-60.985
344.697	-60.953	343.681	-58.112
344.697	-60.953	346.214	-60.498
344.697	-60.953	344.050	-60.595
344.338	-63.178	346.912	-63.055
346.912	-63.055	346.477	-61.184
346.912	-63.055	346.454	-63.951
346.912	-63.055	346.785	-63.717
346.912	-63.055	346.590	-64.109
343.041	-62.739	344.338	-63.178
344.338	-63.178	344.152	-63.899
344.338	-63.178	344.357	-63.872
344.338	-63.178	344.395	-62.630
339.067	-61.467	343.041	-62.739
343.041	-62.739	343.021	-62.743
343.041	-62.739	343.290	-63.879
343.041	-62.739	343.222	-62.340
335.919	-61.207	339.067	-61.467
339.067	-61.467	339.044	-61.655
339.067	-61.467	339.177	-60.737
339.067	-61.467	339.167	-62.823
331.776	-60.356	335.919	-61.207
335.919	-61.207	336.023	-61.156
335.919	-61.207	336.043	-62.519
335.919	-61.207	335.897	-61.212
335.919	-61.207	335.787	-59.828
335.919	-61.207	335.787	-62.324
335.919	-61.207	334.707	-62.461
335.919	-61.207	333.767	-62.402
335.919	-61.207	333.706	-62.432
329.623	-60.463	331.776	-60.356
331.776	-60.356	329.921	-62.000
331.776	-60.356	331.197	-60.913
331.776	-60.356	331.228	-59.457
325.632	-59.802	329.623	-60.463
329.623	-60.463	330.081	-60.415
329.623	-60.463	330.144	-61.797
329.623	-60.463	329.167	-57.569
325.632	-59.802	326.435	-59.502
322.452	-55.235	325.632	-59.802
325.632	-59.802	325.214	-51.286
325.632	-59.802	324.613	-59.673
325.632	-59.802	325.457	-61.617
325.632	-59.802	321.084	-59.872
325.632	-59.802	321.610	-60.036
325.632	-59.802	328.165	-61.331
325.632	-59.802	322.930	-60.077
325.632	-59.802	324.931	-60.114
321.559	-56.080	322.452	-55.235
322.452	-55.235	322.925	-50.136
322.452	-55.235	321.261	-55.174
322.452	-55.235	321.665	-57.513
322.452	-55.235	321.768	-57.535
322.452	-55.235	325.727	-61.613
322.452	-55.235	323.143	-53.304
322.452	-55.235	323.485	-53.657
322.452	-55.235	323.423	-53.767
321.559	-56.080	321.559	-56.080
321.559	-56.080	321.568	-56.225
321.559	-56.080	321.605	-56.204
321.559	-56.080	321.418	-57.348
321.559	-56.080	322.549	-55.981
321.559	-56.080	322.515	-51.873
321.559	-56.080	321.546	-56.001
321.559	-56.080	321.412	-53.274
321.559	-56.080	323.549	-55.720
321.559	-56.080	322.657	-55.957
321.559	-56.080	323.241	-55.899
360.759	-73.272	359.963	-67.390	
360.759	-73.272	361.392	-73.219	
360.759	-73.272	359.728	-73.057	
360.759	-73.272	361.127	-74.286	
360.759	-73.272	359.068	-66.815	
343.114	-65.827	342.752	-65.831	
343.114	-65.827	342.451	-66.967	
343.114	-65.827	342.756	-65.428	
336.104	-66.527	336.550	-66.476	
336.104	-66.527	336.899	-67.839	
336.104	-66.527	335.581	-66.532	
336.104	-66.527	336.103	-65.148	
336.104	-66.527	337.613	-67.644	
336.104	-66.527	337.960	-67.781	
336.104	-66.527	337.583	-67.722	
336.104	-66.527	336.962	-67.752	
329.839	-67.307	330.834	-67.259	
329.839	-67.307	331.708	-68.641	
329.839	-67.307	330.902	-64.413	
POLYLINE BLACK
359.209	-69.692
359.209	-69.972
359.189	-70.072
359.189	-70.652
359.169	-70.752
359.169	-70.972
359.229	-71.112
359.389	-71.312
359.409	-71.392
359.429	-71.472
359.429	-71.612
359.449	-71.692
359.449	-71.832
359.469	-71.912
359.509	-72.092
359.549	-72.212
359.689	-72.412
359.689	-72.452
359.769	-72.572
359.769	-72.652
359.789	-72.732
359.809	-72.892
359.809	-73.112
POLYLINE BLACK
360.229	-67.712
360.189	-67.592
360.169	-67.472
360.129	-67.432
360.089	-67.212
360.089	-67.052
360.069	-66.972
360.029	-66.932
360.029	-66.852
359.969	-66.712
359.789	-66.672
359.709	-66.672
359.589	-66.712
359.469	-66.712
359.349	-66.672
359.129	-66.732
359.029	-66.912
359.029	-67.272
359.069	-67.432
359.209	-67.592
359.229	-67.672
359.229	-67.732
359.249	-67.812
359.209	-68.132
359.189	-68.232
359.129	-68.492
359.069	-68.652
359.069	-68.752
359.029	-68.872
359.029	-68.952
359.089	-69.132
359.189	-69.352
359.189	-69.432
359.209	-69.512
359.209	-69.692
359.189	-69.772
359.169	-69.852
POLYLINE BLACK
361.349	-73.212
361.289	-73.152
361.289	-73.032
361.249	-72.972
361.209	-72.772
361.209	-72.712
361.189	-72.632
361.189	-72.552
361.169	-72.452
361.149	-72.372
361.129	-72.312
361.089	-72.292
360.989	-72.412
360.909	-72.412
360.749	-72.192
360.769	-71.972
360.769	-71.892
360.869	-71.592
360.869	-71.452
360.889	-71.372
360.889	-70.972
360.869	-70.752
360.809	-70.492
360.729	-70.312
360.629	-70.172
360.609	-70.092
360.589	-70.012
360.549	-69.852
360.489	-69.752
360.429	-69.672
360.409	-69.512
360.409	-69.452
360.449	-69.332
360.449	-69.272
360.509	-69.192
360.529	-69.092
360.349	-68.812
360.269	-68.412
360.269	-68.292
360.249	-68.212
360.229	-67.992
360.229	-67.652
POLYLINE BLACK
361.789	-74.332
361.789	-74.232
361.709	-73.952
361.609	-73.652
361.409	-73.312
361.329	-73.232
361.309	-73.152
POLYLINE BLACK
359.709	-73.032
359.769	-73.312
359.769	-73.492
359.789	-73.572
359.789	-73.672
359.849	-73.852
360.209	-74.152
360.489	-74.352
360.589	-74.372
360.709	-74.412
360.789	-74.392
360.909	-74.372
361.009	-74.392
361.089	-74.392
361.209	-74.332
361.249	-74.352
361.329	-74.332
361.409	-74.352
361.489	-74.332
361.569	-74.312
361.729	-74.252
361.769	-74.212
POLYLINE BLACK
361.149	-73.432
361.629	-74.072
361.649	-74.112
361.549	-74.192
361.489	-74.192
361.309	-74.252
361.269	-74.292
361.209	-74.292
361.169	-74.332
361.129	-74.312
361.049	-74.332
360.969	-74.352
360.929	-74.332
360.889	-74.352
360.849	-74.312
360.809	-74.312
360.629	-74.132
360.509	-74.032
360.489	-73.972
360.249	-73.712
360.229	-73.632
POLYLINE BLACK
360.289	-73.532
360.449	-73.452
360.649	-73.412
360.689	-73.372
360.769	-73.352
360.809	-73.372
360.849	-73.332
360.929	-73.332
361.149	-73.412
361.229	-73.512
POLYLINE CONNECT
360.759	-73.272
360.241	-63.727
POLYLINE BLACK
355.219	-64.232
355.279	-64.232
355.519	-64.292
355.639	-64.312
355.679	-64.292
355.739	-64.332
355.859	-64.332
355.939	-64.352
355.979	-64.332
356.099	-64.372
356.179	-64.372
356.259	-64.392
356.379	-64.392
356.479	-64.412
356.559	-64.392
356.679	-64.392
356.939	-64.432
357.039	-64.412
357.199	-64.472
357.379	-64.472
357.599	-64.512
357.679	-64.492
357.819	-64.532
357.899	-64.512
358.079	-64.512
358.159	-64.532
358.239	-64.512
POLYLINE BLACK
359.559	-64.712
359.619	-64.772
359.799	-64.812
359.899	-64.812
359.979	-64.792
360.239	-64.772
360.319	-64.772
360.359	-64.792
360.479	-64.752
360.539	-64.752
360.619	-64.772
360.739	-64.772
360.839	-64.792
360.959	-64.792
360.999	-64.772
POLYLINE BLACK
357.879	-64.432
358.099	-64.512
358.239	-64.532
358.279	-64.512
358.319	-64.532
358.539	-64.552
358.759	-64.492
358.899	-64.492
358.979	-64.472
359.259	-64.472
359.359	-64.612
359.379	-64.712
359.459	-64.792
359.539	-64.792
359.779	-64.872
359.839	-64.872
POLYLINE BLACK
360.419	-64.712
360.479	-64.772
360.559	-64.752
360.799	-64.732
360.899	-64.772
360.979	-64.752
361.019	-64.752
POLYLINE BLACK
360.539	-64.612
360.539	-64.692
POLYLINE BLACK
359.719	-63.892
359.599	-63.892
359.519	-63.972
359.479	-63.972
359.459	-64.072
359.479	-64.112
359.479	-64.492
359.419	-64.652
POLYLINE BLACK
360.199	-63.672
360.419	-63.852
360.479	-63.952
360.559	-64.032
360.559	-64.252
360.539	-64.352
360.539	-64.452
360.599	-64.612
360.599	-64.692
POLYLINE BLACK
360.179	-63.692
360.059	-63.772
360.019	-63.772
359.759	-63.932
POLYLINE BLACK
359.519	-64.772
359.639	-64.772
359.719	-64.792
359.919	-64.792
359.959	-64.812
359.999	-64.772
360.159	-64.752
360.319	-64.752
360.359	-64.732
360.439	-64.752
360.519	-64.772
360.619	-64.752
POLYLINE GREEN
356.579	-57.332
356.659	-57.772
POLYLINE GREEN
356.539	-57.212
356.559	-57.432
356.559	-57.692
POLYLINE GREEN
357.039	-57.372
357.019	-57.532
357.059	-57.792
357.059	-57.832
POLYLINE GREEN
357.219	-57.292
357.199	-57.352
357.099	-57.392
POLYLINE GREEN
356.939	-57.232
357.099	-57.392
POLYLINE GREEN
356.619	-57.252
356.639	-57.332
POLYLINE GREEN
356.819	-57.172
356.779	-57.212
POLYLINE GREEN
356.479	-57.092
356.619	-57.192
356.639	-57.232
POLYLINE BLACK
356.219	-56.952
356.299	-56.932
356.359	-56.952
356.399	-56.932
356.559	-56.972
356.759	-56.972
356.999	-57.092
357.079	-57.092
357.239	-57.132
357.539	-57.072
POLYLINE BLACK
357.599	-57.952
357.079	-57.632
357.019	-57.632
356.879	-57.572
356.799	-57.572
356.719	-57.552
356.599	-57.552
356.499	-57.532
356.379	-57.532
356.219	-57.472
POLYLINE BLACK
360.519	-57.852
360.059	-57.392
359.799	-57.192
359.699	-57.132
359.599	-57.132
359.559	-57.092
359.479	-57.072
359.139	-56.912
359.059	-56.892
358.919	-56.852
358.719	-56.892
358.619	-56.932
358.539	-56.992
358.459	-56.972
358.319	-57.012
358.159	-56.992
358.059	-56.992
357.979	-57.012
357.899	-57.012
357.859	-57.032
357.819	-57.012
357.739	-57.032
357.579	-57.032
357.499	-57.052
357.459	-57.052
POLYLINE BLACK
350.899	-58.252
350.939	-58.232
351.219	-58.312
351.339	-58.312
351.419	-58.352
351.639	-58.352
351.739	-58.392
351.799	-58.392
352.219	-58.532
352.359	-58.652
352.459	-58.712
352.719	-58.992
352.779	-59.092
352.879	-59.212
352.999	-59.472
353.059	-59.552
353.119	-59.692
353.119	-59.752
353.199	-59.892
353.219	-59.992
353.299	-60.292
353.359	-60.532
353.379	-60.632
353.419	-60.672
353.419	-60.752
353.439	-60.832
353.459	-61.052
353.459	-61.372
353.439	-61.452
353.439	-61.512
353.379	-61.752
353.299	-62.152
353.299	-62.192
POLYLINE BLACK
347.979	-61.252
347.979	-61.292
348.159	-61.552
348.239	-61.612
348.259	-61.672
348.339	-61.692
348.519	-61.852
348.639	-61.952
348.759	-61.992
348.859	-61.992
348.999	-62.052
349.039	-62.092
349.079	-62.092
349.259	-62.272
349.499	-62.372
349.559	-62.372
349.599	-62.352
349.639	-62.372
349.739	-62.372
349.959	-62.432
350.019	-62.432
350.199	-62.472
350.299	-62.472
350.339	-62.512
POLYLINE BLACK
351.059	-58.152
351.019	-58.192
350.839	-58.232
350.759	-58.292
350.679	-58.312
350.319	-58.552
350.139	-58.612
349.999	-58.712
349.959	-58.712
349.739	-58.872
349.179	-59.432
349.019	-59.592
348.939	-59.652
348.839	-59.672
348.799	-59.712
348.719	-59.732
348.519	-59.852
348.339	-59.992
348.079	-60.412
347.999	-60.592
347.939	-60.672
347.879	-60.972
347.859	-61.152
347.899	-61.392
POLYLINE BLACK
349.199	-59.852
349.199	-59.932
349.259	-60.032
349.279	-60.112
349.379	-60.332
349.399	-60.412
349.459	-60.552
349.459	-60.632
349.599	-61.112
349.659	-61.252
349.659	-61.492
349.679	-61.692
349.679	-61.732
349.759	-61.852
349.779	-61.932
349.919	-62.112
350.039	-62.212
350.319	-62.412
POLYLINE BLACK
352.959	-62.272
353.119	-62.232
353.199	-62.232
353.239	-62.252
353.279	-62.212
353.359	-62.192
353.479	-62.152
353.519	-62.152
POLYLINE BLACK
351.059	-62.312
351.179	-62.232
351.359	-62.192
351.539	-62.172
351.579	-62.152
351.759	-62.252
351.859	-62.232
352.059	-62.292
352.159	-62.292
352.239	-62.312
352.279	-62.292
352.359	-62.312
352.399	-62.352
352.599	-62.352
352.699	-62.332
352.779	-62.312
352.939	-62.232
352.999	-62.232
353.039	-62.252
353.079	-62.232
353.179	-62.252
POLYLINE GREEN
355.839	-57.912
355.859	-57.992
355.879	-58.092
355.979	-58.152
356.079	-58.172
356.199	-58.132
POLYLINE GREEN
354.839	-58.052
354.939	-58.252
355.079	-58.312
355.259	-58.252
POLYLINE GREEN
355.139	-58.472
355.199	-58.572
355.259	-58.652
355.359	-58.652
355.579	-58.572
355.719	-58.492
POLYLINE GREEN
354.539	-58.332
354.599	-58.532
354.599	-58.572
354.639	-58.612
354.799	-58.572
354.839	-58.552
POLYLINE BLACK
353.479	-56.872
353.619	-57.072
353.679	-57.192
353.699	-57.292
353.779	-57.472
353.819	-57.652
353.899	-57.832
353.919	-57.912
354.059	-58.232
354.059	-58.272
354.139	-58.372
354.179	-58.472
354.419	-58.712
354.659	-58.912
354.779	-58.972
354.959	-59.012
355.079	-59.052
355.139	-59.052
355.179	-59.092
355.259	-59.092
355.339	-59.072
355.519	-59.072
355.759	-58.972
355.839	-58.972
355.879	-58.932
355.959	-58.932
356.099	-58.892
356.139	-58.912
356.159	-58.872
356.239	-58.852
356.439	-58.592
356.619	-58.412
356.799	-58.372
356.999	-58.272
357.079	-58.252
357.359	-58.092
357.619	-58.032
357.659	-58.052
POLYLINE BLACK
352.359	-56.112
352.499	-56.112
352.619	-56.192
352.659	-56.192
352.699	-56.232
352.739	-56.232
352.999	-56.452
353.039	-56.452
353.479	-56.732
POLYLINE BLACK
355.019	-57.652
354.939	-57.672
354.839	-57.712
354.759	-57.692
354.679	-57.672
354.459	-57.592
354.379	-57.532
354.279	-57.492
354.159	-57.372
353.979	-57.192
353.899	-57.172
353.699	-56.992
353.439	-56.772
353.359	-56.712
353.299	-56.452
POLYLINE BLACK
360.759	-57.912
360.679	-57.892
360.639	-57.912
360.599	-57.892
360.439	-57.932
360.399	-57.932
360.219	-57.992
360.139	-57.972
360.039	-57.992
359.919	-57.992
359.839	-57.972
359.719	-57.972
359.519	-57.932
359.479	-57.912
359.399	-57.932
359.219	-57.892
359.119	-57.892
359.039	-57.872
358.819	-57.852
358.739	-57.872
358.519	-57.872
358.379	-57.892
358.279	-57.892
358.159	-57.932
358.119	-57.912
358.039	-57.932
357.859	-57.952
357.779	-57.932
357.639	-57.932
357.539	-57.912
357.459	-57.912
357.219	-57.872
356.999	-57.872
356.859	-57.832
356.819	-57.852
356.779	-57.832
356.699	-57.852
356.559	-57.832
356.339	-57.832
356.259	-57.792
356.219	-57.812
356.099	-57.772
356.059	-57.792
355.959	-57.772
355.879	-57.752
355.799	-57.732
355.719	-57.732
355.599	-57.692
355.419	-57.692
355.339	-57.672
355.119	-57.712
355.039	-57.692
354.899	-57.732
354.819	-57.712
354.779	-57.732
POLYLINE BLACK
351.939	-64.052
352.159	-64.052
352.379	-64.072
352.419	-64.052
352.499	-64.072
352.559	-64.072
352.679	-64.112
352.759	-64.092
352.839	-64.112
352.919	-64.132
353.099	-64.092
353.179	-64.092
353.219	-64.112
353.339	-64.072
353.519	-64.112
353.619	-64.112
353.699	-64.092
353.779	-64.092
353.819	-64.072
353.899	-64.092
353.939	-64.072
353.999	-64.092
354.159	-64.052
354.199	-64.092
354.359	-64.092
354.479	-64.132
354.659	-64.172
354.939	-64.272
355.119	-64.292
355.199	-64.312
355.419	-64.312
POLYLINE BLACK
348.489	-55.222
348.669	-55.282
348.759	-55.252
348.879	-55.282
349.209	-55.282
349.419	-55.222
349.569	-55.252
349.749	-55.252
349.869	-55.282
350.079	-55.282
350.439	-55.402
350.679	-55.552
350.799	-55.582
351.309	-55.882
351.429	-55.912
351.609	-56.062
352.059	-56.152
352.239	-56.122
352.449	-56.152
352.539	-56.122
352.689	-56.152
352.989	-56.182
353.049	-56.242
POLYLINE BLACK
347.529	-61.912
347.649	-61.942
347.769	-62.032
347.889	-62.032
348.039	-62.122
348.159	-62.122
348.279	-62.152
348.399	-62.152
348.639	-62.212
348.759	-62.212
349.389	-62.422
349.809	-62.422
349.989	-62.512
350.049	-62.482
350.169	-62.512
350.409	-62.482
350.649	-62.512
350.769	-62.482
350.829	-62.422
350.979	-62.452
351.159	-62.392
POLYLINE BLACK
346.569	-61.162
346.569	-61.222
346.689	-61.282
346.839	-61.432
346.839	-61.492
347.019	-61.642
347.079	-61.642
347.379	-61.912
347.439	-61.912
347.469	-61.972
347.589	-61.972
347.739	-62.002
POLYLINE BLACK
348.339	-57.082
348.429	-57.262
348.429	-57.382
348.519	-57.742
348.519	-58.012
348.579	-58.282
348.579	-58.522
348.669	-58.792
348.909	-59.092
349.029	-59.272
349.059	-59.392
349.179	-59.722
349.209	-59.992
349.209	-60.442
POLYLINE BLACK
345.399	-56.332
345.459	-56.392
345.639	-56.392
345.909	-56.332
346.119	-56.332
346.329	-56.272
346.449	-56.302
346.509	-56.242
346.569	-56.272
346.749	-56.212
346.869	-56.242
346.989	-56.212
347.049	-56.272
347.169	-56.302
347.379	-56.362
347.439	-56.332
347.619	-56.422
347.739	-56.422
347.949	-56.512
348.309	-56.872
348.339	-56.992
348.459	-57.172
POLYLINE BLACK
345.519	-55.072
345.609	-55.132
345.879	-55.132
345.999	-55.162
346.119	-55.162
346.239	-55.102
346.299	-55.132
346.569	-55.072
346.749	-55.132
346.929	-55.162
347.049	-55.132
347.259	-55.192
347.379	-55.162
347.649	-55.222
347.829	-55.222
348.069	-55.312
348.429	-55.312
348.669	-55.252
348.729	-55.222
348.789	-55.252
POLYLINE BLACK
352.899	-61.192
POLYLINE BLACK
352.929	-61.222
352.959	-61.282
352.989	-61.222
POLYLINE BLUE
348.549	-63.937
348.549	-63.907
348.534	-63.877
348.444	-64.012
348.339	-64.102
348.279	-64.177
POLYLINE BLUE
347.844	-63.817
347.679	-64.012
347.649	-64.042
POLYLINE BLUE
347.499	-63.802
347.484	-63.832
347.454	-63.832
347.349	-63.997
347.319	-64.027
POLYLINE BLUE
347.094	-63.817
347.094	-63.847
347.064	-63.847
346.839	-63.997
346.839	-64.027
POLYLINE BLUE
350.124	-63.847
349.884	-64.117
349.809	-64.222
POLYLINE BLUE
350.289	-63.967
350.304	-63.937
350.274	-63.937
350.229	-63.967
POLYLINE BLUE
350.004	-63.967
349.839	-64.042
349.749	-64.102
POLYLINE BLUE
349.674	-63.862
349.404	-64.177
POLYLINE BLUE
349.299	-63.817
349.239	-63.892
349.134	-63.967
349.104	-63.997
349.089	-64.042
POLYLINE BLUE
348.954	-63.832
348.819	-63.937
348.789	-63.967
POLYLINE BLUE
348.444	-63.862
348.324	-63.982
POLYLINE BLUE
348.099	-63.847
348.069	-63.847
348.024	-63.907
347.949	-63.952
347.904	-64.027
POLYLINE BLUE
349.479	-63.832
349.584	-63.832
349.644	-63.802
349.704	-63.817
349.794	-63.817
349.854	-63.832
349.929	-63.847
349.959	-63.832
350.019	-63.847
350.049	-63.847
350.109	-63.862
350.214	-63.862
350.244	-63.847
350.304	-63.862
350.334	-63.862
350.394	-63.877
350.454	-63.877
350.529	-63.907
350.589	-63.892
350.649	-63.892
350.724	-63.877
350.784	-63.877
350.814	-63.892
350.949	-63.892
351.024	-63.877
351.084	-63.877
351.114	-63.862
351.189	-63.877
351.219	-63.877
351.279	-63.892
351.339	-63.892
351.399	-63.877
351.474	-63.907
351.534	-63.892
351.564	-63.922
351.624	-63.922
351.759	-63.952
351.894	-63.952
351.954	-63.967
351.984	-63.967
POLYLINE BLACK
350.259	-64.042
350.379	-63.982
350.439	-63.982
350.469	-63.967
350.514	-63.982
350.544	-63.967
350.604	-63.982
350.664	-63.967
350.694	-63.967
350.724	-63.982
350.784	-63.967
350.814	-63.967
350.844	-63.982
351.324	-63.982
351.354	-63.997
351.459	-63.967
351.519	-63.982
351.549	-63.982
351.609	-63.997
351.669	-63.997
351.729	-64.012
351.774	-64.012
351.834	-63.982
351.864	-63.997
351.939	-63.997
352.044	-63.982
POLYLINE BLACK
346.584	-64.102
346.644	-64.057
346.719	-64.057
346.749	-64.042
346.929	-64.042
346.959	-64.057
347.019	-64.042
347.094	-64.042
347.184	-64.072
347.409	-64.072
347.439	-64.087
347.619	-64.087
347.679	-64.072
347.754	-64.087
347.814	-64.072
347.874	-64.072
347.949	-64.057
348.009	-64.072
348.084	-64.072
348.159	-64.042
348.219	-64.057
348.249	-64.042
348.414	-64.042
348.474	-64.012
348.609	-64.042
348.714	-64.042
348.744	-64.057
348.909	-64.057
348.984	-64.072
349.089	-64.087
349.119	-64.072
349.149	-64.087
349.224	-64.057
349.284	-64.072
349.344	-64.072
349.419	-64.087
349.449	-64.072
349.539	-64.117
349.704	-64.117
349.734	-64.102
349.794	-64.117
349.884	-64.117
349.989	-64.072
350.094	-64.102
350.214	-64.072
350.244	-64.072
350.349	-64.042
350.424	-64.057
350.454	-64.057
POLYLINE BLUE
346.104	-63.817
346.044	-63.817
345.984	-63.802
345.954	-63.802
345.924	-63.787
345.879	-63.787
345.789	-63.817
345.729	-63.802
345.699	-63.772
POLYLINE BLUE
346.104	-63.772
346.074	-63.787
346.044	-63.757
345.984	-63.757
345.954	-63.772
345.879	-63.757
345.759	-63.757
POLYLINE BLUE
346.224	-63.847
346.149	-63.862
346.059	-63.922
346.029	-63.967
345.954	-63.997
345.924	-64.027
345.894	-64.027
POLYLINE BLUE
346.659	-63.862
346.629	-63.862
346.569	-63.922
346.479	-63.967
346.329	-64.072
346.239	-64.132
POLYLINE BLUE
346.224	-63.832
346.149	-63.862
346.059	-63.937
POLYLINE BLUE
346.149	-63.802
346.119	-63.832
346.089	-63.817
346.059	-63.832
345.954	-63.832
345.894	-63.847
345.849	-63.847
POLYLINE BLUE
345.954	-63.817
345.984	-63.817
346.044	-63.832
346.104	-63.802
346.179	-63.802
346.239	-63.817
POLYLINE BLUE
346.059	-63.787
346.119	-63.787
346.149	-63.802
346.209	-63.787
346.704	-63.787
346.764	-63.802
346.899	-63.802
346.959	-63.787
347.019	-63.787
347.079	-63.802
347.184	-63.802
347.274	-63.832
347.349	-63.817
347.409	-63.832
347.484	-63.817
347.514	-63.832
347.634	-63.802
347.709	-63.802
347.739	-63.787
347.769	-63.802
347.814	-63.802
347.874	-63.787
347.949	-63.802
348.009	-63.772
348.114	-63.817
348.174	-63.802
348.234	-63.802
348.309	-63.817
348.519	-63.817
348.549	-63.832
348.759	-63.832
348.819	-63.817
348.894	-63.832
349.059	-63.832
349.119	-63.817
349.149	-63.817
349.209	-63.832
349.284	-63.817
349.344	-63.832
349.374	-63.832
349.404	-63.847
349.479	-63.847
349.554	-63.832
POLYLINE BLUE
346.254	-63.817
346.284	-63.832
346.419	-63.802
346.524	-63.817
346.659	-63.802
POLYLINE BLUE
345.699	-63.832
345.609	-63.907
345.564	-63.907
345.429	-64.012
345.339	-64.057
POLYLINE BLUE
345.444	-63.802
345.429	-63.832
345.384	-63.847
345.159	-64.027
345.099	-64.072
POLYLINE BLUE
345.009	-63.817
344.889	-63.892
344.679	-64.072
POLYLINE BLUE
344.649	-63.862
344.604	-63.937
344.304	-64.162
POLYLINE BLUE
344.199	-63.892
344.064	-64.042
POLYLINE BLUE
343.404	-63.952
343.404	-63.982
343.434	-63.952
343.479	-63.937
343.509	-63.907
343.569	-63.907
343.644	-63.892
343.674	-63.892
343.704	-63.877
343.824	-63.877
343.884	-63.862
344.124	-63.862
344.154	-63.877
344.184	-63.862
344.214	-63.877
344.289	-63.862
344.319	-63.862
344.379	-63.877
344.409	-63.862
344.904	-63.862
345.054	-63.847
345.219	-63.847
345.249	-63.832
345.444	-63.832
345.519	-63.802
345.549	-63.817
345.579	-63.802
345.609	-63.817
345.819	-63.817
POLYLINE BLUE
343.734	-63.982
343.764	-63.982
343.854	-63.937
343.929	-63.922
344.019	-63.877
344.124	-63.877
344.154	-63.862
344.214	-63.877
344.244	-63.877
344.304	-63.862
344.394	-63.862
344.424	-63.877
344.694	-63.877
344.724	-63.892
344.784	-63.877
344.814	-63.877
344.874	-63.862
344.904	-63.877
344.964	-63.847
345.039	-63.847
345.069	-63.862
345.129	-63.847
345.159	-63.862
345.204	-63.862
345.264	-63.847
345.294	-63.847
345.354	-63.817
345.384	-63.817
POLYLINE BLACK
346.644	-64.102
346.569	-64.102
346.434	-64.072
346.374	-64.072
346.314	-64.057
346.254	-64.072
346.164	-64.072
346.134	-64.087
346.074	-64.072
346.014	-64.102
345.984	-64.102
345.954	-64.087
345.849	-64.087
345.789	-64.102
345.744	-64.087
345.684	-64.117
345.654	-64.102
345.594	-64.117
345.534	-64.087
345.504	-64.102
345.459	-64.102
345.399	-64.087
345.234	-64.087
345.174	-64.102
345.099	-64.087
345.039	-64.102
344.979	-64.102
344.919	-64.132
344.859	-64.117
344.784	-64.132
344.469	-64.132
POLYLINE BLACK
346.644	-59.917
346.644	-59.962
346.539	-60.157
346.449	-60.217
346.419	-60.217
346.329	-60.277
346.299	-60.277
346.089	-60.397
346.104	-60.367
346.284	-60.277
346.389	-60.202
346.464	-60.097
346.599	-60.007
346.659	-59.917
346.659	-59.887
346.734	-59.722
346.734	-59.692
346.749	-59.632
POLYLINE BLACK
346.674	-59.707
346.674	-59.767
346.569	-59.962
346.464	-60.022
346.344	-60.187
346.269	-60.277
346.149	-60.352
346.119	-60.412
346.119	-60.487
346.149	-60.592
POLYLINE BLACK
343.944	-58.072
344.019	-58.132
344.049	-58.132
344.169	-58.177
344.214	-58.177
344.259	-58.207
344.304	-58.207
344.394	-58.267
344.439	-58.267
344.469	-58.252
344.604	-58.282
344.694	-58.282
344.799	-58.312
344.949	-58.312
345.054	-58.357
345.339	-58.387
345.414	-58.402
345.474	-58.402
345.534	-58.417
345.564	-58.417
345.594	-58.432
345.639	-58.432
345.759	-58.492
345.879	-58.492
345.954	-58.507
345.984	-58.507
346.059	-58.537
346.089	-58.567
346.119	-58.567
346.344	-58.672
346.434	-58.747
346.479	-58.777
346.659	-59.002
346.704	-59.107
346.704	-59.137
346.719	-59.167
346.719	-59.212
346.749	-59.332
346.749	-59.407
346.764	-59.467
346.764	-59.572
346.749	-59.602
346.749	-59.677
346.719	-59.857
346.689	-59.917
346.689	-59.947
346.659	-60.037
346.614	-60.097
346.584	-60.112
346.569	-60.142
POLYLINE BLACK
342.894	-61.012
342.969	-61.012
343.029	-60.997
343.059	-60.997
343.149	-60.967
343.209	-60.907
343.269	-60.907
343.284	-60.877
343.284	-60.772
343.299	-60.742
343.284	-60.652
343.284	-60.592
343.269	-60.517
343.269	-60.487
343.254	-60.427
343.254	-60.382
343.224	-60.322
343.224	-60.277
343.194	-60.217
343.194	-60.172
343.179	-60.112
343.179	-59.887
343.194	-59.812
343.209	-59.677
343.194	-59.617
343.194	-59.587
343.179	-59.527
343.179	-59.497
343.119	-59.377
343.119	-59.347
342.894	-59.017
342.774	-58.927
342.744	-58.912
342.684	-58.837
342.654	-58.822
342.534	-58.642
342.504	-58.507
342.504	-58.417
342.519	-58.372
342.639	-58.267
342.684	-58.252
342.774	-58.177
343.119	-58.027
343.179	-58.027
343.239	-58.012
343.299	-58.027
343.344	-58.027
343.374	-58.012
343.434	-58.027
343.494	-58.027
343.524	-58.042
343.599	-58.042
343.719	-58.072
343.794	-58.072
343.854	-58.102
343.929	-58.102
344.094	-58.147
POLYLINE BLACK
346.164	-60.472
346.209	-60.562
346.224	-60.667
346.209	-60.697
346.179	-60.712
346.149	-60.757
346.119	-60.772
346.044	-60.892
345.924	-60.967
345.744	-61.057
345.714	-61.087
345.714	-61.177
345.699	-61.207
345.744	-61.327
345.864	-61.327
345.924	-61.312
345.954	-61.342
346.014	-61.312
346.089	-61.312
346.149	-61.297
346.269	-61.222
346.329	-61.207
346.404	-61.207
346.434	-61.222
346.464	-61.207
346.539	-61.207
346.704	-61.267
POLYLINE BLACK
344.394	-62.662
344.424	-62.677
344.559	-62.677
344.589	-62.692
344.664	-62.677
344.694	-62.692
344.769	-62.692
344.829	-62.677
344.964	-62.707
345.039	-62.692
345.384	-62.692
345.489	-62.722
345.519	-62.722
345.549	-62.707
345.579	-62.722
345.639	-62.707
345.684	-62.722
345.744	-62.692
345.864	-62.692
345.894	-62.677
345.894	-62.677
345.864	-62.632
345.834	-62.617
345.759	-62.527
345.639	-62.422
345.564	-62.392
345.429	-62.287
345.249	-62.152
345.144	-61.987
345.069	-61.867
344.814	-61.597
344.754	-61.567
344.724	-61.567
344.694	-61.552
POLYLINE BLACK
342.879	-62.212
342.909	-62.182
343.014	-62.152
343.074	-62.152
343.119	-62.092
343.374	-61.957
343.404	-61.957
343.539	-61.897
343.629	-61.837
343.659	-61.867
343.689	-61.852
343.719	-61.867
343.914	-61.807
344.079	-61.717
344.199	-61.642
344.304	-61.597
344.334	-61.597
344.394	-61.567
344.454	-61.567
344.514	-61.552
344.649	-61.552
344.679	-61.537
344.799	-61.582
POLYLINE BLACK
343.164	-62.047
343.224	-62.032
343.254	-62.002
343.284	-62.002
343.344	-61.972
343.374	-61.987
343.404	-61.972
343.419	-61.942
343.449	-61.927
343.479	-61.882
343.629	-61.792
POLYLINE BLACK
341.479	-61.612
341.599	-61.612
341.739	-61.632
341.819	-61.612
341.939	-61.592
341.979	-61.552
342.039	-61.552
342.219	-61.452
342.259	-61.392
342.419	-61.352
342.659	-61.212
342.859	-61.052
342.899	-61.052
342.919	-61.012
POLYLINE BLACK
343.324	-64.012
343.354	-64.012
343.414	-64.027
343.444	-64.027
343.504	-64.012
343.549	-64.027
343.609	-64.012
343.669	-64.012
343.729	-64.027
343.759	-64.027
343.924	-64.087
343.984	-64.072
344.044	-64.072
344.194	-64.147
344.254	-64.147
344.299	-64.162
344.329	-64.147
344.389	-64.162
344.419	-64.162
344.479	-64.177
344.509	-64.147
POLYLINE BLACK
343.084	-62.362
343.174	-62.422
343.369	-62.572
343.534	-62.602
343.654	-62.632
343.699	-62.632
343.729	-62.617
343.789	-62.632
343.849	-62.632
343.954	-62.662
344.089	-62.647
344.254	-62.647
344.284	-62.662
344.464	-62.662
POLYLINE BLACK
342.664	-65.917
342.664	-65.917
342.679	-65.797
342.694	-65.737
342.694	-65.632
342.679	-65.572
342.679	-65.437
342.739	-65.302
342.859	-65.272
342.979	-65.332
343.009	-65.332
343.039	-65.362
343.099	-65.512
343.099	-65.572
343.114	-65.632
343.114	-65.677
343.129	-65.737
343.159	-65.902
343.189	-65.932
343.189	-65.962
343.204	-66.022
343.204	-66.202
343.249	-66.307
343.279	-66.337
343.279	-66.367
343.309	-66.457
343.459	-66.667
343.459	-66.697
343.489	-66.727
343.489	-66.757
343.549	-66.862
343.549	-66.892
343.609	-66.982
343.609	-67.012
343.639	-67.072
343.639	-67.132
343.624	-67.162
343.594	-67.162
343.534	-67.207
343.504	-67.207
343.444	-67.237
343.384	-67.237
343.354	-67.207
343.324	-67.207
343.264	-67.162
343.234	-67.117
343.144	-67.057
343.099	-66.997
343.069	-66.997
343.039	-66.967
343.009	-66.967
342.949	-66.952
342.919	-66.967
342.859	-66.937
342.799	-66.937
342.739	-66.922
342.709	-66.892
342.679	-66.907
342.574	-66.832
342.544	-66.772
342.529	-66.637
342.529	-66.502
342.619	-66.262
342.619	-66.232
342.664	-66.127
342.664	-66.097
342.694	-66.022
342.694	-65.947
342.724	-65.872
342.754	-65.752
POLYLINE CONNECT
343.114	-65.827
343.041	-62.739
POLYLINE BLACK
343.159	-62.047
343.189	-62.047
343.354	-61.972
POLYLINE BLACK
342.799	-62.227
342.859	-62.212
342.919	-62.152
POLYLINE BLACK
344.524	-60.982
344.599	-60.967
344.734	-60.922
344.779	-60.922
POLYLINE BLACK
339.094	-62.812
339.529	-62.932
339.559	-62.917
339.724	-62.962
339.874	-63.022
339.964	-63.067
340.069	-63.082
340.099	-63.067
340.249	-63.142
340.354	-63.217
340.444	-63.247
340.759	-63.397
340.789	-63.427
340.879	-63.427
340.999	-63.412
341.029	-63.397
341.059	-63.427
341.239	-63.472
341.299	-63.502
341.359	-63.502
341.569	-63.577
341.629	-63.712
341.749	-63.712
341.809	-63.697
341.944	-63.667
342.079	-63.637
342.169	-63.667
342.304	-63.757
342.334	-63.787
342.469	-63.847
342.514	-63.847
342.574	-63.862
342.604	-63.862
342.694	-63.892
342.739	-63.877
342.844	-63.922
342.994	-63.922
343.069	-63.907
343.114	-63.907
343.219	-63.952
343.249	-63.937
343.354	-63.997
343.444	-63.997
343.474	-64.012
POLYLINE BLACK
338.914	-60.757
338.929	-60.727
339.004	-60.682
339.034	-60.682
339.064	-60.697
339.169	-60.697
339.289	-60.742
339.319	-60.772
339.349	-60.772
339.484	-60.832
339.544	-60.907
339.589	-60.922
339.679	-61.012
339.724	-61.027
339.754	-61.057
339.904	-61.102
339.979	-61.102
340.159	-61.147
340.219	-61.147
340.279	-61.177
340.504	-61.207
340.534	-61.222
340.579	-61.222
340.774	-61.282
340.834	-61.297
340.864	-61.297
340.984	-61.372
341.104	-61.432
341.134	-61.432
341.224	-61.492
341.434	-61.597
341.479	-61.627
341.509	-61.627
341.704	-61.732
341.944	-61.867
342.004	-61.927
342.094	-61.927
342.229	-61.987
342.484	-62.152
342.604	-62.227
342.649	-62.227
342.769	-62.302
342.934	-62.362
343.099	-62.392
343.219	-62.362
POLYLINE BLUE
335.779	-62.602
335.719	-62.662
POLYLINE BLUE
335.734	-62.542
335.734	-62.572
335.554	-62.797
POLYLINE BLUE
335.554	-62.557
335.509	-62.632
335.404	-62.707
335.299	-62.812
POLYLINE BLUE
335.389	-62.572
335.389	-62.602
335.284	-62.692
335.254	-62.737
335.209	-62.752
335.134	-62.842
POLYLINE BLUE
335.224	-62.557
335.179	-62.632
335.074	-62.722
335.014	-62.797
POLYLINE BLUE
335.044	-62.557
335.044	-62.587
335.029	-62.617
334.924	-62.707
334.909	-62.737
POLYLINE BLUE
334.939	-62.542
334.939	-62.572
334.819	-62.692
POLYLINE BLUE
334.684	-62.572
334.654	-62.602
334.639	-62.647
334.594	-62.707
POLYLINE BLACK
336.019	-62.542
336.004	-62.572
335.974	-62.557
335.884	-62.632
335.824	-62.767
335.764	-62.782
335.704	-62.782
335.644	-62.812
335.614	-62.812
335.494	-62.857
335.434	-62.842
335.374	-62.872
335.344	-62.872
335.284	-62.887
335.209	-62.887
335.149	-62.857
335.059	-62.857
335.029	-62.827
334.969	-62.827
334.909	-62.797
334.879	-62.797
334.849	-62.812
334.789	-62.767
334.744	-62.767
334.714	-62.752
334.684	-62.767
334.354	-62.572
334.324	-62.587
334.234	-62.542
334.204	-62.542
POLYLINE BLACK
335.989	-62.527
336.049	-62.512
336.079	-62.512
336.139	-62.497
336.229	-62.497
336.289	-62.512
336.394	-62.512
336.424	-62.542
336.559	-62.572
336.694	-62.617
336.754	-62.617
336.814	-62.647
336.844	-62.647
336.874	-62.662
336.934	-62.737
336.964	-62.737
337.024	-62.767
337.144	-62.872
337.249	-62.917
337.309	-62.902
337.414	-62.917
337.489	-62.902
337.594	-62.902
337.654	-62.872
337.714	-62.887
337.744	-62.872
337.774	-62.887
337.849	-62.872
337.894	-62.872
337.924	-62.887
338.044	-62.887
338.074	-62.872
338.134	-62.887
338.164	-62.887
338.224	-62.902
338.314	-62.872
338.374	-62.887
338.449	-62.887
338.509	-62.857
338.644	-62.857
338.689	-62.842
338.749	-62.857
338.869	-62.827
338.944	-62.827
339.079	-62.797
339.109	-62.812
POLYLINE GREEN
336.334	-59.887
POLYLINE GREEN
336.094	-60.052
336.094	-60.082
POLYLINE GREEN
335.659	-59.947
335.719	-59.992
335.749	-60.037
335.749	-60.067
335.839	-60.322
335.854	-60.397
335.869	-60.427
POLYLINE GREEN
335.764	-60.112
335.764	-60.142
335.734	-60.157
335.734	-60.187
335.809	-60.412
335.839	-60.577
335.869	-60.607
POLYLINE GREEN
335.824	-60.397
335.824	-60.697
335.839	-60.727
335.824	-60.757
335.839	-60.892
335.869	-61.012
335.869	-61.057
335.914	-61.117
336.004	-61.057
336.049	-60.907
336.079	-60.757
336.064	-60.697
336.079	-60.442
336.079	-60.127
336.109	-60.067
POLYLINE BLACK
335.869	-59.887
335.899	-59.917
335.929	-59.917
335.959	-59.947
335.989	-59.947
336.109	-59.977
336.169	-60.037
336.229	-60.037
336.289	-60.067
336.349	-60.067
336.499	-60.172
336.529	-60.172
336.559	-60.187
336.649	-60.187
336.724	-60.232
336.754	-60.232
336.964	-60.397
336.994	-60.412
337.024	-60.397
337.174	-60.472
337.204	-60.472
337.339	-60.532
337.399	-60.532
337.429	-60.562
337.564	-60.562
337.594	-60.592
337.639	-60.592
337.744	-60.562
337.849	-60.532
337.924	-60.532
337.984	-60.517
338.149	-60.577
338.179	-60.607
338.209	-60.607
338.284	-60.652
338.344	-60.637
338.434	-60.697
338.569	-60.727
338.629	-60.757
338.659	-60.757
338.719	-60.742
338.914	-60.742
338.974	-60.727
POLYLINE BLACK
336.649	-66.502
336.724	-66.472
336.784	-66.487
336.874	-66.547
336.949	-66.562
337.099	-66.742
337.099	-66.742
337.099	-66.712
337.189	-66.787
337.219	-66.787
337.279	-66.832
337.309	-66.832
337.429	-66.922
337.579	-67.012
337.654	-67.027
337.684	-67.027
337.819	-67.087
337.924	-67.207
337.999	-67.372
337.999	-67.402
338.014	-67.432
338.014	-67.477
338.029	-67.537
338.029	-67.627
337.939	-67.747
337.849	-67.777
337.774	-67.762
337.714	-67.777
337.684	-67.777
337.594	-67.732
337.534	-67.747
337.384	-67.747
337.324	-67.762
337.294	-67.762
337.234	-67.777
337.039	-67.777
336.949	-67.807
336.889	-67.777
336.859	-67.777
336.829	-67.792
336.769	-67.762
336.739	-67.762
336.649	-67.717
336.619	-67.732
336.589	-67.717
336.574	-67.687
336.544	-67.687
336.469	-67.597
336.409	-67.567
336.379	-67.492
336.274	-67.462
336.214	-67.507
336.199	-67.537
336.169	-67.507
336.169	-67.507
336.109	-67.492
336.079	-67.492
336.019	-67.462
335.989	-67.462
335.929	-67.417
335.899	-67.417
335.869	-67.402
335.854	-67.372
335.734	-67.312
335.719	-67.252
335.764	-67.087
335.779	-67.057
335.869	-66.997
335.899	-66.967
335.809	-66.907
335.794	-66.877
335.734	-66.847
335.704	-66.847
335.614	-66.727
335.614	-66.667
335.599	-66.607
335.599	-66.457
POLYLINE BLACK
336.544	-65.227
336.529	-65.392
336.529	-65.422
336.544	-65.482
336.544	-65.587
336.559	-65.617
336.559	-65.752
336.544	-65.812
336.544	-65.932
336.529	-66.007
336.529	-66.142
336.559	-66.262
336.559	-66.322
336.574	-66.382
336.574	-66.412
336.589	-66.442
336.649	-66.472
336.679	-66.472
336.739	-66.487
POLYLINE BLACK
336.349	-65.302
336.409	-65.257
336.454	-65.167
336.454	-65.137
POLYLINE BLACK
335.989	-65.167
336.154	-65.092
336.244	-65.017
336.334	-64.882
336.439	-64.717
336.439	-64.687
336.499	-64.732
336.499	-64.777
336.529	-64.897
336.529	-64.957
336.499	-65.062
336.499	-65.122
336.544	-65.287
336.574	-65.377
POLYLINE BLACK
335.569	-66.592
335.584	-66.532
335.584	-66.442
335.569	-66.382
335.569	-66.247
335.584	-66.187
335.599	-66.052
335.644	-65.887
335.674	-65.842
335.674	-65.812
335.734	-65.692
335.749	-65.617
335.824	-65.497
335.854	-65.467
335.959	-65.242
336.049	-65.167
336.184	-65.092
POLYLINE GREEN
335.824	-65.227
335.884	-65.272
335.959	-65.437
335.974	-65.572
335.989	-65.632
335.989	-65.662
336.004	-65.722
336.004	-65.947
336.019	-66.007
336.019	-66.142
336.034	-66.202
336.064	-66.367
336.124	-66.457
336.214	-66.457
336.259	-66.322
336.274	-66.172
336.274	-66.022
336.289	-65.962
336.289	-65.902
336.304	-65.842
336.289	-65.812
336.289	-65.647
336.304	-65.587
336.304	-65.482
336.319	-65.422
336.319	-65.392
336.364	-65.302
336.394	-65.287
POLYLINE CONNECT
336.104	-66.527
335.919	-61.207
POLYLINE BLACK
331.244	-59.367
331.264	-59.427
331.344	-59.407
331.624	-59.367
332.124	-59.367
332.204	-59.387
332.244	-59.387
332.304	-59.427
332.384	-59.407
332.464	-59.407
332.504	-59.427
332.544	-59.407
332.624	-59.467
333.144	-59.707
333.284	-59.747
333.364	-59.727
333.544	-59.787
333.664	-59.867
333.844	-59.887
333.964	-59.827
334.044	-59.847
334.084	-59.867
334.144	-59.847
334.324	-59.907
334.504	-59.907
334.624	-59.967
334.684	-59.947
334.724	-59.967
334.804	-59.947
334.924	-59.947
334.984	-59.967
335.064	-59.947
335.184	-59.947
335.324	-59.907
335.444	-59.887
335.584	-59.907
335.664	-59.887
335.844	-59.887
POLYLINE BLACK
330.164	-61.787
330.224	-61.867
330.544	-61.907
330.804	-61.907
330.904	-61.947
330.944	-61.927
331.024	-61.947
331.324	-62.147
331.444	-62.227
331.524	-62.247
331.624	-62.207
331.704	-62.227
331.844	-62.207
331.924	-62.227
332.024	-62.207
332.104	-62.227
332.224	-62.227
332.264	-62.247
332.344	-62.227
332.504	-62.227
332.584	-62.247
332.664	-62.227
332.744	-62.227
332.844	-62.247
332.924	-62.247
333.004	-62.307
333.084	-62.287
333.204	-62.347
333.244	-62.347
333.284	-62.407
333.324	-62.407
333.464	-62.547
333.544	-62.547
333.624	-62.567
333.684	-62.567
333.764	-62.547
333.804	-62.567
333.844	-62.547
333.924	-62.547
333.984	-62.527
334.184	-62.527
334.244	-62.547
334.504	-62.547
334.584	-62.567
334.624	-62.547
334.704	-62.567
334.784	-62.567
334.824	-62.547
334.924	-62.567
335.124	-62.567
335.204	-62.547
335.364	-62.547
335.504	-62.527
335.584	-62.547
335.804	-62.547
335.864	-62.527
335.904	-62.547
335.944	-62.527
POLYLINE GREEN
330.664	-59.127
330.664	-59.247
330.704	-59.347
330.784	-59.327
330.944	-59.167
POLYLINE GREEN
330.324	-58.707
330.324	-58.847
330.344	-58.927
330.384	-58.967
330.504	-58.887
330.584	-58.787
POLYLINE GREEN
330.324	-58.307
330.344	-58.387
330.404	-58.447
330.504	-58.427
330.624	-58.307
330.664	-58.227
POLYLINE GREEN
330.244	-57.767
330.264	-57.847
330.264	-57.987
330.284	-58.067
330.504	-57.887
330.604	-57.667
POLYLINE BLACK
329.004	-57.487
329.084	-57.507
329.204	-57.567
329.384	-57.567
329.424	-57.547
329.504	-57.567
329.724	-57.567
329.764	-57.547
329.804	-57.567
329.944	-57.547
330.084	-57.687
330.144	-57.767
330.144	-58.467
330.164	-58.547
330.164	-58.687
330.144	-58.767
330.144	-58.967
330.164	-59.047
330.224	-59.147
330.324	-59.247
330.484	-59.347
330.624	-59.387
330.664	-59.367
330.744	-59.387
330.924	-59.387
331.024	-59.407
331.124	-59.407
331.224	-59.387
331.304	-59.387
331.404	-59.407
POLYLINE GREEN
331.159	-66.032
331.159	-66.092
331.249	-66.227
331.279	-66.242
POLYLINE GREEN
331.009	-66.332
330.994	-66.392
331.009	-66.497
331.039	-66.527
331.114	-66.557
POLYLINE GREEN
330.889	-66.752
330.904	-66.857
330.934	-66.932
331.009	-66.962
331.084	-66.917
331.144	-66.857
POLYLINE GREEN
330.844	-67.007
330.844	-67.097
330.874	-67.172
330.919	-67.187
330.979	-67.172
POLYLINE GREEN
330.649	-66.947
330.709	-67.007
POLYLINE GREEN
330.754	-66.302
330.664	-66.377
330.634	-66.512
330.664	-66.572
330.694	-66.587
POLYLINE GREEN
330.844	-65.927
330.829	-65.957
330.814	-66.167
330.844	-66.197
POLYLINE GREEN
330.919	-65.492
330.829	-65.612
330.814	-65.687
330.814	-65.732
330.844	-65.792
330.919	-65.807
POLYLINE GREEN
330.979	-65.087
330.889	-65.192
330.874	-65.252
330.904	-65.327
330.964	-65.387
POLYLINE GREEN
329.869	-65.117
329.869	-65.177
329.854	-65.237
329.854	-65.357
329.884	-65.357
329.944	-65.417
329.944	-65.447
329.914	-65.522
329.824	-65.597
329.824	-65.627
329.914	-65.687
329.929	-65.717
329.899	-65.822
329.869	-65.852
329.884	-65.882
POLYLINE GREEN
329.794	-65.102
329.854	-65.102
329.914	-65.117
329.944	-65.102
329.989	-65.102
POLYLINE BLACK
330.244	-64.352
330.214	-64.352
330.124	-64.427
330.094	-64.412
330.034	-64.442
330.004	-64.442
329.944	-64.457
329.914	-64.442
329.824	-64.502
329.824	-64.607
329.809	-64.637
329.809	-64.742
329.794	-64.802
329.794	-64.832
329.779	-64.892
329.779	-64.922
329.764	-64.982
329.749	-65.117
329.749	-65.147
329.734	-65.177
329.734	-65.282
329.719	-65.312
329.719	-65.477
329.734	-65.552
329.734	-65.792
329.719	-65.852
329.719	-66.077
329.734	-66.107
329.734	-66.182
329.764	-66.272
329.764	-66.647
329.779	-66.677
329.749	-66.767
329.749	-66.812
329.689	-66.977
329.689	-67.067
329.674	-67.127
329.674	-67.157
329.659	-67.187
329.659	-67.232
POLYLINE BLACK
330.739	-66.827
330.829	-66.587
330.889	-66.482
330.904	-66.407
330.949	-66.317
330.949	-66.287
331.024	-66.167
331.024	-66.137
331.069	-66.032
331.069	-66.002
331.114	-65.852
331.114	-65.357
331.144	-65.252
331.189	-65.027
331.204	-64.967
331.204	-64.832
331.174	-64.712
331.174	-64.682
331.114	-64.472
331.099	-64.442
330.979	-64.382
330.949	-64.382
330.904	-64.352
330.874	-64.352
330.814	-64.322
330.724	-64.322
330.664	-64.307
330.544	-64.337
330.484	-64.337
330.379	-64.367
330.319	-64.412
330.229	-64.412
330.184	-64.427
POLYLINE BLACK
331.654	-68.477
331.684	-68.447
331.684	-68.207
331.669	-68.177
331.669	-68.042
331.609	-67.907
331.579	-67.877
331.579	-67.847
331.474	-67.757
331.444	-67.757
331.354	-67.682
331.324	-67.682
331.114	-67.532
330.934	-67.397
330.844	-67.322
330.784	-67.232
330.784	-67.202
330.754	-67.172
330.754	-66.962
330.784	-66.902
330.784	-66.827
330.814	-66.752
POLYLINE BLACK
331.654	-68.447
331.669	-68.477
331.624	-68.627
331.534	-68.687
331.489	-68.687
331.459	-68.702
331.399	-68.687
331.369	-68.702
331.309	-68.687
331.264	-68.687
331.204	-68.672
331.174	-68.687
331.114	-68.657
331.054	-68.657
331.024	-68.627
330.994	-68.627
330.904	-68.567
330.844	-68.567
330.664	-68.477
330.634	-68.477
330.604	-68.447
330.439	-68.447
330.379	-68.402
330.349	-68.342
330.289	-68.342
330.259	-68.327
330.184	-68.207
330.079	-68.177
330.049	-68.177
329.989	-68.162
329.929	-68.177
329.899	-68.177
329.839	-68.132
329.749	-68.192
329.719	-68.177
329.689	-68.192
329.674	-68.147
329.644	-68.147
329.614	-68.102
329.614	-68.072
329.599	-68.012
329.599	-67.982
329.584	-67.922
329.584	-67.892
329.674	-67.697
329.674	-67.517
329.704	-67.457
329.704	-67.232
329.674	-67.127
329.644	-67.097
POLYLINE CONNECT
329.839	-67.307
329.623	-60.463
POLYLINE BLACK
327.739	-61.727
327.859	-61.817
328.069	-61.847
328.189	-61.817
328.489	-61.817
328.669	-61.787
328.879	-61.697
328.939	-61.727
329.059	-61.697
329.209	-61.727
329.389	-61.727
329.539	-61.757
329.659	-61.757
329.749	-61.727
329.869	-61.757
329.929	-61.757
330.049	-61.847
330.169	-61.817
330.289	-61.817
330.349	-61.847
330.409	-61.817
POLYLINE BLACK
327.829	-51.647
POLYLINE BLACK
327.799	-50.357
327.919	-50.327
POLYLINE BLACK
327.109	-50.267
327.169	-50.237
POLYLINE BLACK
327.409	-51.947
POLYLINE BLACK
326.779	-52.307
326.899	-52.277
327.019	-52.217
POLYLINE BLACK
329.179	-57.437
329.089	-57.527
328.879	-57.527
328.759	-57.497
328.699	-57.527
328.639	-57.467
328.519	-57.497
328.399	-57.407
328.309	-57.437
328.189	-57.407
328.069	-57.377
327.889	-57.317
327.619	-57.257
327.439	-57.137
327.169	-56.867
326.989	-56.417
326.929	-56.357
326.899	-56.237
326.749	-55.997
326.719	-55.877
326.659	-55.607
326.659	-55.157
326.629	-55.067
326.659	-54.947
326.659	-53.957
326.599	-53.687
326.539	-53.357
326.569	-53.237
326.569	-52.967
326.629	-52.697
POLYLINE BLACK
322.309	-57.557
322.369	-57.647
322.429	-57.647
322.639	-57.887
322.729	-58.067
322.759	-58.337
322.789	-58.457
322.819	-58.697
322.819	-58.937
322.789	-59.057
322.549	-59.267
322.489	-59.267
322.399	-59.357
322.279	-59.387
321.559	-59.657
321.499	-59.627
321.319	-59.687
321.319	-59.957
321.679	-60.587
321.679	-60.647
322.009	-61.067
322.069	-61.337
322.159	-61.517
322.369	-61.547
322.519	-61.607
322.669	-61.607
322.789	-61.577
322.939	-61.607
323.209	-61.577
323.599	-61.667
323.749	-61.637
323.929	-61.727
323.989	-61.697
324.199	-61.727
324.409	-61.667
324.529	-61.697
324.679	-61.667
324.949	-61.667
325.009	-61.637
325.069	-61.667
325.219	-61.667
325.459	-61.607
325.579	-61.577
325.639	-61.607
325.789	-61.577
325.909	-61.637
326.059	-61.637
326.179	-61.607
326.509	-61.667
326.719	-61.667
326.929	-61.727
327.049	-61.697
327.469	-61.757
327.649	-61.757
327.769	-61.787
327.889	-61.757
328.399	-61.637
328.519	-61.607
328.639	-61.607
328.759	-61.577
328.879	-61.577
POLYLINE BLACK
321.339	-57.457
321.399	-57.457
321.519	-57.397
321.559	-57.417
321.599	-57.377
321.719	-57.397
321.839	-57.357
321.919	-57.377
321.959	-57.357
322.179	-57.417
322.259	-57.437
322.339	-57.477
322.439	-57.577
322.519	-57.757
POLYLINE BLACK
321.339	-50.157
321.419	-50.117
321.599	-50.117
321.719	-50.077
321.839	-50.117
321.899	-50.117
321.979	-50.097
322.099	-50.117
322.219	-50.077
322.359	-50.117
322.539	-50.097
322.819	-50.097
323.019	-50.057
323.099	-50.077
323.139	-50.057
323.239	-50.077
323.319	-50.077
323.419	-50.117
323.459	-50.157
323.559	-50.177
323.759	-50.137
323.879	-50.097
324.199	-50.097
324.319	-50.117
324.459	-50.117
324.519	-50.097
324.579	-50.117
324.759	-50.117
324.799	-50.137
324.939	-50.117
325.039	-50.117
325.119	-50.137
325.259	-50.137
325.319	-50.117
325.419	-50.137
325.639	-50.137
325.699	-50.157
325.799	-50.137
326.019	-50.137
326.319	-50.217
326.379	-50.257
326.459	-50.257
326.639	-50.177
326.919	-50.177
