TRIP
DATE 2016-07-09 
DECLINATION     0.00
DATA
8.0	13.0	0.00	0.00	0.000	>
13.0		9.58	3.38	4.683	>
13.0		29.21	0.76	3.236	>
13.0		119.76	15.77	4.099	>
13.0		144.55	17.37	6.403	>
13.0		194.43	22.17	4.974	>
13.0		161.96	20.06	5.902	>
13.0		196.00	21.40	4.015	>
13.0		201.90	21.43	3.468	>
13.0		247.08	9.42	5.138	>
13.0		287.50	8.97	3.726	>
13.0		329.94	8.46	6.004	>
13.0		345.97	9.34	5.391	>
13.0		12.23	1.84	6.678	>
13.0		22.82	0.21	7.227	>
13.0		257.63	-32.18	1.418	>
13.0		141.90	-16.79	0.928	>
13.0		352.35	-17.16	0.762	>
13.0		271.53	-8.40	3.774	>
13.0		323.39	-12.64	3.225	>
13.0		294.50	-21.91	2.651	>
13.0		312.71	83.73	3.076	>
13.0		65.92	-86.69	0.891	>
13.0		51.97	-47.11	2.809	>
13.0	13.1	344.19	2.34	5.300	>
13.1		59.92	8.68	0.258	>
13.1		276.74	6.58	1.544	>
13.1		274.86	82.78	2.819	>
13.1		298.79	-65.14	1.289	>
13.1		220.11	-70.40	3.882	>
13.1	13.2	307.69	30.87	3.477	>
13.2		45.62	7.65	0.857	>
13.2		69.27	50.46	0.808	>
13.2		75.18	-82.12	1.939	>
13.2	13.3	347.93	5.18	3.390	>
13.3		63.07	24.14	0.232	>
13.3		238.13	75.71	0.176	>
13.3		223.86	-18.72	0.826	>
13.3		232.02	-68.76	1.310	>
13.3	13.4	305.78	-11.76	3.777	>
13.4		69.85	19.37	0.594	>
13.4		63.43	-71.97	0.332	>
13.4		47.42	59.37	0.426	>
13.4		255.09	24.98	0.159	>
13.4	13.5	354.40	-3.54	2.333	>
13.5		188.91	83.28	0.441	>
13.5		240.60	9.29	0.440	>
13.5		244.33	-68.40	0.778	>
13.5	13.6	300.33	-2.79	2.282	>
13.6		52.17	-4.80	0.239	>
13.6		105.23	55.97	0.374	>
13.6		221.10	26.06	0.139	>
13.6		112.00	-70.23	0.316	>
13.0	13.7	190.56	27.14	4.815	>
13.7		323.02	-15.35	0.846	>
13.7		304.66	-61.12	0.815	>
13.7		332.32	31.67	0.162	>
13.7		179.79	-11.43	0.272	>
13.7	13.8	270.28	-12.97	1.261	>
13.8		165.38	81.44	0.160	>
13.8		174.40	-66.61	0.258	>
13.8		175.88	-5.06	0.601	>
13.8		185.70	8.02	1.972	>
13.8		25.56	0.79	0.510	>
13.8	13.9	302.52	-8.67	1.957	>
13.9		232.25	74.03	0.142	>
13.9		21.56	24.40	0.191	>
13.9		38.09	-77.50	0.217	>
13.9		205.82	-13.13	0.568	>
13.9		198.18	2.87	1.396	>
13.9		209.65	2.75	0.583	>
13.9	13.10	286.20	-15.68	4.259	>
13.10		107.57	10.83	2.162	>
13.10		131.25	6.56	1.664	>
13.10		150.94	5.12	2.106	>
13.10		165.16	-0.57	0.504	>
13.10		96.13	9.49	0.588	>
13.10		147.89	-82.68	0.473	>
13.10	13.11	319.29	-20.84	1.718	>
13.11		110.79	31.18	1.205	>
13.11		295.56	17.90	0.533	>
13.11		259.51	85.53	0.352	>
13.11		240.06	-5.96	1.078	>
13.11		201.63	-2.35	1.124	>
13.11	13.12	234.68	-11.54	3.215	>
13.12		325.49	79.36	0.315	>
13.12		345.25	2.88	0.897	>
13.12		78.69	-87.25	0.425	>
13.12		167.96	4.54	0.202	>
13.12	13.13	274.43	-18.73	5.493	>
13.13		22.40	3.05	1.072	>
13.13		279.46	88.57	0.244	>
13.13	13.14	319.64	-12.81	3.382	>
13.14		232.13	65.77	0.333	>
13.14		33.27	27.08	0.211	>
13.14		224.53	0.44	0.773	>
13.14		225.00	-78.84	0.599	>
13.14	13.15	261.74	-11.61	3.070	>
13.15		335.73	-6.92	1.270	>
13.15		295.86	-9.75	1.175	>
13.15		225.73	2.47	0.558	>
13.15		201.32	12.53	1.138	>
13.15		165.72	21.07	0.804	>
13.15		2.05	-83.63	0.253	>
13.15		215.57	46.11	0.268	>
13.15		40.06	1.36	0.715	>
13.11	13.16	17.89	13.45	1.707	>
13.16		327.68	80.15	0.339	>
13.16		13.95	-82.37	8.190	>
13.16		307.56	-8.86	2.299	>
13.16		18.38	10.18	1.443	>
13.16		236.31	-12.61	1.090	>
13.16		287.87	-75.45	9.274	>
13.16		316.27	-77.69	8.999	>
13.16		77.07	15.48	3.004	>
13.16	13.17	95.48	-1.66	8.196	>
13.0	13.17	0.00	0.00	0.000	>
13.17	13.18	127.16	6.17	7.560	>
13.18		11.93	11.10	0.961	>
13.18		1.82	84.99	3.972	>
13.18		191.04	18.32	0.709	>
13.18		61.50	-84.37	0.406	>
13.18	13.19	126.17	74.92	4.071	>
13.19		126.19	74.87	4.088	>
13.19		81.22	-3.76	1.130	>
13.19		257.95	-28.10	2.265	>
13.19		113.96	-79.02	0.620	>
13.19	13.20	186.10	-18.57	1.162	>
13.20		227.64	-10.13	0.421	>
13.20		60.96	15.79	1.801	>
13.20		60.54	51.65	0.672	>
13.20		97.41	-54.10	0.556	>
13.18	13.21	78.67	10.72	4.321	>
13.21		350.94	13.53	0.705	>
13.21		329.05	82.31	4.506	>
13.21		181.36	5.63	0.551	>
13.21		113.16	-82.21	1.276	>
13.21	13.22	76.68	13.18	7.584	>
13.22		171.83	3.48	0.825	>
13.22		296.85	72.47	5.079	>
13.22		86.93	-63.42	1.877	>
13.22	13.23	83.80	-2.14	3.966	>
13.23		331.12	72.72	4.657	>
13.23		350.18	27.99	1.747	>
13.23		353.68	10.90	0.592	>
13.23		352.60	-80.79	0.485	>
13.23	13.24	66.27	2.68	2.441	>
13.24		327.32	1.60	0.537	>
13.24		338.84	81.84	2.205	>
13.24		228.81	-88.95	0.581	>
13.24	13.25	58.63	37.14	3.776	>
13.25		183.23	5.95	0.588	>
13.25		161.57	86.35	2.286	>
13.25		215.31	-88.06	1.741	>
13.25		3.49	11.38	1.257	>
13.25		236.52	-37.41	3.076	>
13.25		244.66	-40.77	2.511	>
13.25		86.94	10.43	1.353	>
13.25		60.93	17.41	1.771	>
13.25	13.26	71.39	16.64	3.392	>
13.26		195.89	61.69	0.316	>
13.26		221.79	19.12	0.989	>
13.26		238.47	-72.17	0.337	>
13.26		225.55	44.29	1.233	>
13.26	13.27	164.06	17.74	4.864	>
13.27		52.75	10.88	0.710	>
13.27		29.58	85.00	3.512	>
13.27		229.10	51.65	3.473	>
13.27		235.75	5.31	0.541	>
13.27		141.05	-80.48	1.298	>

PLAN
STATIONS
-72.496	20.691	13.0
-73.939	25.786	13.1
-76.301	27.611	13.2
-77.007	30.913	13.3
-80.007	33.075	13.4
-80.234	35.392	13.5
-82.201	36.543	13.6
-73.281	16.479	13.7
-74.510	16.485	13.8
-76.141	17.525	13.9
-80.079	18.669	13.10
-81.126	19.886	13.11
-83.696	18.065	13.12
-88.883	18.467	13.13
-91.019	20.980	13.14
-93.995	20.548	13.15
-80.616	21.466	13.16
-72.496	20.691	13.17
-66.471	16.143	13.18
-65.616	15.518	13.19
-65.733	14.423	13.20
-62.308	16.977	13.21
-55.122	18.678	13.22
-51.182	19.106	13.23
-48.950	20.087	13.24
-46.380	21.654	13.25
-43.300	22.691	13.26
-42.028	18.236	13.27
SHOTS
-43.300	22.691	-42.028	18.236
-42.028	18.236	-41.473	18.658
-42.028	18.236	-41.877	18.502
-42.028	18.236	-43.657	16.825
-42.028	18.236	-42.473	17.933
-42.028	18.236	-41.893	18.069
-46.380	21.654	-43.300	22.691
-43.300	22.691	-43.341	22.547
-43.300	22.691	-43.923	21.994
-43.300	22.691	-43.388	22.637
-43.300	22.691	-43.930	22.073
-48.950	20.087	-46.380	21.654
-46.380	21.654	-46.413	21.070
-46.380	21.654	-46.334	21.516
-46.380	21.654	-46.414	21.606
-46.380	21.654	-46.305	22.884
-46.380	21.654	-48.418	20.306
-46.380	21.654	-48.099	20.840
-46.380	21.654	-45.051	21.725
-46.380	21.654	-44.903	22.475
-51.182	19.106	-48.950	20.087
-48.950	20.087	-49.240	20.539
-48.950	20.087	-49.063	20.379
-48.950	20.087	-48.958	20.080
-55.122	18.678	-51.182	19.106
-51.182	19.106	-51.850	20.317
-51.182	19.106	-51.445	20.626
-51.182	19.106	-51.246	19.684
-51.182	19.106	-51.192	19.183
-62.308	16.977	-55.122	18.678
-55.122	18.678	-55.005	17.863
-55.122	18.678	-56.487	19.369
-55.122	18.678	-54.283	18.723
-66.471	16.143	-62.308	16.977
-62.308	16.977	-62.416	17.654
-62.308	16.977	-62.618	17.494
-62.308	16.977	-62.321	16.429
-62.308	16.977	-62.149	16.909
-65.616	15.518	-65.733	14.423
-65.733	14.423	-66.039	14.144
-65.733	14.423	-64.218	15.264
-65.733	14.423	-65.370	14.628
-65.733	14.423	-65.410	14.381
-66.471	16.143	-65.616	15.518
-65.616	15.518	-64.755	14.888
-65.616	15.518	-64.502	15.690
-65.616	15.518	-67.570	15.101
-65.616	15.518	-65.508	15.470
-72.461	20.683	-66.471	16.143
-66.471	16.143	-66.276	17.066
-66.471	16.143	-66.460	16.490
-66.471	16.143	-66.600	15.482
-66.471	16.143	-66.436	16.162
-72.496	20.691	-72.496	20.691
-80.616	21.466	-72.461	20.683
-81.126	19.886	-80.616	21.466
-80.616	21.466	-80.647	21.515
-80.616	21.466	-80.354	22.521
-80.616	21.466	-82.417	22.851
-80.616	21.466	-80.168	22.814
-80.616	21.466	-81.501	20.876
-80.616	21.466	-82.834	22.181
-80.616	21.466	-81.942	22.852
-80.616	21.466	-77.794	22.114
-91.019	20.980	-93.995	20.548
-93.995	20.548	-94.513	21.697
-93.995	20.548	-95.037	21.053
-93.995	20.548	-94.394	20.159
-93.995	20.548	-94.399	19.513
-93.995	20.548	-93.810	19.821
-93.995	20.548	-93.994	20.576
-93.995	20.548	-94.103	20.397
-93.995	20.548	-93.535	21.095
-88.883	18.467	-91.019	20.980
-91.019	20.980	-91.127	20.896
-91.019	20.980	-90.916	21.137
-91.019	20.980	-91.561	20.429
-91.019	20.980	-91.101	20.898
-83.696	18.065	-88.883	18.467
-88.883	18.467	-88.475	19.457
-88.883	18.467	-88.889	18.468
-81.126	19.886	-83.696	18.065
-83.696	18.065	-83.729	18.113
-83.696	18.065	-83.924	18.931
-83.696	18.065	-83.676	18.069
-83.696	18.065	-83.654	17.868
-80.079	18.669	-81.126	19.886
-81.126	19.886	-80.162	19.520
-81.126	19.886	-81.584	20.105
-81.126	19.886	-81.153	19.881
-81.126	19.886	-82.055	19.351
-81.126	19.886	-81.540	18.842
-76.141	17.525	-80.079	18.669
-80.079	18.669	-78.055	18.028
-80.079	18.669	-78.836	17.579
-80.079	18.669	-79.060	16.835
-80.079	18.669	-79.950	18.182
-80.079	18.669	-79.502	18.607
-80.079	18.669	-80.047	18.618
-74.510	16.485	-76.141	17.525
-76.141	17.525	-76.172	17.501
-76.141	17.525	-76.077	17.687
-76.141	17.525	-76.112	17.562
-76.141	17.525	-76.382	17.027
-76.141	17.525	-76.576	16.200
-76.141	17.525	-76.429	17.019
-73.281	16.479	-74.510	16.485
-74.510	16.485	-74.504	16.462
-74.510	16.485	-74.500	16.383
-74.510	16.485	-74.467	15.888
-74.510	16.485	-74.704	14.542
-74.510	16.485	-74.290	16.945
-72.496	20.691	-73.281	16.479
-73.281	16.479	-73.772	17.131
-73.281	16.479	-73.605	16.703
-73.281	16.479	-73.345	16.601
-73.281	16.479	-73.280	16.212
-80.234	35.392	-82.201	36.543
-82.201	36.543	-82.013	36.689
-82.201	36.543	-81.999	36.488
-82.201	36.543	-82.283	36.449
-82.201	36.543	-82.102	36.503
-80.007	33.075	-80.234	35.392
-80.234	35.392	-80.242	35.341
-80.234	35.392	-80.612	35.179
-80.234	35.392	-80.492	35.268
-77.007	30.913	-80.007	33.075
-80.007	33.075	-79.481	33.268
-80.007	33.075	-79.915	33.121
-80.007	33.075	-79.847	33.222
-80.007	33.075	-80.146	33.038
-76.301	27.611	-77.007	30.913
-77.007	30.913	-76.818	31.009
-77.007	30.913	-77.044	30.890
-77.007	30.913	-77.549	30.349
-77.007	30.913	-77.381	30.621
-73.939	25.786	-76.301	27.611
-76.301	27.611	-75.694	28.205
-76.301	27.611	-75.820	27.793
-76.301	27.611	-76.044	27.679
-72.496	20.691	-73.939	25.786
-73.939	25.786	-73.718	25.914
-73.939	25.786	-75.462	25.966
-73.939	25.786	-74.292	25.816
-73.939	25.786	-74.414	26.047
-73.939	25.786	-74.778	24.790
-72.496	20.691	-72.496	20.691
-72.496	20.691	-71.718	25.301
-72.496	20.691	-70.917	23.515
-72.496	20.691	-69.071	18.733
-72.496	20.691	-68.952	15.713
-72.496	20.691	-73.644	16.230
-72.496	20.691	-70.779	15.420
-72.496	20.691	-73.526	17.098
-72.496	20.691	-73.700	17.696
-72.496	20.691	-77.165	18.717
-72.496	20.691	-76.006	21.798
-72.496	20.691	-75.471	25.831
-72.496	20.691	-73.786	25.852
-72.496	20.691	-71.082	27.214
-72.496	20.691	-69.693	27.352
-72.496	20.691	-73.668	20.434
-72.496	20.691	-71.948	19.992
-72.496	20.691	-72.593	21.413
-72.496	20.691	-76.228	20.791
-72.496	20.691	-74.373	23.217
-72.496	20.691	-74.734	21.711
-72.496	20.691	-72.743	20.919
-72.496	20.691	-72.449	20.712
-72.496	20.691	-70.990	21.869
POLYLINE BLACK
-43.342	21.383
-43.312	21.353
-43.292	21.263
-43.292	21.173
-43.302	21.133
-43.302	21.083
-43.312	21.043
-43.312	20.993
-43.322	20.953
-43.322	20.923
-43.372	20.813
-43.382	20.773
-43.412	20.703
POLYLINE BLACK
-43.342	22.853
-43.322	22.803
-43.302	22.783
-43.302	22.763
-43.282	22.733
-43.282	22.713
-43.182	22.483
-43.042	22.233
-43.012	22.123
-43.002	22.073
-42.962	21.933
-42.962	21.903
-42.922	21.783
-42.872	21.553
-42.862	21.503
-42.772	21.243
-42.712	21.093
-42.702	21.053
-42.662	20.963
-42.632	20.923
-42.632	20.903
POLYLINE BLACK
-43.682	22.073
-43.672	22.053
-43.642	22.043
-43.522	21.913
-43.462	21.813
-43.452	21.773
-43.432	21.753
-43.422	21.703
-43.392	21.643
-43.382	21.593
-43.372	21.553
-43.362	21.513
-43.332	21.453
-43.312	21.363
POLYLINE BLACK
-43.933	22.276
-43.961	22.255
POLYLINE BLACK
-43.996	22.353
-44.038	22.318
POLYLINE BLACK
-44.087	22.437
-44.115	22.374
POLYLINE BLACK
-44.157	22.479
-44.171	22.444
POLYLINE BLACK
-44.199	22.528
-44.199	22.514
-44.157	22.493
-44.108	22.479
-44.080	22.458
-44.059	22.458
-44.031	22.430
-43.989	22.402
-43.940	22.346
-43.898	22.290
-43.877	22.241
-43.863	22.227
POLYLINE BLACK
-43.996	22.010
-43.996	21.996
-43.989	22.024
-43.975	22.038
-43.975	22.052
-43.940	22.129
-43.940	22.143
-43.919	22.178
-43.856	22.206
-43.842	22.220
-43.814	22.220
-43.772	22.185
-43.751	22.143
-43.751	22.129
-43.730	22.087
POLYLINE BLACK
-44.829	22.500
-44.822	22.486
-44.794	22.472
-44.780	22.479
-44.752	22.472
-44.738	22.472
-44.710	22.479
-44.675	22.479
-44.661	22.486
-44.647	22.479
-44.619	22.493
-44.584	22.493
-44.556	22.486
-44.535	22.486
-44.521	22.493
-44.507	22.486
-44.479	22.493
-44.416	22.493
-44.374	22.479
-44.332	22.493
-44.276	22.493
-44.220	22.521
-44.213	22.507
-44.213	22.521
-44.199	22.521
-44.136	22.549
-44.122	22.542
-44.080	22.563
-44.066	22.563
-44.059	22.577
-44.010	22.598
-43.982	22.626
-43.961	22.633
-43.905	22.682
-43.856	22.710
-43.849	22.724
-43.779	22.787
-43.772	22.808
-43.730	22.864
-43.653	22.948
-43.618	22.948
-43.576	22.976
-43.562	22.976
-43.548	22.983
-43.527	22.983
-43.499	22.997
-43.485	22.997
-43.443	22.976
-43.415	22.955
-43.345	22.822
-43.338	22.787
-43.296	22.696
POLYLINE BLACK
-44.780	21.856
-44.766	21.835
-44.738	21.849
-44.724	21.849
-44.682	21.877
-44.633	21.898
-44.619	21.898
-44.584	21.912
-44.570	21.912
-44.507	21.933
-44.486	21.926
-44.458	21.933
-44.444	21.933
-44.388	21.919
-44.374	21.919
-44.346	21.912
-44.311	21.905
-44.283	21.898
-44.241	21.898
-44.227	21.891
-44.199	21.898
-44.171	21.891
-44.157	21.891
-44.143	21.905
-44.129	21.898
-44.073	21.912
-44.017	21.961
-43.975	21.982
-43.968	21.996
-43.954	22.003
-43.947	22.017
-43.933	22.017
-43.919	22.024
-43.863	22.010
-43.849	22.010
-43.835	22.003
POLYLINE BLACK
-45.792	21.574
-45.785	21.560
-45.799	21.546
-45.820	21.497
POLYLINE BLACK
-45.925	21.637
-45.925	21.616
-45.953	21.588
POLYLINE BLACK
-46.051	21.693
-46.051	21.665
-46.065	21.623
POLYLINE BLACK
-46.177	21.728
-46.177	21.672
POLYLINE BLACK
-46.331	21.763
-46.331	21.749
-46.324	21.735
POLYLINE BLACK
-46.457	21.770
-46.443	21.777
-46.352	21.777
-46.338	21.770
-46.240	21.756
-46.212	21.770
-46.163	21.749
-46.142	21.749
-46.037	21.714
-46.016	21.714
-45.785	21.602
-45.715	21.546
-45.652	21.504
-45.645	21.490
POLYLINE BLACK
-44.896	21.840
-44.910	21.847
-44.959	21.840
POLYLINE BLACK
-44.875	22.008
-44.889	21.987
-44.973	21.980
POLYLINE BLACK
-44.903	22.134
-44.917	22.120
-44.966	22.099
POLYLINE BLACK
-44.952	22.260
-44.952	22.239
-44.987	22.225
-45.015	22.204
-45.022	22.190
POLYLINE BLACK
-45.015	22.344
-45.064	22.288
POLYLINE BLACK
-45.106	22.449
-45.043	22.407
-44.973	22.351
-44.896	22.246
-44.868	22.183
-44.847	22.099
-44.847	22.071
-44.840	22.050
-44.840	22.015
-44.833	22.001
-44.833	21.931
-44.840	21.917
-44.840	21.882
-44.847	21.868
-44.847	21.847
-44.875	21.805
-44.889	21.798
POLYLINE BLACK
-44.686	21.889
-44.777	21.833
-44.805	21.826
-44.854	21.784
-44.917	21.756
-44.959	21.728
-45.036	21.700
-45.064	21.700
-45.127	21.672
-45.232	21.644
-45.260	21.623
-45.316	21.609
-45.379	21.581
-45.547	21.539
-45.582	21.525
-45.659	21.518
-45.876	21.420
-45.925	21.385
-45.960	21.378
-45.974	21.364
-45.988	21.364
-46.030	21.336
-46.149	21.273
-46.233	21.224
-46.254	21.217
-46.282	21.196
-46.310	21.189
-46.373	21.147
-46.429	21.133
-46.478	21.105
-46.506	21.105
-46.597	21.063
-46.611	21.049
-46.625	21.049
-46.639	21.042
POLYLINE BLUE
-46.331	22.239
-46.345	22.225
POLYLINE BLUE
-46.359	22.400
-46.457	22.281
POLYLINE BLUE
-45.512	22.232
-45.589	22.176
-45.736	22.043
-45.841	21.966
-45.974	21.847
POLYLINE BLUE
-45.596	22.400
-46.051	22.008
-46.191	21.882
POLYLINE BLUE
-45.757	22.519
-45.778	22.519
-46.002	22.302
-46.282	22.085
-46.331	22.043
POLYLINE BLUE
-45.904	22.610
-46.373	22.204
POLYLINE BLUE
-46.051	22.666
-46.058	22.652
-46.135	22.596
-46.408	22.344
POLYLINE BLUE
-45.701	22.512
-45.750	22.575
-45.785	22.617
-45.799	22.617
-45.841	22.652
-45.911	22.673
-45.960	22.680
-46.037	22.680
-46.072	22.673
-46.121	22.673
-46.282	22.617
-46.331	22.596
-46.457	22.477
-46.492	22.421
-46.520	22.309
-46.527	22.246
-46.485	22.176
-46.394	22.064
-46.338	22.001
-46.233	21.917
-46.079	21.854
-46.016	21.847
-45.946	21.847
-45.778	21.889
-45.680	21.938
-45.610	21.987
-45.547	22.078
-45.526	22.127
-45.519	22.162
-45.519	22.246
-45.512	22.281
-45.526	22.351
-45.568	22.442
-45.638	22.519
-45.722	22.554
-45.771	22.568
POLYLINE BLACK
-44.798	22.505
-44.805	22.491
-44.882	22.463
-44.896	22.463
-44.924	22.442
-44.959	22.449
-44.987	22.435
-45.001	22.435
-45.015	22.428
-45.050	22.428
-45.099	22.442
-45.232	22.442
-45.246	22.435
-45.302	22.456
-45.351	22.456
-45.400	22.498
-45.470	22.547
-45.477	22.561
-45.491	22.561
-45.533	22.617
-45.568	22.659
-45.596	22.680
-45.610	22.701
-45.694	22.757
-45.771	22.820
-45.827	22.855
-45.876	22.876
-45.904	22.876
-45.953	22.897
-45.967	22.911
-46.009	22.911
-46.023	22.925
-46.044	22.925
-46.072	22.932
-46.100	22.925
-46.128	22.932
-46.191	22.904
-46.205	22.904
-46.219	22.890
-46.254	22.883
-46.289	22.862
POLYLINE BLACK
-48.837	20.419
-48.732	20.454
-48.718	20.468
-48.704	20.468
-48.627	20.503
-48.599	20.524
-48.564	20.531
-48.543	20.545
-48.501	20.552
-48.487	20.566
-48.452	20.580
-48.431	20.601
-48.396	20.608
-48.382	20.573
-48.368	20.496
-48.354	20.440
-48.354	20.426
-48.438	20.419
-48.480	20.412
-48.536	20.412
-48.564	20.405
-48.592	20.412
-48.655	20.412
-48.711	20.426
-48.725	20.412
-48.753	20.419
-48.802	20.405
-48.823	20.405
-48.837	20.398
POLYLINE BLACK
-48.361	20.363
-48.347	20.349
POLYLINE BLACK
-48.298	20.391
POLYLINE BLACK
-48.291	20.461
-48.214	20.447
POLYLINE BLACK
-48.340	20.538
-48.326	20.545
-48.305	20.538
POLYLINE BLACK
-48.403	20.615
-48.382	20.615
-48.354	20.636
POLYLINE BLACK
-48.494	20.622
-48.445	20.657
POLYLINE BLACK
-48.550	20.713
-48.466	20.706
-48.452	20.699
-48.375	20.692
-48.347	20.678
-48.333	20.678
-48.305	20.657
-48.235	20.573
-48.214	20.545
-48.193	20.468
-48.193	20.440
-48.221	20.377
-48.242	20.349
-48.270	20.328
POLYLINE BLUE
-48.613	20.447
-48.599	20.447
-48.557	20.419
-48.487	20.391
-48.473	20.391
POLYLINE BLUE
-47.787	20.741
-47.801	20.741
-47.815	20.727
-47.850	20.720
-47.878	20.699
-47.892	20.706
-47.920	20.699
-47.948	20.720
-47.976	20.713
-48.039	20.713
-48.081	20.678
-48.109	20.587
-48.137	20.566
-48.193	20.566
-48.263	20.594
-48.298	20.594
-48.319	20.601
-48.361	20.601
-48.375	20.587
-48.396	20.503
-48.424	20.482
-48.487	20.468
-48.515	20.475
-48.529	20.468
-48.543	20.475
-48.564	20.475
-48.634	20.447
-48.648	20.433
-48.648	20.447
-48.522	20.552
POLYLINE BLACK
-46.730	21.490
-46.821	21.469
-46.856	21.469
-46.870	21.462
-46.912	21.469
-46.989	21.476
-47.038	21.476
-47.052	21.469
-47.066	21.476
-47.094	21.469
-47.157	21.469
-47.171	21.483
-47.220	21.490
-47.234	21.497
-47.290	21.497
POLYLINE BLACK
-47.220	21.511
-47.248	21.511
-47.283	21.497
-47.297	21.497
-47.311	21.504
-47.388	21.504
-47.493	21.462
-47.535	21.441
-47.570	21.441
-47.626	21.399
-47.654	21.378
-47.689	21.364
-47.696	21.350
-47.759	21.308
-47.773	21.273
-47.815	21.245
-47.885	21.175
-47.955	21.049
-47.983	21.007
-48.011	20.986
-48.018	20.972
-48.074	20.930
-48.081	20.916
-48.179	20.839
-48.193	20.832
POLYLINE BLACK
-47.206	21.518
POLYLINE BLACK
-47.136	21.518
POLYLINE BLACK
-47.073	21.511
POLYLINE BLACK
-46.632	21.007
-46.688	20.958
-46.842	20.888
-46.884	20.853
-46.961	20.811
-46.996	20.783
-47.115	20.720
-47.283	20.671
-47.423	20.615
-47.479	20.601
-47.577	20.552
-47.612	20.531
-47.787	20.510
-47.836	20.489
-47.892	20.482
-48.004	20.433
-48.116	20.398
-48.165	20.377
-48.207	20.349
-48.221	20.349
-48.270	20.328
-48.298	20.328
-48.354	20.300
-48.389	20.293
-48.417	20.272
-48.438	20.272
POLYLINE BLACK
-48.970	20.020
-48.830	20.111
-48.816	20.125
-48.795	20.132
-48.767	20.153
-48.753	20.153
-48.725	20.174
-48.648	20.209
-48.634	20.209
-48.543	20.237
-48.529	20.237
-48.459	20.272
-48.445	20.272
-48.403	20.293
-48.396	20.307
POLYLINE BLACK
-49.173	20.573
-49.138	20.580
-49.068	20.622
-49.040	20.629
-48.977	20.671
POLYLINE BLACK
-49.026	20.594
-49.012	20.594
-48.984	20.608
POLYLINE BLACK
-48.109	20.867
-48.165	20.825
-48.193	20.825
-48.221	20.818
-48.256	20.818
-48.312	20.790
-48.389	20.776
-48.452	20.748
-48.564	20.720
-48.585	20.720
-48.655	20.699
-48.690	20.699
-48.788	20.685
-48.802	20.685
-48.816	20.692
-48.872	20.678
-48.893	20.678
-48.963	20.643
-48.977	20.643
-49.019	20.622
-49.033	20.629
-49.075	20.601
POLYLINE BLACK
-46.268	22.904
-46.317	22.883
-46.331	22.883
-46.387	22.841
-46.429	22.792
-46.443	22.785
-46.471	22.750
-46.485	22.743
-46.492	22.722
-46.534	22.666
-46.541	22.645
-46.611	22.547
-46.632	22.498
-46.632	22.484
-46.646	22.428
-46.646	22.414
-46.653	22.386
-46.653	22.309
-46.632	22.225
-46.597	22.148
-46.583	22.134
-46.583	22.120
-46.548	22.057
-46.548	22.043
-46.527	22.015
-46.499	21.945
-46.478	21.917
-46.471	21.896
-46.450	21.868
-46.450	21.854
-46.436	21.819
-46.429	21.756
-46.422	21.728
-46.443	21.658
-46.527	21.588
-46.590	21.567
POLYLINE BLACK
-49.208	18.970
POLYLINE BLACK
-48.956	20.118
POLYLINE BLACK
-49.306	20.496
-49.257	20.496
-49.243	20.510
-49.229	20.510
-49.201	20.524
-49.159	20.524
-49.096	20.531
-49.068	20.524
-49.054	20.524
-48.991	20.489
-48.970	20.461
-48.914	20.419
-48.872	20.342
-48.858	20.328
-48.851	20.279
-48.844	20.251
-48.851	20.216
-48.872	20.160
-48.886	20.146
-48.900	20.111
-48.963	20.034
-48.991	20.013
POLYLINE BLUE
-49.551	20.202
-49.544	20.216
-49.495	20.258
-49.488	20.272
-49.439	20.300
-49.397	20.300
-49.369	20.279
-49.292	20.237
-49.180	20.132
-49.110	20.027
-49.096	19.978
-49.096	19.950
-49.089	19.922
-49.089	19.859
POLYLINE BLUE
-50.839	21.259
POLYLINE BLUE
-49.271	20.027
-49.306	19.817
POLYLINE BLUE
-49.376	20.244
-49.397	20.048
-49.446	19.824
-49.481	19.712
-49.502	19.579
POLYLINE BLUE
-49.551	20.034
-49.600	19.880
-49.600	19.859
-49.691	19.530
-49.705	19.460
POLYLINE BLUE
-49.775	19.866
-49.845	19.663
-49.894	19.446
-49.908	19.327
POLYLINE BLUE
-49.978	19.712
-50.055	19.558
-50.139	19.362
-50.139	19.348
-50.153	19.299
POLYLINE BLUE
-50.160	19.656
-50.272	19.474
-50.363	19.257
POLYLINE BLUE
-50.363	19.572
-50.412	19.467
-50.447	19.355
-50.461	19.278
POLYLINE BLUE
-50.293	19.194
-50.307	19.201
-50.356	19.201
-50.433	19.229
-50.447	19.229
-50.475	19.243
-50.524	19.257
-50.566	19.292
-50.594	19.348
-50.594	19.425
-50.573	19.481
-50.517	19.544
-50.475	19.572
-50.426	19.579
-50.391	19.586
-50.377	19.600
-50.314	19.628
-50.237	19.649
POLYLINE GREEN
-50.139	20.216
-50.125	20.174
-50.132	20.125
-50.153	20.069
-50.153	20.055
-50.139	20.041
-50.125	20.041
-50.111	20.034
-50.104	20.006
-50.111	19.978
-50.146	19.915
-50.111	19.894
-50.097	19.859
-50.097	19.831
-50.104	19.810
POLYLINE GREEN
-50.209	20.230
-50.139	20.223
-50.055	20.209
POLYLINE GREEN
-50.489	20.174
-50.503	20.146
-50.503	20.132
-50.517	20.118
-50.517	20.090
-50.461	20.020
-50.461	19.992
-50.517	19.936
-50.517	19.908
-50.468	19.852
-50.461	19.838
-50.461	19.817
-50.489	19.747
-50.489	19.733
POLYLINE GREEN
-50.559	20.195
-50.419	20.181
POLYLINE BLACK
-49.271	20.524
-49.348	20.475
-49.390	20.440
-49.467	20.300
-49.481	20.286
-49.495	20.251
-49.509	20.237
-49.516	20.216
-49.530	20.202
-49.537	20.181
-49.565	20.139
-49.579	20.111
-49.579	20.097
-49.593	20.083
-49.600	20.062
-49.677	19.978
-49.698	19.950
-49.747	19.915
-49.761	19.901
-49.803	19.880
-49.838	19.852
-49.880	19.831
-49.894	19.817
-49.915	19.817
-49.943	19.810
-49.957	19.796
-50.104	19.733
-50.132	19.733
-50.363	19.649
-50.426	19.642
-50.440	19.635
-50.475	19.635
-50.531	19.621
-50.545	19.614
-50.580	19.621
-50.615	19.621
-50.629	19.614
-50.664	19.614
-50.692	19.621
-50.741	19.628
-50.769	19.642
-50.790	19.635
POLYLINE BLACK
-50.713	19.117
-50.615	19.117
-50.552	19.131
-50.503	19.131
-50.314	19.180
-50.279	19.180
-50.125	19.222
-50.090	19.229
-50.076	19.222
-50.027	19.243
-49.992	19.250
-49.915	19.285
-49.894	19.285
-49.831	19.306
-49.810	19.306
-49.768	19.327
-49.754	19.327
-49.656	19.376
-49.635	19.383
-49.593	19.425
-49.544	19.446
-49.530	19.467
-49.474	19.495
-49.341	19.600
-49.236	19.677
-49.187	19.733
-49.159	19.754
-49.131	19.817
-49.103	19.838
-49.054	19.922
-49.054	19.936
-49.033	19.964
-48.970	20.111
POLYLINE GREEN
-52.168	20.387
-52.168	20.367
-52.218	20.247
-52.198	20.217
-52.108	20.197
-52.078	20.157
-52.158	20.057
-52.178	20.037
-52.088	19.977
-52.068	19.977
-52.088	19.887
-52.128	19.827
-52.118	19.787
-52.108	19.747
POLYLINE GREEN
-52.298	20.357
-52.118	20.367
-52.078	20.377
POLYLINE GREEN
-50.858	20.427
-50.868	20.387
-50.858	20.297
-50.868	20.257
-50.948	20.197
-50.948	20.157
-50.908	20.117
-50.878	20.117
-50.838	20.097
-50.828	20.057
-50.898	19.977
-50.838	19.937
-50.808	19.937
-50.798	19.917
-50.868	19.837
POLYLINE GREEN
-50.968	20.437
-50.958	20.417
-50.928	20.427
-50.818	20.407
-50.778	20.397
POLYLINE BLACK
-51.468	19.337
-51.448	19.317
-51.428	19.267
POLYLINE BLACK
-51.318	19.417
-51.298	19.337
POLYLINE BLACK
-51.158	19.467
-51.118	19.387
POLYLINE BLACK
-51.008	19.567
-50.988	19.477
-50.968	19.427
POLYLINE BLACK
-51.568	19.287
-51.548	19.247
POLYLINE BLACK
-51.748	19.217
-51.748	19.197
-51.728	19.157
POLYLINE BLACK
-51.918	19.177
-51.908	19.087
POLYLINE BLACK
-52.018	19.297
-52.058	19.207
POLYLINE BLACK
-52.118	19.387
-52.138	19.337
POLYLINE BLACK
-54.568	18.437
-54.588	18.447
-54.638	18.437
-54.708	18.437
POLYLINE BLACK
-54.648	18.637
-54.688	18.597
-54.728	18.567
POLYLINE BLACK
-54.728	18.747
-54.728	18.727
-54.788	18.667
POLYLINE BLACK
-54.838	18.817
-54.838	18.727
-54.848	18.707
POLYLINE BLUE
-54.548	18.677
-54.488	18.667
-54.338	18.607
-54.318	18.587
POLYLINE BLUE
-53.058	18.977
-53.068	18.997
-53.088	18.997
-53.218	19.047
-53.308	19.047
-53.378	18.897
-53.438	18.857
-53.508	18.847
-53.568	18.867
-53.608	18.897
-53.728	18.947
-53.748	18.947
-53.748	18.917
-53.818	18.757
-53.868	18.747
-54.048	18.817
-54.088	18.817
-54.198	18.767
-54.358	18.747
-54.448	18.747
-54.488	18.737
-54.548	18.727
-54.558	18.707
-54.568	18.727
-54.538	18.737
-54.398	18.867
-54.358	18.877
POLYLINE BLACK
-54.888	18.807
-54.848	18.787
-54.698	18.777
-54.608	18.687
-54.608	18.647
-54.588	18.587
-54.588	18.497
-54.578	18.427
-54.588	18.387
-54.588	18.367
POLYLINE BLACK
-53.638	18.267
-53.638	18.267
-53.708	18.367
-53.798	18.417
-53.868	18.417
-53.908	18.407
-53.948	18.417
-54.038	18.417
-54.138	18.427
-54.178	18.437
-54.218	18.437
-54.268	18.427
-54.328	18.437
-54.368	18.427
-54.528	18.427
-54.608	18.397
-54.668	18.307
-54.698	18.187
-54.718	18.137
-54.718	17.997
-54.688	17.877
POLYLINE BLACK
-51.918	19.197
-51.808	19.157
-51.738	19.087
-51.688	18.987
-51.688	18.917
-51.678	18.827
-51.708	18.687
-51.758	18.577
-51.778	18.567
POLYLINE BLACK
-50.908	19.627
-51.008	19.577
-51.048	19.547
-51.078	19.547
-51.138	19.527
-51.198	19.477
-51.238	19.467
-51.258	19.447
-51.318	19.437
-51.338	19.417
-51.378	19.407
-51.438	19.387
-51.458	19.367
-51.498	19.357
-51.518	19.337
-51.558	19.337
-51.598	19.307
-51.668	19.267
-51.688	19.247
-51.728	19.237
-51.838	19.197
-51.918	19.227
-52.008	19.327
-52.068	19.437
-52.078	19.477
-52.088	19.497
POLYLINE BLACK
-51.328	18.777
-51.258	18.837
-51.098	18.907
-51.028	18.947
-50.988	18.957
-50.868	19.017
-50.848	19.017
-50.808	19.057
-50.728	19.067
-50.708	19.087
-50.678	19.087
-50.638	19.097
POLYLINE BLACK
-51.288	20.527
-51.238	20.477
-51.128	20.367
-51.098	20.307
-51.088	20.217
-51.088	20.177
-51.068	20.097
-51.068	20.027
-51.028	19.887
-51.018	19.847
-51.008	19.797
-50.948	19.677
-50.888	19.667
-50.868	19.647
-50.848	19.657
-50.778	19.647
-50.758	19.647
-50.718	19.697
-50.708	19.677
POLYLINE BLACK
-55.118	18.717
-55.078	18.727
-54.998	18.747
-54.978	18.767
-54.958	18.767
-54.848	18.827
-54.818	18.827
-54.698	18.887
-54.668	18.887
-54.518	18.957
-54.468	18.957
-54.428	18.967
-54.388	18.967
-54.348	18.997
-54.048	19.147
-53.958	19.167
-53.828	19.207
-53.728	19.227
-53.668	19.227
-53.518	19.287
-53.458	19.297
-53.368	19.327
-53.318	19.327
-53.258	19.347
-53.218	19.347
-53.178	19.357
-53.138	19.357
-53.098	19.367
-52.988	19.367
-52.968	19.357
-52.928	19.367
-52.838	19.377
-52.818	19.367
-52.778	19.377
-52.708	19.377
-52.638	19.397
-52.618	19.387
-52.618	19.387
-52.588	19.417
-52.528	19.417
-52.458	19.447
-52.418	19.447
-52.358	19.467
-52.308	19.467
-52.268	19.477
-52.188	19.467
-52.148	19.477
-52.078	19.477
-51.968	19.537
-51.948	19.537
-51.858	19.627
-51.828	19.667
-51.828	19.697
-51.818	19.737
-51.798	19.887
-51.788	19.937
-51.788	19.997
-51.768	20.137
-51.768	20.207
-51.758	20.247
-51.758	20.277
-51.688	20.397
-51.598	20.497
-51.568	20.507
-51.538	20.547
-51.498	20.547
-51.408	20.577
-51.348	20.537
-51.308	20.527
-51.208	20.457
POLYLINE BLACK
-51.248	18.807
-51.288	18.777
-51.308	18.787
-51.438	18.717
-51.628	18.627
-51.668	18.617
-51.728	18.597
-51.808	18.577
-51.828	18.557
-51.868	18.567
-51.948	18.567
-51.988	18.557
-52.058	18.557
-52.158	18.517
-52.188	18.517
-52.228	18.527
-52.298	18.517
-52.508	18.477
-52.598	18.477
-52.748	18.427
-52.788	18.427
-53.028	18.347
-53.098	18.347
-53.158	18.327
-53.288	18.297
-53.468	18.247
-53.518	18.227
-53.558	18.227
-53.608	18.197
-53.648	18.187
-53.768	18.147
-53.838	18.147
-53.898	18.117
-53.938	18.107
-53.998	18.077
-54.088	18.057
-54.228	18.017
-54.268	18.007
-54.318	17.997
-54.358	17.987
-54.388	17.967
-54.428	17.967
-54.468	17.957
-54.508	17.947
-54.528	17.957
-54.618	17.937
-54.678	17.937
-54.738	17.917
-54.758	17.917
-54.778	17.897
-54.808	17.897
-54.888	17.857
-54.928	17.857
-54.968	17.847
POLYLINE BLUE
-57.328	17.817
-57.288	17.777
-57.068	17.677
POLYLINE BLUE
-55.988	18.107
-56.008	18.097
-56.028	18.107
-56.068	18.087
-56.148	18.137
-56.218	18.137
-56.298	18.107
-56.398	18.027
-56.428	17.977
-56.468	17.947
-56.688	18.027
-56.738	18.057
-56.778	18.067
-56.818	18.077
-56.878	17.957
-56.948	17.877
-56.988	17.867
-57.028	17.857
-57.108	17.917
-57.118	17.887
-57.148	17.887
-57.238	17.837
-57.318	17.817
-57.348	17.777
-57.358	17.797
-57.228	18.007
-57.208	18.017
POLYLINE BLACK
-55.428	18.347
-55.448	18.347
-55.488	18.377
-55.398	18.467
-55.378	18.477
-55.328	18.427
-55.348	18.347
-55.398	18.337
-55.438	18.347
-55.478	18.347
POLYLINE BLACK
-56.358	17.767
-56.358	17.767
-56.358	17.847
-56.328	17.887
-56.248	17.897
-56.188	17.857
-56.178	17.817
-56.188	17.767
-56.248	17.727
-56.268	17.737
-56.298	17.727
-56.338	17.747
-56.358	17.807
POLYLINE BLACK
-57.518	17.767
-57.558	17.777
-57.588	17.817
-57.538	17.897
-57.478	17.927
-57.418	17.917
-57.398	17.897
-57.408	17.837
-57.468	17.757
-57.548	17.737
-57.598	17.727
-57.618	17.727
POLYLINE BLACK
-58.638	17.177
-58.658	17.177
-58.728	17.257
-58.718	17.307
-58.658	17.357
-58.618	17.367
-58.558	17.327
-58.558	17.287
-58.578	17.237
-58.628	17.187
-58.678	17.177
POLYLINE BLACK
-59.738	17.407
-59.758	17.517
-59.718	17.577
-59.658	17.597
-59.618	17.587
-59.568	17.527
-59.608	17.437
-59.648	17.427
-59.728	17.447
POLYLINE BLACK
-60.758	17.207
-60.718	17.197
-60.648	17.167
-60.638	17.087
-60.648	17.057
-60.688	17.057
-60.728	17.037
-60.748	17.057
-60.728	17.167
-60.738	17.187
POLYLINE BLACK
-55.628	17.687
-55.568	17.687
-55.308	17.807
-55.188	17.807
-55.028	17.867
-54.908	17.887
POLYLINE BLACK
-55.448	17.787
-55.528	17.747
-55.568	17.687
-55.648	17.687
-55.768	17.647
-55.848	17.667
-55.968	17.607
-56.048	17.607
-56.348	17.507
-56.448	17.507
-56.628	17.427
-56.708	17.427
-56.988	17.347
-57.188	17.307
-57.268	17.287
-57.608	17.187
-57.648	17.167
-57.748	17.187
-57.828	17.127
-57.908	17.147
-58.148	17.027
-58.268	16.947
-58.348	16.927
-58.388	16.947
-58.448	16.927
-58.688	16.967
-59.048	16.967
-59.208	16.907
-59.308	16.927
-59.408	16.907
-59.448	16.927
-59.628	16.887
-59.748	16.907
-59.808	16.887
-59.928	16.947
-60.008	16.947
-60.088	16.927
-60.208	16.927
-60.328	16.887
-60.368	16.847
-60.528	16.847
-60.608	16.827
-60.688	16.807
-60.728	16.767
-60.768	16.787
-60.928	16.727
-61.028	16.667
-61.108	16.627
-61.168	16.627
-61.248	16.607
-61.328	16.547
-61.628	16.487
-61.788	16.487
-61.828	16.507
-61.968	16.467
-62.168	16.427
-62.328	16.407
-62.448	16.387
POLYLINE BLACK
-62.408	17.667
-62.108	17.727
-62.008	17.727
-61.928	17.767
POLYLINE BLACK
-62.128	17.727
-62.088	17.707
-62.048	17.727
-61.988	17.707
-61.448	17.807
-61.228	17.827
-61.148	17.827
-61.088	17.867
-61.008	17.867
-60.928	17.887
-60.708	17.847
-60.588	17.847
-60.548	17.867
-60.428	17.807
-60.348	17.787
-60.308	17.807
-60.228	17.787
-60.128	17.787
-60.028	17.807
-59.908	17.807
-59.708	17.847
-59.628	17.847
-59.448	17.887
-59.348	17.887
-59.008	17.947
-58.648	18.007
-58.488	18.027
-58.348	18.027
-58.168	18.087
-58.008	18.087
-57.908	18.127
-57.868	18.107
-57.568	18.207
-57.468	18.207
-57.428	18.247
-57.308	18.247
-56.468	18.527
-56.388	18.527
-56.348	18.567
-56.268	18.567
-56.128	18.587
-55.748	18.587
-55.668	18.607
-55.628	18.647
-55.528	18.627
-55.448	18.647
-55.408	18.647
-55.368	18.687
-55.288	18.687
-55.208	18.707
POLYLINE BLUE
-65.078	16.307
-65.033	16.292
-64.973	16.232
-64.793	16.142
-64.718	16.127
POLYLINE BLUE
-63.473	16.667
-63.533	16.637
-63.563	16.637
-63.623	16.622
-63.638	16.652
-63.743	16.682
-63.773	16.697
-63.893	16.622
-63.983	16.487
-64.043	16.502
-64.313	16.667
-64.433	16.562
-64.523	16.367
-64.583	16.322
-64.838	16.322
-64.898	16.292
-65.033	16.292
-65.093	16.277
-65.123	16.277
-65.153	16.262
-64.808	16.427
-64.748	16.472
POLYLINE BLACK
-62.783	16.472
-62.813	16.457
-62.873	16.487
-62.918	16.562
-62.858	16.652
-62.828	16.682
-62.798	16.652
-62.753	16.667
-62.708	16.562
-62.753	16.502
-62.783	16.487
-62.813	16.502
POLYLINE BLACK
-63.353	16.772
-63.398	16.832
-63.398	16.862
-63.413	16.892
-63.398	16.937
-63.308	16.997
-63.248	16.952
-63.218	16.952
-63.203	16.892
-63.203	16.862
-63.233	16.817
-63.293	16.802
-63.338	16.802
-63.368	16.787
POLYLINE BLACK
-64.193	16.067
-64.223	16.067
-64.253	16.097
-64.253	16.157
-64.208	16.217
-64.118	16.217
-64.058	16.157
-64.118	16.067
-64.208	16.067
POLYLINE BLACK
-65.123	16.622
-65.093	16.622
-65.063	16.592
-65.063	16.562
-65.048	16.502
-65.093	16.442
-65.123	16.427
-65.153	16.442
-65.183	16.427
-65.243	16.472
-65.243	16.502
-65.258	16.532
-65.168	16.607
-65.108	16.607
POLYLINE BLACK
-62.318	16.487
-62.303	16.457
-62.363	16.412
-62.498	16.382
-62.558	16.337
-62.618	16.337
-62.918	16.232
-62.948	16.232
-63.038	16.187
-63.098	16.187
-63.248	16.127
-63.278	16.112
-63.323	16.112
-63.383	16.067
-63.413	16.067
-63.548	16.007
-63.578	16.007
-63.653	15.962
-63.683	15.962
-63.743	15.947
-63.833	15.947
-63.893	15.902
-63.923	15.902
-63.983	15.887
-64.013	15.887
-64.103	15.842
-64.133	15.857
-64.238	15.812
-64.268	15.782
-64.298	15.782
POLYLINE BLACK
-66.293	16.967
-66.128	17.012
-65.963	17.012
-65.903	16.997
-65.783	16.997
-65.723	16.967
-65.663	16.967
POLYLINE BLACK
-66.068	16.937
-66.158	16.937
-66.188	16.952
-66.248	16.937
-66.323	16.952
POLYLINE BLACK
-65.843	16.982
-65.828	16.937
-65.858	16.937
-65.918	16.952
-65.963	16.952
POLYLINE BLACK
-62.483	17.612
-62.543	17.597
-62.573	17.567
-62.648	17.537
-62.678	17.507
-62.843	17.432
-62.873	17.402
-62.903	17.402
-63.068	17.357
-63.128	17.297
-63.158	17.312
-63.188	17.282
-63.368	17.252
-63.473	17.252
-63.563	17.237
-63.758	17.237
-63.863	17.207
-64.058	17.207
-64.103	17.192
-64.133	17.207
-64.298	17.177
-64.358	17.177
-64.463	17.147
-64.523	17.102
-64.553	17.102
-64.718	17.042
-64.748	17.042
-64.853	16.997
-64.958	16.982
-65.048	16.952
-65.078	16.967
-65.258	16.937
-65.318	16.937
-65.393	16.922
-65.468	16.922
-65.498	16.907
-65.558	16.922
-65.693	16.922
POLYLINE BLACK
-66.413	15.542
-66.398	15.512
-66.353	15.497
-66.278	15.407
-66.188	15.332
-66.068	15.017
-66.068	14.972
-66.038	14.852
-66.038	14.807
-66.008	14.747
-66.008	14.717
-65.948	14.627
-65.858	14.567
-65.768	14.567
-65.708	14.612
-65.633	14.627
-65.603	14.657
-65.603	14.687
-65.573	14.777
-65.603	14.867
-65.573	14.972
-65.573	15.002
-65.528	15.167
-65.438	15.347
-65.348	15.422
-65.303	15.482
-65.183	15.542
-65.153	15.542
-65.063	15.587
-65.033	15.587
-64.973	15.617
-64.943	15.617
-64.823	15.692
-64.763	15.692
-64.658	15.722
-64.613	15.722
-64.523	15.767
-64.433	15.767
-64.373	15.812
-64.298	15.797
POLYLINE BLACK
-67.523	15.212
-67.538	15.152
-67.628	15.152
-67.658	15.137
-67.718	15.167
-67.748	15.167
-67.778	15.197
-67.883	15.227
-68.033	15.347
-68.093	15.362
-68.213	15.437
-68.303	15.482
-68.378	15.497
-68.408	15.527
-68.438	15.527
-68.498	15.557
-68.528	15.557
-68.558	15.587
-68.633	15.587
-68.663	15.617
-68.693	15.617
-68.723	15.632
-68.753	15.617
-68.783	15.647
-68.813	15.647
-68.843	15.677
-68.873	15.677
-68.933	15.707
-68.993	15.707
-69.053	15.722
-69.113	15.722
-69.143	15.737
-69.203	15.722
-69.233	15.722
-69.293	15.692
-69.323	15.692
-69.383	15.662
-69.413	15.662
POLYLINE BLACK
-66.053	14.117
-66.068	14.147
-66.128	14.192
-66.203	14.312
-66.278	14.402
-66.338	14.492
-66.488	14.597
-66.638	14.717
-66.668	14.732
-66.683	14.762
-66.803	14.837
-66.878	14.852
-66.923	14.912
-67.028	14.912
-67.133	14.987
-67.163	14.987
-67.313	15.032
-67.448	15.077
-67.493	15.107
-67.553	15.107
-67.718	15.182
POLYLINE BLACK
-64.178	15.812
-64.238	15.827
-64.268	15.812
-64.298	15.827
-64.388	15.782
-64.448	15.782
-64.493	15.647
-64.493	15.542
-64.463	15.422
-64.433	15.407
-64.343	15.257
-64.283	15.212
POLYLINE BLACK
-71.723	18.522
-71.683	18.522
-71.423	18.402
-71.103	18.302
-70.843	18.142
-70.463	17.942
-70.103	17.682
-69.623	17.422
-69.343	17.102
-69.263	17.042
-69.123	16.982
-68.923	16.822
-68.663	16.682
-68.403	16.502
-68.363	16.502
-68.283	16.442
-68.283	16.402
-68.243	16.402
-67.803	16.102
-67.703	16.062
-67.663	16.022
-67.443	15.962
-67.363	15.902
-67.223	15.842
-67.183	15.802
-67.103	15.782
-67.003	15.742
-66.963	15.702
-66.923	15.722
-66.763	15.622
-66.683	15.622
-66.503	15.562
-66.423	15.502
-66.343	15.482
POLYLINE BLACK
-70.643	17.022
-70.623	16.982
-70.643	16.162
-70.703	15.962
-70.583	15.922
-70.463	15.922
-70.303	15.902
-70.283	15.942
-70.303	16.042
-70.343	16.082
-70.343	16.122
-70.403	16.242
-70.423	16.322
-70.563	16.842
-70.603	16.882
-70.603	16.942
-70.643	16.982
-70.703	17.242
POLYLINE BLACK
-70.723	21.802
-70.723	21.762
-70.843	21.722
-70.903	21.642
POLYLINE BLACK
-70.743	21.782
-70.723	21.822
-70.563	21.702
-70.503	21.482
-70.503	21.402
-70.523	21.362
-70.603	21.382
-70.683	21.402
-70.763	21.582
-70.803	21.622
-70.823	21.702
POLYLINE BLACK
-70.223	20.562
-70.083	20.502
-70.063	20.462
-70.063	20.382
-70.103	20.302
-70.143	20.302
-70.223	20.262
-70.323	20.362
-70.323	20.402
POLYLINE BLACK
-70.283	20.442
-70.283	20.482
POLYLINE BLACK
-69.683	18.562
-69.683	18.622
-69.663	18.662
-69.543	18.722
-69.463	18.722
-69.403	18.662
-69.403	18.562
-69.483	18.442
-69.523	18.442
-69.683	18.622
POLYLINE BLACK
-70.363	18.322
-70.363	18.362
-70.223	18.522
-70.183	18.522
-70.063	18.422
-69.963	18.242
-69.963	18.202
-70.043	18.162
-70.223	18.162
-70.283	18.302
POLYLINE BLACK
-66.363	15.822
-66.403	15.842
-66.443	15.822
-66.523	15.882
-66.723	15.882
-66.783	15.942
-66.783	16.102
-66.823	16.322
-66.783	16.302
-66.263	16.302
-66.163	16.322
-66.123	16.322
-66.123	16.242
-66.183	16.002
-66.223	15.882
-66.263	15.862
-66.323	15.882
-66.563	15.882
-66.643	15.862
POLYLINE BLACK
-67.023	16.002
-66.983	16.042
-66.883	16.042
-66.823	15.982
-66.843	15.902
-66.883	15.822
-66.963	15.802
-67.063	15.902
-67.083	15.942
POLYLINE BLACK
-67.423	16.742
-67.343	16.802
-67.223	16.802
-67.183	16.662
-67.183	16.622
-67.223	16.582
-67.323	16.582
-67.403	16.562
-67.443	16.562
-67.483	16.602
-67.443	16.682
POLYLINE BLACK
-68.323	17.242
-68.203	17.322
-68.163	17.322
-68.043	17.222
-68.043	17.142
-68.143	17.042
-68.263	17.042
-68.363	17.142
-68.383	17.222
POLYLINE BLACK
-66.223	16.962
-66.263	16.962
-66.363	17.002
-66.663	17.062
-66.743	17.082
-66.823	17.102
-67.243	17.322
-67.603	17.602
-67.803	17.762
-67.843	17.762
-68.123	18.082
-68.223	18.142
-68.263	18.142
-68.463	18.342
-68.503	18.342
-68.623	18.442
-68.763	18.502
-69.003	18.702
-69.243	18.902
-69.283	18.922
POLYLINE GREEN
-80.868	20.843
-80.883	20.873
-80.883	21.098
-80.733	21.173
POLYLINE GREEN
-80.583	20.558
-80.658	20.723
-80.658	20.798
-80.628	20.843
-80.583	20.858
-80.553	20.888
POLYLINE GREEN
-80.463	21.023
-80.388	21.113
-80.328	21.143
-80.298	21.143
-80.238	21.158
-80.178	21.158
-80.148	21.128
POLYLINE GREEN
-79.863	22.313
-79.758	22.388
-79.728	22.418
-79.638	22.433
-79.548	22.313
POLYLINE GREEN
-80.313	22.343
-80.193	22.433
-80.058	22.433
-79.998	22.388
-79.968	22.328
POLYLINE GREEN
-80.193	22.013
-80.133	22.058
-80.103	22.058
-80.073	22.103
-79.938	22.058
-79.848	21.953
POLYLINE GREEN
-80.478	21.653
-80.388	21.773
-80.328	21.803
-80.268	21.773
-80.238	21.773
-80.148	21.713
-80.088	21.623
POLYLINE GREEN
-80.403	21.368
-80.298	21.398
-80.268	21.428
-80.133	21.458
-80.073	21.443
POLYLINE GREEN
-80.358	21.113
-80.328	21.053
-80.253	21.023
POLYLINE BLACK
-79.908	21.173
-79.878	21.173
-79.758	21.143
-79.728	21.143
-79.698	21.128
-79.593	21.113
POLYLINE BLACK
-76.503	20.528
-76.473	20.528
-76.383	20.498
-76.263	20.498
-76.203	20.483
-76.128	20.483
-76.008	20.498
-75.858	20.498
-75.828	20.513
-75.798	20.498
-75.738	20.513
-75.633	20.513
-75.603	20.528
-75.573	20.513
POLYLINE BLUE
-78.783	21.503
-78.723	21.398
-78.573	21.263
POLYLINE BLUE
-76.908	21.143
-76.998	21.203
-77.073	21.218
-77.133	21.263
-77.163	21.263
-77.223	21.308
-77.253	21.308
-77.313	21.323
-77.343	21.308
-77.373	21.263
-77.523	21.143
-77.613	21.203
-77.763	21.398
-77.868	21.443
-77.928	21.428
-77.988	21.443
-78.018	21.443
-78.183	21.308
-78.198	21.278
-78.228	21.263
-78.378	21.428
-78.393	21.473
-78.453	21.503
-78.483	21.503
-78.543	21.488
-78.708	21.488
-78.768	21.503
-78.738	21.503
-78.708	21.533
-78.633	21.563
-78.558	21.563
-78.438	21.608
-78.408	21.608
-78.378	21.623
-78.303	21.623
POLYLINE BLACK
-79.758	21.158
-79.818	21.143
POLYLINE BLACK
-76.323	20.543
-76.353	20.558
-76.458	20.483
-76.488	20.483
-76.728	20.423
-76.788	20.438
-76.848	20.423
-77.073	20.408
-77.103	20.423
-77.133	20.408
-77.193	20.453
-77.223	20.453
-77.283	20.483
-77.313	20.483
-77.343	20.513
-77.463	20.513
-77.598	20.558
-77.658	20.558
-77.718	20.603
-77.748	20.603
-77.853	20.663
-77.928	20.663
-77.988	20.708
-78.078	20.708
-78.168	20.768
-78.228	20.753
-78.288	20.753
-78.348	20.768
-78.378	20.768
-78.588	20.903
-78.663	20.903
-78.738	20.918
-78.783	20.918
-78.888	20.948
-78.918	20.933
-79.008	20.978
-79.098	20.978
-79.158	21.008
-79.218	21.008
-79.428	21.083
-79.548	21.113
-79.578	21.113
-79.638	21.143
POLYLINE BLACK
-79.323	22.403
-79.188	22.328
POLYLINE BLACK
-79.413	22.238
-79.383	22.238
-79.323	22.178
POLYLINE BLACK
-79.563	21.893
-79.458	21.893
-79.383	21.863
-79.353	21.833
POLYLINE BLACK
-79.713	21.533
-79.653	21.503
-79.623	21.503
-79.548	21.458
POLYLINE BLACK
-79.863	21.293
-79.833	21.293
-79.698	21.248
-79.623	21.203
POLYLINE BLACK
-79.773	20.948
-79.743	20.948
-79.683	21.023
POLYLINE BLACK
-79.638	20.663
-79.593	20.678
-79.518	20.738
-79.473	20.753
-79.443	20.783
POLYLINE BLACK
-79.488	20.378
-79.308	20.438
POLYLINE BLACK
-79.458	20.153
-79.398	20.168
POLYLINE BLACK
-79.563	19.703
-79.488	19.688
-79.353	19.718
-79.323	19.718
POLYLINE BLACK
-79.383	19.358
-79.113	19.538
-79.083	19.568
POLYLINE BLACK
-78.873	19.373
-78.933	19.283
-78.933	19.253
POLYLINE BLACK
-78.408	19.493
-78.423	19.463
-78.423	19.403
-78.438	19.343
-78.438	19.298
POLYLINE BLACK
-77.883	19.643
-77.913	19.508
-77.913	19.373
POLYLINE BLACK
-77.433	19.718
-77.418	19.658
-77.418	19.613
-77.403	19.553
POLYLINE BLACK
-77.028	19.928
-76.998	19.718
POLYLINE BLACK
-76.608	20.123
-76.623	20.093
-76.623	20.003
-76.608	19.913
POLYLINE BLACK
-76.083	20.048
-76.233	20.003
-76.263	19.973
-76.353	19.973
-76.578	19.883
-76.608	19.883
-76.668	19.868
-76.698	19.838
-76.728	19.838
-76.758	19.808
-76.788	19.808
-76.848	19.763
-76.863	19.733
-76.968	19.688
-76.983	19.658
-77.028	19.628
-77.223	19.583
-77.253	19.553
-77.283	19.553
-77.493	19.478
-77.553	19.463
-77.568	19.433
-77.613	19.433
-77.643	19.418
-77.643	19.388
-77.658	19.418
-77.688	19.418
-77.838	19.373
-77.898	19.388
-77.958	19.373
-77.988	19.373
-78.078	19.328
-78.168	19.328
-78.288	19.253
-78.348	19.223
-78.378	19.223
-78.408	19.208
-78.438	19.223
-78.558	19.193
-78.618	19.208
-78.648	19.208
-78.708	19.193
-78.798	19.193
-78.828	19.178
-78.888	19.193
-78.948	19.178
-79.053	19.178
POLYLINE BLACK
-79.458	19.898
-79.443	19.658
-79.413	19.598
-79.398	19.523
-79.308	19.373
-79.203	19.253
-79.173	19.268
-79.128	19.208
-79.098	19.193
-79.008	18.998
-79.008	18.908
-79.053	18.803
-79.053	18.773
POLYLINE GREEN
-79.923	20.138
-79.953	20.153
-79.983	20.123
-80.013	20.123
POLYLINE GREEN
-80.058	20.078
-80.058	20.123
-80.073	20.183
-80.028	20.288
-79.938	20.393
-79.908	20.408
-79.818	20.288
-79.818	20.198
-79.878	20.108
-79.938	20.078
POLYLINE GREEN
-80.058	19.913
-80.073	19.943
-80.103	19.958
-80.163	20.048
-80.193	20.123
-80.193	20.183
-80.103	20.408
-80.103	20.438
-80.028	20.543
-79.953	20.573
-79.788	20.528
-79.713	20.438
-79.698	20.378
-79.698	20.258
-79.728	20.153
-79.803	20.048
-79.908	19.958
-79.968	19.958
-79.998	19.943
-80.103	19.973
POLYLINE GREEN
-80.493	20.633
-80.358	19.943
-80.358	20.048
-80.313	20.363
-80.238	20.558
-80.103	20.753
-80.028	20.813
-79.923	20.843
-79.773	20.843
-79.743	20.828
-79.653	20.663
-79.578	20.423
-79.578	20.318
-79.563	20.168
-79.623	20.018
-79.668	19.958
-79.893	19.793
-79.953	19.778
-79.983	19.778
-80.013	19.793
-80.058	19.793
-80.163	19.853
-80.238	19.943
-80.283	20.078
POLYLINE GREEN
-80.103	19.568
-80.133	19.568
-80.313	19.703
-80.373	19.808
-80.403	19.868
-80.403	19.898
-80.433	19.958
-80.463	20.153
-80.478	20.213
-80.478	20.288
-80.463	20.348
-80.463	20.378
-80.268	20.663
-80.163	20.828
-80.088	20.918
-79.968	20.978
-79.938	20.963
-79.893	20.963
-79.773	20.918
-79.758	20.888
-79.638	20.813
-79.578	20.678
-79.548	20.648
-79.488	20.513
-79.428	20.198
-79.413	20.018
-79.413	19.988
-79.458	19.883
-79.458	19.853
-79.473	19.823
-79.518	19.793
-79.533	19.763
-79.638	19.688
-79.668	19.643
-79.728	19.613
-79.758	19.613
-79.818	19.598
-79.908	19.598
-79.968	19.568
-80.028	19.598
-80.103	19.613
-80.133	19.628
POLYLINE BLACK
-80.163	19.583
POLYLINE BLACK
-79.398	22.478
-79.383	22.418
-79.398	22.313
-79.473	22.103
-79.653	21.713
-79.653	21.683
-79.698	21.593
-79.698	21.563
-79.803	21.338
-79.803	21.308
-79.833	21.218
-79.863	21.173
-79.863	21.143
-79.893	21.053
-79.953	21.008
-79.968	20.978
-79.968	20.978
-79.968	20.978
-79.968	21.008
POLYLINE BLACK
-80.403	22.793
-80.343	22.778
-80.223	22.778
-80.103	22.748
-80.013	22.688
-79.803	22.643
-79.533	22.568
-79.443	22.508
-79.218	22.463
-79.068	22.418
-78.858	22.388
-78.783	22.358
-78.723	22.358
-78.573	22.313
-78.528	22.313
-78.393	22.238
-78.228	22.193
-78.108	22.133
-78.078	22.133
-77.958	22.088
-77.808	22.073
-77.748	22.043
-77.583	21.998
-77.523	21.968
-77.403	21.953
-77.238	21.908
-77.013	21.863
-76.788	21.818
-76.698	21.788
-76.668	21.758
-76.638	21.773
-76.608	21.743
-76.488	21.743
-76.353	21.713
-76.143	21.773
-76.113	21.788
-76.023	22.013
POLYLINE GRAY
-82.613	23.568
-82.533	23.348
-82.473	23.228
-82.463	23.178
-82.443	23.158
-82.423	23.108
-82.303	22.998
-82.093	22.868
POLYLINE GRAY
-83.123	22.238
-83.033	22.168
-82.863	22.058
-82.613	21.938
-82.573	21.908
-82.413	21.868
-82.283	21.838
POLYLINE BLACK
-81.973	23.088
-81.903	23.018
-81.863	22.958
POLYLINE BLACK
-82.203	22.988
-82.073	22.898
-82.053	22.868
POLYLINE BLACK
-82.373	22.688
-82.223	22.678
POLYLINE BLACK
-82.273	22.418
-82.203	22.448
-82.163	22.478
POLYLINE BLACK
-82.063	22.248
-82.063	22.268
-81.993	22.328
-81.973	22.328
POLYLINE BLACK
-81.903	22.098
-81.883	22.098
-81.803	22.168
POLYLINE BLACK
-81.693	21.858
-81.623	21.938
-81.583	22.008
POLYLINE BLACK
-81.443	21.768
-81.443	21.788
-81.393	21.868
POLYLINE BLACK
-81.283	21.648
-81.283	21.628
-81.183	21.808
POLYLINE BLACK
-81.873	22.948
-81.913	22.988
POLYLINE BLACK
-81.663	22.988
-81.683	23.008
-81.703	23.058
-81.733	23.098
POLYLINE BLACK
-81.433	22.968
-81.443	23.018
-81.463	23.088
POLYLINE BLACK
-81.263	22.938
-81.203	23.058
POLYLINE BLACK
-81.033	22.878
-81.033	22.958
-81.023	22.988
POLYLINE BLACK
-80.833	22.808
-80.833	22.828
POLYLINE BLACK
-80.673	22.778
-80.643	22.808
POLYLINE BLACK
-80.523	22.718
-80.483	22.698
-80.453	22.698
POLYLINE BLACK
-80.573	22.568
-80.533	22.538
-80.493	22.538
POLYLINE BLACK
-80.733	22.368
-80.643	22.328
POLYLINE BLACK
-80.783	22.208
-80.713	22.178
POLYLINE BLACK
-80.933	21.958
-80.843	21.898
-80.793	21.888
POLYLINE BLACK
-81.023	21.788
-81.003	21.768
-80.983	21.768
-80.893	21.688
POLYLINE BLACK
-80.823	21.848
-80.793	21.898
-80.733	22.048
-80.683	22.128
-80.673	22.168
-80.653	22.188
-80.603	22.288
-80.553	22.348
-80.493	22.438
-80.393	22.578
-80.323	22.718
-80.283	22.778
POLYLINE BLACK
-81.873	21.998
-81.813	21.938
-81.643	21.828
-81.623	21.828
-81.523	21.768
-81.473	21.748
-81.453	21.728
-81.433	21.738
-81.293	21.648
-81.233	21.598
-81.153	21.548
-81.073	21.538
-81.013	21.578
-80.963	21.638
-80.913	21.668
-80.773	21.848
-80.763	21.868
POLYLINE BLACK
-82.333	22.818
-82.123	23.048
-82.063	23.068
-81.883	23.098
-81.803	23.108
-81.763	23.118
-81.723	23.108
-81.653	23.118
-81.563	23.118
-81.523	23.108
-81.443	23.118
-81.373	23.098
-81.343	23.098
-81.253	23.058
-81.213	23.058
-81.163	23.038
-81.093	22.988
-80.943	22.958
-80.783	22.888
-80.753	22.888
-80.713	22.868
-80.633	22.858
-80.463	22.808
-80.363	22.788
-80.323	22.778
-80.233	22.768
-80.143	22.748
-80.043	22.728
POLYLINE BLACK
-82.343	22.828
POLYLINE BLACK
-82.043	22.168
-81.983	22.128
-81.873	21.998
-81.743	21.818
-81.693	21.718
-81.613	21.588
-81.593	21.538
-81.573	21.518
-81.523	21.308
-81.523	21.278
-81.513	21.228
-81.503	21.138
-81.493	21.118
-81.493	21.078
-81.483	21.038
-81.483	20.938
-81.493	20.898
-81.493	20.798
-81.503	20.758
-81.503	20.698
-81.513	20.628
-81.513	20.588
-81.523	20.558
-81.523	20.468
-81.533	20.428
-81.533	20.208
-81.543	20.168
-81.543	20.048
-81.553	20.028
POLYLINE BLACK
-82.393	22.718
-82.383	22.608
-82.353	22.508
-82.333	22.488
-82.333	22.468
-82.303	22.418
-82.213	22.328
-82.163	22.298
-82.053	22.188
-81.993	22.128
POLYLINE BLACK
-82.383	22.758
POLYLINE BLACK
-82.353	22.898
POLYLINE BLACK
-82.343	22.448
-82.363	22.538
-82.333	22.428
POLYLINE BLUE
-93.523	20.998
-93.553	20.948
-93.603	20.748
-93.623	20.628
-93.643	20.578
-93.643	20.528
-93.673	20.448
-93.673	20.418
-93.723	20.248
-93.763	20.118
POLYLINE BLUE
-93.673	21.208
-93.803	20.838
-93.813	20.768
-93.873	20.598
-93.883	20.538
-93.953	20.348
-93.953	20.318
-93.973	20.238
-93.983	20.188
-94.003	20.128
-94.003	20.098
-94.023	20.058
POLYLINE BLUE
-93.853	21.388
-93.903	21.308
-93.973	21.078
-94.003	20.928
-94.033	20.848
-94.033	20.818
-94.073	20.698
-94.113	20.588
-94.173	20.368
-94.233	20.158
-94.253	20.118
POLYLINE BLUE
-94.073	21.548
-94.083	21.508
-94.193	21.228
-94.213	21.148
-94.233	21.118
-94.233	21.078
-94.393	20.598
-94.403	20.548
-94.413	20.528
-94.413	20.488
-94.493	20.218
-94.503	20.198
POLYLINE BLUE
-94.303	21.668
-94.313	21.618
-94.393	21.408
-94.473	21.098
-94.503	20.998
-94.553	20.788
-94.593	20.668
-94.653	20.418
-94.663	20.378
-94.673	20.328
-94.683	20.308
POLYLINE BLUE
-94.533	21.698
-94.533	21.678
-94.553	21.628
-94.593	21.468
-94.653	21.288
-94.723	21.008
-94.763	20.918
-94.773	20.838
-94.843	20.618
-94.843	20.548
-94.863	20.488
-94.863	20.458
POLYLINE BLUE
-94.743	21.658
-94.853	21.348
-94.883	21.218
-94.903	21.128
-94.963	20.888
-94.963	20.848
-94.983	20.738
POLYLINE BLACK
-93.553	21.028
-93.533	21.018
-93.503	20.928
-93.453	20.828
-93.433	20.718
-93.433	20.608
-93.453	20.518
-93.473	20.338
-93.493	20.298
-93.493	20.268
-93.593	20.168
-93.683	20.138
-93.803	20.088
-93.893	20.088
-93.933	20.068
-93.983	20.068
-94.043	20.058
-94.103	20.058
-94.173	20.048
-94.253	20.048
-94.303	20.058
-94.343	20.058
-94.403	20.078
-94.443	20.078
-94.553	20.128
-94.573	20.128
-94.593	20.148
-94.653	20.158
-94.673	20.178
-94.693	20.178
-94.713	20.198
-94.733	20.198
-94.733	20.218
-94.893	20.358
-94.953	20.428
-94.983	20.518
POLYLINE BLACK
-90.923	21.118
-90.963	21.128
-91.023	21.148
-91.063	21.188
-91.103	21.198
-91.283	21.268
-91.383	21.288
-91.453	21.308
-91.473	21.298
-91.513	21.328
-91.593	21.328
-91.643	21.338
-91.703	21.348
-91.743	21.338
-91.813	21.338
-91.833	21.328
-91.873	21.338
-91.913	21.328
-91.983	21.348
-92.023	21.348
-92.043	21.358
-92.093	21.348
-92.173	21.348
-92.193	21.358
-92.233	21.348
-92.313	21.328
-92.413	21.308
-92.523	21.258
-92.623	21.238
-92.663	21.228
-92.713	21.228
-92.943	21.148
-92.983	21.148
-93.233	21.028
-93.293	21.028
-93.313	21.018
-93.433	21.058
-93.493	21.068
-93.513	21.088
-93.533	21.088
POLYLINE BLACK
-93.763	19.898
-93.743	19.898
-93.723	19.918
-93.703	19.918
-93.593	19.998
-93.493	20.088
-93.473	20.088
-93.423	20.118
-93.243	20.218
-93.173	20.258
-93.153	20.258
-93.113	20.288
-93.013	20.318
-92.993	20.338
-92.943	20.348
-92.883	20.378
-92.853	20.378
-92.723	20.438
-92.693	20.438
-92.653	20.448
-92.593	20.448
-92.443	20.488
-92.363	20.488
-92.313	20.478
-92.273	20.498
-92.253	20.478
-92.193	20.478
-92.143	20.468
-92.093	20.478
-92.043	20.488
-91.983	20.468
-91.933	20.478
-91.873	20.458
-91.783	20.438
-91.723	20.418
-91.683	20.388
POLYLINE BLACK
-93.793	19.868
-93.863	19.798
-94.003	19.718
-94.023	19.718
-94.073	19.688
-94.113	19.678
-94.133	19.648
-94.173	19.638
-94.233	19.608
-94.253	19.608
-94.273	19.588
-94.353	19.588
-94.393	19.578
-94.413	19.578
-94.433	19.598
-94.453	19.598
-94.533	19.658
-94.553	19.658
-94.633	19.748
-94.723	19.858
-94.773	19.938
-94.803	19.958
-94.863	20.078
-94.903	20.118
-95.013	20.398
-95.033	20.498
-95.073	20.648
-95.093	20.728
-95.113	20.838
-95.103	20.908
-95.113	20.978
-95.103	21.018
-95.103	21.078
-95.063	21.168
-95.063	21.208
-95.043	21.228
-95.033	21.278
-94.943	21.478
-94.903	21.538
-94.803	21.608
-94.753	21.638
-94.613	21.718
-94.573	21.728
-94.533	21.748
-94.493	21.738
-94.443	21.758
-94.403	21.728
-94.323	21.708
-94.143	21.618
-94.103	21.588
-94.073	21.588
-94.043	21.558
-93.973	21.528
-93.893	21.458
-93.873	21.458
-93.773	21.348
-93.763	21.318
-93.693	21.248
-93.673	21.248
-93.643	21.198
-93.623	21.188
-93.613	21.148
-93.593	21.138
-93.583	21.108
-93.563	21.108
-93.463	21.038
POLYLINE BLACK
-88.728	18.633
-88.698	18.663
-88.593	18.663
-88.503	18.693
-88.458	18.693
POLYLINE BLACK
-89.508	18.843
-89.448	18.873
-89.343	18.873
-89.313	18.858
-89.238	18.858
POLYLINE BLACK
-89.178	19.233
-88.968	19.248
-88.938	19.233
POLYLINE BLACK
-90.168	19.308
-90.138	19.293
-90.078	19.308
-89.913	19.323
-89.838	19.308
POLYLINE BLACK
-89.808	19.608
-89.778	19.638
-89.673	19.638
-89.643	19.653
-89.568	19.653
POLYLINE BLACK
-90.603	19.998
-90.378	19.998
-90.348	19.983
-90.318	19.998
POLYLINE BLACK
-91.023	20.493
-90.993	20.478
-90.888	20.478
-90.828	20.463
-90.768	20.463
-90.708	20.448
-90.678	20.478
POLYLINE BLACK
-91.668	20.463
-91.623	20.403
-91.593	20.403
-91.428	20.253
-91.323	20.133
-91.308	20.088
POLYLINE BLACK
-91.578	20.433
POLYLINE BLACK
-91.413	20.238
-91.173	20.058
-91.143	20.058
-91.008	19.968
-90.948	19.923
-90.873	19.893
-90.783	19.683
-90.783	19.653
-90.738	19.593
-90.738	19.563
-90.573	19.368
-90.423	19.248
-90.393	19.203
-90.363	19.203
-90.198	19.083
-89.823	18.798
-89.793	18.768
-89.763	18.768
-89.643	18.678
-89.598	18.663
-89.493	18.588
-89.463	18.588
-89.373	18.528
-89.343	18.528
-89.298	18.498
-89.163	18.468
-89.058	18.423
-88.998	18.423
-88.938	18.378
-88.908	18.378
-88.878	18.348
-88.848	18.348
POLYLINE BLACK
-90.933	21.183
-90.873	21.108
-90.873	21.078
-90.738	20.913
-90.678	20.868
-90.663	20.838
-90.633	20.823
-90.573	20.733
-90.513	20.688
-90.438	20.598
-90.408	20.583
-90.393	20.553
-90.348	20.523
-90.333	20.493
-90.123	20.343
-89.958	20.268
-89.853	20.178
-89.823	20.178
-89.568	19.968
-89.403	19.818
-89.283	19.713
-89.268	19.683
-89.223	19.698
-89.208	19.668
-89.133	19.638
-89.103	19.608
-89.073	19.623
-89.058	19.593
-89.043	19.623
-88.908	19.533
-88.878	19.533
-88.818	19.518
-88.788	19.518
-88.653	19.458
-88.593	19.413
-88.563	19.413
POLYLINE BLACK
-86.568	18.423
-86.538	18.438
-86.283	18.438
-86.223	18.453
POLYLINE BLACK
-87.288	18.273
-87.258	18.258
-87.183	18.258
-87.048	18.288
-87.018	18.288
POLYLINE BLACK
-87.048	18.738
-86.973	18.738
-86.913	18.723
-86.793	18.753
POLYLINE BLACK
-87.933	18.543
-87.618	18.543
POLYLINE BLACK
-88.293	19.023
-88.008	19.023
POLYLINE BLACK
-84.303	18.108
-84.273	18.138
-84.198	18.123
-84.168	18.138
-84.138	18.123
POLYLINE BLACK
-84.513	18.468
-84.408	18.468
-84.288	18.483
-84.258	18.483
POLYLINE BLACK
-85.143	18.258
-85.083	18.258
-84.918	18.198
-84.858	18.198
POLYLINE BLACK
-85.503	18.708
-85.473	18.678
-85.323	18.693
-85.263	18.693
-85.203	18.678
-85.173	18.678
POLYLINE BLACK
-86.163	18.918
-86.028	18.768
-85.998	18.753
-85.923	18.648
-85.923	18.618
-85.908	18.588
-85.908	18.543
-85.893	18.483
-85.893	18.408
-85.923	18.288
-86.043	18.093
-86.118	18.003
POLYLINE BLACK
-88.608	19.443
-88.578	19.443
-88.473	19.398
-88.413	19.353
-88.383	19.353
-88.203	19.293
-88.128	19.293
-87.963	19.248
-87.933	19.263
-87.813	19.233
-87.708	19.233
-87.648	19.203
-87.573	19.203
-87.423	19.143
-87.393	19.128
-87.348	19.128
-87.318	19.098
-87.288	19.098
-87.228	19.068
-87.168	19.068
-87.138	19.053
-87.063	19.068
-87.033	19.038
-86.958	19.023
-86.808	19.023
-86.703	18.993
-86.673	19.008
-86.613	18.978
-86.553	18.978
-86.493	18.963
-86.463	18.963
-86.403	18.948
-86.358	18.963
-86.253	18.918
-86.193	18.933
-86.133	18.918
-85.998	18.918
-85.938	18.903
-85.878	18.918
-85.713	18.918
-85.683	18.903
-85.638	18.918
-85.608	18.903
-85.578	18.918
-85.308	18.918
-85.248	18.933
-85.218	18.933
-85.188	18.948
-85.158	18.933
-85.098	18.963
-85.023	18.963
-84.963	18.948
-84.873	18.948
-84.843	18.933
-84.798	18.933
-84.768	18.918
-84.708	18.933
-84.573	18.933
-84.543	18.903
-84.513	18.903
-84.483	18.888
-84.378	18.888
-84.318	18.873
-84.228	18.873
-84.198	18.888
-84.138	18.873
-84.108	18.873
-84.048	18.903
-84.018	18.903
-83.928	18.873
POLYLINE BLACK
-88.968	18.468
-88.923	18.408
-88.803	18.333
-88.773	18.333
-88.713	18.288
-88.683	18.288
-88.563	18.258
-88.488	18.258
-88.398	18.228
-88.338	18.258
-88.278	18.243
-88.098	18.243
-88.068	18.213
-88.038	18.228
-87.978	18.213
-87.933	18.213
-87.873	18.183
-87.843	18.183
-87.813	18.168
-87.753	18.183
-87.693	18.138
-87.663	18.138
-87.603	18.123
-87.543	18.123
-87.393	18.093
-87.318	18.078
-87.288	18.093
-87.228	18.063
-87.198	18.063
-87.138	18.033
-87.093	18.048
-87.033	18.033
-87.003	18.033
-86.973	18.018
-86.943	18.033
-86.808	18.003
-86.778	18.003
-86.718	18.018
-86.688	18.018
-86.658	18.003
-86.373	18.003
-86.343	18.018
-86.298	18.018
-86.238	18.048
-86.178	18.048
-86.073	18.018
-86.043	18.033
-85.998	18.033
-85.938	18.018
-85.878	18.018
-85.803	18.003
-85.773	18.003
-85.713	18.018
-85.668	18.018
-85.638	18.033
-85.578	18.003
-85.548	18.003
-85.488	17.988
-85.428	17.988
-85.383	18.003
-85.233	17.958
-85.068	17.928
-84.978	17.928
-84.918	17.913
-84.783	17.913
-84.753	17.898
-84.633	17.928
-84.393	17.928
-84.333	17.943
-84.243	17.943
-84.183	17.958
-84.078	17.958
-84.018	17.943
-83.988	17.943
-83.928	17.973
-83.898	17.973
-83.868	17.943
-83.838	17.973
-83.808	17.958
POLYLINE BLACK
-82.313	19.078
-82.293	19.068
-82.273	19.078
-82.233	19.068
-82.203	19.068
POLYLINE BLACK
-82.643	18.608
-82.583	18.638
-82.533	18.638
POLYLINE BLACK
-82.813	18.808
-82.793	18.818
-82.773	18.808
-82.753	18.818
-82.703	18.808
-82.653	18.818
POLYLINE BLACK
-83.243	18.398
-83.223	18.408
-83.153	18.388
-83.133	18.398
-83.083	18.398
POLYLINE BLACK
-83.653	18.648
-83.603	18.638
-83.443	18.638
-83.393	18.648
-83.353	18.658
POLYLINE BLACK
-82.103	19.398
-82.213	19.328
-82.243	19.298
-82.393	19.218
-82.493	19.138
-82.603	19.098
-82.683	19.078
-82.723	19.068
-82.773	19.068
-82.893	19.018
-82.933	19.008
-83.023	18.968
-83.063	18.958
-83.143	18.908
-83.183	18.908
-83.223	18.878
-83.253	18.878
-83.313	18.858
-83.403	18.858
-83.443	18.848
-83.523	18.838
-83.563	18.838
-83.603	18.848
-83.643	18.858
-83.773	18.888
-83.813	18.888
-83.833	18.908
-83.873	18.918
POLYLINE BLACK
-81.533	18.848
-81.573	18.848
-81.623	18.838
-81.663	18.838
-81.853	18.768
-81.913	18.748
-81.993	18.698
-82.043	18.688
-82.173	18.618
-82.213	18.608
-82.283	18.568
-82.323	18.558
-82.463	18.498
-82.503	18.458
-82.603	18.408
-82.743	18.308
-82.883	18.238
-82.913	18.238
-82.973	18.208
-83.063	18.188
-83.143	18.158
-83.163	18.168
-83.223	18.148
-83.253	18.148
-83.313	18.128
-83.343	18.128
-83.363	18.108
-83.453	18.088
-83.503	18.078
-83.543	18.068
-83.563	18.048
-83.623	18.048
-83.683	18.028
-83.703	18.038
POLYLINE BLACK
-83.713	18.848
-83.673	18.858
-83.613	18.858
POLYLINE BLACK
-80.593	18.968
-80.573	18.958
-80.463	18.988
POLYLINE BLACK
-81.263	19.538
-81.243	19.558
-81.133	19.568
-81.103	19.568
POLYLINE BLACK
-80.643	19.408
-80.573	19.408
-80.483	19.428
POLYLINE BLACK
-81.113	19.108
-81.093	19.098
-81.053	19.108
-80.983	19.098
-80.963	19.118
-80.943	19.098
-80.903	19.088
POLYLINE BLACK
-80.353	19.048
-80.303	18.938
-80.273	18.888
-80.233	18.828
-80.233	18.808
-80.093	18.578
-80.073	18.528
-80.043	18.488
-79.913	18.628
-79.883	18.668
-79.883	18.648
-79.973	18.738
-80.053	18.788
-80.123	18.858
-80.243	18.958
-80.293	18.978
-80.323	19.008
-80.343	19.018
POLYLINE BLACK
-81.723	19.368
-81.733	19.318
-81.783	19.258
-81.833	19.178
-81.833	19.148
-81.913	19.068
-81.923	19.028
-81.983	18.938
-81.963	18.948
-81.933	18.998
-81.833	19.068
-81.763	19.138
-81.743	19.138
-81.663	19.198
-81.613	19.248
-81.483	19.338
-81.463	19.338
-81.493	19.378
-81.513	19.378
-81.593	19.428
-81.633	19.488
-81.723	19.318
-81.753	19.248
POLYLINE BLACK
-82.103	19.328
-82.013	19.418
-81.993	19.428
-81.963	19.478
-81.923	19.518
POLYLINE BLACK
-82.043	19.418
-81.913	19.498
POLYLINE BLACK
-82.073	19.548
POLYLINE BLACK
-81.933	19.468
-81.863	19.508
-81.833	19.548
-81.823	19.588
-81.753	19.678
-81.683	19.788
-81.643	19.828
-81.603	19.918
-81.603	19.958
-81.563	20.108
-81.563	20.188
POLYLINE BLACK
-81.603	18.838
-81.563	18.828
-81.433	18.868
-81.293	18.888
-81.183	18.908
-81.143	18.898
-81.033	18.898
-80.973	18.878
-80.953	18.858
-80.933	18.868
-80.873	18.848
-80.843	18.848
-80.783	18.818
-80.743	18.808
-80.723	18.788
-80.683	18.778
-80.553	18.738
-80.523	18.738
-80.483	18.708
POLYLINE BLACK
-80.623	18.758
-80.583	18.738
-80.533	18.738
-80.513	18.728
-80.493	18.738
-80.393	18.688
-80.353	18.628
-80.253	18.538
-80.153	18.458
-80.073	18.388
-80.043	18.338
-80.003	18.278
-79.953	18.168
-79.953	18.008
-79.963	17.978
POLYLINE BLACK
-80.173	19.548
-80.183	19.408
-80.113	19.188
-80.103	19.148
-80.063	19.088
-80.013	19.028
-79.963	18.978
-79.923	18.958
-79.893	18.928
-79.873	18.928
-79.813	18.878
-79.773	18.868
POLYLINE BLACK
-76.613	17.498
-76.463	17.498
-76.363	17.488
POLYLINE BLACK
-76.713	17.838
-76.643	17.818
POLYLINE BLACK
-77.053	17.778
-76.913	17.768
POLYLINE BLACK
-77.613	18.138
-77.373	18.118
-77.273	18.118
POLYLINE BLACK
-77.773	18.568
-77.563	18.548
POLYLINE BLACK
-78.103	18.308
-78.083	18.298
-77.903	18.298
POLYLINE BLACK
-78.553	18.678
-78.533	18.668
-78.493	18.668
-78.403	18.638
-78.273	18.628
POLYLINE BLACK
-78.943	18.488
-78.863	18.458
POLYLINE BLACK
-78.763	18.178
-78.673	18.158
-78.593	18.168
-78.573	18.158
POLYLINE BLACK
-78.543	18.638
-78.513	18.638
-78.453	18.618
POLYLINE BLACK
-78.783	18.148
-78.723	18.158
POLYLINE BLACK
-79.293	17.808
-79.203	17.818
POLYLINE BLACK
-79.403	18.168
-79.323	18.208
-79.223	18.228
POLYLINE BLACK
-79.783	17.768
-79.663	17.778
POLYLINE BLACK
-79.643	17.368
-79.493	17.378
POLYLINE BLACK
-80.223	17.188
-80.173	17.188
-80.153	17.178
-79.993	17.178
POLYLINE BLACK
-80.023	18.198
-79.973	18.038
-79.973	17.998
-79.963	17.928
-80.043	17.778
-80.123	17.598
-80.123	17.578
-80.183	17.528
-80.203	17.518
-80.233	17.468
-80.273	17.418
-80.303	17.408
-80.343	17.368
-80.423	17.318
-80.503	17.188
-80.513	17.148
-80.493	17.058
-80.443	16.968
-80.363	16.908
-80.323	16.898
-80.293	16.878
-80.233	16.878
-80.143	16.898
-80.083	16.898
-79.933	16.948
-79.913	16.968
-79.873	16.958
-79.833	16.978
-79.803	16.978
-79.783	16.998
-79.763	16.998
-79.663	17.078
-79.553	17.098
-79.513	17.088
-79.493	17.098
-79.383	17.048
-79.353	16.998
-79.303	16.978
-79.173	16.838
-79.153	16.848
-79.103	16.838
-79.083	16.848
POLYLINE BLACK
-76.463	17.138
-76.623	17.218
-76.723	17.308
-76.773	17.338
-76.903	17.468
-77.063	17.598
-77.243	17.708
-77.283	17.718
-77.323	17.758
-77.483	17.798
-77.663	17.888
-77.823	17.958
-77.853	17.958
-77.893	17.968
-78.063	17.998
-78.123	17.998
-78.163	17.988
-78.183	17.988
-78.203	17.968
-78.293	17.928
-78.313	17.928
-78.433	17.848
-78.513	17.808
-78.553	17.798
-78.593	17.758
-78.613	17.758
-78.633	17.738
-78.663	17.738
-78.753	17.688
-78.853	17.618
-78.903	17.478
-78.903	17.408
-78.893	17.328
-78.873	17.238
-78.883	17.198
-78.893	17.108
-78.913	17.028
-78.993	16.878
-79.053	16.848
-79.093	16.848
-79.133	16.818
-79.153	16.818
POLYLINE BLACK
-77.183	18.718
-77.203	18.708
-77.253	18.708
-77.273	18.668
-77.293	18.668
-77.313	18.648
-77.323	18.568
-77.313	18.528
-77.313	18.488
-77.263	18.358
-77.223	18.298
-77.133	18.218
-76.993	18.148
-76.883	18.118
-76.583	17.988
-76.473	17.908
-76.313	17.838
-76.183	17.758
-76.143	17.748
-76.103	17.718
POLYLINE BLACK
-79.583	18.668
-79.543	18.628
-79.483	18.608
-79.423	18.608
-79.383	18.598
-79.193	18.638
-79.153	18.668
-79.083	18.698
-79.073	18.678
-79.073	18.728
-79.053	18.768
POLYLINE BLACK
-79.893	18.928
-79.673	18.758
-79.633	18.738
-79.543	18.648
-79.513	18.618
POLYLINE BLACK
-75.023	16.958
-75.003	16.948
-74.833	16.958
POLYLINE BLACK
-75.713	17.138
-75.703	17.118
-75.493	17.128
POLYLINE BLACK
-76.153	17.748
-76.143	17.728
-75.653	17.528
-75.503	17.468
-75.433	17.428
-75.013	17.248
-74.823	17.158
-74.353	16.968
-74.273	16.948
-74.253	16.928
POLYLINE BLACK
-75.713	17.118
-75.693	17.098
-75.643	17.088
POLYLINE BLACK
-75.443	16.818
-75.333	16.808
POLYLINE BLACK
-75.223	16.528
-75.193	16.518
-75.023	16.518
POLYLINE BLACK
-75.263	16.098
-75.243	16.108
-74.883	16.088
POLYLINE BLACK
-75.003	15.688
-74.753	15.668
POLYLINE BLACK
-75.013	15.388
-74.993	15.378
-74.943	15.378
-74.903	15.368
POLYLINE BLACK
-74.983	14.998
-74.953	14.998
-74.903	14.988
-74.823	14.998
POLYLINE BLACK
-75.503	15.358
-75.483	15.378
-75.453	15.368
POLYLINE BLACK
-75.513	15.688
-75.383	15.718
-75.363	15.708
POLYLINE BLACK
-76.023	15.878
-75.993	15.858
-75.923	15.868
-75.853	15.858
-75.833	15.868
-75.813	15.858
-75.793	15.868
POLYLINE BLACK
-76.163	16.708
-75.893	16.708
-75.863	16.718
POLYLINE BLACK
-75.703	16.148
-75.683	16.158
-75.643	16.148
-75.453	16.158
POLYLINE BLACK
-76.163	16.298
-76.143	16.308
-75.963	16.308
POLYLINE BLACK
-75.883	16.568
-75.843	16.568
-75.743	16.588
-75.703	16.578
-75.633	16.588
POLYLINE BLACK
-76.153	16.678
-76.143	16.698
-76.123	16.688
POLYLINE BLACK
-74.923	14.678
-74.973	14.708
-75.103	14.788
-75.153	14.808
-75.253	14.888
-75.343	14.948
-75.403	14.978
-75.503	15.078
-75.643	15.188
-75.733	15.258
-75.793	15.328
-75.823	15.338
-75.943	15.468
-75.983	15.488
-76.113	15.598
-76.223	15.698
-76.263	15.718
-76.453	15.958
-76.503	16.048
POLYLINE BLACK
-76.443	17.138
-76.353	17.008
-76.333	16.898
-76.423	16.658
-76.533	16.488
-76.563	16.398
-76.583	16.288
-76.573	16.188
-76.553	16.098
-76.503	16.018
-76.443	15.968
POLYLINE GREEN
-74.573	16.438
-74.513	16.398
-74.513	16.378
POLYLINE GREEN
-74.583	16.428
-74.653	16.358
POLYLINE GREEN
-74.643	16.738
-74.593	16.658
-74.573	16.658
-74.493	16.798
POLYLINE GREEN
-74.573	16.678
-74.563	16.648
-74.563	16.398
POLYLINE BLACK
-73.723	17.108
-73.983	17.048
-74.143	16.998
-74.233	16.988
-74.273	16.968
-74.393	17.038
POLYLINE BLACK
-73.783	16.248
-73.843	16.248
-73.893	16.258
-73.913	16.248
POLYLINE BLACK
-73.843	16.218
-73.883	16.218
-73.923	16.228
-74.003	16.228
-74.023	16.218
-74.063	16.218
-74.083	16.208
-74.103	16.218
-74.143	16.198
-74.233	16.198
-74.313	16.148
-74.363	16.088
-74.373	16.058
-74.413	16.028
-74.423	15.988
-74.453	15.928
-74.473	15.818
-74.483	15.738
-74.483	15.658
-74.493	15.608
-74.513	15.488
-74.523	15.448
-74.523	15.158
-74.503	15.098
-74.473	15.048
-74.453	14.988
-74.433	14.988
-74.393	14.918
-74.383	14.878
-74.373	14.828
-74.383	14.738
-74.403	14.718
-74.413	14.678
-74.473	14.598
-74.533	14.568
-74.593	14.558
-74.633	14.568
-74.673	14.578
-74.743	14.588
-74.783	14.598
-74.863	14.628
-74.943	14.688
POLYLINE BLACK
-73.773	16.218
POLYLINE BLACK
-72.203	15.888
POLYLINE BLACK
-73.563	17.128
-73.563	17.108
-73.543	17.108
-73.513	17.148
POLYLINE BLACK
-73.733	17.148
-73.633	17.098
-73.593	17.098
-73.573	17.088
-73.553	17.098
POLYLINE BLACK
-80.663	35.618
-80.703	35.558
-80.723	35.538
POLYLINE BLACK
-80.793	35.788
-80.843	35.698
POLYLINE BLACK
-80.963	35.868
-80.983	35.788
POLYLINE BLACK
-81.153	36.008
-81.183	35.918
-81.183	35.898
POLYLINE BLACK
-81.373	36.078
-81.403	36.008
-81.433	35.968
POLYLINE BLACK
-81.593	36.228
-81.603	36.188
-81.613	36.168
POLYLINE BLACK
-81.943	36.618
-81.863	36.498
-81.783	36.398
-81.743	36.338
-81.723	36.338
-81.673	36.298
-81.633	36.288
-81.573	36.248
-81.503	36.168
-81.483	36.168
-81.423	36.108
-81.383	36.098
-81.353	36.068
-81.273	36.038
-81.253	36.038
-81.233	36.018
-81.213	36.028
-81.133	35.978
-81.103	35.978
-81.063	35.948
-81.033	35.948
-80.953	35.908
-80.943	35.888
-80.923	35.888
-80.863	35.848
-80.853	35.828
-80.813	35.818
-80.773	35.778
-80.693	35.728
-80.633	35.658
-80.483	35.568
-80.443	35.558
-80.333	35.448
-80.293	35.388
-80.283	35.328
POLYLINE BLACK
-80.383	35.408
-80.373	35.428
-80.433	35.368
-80.473	35.338
POLYLINE BLACK
-80.533	35.568
-80.523	35.548
-80.563	35.458
POLYLINE BLACK
-81.763	36.258
-81.813	36.178
-81.813	36.158
POLYLINE BLACK
-81.853	36.438
-81.903	36.388
-81.943	36.358
POLYLINE BLACK
-80.663	35.178
-80.773	35.288
-80.803	35.318
-80.863	35.358
-80.903	35.368
-80.903	35.368
-80.993	35.428
-81.033	35.438
-81.093	35.488
-81.133	35.498
-81.253	35.548
-81.323	35.598
-81.363	35.608
-81.423	35.648
-81.503	35.668
-81.593	35.698
-81.613	35.698
-81.633	35.718
-81.653	35.718
-81.783	35.858
-81.813	35.888
-81.933	35.988
-82.023	36.078
-82.073	36.128
-82.163	36.228
-82.213	36.348
-82.213	36.368
-82.263	36.428
-82.293	36.488
-82.293	36.568
-82.273	36.638
-82.193	36.708
-82.073	36.698
-82.033	36.688
-82.013	36.668
-81.993	36.668
-81.973	36.648
-81.953	36.648
-81.903	36.598
-81.863	36.588
-81.833	36.558
-81.793	36.548
-81.693	36.478
-81.643	36.458
-81.593	36.398
-81.573	36.398
-81.513	36.338
-81.473	36.338
-81.453	36.318
-81.413	36.318
-81.373	36.288
-81.353	36.298
-81.293	36.278
-81.213	36.218
-81.173	36.218
-81.153	36.198
-81.103	36.198
-81.043	36.148
-81.023	36.148
-80.973	36.098
-80.913	36.088
-80.853	36.048
-80.833	36.058
-80.783	36.048
-80.763	36.028
-80.743	36.038
-80.643	35.978
-80.573	35.928
-80.553	35.918
-80.543	35.888
-80.473	35.828
-80.433	35.788
-80.353	35.648
-80.353	35.628
-80.333	35.608
-80.323	35.558
-80.273	35.398
-80.263	35.358
POLYLINE BLACK
-80.397	34.757
-80.377	34.737
-80.337	34.747
-80.297	34.757
POLYLINE BLACK
-80.187	34.097
-80.147	34.087
-80.087	34.077
-80.067	34.087
POLYLINE BLACK
-80.067	33.557
-80.047	33.557
-80.027	33.537
-79.977	33.557
-79.917	33.557
POLYLINE BLACK
-79.512	33.271
-79.512	33.285
-79.561	33.355
-79.568	33.376
-79.603	33.418
-79.631	33.481
-79.652	33.509
-79.652	33.523
-79.687	33.586
-79.708	33.628
-79.722	33.642
-79.729	33.677
-79.757	33.747
-79.778	33.824
-79.806	33.866
-79.862	33.992
-79.862	34.006
-79.897	34.104
-79.897	34.125
-79.932	34.195
-79.932	34.209
-80.037	34.454
-80.065	34.517
-80.065	34.531
-80.079	34.566
-80.079	34.580
-80.093	34.608
-80.093	34.622
-80.100	34.636
-80.100	34.657
-80.114	34.706
-80.114	34.741
-80.128	34.783
-80.128	34.804
-80.149	34.881
-80.149	34.902
-80.177	35.007
-80.177	35.028
-80.191	35.056
-80.198	35.105
-80.219	35.182
-80.219	35.210
-80.226	35.238
-80.233	35.294
-80.233	35.336
-80.240	35.350
-80.240	35.399
POLYLINE BLACK
-80.023	33.082
-80.023	33.096
-80.051	33.117
-80.093	33.180
-80.128	33.257
-80.128	33.271
-80.135	33.285
-80.135	33.306
-80.142	33.334
-80.142	33.348
-80.163	33.425
-80.163	33.439
-80.177	33.488
-80.177	33.502
-80.191	33.544
-80.191	33.565
-80.205	33.593
-80.205	33.607
-80.212	33.621
-80.212	33.642
-80.247	33.719
-80.247	33.733
-80.254	33.747
-80.254	33.796
-80.261	33.824
-80.261	33.873
-80.268	33.887
-80.268	33.922
-80.289	33.971
-80.289	33.985
-80.310	34.034
-80.317	34.069
-80.345	34.132
-80.345	34.146
-80.359	34.160
-80.359	34.174
-80.387	34.258
-80.387	34.272
-80.408	34.328
-80.408	34.349
-80.450	34.440
-80.450	34.461
-80.485	34.531
-80.485	34.552
-80.506	34.601
-80.506	34.622
-80.541	34.755
-80.541	34.769
-80.555	34.811
-80.555	34.846
-80.576	34.923
-80.576	34.958
-80.611	35.077
-80.611	35.119
-80.618	35.147
-80.618	35.168
POLYLINE BLACK
-79.423	32.786
-79.438	32.756
-79.468	32.741
-79.528	32.651
POLYLINE BLACK
-78.913	32.186
-78.973	32.051
-78.973	32.006
-78.988	31.976
POLYLINE BLACK
-78.103	31.631
-78.163	31.541
POLYLINE BLACK
-77.578	30.986
-77.623	30.926
-77.728	30.851
POLYLINE BLACK
-77.593	30.416
-77.668	30.536
-77.833	30.746
-77.923	30.821
-77.923	30.851
-77.983	30.896
-78.028	30.956
-78.028	30.986
-78.103	31.121
-78.223	31.211
-78.298	31.301
-78.508	31.436
-78.523	31.466
-78.553	31.466
-78.643	31.541
-78.673	31.541
-78.763	31.616
-78.778	31.646
-78.823	31.661
-78.913	31.751
-78.943	31.751
-79.003	31.781
-79.018	31.811
-79.138	31.901
-79.153	31.931
-79.243	31.991
-79.378	32.141
-79.408	32.156
-79.483	32.246
-79.513	32.261
-79.633	32.411
-79.648	32.441
-79.738	32.516
-79.783	32.621
-79.948	32.846
-79.948	32.876
-79.993	32.936
-79.993	32.996
-80.008	33.056
-80.008	33.086
POLYLINE BLACK
-77.008	30.941
-77.053	30.971
-77.173	31.151
-77.323	31.256
-77.338	31.286
-77.458	31.376
-77.473	31.406
-77.683	31.556
-77.773	31.631
-77.803	31.631
-77.833	31.676
-77.863	31.676
-77.908	31.736
-77.938	31.751
-77.998	31.841
-78.178	31.991
-78.193	32.021
-78.343	32.141
-78.373	32.156
-78.388	32.186
-78.463	32.216
-78.583	32.306
-78.613	32.306
-78.703	32.381
-78.718	32.411
-78.748	32.396
-78.838	32.471
-78.928	32.591
-79.108	32.726
-79.168	32.801
-79.228	32.846
-79.303	32.936
-79.333	32.951
-79.408	33.071
-79.498	33.266
POLYLINE BLACK
-77.048	30.326
-77.128	30.246
-77.228	30.186
POLYLINE BLACK
-76.798	29.816
-76.918	29.716
POLYLINE BLACK
-76.788	29.326
-76.848	29.286
POLYLINE BLACK
-76.498	28.916
-76.558	28.866
POLYLINE BLACK
-76.328	28.476
-76.478	28.366
POLYLINE BLACK
-76.138	28.396
-76.048	28.376
-76.028	28.356
POLYLINE BLACK
-76.168	28.306
-76.128	28.296
-76.058	28.266
-76.038	28.246
POLYLINE BLACK
-76.318	28.176
-76.248	28.116
POLYLINE BLACK
-76.408	28.096
-76.348	28.016
-76.348	27.996
POLYLINE BLACK
-76.498	28.016
-76.478	28.016
-76.458	28.036
-76.438	28.026
-76.328	28.136
-76.258	28.196
-76.238	28.196
-76.178	28.266
-76.078	28.426
-76.058	28.466
POLYLINE BLACK
-76.128	28.336
-76.128	28.316
-76.178	28.216
-76.228	28.156
POLYLINE BLACK
-75.868	27.916
-75.888	27.916
-76.008	27.806
POLYLINE BLACK
-75.758	28.246
-75.738	28.206
-75.798	28.306
-75.868	28.356
-75.928	28.366
-75.988	28.416
-76.108	28.496
-76.228	28.596
-76.248	28.676
-76.288	28.736
-76.308	28.836
-76.298	28.876
-76.318	28.946
-76.388	29.046
-76.388	29.066
-76.458	29.176
-76.468	29.246
-76.468	29.346
-76.478	29.386
-76.478	29.466
-76.498	29.526
-76.498	29.546
-76.518	29.566
-76.518	29.756
-76.548	29.816
-76.608	29.856
-76.608	29.876
-76.658	29.956
-76.678	30.026
-76.678	30.066
-76.738	30.236
-76.788	30.346
-76.818	30.436
-76.888	30.626
-76.898	30.666
-76.928	30.706
-76.928	30.726
-76.958	30.766
-76.978	30.846
-76.988	30.866
POLYLINE BLACK
-76.308	27.656
-76.448	27.956
-76.498	28.036
-76.518	28.046
-76.518	28.046
-76.518	28.046
-76.518	28.046
-76.518	28.066
-76.608	28.156
-76.668	28.246
-76.748	28.356
-76.798	28.436
-76.798	28.506
-76.768	28.616
-76.798	28.676
-76.818	28.766
-76.868	28.936
-76.888	28.996
-76.908	29.006
-76.968	29.256
-76.998	29.326
-77.198	29.746
-77.278	29.846
-77.338	29.936
-77.348	29.976
-77.418	30.126
-77.418	30.156
-77.468	30.266
-77.488	30.286
-77.498	30.326
-77.508	30.346
POLYLINE BLACK
-75.648	27.486
-75.498	27.526
-75.478	27.526
-75.418	27.566
POLYLINE BLACK
-74.798	26.526
-74.678	26.566
-74.658	26.576
POLYLINE BLACK
-75.408	26.526
-75.348	26.526
-75.258	26.566
-75.218	26.576
POLYLINE BLACK
-75.088	26.866
-74.978	26.886
-74.958	26.906
POLYLINE BLACK
-75.618	26.936
-75.508	26.946
-75.438	26.976
-75.398	27.016
POLYLINE BLACK
-73.851	25.864
-73.844	25.850
-73.844	25.864
-73.830	25.864
-73.802	25.885
-73.788	25.885
-73.774	25.892
-73.760	25.920
-73.795	25.990
-73.795	26.004
-73.823	26.046
-73.837	26.081
-73.893	26.130
-73.907	26.130
-73.942	26.151
-73.984	26.186
-74.005	26.193
-74.075	26.270
-74.243	26.424
-74.243	26.424
-74.243	26.438
-74.236	26.452
-74.236	26.438
-74.411	26.690
-74.432	26.732
-74.586	26.921
-74.628	26.956
-74.656	27.012
-74.670	27.012
-74.726	27.082
-74.754	27.103
-74.775	27.145
-74.817	27.180
-74.831	27.215
-74.831	27.229
-74.852	27.278
-74.894	27.299
-74.908	27.313
-74.922	27.313
-74.936	27.306
-74.950	27.320
-74.978	27.320
-75.006	27.327
-75.027	27.376
-75.069	27.411
-75.076	27.425
-75.090	27.411
-75.090	27.453
-75.104	27.488
-75.146	27.523
-75.188	27.544
-75.237	27.600
-75.251	27.607
-75.258	27.635
-75.237	27.663
-75.237	27.677
-75.216	27.726
-75.216	27.740
-75.272	27.768
-75.286	27.754
-75.314	27.761
-75.356	27.789
-75.370	27.796
-75.384	27.824
-75.412	27.845
-75.454	27.908
-75.468	27.915
-75.531	27.985
-75.587	28.027
-75.643	28.076
-75.643	28.090
-75.678	28.132
-75.692	28.139
-75.713	28.181
POLYLINE BLACK
-76.294	27.607
-76.280	27.600
-76.245	27.523
-76.210	27.481
-76.154	27.362
-76.126	27.341
-76.077	27.271
-76.028	27.180
-75.958	27.019
-75.916	26.942
-75.916	26.928
-75.881	26.858
-75.860	26.830
-75.741	26.585
-75.727	26.571
-75.657	26.410
-75.629	26.368
-75.559	26.242
-75.559	26.207
-75.531	26.116
-75.517	26.102
-75.517	26.088
-75.468	26.018
-75.454	26.004
-75.440	25.969
-75.440	25.955
-75.433	25.941
POLYLINE BLACK
-73.977	25.906
-73.977	25.780
POLYLINE BLACK
-74.131	25.941
-74.145	25.906
-74.145	25.836
-74.152	25.808
POLYLINE BLACK
-74.264	25.990
-74.313	25.871
-74.355	25.822
-74.355	25.822
POLYLINE BLACK
-74.453	26.088
-74.446	26.067
-74.446	25.934
POLYLINE BLACK
-74.670	26.081
-74.649	25.955
-74.649	25.892
POLYLINE BLACK
-74.866	26.109
-74.859	26.081
-74.824	25.885
POLYLINE BLACK
-75.090	26.102
-75.090	26.088
-75.062	25.976
POLYLINE BLACK
-75.335	26.067
-75.321	26.074
-75.286	26.011
-75.251	25.885
POLYLINE BLACK
-75.461	25.906
-75.391	25.871
-75.363	25.850
-75.356	25.836
-75.328	25.829
-75.321	25.815
POLYLINE BLACK
-73.844	25.850
-73.858	25.864
-73.872	25.864
-73.900	25.885
-73.914	25.878
-73.928	25.892
-73.942	25.885
-73.970	25.899
-73.977	25.913
-73.991	25.899
-73.998	25.913
-74.026	25.913
-74.040	25.920
-74.061	25.913
-74.075	25.920
-74.082	25.934
-74.110	25.934
-74.138	25.948
-74.152	25.941
-74.180	25.955
-74.208	25.948
-74.236	25.969
-74.278	26.025
-74.320	26.060
-74.334	26.053
-74.376	26.081
-74.425	26.095
-74.439	26.088
-74.453	26.095
-74.481	26.088
-74.509	26.095
-74.523	26.088
-74.537	26.102
-74.565	26.088
-74.635	26.088
-74.649	26.095
-74.663	26.081
-74.726	26.081
-74.754	26.074
-74.768	26.081
-74.901	26.081
-74.915	26.088
-74.943	26.081
-74.971	26.081
-75.006	26.088
-75.020	26.081
-75.034	26.088
-75.062	26.081
-75.104	26.081
-75.118	26.095
-75.132	26.081
-75.195	26.081
-75.202	26.067
-75.251	26.067
-75.328	26.046
-75.398	26.025
-75.426	25.983
-75.440	25.906
POLYLINE BLACK
-75.480	25.985
-75.445	25.922
-75.445	25.908
-75.438	25.880
-75.438	25.803
-75.452	25.775
POLYLINE BLACK
-72.296	22.061
-72.336	22.021
-72.396	21.881
-72.496	21.781
-72.516	21.741
-72.336	21.701
-72.316	21.661
-72.296	21.761
-72.296	22.021
-72.316	22.061
POLYLINE BLACK
-73.836	21.041
-73.856	21.081
-73.856	21.041
-74.016	20.861
-74.016	20.801
-73.816	20.781
-73.776	20.761
-73.816	20.801
-73.836	20.941
-73.896	21.161
POLYLINE BLACK
-72.896	21.961
-72.896	21.961
-72.976	21.681
-72.756	21.681
-72.676	21.661
-72.676	21.701
-72.816	21.841
-72.936	22.061
POLYLINE BLACK
-73.096	22.461
-73.296	22.261
-73.316	22.221
-73.276	22.181
-73.136	22.181
-73.016	22.161
-73.036	22.241
-73.116	22.461
POLYLINE BLACK
-73.636	22.381
-73.816	22.141
-73.816	22.081
-73.776	22.101
-73.596	22.101
-73.456	22.141
-73.636	22.321
-73.656	22.361
POLYLINE BLACK
-73.676	21.961
-73.816	21.501
-73.756	21.541
-73.456	21.481
-73.456	21.521
-73.796	21.841
POLYLINE BLACK
-73.316	22.041
-73.436	21.881
-73.396	21.881
-73.116	21.761
-73.116	21.801
-73.296	22.061
-73.356	22.201
POLYLINE BLACK
-74.996	23.961
-74.936	23.901
-74.776	23.841
-74.516	23.861
-74.256	23.861
-74.216	23.881
-74.196	24.281
-74.196	24.661
-74.216	24.921
-74.196	25.001
-74.256	25.061
-74.296	25.081
-74.336	25.041
-74.376	25.061
-74.416	25.041
-74.456	25.061
-74.476	25.001
-74.596	24.981
-74.676	24.901
-74.716	24.921
-74.816	24.761
-74.816	24.601
-74.896	24.221
-74.896	23.981
POLYLINE BLUE
-75.516	23.841
-75.596	23.741
-75.496	23.641
-75.496	23.601
-75.616	23.521
-75.636	23.481
-75.516	23.401
-75.676	23.281
-75.596	23.161
-75.716	23.081
-75.736	23.041
-75.656	22.981
-75.656	22.941
-75.696	22.921
-75.716	22.841
-75.756	22.821
-75.756	22.781
-75.816	23.041
-75.716	22.861
-75.716	22.861
-75.596	22.961
-75.556	22.961
POLYLINE BLUE
-74.896	25.461
-74.896	25.421
-75.016	25.421
-75.076	25.361
-75.096	25.321
-75.076	25.241
-75.096	25.161
-75.216	25.121
-75.256	25.121
-75.276	25.081
-75.196	25.021
-75.256	24.941
-75.376	24.921
-75.376	24.881
-75.316	24.801
-75.316	24.761
-75.356	24.721
-75.356	24.681
-75.396	24.681
-75.416	24.541
-75.456	24.661
-75.476	24.741
-75.436	24.581
-75.416	24.541
-75.316	24.641
-75.236	24.661
POLYLINE BLUE
-74.076	25.721
-74.036	25.721
-74.056	25.681
-74.096	25.681
-74.156	25.621
POLYLINE BLUE
-73.116	25.341
-73.116	25.301
-73.156	25.381
-73.236	25.441
-73.416	25.341
-73.496	25.361
-73.536	25.461
-73.656	25.521
-73.736	25.501
-73.756	25.441
-73.836	25.421
-73.896	25.541
-73.976	25.601
-74.056	25.601
-74.096	25.581
-74.056	25.441
-74.056	25.401
-74.136	25.561
-74.116	25.621
-74.036	25.641
POLYLINE BLUE
-71.356	24.441
-71.376	24.621
-71.496	24.661
-71.576	24.621
-71.636	24.681
-71.636	24.741
-71.696	24.821
-71.696	24.861
-71.776	24.881
-71.856	24.861
-71.896	24.861
-71.956	25.021
-72.036	25.041
-72.196	25.041
-72.316	25.081
-72.276	24.961
-72.276	24.921
-72.296	25.001
-72.296	25.041
-72.356	25.101
-72.276	25.101
-72.236	25.141
-72.196	25.141
POLYLINE BLUE
-70.896	26.781
-70.996	26.601
-70.936	26.541
-70.896	26.461
-71.036	26.321
-70.976	26.261
-70.996	26.181
-71.076	26.121
-71.116	26.121
-71.136	26.041
-71.136	25.961
-71.116	25.881
-71.196	25.901
-71.276	25.981
-71.276	26.021
-71.176	25.901
-71.156	25.861
-71.036	25.961
POLYLINE BLUE
-71.276	22.461
-71.296	22.541
-71.256	22.621
-71.136	22.701
-71.136	22.741
-71.256	22.781
-71.276	22.861
-71.256	22.941
-71.176	23.021
-71.216	23.101
-71.296	23.121
-71.336	23.201
-71.276	23.261
-71.236	23.261
-71.216	23.321
-71.256	23.321
-71.256	23.361
-71.436	23.161
-71.296	23.301
-71.256	23.381
-71.256	23.381
-71.176	23.201
POLYLINE BLACK
-74.936	25.021
-74.756	24.881
POLYLINE BLACK
-75.216	24.661
-74.976	24.601
-74.896	24.581
POLYLINE BLACK
-75.176	23.501
-74.976	23.521
-74.936	23.541
POLYLINE BLACK
-75.116	23.761
-75.056	23.781
-74.936	23.781
POLYLINE BLACK
-75.196	24.221
-75.016	24.181
POLYLINE BLACK
-75.256	24.641
-75.236	24.601
-75.116	24.541
POLYLINE BLACK
-74.956	24.981
-74.936	24.941
POLYLINE BLACK
-74.376	25.221
-74.376	25.181
-74.316	25.041
POLYLINE BLACK
-73.876	25.201
-73.876	25.061
POLYLINE BLACK
-73.316	25.101
-73.316	25.061
-73.376	24.941
POLYLINE BLACK
-72.816	24.781
-72.936	24.661
-72.956	24.581
POLYLINE BLACK
-72.416	24.581
-72.536	24.481
POLYLINE BLACK
-72.116	24.241
-72.276	24.081
POLYLINE BLACK
-71.716	23.881
-71.776	23.821
-71.896	23.721
POLYLINE BLACK
-71.336	23.741
-71.376	23.561
-71.396	23.481
POLYLINE BLACK
-70.996	23.641
-71.056	23.581
-71.116	23.521
-71.276	23.481
-71.436	23.481
-71.476	23.461
-71.516	23.501
-71.556	23.501
-71.896	23.821
-72.296	24.181
-72.576	24.381
-72.756	24.501
-72.816	24.581
-73.056	24.701
-73.096	24.741
-73.216	24.761
-73.416	24.861
-73.496	24.881
-73.536	24.921
-73.636	24.941
-73.716	24.921
-73.836	25.001
-73.916	24.981
-74.036	25.021
-74.076	25.001
-74.116	25.041
-74.236	25.041
-74.396	25.021
-74.436	25.041
-74.556	25.001
-74.636	24.941
-74.736	24.881
-74.796	24.801
-74.796	24.761
-74.836	24.721
-74.896	24.441
-74.896	24.341
-74.916	24.161
-74.896	23.941
-74.896	23.781
-74.876	23.701
-74.876	23.461
-74.856	23.381
-74.876	23.301
-74.876	23.261
POLYLINE BLACK
-73.336	16.761
-73.276	16.801
-73.116	16.761
POLYLINE BLACK
-72.416	18.481
-72.396	18.521
-72.136	18.461
POLYLINE BLACK
-73.216	17.501
-73.176	17.521
-72.936	17.461
POLYLINE BLACK
-72.916	17.941
-72.776	17.941
-72.676	17.861
POLYLINE BLACK
-73.076	18.721
-72.896	18.721
-72.796	18.681
-72.756	18.641
-72.756	18.561
POLYLINE BLACK
-73.456	18.401
-73.416	18.421
-73.156	18.341
POLYLINE BLACK
-72.096	18.101
-72.236	17.621
-72.376	17.321
-72.516	17.081
-72.576	17.021
-72.616	16.921
-72.436	16.881
-72.296	16.861
-72.056	16.781
-71.896	16.741
-71.856	16.901
-71.836	16.981
-71.776	17.081
-71.696	17.401
-71.696	17.481
-71.536	17.941
-71.536	18.001
-71.576	18.001
-71.876	18.121
-71.956	18.101
-71.996	18.161
-72.036	18.121
-72.116	18.141
-72.156	18.121
-72.276	18.121
POLYLINE BLACK
-76.316	19.861
-76.116	19.961
POLYLINE BLACK
-75.856	19.681
-75.576	19.701
POLYLINE BLACK
-76.056	19.041
-75.896	19.101
POLYLINE BLACK
-74.916	19.121
-74.796	19.121
-74.716	19.141
-74.696	19.181
POLYLINE BLACK
-74.496	18.921
-74.396	18.921
-74.276	18.981
-74.256	19.021
POLYLINE BLACK
-74.696	19.101
-74.616	19.121
POLYLINE BLACK
-74.836	18.521
-74.796	18.561
-74.636	18.581
POLYLINE BLACK
-74.196	18.241
-74.036	18.121
-73.836	18.061
-73.796	18.101
-73.816	18.361
-73.816	18.601
-73.796	18.821
-73.776	19.121
-73.756	19.201
-73.936	18.901
-74.036	18.561
-74.056	18.481
-74.136	18.281
POLYLINE BLACK
-75.736	18.781
-75.316	18.541
-75.316	18.541
-75.276	18.721
-75.276	18.861
-75.256	19.121
-75.196	19.281
-75.136	19.701
-75.436	19.101
-75.616	18.801
POLYLINE BLACK
-75.956	20.061
-75.956	20.021
-75.876	20.021
-75.496	19.901
-75.456	19.861
-75.156	19.741
-74.956	19.621
-74.836	19.581
-74.716	19.501
-74.556	19.441
-74.516	19.401
-74.436	19.401
-74.356	19.341
-74.316	19.361
-74.236	19.301
-74.156	19.281
-74.016	19.241
-73.936	19.221
-73.856	19.181
-73.816	19.201
-73.576	19.081
-73.156	19.021
-73.016	18.981
-72.916	18.981
-72.636	18.881
-72.516	18.841
-72.456	18.841
-72.376	18.821
-72.336	18.781
-72.176	18.741
-72.016	18.681
-71.976	18.641
-71.896	18.621
-71.636	18.521
-71.516	18.421
POLYLINE BLACK
-71.956	19.081
-72.036	18.961
-72.136	18.881
-72.156	18.781
-72.116	18.801
-71.896	18.741
-71.816	18.741
-71.816	18.801
-72.036	19.101
POLYLINE BLACK
-71.416	19.161
-71.416	19.121
-71.636	18.821
-71.636	18.781
-71.376	18.741
-71.376	18.781
-71.496	19.121
-71.496	19.161
POLYLINE BLACK
-72.256	19.781
-72.516	19.561
-72.196	19.461
-72.196	19.521
-72.256	19.781
POLYLINE BLACK
-72.436	19.501
-72.556	19.361
-72.616	19.221
-72.316	19.121
-72.536	19.381
-72.536	19.421
POLYLINE BLACK
-71.636	19.381
-71.636	19.341
-71.776	19.241
-71.836	19.161
-71.576	19.101
-71.536	19.081
-71.696	19.321
-71.696	19.361
POLYLINE BLACK
-71.796	19.741
-71.796	19.701
-72.076	19.461
-72.056	19.421
-71.836	19.401
-71.796	19.381
-71.936	19.701
POLYLINE BLACK
-72.016	19.421
-72.056	19.401
-72.176	19.221
-72.156	19.181
-71.816	19.161
-71.776	19.201
-71.836	19.181
-71.996	19.361
-72.116	19.441
-72.136	19.481
POLYLINE BLACK
-71.056	19.781
-71.096	19.761
-71.256	19.741
-71.336	19.701
-71.416	19.701
-71.436	19.661
-71.416	19.481
-71.436	19.441
-71.396	19.421
-71.136	19.401
-71.016	19.441
-70.896	19.441
-70.876	19.481
-70.956	19.721
-71.016	19.781
-71.216	19.741
POLYLINE BLACK
-71.356	20.581
-71.596	20.901
-71.656	21.081
-71.756	21.201
-71.696	21.501
-71.676	21.841
-71.636	22.141
-71.636	22.261
-71.556	22.141
-71.416	22.001
-71.416	21.941
-71.256	21.601
-71.196	21.521
-71.156	21.521
-71.076	21.341
-71.076	21.041
-70.996	20.801
-70.996	20.701
-71.156	20.641
-71.236	20.641
-71.356	20.601
-71.396	20.621
-71.436	20.581
POLYLINE BLACK
-71.456	19.961
-71.276	19.961
-71.176	20.001
-71.056	19.981
-70.756	20.041
-70.636	20.041
-70.656	20.341
-70.716	20.641
-70.776	20.701
-70.916	20.641
-71.076	20.621
-71.096	20.581
-71.256	20.521
-71.296	20.481
-71.416	20.461
-71.456	20.421
-71.536	20.401
-71.556	20.361
-71.556	20.401
-71.416	20.021
-71.396	19.981
POLYLINE BLUE
-71.216	21.821
-71.176	21.781
-71.016	21.781
POLYLINE BLUE
-70.716	20.761
-70.776	20.841
-70.716	21.041
-70.836	21.141
-70.876	21.141
-70.876	21.221
-70.836	21.301
-70.896	21.361
-70.976	21.381
-71.056	21.381
-71.076	21.421
-70.956	21.541
-70.956	21.581
-71.076	21.661
-71.156	21.661
-71.136	21.741
-71.156	21.821
-71.276	21.581
-71.256	21.681
-71.216	21.761
-71.176	21.761
-71.036	21.661
POLYLINE BLUE
-69.956	18.841
-69.916	18.881
-69.956	18.961
-70.036	18.981
-70.056	19.021
-70.036	19.101
-70.076	19.261
-70.076	19.301
-70.196	19.381
-70.236	19.381
-70.236	19.541
-70.156	19.661
-70.196	19.701
-70.316	19.601
-70.356	19.721
-70.376	19.801
-70.396	19.721
-70.456	19.641
-70.456	19.601
-70.496	19.561
-70.436	19.621
-70.436	19.721
-70.396	19.761
-70.396	19.801
-70.276	19.761
-70.236	19.781
-70.196	19.741
-70.156	19.781
POLYLINE BLUE
-68.776	17.581
-68.796	17.661
-68.856	17.721
-68.936	17.741
-69.056	17.641
-69.096	17.641
-69.116	17.721
-69.096	17.761
-69.116	17.841
-69.196	17.901
-69.276	17.841
-69.356	17.821
-69.396	17.801
-69.436	17.841
-69.416	17.921
-69.456	18.001
-69.516	18.061
-69.536	18.101
-69.576	17.941
-69.596	17.901
-69.536	17.981
-69.576	18.141
-69.496	18.121
-69.456	18.081
-69.416	18.081
-69.376	18.041
POLYLINE BLACK
-74.981	23.396
-74.816	23.231
-74.561	23.081
-74.171	22.961
-74.051	22.946
-74.021	22.931
-74.021	22.931
-74.156	22.826
-74.201	22.766
-74.261	22.736
-74.366	22.616
-74.561	22.151
-74.591	22.046
-74.786	21.701
-74.936	21.491
-74.996	21.356
-75.011	21.281
-75.086	21.146
-75.146	20.936
-75.371	20.486
-75.401	20.501
-75.521	20.501
-75.611	20.531
-75.986	20.576
-76.241	20.651
-76.331	20.711
-76.361	20.696
-76.346	20.996
-76.331	21.026
-76.331	21.086
-76.151	21.491
-75.626	22.406
-75.506	22.691
-75.431	22.931
-75.281	23.291
-75.191	23.351
-75.131	23.351
-75.041	23.321
-75.011	23.336
-74.981	23.321
POLYLINE BLACK
-72.609	21.432
-72.602	21.418
-72.574	21.397
-72.546	21.355
-72.532	21.348
-72.518	21.306
-72.434	21.194
-72.406	21.138
-72.406	21.124
-72.392	21.110
-72.392	21.096
-72.378	21.061
-72.378	21.047
-72.357	20.991
-72.357	20.893
-72.350	20.858
-72.350	20.816
-72.357	20.788
-72.364	20.739
-72.343	20.683
-72.343	20.669
-72.329	20.662
-72.322	20.634
-72.238	20.564
-72.231	20.550
-72.189	20.522
-72.140	20.466
-72.112	20.403
-72.112	20.389
-72.084	20.333
-72.084	20.319
-72.063	20.291
-72.063	20.270
-72.035	20.249
-72.021	20.214
-71.993	20.172
-71.986	20.144
-71.986	20.116
-71.979	20.102
-71.979	20.067
-71.965	20.039
-71.965	20.011
-71.979	20.004
-72.035	20.018
-72.056	20.018
-72.140	20.039
-72.203	20.039
-72.245	20.053
-72.441	20.053
-72.469	20.046
-72.567	20.074
-72.595	20.074
-72.707	20.102
-72.861	20.116
-72.938	20.144
-73.099	20.200
-73.148	20.214
-73.218	20.256
-73.260	20.263
-73.288	20.277
-73.302	20.277
-73.316	20.291
-73.393	20.326
-73.407	20.326
-73.491	20.368
-73.547	20.389
-73.561	20.403
-73.603	20.410
-73.631	20.431
-73.645	20.431
-73.645	20.445
-73.582	20.592
-73.526	20.669
-73.484	20.711
-73.470	20.711
-73.463	20.725
-73.155	20.970
-73.050	21.040
-72.980	21.110
-72.945	21.131
-72.924	21.159
-72.882	21.194
-72.861	21.229
-72.819	21.257
-72.742	21.327
-72.707	21.369
-72.679	21.390
-72.672	21.404
-72.644	21.411
-72.616	21.411
-72.602	21.404
POLYLINE BLACK
-70.976	23.621
-70.956	23.701
-70.916	23.821
-70.876	24.001
-70.836	24.121
-70.836	24.221
-70.656	24.461
-70.596	24.701
-70.556	24.921
-70.536	25.001
-70.476	25.201
-70.476	25.261
-70.436	25.341
-70.416	25.481
-70.356	25.601
-70.356	25.641
-70.256	25.801
-70.176	25.981
-70.136	26.141
-70.096	26.281
-70.056	26.321
-69.996	26.581
-69.916	26.781
-69.916	26.841
-69.836	27.001
-69.816	27.101
-69.736	27.261
-69.736	27.301
POLYLINE BLACK
-71.796	25.221
-71.676	25.301
-71.556	25.501
-71.556	25.581
-71.536	25.661
-71.536	25.821
-71.456	26.101
-71.296	26.561
-71.276	26.641
-71.156	26.981
-71.156	27.101
-71.136	27.181
-71.116	27.141
POLYLINE BLACK
-73.826	25.871
-73.781	25.811
-73.616	25.781
-73.526	25.736
-73.466	25.736
-73.436	25.706
-73.376	25.706
-73.316	25.691
-73.286	25.661
-73.256	25.661
-73.166	25.616
-73.091	25.616
-73.001	25.571
-72.866	25.571
-72.806	25.511
-72.671	25.511
-72.611	25.481
-72.521	25.481
-72.491	25.451
-72.356	25.436
-72.296	25.406
-72.236	25.406
-72.086	25.361
-72.056	25.376
-71.921	25.316
-71.861	25.316
-71.741	25.241
-71.741	25.241
POLYLINE BLACK
-76.016	21.821
-76.016	21.971
-76.001	22.031
-75.956	22.286
-75.896	22.706
-75.896	22.811
-75.866	22.976
-75.821	23.141
-75.806	23.336
-75.791	23.396
-75.791	23.456
-75.776	23.486
-75.776	23.546
-75.761	23.606
-75.701	23.996
-75.656	24.221
-75.641	24.251
-75.641	24.326
-75.611	24.431
-75.581	24.461
-75.566	24.596
-75.551	24.626
-75.551	24.701
-75.536	24.731
-75.536	24.806
-75.521	24.911
-75.491	25.061
-75.446	25.211
-75.446	25.346
-75.461	25.421
-75.461	25.451
-75.476	25.481
-75.476	25.586
-75.491	25.646
-75.491	25.766
-75.476	25.796
-75.446	25.811
POLYLINE BLACK
-73.756	17.696
-73.856	17.816
-74.006	17.936
-74.026	17.926
-74.066	17.936
-74.086	17.956
-74.126	17.956
-74.146	17.966
-74.216	17.956
-74.256	17.966
-74.286	17.936
-74.296	17.966
-74.296	17.966
-74.376	17.916
-74.416	17.916
-74.486	17.936
-74.596	18.076
-74.616	18.076
-74.656	18.106
-74.696	18.096
-74.736	18.106
-74.786	18.136
-74.886	18.146
-74.946	18.176
-74.986	18.166
-75.176	18.236
-75.196	18.226
-75.246	18.246
-75.256	18.266
-75.266	18.246
-75.306	18.256
-75.356	18.256
-75.426	18.276
-75.466	18.286
-75.486	18.276
-75.546	18.296
-75.606	18.296
-75.746	18.346
-75.766	18.366
-75.806	18.346
-75.826	18.356
-75.876	18.356
-75.896	18.376
-75.956	18.376
-75.996	18.386
-76.016	18.406
-76.066	18.406
-76.176	18.456
-76.196	18.446
-76.326	18.486
-76.346	18.476
-76.416	18.506
-76.456	18.496
-76.566	18.516
-76.626	18.526
-76.716	18.556
-76.756	18.566
-76.776	18.556
-76.816	18.566
-76.836	18.566
-76.856	18.586
-76.876	18.586
-76.896	18.606
-76.936	18.616
-77.056	18.676
-77.076	18.696
-77.096	18.696
-77.126	18.746
-77.146	18.746
POLYLINE BLACK
-73.709	17.698
-73.706	17.689
-73.703	17.644
-73.694	17.632
-73.679	17.602
-73.673	17.581
-73.664	17.554
-73.664	17.548
-73.658	17.536
-73.658	17.521
-73.652	17.509
-73.652	17.503
-73.649	17.497
-73.649	17.485
-73.637	17.452
-73.631	17.431
-73.625	17.419
-73.619	17.389
-73.607	17.356
-73.601	17.350
-73.586	17.305
-73.586	17.299
-73.562	17.251
-73.562	17.242
-73.556	17.230
-73.556	17.224
-73.547	17.206
-73.547	17.200
-73.538	17.179
-73.538	17.173
-73.532	17.161
-73.532	17.146
-73.523	17.125
-73.523	17.119
-73.520	17.113
-73.520	17.107
-73.517	17.101
-73.517	17.095
POLYLINE BLACK
-73.790	16.260
-73.490	16.110
-73.370	16.020
-73.250	16.050
-73.220	15.990
-73.100	15.960
-72.860	15.870
-72.800	15.870
-72.740	15.810
-72.620	15.810
-72.380	15.690
-72.200	15.660
-72.140	15.600
-72.020	15.570
-71.960	15.600
-71.780	15.540
-71.720	15.570
-71.660	15.540
-71.600	15.570
-71.540	15.510
-71.480	15.540
-71.300	15.480
-71.210	15.540
-71.090	15.480
-71.030	15.510
-70.910	15.480
-70.790	15.450
-70.730	15.480
-70.580	15.480
-70.400	15.420
-70.100	15.510
-70.040	15.480
-69.980	15.540
-69.920	15.510
-69.740	15.630
-69.560	15.630
-69.320	15.720
-69.200	15.720
-69.140	15.750
-69.080	15.690
-69.110	15.750
-69.050	15.720
POLYLINE BLACK
-70.910	23.610
-70.910	23.490
-70.670	22.980
-70.580	22.620
-70.490	22.440
-70.490	22.380
-70.430	22.320
-70.400	22.200
-70.310	22.050
-70.280	21.930
-70.190	21.660
-70.100	21.480
-70.100	21.390
-69.920	21.060
-69.860	20.820
-69.770	20.550
-69.710	20.310
-69.680	20.190
-69.650	20.070
-69.560	19.830
-69.530	19.710
-69.200	19.020
-69.170	18.900
-69.110	18.780

ELEVATION
STATIONS
181.948	-34.443	13.0
187.244	-34.227	13.1
190.229	-32.443	13.2
193.606	-32.137	13.3
197.304	-32.907	13.4
199.632	-33.051	13.5
201.911	-33.162	13.6
186.233	-32.247	13.7
187.462	-32.530	13.8
189.397	-32.825	13.9
193.498	-33.976	13.10
195.104	-34.587	13.11
198.254	-35.230	13.12
203.457	-36.994	13.13
206.755	-37.744	13.14
209.763	-38.362	13.15
196.764	-34.190	13.16
181.948	-34.443	13.17
212.472	-33.614	13.18
213.531	-29.683	13.19
214.632	-30.053	13.20
216.718	-32.810	13.21
224.102	-31.081	13.22
228.065	-31.229	13.23
230.503	-31.115	13.24
233.513	-28.835	13.25
236.763	-27.864	13.26
241.396	-26.382	13.27
236.960	-31.490	13.26
233.735	-35.540	13.25
230.645	-35.330	13.24
215.645	-18.320	13.21
206.659	-35.555	13.14
198.210	-37.447	13.12
187.402	-29.641	13.8
199.547	-30.871	13.5
197.227	-30.956	13.4
193.455	-25.805	13.3
185.870	-19.710	13.1
SHOTS
236.763	-27.864	241.396	-26.382
241.396	-26.382	241.142	-26.248
241.396	-26.382	241.181	-22.883
241.396	-26.382	242.306	-23.658
241.396	-26.382	241.565	-26.332
241.396	-26.382	241.593	-27.662
233.513	-28.835	236.763	-27.864
236.763	-27.864	236.841	-27.586
236.763	-27.864	236.182	-27.540
236.763	-27.864	236.662	-28.185
236.763	-27.864	236.070	-27.003
230.503	-31.115	233.513	-28.835
233.513	-28.835	233.204	-28.774
233.513	-28.835	233.494	-26.554
233.513	-28.835	233.458	-30.575
233.513	-28.835	234.050	-28.587
233.513	-28.835	231.071	-30.704
233.513	-28.835	231.621	-30.475
233.513	-28.835	234.795	-28.590
233.513	-28.835	235.175	-28.305
228.065	-31.229	230.503	-31.115
230.503	-31.115	230.451	-31.100
230.503	-31.115	230.539	-28.932
230.503	-31.115	230.492	-31.696
224.102	-31.081	228.065	-31.229
228.065	-31.229	227.676	-26.782
228.065	-31.229	228.226	-30.409
228.065	-31.229	228.167	-31.117
228.065	-31.229	228.076	-31.708
216.718	-32.810	224.102	-31.081
224.102	-31.081	224.078	-31.031
224.102	-31.081	222.932	-26.238
224.102	-31.081	224.940	-32.760
212.472	-33.614	216.718	-32.810
216.718	-32.810	216.757	-32.645
216.718	-32.810	216.521	-28.345
216.718	-32.810	216.591	-32.756
216.718	-32.810	216.857	-34.074
213.531	-29.683	214.632	-30.053
214.632	-30.053	214.942	-30.127
214.632	-30.053	213.634	-29.563
214.632	-30.053	214.389	-29.526
214.632	-30.053	214.639	-30.503
212.472	-33.614	213.531	-29.683
213.531	-29.683	214.331	-25.737
213.531	-29.683	213.785	-29.757
213.531	-29.683	212.818	-30.750
213.531	-29.683	213.606	-30.292
204.956	-34.427	212.472	-33.614
212.472	-33.614	212.074	-33.429
212.472	-33.614	212.272	-29.657
212.472	-33.614	212.759	-33.391
212.472	-33.614	212.488	-34.018
181.948	-34.443	181.948	-34.443
196.764	-34.190	204.956	-34.427
195.104	-34.587	196.764	-34.190
196.764	-34.190	196.764	-33.856
196.764	-34.190	197.386	-42.308
196.764	-34.190	196.184	-34.544
196.764	-34.190	197.632	-33.935
196.764	-34.190	195.930	-34.428
196.764	-34.190	195.625	-43.166
196.764	-34.190	196.493	-42.982
196.764	-34.190	199.511	-33.388
206.755	-37.744	209.763	-38.362
209.763	-38.362	210.111	-38.515
209.763	-38.362	210.722	-38.561
209.763	-38.362	210.213	-38.338
209.763	-38.362	210.311	-38.115
209.763	-38.362	209.684	-38.073
209.763	-38.362	209.757	-38.613
209.763	-38.362	209.891	-38.169
209.763	-38.362	209.229	-38.345
203.457	-36.994	206.755	-37.744
206.755	-37.744	206.874	-37.440
206.755	-37.744	206.720	-37.648
206.755	-37.744	207.284	-37.738
206.755	-37.744	206.835	-38.332
198.254	-35.230	203.457	-36.994
203.457	-36.994	203.585	-36.937
203.457	-36.994	203.461	-36.750
195.104	-34.587	198.254	-35.230
198.254	-35.230	198.280	-34.920
198.254	-35.230	198.235	-35.185
198.254	-35.230	198.235	-35.655
198.254	-35.230	198.264	-35.214
193.498	-33.976	195.104	-34.587
195.104	-34.587	194.198	-33.963
195.104	-34.587	195.459	-34.423
195.104	-34.587	195.128	-34.236
195.104	-34.587	196.171	-34.699
195.104	-34.587	195.745	-34.633
189.397	-32.825	193.498	-33.976
193.498	-33.976	191.375	-33.570
193.498	-33.976	191.999	-33.786
193.498	-33.976	191.919	-33.788
193.498	-33.976	193.180	-33.981
193.498	-33.976	192.926	-33.879
193.498	-33.976	193.451	-34.445
187.462	-32.530	189.397	-32.825
189.397	-32.825	189.418	-32.688
189.397	-32.825	189.404	-32.746
189.397	-32.825	189.387	-33.037
189.397	-32.825	189.411	-32.954
189.397	-32.825	189.218	-32.755
189.397	-32.825	189.457	-32.797
186.233	-32.247	187.462	-32.530
187.462	-32.530	187.451	-32.372
187.462	-32.530	187.429	-32.767
187.462	-32.530	187.281	-32.583
187.462	-32.530	187.147	-32.255
187.462	-32.530	187.355	-32.523
181.948	-34.443	186.233	-32.247
186.233	-32.247	186.154	-32.471
186.233	-32.247	186.461	-32.961
186.233	-32.247	186.171	-32.162
186.233	-32.247	186.362	-32.301
199.632	-33.051	201.911	-33.162
201.911	-33.162	201.822	-33.182
201.911	-33.162	201.709	-32.852
201.911	-33.162	201.933	-33.101
201.911	-33.162	201.805	-33.459
197.304	-32.907	199.632	-33.051
199.632	-33.051	199.581	-32.613
199.632	-33.051	199.671	-32.980
199.632	-33.051	199.686	-33.774
193.606	-32.137	197.304	-32.907
197.304	-32.907	197.156	-32.710
197.304	-32.907	197.294	-33.223
197.304	-32.907	197.377	-32.540
197.304	-32.907	197.335	-32.840
190.229	-32.443	193.606	-32.137
193.606	-32.137	193.586	-32.042
193.606	-32.137	193.607	-31.966
193.606	-32.137	193.350	-32.402
193.606	-32.137	193.548	-33.358
187.244	-34.227	190.229	-32.443
190.229	-32.443	190.482	-32.329
190.229	-32.443	190.081	-31.820
190.229	-32.443	190.113	-34.364
181.948	-34.443	187.244	-34.227
187.244	-34.227	187.228	-34.188
187.244	-34.227	188.562	-34.050
187.244	-34.227	187.541	-31.430
187.244	-34.227	187.779	-35.397
187.244	-34.227	186.753	-37.884
181.948	-34.443	181.948	-34.443
181.948	-34.443	186.174	-34.167
181.948	-34.443	184.238	-34.400
181.948	-34.443	179.135	-33.329
181.948	-34.443	176.195	-32.531
181.948	-34.443	177.964	-32.566
181.948	-34.443	176.408	-32.419
181.948	-34.443	178.767	-32.978
181.948	-34.443	179.391	-33.176
181.948	-34.443	181.312	-33.602
181.948	-34.443	183.963	-33.862
181.948	-34.443	187.701	-33.560
181.948	-34.443	187.265	-33.568
181.948	-34.443	187.843	-34.229
181.948	-34.443	187.600	-34.417
181.948	-34.443	182.018	-35.198
181.948	-34.443	181.126	-34.711
181.948	-34.443	182.668	-34.668
181.948	-34.443	183.055	-34.994
181.948	-34.443	184.887	-35.149
181.948	-34.443	183.536	-35.432
181.948	-34.443	182.234	-31.385
181.948	-34.443	181.955	-35.333
181.948	-34.443	182.673	-36.501
236.960	-31.490	237.083	-31.212	
236.960	-31.490	237.422	-31.166	
236.960	-31.490	236.983	-31.811	
236.960	-31.490	237.345	-30.629	
233.735	-35.540	234.217	-35.479	
233.735	-35.540	233.876	-33.259	
233.735	-35.540	233.758	-37.280	
233.735	-35.540	232.724	-35.292	
233.735	-35.540	233.826	-37.409	
233.735	-35.540	233.535	-37.180	
233.735	-35.540	234.366	-35.295	
233.735	-35.540	233.803	-35.010	
230.645	-35.330	230.110	-35.315	
230.645	-35.330	230.334	-33.147	
230.645	-35.330	230.647	-35.911	
215.645	-18.320	214.960	-18.155	
215.645	-18.320	215.074	-13.855	
215.645	-18.320	216.178	-18.266	
215.645	-18.320	215.745	-19.584	
206.659	-35.555	206.522	-35.251	
206.659	-35.555	206.839	-35.459	
206.659	-35.555	205.889	-35.549	
206.659	-35.555	206.543	-36.143	
198.210	-37.447	198.268	-37.137	
198.210	-37.447	199.049	-37.402	
198.210	-37.447	198.202	-37.872	
198.210	-37.447	198.025	-37.431	
187.402	-29.641	187.379	-29.483	
187.402	-29.641	187.301	-29.878	
187.402	-29.641	186.805	-29.694	
187.402	-29.641	185.458	-29.366	
187.402	-29.641	187.863	-29.634	
199.547	-30.871	199.513	-30.433	
199.547	-30.871	199.114	-30.800	
199.547	-30.871	199.263	-31.594	
197.227	-30.956	197.779	-30.759	
197.227	-30.956	197.330	-31.272	
197.227	-30.956	197.439	-30.589	
197.227	-30.956	197.088	-30.889	
193.455	-25.805	193.666	-25.710	
193.455	-25.805	193.411	-25.634	
193.455	-25.805	192.693	-26.070	
193.455	-25.805	192.983	-27.026	
185.870	-19.710	186.117	-19.671	
185.870	-19.710	184.452	-19.533	
185.870	-19.710	185.538	-16.913	
185.870	-19.710	185.483	-20.880	
185.870	-19.710	184.793	-23.367	
POLYLINE BLACK
236.885	-28.205
236.900	-28.160
236.930	-28.130
237.380	-27.965
237.485	-27.935
237.755	-27.875
237.950	-27.860
238.145	-27.800
238.235	-27.800
238.265	-27.770
238.370	-27.770
238.430	-27.740
238.610	-27.740
238.790	-27.710
POLYLINE BLACK
236.120	-26.840
236.150	-26.840
236.225	-26.810
236.300	-26.810
236.705	-26.690
236.855	-26.645
236.885	-26.615
237.155	-26.510
237.260	-26.495
237.665	-26.375
237.710	-26.375
237.740	-26.345
237.815	-26.330
238.130	-26.180
238.160	-26.180
238.295	-26.105
POLYLINE BLACK
237.380	-26.525
237.425	-26.525
237.455	-26.510
POLYLINE BLACK
237.275	-29.225
POLYLINE BLACK
238.010	-31.100
238.025	-31.025
238.025	-30.815
238.010	-30.755
238.010	-30.620
238.040	-30.410
238.040	-30.350
238.055	-30.290
238.040	-30.260
238.040	-30.155
238.055	-30.095
238.055	-30.065
238.070	-30.005
238.070	-29.975
238.115	-29.885
238.115	-29.855
238.130	-29.795
238.130	-29.690
238.100	-29.600
238.070	-29.570
237.950	-29.660
237.875	-29.780
237.860	-29.825
237.815	-29.885
237.740	-30.050
237.665	-30.170
237.635	-30.245
237.575	-30.305
237.560	-30.350
237.320	-30.560
237.245	-30.650
237.215	-30.665
237.125	-30.785
237.065	-30.890
237.005	-31.010
236.975	-31.025
236.975	-31.055
236.930	-31.115
236.930	-31.220
236.915	-31.280
236.915	-31.640
236.930	-31.700
236.960	-31.745
POLYLINE BLACK
236.975	-31.730
237.005	-31.730
237.125	-31.805
237.230	-31.835
237.290	-31.805
237.320	-31.820
237.350	-31.790
237.380	-31.790
237.395	-31.760
237.590	-31.670
237.710	-31.505
237.740	-31.490
237.785	-31.430
237.845	-31.400
237.875	-31.355
237.935	-31.325
238.010	-31.160
238.010	-31.100
POLYLINE CONNECT
236.960	-31.490
236.763	-27.864
POLYLINE BLACK
236.855	-28.100
236.825	-28.100
236.795	-28.130
236.705	-28.130
236.675	-28.145
236.645	-28.130
236.555	-28.175
236.525	-28.175
236.465	-28.160
236.435	-28.175
236.405	-28.160
236.315	-28.190
236.225	-28.160
236.105	-28.190
236.030	-28.205
235.970	-28.190
235.880	-28.190
235.850	-28.205
235.820	-28.175
235.760	-28.190
235.730	-28.190
235.610	-28.160
235.490	-28.235
235.445	-28.340
235.295	-28.520
235.265	-28.520
235.070	-28.595
POLYLINE BLACK
233.375	-26.525
233.420	-26.615
233.450	-26.615
233.480	-26.630
233.555	-26.630
233.615	-26.615
233.645	-26.585
233.675	-26.585
233.810	-26.540
233.840	-26.555
233.900	-26.540
233.945	-26.540
234.035	-26.570
234.065	-26.555
234.185	-26.555
234.245	-26.570
234.275	-26.570
234.395	-26.615
234.470	-26.675
234.515	-26.690
234.680	-26.795
234.845	-26.855
234.995	-26.960
235.295	-27.080
235.475	-27.080
235.535	-27.050
235.565	-27.050
235.730	-26.990
235.760	-26.990
235.880	-26.930
235.955	-26.930
235.985	-26.915
236.015	-26.930
POLYLINE BLUE
230.765	-31.310
POLYLINE BLUE
231.320	-30.590
231.125	-30.920
230.915	-31.280
230.795	-31.400
230.600	-31.475
POLYLINE BLUE
231.245	-30.530
230.990	-30.800
230.945	-30.890
230.765	-31.145
230.645	-31.385
230.555	-31.490
POLYLINE BLUE
231.485	-30.395
231.425	-30.425
231.395	-30.425
231.260	-30.575
231.185	-30.800
231.185	-30.860
231.170	-30.890
231.170	-30.995
231.140	-31.100
231.095	-31.205
230.975	-31.340
230.780	-31.445
230.645	-31.550
POLYLINE BLUE
233.645	-30.230
POLYLINE BLUE
233.705	-30.005
233.570	-30.290
POLYLINE BLUE
234.755	-28.535
234.650	-28.700
POLYLINE BLUE
234.440	-29.285
234.410	-29.360
234.365	-29.615
POLYLINE BLUE
234.260	-29.210
234.185	-29.390
234.155	-29.585
POLYLINE BLUE
234.245	-29.510
234.245	-29.540
234.185	-29.690
234.185	-29.735
POLYLINE BLUE
234.215	-29.435
POLYLINE BLUE
234.395	-28.880
234.365	-28.985
POLYLINE BLUE
234.545	-28.850
234.470	-28.955
234.455	-29.015
234.365	-29.195
234.365	-29.225
POLYLINE BLUE
234.995	-28.475
234.935	-28.535
234.875	-28.535
234.800	-28.580
234.740	-28.655
234.665	-28.850
234.590	-28.940
234.575	-28.985
234.545	-29.015
234.485	-29.165
234.410	-29.435
234.380	-29.495
234.350	-29.630
POLYLINE BLACK
235.190	-28.550
235.100	-28.580
235.040	-28.565
235.010	-28.565
234.950	-28.580
234.890	-28.580
234.860	-28.610
234.830	-28.610
234.800	-28.625
234.770	-28.670
234.770	-28.700
234.755	-28.760
234.755	-28.805
234.740	-28.865
234.740	-28.925
234.725	-28.955
234.740	-28.985
234.725	-29.045
234.725	-29.180
234.710	-29.240
234.710	-29.270
234.695	-29.330
234.695	-29.420
234.680	-29.450
234.680	-29.555
234.665	-29.615
234.665	-29.645
234.650	-29.705
234.560	-29.780
234.545	-29.810
234.515	-29.795
234.485	-29.825
234.425	-29.825
234.335	-29.885
234.275	-29.870
234.245	-29.870
234.215	-29.855
234.185	-29.870
234.155	-29.855
234.125	-29.885
234.125	-29.885
234.080	-29.870
233.930	-29.960
233.885	-30.050
233.885	-30.080
233.855	-30.140
233.855	-30.200
233.840	-30.260
233.840	-30.290
233.765	-30.410
233.735	-30.410
233.675	-30.470
233.645	-30.470
233.540	-30.500
233.450	-30.500
233.390	-30.530
POLYLINE BLUE
230.735	-35.705
POLYLINE BLUE
230.585	-35.720
POLYLINE BLUE
230.360	-35.690
230.345	-35.720
POLYLINE BLUE
230.705	-35.660
230.675	-35.690
230.660	-35.735
230.630	-35.765
POLYLINE BLUE
230.510	-35.675
230.465	-35.750
230.465	-35.780
POLYLINE BLUE
230.360	-35.720
230.345	-35.750
POLYLINE BLUE
230.180	-35.660
230.420	-35.660
230.495	-35.675
230.555	-35.660
230.630	-35.645
230.660	-35.630
230.720	-35.645
230.750	-35.630
230.780	-35.660
POLYLINE BLACK
233.885	-37.280
233.750	-37.280
233.675	-37.295
233.540	-37.265
233.360	-37.205
233.225	-37.190
233.165	-37.130
233.135	-37.130
233.060	-37.040
233.030	-36.920
232.955	-36.725
232.955	-36.695
232.850	-36.410
232.805	-36.215
232.805	-36.140
232.745	-35.930
232.745	-35.855
232.730	-35.765
232.730	-35.720
232.715	-35.660
232.730	-35.540
232.745	-35.405
232.760	-35.345
232.760	-35.345
232.760	-35.315
232.865	-35.090
232.865	-35.060
232.880	-35.000
232.910	-34.970
232.910	-34.940
232.955	-34.865
232.955	-34.835
233.015	-34.700
233.105	-34.385
233.105	-34.355
233.165	-34.190
233.180	-34.085
233.165	-34.040
233.165	-33.980
233.135	-33.890
233.135	-33.845
233.120	-33.785
233.120	-33.560
233.135	-33.530
233.135	-33.455
233.180	-33.320
233.180	-33.290
233.285	-33.230
233.375	-33.230
233.435	-33.215
233.495	-33.230
233.600	-33.230
233.660	-33.260
233.690	-33.260
233.780	-33.320
233.810	-33.350
233.915	-33.395
234.005	-33.605
234.035	-33.890
234.050	-33.980
234.050	-34.205
234.080	-34.310
234.080	-34.415
234.095	-34.475
234.095	-34.730
234.110	-34.790
234.110	-34.895
234.125	-34.970
234.125	-35.030
234.140	-35.090
234.140	-35.165
234.155	-35.195
234.155	-35.375
234.140	-35.405
234.140	-35.570
234.125	-35.630
234.125	-35.660
234.110	-35.690
234.110	-35.735
234.065	-35.825
234.065	-35.855
234.005	-35.975
233.990	-36.110
233.990	-36.350
234.005	-36.410
234.005	-36.530
233.990	-36.605
233.990	-36.635
233.975	-36.695
233.975	-36.950
233.960	-36.980
233.960	-37.085
233.945	-37.145
233.900	-37.205
233.840	-37.250
POLYLINE BLACK
230.780	-35.855
230.720	-35.855
230.630	-35.885
230.525	-35.840
230.465	-35.855
230.375	-35.855
230.345	-35.840
230.330	-35.810
230.255	-35.780
230.195	-35.690
230.135	-35.555
230.135	-35.495
230.120	-35.420
230.120	-35.315
230.105	-35.285
230.120	-35.255
230.105	-35.225
230.120	-35.195
230.120	-35.045
230.135	-34.940
230.135	-34.820
230.150	-34.745
230.150	-34.715
230.165	-34.685
230.165	-34.490
230.150	-34.460
230.150	-34.145
230.135	-34.085
230.135	-34.010
230.120	-33.950
230.105	-33.815
230.105	-33.695
230.120	-33.635
230.120	-33.470
230.150	-33.365
230.240	-33.125
230.330	-33.080
230.405	-33.080
230.465	-33.095
230.495	-33.095
230.570	-33.155
230.645	-33.245
230.705	-33.290
230.795	-33.530
230.795	-33.575
230.810	-33.605
230.810	-33.755
230.825	-33.815
230.825	-34.010
230.840	-34.100
230.825	-34.355
230.825	-34.505
230.810	-34.610
230.810	-34.670
230.795	-34.730
230.795	-34.835
230.780	-34.865
230.780	-35.090
230.765	-35.165
230.765	-35.255
230.795	-35.375
230.795	-35.510
230.810	-35.585
230.810	-35.720
230.735	-35.810
230.705	-35.825
POLYLINE CONNECT
233.735	-35.540
233.513	-28.835
POLYLINE CONNECT
230.645	-35.330
230.503	-31.115
POLYLINE BLACK
222.995	-26.180
223.895	-26.000
POLYLINE BLACK
223.325	-26.120
223.445	-26.090
223.595	-26.030
223.655	-26.060
224.045	-25.910
POLYLINE BLACK
233.465	-30.380
233.465	-30.440
233.405	-30.500
233.135	-30.500
233.075	-30.470
233.015	-30.500
232.895	-30.470
232.685	-30.440
232.625	-30.380
232.445	-30.380
232.325	-30.410
232.205	-30.410
232.115	-30.380
231.995	-30.410
231.875	-30.410
231.815	-30.380
231.635	-30.440
231.575	-30.410
231.485	-30.500
231.485	-30.560
231.095	-31.250
230.915	-31.490
230.795	-31.520
230.615	-31.580
230.435	-31.580
230.315	-31.610
230.225	-31.610
230.165	-31.580
230.045	-31.610
229.835	-31.610
229.775	-31.580
229.655	-31.610
229.535	-31.610
229.385	-31.640
229.175	-31.640
228.815	-31.730
228.695	-31.700
228.515	-31.700
228.395	-31.730
228.125	-31.700
227.885	-31.700
227.735	-31.730
227.615	-31.730
227.165	-31.910
227.045	-31.910
226.985	-31.970
226.925	-31.970
226.775	-32.060
226.625	-32.090
226.385	-32.240
226.205	-32.390
226.085	-32.360
226.025	-32.390
225.875	-32.360
225.575	-32.480
225.425	-32.480
225.365	-32.510
225.245	-32.480
224.855	-32.570
224.645	-32.570
224.375	-32.630
224.255	-32.630
224.045	-32.660
POLYLINE BLACK
230.375	-29.060
230.495	-29.120
230.675	-29.060
230.795	-29.090
230.915	-29.060
230.975	-29.060
231.035	-29.120
231.035	-29.060
231.155	-29.090
231.785	-28.460
232.085	-27.950
232.145	-27.680
232.295	-27.440
232.865	-26.870
233.045	-26.750
233.285	-26.690
233.345	-26.630
233.465	-26.630
POLYLINE BLACK
227.555	-26.330
227.405	-26.330
227.255	-26.300
227.015	-26.360
226.745	-26.360
226.415	-26.450
226.295	-26.480
226.025	-26.570
225.965	-26.630
225.905	-26.630
225.905	-26.690
226.175	-26.870
226.445	-26.870
226.505	-26.900
226.655	-26.870
227.075	-26.870
227.195	-26.840
227.315	-26.870
227.465	-26.870
227.585	-26.900
227.735	-26.930
228.005	-27.080
228.125	-27.140
228.395	-27.530
228.605	-28.010
228.635	-28.130
228.725	-28.400
228.815	-28.550
228.965	-28.790
229.145	-28.970
229.265	-29.090
229.385	-29.120
229.505	-29.150
229.625	-29.180
229.775	-29.120
229.925	-29.120
230.075	-29.060
230.315	-29.060
230.435	-29.030
230.675	-29.030
230.735	-29.000
POLYLINE BLACK
223.685	-26.000
224.135	-25.820
224.195	-25.760
224.255	-25.760
224.375	-25.670
224.495	-25.700
224.975	-25.550
225.185	-25.550
225.245	-25.490
225.335	-25.490
225.755	-25.370
225.875	-25.340
225.935	-25.340
POLYLINE BLACK
216.755	-33.860
216.875	-33.860
216.995	-33.890
217.115	-33.860
217.475	-33.650
217.745	-33.230
217.925	-33.140
217.985	-33.140
218.165	-33.020
218.285	-32.990
218.555	-32.900
218.675	-32.930
218.855	-32.930
218.975	-32.870
219.095	-32.900
219.485	-32.900
219.635	-32.870
220.115	-32.870
220.175	-32.930
220.385	-32.900
220.475	-32.900
220.595	-32.930
220.715	-32.900
220.895	-32.900
221.015	-32.930
221.135	-32.900
221.255	-32.930
221.645	-32.930
221.765	-32.960
221.945	-32.960
222.065	-32.930
222.185	-32.960
222.635	-32.960
222.695	-32.900
222.755	-32.960
222.935	-32.900
223.055	-32.930
223.115	-32.900
223.175	-32.930
223.295	-32.870
223.415	-32.900
223.475	-32.840
223.595	-32.840
223.745	-32.810
223.805	-32.810
224.105	-32.600
224.405	-32.600
224.585	-32.510
224.945	-32.510
POLYLINE BLACK
216.245	-28.460
216.515	-28.340
216.665	-28.310
216.995	-28.190
217.145	-28.190
217.265	-28.160
217.535	-28.010
217.655	-28.010
217.835	-27.920
217.895	-27.920
218.015	-27.830
218.315	-27.710
218.495	-27.590
218.795	-27.530
219.035	-27.380
220.025	-26.960
220.205	-26.840
220.475	-26.780
220.865	-26.540
221.165	-26.510
221.945	-26.270
222.095	-26.240
222.335	-26.150
222.455	-26.180
222.605	-26.150
222.725	-26.180
222.965	-26.120
223.085	-26.150
POLYLINE BLACK
215.615	-13.985
215.765	-14.045
215.795	-14.060
215.810	-14.090
215.855	-14.090
215.885	-14.105
215.900	-14.135
215.930	-14.135
215.975	-14.195
215.960	-14.255
215.840	-14.405
215.825	-14.465
215.825	-14.495
215.885	-14.660
215.885	-14.690
215.930	-14.825
215.930	-14.885
215.915	-14.945
215.915	-14.990
215.885	-15.110
215.885	-15.185
215.870	-15.245
215.870	-15.440
215.855	-15.500
215.855	-15.590
215.870	-15.650
215.870	-15.800
215.885	-15.860
215.885	-15.935
215.900	-15.995
215.900	-16.055
215.915	-16.085
215.915	-16.265
215.930	-16.325
215.930	-16.700
215.945	-16.760
215.945	-16.790
215.930	-16.850
215.930	-17.015
215.945	-17.075
215.975	-17.210
216.065	-17.270
216.080	-17.300
216.110	-17.315
216.155	-17.375
216.170	-17.450
216.185	-17.510
216.185	-17.915
216.200	-17.975
216.200	-18.035
216.185	-18.065
216.200	-18.095
216.185	-18.170
216.185	-18.290
216.170	-18.335
216.185	-18.365
POLYLINE BLACK
215.600	-19.520
215.660	-19.565
215.705	-19.625
215.765	-19.640
215.855	-19.640
215.915	-19.655
215.945	-19.655
216.005	-19.640
216.035	-19.640
216.095	-19.625
216.155	-19.580
216.185	-19.580
216.260	-19.490
216.260	-19.400
216.275	-19.325
216.275	-19.265
216.200	-18.965
216.200	-18.935
216.185	-18.905
216.185	-18.740
216.200	-18.695
216.185	-18.635
216.185	-18.545
216.170	-18.470
216.155	-18.275
216.140	-18.245
POLYLINE BLACK
214.850	-15.560
214.835	-15.500
214.805	-15.470
214.805	-15.425
214.790	-15.365
214.790	-15.260
214.820	-15.140
214.820	-15.035
214.835	-15.005
214.790	-14.855
214.760	-14.750
214.760	-14.720
214.745	-14.690
214.760	-14.630
214.760	-14.465
214.715	-14.300
214.700	-14.240
214.580	-14.165
214.520	-14.135
214.430	-14.135
214.400	-14.150
214.370	-14.135
214.415	-14.060
214.520	-14.000
214.550	-14.000
214.610	-13.955
POLYLINE BLACK
215.705	-19.505
215.645	-19.520
215.615	-19.520
215.555	-19.430
215.555	-19.385
215.525	-19.325
215.525	-19.190
215.510	-19.130
215.510	-18.875
215.525	-18.800
215.525	-18.770
215.570	-18.605
215.570	-18.515
215.600	-18.485
215.600	-18.425
215.510	-18.305
215.480	-18.305
215.420	-18.290
215.390	-18.290
215.330	-18.305
215.240	-18.305
215.210	-18.320
215.150	-18.275
215.120	-18.275
215.030	-18.230
215.000	-18.230
214.985	-18.200
214.955	-18.185
214.940	-18.125
214.910	-18.110
214.790	-17.915
214.730	-17.870
214.730	-17.840
214.715	-17.810
214.745	-17.690
214.745	-17.600
214.760	-17.570
214.745	-17.510
214.745	-17.405
214.760	-17.345
214.760	-17.240
214.745	-17.165
214.745	-17.075
214.760	-17.015
214.760	-16.910
214.775	-16.850
214.775	-16.805
214.790	-16.745
214.790	-16.715
214.805	-16.655
214.805	-16.460
214.775	-16.310
214.775	-16.100
214.835	-15.905
214.895	-15.740
214.910	-15.680
214.910	-15.605
214.835	-15.575
214.745	-15.575
POLYLINE BLACK
214.490	-13.955
214.505	-13.985
214.565	-13.940
214.610	-13.940
214.775	-13.865
214.835	-13.880
214.895	-13.865
214.925	-13.880
214.955	-13.865
215.015	-13.895
215.240	-13.895
215.300	-13.910
215.330	-13.895
215.480	-13.940
215.510	-13.970
215.540	-13.955
215.630	-14.000
215.660	-14.000
215.720	-14.030
POLYLINE CONNECT
215.645	-18.320
216.718	-32.810
POLYLINE BLACK
212.030	-34.160
212.210	-34.160
212.330	-34.100
212.390	-34.130
212.690	-34.070
212.810	-34.100
213.320	-34.040
213.680	-34.040
213.740	-34.070
213.860	-34.040
214.430	-34.040
214.520	-34.010
214.580	-34.040
214.640	-34.010
214.760	-34.040
215.030	-33.980
215.240	-33.980
215.600	-33.890
215.690	-33.920
215.930	-33.860
216.110	-33.830
216.170	-33.860
216.290	-33.830
216.500	-33.830
216.680	-33.890
216.770	-33.890
216.830	-33.860
216.950	-33.890
217.010	-33.890
POLYLINE BLACK
215.660	-28.640
215.780	-28.640
216.470	-28.460
216.650	-28.430
POLYLINE BLACK
215.990	-28.610
215.720	-28.760
215.570	-28.760
215.330	-28.880
215.150	-28.880
214.730	-29.060
214.580	-29.030
213.920	-29.270
213.800	-29.270
213.620	-29.330
213.530	-29.330
213.110	-29.450
212.900	-29.450
212.660	-29.510
212.540	-29.600
212.390	-29.600
212.060	-29.720
212.000	-29.720
211.940	-29.780
211.820	-29.810
POLYLINE BROWN
195.290	-34.700
195.350	-34.720
195.400	-34.710
195.570	-34.730
195.870	-34.710
195.900	-34.720
195.980	-34.710
196.060	-34.720
196.080	-34.710
196.100	-34.720
196.150	-34.710
196.210	-34.700
196.230	-34.680
196.270	-34.680
196.370	-34.630
196.390	-34.610
196.430	-34.610
196.470	-34.580
196.490	-34.580
196.550	-34.540
196.590	-34.530
196.610	-34.510
196.650	-34.500
196.710	-34.470
196.730	-34.480
196.790	-34.460
196.810	-34.440
196.830	-34.450
196.880	-34.440
196.900	-34.440
POLYLINE BROWN
195.080	-34.140
195.120	-34.150
195.210	-34.150
195.250	-34.140
195.290	-34.160
195.350	-34.150
195.440	-34.150
195.530	-34.120
195.640	-34.110
195.680	-34.100
195.700	-34.110
195.760	-34.090
195.910	-34.060
196.020	-34.020
196.050	-34.020
196.200	-33.960
196.240	-33.960
196.350	-33.910
196.390	-33.910
196.430	-33.900
196.450	-33.880
196.540	-33.860
196.620	-33.840
196.700	-33.830
196.770	-33.830
196.810	-33.820
196.860	-33.810
POLYLINE BLUE
210.630	-38.590
210.490	-38.710
210.430	-38.790
POLYLINE BLUE
210.510	-38.570
210.470	-38.610
210.360	-38.700
210.330	-38.750
POLYLINE BLUE
210.370	-38.560
210.240	-38.660
210.210	-38.710
POLYLINE BLUE
210.310	-38.560
210.260	-38.590
210.200	-38.620
210.140	-38.690
POLYLINE BLUE
210.190	-38.550
210.140	-38.580
210.120	-38.580
210.000	-38.690
POLYLINE BLUE
210.040	-38.580
209.990	-38.610
209.930	-38.660
POLYLINE BLUE
209.930	-38.550
209.860	-38.640
POLYLINE BLUE
209.600	-38.550
209.680	-38.550
209.700	-38.540
209.720	-38.550
209.780	-38.520
209.850	-38.530
209.910	-38.540
209.930	-38.530
210.190	-38.540
210.250	-38.530
210.300	-38.540
210.320	-38.530
210.360	-38.540
210.400	-38.550
210.420	-38.540
210.460	-38.550
210.520	-38.550
210.550	-38.540
210.610	-38.560
210.670	-38.570
POLYLINE BLACK
210.440	-38.290
210.510	-38.320
210.610	-38.390
210.660	-38.440
210.710	-38.550
210.710	-38.640
210.680	-38.680
210.670	-38.720
210.620	-38.770
POLYLINE BLACK
210.580	-38.400
210.440	-38.270
210.420	-38.270
210.380	-38.240
210.360	-38.250
210.340	-38.230
210.200	-38.230
210.120	-38.200
210.080	-38.190
209.990	-38.160
209.970	-38.140
209.920	-38.140
209.860	-38.110
209.800	-38.120
209.700	-38.090
209.630	-38.090
209.550	-38.080
209.520	-38.080
209.460	-38.060
209.410	-38.060
209.390	-38.040
209.350	-38.040
209.120	-37.960
209.070	-37.950
209.050	-37.930
208.970	-37.930
208.950	-37.910
208.910	-37.910
208.860	-37.890
208.710	-37.860
208.690	-37.840
208.600	-37.840
208.580	-37.830
208.510	-37.830
208.340	-37.800
208.240	-37.800
208.070	-37.750
208.040	-37.760
207.990	-37.750
207.970	-37.730
207.940	-37.730
207.790	-37.680
207.750	-37.670
207.730	-37.680
207.670	-37.660
207.640	-37.660
207.550	-37.620
207.500	-37.620
207.330	-37.570
207.230	-37.550
207.180	-37.540
207.120	-37.520
207.050	-37.520
207.030	-37.500
207.000	-37.500
206.880	-37.460
206.840	-37.460
206.820	-37.450
POLYLINE BLACK
210.660	-38.730
210.560	-38.800
210.520	-38.810
210.450	-38.830
210.430	-38.810
210.370	-38.830
210.270	-38.790
POLYLINE BLACK
210.410	-38.750
POLYLINE BLACK
209.790	-38.620
209.790	-38.640
209.870	-38.670
209.910	-38.670
209.950	-38.700
209.970	-38.700
209.990	-38.720
210.030	-38.720
210.070	-38.740
210.100	-38.740
210.140	-38.750
210.180	-38.750
210.290	-38.790
210.330	-38.770
210.370	-38.780
POLYLINE BLACK
209.010	-38.450
209.030	-38.460
209.050	-38.450
209.110	-38.470
209.130	-38.460
209.180	-38.470
209.260	-38.480
209.300	-38.490
209.360	-38.510
209.380	-38.500
209.420	-38.530
209.500	-38.530
209.580	-38.570
209.610	-38.570
209.630	-38.560
209.670	-38.570
209.690	-38.590
209.780	-38.600
209.820	-38.610
POLYLINE BLACK
206.740	-38.350
206.860	-38.350
206.970	-38.340
207.010	-38.350
207.050	-38.350
207.090	-38.360
207.170	-38.360
207.190	-38.380
207.330	-38.390
207.490	-38.420
207.580	-38.420
207.610	-38.430
207.730	-38.430
207.870	-38.450
208.010	-38.480
208.060	-38.470
208.190	-38.460
208.240	-38.470
208.320	-38.450
208.410	-38.450
208.430	-38.460
208.530	-38.440
208.570	-38.450
208.610	-38.450
208.630	-38.440
208.690	-38.470
208.750	-38.470
208.800	-38.480
208.820	-38.470
208.830	-38.490
208.830	-38.490
208.830	-38.470
208.840	-38.490
208.840	-38.470
208.860	-38.480
208.900	-38.470
208.990	-38.470
209.010	-38.480
209.010	-38.450
209.020	-38.470
POLYLINE BLACK
207.010	-38.390
207.050	-38.380
207.100	-38.390
207.160	-38.390
207.180	-38.400
POLYLINE BLACK
206.900	-38.260
POLYLINE BLACK
206.572	-36.115
206.579	-36.129
206.607	-36.122
206.621	-36.122
206.628	-36.108
206.670	-36.080
206.698	-36.038
206.712	-36.003
206.712	-35.947
206.719	-35.933
206.719	-35.884
206.726	-35.870
206.726	-35.835
206.747	-35.793
206.747	-35.772
206.761	-35.758
206.761	-35.744
206.789	-35.702
206.831	-35.646
206.873	-35.590
206.873	-35.548
206.859	-35.499
206.831	-35.478
206.852	-35.436
206.852	-35.422
206.859	-35.394
206.859	-35.380
206.866	-35.366
206.852	-35.338
206.852	-35.310
206.817	-35.247
206.761	-35.205
206.747	-35.205
206.719	-35.198
206.705	-35.198
206.691	-35.191
206.663	-35.198
206.635	-35.184
POLYLINE BLACK
205.865	-35.590
205.886	-35.653
205.914	-35.695
205.970	-35.737
206.033	-35.807
206.068	-35.863
206.138	-35.947
206.201	-36.052
206.271	-36.115
206.292	-36.115
206.341	-36.136
206.390	-36.136
206.446	-36.150
206.544	-36.150
206.586	-36.136
206.621	-36.136
POLYLINE BLACK
206.712	-35.205
206.698	-35.205
206.684	-35.198
206.663	-35.198
206.635	-35.184
206.607	-35.191
206.593	-35.184
206.572	-35.184
206.530	-35.198
206.523	-35.212
206.509	-35.212
206.439	-35.247
206.425	-35.240
206.397	-35.268
206.383	-35.268
206.313	-35.303
206.299	-35.303
206.285	-35.317
206.271	-35.317
206.243	-35.324
206.201	-35.352
206.180	-35.352
206.138	-35.380
206.124	-35.380
206.082	-35.401
206.068	-35.401
206.054	-35.394
206.026	-35.415
206.012	-35.415
205.984	-35.422
205.977	-35.436
205.921	-35.478
205.921	-35.492
205.893	-35.534
205.893	-35.548
205.886	-35.576
205.886	-35.597
POLYLINE CONNECT
206.659	-35.555
206.755	-37.744
POLYLINE BLACK
203.509	-36.755
203.614	-36.785
203.659	-36.785
203.794	-36.845
203.914	-36.845
204.049	-36.890
204.184	-36.905
204.214	-36.905
204.349	-36.965
204.379	-36.965
204.409	-36.980
204.454	-36.980
204.484	-37.010
204.514	-37.010
204.619	-37.070
204.739	-37.085
204.919	-37.160
205.144	-37.220
205.174	-37.220
205.204	-37.235
205.249	-37.235
205.279	-37.250
205.324	-37.250
205.384	-37.280
205.459	-37.280
205.789	-37.340
205.849	-37.340
205.879	-37.355
205.924	-37.355
205.984	-37.385
206.119	-37.400
206.224	-37.430
206.269	-37.460
206.419	-37.460
206.479	-37.475
206.614	-37.475
206.674	-37.490
206.704	-37.490
206.734	-37.505
206.764	-37.490
206.794	-37.520
POLYLINE BLACK
203.584	-37.370
203.674	-37.370
203.839	-37.415
203.989	-37.460
204.049	-37.475
204.109	-37.475
204.139	-37.505
204.199	-37.490
204.304	-37.535
204.334	-37.535
204.394	-37.565
204.424	-37.565
204.589	-37.610
204.679	-37.610
204.709	-37.640
204.859	-37.670
204.889	-37.685
204.919	-37.670
205.009	-37.730
205.129	-37.775
205.174	-37.775
205.309	-37.835
205.354	-37.835
205.474	-37.880
205.489	-37.910
205.519	-37.925
205.579	-38.015
205.669	-38.090
205.774	-38.105
205.879	-38.135
205.969	-38.135
205.999	-38.120
206.059	-38.135
206.134	-38.150
206.194	-38.135
206.329	-38.195
206.404	-38.210
206.494	-38.270
206.524	-38.270
206.584	-38.330
206.644	-38.330
206.674	-38.360
206.704	-38.360
206.764	-38.375
206.794	-38.375
POLYLINE BLACK
198.439	-35.000
198.469	-35.000
198.604	-35.060
198.634	-35.060
198.784	-35.135
198.814	-35.135
198.874	-35.165
198.934	-35.165
198.994	-35.210
199.084	-35.210
199.159	-35.240
199.264	-35.240
199.324	-35.255
199.354	-35.255
199.504	-35.330
199.534	-35.330
199.684	-35.420
199.714	-35.420
199.804	-35.450
199.924	-35.540
199.954	-35.540
200.014	-35.555
200.149	-35.645
200.299	-35.705
200.329	-35.705
200.479	-35.765
200.509	-35.765
200.614	-35.810
200.644	-35.810
200.779	-35.870
200.809	-35.870
200.899	-35.900
201.049	-36.005
201.124	-36.035
201.244	-36.110
201.469	-36.200
201.499	-36.200
201.529	-36.215
201.664	-36.215
201.724	-36.230
201.799	-36.245
201.859	-36.260
201.889	-36.260
201.964	-36.320
202.024	-36.320
202.084	-36.350
202.114	-36.350
202.174	-36.380
202.204	-36.380
202.264	-36.425
202.294	-36.425
202.429	-36.485
202.489	-36.485
202.519	-36.515
202.579	-36.500
202.639	-36.530
202.699	-36.530
202.789	-36.590
202.819	-36.575
202.969	-36.620
202.999	-36.650
203.029	-36.650
203.179	-36.695
203.209	-36.725
203.269	-36.725
203.329	-36.770
203.359	-36.770
203.419	-36.800
203.479	-36.800
203.509	-36.830
203.539	-36.830
203.569	-36.860
203.599	-36.860
203.719	-36.890
POLYLINE BLACK
202.654	-37.190
202.714	-37.220
202.744	-37.220
202.954	-37.280
202.984	-37.295
203.029	-37.295
203.089	-37.310
203.254	-37.310
203.284	-37.295
203.344	-37.310
203.374	-37.310
203.494	-37.340
203.614	-37.340
203.644	-37.355
203.704	-37.325
203.764	-37.355
POLYLINE BLACK
198.259	-35.705
198.349	-35.750
198.379	-35.735
198.439	-35.750
198.469	-35.750
198.529	-35.765
198.589	-35.765
198.799	-35.840
198.829	-35.825
198.874	-35.840
198.904	-35.870
198.934	-35.870
198.994	-35.885
199.129	-35.915
199.174	-35.900
199.204	-35.915
199.309	-35.915
199.369	-35.930
199.414	-35.930
199.594	-35.990
199.624	-35.990
199.714	-36.050
199.759	-36.050
199.879	-36.110
199.909	-36.110
199.939	-36.140
199.999	-36.140
200.119	-36.170
200.179	-36.170
200.239	-36.200
200.269	-36.200
200.359	-36.230
200.449	-36.305
200.464	-36.350
200.539	-36.470
200.569	-36.530
200.569	-36.560
200.659	-36.785
200.689	-36.800
200.704	-36.830
200.764	-36.875
200.794	-36.875
200.914	-36.950
200.944	-36.935
201.019	-36.980
201.109	-36.980
201.169	-37.025
201.229	-37.025
201.259	-37.010
201.319	-37.040
201.349	-37.040
201.379	-37.055
201.424	-37.055
201.484	-37.070
201.514	-37.070
201.574	-37.085
201.679	-37.085
201.739	-37.070
201.769	-37.070
201.799	-37.055
201.859	-37.085
201.934	-37.085
201.994	-37.100
202.099	-37.100
202.129	-37.115
202.159	-37.100
202.219	-37.130
202.324	-37.145
202.384	-37.130
202.414	-37.130
202.474	-37.145
202.519	-37.145
202.579	-37.160
202.699	-37.160
202.759	-37.175
202.789	-37.175
POLYLINE BLACK
198.439	-35.705
198.499	-35.735
198.544	-35.720
198.604	-35.765
198.694	-35.765
198.784	-35.795
198.904	-35.870
198.934	-35.870
198.964	-35.885
POLYLINE BLACK
198.486	-37.183
198.514	-37.190
198.549	-37.190
198.612	-37.218
198.626	-37.218
198.682	-37.232
198.745	-37.232
198.829	-37.253
198.843	-37.253
198.927	-37.316
198.941	-37.323
198.955	-37.344
198.983	-37.365
198.983	-37.379
199.018	-37.456
199.018	-37.512
199.004	-37.547
199.004	-37.561
198.983	-37.589
198.927	-37.638
198.927	-37.652
198.892	-37.666
198.864	-37.687
198.850	-37.687
198.822	-37.694
198.815	-37.708
198.787	-37.701
198.773	-37.708
198.759	-37.701
198.668	-37.708
198.612	-37.736
198.598	-37.736
198.556	-37.764
198.542	-37.764
198.521	-37.792
198.507	-37.792
198.479	-37.813
198.416	-37.827
198.402	-37.841
198.374	-37.841
198.360	-37.848
198.304	-37.834
198.290	-37.848
198.262	-37.848
198.234	-37.862
198.178	-37.848
198.164	-37.855
198.115	-37.841
198.101	-37.834
198.073	-37.771
198.059	-37.764
198.031	-37.722
197.968	-37.638
197.961	-37.610
197.961	-37.575
197.989	-37.512
197.989	-37.484
198.003	-37.428
197.996	-37.365
197.989	-37.337
197.989	-37.288
198.010	-37.246
198.038	-37.232
POLYLINE BLACK
198.003	-37.232
198.017	-37.239
198.094	-37.148
198.150	-37.120
198.185	-37.120
198.241	-37.134
198.255	-37.148
198.269	-37.148
198.311	-37.176
198.325	-37.176
198.339	-37.183
198.374	-37.183
198.402	-37.176
198.458	-37.176
198.472	-37.183
198.535	-37.183
POLYLINE CONNECT
198.210	-37.447
198.254	-35.230
POLYLINE BLACK
195.225	-34.147
195.255	-34.177
195.330	-34.192
195.360	-34.222
195.480	-34.282
195.510	-34.282
195.540	-34.312
195.570	-34.312
195.600	-34.327
195.645	-34.327
195.735	-34.387
195.765	-34.387
195.960	-34.462
196.095	-34.462
196.125	-34.477
196.170	-34.477
196.245	-34.492
196.335	-34.492
196.365	-34.507
196.410	-34.507
196.470	-34.537
196.545	-34.537
196.575	-34.552
196.620	-34.552
196.680	-34.582
196.710	-34.582
196.815	-34.612
196.845	-34.642
196.875	-34.642
196.905	-34.672
196.965	-34.672
197.100	-34.717
197.130	-34.717
197.235	-34.762
197.295	-34.762
197.385	-34.807
197.520	-34.807
197.610	-34.852
197.670	-34.852
197.865	-34.897
198.000	-34.912
198.060	-34.927
198.180	-34.927
198.210	-34.957
198.270	-34.927
198.420	-34.972
198.450	-34.972
198.480	-34.987
POLYLINE BLACK
195.090	-34.657
195.210	-34.732
195.375	-34.822
195.405	-34.822
195.435	-34.837
195.480	-34.837
195.570	-34.867
195.645	-34.867
195.705	-34.897
195.765	-34.897
195.960	-34.972
196.170	-35.002
196.230	-35.032
196.290	-35.032
196.365	-35.062
196.395	-35.092
196.470	-35.092
196.605	-35.122
196.665	-35.122
196.815	-35.182
196.875	-35.182
197.010	-35.242
197.100	-35.317
197.190	-35.317
197.550	-35.407
197.655	-35.437
197.685	-35.437
197.775	-35.482
197.805	-35.482
197.925	-35.557
197.955	-35.557
197.970	-35.587
198.000	-35.587
198.120	-35.662
198.150	-35.662
198.210	-35.677
198.240	-35.677
POLYLINE BLACK
193.455	-34.417
193.485	-34.402
193.515	-34.432
193.860	-34.507
193.995	-34.522
194.070	-34.522
194.100	-34.537
194.205	-34.537
194.310	-34.567
194.445	-34.582
194.595	-34.582
194.670	-34.612
194.730	-34.597
194.760	-34.597
194.820	-34.627
194.910	-34.627
194.970	-34.657
195.000	-34.657
195.030	-34.642
195.090	-34.687
195.120	-34.672
195.180	-34.687
195.210	-34.672
POLYLINE BLACK
194.220	-33.967
194.295	-33.967
194.445	-34.027
194.550	-34.042
194.595	-34.057
194.655	-34.057
194.685	-34.072
194.835	-34.072
194.925	-34.102
194.955	-34.132
195.015	-34.132
195.075	-34.162
195.105	-34.147
195.210	-34.177
195.240	-34.177
195.270	-34.192
POLYLINE BLACK
193.395	-33.937
193.425	-33.952
193.635	-33.937
193.665	-33.952
193.725	-33.937
193.890	-33.937
194.025	-33.967
194.055	-33.937
194.085	-33.967
194.175	-33.967
194.280	-33.997
194.355	-34.042
POLYLINE GRAY
189.375	-33.067
189.375	-33.097
189.405	-33.082
189.525	-33.142
189.675	-33.157
189.735	-33.187
189.765	-33.187
189.825	-33.232
189.900	-33.247
190.050	-33.307
190.080	-33.307
190.275	-33.397
190.440	-33.427
190.635	-33.487
190.920	-33.652
190.995	-33.667
191.175	-33.757
191.220	-33.787
191.340	-33.817
191.400	-33.847
191.475	-33.847
191.505	-33.877
191.535	-33.877
191.610	-33.907
191.655	-33.907
191.715	-33.937
191.775	-33.937
191.850	-33.952
191.880	-33.982
191.910	-33.982
192.075	-34.027
192.240	-34.057
192.285	-34.087
192.330	-34.147
192.360	-34.162
192.405	-34.162
192.465	-34.117
192.525	-34.147
192.555	-34.147
192.750	-34.237
192.780	-34.237
192.945	-34.297
192.975	-34.297
193.110	-34.357
193.140	-34.357
193.170	-34.387
193.200	-34.387
193.260	-34.402
193.455	-34.402
193.530	-34.432
193.560	-34.417
193.590	-34.432
POLYLINE GRAY
189.495	-32.797
189.690	-32.857
189.720	-32.857
189.915	-32.947
190.080	-32.977
190.125	-32.977
190.155	-32.962
190.215	-33.007
190.260	-33.007
190.290	-33.022
190.395	-33.022
190.500	-33.052
190.650	-33.052
190.710	-33.082
190.740	-33.082
190.800	-33.112
190.860	-33.112
190.920	-33.127
190.950	-33.127
190.995	-33.157
191.025	-33.157
191.085	-33.172
191.145	-33.172
191.205	-33.217
191.265	-33.217
191.340	-33.247
191.385	-33.232
191.445	-33.247
191.475	-33.277
191.535	-33.277
191.640	-33.322
191.790	-33.352
191.925	-33.367
191.955	-33.397
192.195	-33.487
192.330	-33.532
192.375	-33.562
192.660	-33.667
192.690	-33.697
192.720	-33.697
192.825	-33.757
192.855	-33.757
192.960	-33.817
193.020	-33.832
193.050	-33.862
193.095	-33.862
193.185	-33.907
193.245	-33.907
193.275	-33.937
193.365	-33.937
193.395	-33.967
193.425	-33.967
193.485	-33.982
193.545	-33.982
193.575	-33.967
POLYLINE GRAY
186.615	-32.212
186.675	-32.242
186.750	-32.242
186.780	-32.257
186.810	-32.242
186.975	-32.287
187.095	-32.287
187.230	-32.332
187.290	-32.332
187.410	-32.362
187.470	-32.407
187.500	-32.392
187.530	-32.407
187.560	-32.392
187.635	-32.407
187.890	-32.407
187.920	-32.422
187.980	-32.407
188.010	-32.422
188.040	-32.407
188.100	-32.422
188.130	-32.422
188.190	-32.437
188.235	-32.437
188.475	-32.497
188.565	-32.497
188.625	-32.542
188.685	-32.542
188.745	-32.572
188.940	-32.632
189.000	-32.632
189.135	-32.677
189.165	-32.677
189.255	-32.707
189.300	-32.707
189.330	-32.722
189.360	-32.707
189.420	-32.737
189.480	-32.737
189.510	-32.767
189.540	-32.767
189.585	-32.797
POLYLINE GRAY
186.420	-32.962
186.495	-32.977
186.540	-32.962
186.615	-32.977
186.660	-32.962
186.825	-32.962
186.885	-32.977
186.915	-32.962
187.020	-32.992
187.050	-33.007
187.110	-32.992
187.155	-32.992
187.185	-32.977
POLYLINE GRAY
187.050	-32.947
187.095	-32.962
187.125	-32.992
187.155	-32.992
187.215	-32.977
187.275	-32.992
187.365	-32.992
187.425	-33.007
187.620	-33.007
187.695	-33.022
187.770	-33.007
187.800	-33.022
187.965	-33.022
188.130	-32.992
188.385	-32.992
188.505	-33.007
188.730	-33.007
188.790	-32.992
188.820	-33.007
188.850	-32.992
188.895	-32.992
188.955	-33.007
189.090	-33.007
189.150	-33.022
189.315	-33.037
189.345	-33.052
189.420	-33.052
189.555	-33.067
POLYLINE GREEN
187.386	-29.532
187.386	-29.560
POLYLINE GREEN
187.379	-29.539
187.379	-29.553
187.372	-29.567
POLYLINE GREEN
187.414	-29.532
187.400	-29.553
POLYLINE GREEN
187.428	-29.567
POLYLINE GREEN
187.344	-29.532
187.358	-29.560
POLYLINE GREEN
187.330	-29.504
187.344	-29.553
POLYLINE GREEN
187.407	-29.784
187.414	-29.847
POLYLINE GREEN
187.393	-29.777
187.393	-29.868
POLYLINE GREEN
187.386	-29.721
187.365	-29.847
POLYLINE GREEN
187.463	-29.847
187.449	-29.840
187.421	-29.798
187.414	-29.735
187.414	-29.595
187.428	-29.553
187.463	-29.511
POLYLINE GREEN
187.477	-29.861
POLYLINE GREEN
187.295	-29.511
187.302	-29.532
187.316	-29.546
187.330	-29.546
187.351	-29.574
187.351	-29.588
187.365	-29.602
187.365	-29.630
187.372	-29.658
187.365	-29.672
187.365	-29.721
187.372	-29.749
187.365	-29.798
187.351	-29.826
187.351	-29.840
187.330	-29.882
POLYLINE BLACK
185.587	-29.336
185.489	-29.336
POLYLINE BLACK
185.489	-29.343
185.461	-29.448
POLYLINE BLACK
185.580	-29.329
POLYLINE BLACK
185.440	-29.434
185.727	-29.525
185.832	-29.546
185.860	-29.567
185.874	-29.567
186.070	-29.623
186.147	-29.623
186.182	-29.637
186.231	-29.644
186.252	-29.644
186.469	-29.679
186.504	-29.679
186.518	-29.686
186.693	-29.707
186.847	-29.742
186.868	-29.756
186.882	-29.756
187.036	-29.833
187.050	-29.833
187.169	-29.896
POLYLINE BLACK
187.274	-29.497
187.267	-29.511
187.211	-29.497
187.099	-29.476
187.036	-29.476
186.987	-29.455
186.924	-29.455
186.903	-29.462
186.889	-29.455
186.798	-29.455
186.714	-29.441
186.658	-29.441
186.595	-29.427
186.560	-29.427
186.546	-29.420
186.518	-29.420
186.441	-29.385
186.378	-29.378
186.343	-29.364
186.259	-29.350
186.231	-29.343
186.217	-29.350
186.021	-29.350
186.007	-29.343
185.993	-29.350
185.965	-29.343
185.860	-29.343
185.832	-29.336
185.748	-29.322
185.734	-29.329
185.573	-29.343
POLYLINE BLACK
187.253	-29.490
187.288	-29.497
187.337	-29.497
187.351	-29.504
187.386	-29.497
187.442	-29.511
187.540	-29.511
187.589	-29.525
187.617	-29.525
187.652	-29.539
187.680	-29.539
187.778	-29.588
187.806	-29.630
187.827	-29.672
187.827	-29.721
187.806	-29.763
187.771	-29.805
187.729	-29.833
187.715	-29.847
187.701	-29.847
187.659	-29.875
187.638	-29.875
187.596	-29.896
POLYLINE BLACK
187.834	-29.693
187.841	-29.665
POLYLINE BLACK
187.113	-29.875
187.141	-29.875
187.169	-29.882
187.197	-29.882
187.232	-29.889
187.274	-29.889
187.302	-29.896
187.344	-29.896
187.379	-29.889
187.407	-29.896
187.435	-29.889
187.449	-29.896
187.484	-29.889
187.512	-29.889
187.526	-29.875
187.540	-29.875
187.568	-29.896
187.596	-29.896
187.624	-29.889
187.638	-29.896
187.652	-29.882
187.666	-29.882
POLYLINE CONNECT
187.402	-29.641
187.462	-32.530
POLYLINE BLACK
199.507	-30.456
199.517	-30.461
199.522	-30.476
199.542	-30.506
199.542	-30.526
199.552	-30.546
199.552	-30.686
199.557	-30.706
199.557	-30.801
199.547	-30.821
199.547	-30.856
199.542	-30.876
199.542	-30.906
POLYLINE BLACK
199.502	-30.446
POLYLINE BLACK
199.537	-30.876
199.542	-30.901
199.542	-30.911
199.532	-30.946
199.532	-30.966
199.527	-30.986
199.527	-31.016
199.522	-31.036
199.522	-31.046
199.512	-31.076
199.512	-31.066
199.517	-31.076
199.517	-31.066
199.502	-31.106
199.502	-31.116
199.497	-31.126
199.497	-31.151
199.492	-31.171
199.487	-31.216
199.492	-31.236
199.492	-31.326
199.497	-31.336
199.497	-31.361
199.502	-31.381
199.502	-31.431
199.497	-31.441
199.497	-31.466
199.492	-31.486
199.487	-31.521
199.482	-31.541
199.482	-31.551
199.462	-31.581
199.452	-31.591
199.452	-31.601
199.432	-31.596
199.422	-31.596
199.392	-31.606
199.372	-31.601
199.352	-31.601
199.342	-31.596
199.332	-31.601
199.322	-31.591
199.317	-31.601
199.297	-31.596
199.287	-31.596
199.267	-31.591
199.257	-31.581
199.247	-31.581
199.237	-31.571
199.232	-31.546
199.232	-31.536
199.222	-31.496
199.222	-31.481
199.217	-31.461
199.217	-31.441
199.212	-31.421
199.212	-31.401
199.217	-31.391
199.217	-31.376
199.222	-31.356
199.222	-31.336
199.207	-31.281
199.197	-31.236
199.187	-31.226
199.187	-31.216
199.172	-31.196
199.172	-31.186
199.147	-31.146
199.142	-31.101
199.137	-31.091
199.137	-31.066
199.132	-31.046
199.132	-31.021
199.127	-31.001
199.127	-30.991
199.122	-30.971
199.122	-30.921
199.112	-30.881
199.112	-30.871
199.107	-30.851
199.107	-30.831
199.097	-30.796
199.097	-30.756
199.107	-30.736
199.107	-30.726
199.122	-30.676
199.122	-30.661
199.137	-30.641
199.137	-30.631
199.172	-30.566
199.182	-30.566
199.212	-30.536
199.222	-30.536
199.227	-30.526
199.267	-30.501
199.277	-30.491
199.287	-30.491
199.292	-30.481
199.377	-30.441
199.387	-30.441
199.427	-30.426
199.467	-30.426
199.497	-30.446
199.517	-30.461
POLYLINE CONNECT
199.547	-30.871
199.632	-33.051
POLYLINE BLACK
199.547	-32.601
199.567	-32.591
199.627	-32.611
199.737	-32.611
199.847	-32.631
199.887	-32.621
199.927	-32.621
199.967	-32.631
200.027	-32.631
200.117	-32.611
200.207	-32.631
200.257	-32.621
200.347	-32.621
200.387	-32.611
200.477	-32.611
200.547	-32.621
200.587	-32.611
200.667	-32.641
200.757	-32.621
200.817	-32.691
200.857	-32.701
200.897	-32.721
200.947	-32.771
200.967	-32.781
200.987	-32.771
200.997	-32.791
201.017	-32.781
201.077	-32.811
201.147	-32.811
201.187	-32.801
201.227	-32.811
201.267	-32.821
201.357	-32.821
201.387	-32.831
201.427	-32.821
201.467	-32.831
201.547	-32.831
201.587	-32.841
201.627	-32.831
201.667	-32.841
201.707	-32.841
201.727	-32.861
201.737	-32.841
201.737	-32.861
201.757	-32.851
201.857	-32.881
201.937	-32.961
201.957	-32.961
201.957	-33.161
201.947	-33.201
201.947	-33.261
201.957	-33.281
201.927	-33.371
201.847	-33.431
201.827	-33.431
201.807	-33.451
201.787	-33.451
201.777	-33.471
201.727	-33.471
201.687	-33.481
201.667	-33.471
201.627	-33.481
201.587	-33.491
201.507	-33.511
201.447	-33.561
201.367	-33.631
201.347	-33.631
201.297	-33.681
201.257	-33.691
201.237	-33.681
201.197	-33.711
201.157	-33.711
201.117	-33.721
201.097	-33.741
201.057	-33.731
201.017	-33.741
200.927	-33.751
200.887	-33.761
200.807	-33.751
200.727	-33.771
200.707	-33.761
200.667	-33.771
200.587	-33.771
200.557	-33.761
200.537	-33.771
200.507	-33.761
200.467	-33.771
200.407	-33.771
200.347	-33.791
200.277	-33.781
200.117	-33.781
200.097	-33.771
200.047	-33.781
200.027	-33.771
200.007	-33.781
199.957	-33.771
199.937	-33.781
199.877	-33.761
199.837	-33.771
199.817	-33.781
199.797	-33.761
199.757	-33.761
199.737	-33.751
199.697	-33.761
199.607	-33.751
199.567	-33.761
199.527	-33.761
199.507	-33.771
199.467	-33.761
199.427	-33.761
POLYLINE BLACK
197.792	-30.761
197.787	-30.786
197.787	-30.816
197.782	-30.836
197.782	-30.846
197.777	-30.856
197.777	-30.871
197.762	-30.911
197.747	-30.931
197.737	-30.936
197.727	-30.961
197.697	-30.996
197.692	-31.016
197.692	-31.026
197.682	-31.061
197.682	-31.071
197.657	-31.136
197.647	-31.166
197.622	-31.201
197.597	-31.231
197.557	-31.251
197.517	-31.281
197.497	-31.291
197.477	-31.286
197.467	-31.286
197.447	-31.276
197.437	-31.281
197.417	-31.271
197.407	-31.276
197.387	-31.271
197.367	-31.271
197.337	-31.281
197.327	-31.276
197.317	-31.281
197.282	-31.271
197.272	-31.271
197.252	-31.266
197.247	-31.256
197.227	-31.251
197.207	-31.231
197.197	-31.231
197.187	-31.226
197.157	-31.186
197.147	-31.181
197.132	-31.126
197.132	-31.091
197.127	-31.071
197.127	-31.061
197.117	-31.021
197.117	-30.996
197.107	-30.976
197.102	-30.931
197.097	-30.921
197.097	-30.906
197.072	-30.851
197.072	-30.841
197.062	-30.801
197.062	-30.791
197.082	-30.746
POLYLINE BLACK
197.052	-30.761
197.062	-30.751
197.077	-30.716
197.087	-30.706
197.102	-30.701
197.122	-30.681
197.132	-30.681
197.152	-30.671
197.162	-30.671
197.222	-30.646
197.242	-30.646
197.252	-30.641
197.267	-30.641
197.287	-30.636
197.297	-30.636
197.337	-30.621
197.377	-30.601
197.387	-30.601
197.407	-30.596
197.432	-30.596
197.452	-30.591
197.462	-30.591
197.502	-30.576
197.532	-30.576
197.552	-30.571
197.582	-30.571
197.592	-30.566
197.612	-30.571
197.637	-30.571
197.647	-30.576
197.667	-30.571
197.687	-30.576
197.697	-30.571
197.707	-30.581
197.717	-30.576
197.727	-30.586
197.737	-30.586
197.767	-30.611
197.787	-30.651
197.787	-30.691
197.782	-30.711
197.782	-30.721
197.777	-30.741
197.777	-30.761
197.772	-30.776
POLYLINE CONNECT
197.227	-30.956
197.304	-32.907
POLYLINE BLACK
197.337	-32.536
197.347	-32.556
197.377	-32.556
197.417	-32.566
197.467	-32.576
197.557	-32.596
197.597	-32.586
197.677	-32.596
197.717	-32.586
197.817	-32.606
197.857	-32.596
197.967	-32.616
197.987	-32.606
198.027	-32.616
198.257	-32.626
198.347	-32.606
198.397	-32.606
198.437	-32.596
198.487	-32.616
198.587	-32.596
198.647	-32.596
198.717	-32.616
198.777	-32.596
198.867	-32.626
198.907	-32.626
198.927	-32.616
198.957	-32.626
199.007	-32.616
199.097	-32.616
199.137	-32.606
199.207	-32.606
199.247	-32.616
199.297	-32.596
199.337	-32.606
199.377	-32.596
199.397	-32.606
199.457	-32.586
199.517	-32.606
199.577	-32.616
POLYLINE BLACK
197.257	-33.186
197.267	-33.166
197.327	-33.186
197.397	-33.166
197.437	-33.186
197.467	-33.186
197.517	-33.196
197.597	-33.206
197.637	-33.196
197.657	-33.216
197.727	-33.216
197.747	-33.206
197.847	-33.236
197.867	-33.226
197.907	-33.236
198.017	-33.236
198.037	-33.256
198.077	-33.266
198.147	-33.286
198.207	-33.386
198.267	-33.556
198.417	-33.626
198.417	-33.646
198.467	-33.636
198.507	-33.646
198.547	-33.646
198.557	-33.666
198.677	-33.686
198.697	-33.696
198.747	-33.686
198.917	-33.726
199.007	-33.726
199.067	-33.746
199.147	-33.746
199.187	-33.756
199.347	-33.756
199.387	-33.746
199.427	-33.756
199.467	-33.766
199.507	-33.756
POLYLINE BLACK
192.946	-26.993
192.960	-27.028
192.960	-27.014
192.904	-26.930
192.890	-26.923
192.841	-26.839
192.834	-26.804
192.834	-26.790
192.813	-26.741
192.806	-26.692
192.785	-26.650
192.785	-26.636
192.771	-26.601
192.771	-26.573
192.757	-26.510
192.750	-26.475
192.722	-26.398
192.722	-26.384
192.708	-26.356
192.708	-26.342
192.687	-26.286
192.687	-26.272
192.680	-26.244
192.680	-26.111
192.687	-26.083
192.687	-26.083
192.687	-26.055
192.729	-25.999
192.750	-25.971
192.806	-25.950
192.918	-25.859
193.065	-25.775
193.079	-25.761
193.093	-25.761
193.149	-25.733
193.163	-25.733
193.191	-25.712
193.205	-25.712
193.219	-25.705
193.233	-25.712
193.247	-25.698
193.261	-25.698
193.303	-25.677
193.317	-25.677
193.373	-25.649
193.394	-25.649
193.415	-25.621
193.415	-25.621
193.422	-25.635
193.436	-25.635
193.464	-25.621
193.478	-25.621
193.506	-25.614
193.534	-25.614
193.548	-25.621
193.562	-25.614
193.590	-25.621
193.604	-25.621
193.618	-25.642
193.632	-25.635
193.674	-25.656
193.702	-25.656
193.716	-25.663
193.737	-25.705
193.695	-25.726
193.695	-25.726
193.688	-25.740
193.688	-25.761
193.674	-25.775
193.674	-25.789
POLYLINE BLACK
193.709	-25.733
193.667	-25.761
193.653	-25.761
193.625	-25.803
193.625	-25.817
193.611	-25.831
193.611	-25.873
193.569	-25.964
193.555	-26.006
193.555	-26.027
193.548	-26.055
193.548	-26.209
193.541	-26.223
193.541	-26.279
193.534	-26.307
193.534	-26.384
193.520	-26.426
193.520	-26.447
193.506	-26.475
193.499	-26.559
193.499	-26.580
193.492	-26.608
193.492	-26.636
193.485	-26.664
193.485	-26.699
193.464	-26.727
193.464	-26.741
193.436	-26.783
193.401	-26.860
193.401	-26.874
193.387	-26.909
193.387	-26.923
193.359	-26.993
193.359	-27.007
193.345	-27.035
193.345	-27.056
193.338	-27.070
193.310	-27.084
193.296	-27.084
193.282	-27.098
193.268	-27.098
193.240	-27.105
193.226	-27.105
193.212	-27.112
193.184	-27.098
193.170	-27.098
193.114	-27.084
193.100	-27.084
193.044	-27.056
193.030	-27.056
193.002	-27.028
192.988	-27.028
192.981	-27.014
192.981	-27.028
POLYLINE CONNECT
193.455	-25.805
193.606	-32.137
POLYLINE BLACK
193.285	-33.285
193.365	-33.265
193.545	-33.265
193.625	-33.245
193.745	-33.245
193.785	-33.225
193.865	-33.245
194.005	-33.265
194.165	-33.245
194.205	-33.265
194.225	-33.225
194.245	-33.265
194.365	-33.265
194.445	-33.245
194.725	-33.245
194.765	-33.225
194.845	-33.245
194.925	-33.225
195.285	-33.225
195.365	-33.205
195.445	-33.225
195.585	-33.205
195.665	-33.205
195.765	-33.185
195.805	-33.205
195.925	-33.165
195.965	-33.185
196.045	-33.165
196.185	-33.205
196.265	-33.185
196.365	-33.185
196.445	-33.165
196.465	-33.125
196.525	-33.185
196.705	-33.165
196.745	-33.145
196.825	-33.165
196.865	-33.145
196.905	-33.185
196.985	-33.165
197.025	-33.145
197.065	-33.185
197.105	-33.145
197.145	-33.145
197.185	-33.185
197.245	-33.125
197.265	-33.165
197.265	-33.125
POLYLINE BLACK
193.585	-32.105
193.885	-32.145
194.025	-32.145
194.065	-32.125
194.145	-32.145
194.245	-32.125
194.325	-32.145
194.445	-32.145
194.485	-32.185
194.565	-32.145
194.765	-32.225
194.805	-32.205
195.005	-32.245
195.085	-32.245
195.125	-32.265
195.205	-32.245
195.285	-32.285
195.425	-32.285
195.645	-32.325
195.825	-32.365
195.905	-32.345
196.065	-32.365
196.145	-32.385
196.285	-32.425
196.505	-32.465
196.585	-32.445
196.625	-32.485
196.665	-32.465
196.845	-32.505
196.925	-32.505
196.965	-32.525
197.045	-32.505
197.125	-32.525
197.205	-32.545
197.245	-32.565
197.325	-32.545
197.365	-32.545
197.405	-32.585
197.385	-32.545
POLYLINE BLACK
190.125	-34.225
190.085	-34.265
190.085	-34.225
189.965	-34.325
189.885	-34.365
POLYLINE BLACK
189.885	-31.765
189.965	-31.825
190.205	-31.905
190.245	-31.885
190.285	-31.925
190.465	-31.965
190.545	-31.945
190.625	-31.965
190.865	-31.965
190.905	-31.985
190.945	-31.965
191.125	-32.005
191.205	-31.985
191.285	-32.005
191.425	-32.005
191.465	-32.025
191.545	-31.985
191.585	-32.025
191.705	-31.985
191.785	-32.005
191.925	-31.985
191.965	-32.005
192.045	-31.985
192.145	-32.005
192.225	-31.985
192.525	-32.025
192.605	-32.005
192.705	-32.025
192.825	-32.045
192.865	-32.025
192.985	-32.065
193.045	-32.065
193.125	-32.085
193.165	-32.065
193.245	-32.085
193.325	-32.085
193.485	-32.145
193.525	-32.125
POLYLINE BLACK
190.025	-34.265
190.065	-34.265
190.105	-34.305
190.245	-34.265
190.325	-34.285
190.505	-34.225
190.665	-34.125
190.945	-33.825
191.125	-33.605
191.205	-33.585
191.245	-33.545
191.365	-33.545
191.445	-33.485
191.565	-33.465
191.605	-33.425
191.725	-33.445
191.805	-33.425
191.885	-33.445
191.965	-33.425
192.105	-33.465
192.185	-33.445
192.265	-33.425
192.305	-33.445
192.425	-33.405
192.685	-33.385
192.785	-33.365
192.865	-33.365
192.905	-33.345
192.945	-33.365
193.045	-33.345
193.125	-33.365
193.205	-33.365
193.285	-33.345
193.325	-33.345
POLYLINE BLACK
187.715	-35.395
187.895	-35.335
187.955	-35.335
188.225	-35.035
188.285	-35.065
188.315	-35.005
188.435	-34.975
188.495	-35.005
188.735	-34.915
189.095	-34.915
189.275	-34.825
189.395	-34.645
189.515	-34.555
189.575	-34.555
189.635	-34.495
189.755	-34.465
189.995	-34.375
POLYLINE BLACK
187.355	-31.465
187.475	-31.465
187.655	-31.525
187.775	-31.525
187.865	-31.555
187.925	-31.525
187.955	-31.585
188.015	-31.555
188.135	-31.585
188.195	-31.555
188.255	-31.615
188.315	-31.555
188.435	-31.585
188.555	-31.585
188.735	-31.645
188.825	-31.645
188.945	-31.675
189.065	-31.645
189.185	-31.675
189.335	-31.705
189.575	-31.765
189.635	-31.735
189.815	-31.795
189.875	-31.795
POLYLINE BLACK
180.095	-11.775
POLYLINE BLACK
184.430	-17.145
184.595	-17.100
184.625	-17.100
184.655	-17.070
184.805	-17.070
184.895	-17.025
184.925	-17.025
184.955	-16.995
184.985	-16.995
185.045	-16.980
185.075	-16.950
185.135	-16.950
185.195	-16.920
185.225	-16.920
185.345	-16.890
185.375	-16.890
POLYLINE BLACK
186.095	-19.650
186.095	-19.725
186.080	-19.845
186.065	-19.905
186.065	-19.980
186.050	-20.040
186.050	-20.100
186.035	-20.130
186.035	-20.175
185.990	-20.295
185.945	-20.355
185.900	-20.520
185.870	-20.595
185.750	-20.760
185.690	-20.805
185.660	-20.805
185.600	-20.850
185.510	-20.850
185.450	-20.865
185.300	-20.805
185.210	-20.760
185.180	-20.760
185.045	-20.715
185.015	-20.715
184.880	-20.655
184.790	-20.595
184.760	-20.595
184.640	-20.535
184.565	-20.445
184.565	-20.415
184.535	-20.295
184.535	-20.265
184.520	-20.205
184.520	-20.160
184.460	-19.965
184.460	-19.545
184.445	-19.485
184.445	-19.305
184.460	-19.245
184.460	-19.155
184.475	-19.125
184.475	-18.990
184.490	-18.960
184.490	-18.885
184.505	-18.825
184.505	-18.780
184.520	-18.720
184.520	-18.690
184.550	-18.600
184.550	-18.525
184.580	-18.390
184.580	-18.330
184.595	-18.300
184.595	-18.225
184.610	-18.150
184.610	-18.060
184.595	-18.000
184.595	-17.970
184.580	-17.940
184.580	-17.895
184.535	-17.805
184.535	-17.775
184.490	-17.685
184.490	-17.655
184.340	-17.475
184.310	-17.460
184.295	-17.430
184.265	-17.430
184.235	-17.370
184.205	-17.355
184.190	-17.325
184.205	-17.265
184.295	-17.205
184.355	-17.160
184.385	-17.160
184.490	-17.115
POLYLINE BLACK
185.375	-16.905
185.570	-16.860
185.600	-16.860
185.660	-16.845
185.720	-16.845
185.750	-16.830
185.915	-16.815
185.990	-16.800
186.020	-16.800
186.080	-16.785
186.110	-16.815
186.170	-16.800
186.200	-16.800
186.290	-16.860
186.305	-16.920
186.305	-16.950
186.230	-17.040
186.140	-17.085
186.110	-17.070
186.080	-17.100
186.050	-17.085
185.990	-17.130
185.990	-17.160
185.960	-17.295
185.945	-17.430
185.945	-17.460
185.930	-17.520
185.930	-17.595
185.915	-17.655
185.915	-17.700
185.900	-17.760
185.900	-18.045
185.915	-18.105
185.930	-18.240
185.930	-18.315
185.945	-18.375
185.945	-18.435
185.960	-18.465
185.960	-18.540
185.975	-18.600
185.975	-18.630
186.005	-18.765
186.005	-18.855
186.020	-18.885
186.020	-18.990
186.035	-19.050
186.035	-19.125
186.050	-19.185
186.050	-19.215
186.065	-19.245
186.065	-19.350
186.095	-19.410
186.095	-19.470
186.110	-19.500
186.110	-19.725
POLYLINE CONNECT
185.870	-19.710
187.244	-34.227
POLYLINE BLACK
181.100	-35.160
180.770	-35.070
180.590	-34.950
180.320	-34.920
180.170	-34.950
180.050	-34.950
179.930	-34.860
179.870	-34.860
179.750	-34.740
179.600	-34.710
179.480	-34.620
179.210	-34.590
179.030	-34.590
178.970	-34.560
178.850	-34.590
178.640	-34.590
178.520	-34.620
178.430	-34.620
178.100	-34.500
177.800	-34.440
177.530	-34.320
177.470	-34.350
POLYLINE BLACK
182.180	-31.530
182.060	-31.560
181.940	-31.530
181.880	-31.560
181.730	-31.560
181.670	-31.590
181.460	-31.590
181.340	-31.560
181.220	-31.590
181.040	-31.590
180.920	-31.560
180.710	-31.560
180.590	-31.530
180.500	-31.560
180.350	-31.500
180.260	-31.500
179.960	-31.440
179.840	-31.440
179.690	-31.410
179.420	-31.380
179.210	-31.380
178.730	-31.290
178.580	-31.290
178.070	-31.140
177.830	-31.080
177.620	-31.080
177.560	-31.110
177.500	-31.080
177.350	-31.110
176.960	-31.110
176.900	-31.140
POLYLINE BLACK
181.280	-35.190
181.010	-34.140
181.220	-34.170
181.400	-34.230
181.580	-34.260
181.700	-34.350
181.820	-34.350
181.880	-34.380
182.150	-34.350
182.480	-34.380
182.540	-34.350
182.720	-34.410
182.750	-34.470
182.690	-34.920
182.690	-35.070
182.660	-35.190
182.660	-35.400
POLYLINE BLACK
186.140	-37.890
185.900	-37.830
185.780	-37.770
185.330	-36.930
185.150	-36.780
185.030	-36.750
184.610	-36.450
184.340	-36.480
184.160	-36.480
183.920	-36.270
183.770	-36.210
183.530	-35.910
183.290	-35.790
183.170	-35.790
182.630	-35.370
182.510	-35.370
182.360	-35.310
182.240	-35.340
181.970	-35.280
181.730	-35.190
181.490	-35.190
POLYLINE BLACK
187.550	-35.400
187.490	-35.370
187.370	-35.400
187.160	-35.400
187.040	-35.730
187.040	-35.850
186.950	-36.120
186.950	-36.270
186.920	-36.390
186.920	-36.960
186.890	-37.080
186.890	-37.200
186.920	-37.350
186.920	-37.530
186.770	-37.770
186.530	-37.920
186.410	-37.920
186.290	-37.980
186.230	-37.950
POLYLINE BLACK
187.130	-35.370
187.160	-35.430
187.280	-35.430
187.340	-35.460
187.460	-35.430
187.760	-35.370
POLYLINE BLACK
182.240	-31.440
182.360	-31.470
182.600	-31.470
182.660	-31.440
182.810	-31.470
182.990	-31.410
183.560	-31.410
183.680	-31.380
183.890	-31.410
184.010	-31.380
184.220	-31.380
184.460	-31.440
184.670	-31.440
184.940	-31.350
185.060	-31.380
185.480	-31.380
185.690	-31.350
185.930	-31.380
186.080	-31.380
186.170	-31.320
186.290	-31.380
186.350	-31.350
186.470	-31.380
186.710	-31.380
186.830	-31.350
186.950	-31.380
187.040	-31.410
187.100	-31.380
187.340	-31.470
POLYLINE BLACK
-318.000	526.000
