TRIP
DATE 2013-06-29 
DECLINATION     0.00
DATA
6.11	8.0	0.00	0.00	0.000	>
8.0		17.94	22.62	5.352	>
8.0		22.59	-15.64	4.129	>
8.0		335.52	5.44	8.416	>
8.0		333.03	6.81	8.886	>
8.0		346.43	8.54	5.299	>
8.0		294.42	17.44	5.133	>
8.0		281.52	0.94	7.661	>
8.0		262.96	5.04	6.922	>
8.0		253.61	5.31	6.864	>
8.0		247.20	7.41	5.229	>
8.0		202.89	21.45	3.508	>
8.0		195.97	22.67	5.062	>
8.0		160.69	22.30	6.281	>
8.0		132.59	16.67	8.673	>
8.0		121.89	11.57	6.276	>
8.0		114.10	12.54	3.274	>
8.0	8.1	334.29	-11.88	5.773	>
8.1		154.47	11.48	5.756	>
8.1		166.14	-38.82	1.983	>
8.1		244.97	84.65	3.750	>
8.1		180.79	-73.81	1.815	>
8.1	8.2	195.52	-26.61	4.333	>
8.2		13.06	26.42	4.322	>
8.2		316.98	-3.18	0.758	>
8.2		114.51	1.67	0.275	>
8.2		123.69	-85.16	1.025	>
8.2		2.45	84.21	0.695	>
8.2		233.57	80.23	4.922	>
8.2	8.3	270.39	-36.08	6.355	>
8.3		90.74	35.86	6.382	>
8.3		164.86	87.99	7.222	>
8.3		350.78	-85.47	1.502	>
8.3		17.38	-5.78	0.606	>
8.3		94.09	26.89	4.374	>
8.3		96.98	1.99	2.042	>
8.3	8.4	305.03	-17.84	1.541	>
8.4		124.69	18.34	1.561	>
8.4		214.53	-3.94	1.178	>
8.4		281.94	-86.00	1.800	>
8.4		184.26	78.13	0.917	>
8.4		261.85	85.60	5.883	>
8.4	8.5	302.02	-20.17	4.447	>
8.5		122.05	20.68	4.454	>
8.5		42.61	-0.43	0.660	>
8.5		295.95	80.81	0.787	>
8.5		40.03	71.75	3.441	>
8.5		159.89	-84.23	1.186	>
8.5	8.6	320.38	-11.69	2.127	>
8.6		139.96	12.80	2.122	>
8.6		65.21	1.28	0.403	>
8.6		29.49	74.82	1.373	>
8.6		226.64	-87.06	0.966	>
8.6		9.52	-74.92	1.929	>
8.6	8.7	333.92	-11.97	5.019	>
8.7		155.06	11.55	5.066	>
8.7		233.56	-2.13	0.323	>
8.7		147.68	83.95	3.088	>
8.7		334.18	-84.42	1.417	>
8.7	8.8	323.44	-34.25	1.631	>
8.8		141.45	35.59	1.648	>
8.8		242.84	-4.74	0.739	>
8.8		121.75	85.10	2.201	>
8.8		265.36	-86.29	0.573	>
8.8	8.9	325.55	-5.61	6.716	>
8.9		148.03	5.85	6.707	>
8.9		85.13	-3.83	0.673	>
8.9		68.24	77.75	1.208	>
8.9		45.00	-87.02	0.381	>
8.9	8.10	1.37	10.22	2.389	>
8.10		179.08	-10.67	2.398	>
8.10		224.61	-18.07	0.867	>
8.10		202.52	79.98	2.551	>
8.10		211.61	-85.64	1.003	>
8.10		263.61	-11.50	1.284	>
8.10		324.39	7.74	1.203	>
8.10	8.11	245.25	-24.05	3.730	>
8.11		63.02	24.04	3.724	>
8.11		6.03	4.04	1.163	>
8.11		155.26	3.95	0.493	>
8.11		200.33	-80.22	2.424	>
8.11		339.52	83.66	10.917	>
8.11	8.12	211.67	-24.53	1.746	>
8.12		34.17	24.32	1.739	>
8.12		259.41	1.16	0.941	>
8.12		89.51	-3.39	0.591	>
8.12		154.98	-82.93	1.748	>
8.12		258.49	84.23	1.644	>
8.12	8.13	181.37	-8.14	8.336	>
8.13		2.63	8.01	8.385	>
8.13		281.77	-0.47	0.853	>
8.13		284.93	82.46	3.429	>
8.13		113.20	-89.46	0.813	>
8.13		94.98	3.80	0.196	>
8.13	8.14	179.79	-2.78	4.391	>
8.14		357.83	2.72	4.391	>
8.14		261.43	0.75	1.530	>
8.14		221.22	84.26	3.110	>
8.14		76.76	-85.23	0.840	>
8.14	8.15	176.25	-1.63	7.889	>
8.15		354.32	1.68	7.890	>
8.15		271.91	-0.73	0.390	>
8.15		81.72	2.26	0.431	>
8.15		16.82	-84.74	0.980	>
8.15		326.64	82.69	3.060	>
8.15	8.16	193.99	-4.00	4.520	>
8.16		11.13	3.98	4.550	>
8.16		8.19	-1.40	1.391	>
8.16		314.20	0.17	1.310	>
8.16		210.71	3.56	2.880	>
8.16		158.13	24.87	2.190	>
8.16		159.39	30.12	3.691	>
8.16		80.17	14.10	1.679	>
8.16		3.97	83.91	1.360	>
8.16		118.30	-86.28	0.910	>

PLAN
STATIONS
-72.496	20.691	8.0
-74.947	25.781	8.1
-75.984	22.048	8.2
-81.120	22.083	8.3
-82.321	22.925	8.4
-85.860	25.138	8.5
-87.188	26.742	8.6
-89.347	31.152	8.7
-90.150	32.235	8.8
-93.931	37.747	8.9
-93.875	40.097	8.10
-96.968	38.671	8.11
-97.802	37.319	8.12
-98.000	29.069	8.13
-97.984	24.683	8.14
-97.468	16.814	8.15
-98.558	12.439	8.16
-126.667	36.957	8.14
-95.023	30.713	8.6
-82.328	37.758	8.3
SHOTS
-97.468	16.814	-98.558	12.439
-98.558	12.439	-97.682	16.893
-98.558	12.439	-98.360	13.815
-98.558	12.439	-99.497	13.352
-98.558	12.439	-100.026	9.968
-98.558	12.439	-97.818	10.595
-98.558	12.439	-97.434	9.451
-98.558	12.439	-96.953	12.717
-98.558	12.439	-98.548	12.583
-98.558	12.439	-98.506	12.411
-97.984	24.683	-97.468	16.814
-97.468	16.814	-98.249	24.662
-97.468	16.814	-97.858	16.827
-97.468	16.814	-97.042	16.876
-97.468	16.814	-97.442	16.900
-97.468	16.814	-97.682	17.139
-98.000	29.069	-97.984	24.683
-97.984	24.683	-98.150	29.066
-97.984	24.683	-99.497	24.455
-97.984	24.683	-98.189	24.449
-97.984	24.683	-97.916	24.699
-97.802	37.319	-98.000	29.069
-98.000	29.069	-97.619	37.364
-98.000	29.069	-98.835	29.243
-98.000	29.069	-98.435	29.185
-98.000	29.069	-97.993	29.066
-98.000	29.069	-97.805	29.052
-96.968	38.671	-97.802	37.319
-97.802	37.319	-96.912	38.630
-97.802	37.319	-98.727	37.146
-97.802	37.319	-97.212	37.324
-97.802	37.319	-97.711	37.124
-97.802	37.319	-97.964	37.286
-93.875	40.097	-96.968	38.671
-96.968	38.671	-93.937	40.214
-96.968	38.671	-96.846	39.825
-96.968	38.671	-96.762	38.224
-96.968	38.671	-97.111	38.285
-96.968	38.671	-97.390	39.801
-93.931	37.747	-93.875	40.097
-93.875	40.097	-93.837	37.741
-93.875	40.097	-94.454	39.510
-93.875	40.097	-94.045	39.687
-93.875	40.097	-93.915	40.032
-93.875	40.097	-95.125	39.957
-93.875	40.097	-94.569	41.066
-90.150	32.235	-93.931	37.747
-93.931	37.747	-90.399	32.087
-93.931	37.747	-93.262	37.804
-93.931	37.747	-93.693	37.842
-93.931	37.747	-93.917	37.761
-89.347	31.152	-90.150	32.235
-90.150	32.235	-89.315	31.187
-90.150	32.235	-90.805	31.899
-90.150	32.235	-89.990	32.136
-90.150	32.235	-90.187	32.232
-87.188	26.742	-89.347	31.152
-89.347	31.152	-87.254	26.651
-89.347	31.152	-89.607	30.960
-89.347	31.152	-89.173	30.877
-89.347	31.152	-89.407	31.276
-85.860	25.138	-87.188	26.742
-87.188	26.742	-85.857	25.158
-87.188	26.742	-86.822	26.911
-87.188	26.742	-87.011	27.055
-87.188	26.742	-87.224	26.708
-87.188	26.742	-87.105	27.237
-82.321	22.925	-85.860	25.138
-85.860	25.138	-82.328	22.927
-85.860	25.138	-85.413	25.624
-85.860	25.138	-85.973	25.193
-85.860	25.138	-85.167	25.963
-85.860	25.138	-85.819	25.026
-81.120	22.083	-82.321	22.925
-82.321	22.925	-81.103	22.082
-82.321	22.925	-82.987	21.957
-82.321	22.925	-82.444	22.951
-82.321	22.925	-82.335	22.737
-82.321	22.925	-82.768	22.861
-75.984	22.048	-81.120	22.083
-81.120	22.083	-75.948	22.016
-81.120	22.083	-81.054	21.839
-81.120	22.083	-81.139	22.200
-81.120	22.083	-80.940	22.658
-81.120	22.083	-77.229	21.805
-81.120	22.083	-79.094	21.835
-74.947	25.781	-75.984	22.048
-75.984	22.048	-75.109	25.819
-75.984	22.048	-76.500	22.601
-75.984	22.048	-75.734	21.934
-75.984	22.048	-75.912	22.000
-75.984	22.048	-75.981	22.118
-75.984	22.048	-76.656	21.552
-72.496	20.691	-74.947	25.781
-74.947	25.781	-72.516	20.691
-74.947	25.781	-74.577	24.281
-74.947	25.781	-75.264	25.633
-74.947	25.781	-74.954	25.275
-72.496	20.691	-72.496	20.691
-72.496	20.691	-70.974	25.391
-72.496	20.691	-70.969	24.362
-72.496	20.691	-75.968	28.316
-72.496	20.691	-76.497	28.555
-72.496	20.691	-73.726	25.785
-72.496	20.691	-76.955	22.716
-72.496	20.691	-80.002	22.221
-72.496	20.691	-79.339	19.846
-72.496	20.691	-79.053	18.763
-72.496	20.691	-77.276	18.682
-72.496	20.691	-73.766	17.683
-72.496	20.691	-73.781	16.200
-72.496	20.691	-70.574	15.207
-72.496	20.691	-66.379	15.069
-72.496	20.691	-67.275	17.443
-72.496	20.691	-69.579	19.386
-126.667	36.957	-126.518	37.165	
-126.667	36.957	-125.153	36.977	
-126.667	36.957	-126.461	40.051	
-126.667	36.957	-126.735	36.120	
-95.023	30.713	-95.009	31.183	
-95.023	30.713	-94.634	30.722	
-95.023	30.713	-94.686	32.038	
-95.023	30.713	-95.073	29.748	
-95.023	30.713	-94.643	28.850	
-82.328	37.758	-82.364	41.497	
-82.328	37.758	-82.572	44.976	
-82.328	37.758	-82.212	36.261	
-82.328	37.758	-81.752	37.697	
-82.328	37.758	-82.582	39.736	
-82.328	37.758	-82.563	37.829	
POLYLINE BLACK
-88.797	29.957
-88.857	29.987
-88.887	30.032
-88.887	30.062
-88.902	30.092
-88.872	30.152
-88.812	30.182
-88.782	30.182
-88.752	30.167
-88.677	30.062
-88.692	30.032
-88.767	30.002
-88.827	30.017
POLYLINE BLACK
-88.332	29.357
-88.362	29.357
-88.422	29.387
-88.437	29.462
-88.392	29.522
-88.332	29.522
-88.287	29.462
-88.287	29.417
-88.347	29.417
POLYLINE BLACK
-88.002	28.577
-88.062	28.622
-88.077	28.682
-88.032	28.757
-87.972	28.787
-87.942	28.757
-87.942	28.667
-88.002	28.652
-88.032	28.652
POLYLINE BLACK
-87.657	27.992
-87.687	27.977
-87.717	27.992
-87.762	28.067
-87.762	28.097
-87.672	28.172
-87.612	28.172
-87.582	28.112
-87.627	28.052
-87.657	28.037
POLYLINE BLACK
-89.787	31.442
-89.817	31.472
-89.877	31.472
-89.892	31.547
-89.832	31.637
-89.772	31.697
-89.712	31.697
-89.682	31.682
-89.652	31.622
-89.652	31.577
-89.667	31.517
-89.727	31.472
-89.787	31.472
POLYLINE BLACK
-89.802	31.457
-89.862	31.397
POLYLINE BLACK
-82.812	22.817
-82.782	22.667
-82.647	22.352
-82.587	22.412
-82.422	22.487
-82.392	22.517
-82.392	22.547
-82.662	22.787
-82.692	22.802
POLYLINE BLACK
-83.937	23.822
-83.952	23.792
-83.952	23.717
-83.922	23.582
-83.922	23.507
-83.877	23.357
-83.847	23.357
-83.637	23.462
-83.577	23.507
-83.727	23.612
-84.087	23.897
-84.177	23.927
POLYLINE BLACK
-84.702	24.647
-84.672	24.587
-84.657	24.512
-84.597	24.407
-84.597	24.377
-84.477	24.422
-84.282	24.467
-84.267	24.497
-84.297	24.527
-84.342	24.527
-84.462	24.602
-84.492	24.602
-84.732	24.707
-84.762	24.707
-84.792	24.722
-84.792	24.692
POLYLINE BLACK
-85.512	25.277
-85.542	25.232
-85.542	25.037
-85.527	25.007
-85.452	25.022
-85.302	24.992
-85.227	25.007
-85.182	25.097
-85.287	25.232
-85.362	25.292
-85.452	25.307
-85.527	25.292
-85.572	25.262
-85.587	25.232
POLYLINE BLACK
-87.477	27.182
-87.477	27.182
-87.477	27.137
-87.447	27.047
-87.447	27.002
-87.432	26.942
-87.387	26.957
-87.327	26.942
-87.252	26.942
-87.192	26.927
-87.132	26.972
-87.132	27.002
-87.177	27.182
-87.177	27.212
-87.192	27.242
-87.357	27.242
-87.402	27.182
POLYLINE BLACK
-86.442	26.432
-86.442	26.357
-86.427	26.327
-86.412	26.162
-86.397	26.087
-86.367	26.072
-86.292	26.117
-86.217	26.117
-86.157	26.147
-86.172	26.222
-86.217	26.252
-86.337	26.387
POLYLINE BLACK
-93.552	38.112
-93.632	38.092
-93.672	38.092
-93.692	38.172
-93.572	38.292
-93.512	38.332
-93.432	38.312
-93.392	38.292
-93.412	38.212
-93.572	38.072
POLYLINE BLACK
-90.692	32.732
-90.772	32.712
-90.852	32.792
-90.832	32.872
-90.752	32.952
-90.632	32.952
-90.572	32.852
-90.572	32.772
-90.672	32.712
-90.752	32.712
POLYLINE BLACK
-91.192	34.072
-91.232	34.112
-91.272	34.092
-91.312	34.152
-91.312	34.232
-91.232	34.312
-91.152	34.332
-91.112	34.352
-91.032	34.232
-91.072	34.152
-91.152	34.132
POLYLINE BLACK
-92.032	35.352
-92.112	35.432
-92.132	35.532
-91.992	35.672
-91.912	35.692
-91.812	35.592
-91.852	35.492
-91.932	35.432
POLYLINE BLACK
-92.972	36.972
-93.052	36.992
-93.072	37.032
-92.972	37.132
-92.872	37.192
-92.852	37.132
-92.992	36.972
POLYLINE BLACK
-94.372	39.282
-94.372	39.262
-94.292	39.212
-94.222	39.202
-94.172	39.182
-94.152	39.162
-93.972	39.152
-93.932	39.162
-93.892	39.172
-93.842	39.192
-93.762	39.282
-93.702	39.372
-93.652	39.432
-93.612	39.552
-93.612	39.592
POLYLINE BLACK
-94.502	41.002
-94.502	40.982
-94.542	40.972
-94.642	40.922
-94.812	40.742
-94.882	40.612
-94.902	40.552
-94.902	40.462
-94.892	40.422
-94.872	40.312
-94.872	40.232
-94.892	40.162
-94.932	40.122
POLYLINE BLACK
-93.802	40.072
-93.782	40.042
-93.852	40.182
-93.872	40.262
-93.882	40.312
-93.952	40.412
-93.952	40.432
-94.132	40.732
-94.252	40.832
-94.322	40.902
-94.392	40.962
-94.472	40.982
-94.492	40.972
-94.512	40.982
-94.542	40.942
POLYLINE BLUE
-94.612	40.562
-94.572	40.582
-94.412	40.542
-94.312	40.522
POLYLINE BLUE
-94.432	40.342
-94.312	40.282
-94.212	40.282
-94.172	40.262
-94.092	40.262
POLYLINE BLUE
-94.512	39.262
-93.712	39.102
-93.512	39.082
POLYLINE BLUE
-94.512	39.462
-93.832	39.342
-93.572	39.282
POLYLINE BLUE
-94.652	39.802
-94.252	39.662
-93.932	39.582
POLYLINE BLUE
-94.972	40.142
-94.552	40.062
-93.972	39.922
POLYLINE BLUE
-94.752	40.422
-94.752	40.362
-94.392	40.302
-94.192	40.242
POLYLINE BLUE
-94.672	40.542
-94.572	40.522
-94.432	40.442
POLYLINE BLACK
-96.232	39.422
-96.192	39.462
-96.132	39.462
-95.492	39.802
-95.432	39.822
-95.432	39.562
-95.452	39.482
-95.712	39.482
-95.792	39.462
-95.932	39.462
-96.092	39.422
-96.132	39.442
-96.172	39.422
-96.252	39.442
POLYLINE BLACK
-95.192	40.022
-95.232	39.982
POLYLINE BLACK
-95.092	39.902
-95.252	39.802
POLYLINE BLACK
-95.072	39.642
-95.152	39.642
-95.292	39.582
POLYLINE BLACK
-95.112	39.442
-95.152	39.422
-95.232	39.442
-95.372	39.422
POLYLINE BLACK
-95.312	40.062
-95.232	40.002
-95.192	40.002
-94.972	39.782
-94.952	39.622
-95.032	39.442
-95.212	39.262
POLYLINE BLACK
-96.592	38.682
-96.712	38.762
POLYLINE BLACK
-96.572	38.942
-96.652	38.942
POLYLINE BLACK
-96.492	39.242
-96.532	39.262
-96.592	39.222
POLYLINE BLACK
-96.492	39.422
-96.572	39.442
-96.612	39.402
POLYLINE BLACK
-96.552	39.762
-96.692	39.602
POLYLINE BLACK
-96.652	39.842
-96.472	39.462
-96.452	39.302
-96.452	38.982
-96.472	38.882
-96.492	38.802
-96.572	38.682
-96.732	38.522
-96.812	38.442
POLYLINE BLACK
-92.932	44.182
POLYLINE BLACK
-97.252	39.462
-97.292	39.422
-97.372	39.442
-97.432	39.522
-97.432	39.622
-97.312	39.722
-97.252	39.662
-97.232	39.582
-97.332	39.462
POLYLINE BLACK
-97.772	40.022
-97.812	39.982
-97.932	40.042
-97.952	40.122
-97.852	40.242
-97.732	40.142
-97.752	40.062
-97.792	39.962
POLYLINE BLACK
-98.472	39.182
-98.512	39.162
-98.572	39.222
-98.572	39.322
-98.472	39.422
-98.372	39.462
-98.312	39.402
-98.312	39.322
-98.372	39.222
-98.412	39.182
POLYLINE BLACK
-97.592	38.782
-97.672	38.762
-97.712	38.762
-97.772	38.862
-97.672	38.962
-97.592	39.002
-97.552	38.862
-97.572	38.782
-97.592	38.742
POLYLINE BLACK
-98.292	38.002
-98.312	37.942
-98.392	37.942
-98.432	37.922
-98.512	37.982
-98.472	38.142
-98.412	38.202
-98.372	38.222
-98.252	38.142
-98.272	38.062
-98.332	37.982
POLYLINE BLACK
-97.172	41.502
-97.172	41.582
-97.152	41.682
POLYLINE BLACK
-97.232	41.102
-97.252	41.142
POLYLINE BLACK
-97.232	40.742
POLYLINE BLACK
-97.832	41.562
-97.832	41.642
-97.812	41.682
POLYLINE BLACK
-97.932	41.062
-97.912	41.102
-97.932	41.202
POLYLINE BLACK
-98.052	40.662
-98.052	40.702
POLYLINE BLACK
-97.312	40.562
-97.332	40.602
POLYLINE BLACK
-97.012	40.242
-97.032	40.322
-97.072	40.362
POLYLINE BLACK
-97.852	40.542
-97.772	40.562
POLYLINE BLACK
-98.492	40.342
-98.412	40.402
-98.372	40.382
POLYLINE BLACK
-98.932	40.022
-98.892	40.122
-98.852	40.162
POLYLINE BLACK
-99.072	39.362
-99.012	39.502
-98.912	39.562
POLYLINE BLACK
-99.152	38.642
-99.152	38.742
POLYLINE BLACK
-99.092	38.002
POLYLINE BLACK
-94.912	40.282
-94.912	40.242
-94.952	40.202
-95.152	40.162
-95.192	40.122
-95.272	40.102
-95.452	40.062
-95.492	40.082
-95.572	40.042
-95.672	40.042
-95.832	40.002
-95.932	39.942
-96.052	39.942
-96.212	39.902
-96.432	39.862
-96.512	39.862
-96.592	39.842
-96.712	39.842
-96.792	39.882
-96.892	40.042
-96.912	40.122
-96.932	40.162
POLYLINE BLACK
-97.152	37.342
-97.092	37.582
-96.992	37.862
-96.972	37.962
-96.932	38.002
-96.912	38.122
-96.792	38.322
-96.732	38.382
-96.672	38.422
-96.592	38.422
-96.272	38.622
-96.172	38.722
-95.952	38.842
-95.832	38.942
-95.712	39.022
-95.672	39.062
-95.592	39.062
-95.552	39.102
-95.432	39.102
-95.072	39.262
-94.992	39.262
-94.832	39.322
-94.792	39.362
-94.712	39.382
-94.632	39.402
-94.552	39.422
-94.432	39.522
-94.392	39.542
POLYLINE BLACK
-100.712	43.462
POLYLINE BLACK
-98.207	36.577
-98.312	36.697
-98.222	36.772
-98.207	36.802
-98.147	36.802
-98.087	36.757
-98.042	36.697
-98.072	36.637
-98.162	36.592
POLYLINE BLACK
-97.502	34.882
-97.532	34.867
-97.592	34.912
-97.622	34.972
-97.622	35.002
-97.547	35.092
-97.457	35.137
-97.397	35.092
-97.397	35.002
-97.412	34.972
-97.502	34.927
POLYLINE BLACK
-98.477	33.067
-98.567	33.037
-98.597	33.052
-98.642	33.142
-98.627	33.217
-98.597	33.292
-98.567	33.322
-98.492	33.352
-98.462	33.382
-98.432	33.382
-98.372	33.292
-98.372	33.217
-98.417	33.157
-98.522	33.127
-98.552	33.127
POLYLINE BLACK
-97.712	31.522
-97.772	31.537
-97.817	31.597
-97.817	31.702
-97.787	31.777
-97.667	31.882
-97.607	31.867
-97.547	31.777
-97.547	31.642
-97.637	31.567
-97.667	31.567
-97.697	31.552
-97.742	31.552
POLYLINE BLACK
-98.447	29.887
-98.462	29.947
-98.462	30.037
-98.402	30.007
-98.372	30.007
-98.282	29.932
-98.282	29.902
-98.327	29.842
-98.432	29.842
POLYLINE BLACK
-97.982	28.702
-98.042	28.657
-98.072	28.717
-98.057	28.822
-97.997	28.852
-97.907	28.852
-97.877	28.867
-97.862	28.807
-97.877	28.777
-97.877	28.732
-97.892	28.702
-97.952	28.672
POLYLINE BLACK
-98.687	27.547
-98.717	27.547
-98.747	27.532
-98.792	27.622
-98.762	27.712
-98.732	27.727
-98.642	27.682
-98.612	27.592
-98.627	27.532
-98.657	27.502
POLYLINE BLACK
-98.027	26.542
-98.087	26.527
-98.117	26.587
-98.042	26.707
-98.012	26.737
-97.982	26.722
-97.937	26.632
-97.937	26.602
-97.997	26.557
-98.072	26.557
-98.102	26.542
POLYLINE BLACK
-98.627	25.357
-98.672	25.387
-98.702	25.387
-98.732	25.402
-98.747	25.462
-98.672	25.642
-98.642	25.642
-98.552	25.567
-98.522	25.507
-98.522	25.477
-98.612	25.417
POLYLINE BLACK
-98.207	24.337
-98.237	24.307
-98.312	24.307
-98.357	24.367
-98.342	24.472
-98.312	24.502
-98.222	24.472
-98.177	24.412
-98.267	24.337
POLYLINE BLACK
-98.387	23.317
-98.447	23.317
-98.477	23.377
-98.477	23.407
-98.492	23.437
-98.462	23.497
-98.402	23.512
-98.372	23.512
-98.312	23.422
-98.327	23.392
-98.417	23.347
POLYLINE BLACK
-97.727	22.642
-97.787	22.642
-97.817	22.657
-97.832	22.717
-97.832	22.777
-97.787	22.837
-97.757	22.837
-97.697	22.792
-97.667	22.732
-97.667	22.672
-97.727	22.612
-97.757	22.612
POLYLINE BLACK
-98.117	21.457
-98.147	21.427
-98.177	21.427
-98.207	21.457
-98.222	21.502
-98.222	21.592
-98.192	21.652
-98.132	21.682
-98.102	21.667
-98.042	21.547
-98.057	21.472
POLYLINE BLACK
-99.737	11.062
-99.752	11.092
-99.722	11.152
-99.692	11.272
-99.677	11.302
POLYLINE BLACK
-98.837	12.532
-98.867	12.532
-98.897	12.517
-98.957	12.532
-99.017	12.517
-99.077	12.517
-99.302	12.412
-99.392	12.337
-99.422	12.292
-99.452	12.277
-99.542	12.142
-99.587	12.037
-99.587	12.007
-99.647	11.872
-99.647	11.782
-99.587	11.692
-99.587	11.647
-99.572	11.587
-99.572	11.497
-99.587	11.437
-99.617	11.302
-99.677	11.212
-99.677	11.182
-99.692	11.122
POLYLINE BLACK
-98.222	11.362
-98.192	11.392
-98.162	11.497
-98.072	11.662
-98.072	11.692
-98.042	11.752
-98.042	11.782
-98.012	11.887
-98.012	11.947
-97.997	12.007
-97.982	12.142
-97.967	12.202
-97.967	12.292
-97.922	12.442
-97.922	12.472
-97.892	12.532
-97.892	12.562
-97.877	12.622
-97.877	12.682
-97.907	12.742
-97.907	12.772
-97.922	12.802
-97.922	12.877
-97.907	12.937
-97.967	13.057
-98.027	13.102
-98.057	13.102
-98.117	13.132
-98.177	13.132
-98.237	13.147
-98.282	13.132
-98.312	13.147
POLYLINE BLACK
-98.912	12.487
-98.882	12.487
-98.807	12.442
-98.777	12.442
-98.687	12.472
-98.657	12.457
-98.567	12.517
-98.537	12.547
-98.567	12.607
-98.567	12.697
-98.582	12.757
-98.582	13.027
-98.492	13.102
-98.297	13.162
-98.267	13.177
POLYLINE BLACK
-97.817	20.227
-97.847	20.212
-97.937	20.272
-97.937	20.317
-97.907	20.407
-97.877	20.437
-97.847	20.437
-97.757	20.362
-97.757	20.302
-97.817	20.257
POLYLINE BLACK
-97.412	19.522
-97.502	19.492
-97.547	19.567
-97.547	19.597
-97.502	19.687
-97.412	19.642
-97.397	19.582
-97.427	19.522
POLYLINE BLACK
-97.637	18.517
-97.652	18.487
-97.682	18.472
-97.727	18.472
-97.787	18.517
-97.787	18.547
-97.742	18.607
-97.682	18.622
-97.652	18.607
-97.637	18.547
-97.682	18.487
POLYLINE BLACK
-97.277	17.602
-97.337	17.602
-97.397	17.572
-97.427	17.692
-97.367	17.782
-97.337	17.782
-97.277	17.752
-97.262	17.677
-97.292	17.662
POLYLINE BLACK
-97.607	15.892
-97.712	15.892
-97.712	15.922
-97.667	16.012
-97.577	16.042
-97.577	16.012
-97.562	15.952
-97.562	15.892
-97.622	15.877
-97.652	15.877
POLYLINE BLACK
-97.367	15.037
-97.382	15.007
-97.487	14.977
-97.547	15.007
-97.547	15.037
-97.502	15.127
-97.442	15.127
-97.382	15.037
-97.427	14.977
POLYLINE BLACK
-97.892	14.257
-97.982	14.212
-98.027	14.212
-98.057	14.227
-98.057	14.302
-97.997	14.392
-97.937	14.407
-97.907	14.392
-97.877	14.332
-97.877	14.302
-97.907	14.242
POLYLINE BLACK
-97.652	13.432
-97.712	13.402
-97.742	13.402
-97.772	13.417
-97.787	13.447
-97.697	13.537
-97.667	13.537
-97.637	13.522
-97.622	13.492
-97.622	13.417
-97.652	13.402
POLYLINE GREEN
-99.242	12.037
-99.242	12.007
-99.242	12.052
-99.212	12.082
-99.212	12.112
-99.197	12.172
-99.227	12.172
-99.257	12.157
-99.302	12.157
-99.362	12.127
POLYLINE GREEN
-98.792	11.902
-98.792	11.962
-98.837	12.052
-98.867	12.067
-98.987	11.977
POLYLINE GREEN
-98.432	11.587
-98.417	11.647
-98.432	11.707
-98.462	11.737
-98.642	11.647
POLYLINE GREEN
-98.867	11.587
-98.837	11.647
-98.837	11.692
-98.822	11.752
-98.897	11.737
-99.047	11.647
POLYLINE GREEN
-98.327	11.947
-98.327	11.917
-98.297	11.977
-98.297	12.037
-98.342	12.097
-98.372	12.112
-98.402	12.097
-98.432	12.112
-98.537	12.067
-98.627	12.007
POLYLINE GREEN
-98.897	12.247
-98.867	12.307
-98.867	12.367
-98.897	12.382
-99.062	12.307
-99.122	12.247
-99.167	12.232
-99.197	12.202
POLYLINE GREEN
-98.222	12.487
-98.222	12.607
-98.252	12.667
-98.282	12.682
-98.357	12.652
-98.417	12.607
POLYLINE GREEN
-98.162	12.727
-98.147	12.787
-98.147	12.847
-98.162	12.877
-98.192	12.892
-98.282	12.832
-98.327	12.832
-98.357	12.817
POLYLINE BLACK
-97.512	10.827
-97.512	10.947
-97.527	11.007
-97.527	11.067
-97.542	11.127
POLYLINE BLACK
-98.502	10.452
-98.667	10.527
POLYLINE BLACK
-98.367	10.692
-98.427	10.752
POLYLINE BLACK
-98.187	10.722
-98.217	10.842
POLYLINE BLACK
-97.827	10.812
-97.872	10.917
-97.872	10.947
-97.902	11.007
POLYLINE BLACK
-97.497	10.977
-97.497	10.917
-97.527	10.932
-97.572	10.992
POLYLINE BLACK
-97.497	10.992
POLYLINE BLACK
-97.332	10.917
-97.332	10.977
-97.362	11.142
POLYLINE BLACK
-98.247	10.752
-98.232	10.677
-98.292	10.647
-98.322	10.647
-98.427	10.467
-98.532	10.242
-98.532	10.212
-98.562	10.152
POLYLINE BLACK
-98.322	9.657
-98.307	9.597
POLYLINE BLACK
-98.322	9.612
-98.322	9.612
-98.322	9.642
-98.382	9.852
-98.412	9.912
-98.412	9.942
-98.427	9.972
-98.487	10.017
-98.562	10.032
-98.652	10.062
-98.712	10.032
-98.847	10.047
-98.877	10.032
-98.907	10.047
-98.967	10.032
-99.102	10.032
-99.162	10.017
-99.192	10.032
-99.267	10.032
-99.342	10.017
-99.372	10.032
-99.417	10.017
-99.507	10.017
-99.567	10.032
-99.642	10.032
-99.702	10.002
-99.762	10.017
-99.957	10.017
-100.017	10.032
-100.077	10.032
-100.107	10.047
-100.167	10.032
POLYLINE BLACK
-97.077	12.942
-97.032	12.882
-97.032	12.837
-97.002	12.717
-97.002	12.402
-97.017	12.372
-97.017	12.267
-97.032	12.207
-97.032	12.102
-97.062	11.967
-97.062	11.892
-97.077	11.772
-97.077	11.712
-97.092	11.637
-97.092	11.517
-97.107	11.457
-97.107	11.382
-97.137	11.262
-97.137	11.232
-97.152	11.172
-97.152	11.142
-97.167	11.112
-97.167	11.067
-97.182	11.037
-97.182	10.992
-97.212	10.932
-97.212	10.872
-97.242	10.737
-97.257	10.602
-97.272	10.452
-97.302	10.332
-97.302	10.302
-97.317	10.242
-97.317	10.152
-97.332	10.092
-97.332	10.032
-97.347	9.957
-97.347	9.897
-97.362	9.837
-97.362	9.807
-97.377	9.747
-97.377	9.687
-97.392	9.597
-97.392	9.567
-97.407	9.507
-97.407	9.477
-97.542	9.492
-97.602	9.477
-97.632	9.477
-97.662	9.492
-97.722	9.462
-97.827	9.462
-97.887	9.447
-97.992	9.447
-98.052	9.432
-98.112	9.447
-98.307	9.447
-98.307	9.492
POLYLINE BLACK
-97.182	10.872
-97.617	10.752
-97.737	10.692
-97.797	10.707
-97.857	10.677
-97.887	10.677
-98.292	10.572
POLYLINE BLACK
-98.427	14.302
-98.417	14.262
-98.417	14.222
-98.427	14.182
-98.437	14.092
-98.447	14.072
-98.437	14.032
-98.437	13.952
-98.357	14.122
POLYLINE BLACK
-98.377	14.122
-98.377	14.102
-98.337	14.222
-98.317	14.342
-98.297	14.412
-98.297	14.472
-98.287	14.512
-98.287	14.662
-98.247	14.862
-98.247	14.902
-98.217	15.002
-98.217	15.042
-98.167	15.192
-98.167	15.222
-98.147	15.282
-98.147	15.312
-98.127	15.372
-98.127	15.402
-98.117	15.442
-98.097	15.552
-98.077	15.652
-98.047	15.802
-98.027	15.862
-98.027	15.892
-98.007	15.972
-98.007	16.002
-97.957	16.182
-97.957	16.232
-97.937	16.292
-97.937	16.322
-97.927	16.362
-97.927	16.392
-97.907	16.452
-97.907	16.502
-97.877	16.622
-97.867	16.662
-97.827	16.852
-97.827	16.892
-97.807	16.932
POLYLINE BLACK
-99.467	13.532
-99.447	13.442
-99.477	13.422
-99.417	13.462
-99.377	13.472
-99.327	13.502
-99.287	13.532
-99.237	13.542
-99.137	13.612
-99.067	13.632
-99.057	13.652
-98.967	13.682
-98.887	13.732
-98.867	13.722
-98.807	13.762
-98.767	13.772
-98.727	13.782
-98.707	13.802
-98.657	13.812
-98.577	13.852
-98.537	13.862
-98.497	13.892
-98.457	13.902
-98.357	13.942
-98.357	13.962
-98.377	13.942
-98.417	13.932
-98.537	13.892
-98.567	13.892
-98.667	13.842
-98.767	13.792
-98.847	13.772
-98.937	13.732
-98.977	13.702
-99.117	13.652
-99.167	13.642
-99.227	13.602
-99.247	13.602
-99.267	13.582
-99.297	13.582
-99.417	13.512
-99.477	13.462
-99.537	13.432
-99.547	13.412
POLYLINE BLACK
-102.907	8.042
-102.907	7.962
-102.767	8.202
-102.747	8.282
POLYLINE BLACK
-102.927	8.062
-102.927	8.302
-102.907	8.442
-102.907	8.522
-102.867	8.642
-102.847	8.722
POLYLINE BLACK
-97.167	12.942
-97.167	12.862
-97.127	12.782
-97.107	12.962
-97.087	13.122
-97.087	13.202
-97.067	13.282
-97.067	14.362
-97.047	14.442
-97.047	15.062
-97.027	15.142
-97.027	16.042
-97.047	16.142
-97.047	16.262
-97.067	16.362
-97.087	16.542
-97.107	16.622
-97.107	16.702
-97.127	16.782
-97.167	16.982
-97.167	17.022
POLYLINE BLUE
-99.607	9.722
-99.667	9.662
-99.807	9.662
-99.727	9.862
-99.607	10.002
-99.407	10.342
-99.447	9.902
-99.427	9.822
-99.407	9.782
-99.347	9.902
-99.527	9.842
-99.547	9.882
-99.487	10.082
POLYLINE BLUE
-98.547	11.422
-98.487	11.262
-98.487	11.142
-98.647	11.022
-98.707	10.942
-98.707	10.802
-98.727	10.722
-98.727	10.642
-98.767	10.562
-98.987	10.342
-99.127	10.122
-99.127	10.082
-99.167	10.082
-99.287	9.982
-99.547	9.902
-99.587	9.902
POLYLINE BLACK
-99.707	11.022
-99.747	10.842
-99.747	10.742
-99.787	10.462
-99.787	10.402
POLYLINE BLACK
-99.947	10.662
-99.947	10.562
-100.007	10.442
POLYLINE GREEN
-97.162	11.662
POLYLINE BLACK
-97.087	18.792
POLYLINE BLACK
-97.997	17.002
-97.957	16.992
-97.907	16.942
-97.867	16.882
-97.847	16.862
-97.847	16.842
POLYLINE BLACK
-98.147	18.412
-98.127	18.372
-98.127	18.302
-98.117	18.262
-98.107	18.182
-98.107	17.832
-98.097	17.792
-98.097	17.532
-98.087	17.492
-98.087	17.432
-98.067	17.352
-98.067	17.322
-98.027	17.202
-97.957	17.032
-97.947	16.992
-97.917	16.932
-97.907	16.892
-97.897	16.872
POLYLINE BLACK
-97.127	18.492
-97.077	18.442
-97.037	18.372
-97.037	18.112
-97.047	18.072
-97.047	18.002
-97.057	17.962
-97.057	17.932
-97.067	17.892
-97.067	17.802
-97.077	17.762
-97.077	17.692
-97.087	17.652
-97.087	17.582
-97.097	17.542
-97.097	17.512
-97.117	17.412
-97.117	17.372
-97.127	17.332
-97.127	17.302
-97.137	17.262
-97.147	17.182
-97.147	17.152
-97.157	17.112
-97.157	17.072
-97.167	17.032
-97.167	16.932
-97.177	16.912
-97.167	16.892
POLYLINE BLACK
-97.152	14.852
-97.122	14.867
POLYLINE BLACK
-99.462	24.662
-99.382	24.662
-99.282	24.522
-99.042	24.362
-98.942	24.242
-98.922	24.182
-98.862	24.122
-98.802	23.942
-98.762	23.822
-98.762	23.762
-98.722	23.642
-98.702	23.462
-98.682	23.382
-98.682	23.322
-98.642	23.162
-98.642	23.082
-98.622	23.002
-98.602	22.842
-98.602	22.782
-98.582	22.702
-98.582	22.602
-98.562	22.502
-98.522	22.182
-98.522	22.102
-98.502	22.022
-98.482	21.802
-98.462	21.622
-98.442	21.442
-98.442	21.362
-98.422	21.282
-98.422	21.142
-98.402	21.062
-98.402	20.882
-98.382	20.802
-98.382	20.522
-98.362	20.422
-98.322	20.182
-98.302	20.102
-98.302	20.042
-98.242	19.842
-98.242	19.742
-98.222	19.662
-98.222	19.582
-98.202	19.502
-98.182	19.322
-98.162	19.242
-98.162	19.162
-98.142	19.022
-98.142	18.882
-98.122	18.682
-98.102	18.642
-98.102	18.342
-98.082	18.202
POLYLINE BLACK
-97.862	24.982
-97.802	24.862
-97.802	24.742
-97.782	24.602
-97.782	24.322
-97.742	24.102
-97.702	23.942
-97.602	23.622
-97.602	23.522
-97.582	23.422
-97.562	23.262
-97.522	22.962
-97.522	22.742
-97.482	22.302
-97.482	22.122
-97.462	21.842
-97.442	21.762
-97.442	21.682
-97.422	21.602
-97.402	21.422
-97.382	21.342
-97.382	21.242
-97.362	21.162
-97.362	21.062
-97.342	20.962
-97.342	20.842
-97.322	20.702
-97.322	20.582
-97.302	20.442
-97.302	20.382
-97.282	20.342
-97.282	20.242
-97.262	20.082
-97.242	19.902
-97.162	19.582
-97.162	19.462
-97.102	19.082
-97.102	18.962
-97.062	18.802
-97.042	18.622
-97.022	18.542
-97.022	18.442
-96.982	18.282
POLYLINE BLACK
-97.682	24.862
POLYLINE GREEN
-125.827	36.437
-125.807	36.477
-125.807	36.197
-125.767	36.037
-125.707	36.017
-125.527	36.057
-125.387	36.237
-125.347	36.397
POLYLINE GREEN
-125.467	36.837
-125.467	36.597
-125.427	36.457
-125.347	36.397
-125.167	36.397
-125.027	36.477
-124.927	36.617
-124.927	36.817
-124.967	36.897
POLYLINE GREEN
-125.527	36.777
-125.507	36.697
-125.447	36.637
-125.367	36.677
-125.287	36.817
-125.227	36.897
-125.227	36.937
POLYLINE BLACK
-126.847	36.097
-126.867	36.057
-126.687	36.157
-126.587	36.177
-126.547	36.157
-126.467	36.177
-126.387	36.157
-126.327	36.177
-126.147	36.117
-126.067	36.137
-125.947	36.117
POLYLINE BLACK
-126.647	36.397
-126.727	36.517
-126.727	36.577
-126.787	36.697
-126.787	36.817
-126.827	36.977
-126.847	37.197
-126.847	37.577
-126.867	37.657
-126.847	37.817
-126.807	38.097
-126.807	38.297
-126.787	38.397
-126.787	38.657
-126.767	38.797
-126.747	38.977
-126.727	39.057
-126.727	39.137
-126.707	39.217
-126.647	39.477
-126.587	39.737
-126.587	39.797
-126.547	39.917
-126.527	39.997
-126.507	40.037
-126.387	39.817
-126.387	39.697
-126.367	39.657
-126.387	39.577
-126.387	39.477
-126.367	39.397
-126.367	39.137
-126.387	39.057
-126.387	38.817
-126.147	38.557
-125.907	38.197
-125.767	38.057
-125.747	37.977
-125.707	37.937
-125.707	37.897
-125.527	37.597
-125.327	37.317
-125.267	37.177
-125.227	37.137
-125.207	36.977
-125.267	36.857
-125.267	36.817
-125.387	36.697
-125.447	36.637
-125.647	36.537
-125.687	36.557
-125.767	36.497
-125.807	36.497
-125.887	36.437
-125.967	36.417
-125.967	36.337
-126.027	36.177
-126.027	36.137
POLYLINE CONNECT
-126.667	36.957
-97.984	24.683
POLYLINE GREEN
-99.297	25.247
-99.217	25.167
-99.497	25.067
-99.497	25.027
-99.417	25.007
-99.237	24.947
POLYLINE GREEN
-99.297	25.687
-99.277	25.627
-99.197	25.627
-99.357	25.567
-99.397	25.527
-99.377	25.427
-99.317	25.367
-99.277	25.347
-99.157	25.387
POLYLINE GREEN
-99.577	26.187
-99.497	26.207
-99.337	26.087
-99.297	26.027
-99.277	25.907
-99.157	25.747
-98.997	25.407
-98.997	25.287
-98.977	25.227
-99.017	25.107
-99.037	25.027
-99.157	24.827
-99.157	24.787
-99.377	24.627
-99.437	24.627
-99.557	24.527
-99.637	24.507
POLYLINE GREEN
-99.617	26.527
-99.537	26.347
-99.497	26.367
-99.437	26.547
-99.517	26.467
POLYLINE GREEN
-99.497	28.627
-99.637	28.887
POLYLINE BLACK
-99.077	29.527
-99.037	29.527
-98.957	29.407
-98.977	29.327
-98.997	29.247
-99.017	29.087
-99.037	28.927
-99.037	28.847
-99.057	28.767
-99.057	28.587
-99.077	28.507
-99.057	28.367
-99.077	28.327
-99.057	28.287
-99.077	28.207
-99.097	28.127
-99.237	27.847
-99.257	27.767
-99.297	27.647
-99.277	27.567
-99.337	27.407
-99.357	27.327
-99.377	27.247
-99.377	27.147
-99.437	27.027
-99.477	26.827
-99.477	26.627
-99.457	26.547
-99.457	26.347
-99.477	26.307
-99.437	26.147
-99.437	26.067
-99.417	25.967
-99.417	25.767
-99.437	25.687
-99.437	25.567
-99.457	25.487
-99.457	25.387
-99.477	25.307
-99.477	24.907
-99.517	24.507
-99.577	24.447
POLYLINE BLACK
-97.477	29.187
-97.457	29.107
-97.517	28.867
-97.517	28.787
-97.557	28.567
-97.557	28.427
-97.577	28.347
-97.617	28.087
-97.617	27.527
-97.597	27.447
-97.597	26.767
-97.617	26.687
-97.617	26.487
-97.637	26.407
-97.637	26.327
-97.657	26.247
-97.657	26.167
-97.717	25.867
-97.717	25.787
-97.737	25.707
-97.737	25.647
-97.757	25.567
-97.837	25.067
-97.837	24.927
-97.857	24.847
-97.857	24.767
-97.897	24.747
POLYLINE BLACK
-97.177	21.207
POLYLINE GREEN
-98.887	37.377
-98.797	37.017
-98.797	36.897
-98.767	36.777
-98.767	36.177
-98.797	36.117
-98.797	35.577
-98.827	35.427
-98.827	35.277
-98.857	35.127
-98.887	34.587
-98.917	34.467
-98.917	34.257
-98.947	34.137
-98.947	33.807
-98.977	33.687
-98.977	33.447
-99.007	33.297
-99.007	32.907
-99.037	32.757
-99.037	32.487
-99.067	32.277
-99.067	31.767
-99.097	31.587
-99.097	30.297
-99.067	30.177
-99.067	30.057
-98.977	29.607
-98.947	29.487
-98.917	29.247
POLYLINE GREEN
-97.177	37.287
-97.117	37.287
-97.087	37.167
-97.057	36.897
-97.027	36.627
-96.997	36.507
-96.967	36.237
-96.937	36.117
-96.937	36.027
-96.907	35.907
-96.907	34.767
-96.937	34.647
-96.937	34.347
-96.967	34.227
-96.967	33.927
-96.997	33.807
-96.997	33.717
-97.027	33.597
-97.057	33.327
-97.087	33.207
-97.087	32.817
-97.117	32.697
-97.117	32.367
-97.147	32.247
-97.147	32.067
-97.177	31.917
-97.177	31.767
-97.207	31.647
-97.207	31.437
-97.237	31.317
-97.237	31.107
-97.267	30.987
-97.267	30.867
-97.297	30.747
-97.297	30.597
-97.327	30.477
-97.327	30.387
-97.357	30.267
-97.387	30.027
-97.387	29.697
-97.417	29.547
-97.477	29.097
-97.477	28.917
POLYLINE GREEN
-97.267	37.347
-97.147	37.197
POLYLINE GREEN
-94.787	40.897
-94.807	40.897
-94.807	40.877
-94.787	40.847
-94.697	40.797
-94.607	40.817
-94.567	40.877
-94.567	40.897
-94.627	40.957
-94.727	41.017
-94.757	41.027
POLYLINE GREEN
-94.957	40.587
-94.977	40.587
-94.987	40.537
-94.947	40.507
-94.917	40.507
-94.867	40.497
-94.797	40.497
-94.737	40.537
-94.707	40.577
-94.717	40.617
-94.797	40.707
-94.827	40.717
-94.847	40.747
-94.867	40.747
-94.877	40.767
POLYLINE GREEN
-95.187	40.257
-95.207	40.217
-95.127	40.207
-95.097	40.207
-95.017	40.277
-95.007	40.327
-95.057	40.357
-95.107	40.387
-95.197	40.407
POLYLINE GREEN
-94.897	39.817
-94.907	39.797
-94.867	39.797
-94.787	39.837
-94.757	39.887
-94.767	39.927
-94.887	39.987
-94.937	39.997
-95.007	39.977
-95.027	39.957
-95.047	39.957
POLYLINE GREEN
-94.717	39.477
-94.647	39.507
-94.597	39.587
-94.597	39.617
-94.617	39.657
-94.687	39.687
-94.787	39.687
POLYLINE RED
-94.437	39.667
-94.447	39.647
-94.447	39.737
-94.457	39.777
-94.537	39.877
-94.587	39.927
-94.647	39.967
-94.697	40.017
-94.797	40.087
-94.847	40.137
-94.907	40.167
-94.927	40.167
-94.847	40.197
-94.797	40.247
-94.737	40.307
-94.637	40.417
-94.567	40.517
-94.527	40.587
-94.477	40.817
-94.467	40.907
-94.477	40.987
-94.487	41.027
POLYLINE RED
-94.497	39.577
-94.477	39.607
-94.467	39.687
-94.467	39.707
POLYLINE BLACK
-95.087	39.967
-95.007	40.057
-94.957	40.157
-94.867	40.277
-94.837	40.347
-94.787	40.427
-94.637	40.747
-94.607	40.787
-94.587	40.867
-94.547	41.017
POLYLINE BLACK
-93.157	37.937
-93.147	37.917
-93.197	37.977
-93.207	38.017
-93.227	38.077
-93.227	38.107
-93.237	38.147
-93.267	38.297
-93.307	38.417
-93.407	38.607
-93.427	38.697
-93.487	38.887
-93.507	38.987
-93.527	39.077
-93.537	39.167
-93.537	39.197
-93.547	39.237
-93.547	39.307
-93.577	39.427
-93.607	39.467
-93.617	39.517
-93.707	39.707
-93.727	39.727
-93.737	39.767
-93.817	39.937
-93.817	39.957
-93.877	40.057
-93.887	40.097
-93.907	40.117
POLYLINE BLACK
-93.897	37.837
-93.897	37.817
-93.967	37.917
-93.967	37.937
-93.987	37.967
-93.997	38.007
-94.017	38.067
-94.027	38.107
-94.077	38.237
-94.127	38.317
-94.197	38.477
-94.207	38.517
-94.257	38.667
-94.267	38.757
-94.317	38.907
-94.377	39.057
-94.377	39.087
-94.387	39.127
-94.397	39.217
-94.417	39.297
-94.457	39.507
-94.447	39.567
POLYLINE BLACK
-89.832	32.422
-89.832	32.382
-89.952	32.482
-89.992	32.482
-90.072	32.602
-90.072	32.642
-90.292	33.022
-90.332	33.182
-90.432	33.402
-90.452	33.482
-90.572	33.722
-90.572	33.762
-90.632	33.842
-90.652	33.942
-90.712	34.022
-90.732	34.102
-90.792	34.182
-90.792	34.242
-90.832	34.342
-90.932	34.462
-90.952	34.542
-91.352	35.162
-91.492	35.382
-91.572	35.462
-91.732	35.722
-91.952	36.002
-92.012	36.062
-92.172	36.322
-92.292	36.482
-92.332	36.582
-92.452	36.742
-92.452	36.782
-92.752	37.242
-92.852	37.402
-92.952	37.542
-93.012	37.602
-93.092	37.722
-93.212	37.862
POLYLINE BLACK
-90.392	32.142
-90.412	32.062
-90.512	31.962
-90.632	32.042
-90.732	32.162
-90.792	32.262
-90.792	32.302
-90.932	32.502
-91.112	32.882
-91.132	32.962
-91.332	33.542
-91.372	33.582
-91.412	33.742
-91.512	33.862
-91.592	34.002
-91.812	34.222
-91.952	34.442
-92.052	34.562
-92.192	34.802
-92.332	34.962
-92.552	35.242
-92.812	35.582
-92.872	35.682
-93.232	36.162
-93.372	36.382
-93.132	36.042
-93.092	35.962
-93.572	36.842
-93.812	37.262
-93.792	37.302
-93.812	37.382
-93.852	37.542
POLYLINE BLACK
-90.137	32.412
-90.137	32.532
-90.197	32.592
-90.197	32.532
POLYLINE BLACK
-89.777	32.172
-90.047	32.202
-90.137	32.322
POLYLINE BLACK
-89.717	31.992
-89.957	32.082
-90.047	32.082
-90.107	32.112
-90.137	32.052
-90.167	32.172
POLYLINE BLACK
-90.017	32.072
-90.017	32.152
-90.007	32.192
-90.007	32.212
POLYLINE BLACK
-90.177	32.262
-90.227	32.202
-90.227	32.222
POLYLINE BLACK
-90.127	32.232
-90.147	32.242
-90.147	32.282
-90.167	32.282
POLYLINE BLACK
-89.947	32.102
-89.947	32.082
-89.937	32.102
POLYLINE BLACK
-90.357	32.172
-90.457	32.162
-90.497	32.142
POLYLINE BLACK
-90.087	32.222
-90.087	32.242
POLYLINE BLACK
-90.087	32.242
-90.087	32.282
POLYLINE BLACK
-90.027	32.192
-90.057	32.232
POLYLINE BLACK
-90.037	32.222
POLYLINE BLACK
-90.077	32.112
-90.107	32.142
POLYLINE BLACK
-90.067	32.282
-90.087	32.292
POLYLINE BLACK
-90.067	32.202
-90.067	32.242
POLYLINE BLACK
-90.137	32.262
-90.127	32.242
-90.127	32.262
POLYLINE BLACK
-89.557	31.102
-89.597	31.112
-89.637	31.102
-89.757	31.132
-89.797	31.122
-89.897	31.162
-90.047	31.262
-90.287	31.512
-90.327	31.592
-90.377	31.642
-90.417	31.702
-90.517	31.822
-90.547	31.852
-90.587	31.892
-90.607	31.942
-90.637	31.972
-90.657	32.002
POLYLINE BLACK
-90.087	32.242
-90.067	32.252
-90.007	32.202
-89.897	32.092
-89.857	32.032
-89.787	31.972
-89.757	31.922
-89.717	31.862
-89.697	31.862
-89.627	31.762
-89.597	31.712
-89.527	31.612
-89.457	31.502
-89.387	31.402
-89.367	31.352
-89.257	31.182
POLYLINE BLACK
-89.237	31.382
-89.257	31.372
POLYLINE BLACK
-89.227	31.102
-89.187	31.062
-89.187	31.062
POLYLINE BLACK
-89.297	31.212
-89.277	31.192
-89.257	31.192
-89.277	31.182
POLYLINE BLACK
-89.267	31.172
-89.297	31.262
-89.317	31.262
-89.317	31.282
-89.337	31.262
-89.357	31.272
POLYLINE BLACK
-89.187	31.062
-89.197	31.102
-89.217	31.102
POLYLINE BLACK
-89.237	31.112
-89.277	31.152
-89.297	31.152
-89.337	31.202
-89.337	31.202
POLYLINE BLACK
-89.177	31.092
-89.197	31.102
-89.187	31.122
POLYLINE BLACK
-89.227	30.462
-89.207	30.372
-89.227	30.352
-89.247	30.412
-89.267	30.432
-89.267	30.472
-89.327	30.642
-89.337	30.692
-89.397	30.832
-89.467	30.932
-89.527	30.972
-89.547	31.012
POLYLINE BLACK
-89.187	30.382
-89.207	30.382
POLYLINE BLACK
-87.132	26.812
-87.162	26.782
-87.222	26.782
-87.282	26.797
-87.312	26.782
-87.462	26.857
-87.492	26.857
-87.597	26.932
-87.612	26.962
-87.642	26.962
-87.777	27.157
-87.852	27.277
-87.897	27.412
-87.897	27.442
-87.957	27.637
-87.972	27.697
-87.972	27.727
-88.002	27.817
-88.002	27.892
-88.032	27.922
-88.047	27.997
-88.122	28.162
-88.122	28.192
-88.242	28.447
-88.242	28.477
-88.362	28.657
-88.407	28.762
-88.407	28.792
-88.497	28.867
-88.542	28.972
-88.602	29.062
-88.632	29.077
-88.647	29.107
-88.752	29.137
-88.782	29.137
-88.842	29.182
-88.917	29.317
-88.932	29.392
-88.947	29.422
-88.947	29.467
-89.022	29.587
-89.022	29.617
-89.112	29.737
-89.127	29.782
-89.157	29.812
-89.157	29.842
-89.172	29.902
-89.172	29.932
-89.202	29.992
-89.202	30.037
-89.262	30.217
-89.262	30.247
-89.307	30.352
POLYLINE BLACK
-85.467	25.942
-85.392	25.912
-85.392	25.882
-85.452	25.897
-85.632	26.032
-85.782	26.152
-85.827	26.212
-85.887	26.257
-85.902	26.302
-86.037	26.452
-86.052	26.497
-86.277	26.737
-86.472	26.872
-86.592	26.932
-86.652	26.932
-86.757	26.977
-86.817	26.977
-86.847	27.007
POLYLINE BLACK
-86.952	27.037
-86.982	27.037
-87.012	27.022
-87.102	27.082
-87.117	27.127
-87.192	27.247
-87.252	27.337
-87.252	27.367
-87.312	27.487
-87.312	27.547
-87.342	27.682
-87.342	27.712
-87.357	27.772
-87.357	27.802
-87.372	27.862
-87.372	27.892
-87.387	27.952
-87.387	28.042
-87.402	28.072
-87.402	28.177
-87.432	28.237
-87.432	28.267
-87.582	28.582
-87.582	28.612
-87.612	28.642
-87.612	28.672
-87.687	28.837
-87.777	28.957
-87.927	29.257
-88.002	29.377
-88.017	29.407
-88.017	29.452
-88.077	29.542
-88.077	29.572
-88.122	29.632
-88.122	29.662
-88.167	29.722
-88.167	29.752
-88.212	29.842
-88.212	29.872
-88.257	29.932
-88.257	29.962
-88.317	30.067
-88.377	30.112
-88.407	30.097
-88.467	30.187
-88.527	30.232
-88.587	30.322
-88.617	30.397
-88.767	30.607
-88.767	30.637
-88.797	30.697
-88.797	30.727
-88.857	30.892
-88.917	30.937
-88.992	31.057
-89.142	31.177
-89.172	31.177
-89.262	31.252
POLYLINE BLACK
-86.412	26.716
-86.447	26.716
-86.461	26.723
-86.468	26.737
-86.482	26.737
-86.524	26.765
-86.538	26.765
-86.601	26.807
-86.657	26.849
-86.713	26.891
-86.741	26.912
-86.748	26.926
-86.783	26.940
-86.797	26.954
-86.811	26.954
-86.818	26.968
-86.832	26.975
POLYLINE BLACK
-85.348	25.645
-85.383	25.687
-85.425	25.722
-85.460	25.785
-85.516	25.820
POLYLINE BLACK
-84.593	24.318
-84.668	24.468
POLYLINE BLACK
-94.078	31.978
-94.058	32.018
-94.078	32.058
-94.058	32.138
-94.058	32.258
-94.078	32.398
-94.118	32.618
-94.118	32.658
POLYLINE BLACK
-95.038	30.038
-95.038	29.998
-95.158	29.898
-95.198	30.198
-95.198	30.318
-95.218	30.398
-95.238	30.558
-95.278	30.758
-95.258	30.798
-95.278	30.838
-95.258	30.878
-95.278	30.958
-95.258	31.038
-95.238	31.198
-95.198	31.358
-95.078	31.658
-95.058	31.778
-95.018	31.818
-94.998	31.898
-94.938	32.018
-94.898	32.238
-94.878	32.398
-94.878	32.518
-94.858	32.598
-94.858	32.758
POLYLINE BLACK
-94.558	29.318
-94.558	29.278
-94.478	29.518
-94.478	29.638
-94.458	29.718
-94.458	30.118
-94.518	30.318
-94.518	30.418
-94.538	30.498
-94.538	30.578
-94.558	30.658
-94.558	30.798
-94.578	30.898
-94.558	30.978
-94.558	31.058
-94.478	31.298
-94.418	31.478
-94.358	31.558
-94.358	31.598
-94.198	31.798
-94.158	31.898
-94.038	32.098
-93.978	32.258
POLYLINE BLACK
-95.178	29.838
-95.218	29.798
-95.018	29.678
-94.958	29.618
-94.738	29.398
-94.618	29.178
POLYLINE BLACK
-80.148	39.288
POLYLINE BLACK
-85.938	25.248
-85.938	25.228
-86.018	25.288
-86.028	25.308
-86.048	25.308
-86.088	25.358
-86.108	25.358
-86.238	25.528
-86.258	25.528
-86.308	25.618
-86.448	25.798
-86.518	25.878
-86.518	25.898
-86.548	25.928
-86.608	26.008
-86.648	26.078
-86.668	26.088
-86.698	26.158
-86.748	26.218
-86.748	26.238
-86.798	26.288
-86.808	26.318
-86.838	26.348
-86.838	26.368
-86.868	26.418
-86.948	26.498
-86.958	26.528
-87.068	26.638
-87.108	26.698
-87.178	26.768
-87.198	26.808
POLYLINE BLACK
-97.423	10.413
-97.423	10.213
POLYLINE CONNECT
-95.023	30.713
-87.188	26.742
POLYLINE BLACK
-85.823	26.063
-85.898	25.913
-85.898	26.063
POLYLINE BLACK
-86.198	26.663
POLYLINE BLACK
-86.798	26.063
POLYLINE BLACK
-86.423	26.438
POLYLINE BLACK
-86.423	26.438
-86.423	26.588
POLYLINE BLACK
-86.873	26.663
POLYLINE BLACK
-85.823	26.063
POLYLINE BLACK
-86.948	26.888
-86.948	26.738
-87.023	26.888
-87.023	26.888
-87.023	26.888
POLYLINE BLACK
-65.873	37.163
-65.273	36.338
-65.273	36.038
-65.348	35.888
-65.348	35.663
-65.498	35.363
-65.498	35.213
-65.573	35.063
POLYLINE BLACK
-65.423	40.463
-65.273	40.313
-65.273	39.938
POLYLINE BLACK
-66.098	42.938
-65.348	42.788
POLYLINE BLACK
-86.723	26.663
-86.873	26.663
POLYLINE BLACK
-86.873	26.663
POLYLINE BLACK
-85.713	25.143
-85.753	25.143
-85.773	25.183
POLYLINE BLACK
-85.633	25.183
-85.653	25.143
POLYLINE BLACK
-81.713	23.203
-81.573	23.323
-81.233	23.503
-81.093	23.563
-81.253	23.623
-81.313	23.623
-81.473	23.583
-81.553	23.523
POLYLINE BLACK
-81.793	23.803
-81.833	23.603
-81.913	23.443
-81.913	23.183
-81.633	23.383
-81.533	23.483
-81.333	23.623
-81.253	23.703
-81.293	23.683
-81.473	23.763
-81.693	23.803
POLYLINE BLACK
-81.973	23.203
-81.933	23.203
-81.253	23.863
-81.133	23.983
-80.953	24.163
-80.693	24.423
-80.653	24.483
-80.593	24.503
-80.253	24.843
-80.073	25.023
POLYLINE GREEN
-82.298	23.158
-82.298	23.128
-82.283	23.098
-82.463	23.248
-82.538	23.338
-82.568	23.338
-82.748	23.503
-82.883	23.668
-82.943	23.758
-83.168	24.073
-83.363	24.283
-83.543	24.448
-83.573	24.448
-83.633	24.493
-83.678	24.508
-83.693	24.538
-83.798	24.598
-83.828	24.643
-83.933	24.673
-83.993	24.733
-84.038	24.748
-84.158	24.823
-84.173	24.853
-84.248	24.883
-84.368	24.973
-84.638	25.108
-84.668	25.108
-84.818	25.198
-84.848	25.198
-84.878	25.228
-84.908	25.228
-85.058	25.348
-85.088	25.378
-85.118	25.378
-85.238	25.468
-85.283	25.543
-85.313	25.543
-85.403	25.618
-85.418	25.678
POLYLINE GREEN
-82.913	22.078
-82.943	22.093
-83.153	22.348
-83.273	22.498
-83.363	22.558
-83.468	22.678
-83.573	22.768
-83.768	22.993
-83.873	23.083
-84.038	23.293
-84.128	23.368
-84.173	23.443
-84.218	23.458
-84.308	23.548
-84.338	23.548
-84.743	23.923
-84.848	23.998
-84.938	24.103
-85.043	24.178
-85.163	24.283
-85.298	24.388
-85.328	24.433
-85.373	24.448
-85.388	24.493
-85.478	24.568
-85.538	24.643
-85.553	24.688
-85.628	24.778
-85.658	24.793
-85.718	24.883
-85.823	24.958
-85.883	25.048
POLYLINE GREEN
-83.153	25.423
POLYLINE GREEN
-81.083	22.708
-81.173	22.708
-81.263	22.753
-81.293	22.753
-81.323	22.768
-81.353	22.753
-81.383	22.768
-81.428	22.768
-81.488	22.798
-81.518	22.798
-81.578	22.828
-81.653	22.828
-81.713	22.858
-81.773	22.858
-81.863	22.888
-81.893	22.873
-81.983	22.933
-82.118	22.933
-82.178	22.963
-82.268	22.963
-82.298	22.978
POLYLINE GREEN
-80.978	22.108
-80.978	22.078
-81.008	22.063
-81.068	22.078
-81.128	22.078
-81.278	22.138
-81.308	22.138
-81.368	22.168
-81.398	22.168
-81.458	22.213
-81.518	22.213
-81.638	22.243
-81.698	22.243
-81.788	22.273
-81.818	22.258
-81.878	22.273
-81.908	22.258
-81.968	22.273
-82.088	22.228
-82.118	22.258
-82.283	22.228
-82.313	22.213
-82.373	22.228
-82.403	22.228
-82.493	22.183
-82.538	22.183
-82.628	22.138
-82.658	22.138
-82.778	22.078
-82.793	22.048
-82.823	22.048
-82.913	21.958
-82.943	21.958
-82.988	21.898
POLYLINE GREEN
-67.353	20.983
-67.303	20.883
POLYLINE BLACK
-84.653	42.333
-84.863	42.753
-84.863	42.843
-84.953	43.173
-84.953	43.353
-84.983	43.473
-85.013	43.713
-85.013	43.893
-85.043	44.013
-85.043	44.193
-85.013	44.343
-84.863	44.523
-84.803	44.523
-84.773	44.583
-84.713	44.583
-84.683	44.643
-84.443	44.703
-84.263	44.763
-84.143	44.733
-83.813	44.763
-83.693	44.793
-83.633	44.763
-83.573	44.793
-83.513	44.763
-83.393	44.793
-83.273	44.763
-83.093	44.823
-82.973	44.793
-82.733	44.883
-82.463	44.943
-82.253	45.033
-82.103	45.033
-82.043	45.063
-81.863	45.003
-81.743	45.003
-81.683	44.943
-81.623	45.003
-81.593	44.943
-81.593	45.003
POLYLINE BLACK
-81.893	45.723
-81.863	45.663
-81.743	45.723
-81.743	45.783
-81.833	45.663
-81.863	45.423
-81.833	45.153
-81.743	44.793
-81.743	44.703
-81.713	44.583
-81.623	44.073
-81.503	43.623
-81.503	43.563
-81.443	43.443
-81.443	43.293
-81.413	43.173
-81.413	42.963
-81.383	42.873
-81.413	42.753
-81.413	42.273
-81.443	42.153
-81.443	42.033
-81.473	41.883
-81.533	41.313
-81.563	41.103
-81.563	40.713
-81.593	40.593
-81.593	39.423
POLYLINE BLACK
-84.863	42.243
-84.923	42.303
-84.413	41.823
-84.053	41.523
-83.933	41.343
-83.933	41.283
-83.783	41.043
-83.783	40.953
-83.573	40.473
-83.153	40.053
-82.733	39.423
POLYLINE BLACK
-81.773	39.123
-81.803	39.153
-81.878	39.138
-82.013	39.138
-82.088	39.153
-82.148	39.108
-82.208	39.123
-82.298	39.123
-82.358	39.138
-82.493	39.153
-82.523	39.168
-82.538	39.198
-82.463	39.423
-82.463	39.453
-82.448	39.513
-82.448	39.618
-82.388	39.633
-82.343	39.633
-82.313	39.618
-82.208	39.663
-82.178	39.663
-81.908	39.573
-81.833	39.588
-81.803	39.588
-81.638	39.513
-81.623	39.453
-81.638	39.423
-81.653	39.168
-81.653	39.138
-81.683	39.153
-81.758	39.153
-81.788	39.168
POLYLINE BLACK
-82.403	38.463
-82.403	38.523
-82.418	38.583
-82.418	38.658
-82.478	38.868
-82.568	39.018
-82.613	39.078
-82.613	39.108
-82.643	39.168
-82.643	39.618
-82.628	39.678
POLYLINE BLACK
-81.803	37.743
-81.758	37.833
-81.758	38.028
-81.743	38.088
-81.743	38.118
-81.788	38.208
-81.788	38.268
-81.758	38.343
-81.728	38.358
-81.683	38.493
-81.683	38.523
-81.668	38.583
-81.668	38.643
-81.638	38.688
-81.638	38.718
-81.608	38.838
-81.608	38.898
-81.593	38.958
-81.548	39.018
POLYLINE BLACK
-81.803	37.773
-81.833	37.803
-81.863	37.803
-81.923	37.818
-82.028	37.818
-82.088	37.848
-82.268	37.863
-82.343	37.878
-82.373	37.983
-82.373	38.028
-82.388	38.088
-82.388	38.118
-82.373	38.178
-82.373	38.208
-82.388	38.268
-82.388	38.343
-82.328	38.328
-82.298	38.328
-82.178	38.358
-82.148	38.343
-82.088	38.358
-82.058	38.343
-81.953	38.328
-81.848	38.283
-81.728	38.133
-81.728	38.103
-81.713	38.043
-81.713	38.013
-81.728	37.983
-81.728	37.908
-81.773	37.773
-81.803	37.773
-81.863	37.803
-81.893	37.803
POLYLINE BLACK
-81.728	36.378
-81.758	36.438
-81.758	36.483
-81.728	36.498
-81.698	36.483
-81.683	36.423
POLYLINE BLACK
-81.908	36.333
-81.938	36.333
-81.998	36.378
-81.893	36.408
-81.863	36.378
-81.893	36.348
POLYLINE BLACK
-82.208	36.408
-82.223	36.438
-82.163	36.453
-82.103	36.438
-82.088	36.408
-82.118	36.408
-82.148	36.378
-82.178	36.378
POLYLINE BLACK
-82.388	37.758
-82.358	37.788
-82.358	37.758
-82.328	37.698
-82.328	37.533
-82.343	37.473
-82.343	37.398
-82.358	37.338
-82.358	37.248
-82.343	37.218
-82.343	37.143
-82.328	37.068
-82.328	36.993
-82.358	36.873
-82.358	36.678
-82.343	36.618
-82.343	36.558
-82.298	36.408
-82.223	36.288
-82.193	36.288
-82.133	36.258
-82.103	36.273
-82.073	36.258
-82.043	36.273
-82.013	36.243
-81.983	36.258
-81.923	36.243
-81.893	36.258
-81.863	36.243
-81.743	36.273
-81.683	36.273
-81.593	36.333
-81.548	36.423
-81.548	36.453
-81.578	36.483
-81.578	36.513
-81.608	36.573
-81.608	36.603
-81.638	36.633
-81.638	36.663
-81.668	36.723
-81.668	36.753
-81.728	36.948
-81.773	37.128
-81.773	37.338
-81.788	37.413
-81.788	37.533
-81.773	37.593
-81.773	37.623
-81.788	37.683
POLYLINE BLACK
-82.388	38.433
-82.448	38.403
POLYLINE BLACK
-83.288	36.933
POLYLINE CONNECT
-82.328	37.758
-81.120	22.083
POLYLINE BLACK
-78.928	22.198
-78.908	22.238
-78.908	22.268
-78.838	22.488
-78.958	22.178
-79.088	22.498
-79.068	22.508
-79.018	22.508
-78.978	22.518
-79.038	22.518
POLYLINE BLACK
-78.488	22.118
-78.468	22.228
-78.548	22.038
-78.568	22.058
-78.608	22.298
-78.618	22.338
-78.578	22.308
-78.488	22.278
POLYLINE BLACK
-80.768	22.308
-80.768	22.308
-80.768	22.368
-80.758	22.258
-80.758	22.208
-80.828	22.258
-80.868	22.298
-80.958	22.358
-80.978	22.378
-80.978	22.398
-80.698	22.508
-80.668	22.528
-80.638	22.528
POLYLINE BLACK
-80.288	22.308
-80.288	22.288
-80.258	22.338
-80.228	22.418
-80.258	22.378
-80.348	22.158
-80.368	22.198
-80.398	22.318
-80.418	22.358
-80.418	22.388
-80.448	22.428
-80.368	22.438
-80.278	22.468
-80.258	22.458
POLYLINE BLACK
-80.418	22.488
-80.428	22.528
-80.428	22.598
-80.478	22.468
-80.538	22.368
-80.598	22.608
-80.638	22.708
-80.618	22.708
-80.558	22.678
-80.418	22.638
POLYLINE BLACK
-80.058	22.488
-79.958	22.588
-80.008	22.518
-80.048	22.428
-80.068	22.418
-80.138	22.628
-80.148	22.648
-80.048	22.648
-79.988	22.678
-79.968	22.668
POLYLINE BLACK
-79.258	22.348
-79.268	22.368
-79.418	22.368
-79.508	22.378
-79.548	22.368
-79.568	22.378
POLYLINE BLACK
-79.288	22.608
-79.438	22.578
-79.558	22.578
-79.578	22.568
-79.598	22.578
-79.638	22.568
-79.658	22.578
POLYLINE BLACK
-79.418	22.328
-79.408	22.308
-79.428	22.328
-79.468	22.318
-79.508	22.328
-79.538	22.318
-79.578	22.328
-79.638	22.328
POLYLINE BLACK
-79.178	21.928
-79.168	21.968
-79.168	22.088
-79.178	22.188
-79.178	22.298
-79.188	22.408
-79.188	22.558
-79.198	22.638
-79.198	22.748
-79.208	22.768
POLYLINE BLACK
-78.058	22.388
-78.098	22.398
-78.178	22.438
-78.258	22.448
-78.338	22.468
-78.358	22.488
POLYLINE BLACK
-78.098	22.098
-78.138	22.108
-78.628	22.408
-79.218	22.808
-79.238	22.828
-79.218	22.828
-78.138	22.118
-78.178	22.118
-78.238	22.138
-78.298	22.138
-78.338	22.168
-78.398	22.178
POLYLINE BLACK
-78.088	21.918
-78.048	21.888
-78.028	21.948
-78.018	22.028
-77.998	22.178
-77.988	22.268
-77.978	22.358
-77.968	22.398
-77.928	22.618
-77.898	22.738
POLYLINE BLACK
-78.048	21.828
-78.038	21.788
-78.028	21.728
POLYLINE BLACK
-76.258	21.708
-76.438	21.728
-76.538	21.728
-76.658	21.708
-76.778	21.748
-77.018	21.748
-77.118	21.768
-77.198	21.748
-77.278	21.748
-77.418	21.768
-77.558	21.768
-77.598	21.748
-77.698	21.768
-77.818	21.768
-77.938	21.828
-78.038	21.808
-78.118	21.848
-78.198	21.828
-78.418	21.888
-78.458	21.868
-78.558	21.888
-78.638	21.888
-78.678	21.908
-78.898	21.908
-78.978	21.928
-79.018	21.908
-79.098	21.928
-79.158	21.928
-79.238	21.948
-79.418	21.948
-79.538	21.968
-79.718	21.988
-79.758	22.008
-79.838	21.988
-79.918	22.028
-79.978	22.028
-80.058	22.048
-80.198	22.048
-80.398	22.068
-80.478	22.088
-80.578	22.088
-80.658	22.068
-80.738	22.088
-80.818	22.108
-80.858	22.088
-80.958	22.128
-81.038	22.108
-81.118	22.128
-81.158	22.108
-81.158	22.108
POLYLINE BLACK
-76.078	22.508
-76.118	22.468
-76.198	22.468
-76.278	22.428
-76.438	22.448
-76.558	22.408
-76.638	22.428
-76.758	22.428
-76.878	22.468
-77.118	22.468
-77.198	22.488
-77.318	22.508
-77.378	22.488
-77.658	22.548
-77.798	22.548
-77.878	22.568
-77.958	22.568
-77.998	22.548
-78.178	22.588
-78.318	22.568
-78.498	22.588
-78.578	22.608
-78.658	22.588
-78.738	22.608
-79.098	22.608
-79.178	22.628
-79.258	22.608
-79.798	22.608
-79.838	22.588
-79.918	22.608
-80.058	22.608
-80.178	22.648
-80.258	22.628
-80.358	22.628
-80.438	22.608
-80.838	22.608
-80.878	22.628
-80.998	22.588
-81.058	22.588
-81.138	22.608
-81.178	22.588
-81.198	22.628
-81.198	22.628
-81.198	22.588
POLYLINE BLACK
-75.568	25.328
-75.778	24.848
-75.838	24.578
-75.838	24.458
-75.898	24.248
-75.898	24.128
-76.228	22.778
-76.438	22.268
-76.438	22.148
-76.618	21.728
-76.648	21.608
-76.678	21.548
POLYLINE BLACK
-70.588	23.918
-70.918	24.158
POLYLINE BLACK
-71.098	23.618
-71.128	23.768
-71.248	23.948
POLYLINE BLACK
-71.818	23.648
-71.758	23.708
-71.698	24.218
POLYLINE BLACK
-72.388	23.798
-72.298	23.978
-72.298	24.098
-72.268	24.188
POLYLINE BLACK
-72.898	24.098
-72.808	24.398
POLYLINE BLACK
-73.258	24.278
-73.228	24.338
POLYLINE BLACK
-70.528	23.918
-70.738	23.558
-70.858	23.468
-70.978	23.468
-71.218	23.378
-71.338	23.378
-71.488	23.408
-71.668	23.408
-71.968	23.558
-72.028	23.558
-72.058	23.618
-72.178	23.618
-72.298	23.648
-72.358	23.708
-72.418	23.708
-72.688	23.978
-72.748	23.978
-72.808	24.038
-72.898	24.038
-73.048	24.188
-73.108	24.188
-73.228	24.308
-73.348	24.308
-73.378	24.368
-73.498	24.338
-73.618	24.368
-73.738	24.338
-73.858	24.338
-73.918	24.278
-73.978	24.308
-74.158	24.248
-74.218	24.188
-74.278	24.278
-74.278	24.218
-74.488	24.008
-74.608	23.768
-74.638	23.648
-74.758	23.318
-74.818	23.078
-74.848	22.958
-74.878	22.688
-74.878	22.508
-74.908	22.448
-74.878	22.328
-74.818	21.968
-74.818	21.758
POLYLINE BLACK
-70.768	24.248
-70.828	24.188
POLYLINE BLACK
-71.483	23.183
-71.543	23.163
POLYLINE BLACK
-74.543	26.943
POLYLINE BLACK
-73.723	26.083
-73.643	25.943
-73.723	25.963
-73.823	25.963
-73.863	25.943
-73.943	25.963
-74.003	25.943
-74.083	25.963
-74.163	25.943
-74.243	25.963
-74.363	25.963
-74.403	25.943
-74.483	25.983
-74.623	25.943
-74.703	25.963
-74.903	25.923
-74.943	25.883
-74.983	25.903
-75.043	25.843
-75.043	25.843
-75.403	25.223
-75.463	25.063
POLYLINE GREEN
-68.303	20.843
-68.273	20.858
-68.273	20.888
POLYLINE GREEN
-70.454	23.999
-70.468	24.013
-70.496	24.006
-70.496	23.992
-70.454	23.880
-70.433	23.852
-70.419	23.845
-70.412	23.831
-70.398	23.824
POLYLINE GREEN
-70.594	23.852
-70.608	23.852
-70.566	23.782
-70.559	23.761
-70.524	23.719
-70.517	23.705
POLYLINE GREEN
-70.699	23.726
-70.713	23.733
-70.720	23.705
-70.699	23.670
-70.664	23.628
-70.629	23.579
POLYLINE GREEN
-70.811	23.551
-70.825	23.551
-70.825	23.551
-70.734	23.474
-70.720	23.467
-70.699	23.439
POLYLINE GREEN
-70.713	23.327
-70.706	23.313
-70.706	23.327
-70.678	23.369
-70.566	23.600
-70.566	23.614
-70.552	23.649
-70.524	23.691
-70.524	23.705
-70.496	23.747
-70.482	23.754
-70.447	23.831
-70.384	23.915
-70.349	23.985
-70.335	23.992
-70.328	24.006
POLYLINE GREEN
-67.420	25.280
POLYLINE BROWN
-68.000	26.140
POLYLINE BROWN
-67.600	22.020
-67.800	21.860
POLYLINE BROWN
-74.010	19.360
-74.070	19.330
-73.740	19.090
-73.860	19.090
-74.040	19.150
-74.130	19.150
-74.220	19.270
-74.070	19.360
-73.560	19.630
-73.500	19.660
-73.530	19.450
-73.500	19.090
-73.470	19.030
POLYLINE BROWN
-74.370	22.390
-74.010	22.510
-74.220	22.540
-74.400	22.480
-74.400	22.540
-74.340	22.690
POLYLINE BROWN
-74.310	22.480
-74.010	22.480
-73.920	22.510
-74.130	22.420
-74.460	22.390
-74.490	22.510
-74.460	22.660
-74.310	22.840
-74.250	22.780
-74.100	22.750
-73.800	22.510
POLYLINE BROWN
-72.210	17.290
-72.270	17.230
-72.180	17.260
-72.000	17.200
-71.910	17.230
-71.970	17.140
-72.300	17.110
-72.510	17.140
-72.570	17.110
-72.570	17.170
-71.940	17.770
-71.700	17.230
POLYLINE BROWN
-72.390	23.380
-72.180	23.380
-71.940	23.410
-72.330	23.170
-72.390	23.110
-72.450	23.170
-72.450	23.320
-72.420	23.380
-72.420	23.650
-72.300	23.650
-72.000	23.500
-71.940	23.440
POLYLINE BROWN
-71.220	21.400
-71.160	21.460
-70.950	21.430
-70.830	21.400
-70.950	21.370
-71.280	21.430
-71.400	21.400
-71.190	21.670
-70.980	21.910
-70.830	21.520
-70.800	21.400
POLYLINE BROWN
-70.890	20.350
-70.830	20.350
-70.710	20.260
-70.560	20.230
-70.500	20.170
-70.890	20.290
-70.680	20.530
-70.620	20.530
-70.470	20.650
-70.410	20.650
-70.410	20.410
-70.380	20.200
-70.380	20.140
POLYLINE BROWN
-72.390	20.710
-72.360	20.560
-72.360	20.380
-72.330	20.260
-72.330	20.050
-72.270	19.840
-72.240	19.570
-72.240	19.270
-72.210	19.210
-72.570	19.480
-72.780	19.750
-72.840	19.750
-73.350	20.350
-73.620	20.710
-73.500	20.740
-73.440	20.800
-73.350	20.800
-73.050	21.040
-72.900	21.130
-72.780	21.250
-72.690	21.280
-72.600	21.400
-72.540	21.400
-72.540	21.460
-72.480	21.520
-72.450	21.640
-72.390	21.370
-72.210	20.920
-72.180	20.560
-72.120	20.200
POLYLINE BROWN
-75.480	24.670
-75.480	24.730
-75.360	24.760
-75.180	24.760
-74.790	24.610
-74.280	24.460
-74.100	24.400
-73.650	24.310
-74.070	24.490
-74.610	24.610
-74.670	24.610
POLYLINE BROWN
-74.370	20.230
-74.430	20.200
-74.490	20.350
-74.460	20.620
-74.460	20.830
-74.370	20.950
-74.070	21.610
-74.010	21.850
-73.860	22.300
-73.830	22.420
-73.800	22.750
-73.770	22.870
-73.650	23.290
-73.650	23.410
-73.620	23.530
-73.620	23.710
-73.530	23.950
-73.530	24.070
-73.440	24.190
-73.440	24.340
POLYLINE BROWN
-74.880	20.380
-74.820	20.260
-74.490	20.110
-74.400	20.110
-74.460	20.080
-74.790	20.170
-74.850	20.140
-75.210	20.260
-75.330	20.350
-75.450	20.350
-75.780	20.410
-75.780	20.410
-75.810	20.530
-75.870	20.830
-75.870	21.430
-75.930	21.850
-75.900	22.180
-75.810	22.360
-75.810	22.510
-75.780	22.630
-75.780	23.140
-75.750	23.200
-75.750	23.620
-75.660	23.950
-75.480	24.250
-75.390	24.430
POLYLINE BROWN
-74.670	20.470
-74.610	20.260
-74.730	20.200
POLYLINE BROWN
-69.210	17.320
-69.210	17.260
-69.450	17.020
-69.540	16.870
-69.540	16.750
-69.870	17.320
-70.110	17.860
-70.170	17.920
-70.170	17.980
-70.290	18.160
-70.290	18.250
-70.410	18.430
-70.560	18.760
-70.620	18.820
-70.560	18.790
POLYLINE BROWN
-69.180	17.650
-69.330	17.050
-69.360	17.110
-69.360	17.380
-69.300	17.830
-69.240	17.950
-69.270	17.680
-69.270	17.470
-69.330	17.140
-69.330	18.160
-69.270	18.280
POLYLINE BLUE
-70.590	25.150
-70.500	25.090
-70.230	25.090
-70.080	25.060
-69.930	25.120
-69.870	25.090
-70.410	25.000
-70.800	24.850
-70.530	25.270
-70.470	25.450
-70.410	25.510
POLYLINE BLUE
-68.910	26.800
-69.150	26.650
-69.180	26.590
-69.240	26.590
-69.300	26.350
-69.210	26.170
-69.030	26.050
-69.000	25.990
-69.060	25.930
-69.120	25.930
-69.360	25.720
-69.450	25.720
-69.510	25.660
-69.630	25.690
-69.870	25.960
-69.990	26.020
-70.080	26.020
-70.170	25.930
-70.170	25.780
-70.050	25.540
-70.080	25.420
-70.200	25.330
POLYLINE BLUE
-70.410	21.070
-70.410	21.190
-70.590	21.610
-70.620	21.790
-70.380	21.520
-70.290	21.490
-69.960	21.220
-69.780	21.100
-69.750	21.040
-69.750	21.100
-70.110	21.490
POLYLINE BLUE
-68.550	18.370
-68.670	18.400
-68.790	18.430
-68.910	18.460
-69.090	18.580
-69.240	18.820
-69.030	19.120
-69.120	19.180
-69.300	19.210
-69.570	19.390
-69.600	19.540
-69.330	19.750
-69.300	19.810
-69.600	19.990
-69.750	20.020
-69.810	20.080
-69.870	20.230
-69.990	20.410
-69.930	20.470
-69.870	20.470
-69.690	20.650
-69.690	20.710
-69.810	20.770
-70.020	21.040
-70.170	21.190
POLYLINE BLUE
-66.660	16.480
-66.810	16.660
-66.840	16.750
-67.140	17.050
-66.810	16.900
-66.690	16.900
-66.600	16.870
-66.420	16.930
-66.300	16.900
-66.390	16.900
-66.510	16.930
-66.840	16.960
-66.960	16.990
-67.020	16.960
-67.020	16.840
-66.930	16.630
-66.720	16.390
POLYLINE BLUE
-65.340	14.980
-65.160	15.280
-65.130	15.400
-65.220	15.490
-65.340	15.520
-65.490	15.550
-65.610	15.640
-65.670	15.580
-65.880	15.790
-65.880	15.910
-65.820	16.120
-65.850	16.240
-66.000	16.270
-66.270	16.390
-66.390	16.390
-66.720	16.510
-66.750	16.570
POLYLINE BLACK
-69.060	19.600
-69.120	19.570
-69.300	19.960
-69.420	20.620
-69.510	21.010
-69.780	22.270
-70.020	22.990
-70.350	23.800
-70.380	24.010
-70.350	24.070
POLYLINE BLACK
-68.910	19.750
-68.910	19.690
POLYLINE BLACK
-69.360	19.660
-69.180	19.420
-68.580	18.820
-68.130	18.340
-67.530	17.590
-67.470	17.530
POLYLINE BLACK
-70.890	15.160
-70.770	15.190
-70.650	15.220
-70.530	15.250
-70.440	15.190
-70.110	15.130
-69.990	15.130
-69.840	15.040
-69.720	15.070
-69.570	15.040
-69.360	15.040
-69.300	15.010
-69.150	15.010
-68.970	15.040
-68.790	14.980
-68.670	15.010
-68.430	15.040
-68.340	15.040
-68.220	15.070
-67.830	15.070
-67.710	15.100
-67.560	15.100
-67.380	15.160
-67.290	15.130
-67.230	15.160
-67.110	15.130
-66.930	15.130
-66.870	15.100
-66.840	15.160
-66.840	15.100
-66.810	15.160
-66.750	15.100
-66.720	15.160
-66.660	15.160
POLYLINE BLACK
-73.620	16.330
-73.620	16.270
-73.080	15.940
-72.930	15.910
-72.750	15.790
-72.630	15.760
-72.510	15.730
-72.450	15.670
-72.330	15.670
-72.210	15.640
-72.150	15.640
-72.090	15.580
-72.030	15.580
-71.790	15.400
-71.670	15.370
-71.610	15.340
-71.490	15.370
-71.430	15.340
-71.370	15.370
-71.250	15.340
-71.070	15.370
-70.890	15.310
-70.830	15.340
POLYLINE BLACK
-74.520	18.040
-74.460	17.980
-74.340	17.950
-74.190	17.860
-74.070	17.830
-73.920	17.740
POLYLINE BLACK
-76.950	18.760
-76.890	18.520
-76.590	18.340
-76.500	18.340
-76.320	18.220
-76.200	18.280
-75.870	18.160
-75.810	18.100
-75.660	18.100
-75.600	18.070
-75.480	18.100
-75.300	18.040
-75.240	18.070
-75.120	18.010
-75.060	18.040
-74.940	18.010
-74.820	18.010
-74.700	17.980
-74.520	17.980
-74.340	17.920
-74.220	17.950
-74.100	17.950
-74.040	17.920
POLYLINE BLACK
-78.930	19.780
-78.990	19.780
-78.870	19.510
-78.810	19.150
-78.810	19.000
-78.780	18.790
-78.780	18.760
-78.870	19.030
-78.870	19.120
-78.930	19.300
-78.930	19.390
POLYLINE BLACK
-76.890	22.810
-77.010	22.840
-77.280	22.870
-77.400	22.810
-77.520	22.840
-77.640	22.840
-77.820	22.780
-78.210	22.690
-78.510	22.540
-78.630	22.510
-78.960	22.420
-79.080	22.420
-79.200	22.360
-79.290	22.360
-79.350	22.330
-79.410	22.360
-79.770	22.240
POLYLINE BLACK
-76.770	22.990
-76.830	22.960
POLYLINE BLACK
-76.110	27.580
-76.170	27.670
-76.170	27.670
-76.170	27.160
-76.260	26.920
-76.260	26.770
-76.320	26.590
-76.320	26.500
-76.350	26.380
-76.350	26.200
-76.380	26.080
-76.380	25.720
-76.410	25.600
-76.410	25.330
-76.440	25.210
-76.470	24.970
-76.470	24.700
-76.530	24.520
-76.530	24.340
-76.560	24.220
-76.560	24.040
-76.650	23.740
-76.650	23.620
-76.740	23.320
-76.740	23.230
-76.860	22.990
POLYLINE BLACK
-76.170	28.000
-76.170	28.000
POLYLINE BLACK
-75.930	20.080
POLYLINE BLACK
-75.030	27.610
-75.120	27.730
-75.180	27.910
-75.270	28.030
-75.270	28.090
-75.510	28.480
-75.540	28.600
POLYLINE BLACK
-73.470	25.930
-73.380	25.930
-73.020	25.810
-72.900	25.780
-72.840	25.810
-72.750	25.780
-72.690	25.810
-72.480	25.750
-72.240	25.780
-71.910	25.750
-71.820	25.750
-71.760	25.780
-71.640	25.750
-71.580	25.780
-71.430	25.690
-71.250	25.690
-71.130	25.660
-71.010	25.630
-70.890	25.600
-71.490	25.720
-71.700	25.720
-72.000	25.780
-73.140	25.870
-73.260	25.870
-73.530	25.810
-73.710	25.780
-73.650	25.840
-73.650	25.960
-73.950	26.380
-74.460	27.070
-75.180	27.940
-75.510	28.390
-75.660	28.630
-75.720	28.660
POLYLINE BLACK
-67.560	20.500
-67.620	20.500
-67.560	20.530
POLYLINE BLACK
-74.160	26.200
-74.160	26.260
-74.970	27.040
-74.970	27.100
-75.270	27.460
-75.360	27.550
-75.630	28.030
-75.720	28.180
-75.930	28.390
-75.990	28.420
POLYLINE BLACK
-71.460	25.630
-71.430	25.480
-71.580	25.330
-71.640	25.330
-71.760	25.240
-71.820	25.240
-71.940	25.120
-71.700	25.300
-71.640	25.300
-71.940	25.120
-72.060	25.120
-72.240	25.060
-72.330	25.060
-72.450	25.030
-72.690	25.030
-73.110	25.300
-73.170	25.300
-73.230	25.360
-73.290	25.360
-73.500	25.570
-73.590	25.660
-73.650	25.660
-73.770	25.810
-73.830	25.810
-74.220	26.200
-74.340	26.350
POLYLINE BLACK
-71.580	26.080
-71.250	25.480
-71.370	25.360

ELEVATION
STATIONS
181.948	-34.443	8.0
187.597	-35.631	8.1
191.471	-37.572	8.2
196.607	-41.314	8.3
198.074	-41.786	8.4
202.248	-43.319	8.5
204.331	-43.750	8.6
209.241	-44.791	8.7
210.589	-45.709	8.8
217.274	-46.365	8.9
219.625	-45.941	8.10
223.030	-47.461	8.11
224.619	-48.186	8.12
232.872	-49.367	8.13
237.258	-49.580	8.14
245.144	-49.805	8.15
249.653	-50.120	8.16
213.264	-82.907	8.13
SHOTS
245.144	-49.805	249.653	-50.120
249.653	-50.120	245.119	-49.804
249.653	-50.120	248.270	-50.154
249.653	-50.120	248.993	-50.116
249.653	-50.120	252.405	-49.941
249.653	-50.120	251.263	-49.199
249.653	-50.120	252.280	-48.268
249.653	-50.120	248.996	-49.711
249.653	-50.120	249.511	-48.768
249.653	-50.120	249.667	-51.028
237.258	-49.580	245.144	-49.805
245.144	-49.805	237.261	-49.574
245.144	-49.805	245.169	-49.810
245.144	-49.805	245.055	-49.788
245.144	-49.805	245.059	-50.781
245.144	-49.805	244.805	-46.770
232.872	-49.367	237.258	-49.580
237.258	-49.580	232.874	-49.372
237.258	-49.580	237.428	-49.560
237.258	-49.580	237.477	-46.486
237.258	-49.580	237.243	-50.417
224.619	-48.186	232.872	-49.367
232.872	-49.367	224.570	-48.199
232.872	-49.367	232.707	-49.374
232.872	-49.367	232.761	-45.968
232.872	-49.367	232.875	-50.180
232.872	-49.367	232.887	-49.354
223.030	-47.461	224.619	-48.186
224.619	-48.186	223.035	-47.470
224.619	-48.186	224.985	-48.167
224.619	-48.186	224.394	-48.221
224.619	-48.186	224.811	-49.921
224.619	-48.186	224.684	-46.550
219.625	-45.941	223.030	-47.461
223.030	-47.461	219.631	-45.944
223.030	-47.461	222.298	-47.379
223.030	-47.461	223.222	-47.427
223.030	-47.461	223.434	-49.850
223.030	-47.461	222.658	-36.611
217.274	-46.365	219.625	-45.941
219.625	-45.941	217.270	-46.385
219.625	-45.941	220.396	-46.210
219.625	-45.941	219.211	-43.429
219.625	-45.941	219.612	-46.941
219.625	-45.941	220.818	-46.197
219.625	-45.941	220.211	-45.779
210.589	-45.709	217.274	-46.365
217.274	-46.365	210.609	-45.681
217.274	-46.365	217.087	-46.410
217.274	-46.365	217.306	-45.185
217.274	-46.365	217.286	-46.745
209.241	-44.791	210.589	-45.709
210.589	-45.709	209.249	-44.750
210.589	-45.709	210.694	-45.770
210.589	-45.709	210.414	-43.516
210.589	-45.709	210.607	-46.281
204.331	-43.750	209.241	-44.791
209.241	-44.791	204.277	-43.777
209.241	-44.791	209.207	-44.803
209.241	-44.791	208.918	-41.720
209.241	-44.791	209.376	-46.201
202.248	-43.319	204.331	-43.750
204.331	-43.750	202.262	-43.280
204.331	-43.750	204.268	-43.741
204.331	-43.750	204.520	-42.425
204.331	-43.750	204.322	-44.715
204.331	-43.750	204.741	-45.613
198.074	-41.786	202.248	-43.319
202.248	-43.319	198.081	-41.746
202.248	-43.319	202.230	-43.324
202.248	-43.319	202.362	-42.542
202.248	-43.319	202.276	-40.051
202.248	-43.319	202.153	-44.499
196.607	-41.314	198.074	-41.786
198.074	-41.786	196.593	-41.295
198.074	-41.786	198.092	-41.867
198.074	-41.786	198.192	-43.582
198.074	-41.786	197.979	-40.889
198.074	-41.786	198.417	-35.920
191.471	-37.572	196.607	-41.314
196.607	-41.314	191.435	-37.575
196.607	-41.314	196.490	-34.096
196.607	-41.314	196.679	-42.811
196.607	-41.314	196.611	-41.375
196.607	-41.314	192.714	-39.336
196.607	-41.314	194.579	-41.243
187.597	-35.631	191.471	-37.572
191.471	-37.572	187.603	-35.649
191.471	-37.572	191.630	-37.614
191.471	-37.572	191.367	-37.564
191.471	-37.572	191.448	-38.593
191.471	-37.572	191.402	-36.881
191.471	-37.572	192.139	-32.721
181.948	-34.443	187.597	-35.631
187.597	-35.631	181.956	-34.485
187.597	-35.631	186.085	-36.874
187.597	-35.631	187.825	-31.897
187.597	-35.631	188.086	-37.374
181.948	-34.443	181.948	-34.443
181.948	-34.443	185.519	-32.385
181.948	-34.443	184.591	-35.556
181.948	-34.443	190.323	-33.645
181.948	-34.443	190.769	-33.390
181.948	-34.443	187.070	-33.656
181.948	-34.443	185.708	-32.905
181.948	-34.443	186.586	-34.317
181.948	-34.443	184.159	-33.835
181.948	-34.443	183.059	-33.808
181.948	-34.443	182.214	-33.769
181.948	-34.443	179.790	-33.160
181.948	-34.443	178.461	-32.492
181.948	-34.443	176.173	-32.060
181.948	-34.443	174.226	-31.955
181.948	-34.443	176.754	-33.184
181.948	-34.443	179.505	-33.732
213.264	-82.907	213.070	-81.739	
213.264	-82.907	214.103	-82.914	
213.264	-82.907	213.701	-79.508	
213.264	-82.907	213.257	-83.720	
213.264	-82.907	213.068	-82.894	
POLYLINE BLACK
202.044	-38.617
202.144	-39.017
202.144	-39.217
202.344	-39.767
202.694	-40.017
POLYLINE BLACK
202.044	-38.117
202.094	-38.317
202.044	-38.417
202.094	-38.617
POLYLINE BLACK
202.244	-37.767
POLYLINE BLACK
202.544	-37.567
202.544	-37.667
POLYLINE BLACK
203.194	-37.517
POLYLINE BLACK
204.094	-37.467
203.994	-37.567
203.794	-37.567
POLYLINE BLACK
203.644	-35.867
POLYLINE BLACK
202.594	-35.817
202.694	-35.817
POLYLINE BLACK
201.194	-35.717
201.294	-35.717
POLYLINE BLACK
199.894	-35.817
199.994	-35.767
200.144	-35.817
200.244	-35.767
POLYLINE BLACK
198.794	-35.767
198.894	-35.867
199.144	-35.867
199.244	-35.917
POLYLINE BLACK
210.544	-43.167
210.494	-43.267
210.294	-43.267
210.094	-43.217
209.494	-42.217
209.244	-41.867
209.244	-41.767
208.844	-41.717
208.744	-41.817
208.544	-41.867
208.344	-41.817
208.144	-41.817
207.844	-41.917
207.494	-42.367
207.294	-42.417
207.044	-42.467
206.844	-42.517
206.144	-42.767
205.944	-42.717
205.644	-42.717
205.444	-42.667
205.194	-42.717
204.844	-42.467
204.294	-42.317
204.194	-42.217
203.994	-42.167
203.844	-41.867
203.794	-41.667
203.644	-41.267
203.444	-40.967
203.444	-40.567
203.244	-40.267
202.844	-40.017
202.694	-39.817
202.344	-39.817
202.144	-39.917
POLYLINE BLACK
217.444	-44.867
217.244	-44.867
217.144	-44.917
216.944	-44.817
216.794	-44.867
216.694	-44.817
216.594	-44.867
216.494	-44.817
216.294	-44.867
216.094	-44.917
215.994	-44.867
215.544	-45.017
215.244	-45.017
214.944	-44.917
214.694	-44.917
214.394	-44.817
214.144	-44.817
213.844	-44.667
213.644	-44.617
213.544	-44.667
213.194	-44.567
212.794	-44.567
212.444	-44.667
212.194	-44.617
212.094	-44.667
211.694	-44.417
211.494	-44.117
211.094	-43.817
210.844	-43.567
210.644	-43.467
210.494	-43.467
210.294	-43.317
POLYLINE BLACK
219.094	-43.017
219.144	-43.267
219.044	-43.367
218.994	-43.567
218.794	-44.017
218.794	-44.117
218.644	-44.317
218.544	-44.317
218.294	-44.617
218.094	-44.667
217.894	-44.817
217.694	-44.817
217.494	-45.017
217.094	-44.917
POLYLINE BLACK
222.644	-36.267
222.644	-36.167
POLYLINE BLACK
221.844	-37.017
222.044	-36.817
POLYLINE BLACK
222.094	-38.117
222.344	-37.667
POLYLINE BLACK
221.344	-38.067
221.494	-37.967
POLYLINE BLACK
221.794	-39.417
221.794	-39.317
POLYLINE BLACK
221.244	-39.867
221.444	-39.367
POLYLINE BLACK
221.744	-40.567
221.844	-40.317
POLYLINE BLACK
220.794	-40.917
220.794	-40.817
POLYLINE BLACK
221.294	-41.567
221.344	-41.467
POLYLINE BLACK
220.694	-42.617
220.844	-42.317
POLYLINE BLACK
220.144	-42.267
220.694	-41.867
220.744	-41.767
POLYLINE BLACK
220.144	-43.417
POLYLINE BLACK
219.644	-42.967
219.644	-43.067
219.744	-43.067
POLYLINE BLACK
221.994	-43.467
222.044	-43.667
222.144	-43.967
222.244	-44.067
222.244	-44.267
222.294	-44.467
222.294	-44.767
222.344	-44.967
222.344	-45.167
222.294	-45.367
222.294	-45.567
222.244	-45.767
222.244	-45.917
221.844	-46.067
221.244	-45.867
221.044	-45.667
220.844	-45.717
220.644	-45.667
220.544	-45.717
220.344	-45.417
220.344	-45.217
220.294	-45.017
220.294	-44.817
220.094	-44.067
219.994	-43.967
219.994	-43.867
219.894	-43.767
219.894	-43.667
219.794	-43.567
219.794	-43.467
219.594	-43.317
219.394	-43.317
POLYLINE BLACK
224.794	-46.467
224.494	-46.467
224.194	-46.367
224.094	-46.217
223.994	-45.467
223.994	-43.867
POLYLINE GREEN
249.154	-47.987
249.184	-47.972
249.184	-48.137
249.169	-48.167
249.169	-48.407
249.244	-48.557
249.274	-48.587
249.304	-48.587
249.364	-48.332
249.454	-47.837
249.454	-47.672
POLYLINE GREEN
248.119	-47.777
248.104	-47.837
248.104	-47.912
248.149	-48.017
248.149	-48.077
248.194	-48.182
248.254	-48.227
248.284	-48.227
248.374	-48.017
248.389	-47.867
248.389	-47.792
248.404	-47.717
248.404	-47.627
248.494	-47.312
248.494	-47.267
248.524	-47.147
248.539	-47.042
POLYLINE GREEN
248.674	-47.747
248.689	-47.897
248.749	-48.092
248.749	-48.122
248.809	-48.257
248.824	-48.392
248.839	-48.422
248.839	-48.527
248.854	-48.557
248.884	-48.527
248.884	-48.497
248.899	-48.437
248.899	-48.407
248.914	-48.377
248.914	-48.302
248.929	-48.242
248.929	-48.152
248.944	-48.122
248.944	-47.807
248.959	-47.732
248.959	-47.672
248.974	-47.612
248.974	-47.537
249.019	-47.372
249.049	-47.312
POLYLINE BLACK
245.524	-48.017
245.554	-48.122
245.674	-48.212
245.704	-48.227
245.719	-48.257
245.824	-48.302
245.854	-48.332
245.884	-48.332
246.019	-48.377
246.049	-48.377
246.079	-48.392
246.109	-48.377
246.139	-48.392
246.214	-48.392
246.244	-48.407
246.394	-48.407
246.439	-48.392
246.469	-48.407
246.529	-48.392
246.619	-48.392
246.694	-48.362
246.769	-48.362
246.859	-48.317
247.009	-48.302
247.069	-48.272
247.099	-48.272
247.219	-48.212
247.234	-48.182
247.264	-48.182
247.279	-48.152
247.279	-48.182
247.324	-48.212
247.354	-48.257
247.444	-48.317
247.474	-48.317
247.504	-48.347
247.639	-48.362
247.699	-48.377
247.729	-48.377
247.789	-48.362
247.984	-48.362
248.044	-48.377
248.149	-48.347
248.284	-48.332
248.314	-48.332
248.404	-48.302
248.494	-48.242
248.509	-48.272
248.539	-48.287
248.569	-48.362
248.689	-48.467
248.839	-48.527
248.869	-48.527
248.989	-48.602
249.019	-48.602
249.049	-48.617
249.094	-48.617
249.184	-48.647
249.244	-48.692
249.304	-48.692
249.364	-48.722
249.499	-48.752
249.529	-48.767
249.559	-48.737
POLYLINE BLACK
244.999	-50.537
244.999	-50.567
245.074	-50.657
245.104	-50.657
245.164	-50.687
245.194	-50.687
245.224	-50.702
245.284	-50.702
245.314	-50.687
245.404	-50.702
245.434	-50.687
245.569	-50.687
245.629	-50.702
245.659	-50.687
245.794	-50.702
245.854	-50.732
245.914	-50.717
245.974	-50.732
246.019	-50.732
246.124	-50.762
246.244	-50.747
246.439	-50.747
246.499	-50.762
246.529	-50.747
246.589	-50.762
246.664	-50.762
246.724	-50.777
246.919	-50.792
247.024	-50.822
247.114	-50.822
247.174	-50.837
247.249	-50.852
247.414	-50.897
247.549	-50.897
247.609	-50.927
247.654	-50.912
247.714	-50.927
247.759	-50.927
247.819	-50.912
247.894	-50.912
247.924	-50.897
247.954	-50.912
248.149	-50.912
248.254	-50.882
248.494	-50.882
248.569	-50.867
248.644	-50.867
248.779	-50.912
248.854	-50.927
248.914	-50.942
248.959	-50.942
249.019	-50.957
249.319	-50.957
249.394	-50.972
249.454	-50.972
249.514	-50.987
249.544	-50.987
249.604	-51.002
249.634	-51.002
POLYLINE GREEN
244.519	-46.927
244.479	-46.807
244.479	-46.927
244.499	-47.027
244.499	-47.407
244.519	-47.487
244.519	-47.747
244.539	-47.827
244.539	-47.987
244.559	-48.067
244.559	-48.207
244.579	-48.287
244.579	-48.427
244.599	-48.507
244.599	-48.507
244.619	-48.547
244.619	-48.547
244.619	-48.547
244.619	-48.547
244.619	-48.707
244.639	-48.847
244.679	-49.007
244.799	-49.267
244.879	-49.387
244.979	-49.467
245.019	-49.467
245.159	-49.607
245.239	-49.607
245.319	-49.647
245.399	-49.627
245.439	-49.527
245.479	-49.547
245.479	-49.447
245.439	-49.307
245.479	-49.167
245.479	-48.987
245.499	-48.947
245.479	-48.867
245.479	-48.547
245.439	-48.307
245.459	-48.167
245.459	-47.747
245.439	-47.667
245.439	-47.527
245.379	-47.167
245.359	-47.087
245.279	-46.787
245.199	-46.707
245.099	-46.687
244.999	-46.687
POLYLINE GREEN
244.779	-49.027
244.839	-49.087
244.919	-49.247
245.099	-49.387
245.119	-49.427
245.179	-49.327
245.319	-48.927
POLYLINE GREEN
244.699	-48.407
244.739	-48.427
244.719	-48.507
244.739	-48.627
244.859	-48.747
244.939	-48.767
245.019	-48.687
245.139	-48.347
245.159	-48.107
POLYLINE GREEN
244.719	-47.687
244.699	-47.847
244.719	-47.987
244.859	-48.127
244.979	-47.847
245.079	-47.547
245.099	-47.447
POLYLINE GREEN
244.439	-47.127
244.439	-47.087
244.439	-47.227
244.539	-47.387
244.739	-47.267
244.779	-47.227
244.819	-47.227
244.879	-47.127
244.999	-46.807
POLYLINE GREEN
236.699	-47.367
236.699	-47.447
236.659	-47.487
236.699	-47.467
236.719	-47.407
POLYLINE GREEN
242.939	-46.887
242.939	-47.067
242.979	-47.247
242.979	-47.327
POLYLINE GREEN
240.979	-46.847
240.979	-47.007
240.999	-47.227
240.999	-47.267
POLYLINE GREEN
239.959	-46.907
239.979	-46.807
240.019	-47.067
240.039	-47.147
240.059	-47.227
240.079	-47.307
POLYLINE GREEN
238.619	-46.667
238.639	-46.707
POLYLINE GREEN
238.179	-46.527
238.179	-46.527
238.179	-46.767
238.199	-46.847
238.179	-46.887
POLYLINE GREEN
237.819	-46.507
237.799	-46.587
237.799	-46.687
237.779	-46.767
237.779	-46.887
237.799	-46.927
POLYLINE BLACK
237.459	-46.487
237.479	-46.527
237.459	-46.567
237.539	-46.567
237.599	-46.547
237.739	-46.547
237.779	-46.567
237.819	-46.547
237.859	-46.567
237.939	-46.527
238.079	-46.567
238.159	-46.547
238.279	-46.547
238.419	-46.587
238.519	-46.587
238.599	-46.607
238.799	-46.627
238.879	-46.627
238.919	-46.647
239.139	-46.647
239.179	-46.627
239.239	-46.647
239.279	-46.627
239.459	-46.667
239.599	-46.667
239.779	-46.747
239.959	-46.767
240.099	-46.807
240.659	-46.807
240.799	-46.787
240.979	-46.807
241.019	-46.827
241.099	-46.807
241.199	-46.827
241.579	-46.827
241.639	-46.847
242.019	-46.827
242.179	-46.847
242.359	-46.807
242.399	-46.827
242.539	-46.807
242.699	-46.807
242.899	-46.787
243.079	-46.787
243.219	-46.767
243.299	-46.787
243.419	-46.787
243.519	-46.807
243.639	-46.807
243.719	-46.827
243.899	-46.847
244.019	-46.847
244.119	-46.867
244.259	-46.867
244.359	-46.887
244.479	-46.887
244.639	-46.847
244.739	-46.867
244.839	-46.867
POLYLINE BLACK
236.819	-50.067
237.059	-50.247
237.159	-50.247
237.279	-50.287
237.379	-50.287
237.619	-50.347
237.659	-50.327
237.939	-50.327
237.979	-50.307
238.059	-50.327
238.119	-50.327
238.219	-50.307
238.339	-50.347
238.479	-50.347
238.559	-50.327
238.759	-50.347
239.119	-50.307
239.159	-50.327
239.259	-50.327
239.339	-50.307
239.479	-50.307
239.579	-50.287
239.659	-50.307
239.739	-50.287
239.819	-50.307
239.919	-50.327
239.959	-50.307
240.539	-50.307
240.679	-50.327
240.739	-50.327
240.819	-50.307
240.899	-50.307
240.999	-50.327
241.359	-50.327
241.439	-50.307
241.579	-50.327
241.679	-50.347
241.779	-50.327
241.899	-50.307
242.039	-50.307
242.079	-50.287
242.419	-50.287
242.459	-50.267
242.559	-50.287
243.159	-50.287
243.359	-50.307
243.619	-50.287
243.959	-50.287
244.059	-50.307
244.099	-50.287
244.139	-50.327
244.219	-50.347
244.459	-50.407
244.539	-50.467
244.619	-50.467
244.659	-50.507
244.739	-50.527
244.799	-50.507
244.999	-50.567
245.039	-50.567
POLYLINE BLACK
232.919	-46.057
233.009	-46.147
233.399	-46.417
233.579	-46.477
233.759	-46.477
233.879	-46.507
233.939	-46.477
234.059	-46.507
234.149	-46.507
234.329	-46.567
234.449	-46.537
234.659	-46.537
234.779	-46.507
234.899	-46.507
234.959	-46.537
235.049	-46.477
235.229	-46.447
235.289	-46.477
235.529	-46.417
235.529	-46.357
235.769	-46.537
236.009	-46.567
236.339	-46.567
236.399	-46.597
236.549	-46.567
236.819	-46.657
236.999	-46.657
237.149	-46.627
237.269	-46.627
237.389	-46.567
237.449	-46.597
237.509	-46.567
POLYLINE BLACK
232.529	-49.957
232.559	-50.017
232.679	-49.987
232.739	-49.957
232.919	-50.017
232.979	-49.987
233.039	-50.017
233.099	-49.987
233.219	-50.017
233.339	-49.987
233.519	-49.957
233.699	-50.017
233.819	-49.987
233.879	-50.047
234.389	-50.047
234.509	-50.017
234.629	-50.047
234.749	-50.047
234.869	-50.077
234.989	-50.047
235.229	-50.107
235.289	-50.077
235.469	-50.137
235.589	-50.107
235.709	-50.137
235.829	-50.107
236.039	-50.167
236.159	-50.167
236.279	-50.197
236.579	-50.197
236.699	-50.167
236.759	-50.197
236.999	-50.137
237.059	-50.197
237.119	-50.197
POLYLINE BLACK
224.969	-49.807
225.029	-49.777
224.909	-49.567
225.029	-49.687
225.089	-49.627
225.359	-49.657
225.599	-49.627
225.719	-49.627
225.779	-49.597
225.899	-49.627
226.079	-49.627
226.289	-49.657
226.589	-49.717
226.649	-49.687
226.769	-49.717
227.009	-49.717
227.219	-49.747
227.549	-49.747
227.669	-49.777
227.729	-49.747
227.789	-49.777
227.849	-49.747
228.059	-49.777
228.359	-49.777
228.509	-49.807
228.629	-49.777
228.809	-49.837
228.929	-49.837
229.079	-49.867
229.169	-49.867
229.439	-49.957
229.589	-49.927
229.709	-49.957
229.799	-49.927
229.919	-49.957
230.099	-49.957
230.219	-49.987
230.429	-49.987
230.639	-50.047
231.509	-50.047
231.569	-50.017
231.689	-50.077
231.809	-50.047
231.929	-50.077
232.139	-50.017
232.319	-50.017
232.439	-50.047
232.619	-49.987
232.679	-50.017
232.739	-49.987
232.739	-50.047
POLYLINE GREEN
214.284	-82.457
214.239	-82.397
214.239	-82.577
214.284	-82.697
214.314	-82.727
214.374	-82.577
214.419	-82.412
214.419	-82.367
214.449	-82.277
POLYLINE GREEN
214.194	-81.767
214.179	-81.842
214.179	-81.902
214.209	-82.007
214.269	-82.037
214.344	-81.902
214.374	-81.707
214.389	-81.647
POLYLINE GREEN
214.149	-81.182
214.119	-81.122
214.104	-81.152
214.119	-81.212
214.119	-81.242
214.134	-81.272
214.194	-81.317
214.194	-81.287
214.299	-81.107
214.299	-81.077
214.329	-80.972
POLYLINE GREEN
214.074	-80.537
214.059	-80.507
214.059	-80.567
214.104	-80.627
214.134	-80.642
214.194	-80.597
214.239	-80.507
214.239	-80.417
POLYLINE GREEN
214.209	-80.342
214.059	-79.952
214.029	-79.907
213.999	-79.892
213.999	-80.057
214.029	-80.117
214.059	-80.132
214.164	-79.937
214.164	-79.907
214.194	-79.877
POLYLINE BLACK
213.009	-83.492
213.009	-83.492
213.009	-83.432
213.024	-83.402
213.024	-83.327
213.039	-83.267
213.039	-83.237
213.054	-83.207
213.054	-83.132
213.069	-83.072
213.069	-82.982
213.084	-82.952
213.084	-82.727
213.099	-82.667
213.099	-82.607
213.114	-82.547
213.114	-82.487
213.129	-82.412
213.129	-82.367
213.159	-82.247
213.159	-82.217
213.189	-82.157
213.204	-82.022
213.219	-81.962
213.219	-81.827
213.249	-81.737
213.249	-81.632
213.279	-81.512
213.279	-81.482
213.294	-81.422
213.294	-81.362
213.324	-81.242
213.324	-81.212
213.354	-81.122
213.354	-81.047
213.369	-80.987
213.369	-80.957
213.429	-80.747
213.444	-80.687
213.444	-80.657
213.459	-80.597
213.459	-80.432
213.474	-80.372
213.474	-80.087
213.489	-80.012
213.489	-79.982
213.504	-79.922
213.504	-79.862
213.519	-79.832
213.519	-79.757
213.549	-79.637
213.549	-79.502
213.594	-79.607
213.594	-79.637
213.684	-79.817
213.684	-79.847
213.729	-79.997
213.729	-80.042
213.744	-80.102
213.744	-80.132
213.789	-80.297
213.789	-80.327
213.804	-80.357
213.804	-80.357
213.804	-80.417
213.849	-80.597
213.849	-80.627
213.864	-80.687
213.864	-80.747
213.879	-80.777
213.879	-80.822
213.864	-80.882
213.864	-81.002
213.879	-81.062
213.879	-81.242
213.894	-81.302
213.894	-81.422
213.909	-81.482
213.909	-81.617
213.924	-81.677
213.924	-81.842
213.939	-81.872
213.939	-81.947
214.044	-82.127
214.044	-82.157
214.059	-82.217
214.059	-82.307
214.074	-82.367
214.074	-83.627
214.089	-83.687
POLYLINE BLACK
213.099	-83.657
213.099	-83.687
213.069	-83.672
213.039	-83.687
213.099	-83.702
213.234	-83.672
213.294	-83.702
213.354	-83.672
213.414	-83.687
213.504	-83.687
213.684	-83.732
213.714	-83.732
213.774	-83.762
213.789	-83.732
213.849	-83.762
213.879	-83.762
213.969	-83.717
213.999	-83.717
214.059	-83.732
214.119	-83.702
214.149	-83.702
POLYLINE CONNECT
213.264	-82.907
232.872	-49.367
POLYLINE BLACK
224.754	-46.637
224.844	-46.757
224.964	-46.787
225.204	-46.847
225.474	-46.817
225.654	-46.817
225.714	-46.757
225.834	-46.757
226.194	-46.607
226.254	-46.607
226.854	-46.187
226.914	-46.127
226.974	-46.127
227.064	-46.007
227.304	-46.037
227.364	-46.097
227.604	-46.127
227.724	-46.127
228.054	-46.217
228.294	-46.247
228.534	-46.247
228.744	-46.307
228.864	-46.277
228.984	-46.337
229.104	-46.307
229.464	-46.307
229.794	-46.217
230.034	-46.157
230.304	-46.037
230.544	-45.887
230.574	-45.827
230.724	-45.977
230.844	-46.007
231.024	-46.127
231.084	-46.127
231.324	-46.277
231.654	-46.367
231.774	-46.397
231.864	-46.367
231.984	-46.397
232.224	-46.397
232.854	-46.097
POLYLINE GREEN
216.684	-43.907
216.654	-43.907
POLYLINE BLACK
218.979	-46.562
218.979	-46.562
218.934	-46.592
218.919	-46.622
218.979	-46.577
219.009	-46.502
219.039	-46.472
219.069	-46.577
219.144	-46.667
219.099	-46.667
219.009	-46.712
218.979	-46.712
218.949	-46.742
POLYLINE BLACK
218.469	-46.622
218.499	-46.592
218.499	-46.562
218.469	-46.562
218.409	-46.592
218.409	-46.562
218.454	-46.502
218.499	-46.472
218.514	-46.442
218.544	-46.457
218.559	-46.502
218.604	-46.562
218.574	-46.592
218.529	-46.592
218.469	-46.622
218.439	-46.622
218.424	-46.652
POLYLINE BLACK
217.869	-46.457
217.824	-46.517
217.854	-46.442
217.884	-46.412
217.914	-46.412
218.049	-46.592
217.884	-46.637
217.854	-46.637
217.839	-46.667
POLYLINE BLACK
217.059	-46.727
217.119	-46.697
217.179	-46.697
217.209	-46.667
217.329	-46.727
217.389	-46.712
217.494	-46.742
217.524	-46.742
217.554	-46.757
217.584	-46.742
217.644	-46.757
217.674	-46.757
217.704	-46.742
217.764	-46.772
217.824	-46.757
217.854	-46.757
217.914	-46.772
217.944	-46.772
217.974	-46.757
218.034	-46.772
218.064	-46.772
218.124	-46.787
218.214	-46.787
218.259	-46.772
218.319	-46.787
218.409	-46.787
218.439	-46.772
218.499	-46.802
218.559	-46.787
218.619	-46.802
218.739	-46.802
218.769	-46.817
218.829	-46.802
218.889	-46.832
218.919	-46.817
219.039	-46.847
219.069	-46.847
219.159	-46.877
219.189	-46.862
219.249	-46.892
219.279	-46.877
219.339	-46.892
219.429	-46.892
219.459	-46.877
219.519	-46.892
219.549	-46.892
POLYLINE BLACK
217.419	-46.607
217.449	-46.487
217.449	-46.457
217.434	-46.427
217.434	-46.427
POLYLINE BLACK
217.539	-46.502
POLYLINE BLACK
217.269	-46.622
217.284	-46.652
POLYLINE BLACK
217.269	-46.292
217.299	-46.277
217.239	-46.277
217.209	-46.262
217.194	-46.232
POLYLINE BLACK
216.729	-46.442
216.609	-46.592
216.594	-46.622
216.699	-46.487
216.729	-46.472
216.744	-46.442
216.879	-46.637
216.819	-46.652
216.714	-46.712
216.654	-46.712
216.579	-46.742
216.534	-46.742
POLYLINE BLACK
216.234	-46.517
216.204	-46.532
216.174	-46.577
216.219	-46.472
216.294	-46.382
216.399	-46.607
216.339	-46.622
216.129	-46.607
216.084	-46.607
POLYLINE BLACK
215.649	-46.427
215.679	-46.427
215.769	-46.352
215.589	-46.532
215.589	-46.502
215.679	-46.322
215.754	-46.412
215.784	-46.427
215.799	-46.457
215.769	-46.502
215.694	-46.517
215.589	-46.562
215.544	-46.562
215.514	-46.577
POLYLINE BLACK
215.139	-46.292
214.974	-46.487
214.944	-46.502
214.944	-46.457
214.959	-46.427
214.974	-46.292
215.019	-46.187
215.049	-46.217
215.109	-46.337
215.184	-46.427
215.154	-46.427
214.854	-46.517
214.899	-46.532
POLYLINE BLACK
214.224	-46.337
214.299	-46.247
214.284	-46.292
214.164	-46.427
214.254	-46.262
214.284	-46.247
214.419	-46.367
214.449	-46.382
214.419	-46.382
214.164	-46.532
214.134	-46.532
214.104	-46.547
POLYLINE BLACK
213.339	-46.142
213.369	-46.157
213.414	-46.217
213.414	-46.322
213.414	-46.322
213.384	-46.187
213.399	-46.157
213.459	-46.142
213.594	-46.172
213.579	-46.202
213.594	-46.262
213.594	-46.292
213.474	-46.442
213.474	-46.412
POLYLINE BLACK
212.874	-46.082
212.904	-46.082
212.934	-46.142
212.949	-46.247
212.949	-46.142
212.964	-46.082
212.994	-46.067
213.024	-46.097
213.099	-46.127
213.204	-46.247
213.129	-46.262
212.994	-46.307
212.859	-46.382
212.799	-46.412
212.829	-46.382
POLYLINE BLACK
212.334	-46.097
212.334	-46.337
212.319	-46.307
212.319	-46.127
212.304	-46.067
212.304	-46.037
212.334	-46.022
212.439	-46.142
212.439	-46.172
212.274	-46.307
POLYLINE BLACK
211.689	-46.022
211.719	-46.007
211.719	-46.082
211.704	-46.142
211.749	-45.992
211.779	-45.962
211.794	-45.887
211.899	-46.112
211.674	-46.172
211.644	-46.172
POLYLINE BLACK
211.089	-45.917
211.119	-45.887
210.984	-46.112
211.089	-45.887
211.209	-46.037
211.119	-46.052
210.879	-46.127
POLYLINE BLACK
210.264	-45.767
210.264	-45.827
210.234	-45.887
210.234	-45.917
210.189	-46.007
210.189	-46.007
210.264	-45.797
210.264	-45.797
210.339	-45.887
210.354	-45.917
210.324	-45.947
210.279	-45.947
210.114	-46.022
POLYLINE BLACK
210.599	-46.047
210.619	-46.127
210.699	-46.187
210.779	-46.187
210.899	-46.227
210.979	-46.227
211.059	-46.247
211.179	-46.247
211.219	-46.267
211.259	-46.247
211.339	-46.267
211.639	-46.327
211.679	-46.307
211.839	-46.347
211.899	-46.347
211.979	-46.387
212.059	-46.367
212.099	-46.387
212.179	-46.367
212.319	-46.407
212.359	-46.387
212.439	-46.427
212.499	-46.427
212.759	-46.507
212.839	-46.487
213.079	-46.527
213.159	-46.527
213.299	-46.547
213.539	-46.547
213.619	-46.567
213.799	-46.587
213.899	-46.587
213.999	-46.607
214.239	-46.627
214.379	-46.627
214.419	-46.647
214.499	-46.627
214.739	-46.627
214.879	-46.607
215.139	-46.587
215.239	-46.607
215.319	-46.587
215.519	-46.587
215.599	-46.607
215.779	-46.607
215.859	-46.627
215.919	-46.627
216.059	-46.667
216.119	-46.667
216.199	-46.687
216.279	-46.687
216.459	-46.727
216.559	-46.707
216.639	-46.727
216.719	-46.707
216.859	-46.747
216.939	-46.747
216.979	-46.767
217.059	-46.747
217.139	-46.747
POLYLINE BLACK
210.834	-45.887
210.909	-45.917
210.924	-45.872
210.954	-45.857
210.969	-45.827
210.939	-45.827
210.954	-45.797
210.924	-45.797
210.864	-45.812
210.774	-45.812
210.714	-45.797
210.654	-45.797
210.639	-45.827
210.639	-45.827
POLYLINE BLACK
210.759	-45.887
210.759	-45.857
210.789	-45.872
POLYLINE BLACK
210.579	-45.737
210.579	-45.737
POLYLINE BLACK
209.409	-46.142
209.469	-46.187
209.499	-46.187
209.559	-46.217
209.589	-46.217
209.619	-46.202
209.679	-46.217
209.799	-46.217
209.829	-46.202
209.889	-46.232
209.979	-46.232
210.009	-46.262
210.039	-46.262
210.114	-46.232
210.174	-46.247
210.204	-46.247
210.234	-46.262
210.264	-46.247
210.294	-46.277
210.324	-46.277
210.354	-46.262
210.414	-46.292
210.444	-46.292
210.474	-46.307
210.504	-46.292
POLYLINE BLACK
209.319	-44.777
209.349	-44.897
209.289	-44.837
209.319	-44.807
POLYLINE BLACK
209.364	-44.897
209.379	-44.867
209.289	-44.747
209.319	-44.762
209.289	-44.777
POLYLINE BLACK
208.659	-45.692
208.584	-45.857
208.644	-45.812
208.689	-45.737
208.719	-45.722
208.824	-45.752
208.929	-45.797
208.989	-45.842
209.004	-45.872
208.974	-45.902
208.719	-46.007
208.629	-46.067
POLYLINE BLACK
207.864	-45.677
207.834	-45.797
207.834	-45.767
207.894	-45.617
207.894	-45.587
207.924	-45.572
207.954	-45.602
207.999	-45.602
208.119	-45.707
208.149	-45.752
208.194	-45.767
208.194	-45.797
208.164	-45.797
208.059	-45.842
207.894	-45.872
207.774	-45.917
207.744	-45.902
POLYLINE BLACK
207.264	-45.572
207.279	-45.602
207.279	-45.602
207.279	-45.557
207.309	-45.497
207.414	-45.632
207.534	-45.737
207.504	-45.752
207.414	-45.752
207.144	-45.797
207.114	-45.812
POLYLINE BLACK
206.649	-45.437
206.634	-45.467
206.694	-45.347
206.709	-45.287
206.739	-45.272
206.844	-45.347
206.919	-45.437
206.964	-45.542
206.934	-45.572
206.664	-45.647
206.574	-45.647
POLYLINE BLACK
205.974	-45.332
205.974	-45.362
205.959	-45.422
206.034	-45.287
206.109	-45.197
206.154	-45.257
206.244	-45.497
206.004	-45.497
205.959	-45.512
POLYLINE BLACK
205.284	-45.152
205.254	-45.302
205.284	-45.272
205.374	-45.047
205.404	-45.062
205.434	-45.137
205.464	-45.257
205.494	-45.332
205.494	-45.422
205.509	-45.482
205.404	-45.422
205.284	-45.392
POLYLINE BLACK
204.804	-45.347
204.804	-45.392
204.849	-45.392
204.909	-45.422
204.939	-45.422
204.999	-45.437
205.059	-45.437
205.089	-45.467
205.119	-45.467
205.149	-45.482
205.224	-45.482
205.284	-45.497
205.359	-45.497
205.419	-45.512
205.449	-45.512
205.599	-45.557
205.644	-45.557
205.674	-45.572
205.719	-45.572
205.884	-45.632
205.944	-45.632
206.004	-45.647
206.034	-45.647
206.169	-45.677
206.304	-45.677
206.364	-45.692
206.394	-45.692
206.529	-45.737
206.619	-45.737
206.649	-45.752
206.694	-45.752
206.724	-45.767
206.799	-45.767
206.934	-45.797
207.114	-45.827
207.174	-45.842
207.339	-45.872
207.489	-45.872
207.609	-45.917
207.759	-45.917
207.939	-45.962
207.969	-45.962
208.029	-45.977
208.284	-45.977
208.344	-45.992
208.374	-45.992
208.434	-46.007
208.584	-46.007
208.734	-46.052
208.764	-46.037
208.794	-46.052
208.839	-46.037
208.944	-46.082
209.049	-46.082
209.139	-46.127
209.169	-46.127
209.229	-46.142
209.304	-46.157
209.394	-46.202
POLYLINE BLACK
208.359	-42.797
POLYLINE BLACK
203.634	-44.162
203.679	-44.222
203.664	-44.327
203.649	-44.402
203.604	-44.507
203.604	-44.507
203.634	-44.327
203.679	-44.207
203.679	-44.237
203.769	-44.417
203.814	-44.477
203.874	-44.612
203.919	-44.672
203.889	-44.672
203.754	-44.642
POLYLINE BLACK
203.154	-44.147
203.094	-44.297
203.019	-44.402
202.989	-44.477
203.094	-44.312
203.199	-44.147
203.199	-44.117
203.229	-44.147
203.229	-44.192
203.274	-44.282
203.274	-44.327
203.319	-44.387
203.229	-44.432
203.019	-44.492
POLYLINE BLACK
202.614	-44.192
202.494	-44.297
202.464	-44.357
202.434	-44.357
202.539	-44.192
202.629	-44.102
202.629	-44.102
202.629	-44.312
202.644	-44.387
202.584	-44.387
POLYLINE BLACK
204.639	-44.672
204.639	-44.882
204.669	-45.017
204.759	-45.272
204.819	-45.422
204.834	-45.497
204.864	-45.617
POLYLINE BLACK
202.344	-44.492
202.344	-44.522
202.359	-44.552
202.419	-44.567
202.449	-44.567
202.479	-44.552
202.539	-44.582
202.569	-44.567
202.629	-44.597
202.689	-44.597
202.824	-44.642
202.854	-44.642
202.884	-44.627
202.944	-44.642
203.049	-44.642
203.109	-44.657
203.139	-44.657
203.169	-44.642
203.199	-44.657
203.364	-44.657
203.439	-44.672
203.469	-44.672
203.574	-44.702
203.634	-44.702
203.694	-44.717
203.874	-44.717
203.904	-44.732
204.099	-44.672
204.159	-44.672
204.219	-44.687
204.279	-44.687
204.309	-44.672
204.339	-44.687
204.399	-44.672
204.429	-44.702
204.429	-44.672
POLYLINE BLACK
200.649	-43.577
200.649	-43.877
200.679	-43.727
200.709	-43.547
200.829	-43.457
200.919	-43.457
201.069	-43.637
201.219	-43.967
200.829	-44.057
200.589	-44.027
POLYLINE BLACK
199.719	-43.097
199.659	-43.337
199.659	-43.457
199.629	-43.577
199.869	-43.037
200.139	-43.577
199.719	-43.697
199.659	-43.727
POLYLINE BLACK
198.759	-42.947
198.759	-42.947
198.639	-43.127
198.639	-43.187
198.909	-42.707
198.969	-42.767
198.969	-42.827
199.059	-43.067
199.089	-43.187
198.669	-43.277
198.549	-43.247
POLYLINE BLACK
198.369	-43.217
198.309	-43.217
198.309	-43.277
198.369	-43.247
198.429	-43.307
198.489	-43.307
198.549	-43.367
198.609	-43.367
198.699	-43.457
198.999	-43.667
199.059	-43.637
199.179	-43.727
199.299	-43.727
199.479	-43.817
199.659	-43.847
199.719	-43.907
199.839	-43.907
200.019	-43.997
200.379	-44.057
200.499	-44.087
200.739	-44.087
200.859	-44.117
200.919	-44.177
201.039	-44.207
201.159	-44.237
201.339	-44.267
201.399	-44.327
201.519	-44.327
201.579	-44.387
201.699	-44.387
201.879	-44.447
201.939	-44.507
202.059	-44.507
202.209	-44.597
202.389	-44.627
POLYLINE BLACK
196.839	-42.287
196.899	-42.587
197.259	-42.917
197.379	-42.917
197.559	-43.007
197.619	-43.007
197.949	-43.217
198.069	-43.247
198.249	-43.367
POLYLINE BLACK
198.038	-49.543
POLYLINE BLACK
202.238	-43.203
202.318	-43.223
POLYLINE BLACK
202.238	-43.323
202.218	-43.243
202.058	-43.183
POLYLINE BLACK
202.558	-43.423
202.598	-43.423
POLYLINE BLACK
202.238	-43.403
POLYLINE GREEN
204.358	-41.903
POLYLINE GREEN
201.858	-40.663
POLYLINE GREEN
200.898	-35.883
200.718	-35.903
200.578	-35.863
200.498	-35.883
200.358	-35.883
200.278	-35.863
200.038	-35.863
199.898	-35.843
199.858	-35.863
199.738	-35.823
199.658	-35.843
199.618	-35.843
POLYLINE GREEN
196.958	-40.643
196.938	-40.723
196.978	-40.803
197.158	-40.663
197.258	-40.523
POLYLINE GREEN
196.518	-40.383
196.458	-40.323
196.558	-40.523
196.598	-40.563
196.678	-40.563
196.798	-40.443
196.918	-40.203
POLYLINE GREEN
198.838	-40.663
198.558	-40.863
198.318	-40.623
POLYLINE GREEN
198.458	-40.163
198.298	-40.323
198.138	-40.183
198.058	-40.063
POLYLINE GREEN
199.158	-40.023
199.078	-40.503
198.958	-40.443
198.738	-40.223
POLYLINE GREEN
198.778	-39.363
198.598	-39.843
198.518	-39.803
POLYLINE BLACK
199.278	-34.463
POLYLINE BLACK
199.678	-34.703
199.578	-34.683
199.478	-34.683
199.438	-34.663
199.398	-34.683
POLYLINE BLACK
198.078	-40.863
198.098	-40.903
197.958	-40.683
197.958	-40.203
197.998	-40.043
198.138	-39.863
198.358	-39.683
198.398	-39.683
198.478	-39.623
198.598	-39.623
198.758	-39.583
198.798	-39.623
198.938	-39.583
199.178	-39.643
199.398	-39.923
199.438	-40.103
199.458	-40.263
199.478	-40.423
199.458	-40.503
199.458	-40.583
199.398	-40.723
199.378	-40.803
199.338	-40.803
199.198	-40.943
199.058	-41.043
198.978	-41.063
198.818	-41.083
198.698	-41.083
198.658	-41.123
198.538	-41.123
198.498	-41.143
198.378	-41.103
198.338	-41.063
198.298	-41.063
198.218	-40.983
POLYLINE BLACK
199.918	-40.203
199.878	-40.203
POLYLINE BLACK
196.638	-34.183
196.638	-34.223
196.718	-34.283
196.758	-34.283
196.798	-34.343
196.838	-34.343
196.978	-34.483
197.078	-34.583
197.098	-34.643
197.158	-34.703
197.318	-34.863
197.598	-35.143
197.818	-35.363
197.898	-35.503
198.178	-35.803
198.338	-35.963
198.378	-35.963
198.438	-36.043
POLYLINE BLACK
196.758	-42.443
196.758	-42.483
POLYLINE BLACK
195.258	-42.003
POLYLINE BLACK
195.818	-41.643
195.778	-41.663
POLYLINE BLACK
195.978	-34.343
196.138	-34.423
196.198	-34.423
196.278	-34.463
196.278	-34.943
196.198	-35.063
196.158	-35.083
196.138	-35.043
195.798	-34.943
195.758	-34.903
195.718	-34.903
195.618	-34.843
195.538	-34.823
195.458	-34.803
195.378	-34.783
195.178	-34.743
195.058	-34.723
195.018	-34.683
194.938	-34.703
194.638	-34.603
194.558	-34.583
POLYLINE BLACK
194.738	-34.363
194.658	-34.323
194.698	-34.323
194.698	-34.363
194.658	-34.423
194.638	-34.563
194.638	-34.703
194.698	-34.763
194.778	-34.743
195.098	-34.743
195.218	-34.803
195.298	-34.803
195.418	-34.843
195.478	-34.843
195.518	-34.883
195.678	-34.883
195.818	-34.923
195.898	-34.943
195.978	-34.963
196.058	-34.963
196.178	-35.003
POLYLINE BLACK
194.398	-33.803
194.638	-33.943
194.678	-33.943
194.798	-34.023
194.858	-34.023
194.898	-34.043
194.938	-34.023
195.098	-34.123
195.138	-34.163
195.218	-34.183
195.418	-34.263
195.478	-34.263
195.698	-34.323
195.798	-34.343
195.878	-34.343
195.918	-34.383
195.958	-34.363
195.998	-34.383
POLYLINE BLACK
194.398	-33.763
194.398	-33.943
194.378	-34.023
194.358	-34.203
194.358	-34.283
194.338	-34.363
194.338	-34.443
194.318	-34.483
194.338	-34.523
POLYLINE BLACK
195.078	-34.423
195.058	-34.303
POLYLINE BLACK
192.298	-32.923
192.538	-32.983
192.578	-32.963
192.838	-33.023
193.138	-33.203
193.278	-33.243
193.338	-33.283
193.418	-33.303
193.478	-33.323
193.558	-33.303
193.898	-33.403
194.098	-33.443
194.178	-33.443
194.578	-33.563
195.098	-33.723
195.218	-33.823
195.298	-33.843
195.398	-33.863
195.518	-33.963
195.698	-33.983
195.758	-34.023
195.798	-34.023
195.878	-34.083
195.918	-34.083
196.018	-34.143
196.138	-34.183
196.178	-34.223
196.258	-34.243
196.298	-34.283
196.378	-34.283
196.498	-34.323
196.538	-34.323
POLYLINE BLACK
196.318	-40.583
196.238	-40.463
196.238	-40.343
196.418	-39.963
196.498	-39.903
196.618	-39.963
196.658	-39.963
196.698	-40.143
196.778	-40.143
196.878	-40.043
196.958	-39.983
197.038	-40.003
197.178	-40.143
197.218	-40.143
197.338	-40.303
197.378	-40.323
197.458	-40.463
197.478	-40.683
197.458	-40.763
197.398	-40.943
197.318	-41.063
197.278	-41.103
197.238	-41.103
197.078	-41.203
POLYLINE BLACK
196.358	-40.743
196.318	-40.763
196.198	-40.643
196.098	-40.423
196.078	-40.343
196.138	-40.183
POLYLINE BLACK
196.178	-40.843
196.178	-40.803
196.138	-40.683
196.218	-40.783
196.378	-41.123
196.618	-41.523
196.618	-41.563
196.858	-41.343
196.998	-41.243
197.058	-41.143
197.098	-41.103
197.098	-41.063
197.198	-40.943
197.198	-40.903
197.298	-40.763
197.078	-41.043
196.958	-41.163
196.858	-41.223
196.698	-41.403
POLYLINE BLACK
195.978	-41.783
196.018	-41.783
195.978	-41.823
196.078	-41.583
196.118	-41.603
196.238	-42.003
196.258	-42.083
196.098	-42.023
195.758	-41.963
POLYLINE BLACK
195.238	-41.363
195.278	-41.323
195.278	-41.403
195.358	-41.283
195.438	-41.263
195.478	-41.263
195.518	-41.223
195.578	-41.503
195.578	-41.743
195.318	-41.663
195.098	-41.543
POLYLINE BLACK
194.218	-40.743
194.118	-40.903
194.258	-40.723
194.358	-40.563
194.378	-40.743
194.378	-40.863
194.438	-41.043
194.138	-41.043
194.098	-41.023
POLYLINE BLACK
193.558	-40.443
193.498	-40.543
193.398	-40.643
193.398	-40.683
193.398	-40.683
193.698	-40.403
193.718	-40.483
193.718	-40.623
193.738	-40.723
193.718	-40.763
193.678	-40.743
193.578	-40.763
193.498	-40.743
193.438	-40.763
POLYLINE BLACK
192.658	-39.003
192.578	-39.103
192.578	-39.103
192.658	-38.923
192.718	-38.843
192.738	-38.943
192.738	-39.083
192.718	-39.163
192.718	-39.203
192.538	-39.203
192.498	-39.183
POLYLINE BLACK
192.078	-38.483
192.078	-38.523
191.998	-38.603
191.858	-38.823
191.938	-38.723
192.038	-38.663
192.118	-38.543
192.138	-38.583
192.078	-38.903
192.098	-38.943
192.058	-38.883
192.018	-38.883
191.958	-38.843
191.858	-38.823
191.818	-38.783
POLYLINE BLACK
194.718	-41.223
194.818	-41.283
194.978	-41.503
195.198	-41.603
195.438	-41.763
195.638	-41.863
195.718	-41.943
195.798	-41.963
195.998	-42.103
196.138	-42.163
196.238	-42.263
196.518	-42.483
196.538	-42.523
POLYLINE BLACK
194.658	-41.263
POLYLINE BLACK
193.198	-40.723
193.198	-40.763
193.318	-40.803
193.398	-40.823
193.518	-40.883
193.598	-40.903
193.838	-40.963
194.118	-41.103
194.218	-41.083
194.298	-41.143
194.538	-41.203
194.578	-41.243
194.658	-41.243
194.698	-41.283
194.778	-41.303
194.818	-41.323
POLYLINE BLACK
193.138	-39.643
193.138	-40.163
193.118	-40.243
193.118	-40.483
193.138	-40.563
193.138	-40.703
POLYLINE BLACK
191.538	-38.743
192.018	-39.123
192.098	-39.183
192.138	-39.163
192.218	-39.243
192.338	-39.263
192.418	-39.343
192.518	-39.363
192.598	-39.423
192.678	-39.443
192.798	-39.483
POLYLINE BLACK
193.818	-35.283
193.798	-35.323
193.818	-35.383
POLYLINE BLACK
192.138	-39.603
192.138	-39.643
POLYLINE BLACK
191.778	-36.683
191.438	-36.743
191.258	-36.723
191.078	-36.743
190.738	-36.683
190.678	-36.683
190.558	-36.643
190.458	-36.523
190.278	-35.983
190.238	-35.683
190.238	-35.343
190.258	-35.243
190.258	-34.963
190.318	-34.903
190.658	-34.883
191.218	-34.883
191.278	-34.903
191.618	-34.903
191.678	-34.883
191.758	-34.903
191.898	-34.903
191.998	-34.923
192.078	-34.943
192.158	-35.243
192.198	-35.523
192.238	-35.663
192.238	-35.743
192.258	-35.783
192.258	-35.863
192.278	-35.923
192.278	-36.303
192.258	-36.443
192.258	-36.823
192.178	-36.803
191.878	-36.803
191.338	-36.763
191.218	-36.723
191.138	-36.723
POLYLINE BLACK
187.178	-36.943
187.178	-37.003
187.238	-37.063
187.398	-37.083
187.478	-37.063
187.558	-37.083
187.638	-37.063
187.718	-37.083
187.798	-37.103
187.838	-37.083
187.878	-37.123
187.958	-37.123
187.958	-37.163
187.998	-37.203
188.018	-37.283
188.058	-37.463
188.058	-37.603
188.138	-37.883
188.198	-38.003
188.218	-38.083
188.318	-38.183
188.538	-38.283
188.658	-38.363
188.718	-38.343
188.798	-38.383
188.898	-38.383
188.978	-38.403
189.198	-38.403
189.238	-38.383
189.318	-38.403
189.538	-38.423
189.598	-38.403
189.818	-38.443
189.918	-38.443
190.238	-38.543
190.378	-38.543
190.558	-38.603
190.698	-38.603
190.838	-38.623
190.938	-38.623
190.978	-38.603
191.098	-38.663
191.138	-38.643
191.178	-38.663
191.218	-38.643
191.298	-38.663
191.378	-38.643
191.418	-38.663
POLYLINE BLACK
187.478	-31.643
188.278	-32.043
188.438	-32.103
188.538	-32.103
188.678	-32.163
188.738	-32.163
189.038	-32.303
189.278	-32.383
189.438	-32.383
189.638	-32.403
189.798	-32.463
190.078	-32.523
190.318	-32.583
190.478	-32.603
190.778	-32.663
190.878	-32.663
190.978	-32.703
191.038	-32.703
191.138	-32.743
191.198	-32.743
191.318	-32.783
191.438	-32.803
191.598	-32.843
191.738	-32.843
191.918	-32.903
191.978	-32.903
192.158	-32.943
192.278	-32.943
