TRIP
DATE 2016-01-16 
DECLINATION     0.00
DATA
10.9	11.0	0.00	0.00	0.000	>
TRIP
DATE 2016-01-16 
DECLINATION     0.00
DATA
11.0	11.1	302.68	-14.19	3.419	>
11.1	11.2	1.05	2.91	2.506	>
11.2		265.68	-13.50	0.955	>
11.2		210.85	-12.09	1.360	>
11.2		228.71	-62.53	1.515	>
11.2		253.25	20.41	0.470	>
11.2	11.3	230.86	-12.88	3.728	>
11.3		144.66	2.54	0.789	>
11.3		355.41	6.84	0.403	>
11.3		165.14	46.91	0.371	>
11.3		249.11	-82.36	1.498	>
11.3	11.4	256.86	-24.62	3.493	>
11.4		190.80	3.61	0.508	>
11.4		2.00	21.24	1.043	>
11.4		280.59	80.72	0.675	>
11.4		14.12	-55.07	0.888	>
11.4	11.5	281.46	-29.53	1.475	>
11.5		182.38	-6.08	0.679	>
11.5		226.74	75.78	0.950	>
11.5		170.14	-80.92	2.887	>
11.5		34.34	-11.65	0.773	>
11.5	11.6	168.96	-61.87	1.563	>
11.6		331.23	82.38	2.365	>
11.6		2.73	-14.96	0.651	>
11.6		356.98	12.22	1.436	>
11.6		32.31	-76.81	1.410	>
11.6	11.7	21.23	1.32	1.699	>
11.7		266.92	-3.44	0.317	>
11.7		266.14	-81.29	1.079	>
11.7		280.20	69.29	0.974	>
11.7	11.8	329.68	6.51	3.571	>
11.8		109.34	74.37	0.818	>
11.8		17.06	-2.17	0.396	>
11.8		217.83	-22.04	0.269	>
11.8		344.58	-82.71	0.948	>
11.8		113.84	-9.15	0.591	>
11.8	11.9	89.40	14.66	6.764	>
11.6	11.10	292.93	-13.68	3.722	>
11.10		37.02	4.03	0.470	>
11.10		31.47	68.75	2.643	>
11.10		36.67	-74.02	1.435	>
11.10	11.11	326.63	-3.94	1.906	>
11.11		252.33	80.14	1.944	>
11.11		207.62	30.50	0.731	>
11.11		11.31	54.62	0.537	>
11.11		219.95	-85.02	1.759	>
11.11	11.12	287.62	31.73	1.900	>
11.12		196.13	82.05	0.625	>
11.12		349.83	27.00	0.674	>
11.12		110.75	-63.15	3.107	>
11.12		175.17	13.99	2.436	>
11.12		168.43	5.33	0.571	>
11.12		128.39	23.30	4.060	>
11.12	11.13	270.72	-0.96	1.430	>
11.13		32.02	4.22	0.448	>
11.13		309.29	83.66	0.129	>
11.13		144.18	-86.50	4.643	>
11.13		200.63	-0.36	1.422	>
11.13	11.14	243.59	-13.39	2.154	>
11.14		219.64	12.19	0.403	>
11.14		296.57	85.27	0.135	>
11.14		22.95	-5.19	1.836	>
11.14		344.40	-20.00	1.737	>
11.14		343.99	-24.29	2.844	>
11.14	11.15	295.95	-16.84	3.845	>
11.15		160.74	2.26	0.940	>
11.15		303.11	85.61	0.359	>
11.15		116.57	-84.76	0.196	>
11.15		327.82	3.81	0.211	>
11.15	11.16	229.89	-7.82	2.167	>
11.16		154.15	10.91	0.402	>
11.16		344.14	-9.98	1.489	>
11.16		304.29	81.98	0.191	>
11.16		91.54	-72.63	1.994	>
11.16	11.17	145.73	-14.27	5.210	>
11.17		249.12	72.10	1.762	>
11.17		180.00	-64.65	0.360	>
11.17		82.32	6.88	0.309	>
11.17		261.89	32.52	1.178	>
11.17	11.18	192.64	40.20	2.064	>
11.18		264.53	3.67	0.936	>
11.18		118.35	17.18	0.796	>
11.18		302.71	78.75	0.664	>
11.18		116.15	-85.88	1.706	>
11.18		111.69	34.97	1.047	>
11.18		70.66	30.64	1.330	>
11.18	11.19	91.88	8.32	2.439	>
11.19		187.23	-0.21	0.278	>
11.19		223.58	82.69	1.117	>
11.19		130.01	-81.74	1.472	>
11.19	11.20	102.26	20.11	4.444	>
11.20		219.63	67.34	0.647	>
11.20		203.70	-3.01	0.439	>
11.20		245.79	-85.37	1.751	>
11.20	11.21	123.90	13.43	5.753	>
11.21		330.37	-80.42	1.154	>
11.21		59.91	2.46	0.699	>
11.21		235.87	-38.27	0.229	>
11.21		48.93	46.24	0.209	>
11.21	11.22	129.55	6.89	5.149	>
11.22		33.11	80.31	0.652	>
11.22		216.11	18.12	0.727	>
11.22		24.38	16.69	0.648	>
11.22		74.11	-76.32	0.602	>
11.22	11.23	114.95	16.68	5.361	>
11.23		83.29	86.11	0.505	>
11.23		183.52	10.45	2.403	>
11.23		7.71	9.30	1.231	>
11.23		14.57	-47.75	1.129	>
11.23	11.24	87.47	29.27	2.522	>
11.24		248.37	-19.94	3.258	>
11.24		225.69	-18.47	2.847	>
11.24		192.07	-6.24	2.558	>
11.24		150.86	9.43	3.241	>
11.24		118.77	14.68	4.281	>
11.24		95.47	15.51	3.168	>
11.24		63.92	-3.46	0.845	>
11.24		312.14	-21.75	1.220	>
11.24		112.58	-85.01	1.407	>
11.24	11.25	102.40	10.39	3.371	>
11.25		259.89	72.52	0.436	>
11.25		303.79	-46.13	0.703	>
11.25		194.29	9.06	1.830	>
11.25		317.29	-89.18	1.235	>
11.25		100.04	26.68	0.218	>
11.25		99.18	26.14	7.540	>
11.25		99.38	26.48	7.132	>
11.25	11.26	344.30	-18.74	1.413	>
11.26		36.03	78.80	0.210	>
11.26		81.81	-2.58	0.267	>
11.26		279.78	-87.59	0.701	>
11.26	11.27	346.72	3.71	4.803	>
11.27		75.46	1.76	0.359	>
11.27		13.24	85.98	0.498	>
11.27		68.20	-89.48	0.599	>
11.27	11.28	344.96	5.50	5.095	>
11.28		339.35	-13.58	1.963	>
11.28		142.86	-2.75	1.211	>
11.28		307.11	-82.24	1.412	>
11.28	11.29	326.09	-17.08	1.716	>
11.29	11.0	0.00	0.00	0.000	>
11.16	11.30	21.13	-49.96	2.303	>
11.30		106.59	86.16	0.733	>
11.30		61.61	21.04	0.437	>
11.30		353.10	-55.18	0.598	>
11.30		256.31	47.06	0.769	>
11.30	11.31	331.88	-4.20	3.891	>
11.31		23.94	68.11	0.892	>
11.31		240.26	51.22	0.360	>
11.31		51.11	25.36	0.985	>
11.31		74.12	-56.61	0.465	>
11.31	11.32	331.27	-12.64	3.872	>
11.32		251.68	83.96	1.512	>
11.32		68.13	-1.14	0.902	>
11.32		69.97	-53.15	2.702	>
11.32	11.33	116.64	-20.61	2.605	>
11.33		43.09	0.52	0.659	>
11.33		241.97	0.59	0.489	>
11.33		44.19	84.32	3.522	>
11.33		256.57	-83.59	1.235	>
11.33	11.34	281.87	41.39	4.179	>
11.34		237.05	1.30	0.752	>
11.34		55.25	-2.25	0.585	>
11.34		244.23	82.42	0.244	>
11.34		68.20	-87.22	0.222	>
11.34		61.02	-57.80	4.664	>
11.34	11.35	327.43	-2.33	3.963	>
11.35		136.18	44.36	0.529	>
11.35		13.67	40.48	0.556	>
11.35		182.12	-0.69	1.083	>
11.35		172.53	-29.59	0.407	>
11.35	11.36	244.88	-15.77	3.601	>
11.36		334.62	4.83	1.129	>
11.36		291.12	70.20	0.139	>
11.36		1.85	-76.94	0.412	>
11.36		148.33	-9.61	0.240	>
11.36	11.37	257.14	-12.43	2.319	>
11.37		343.03	9.52	1.004	>
11.37		163.15	0.48	1.066	>
11.37		114.62	87.57	1.243	>
11.37		234.78	-85.82	0.571	>
11.37	11.38	268.68	-9.50	1.497	>
11.38		160.07	1.49	1.502	>
11.38		153.76	-59.70	1.081	>
11.38		345.16	-6.93	1.168	>
11.38		152.70	41.10	0.324	>
11.38	11.39	171.76	-69.25	5.789	>
11.39		338.74	-4.43	1.165	>
11.39		126.60	-78.77	1.317	>
11.39		335.99	78.13	3.908	>
11.39	11.40	58.51	-4.92	2.263	>
11.40		335.50	7.27	0.727	>
11.40		166.55	2.72	0.590	>
11.40		328.54	80.44	3.599	>
11.40		104.74	-87.64	0.477	>
11.40	11.41	252.56	-4.26	6.476	>
11.41		345.06	-79.90	1.570	>
11.41		348.96	3.35	0.805	>
11.41		358.19	76.12	4.879	>
11.41	11.42	264.48	-16.99	4.329	>
11.42		305.25	77.13	4.573	>
11.42		190.31	-52.74	1.209	>
11.42		174.54	10.78	0.513	>
11.42		332.67	36.55	0.830	>
11.42	11.43	260.56	-10.81	4.533	>
11.43		359.72	86.91	3.840	>
11.43		6.08	40.75	2.279	>
11.43		180.16	34.60	1.321	>
11.43		339.66	-36.29	0.757	>
11.43	11.44	308.24	-6.04	7.341	>
11.44	6.11	0.00	0.00	0.000	>
6.11		67.91	5.06	2.483	>
6.11		239.79	9.60	4.456	>
6.11		97.70	88.67	3.206	>
6.11		88.92	-78.32	1.309	>
TRIP
DATE 2016-07-09 
DECLINATION     0.00
DATA
11.33	14.0	0.00	0.00	0.000	>
14.0		342.39	-15.41	5.437	>
14.0		338.47	-16.47	4.019	>
14.0		316.14	-5.55	2.535	>
14.0	14.1	129.54	20.03	2.371	>
14.1		237.83	14.43	0.345	>
14.1		251.93	88.00	2.867	>
14.1		150.99	-84.83	1.281	>
14.1		44.46	-8.32	0.228	>
14.1	14.2	140.28	8.34	3.302	>
14.2		22.40	81.06	1.706	>
14.2		34.96	18.80	0.450	>
14.2		211.36	18.45	0.158	>
14.2		155.56	-87.90	1.318	>
14.2	14.3	122.60	16.04	4.786	>
14.3		179.40	81.38	3.188	>
14.3		212.32	-1.71	1.205	>
14.3		162.23	-81.41	1.644	>
14.3		47.33	-14.00	0.161	>
14.3		271.96	-17.32	0.491	>
14.3	14.4	150.27	-8.53	1.342	>
14.4		7.52	10.64	0.661	>
14.4		41.77	9.61	0.802	>
14.4		40.28	56.31	1.595	>
14.4		346.07	75.16	3.617	>
14.4		333.19	-85.80	1.455	>
14.4	14.5	36.68	25.95	1.929	>
14.5		184.33	4.74	0.823	>
14.5		97.97	-85.21	0.605	>
14.5		182.54	86.61	3.049	>
14.5	14.6	118.84	40.43	2.083	>
14.6		14.69	38.95	0.461	>
14.6		274.40	80.41	1.956	>
14.6		214.09	6.72	0.316	>
14.6		170.05	-78.89	1.592	>

PLAN
STATIONS
-71.934	20.470	6.11
-16.818	7.248	11.0
-19.632	9.052	11.1
-19.586	11.554	11.2
-22.405	9.260	11.3
-25.497	8.538	11.4
-26.755	8.793	11.5
-26.614	8.070	11.6
-25.999	9.653	11.7
-27.790	12.716	11.8
-21.247	12.784	11.9
-29.945	9.479	11.10
-30.991	11.067	11.11
-32.531	11.556	11.12
-33.961	11.574	11.13
-35.838	10.642	11.14
-39.147	12.252	11.15
-40.789	10.869	11.16
-37.946	6.696	11.17
-38.291	5.158	11.18
-35.879	5.079	11.19
-31.801	4.193	11.20
-27.157	1.072	11.21
-23.216	-2.183	11.22
-18.560	-4.349	11.23
-16.362	-4.252	11.24
-13.124	-4.964	11.25
-13.486	-3.676	11.26
-14.587	0.989	11.27
-15.903	5.887	11.28
-16.818	7.248	11.29
-40.255	12.251	11.30
-42.084	15.674	11.31
-43.900	18.987	11.32
-41.721	17.894	11.33
-44.789	18.539	11.34
-46.921	21.876	11.35
-50.059	20.405	11.36
-52.267	19.901	11.37
-53.743	19.867	11.38
-53.449	17.837	11.39
-51.526	19.015	11.40
-57.687	17.080	11.41
-61.808	16.682	11.42
-66.200	15.952	11.43
-71.934	20.470	11.44
-41.721	17.894	14.0
-40.003	16.476	14.1
-37.915	13.963	14.2
-34.040	11.485	14.3
-33.382	10.333	14.4
-32.346	11.724	14.5
-30.957	10.959	14.6
SHOTS
-32.346	11.724	-30.957	10.959
-30.957	10.959	-30.866	11.306
-30.957	10.959	-31.282	10.984
-30.957	10.959	-31.133	10.699
-30.957	10.959	-30.904	10.657
-33.382	10.333	-32.346	11.724
-32.346	11.724	-32.408	10.906
-32.346	11.724	-32.296	11.717
-32.346	11.724	-32.354	11.544
-34.040	11.485	-33.382	10.333
-33.382	10.333	-33.297	10.977
-33.382	10.333	-32.855	10.923
-33.382	10.333	-32.810	11.008
-33.382	10.333	-33.605	11.232
-33.382	10.333	-33.430	10.428
-37.915	13.963	-34.040	11.485
-34.040	11.485	-34.035	11.007
-34.040	11.485	-34.684	10.467
-34.040	11.485	-33.965	11.251
-34.040	11.485	-33.925	11.591
-34.040	11.485	-34.508	11.501
-40.003	16.476	-37.915	13.963
-37.915	13.963	-37.814	14.208
-37.915	13.963	-37.671	14.312
-37.915	13.963	-37.993	13.835
-37.915	13.963	-37.895	13.919
-41.721	17.894	-40.003	16.476
-40.003	16.476	-40.286	16.298
-40.003	16.476	-40.098	16.445
-40.003	16.476	-39.947	16.375
-40.003	16.476	-39.845	16.637
-41.721	17.894	-41.721	17.894
-41.721	17.894	-43.307	22.890
-41.721	17.894	-43.135	21.479
-41.721	17.894	-43.469	19.713
-71.934	20.470	-71.934	20.470
-71.934	20.470	-69.642	21.400
-71.934	20.470	-75.731	18.259
-71.934	20.470	-71.860	20.460
-71.934	20.470	-71.669	20.475
-66.200	15.952	-71.934	20.470
-61.808	16.682	-66.200	15.952
-66.200	15.952	-66.201	16.159
-66.200	15.952	-66.017	17.669
-66.200	15.952	-66.203	14.865
-66.200	15.952	-66.412	16.524
-57.687	17.080	-61.808	16.682
-61.808	16.682	-62.640	17.270
-61.808	16.682	-61.939	15.962
-61.808	16.682	-61.760	16.180
-61.808	16.682	-62.114	17.274
-51.526	19.015	-57.687	17.080
-57.687	17.080	-57.758	17.346
-57.687	17.080	-57.841	17.869
-57.687	17.080	-57.724	18.250
-53.449	17.837	-51.526	19.015
-51.526	19.015	-51.825	19.671
-51.526	19.015	-51.389	18.442
-51.526	19.015	-51.838	19.525
-51.526	19.015	-51.507	19.010
-53.743	19.867	-53.449	17.837
-53.449	17.837	-53.870	18.919
-53.449	17.837	-53.243	17.684
-53.449	17.837	-53.776	18.571
-52.267	19.901	-53.743	19.867
-53.743	19.867	-53.231	18.455
-53.743	19.867	-53.502	19.378
-53.743	19.867	-54.040	20.988
-53.743	19.867	-53.631	19.650
-50.059	20.405	-52.267	19.901
-52.267	19.901	-52.556	20.848
-52.267	19.901	-51.958	18.881
-52.267	19.901	-52.219	19.879
-52.267	19.901	-52.301	19.877
-46.921	21.876	-50.059	20.405
-50.059	20.405	-50.541	21.421
-50.059	20.405	-50.103	20.422
-50.059	20.405	-50.056	20.498
-50.059	20.405	-49.935	20.204
-44.789	18.539	-46.921	21.876
-46.921	21.876	-46.659	21.603
-46.921	21.876	-46.821	22.287
-46.921	21.876	-46.961	20.794
-46.921	21.876	-46.875	21.525
-41.721	17.894	-44.789	18.539
-44.789	18.539	-45.420	18.130
-44.789	18.539	-44.309	18.872
-44.789	18.539	-44.818	18.525
-44.789	18.539	-44.779	18.543
-44.789	18.539	-42.615	19.743
-43.900	18.987	-41.721	17.894
-41.721	17.894	-41.271	18.375
-41.721	17.894	-42.153	17.664
-41.721	17.894	-41.478	18.144
-41.721	17.894	-41.855	17.862
-42.084	15.674	-43.900	18.987
-43.900	18.987	-44.051	18.937
-43.900	18.987	-43.063	19.323
-43.900	18.987	-42.378	19.542
-40.255	12.251	-42.084	15.674
-42.084	15.674	-41.949	15.978
-42.084	15.674	-42.280	15.562
-42.084	15.674	-41.391	16.233
-42.084	15.674	-41.838	15.744
-40.789	10.869	-40.255	12.251
-40.255	12.251	-40.208	12.237
-40.255	12.251	-39.896	12.445
-40.255	12.251	-40.296	12.590
-40.255	12.251	-40.764	12.127
-16.818	7.248	-16.818	7.248
-15.903	5.887	-16.818	7.248
-14.587	0.989	-15.903	5.887
-15.903	5.887	-16.576	7.673
-15.903	5.887	-15.173	4.923
-15.903	5.887	-16.055	6.002
-13.486	-3.676	-14.587	0.989
-14.587	0.989	-14.240	1.079
-14.587	0.989	-14.579	1.023
-14.587	0.989	-14.582	0.991
-13.124	-4.964	-13.486	-3.676
-13.486	-3.676	-13.462	-3.643
-13.486	-3.676	-13.222	-3.638
-13.486	-3.676	-13.515	-3.671
-16.362	-4.252	-13.124	-4.964
-13.124	-4.964	-13.253	-4.987
-13.124	-4.964	-13.529	-4.693
-13.124	-4.964	-13.570	-6.715
-13.124	-4.964	-13.136	-4.951
-13.124	-4.964	-12.932	-4.998
-13.124	-4.964	-6.442	-6.044
-13.124	-4.964	-6.825	-6.004
-18.560	-4.349	-16.362	-4.252
-16.362	-4.252	-19.209	-5.381
-16.362	-4.252	-18.294	-6.138
-16.362	-4.252	-16.894	-6.739
-16.362	-4.252	-14.805	-7.045
-16.362	-4.252	-12.732	-6.245
-16.362	-4.252	-13.323	-4.543
-16.362	-4.252	-15.604	-3.881
-16.362	-4.252	-17.202	-3.492
-16.362	-4.252	-16.249	-4.299
-23.216	-2.183	-18.560	-4.349
-18.560	-4.349	-18.526	-4.345
-18.560	-4.349	-18.705	-6.708
-18.560	-4.349	-18.397	-3.145
-18.560	-4.349	-18.369	-3.614
-27.157	1.072	-23.216	-2.183
-23.216	-2.183	-23.156	-2.091
-23.216	-2.183	-23.623	-2.741
-23.216	-2.183	-22.960	-1.618
-23.216	-2.183	-23.079	-2.144
-31.801	4.193	-27.157	1.072
-27.157	1.072	-27.252	1.239
-27.157	1.072	-26.553	1.422
-27.157	1.072	-27.306	0.971
-27.157	1.072	-27.048	1.167
-35.879	5.079	-31.801	4.193
-31.801	4.193	-31.960	4.001
-31.801	4.193	-31.977	3.792
-31.801	4.193	-31.930	4.135
-38.291	5.158	-35.879	5.079
-35.879	5.079	-35.914	4.803
-35.879	5.079	-35.977	4.976
-35.879	5.079	-35.717	4.943
-37.946	6.696	-38.291	5.158
-38.291	5.158	-39.221	5.069
-38.291	5.158	-37.622	4.797
-38.291	5.158	-38.400	5.228
-38.291	5.158	-38.181	5.104
-38.291	5.158	-37.494	4.841
-38.291	5.158	-37.211	5.537
-40.789	10.869	-37.946	6.696
-37.946	6.696	-38.452	6.503
-37.946	6.696	-37.946	6.542
-37.946	6.696	-37.642	6.737
-37.946	6.696	-38.929	6.556
-39.147	12.252	-40.789	10.869
-40.789	10.869	-40.617	10.514
-40.789	10.869	-41.190	12.280
-40.789	10.869	-40.811	10.884
-40.789	10.869	-40.194	10.853
-35.838	10.642	-39.147	12.252
-39.147	12.252	-38.837	11.365
-39.147	12.252	-39.170	12.267
-39.147	12.252	-39.131	12.244
-39.147	12.252	-39.259	12.430
-33.961	11.574	-35.838	10.642
-35.838	10.642	-36.089	10.339
-35.838	10.642	-35.848	10.647
-35.838	10.642	-35.125	12.326
-35.838	10.642	-36.277	12.214
-35.838	10.642	-36.553	13.134
-32.531	11.556	-33.961	11.574
-33.961	11.574	-33.724	11.953
-33.961	11.574	-33.972	11.583
-33.961	11.574	-33.795	11.344
-33.961	11.574	-34.462	10.243
-30.991	11.067	-32.531	11.556
-32.531	11.556	-32.555	11.473
-32.531	11.556	-32.637	12.147
-32.531	11.556	-31.219	11.059
-32.531	11.556	-32.332	9.201
-32.531	11.556	-32.417	10.999
-32.531	11.556	-29.608	9.240
-29.945	9.479	-30.991	11.067
-30.991	11.067	-31.308	10.966
-30.991	11.067	-31.283	10.509
-30.991	11.067	-30.930	11.372
-30.991	11.067	-31.089	10.950
-26.614	8.070	-29.945	9.479
-29.945	9.479	-29.663	9.853
-29.945	9.479	-29.445	10.296
-29.945	9.479	-29.709	9.796
-27.790	12.716	-21.247	12.784
-25.999	9.653	-27.790	12.716
-27.790	12.716	-27.582	12.643
-27.790	12.716	-27.674	13.094
-27.790	12.716	-27.943	12.519
-27.790	12.716	-27.822	12.832
-27.790	12.716	-27.256	12.480
-26.614	8.070	-25.999	9.653
-25.999	9.653	-26.315	9.636
-25.999	9.653	-26.162	9.642
-25.999	9.653	-26.338	9.714
-26.755	8.793	-26.614	8.070
-26.614	8.070	-26.765	8.345
-26.614	8.070	-26.584	8.698
-26.614	8.070	-26.688	9.472
-26.614	8.070	-26.442	8.342
-25.497	8.538	-26.755	8.793
-26.755	8.793	-26.783	8.118
-26.755	8.793	-26.925	8.633
-26.755	8.793	-26.677	8.344
-26.755	8.793	-26.328	9.418
-22.405	9.260	-25.497	8.538
-25.497	8.538	-25.592	8.040
-25.497	8.538	-25.463	9.510
-25.497	8.538	-25.604	8.558
-25.497	8.538	-25.373	9.031
-19.586	11.554	-22.405	9.260
-22.405	9.260	-21.949	8.617
-22.405	9.260	-22.437	9.659
-22.405	9.260	-22.340	9.015
-22.405	9.260	-22.591	9.189
-19.632	9.052	-19.586	11.554
-19.586	11.554	-20.512	11.484
-19.586	11.554	-20.268	10.412
-19.586	11.554	-20.111	11.093
-19.586	11.554	-20.008	11.427
-16.842	7.262	-19.632	9.052
-16.842	7.262	-16.842	7.262
POLYLINE BLACK
-32.080	11.840
-32.100	11.820
POLYLINE BLACK
-31.870	11.690
-31.900	11.630
-31.900	11.610
-31.930	11.570
POLYLINE BLACK
-32.100	11.890
-32.100	11.860
-32.110	11.820
-32.110	11.800
POLYLINE BLACK
-31.050	11.170
-31.030	11.110
POLYLINE BLACK
-31.260	11.260
-31.260	11.170
-31.270	11.130
POLYLINE BLACK
-31.490	11.420
-31.480	11.380
-31.480	11.330
-31.490	11.290
-31.490	11.250
POLYLINE BLACK
-31.760	11.460
-31.660	11.550
POLYLINE BLACK
-31.910	11.680
-31.870	11.710
POLYLINE BLACK
-32.060	11.780
-32.020	11.800
POLYLINE BLACK
-32.210	12.040
-32.080	12.010
-32.030	11.980
-31.990	11.980
-31.910	11.940
-31.830	11.920
-31.700	11.880
-31.680	11.860
-31.510	11.800
-31.480	11.780
-31.440	11.770
-31.380	11.720
-31.290	11.690
-31.250	11.650
-31.100	11.560
-31.030	11.490
-30.920	11.330
-30.830	11.220
POLYLINE BLACK
-31.940	12.000
POLYLINE BLACK
-32.710	12.110
-32.670	12.110
-32.630	12.120
-32.600	12.120
-32.560	12.110
-32.520	12.110
-32.460	12.090
-32.420	12.090
-32.270	12.030
-32.170	11.970
-32.070	11.890
-32.050	11.850
-32.030	11.850
-31.970	11.790
-31.940	11.760
-31.930	11.740
-31.930	11.760
-31.920	11.740
-31.900	11.740
-31.760	11.590
-31.360	11.330
-31.320	11.320
-31.280	11.280
-31.220	11.250
-31.180	11.240
-31.160	11.220
-31.120	11.220
-31.100	11.200
-31.020	11.190
-30.980	11.180
-30.960	11.170
-30.940	11.180
-30.880	11.150
-30.840	11.140
-30.780	11.100
-30.740	11.100
-30.670	11.030
-30.630	11.020
-30.590	10.990
POLYLINE BLACK
-32.840	12.020
-32.780	12.060
-32.710	12.120
-32.690	12.110
-32.670	12.130
-32.640	12.130
-32.620	12.150
-32.540	12.140
-32.500	12.130
POLYLINE BLACK
-32.470	11.050
-32.510	11.080
-32.530	11.080
-32.570	11.120
-32.610	11.130
-32.700	11.150
-32.720	11.140
POLYLINE BLACK
-32.960	10.870
-33.030	10.790
POLYLINE BLACK
-33.070	10.970
-33.100	10.900
POLYLINE BLACK
-33.200	11.020
-33.200	10.930
POLYLINE BLACK
-33.320	11.010
-33.230	11.030
-33.190	11.040
-33.110	11.020
-33.000	10.940
-32.950	10.860
-32.930	10.760
-32.930	10.730
-32.940	10.710
POLYLINE BLACK
-32.670	11.130
-32.700	11.140
-32.740	11.130
-32.780	11.120
-32.820	11.100
-32.860	11.050
-32.860	11.010
POLYLINE BLACK
-32.620	11.130
POLYLINE BLACK
-32.710	12.050
-32.750	12.040
-32.780	12.010
-32.800	12.020
-32.830	12.010
-32.950	11.860
-33.000	11.780
-33.020	11.760
-33.030	11.720
-33.070	11.620
-33.110	11.560
-33.110	11.530
-33.140	11.450
-33.150	11.410
-33.170	11.370
-33.170	11.340
-33.220	11.230
-33.230	11.190
-33.250	11.110
-33.260	11.060
POLYLINE BLACK
-32.620	12.060
POLYLINE BLACK
-32.850	11.020
-32.850	10.970
-32.900	10.800
-32.920	10.780
-32.950	10.700
-32.970	10.690
-33.070	10.540
-33.160	10.460
-33.280	10.400
-33.300	10.400
-33.350	10.360
-33.390	10.350
-33.430	10.330
-33.450	10.340
-33.530	10.310
-33.600	10.310
-33.660	10.290
-33.690	10.290
-33.730	10.300
-33.750	10.290
-33.790	10.300
-33.830	10.290
-33.870	10.300
-33.960	10.310
-34.040	10.330
-34.110	10.330
-34.250	10.360
-34.290	10.360
-34.390	10.390
-34.440	10.390
-34.520	10.420
-34.540	10.410
-34.560	10.430
-34.580	10.430
-34.640	10.480
-34.690	10.530
-34.710	10.570
POLYLINE BLACK
-33.810	11.980
-33.710	11.900
-33.610	11.770
-33.600	11.730
-33.580	11.670
-33.570	11.580
-33.560	11.540
-33.540	11.430
-33.540	11.380
-33.530	11.300
-33.530	11.230
-33.510	11.170
-33.510	11.140
-33.450	11.040
-33.390	10.990
-33.350	10.980
-33.290	11.020
-33.270	11.050
-33.250	11.050
POLYLINE BLACK
-37.640	14.280
-37.520	14.220
-37.400	14.110
-37.320	14.030
-37.290	13.980
-37.170	13.870
-37.160	13.840
-37.100	13.800
-36.890	13.630
-36.840	13.620
-36.810	13.590
-36.790	13.590
-36.690	13.510
-36.610	13.450
-36.580	13.400
-36.440	13.290
-36.340	13.240
-36.300	13.230
-36.150	13.140
-36.070	13.080
-35.990	13.000
-35.960	12.990
-35.850	12.880
-35.700	12.750
-35.640	12.700
-35.590	12.670
-35.510	12.600
-35.460	12.570
-35.440	12.550
-35.350	12.530
-35.250	12.440
-35.130	12.360
-35.110	12.360
-35.070	12.330
-34.970	12.310
-34.930	12.310
-34.870	12.290
-34.840	12.290
-34.780	12.250
-34.760	12.250
-34.660	12.180
-34.620	12.170
-34.560	12.150
-34.520	12.150
-34.450	12.130
-34.420	12.130
-34.380	12.120
-34.340	12.120
-34.260	12.090
-34.170	12.070
-34.130	12.080
-34.030	12.080
-33.990	12.070
-33.950	12.060
-33.930	12.070
-33.880	12.020
-33.840	12.020
-33.800	11.990
-33.760	11.980
POLYLINE BLACK
-35.340	11.590
-35.260	11.610
-35.130	11.650
-35.050	11.640
-35.010	11.650
-34.900	11.640
-34.860	11.640
-34.710	11.590
-34.660	11.560
-34.620	11.550
-34.560	11.510
-34.490	11.440
-34.460	11.380
-34.460	11.340
-34.510	11.220
-34.630	11.040
-34.730	10.860
-34.740	10.820
-34.760	10.730
-34.730	10.610
-34.680	10.480
-34.650	10.450
-34.630	10.400
POLYLINE BLACK
-38.080	13.850
-37.870	13.710
-37.790	13.640
-37.700	13.590
-37.620	13.520
-37.590	13.510
-37.530	13.460
-37.460	13.430
-37.290	13.230
-37.170	13.110
-37.150	13.110
-37.060	13.020
-36.980	12.970
-36.930	12.910
-36.910	12.910
-36.810	12.800
-36.760	12.770
-36.660	12.650
-36.530	12.520
-36.460	12.430
-36.390	12.360
-36.310	12.270
-36.310	12.210
-36.270	12.100
-36.260	12.060
-36.240	11.970
-36.230	11.930
-36.220	11.880
-36.190	11.840
-36.180	11.800
POLYLINE BLACK
-40.430	16.950
-40.400	16.910
-40.400	16.890
-40.450	16.830
-40.490	16.840
-40.540	16.890
-40.540	16.910
-40.480	16.970
-40.460	16.950
-40.420	16.950
POLYLINE BLACK
-40.540	16.880
POLYLINE BLACK
-38.130	14.260
-38.130	14.280
-38.110	14.300
-38.050	14.310
-38.050	14.250
-38.060	14.220
-38.100	14.210
-38.120	14.210
-38.130	14.250
POLYLINE BLACK
-38.740	14.950
-38.700	14.980
-38.660	14.980
-38.600	14.920
-38.600	14.900
-38.660	14.860
-38.700	14.860
-38.740	14.870
-38.740	14.930
POLYLINE BLACK
-39.400	15.630
-39.330	15.650
-39.280	15.600
-39.300	15.520
-39.360	15.500
-39.380	15.500
-39.400	15.520
-39.420	15.520
-39.430	15.540
-39.410	15.580
POLYLINE BLACK
-39.430	15.590
POLYLINE BLACK
-39.850	16.070
-39.850	16.010
-39.910	15.960
-39.930	15.970
-39.950	15.960
-39.980	16.050
-39.930	16.110
POLYLINE BLACK
-40.280	16.200
-40.230	16.130
-40.200	16.110
-40.120	16.000
POLYLINE BLACK
-40.190	16.080
-40.080	15.930
-39.960	15.830
-39.870	15.740
-39.530	15.390
-39.330	15.160
-39.320	15.130
-39.200	15.010
-39.100	14.870
-38.970	14.760
-38.930	14.710
-38.900	14.710
-38.800	14.630
-38.570	14.420
-38.530	14.380
-38.510	14.380
-38.360	14.220
-38.330	14.210
-38.300	14.160
-38.200	14.070
-38.140	14.030
-38.050	13.880
-38.010	13.840
-37.990	13.800
POLYLINE BLACK
-40.090	16.790
-40.050	16.780
-39.950	16.730
-39.860	16.630
-39.760	16.480
-39.490	16.200
-39.410	16.090
-39.240	15.910
-39.210	15.870
-39.210	15.850
-39.130	15.790
-39.040	15.680
-39.010	15.640
POLYLINE BLACK
-39.190	15.860
-39.220	15.900
-39.220	15.920
-39.260	15.980
-39.350	16.010
-39.430	16.030
-39.450	16.020
-39.460	16.040
POLYLINE BLACK
-39.140	15.810
-39.160	15.830
POLYLINE BLACK
-39.150	15.820
POLYLINE BLACK
-37.740	14.290
-37.790	14.340
-37.820	14.390
-38.120	14.680
-38.240	14.870
-38.390	15.050
-38.450	15.110
-38.480	15.180
-38.530	15.200
-38.620	15.310
-38.890	15.580
-39.010	15.690
-39.080	15.750
POLYLINE BLACK
-41.683	17.595
-41.711	17.588
-41.739	17.567
-41.760	17.518
-41.760	17.504
-41.767	17.490
POLYLINE BLACK
-41.319	17.735
-41.333	17.749
-41.333	17.791
-41.319	17.798
-41.284	17.840
-41.242	17.826
-41.207	17.784
-41.207	17.756
-41.228	17.728
-41.256	17.707
-41.270	17.707
-41.312	17.693
-41.354	17.721
POLYLINE BLACK
-41.690	17.595
-41.634	17.546
-41.620	17.518
-41.620	17.504
-41.634	17.490
-41.634	17.476
-41.683	17.441
-41.697	17.448
-41.725	17.441
-41.739	17.448
-41.753	17.483
-41.753	17.497
-41.760	17.525
POLYLINE BLACK
-41.725	17.588
POLYLINE BLACK
-41.732	17.567
POLYLINE BLACK
-41.718	17.497
POLYLINE BLUE
-40.969	17.154
-40.969	17.077
-40.962	17.007
-40.948	16.958
-40.948	16.944
-40.955	16.930
POLYLINE BLUE
-40.304	16.552
-40.318	16.552
-40.346	16.594
-40.416	16.741
-40.430	16.755
-40.479	16.755
-40.535	16.741
-40.570	16.741
-40.584	16.755
-40.598	16.755
-40.633	16.797
-40.647	16.846
-40.724	17.014
-40.752	17.021
-40.780	17.021
-40.794	17.014
-40.829	17.014
-40.843	17.035
-40.885	17.070
-40.927	17.126
-40.934	17.140
-40.913	17.140
-40.885	17.161
-40.850	17.161
-40.836	17.154
-40.801	17.154
-40.773	17.147
-40.745	17.126
POLYLINE BLACK
-41.067	17.448
-41.095	17.448
-41.144	17.469
-41.158	17.462
-41.172	17.469
POLYLINE BLACK
-41.242	17.231
-41.249	17.252
-41.277	17.273
-41.284	17.294
POLYLINE BLACK
-41.123	17.308
-41.137	17.308
-41.165	17.336
-41.179	17.336
-41.193	17.343
POLYLINE BLACK
-41.347	17.238
-41.347	17.252
-41.354	17.266
POLYLINE BLACK
-41.235	17.266
-41.263	17.294
POLYLINE BLACK
-41.130	17.343
-41.144	17.343
-41.172	17.350
POLYLINE BLACK
-41.074	17.448
-41.074	17.462
-41.081	17.448
-41.137	17.462
POLYLINE BLACK
-41.067	17.588
-41.039	17.525
-41.039	17.483
-41.032	17.455
-41.032	17.434
-41.053	17.378
-41.053	17.364
-41.116	17.287
-41.130	17.287
-41.186	17.245
-41.214	17.245
-41.263	17.224
-41.277	17.224
-41.333	17.210
-41.347	17.210
-41.375	17.224
-41.389	17.224
-41.403	17.231
POLYLINE BLACK
-41.383	18.390
-41.243	18.200
-41.243	18.180
-41.193	18.130
-41.153	18.040
-41.133	17.940
-41.113	17.800
-41.063	17.610
-41.063	17.580
-41.003	17.480
-40.933	17.410
-40.723	17.270
-40.673	17.240
-40.543	17.120
-40.473	17.090
-40.353	16.960
-40.333	16.960
-40.213	16.840
-40.113	16.770
-39.953	16.570
-39.923	16.500
POLYLINE BLACK
-40.233	16.140
-40.423	16.360
-40.533	16.500
-40.573	16.540
-40.603	16.570
-40.623	16.570
-40.753	16.700
-40.853	16.760
-40.983	16.900
-41.003	16.940
-41.113	17.040
-41.123	17.070
-41.193	17.130
-41.293	17.200
-41.383	17.230
-41.423	17.260
-41.483	17.250
-41.523	17.260
-41.583	17.270
-41.603	17.260
-41.683	17.280
-41.703	17.280
-41.713	17.310
-41.753	17.320
-41.853	17.400
-41.943	17.490
-42.023	17.540
-42.043	17.540
-42.063	17.580
-42.113	17.630
POLYLINE BROWN
-42.333	17.310
-42.203	17.220
-42.163	17.210
-42.123	17.170
-41.953	17.080
-41.853	16.990
POLYLINE BROWN
-41.443	16.220
-41.433	16.260
-41.433	16.380
-41.453	16.440
-41.453	16.470
-41.513	16.600
-41.623	16.740
-41.753	16.870
-41.823	16.900
-41.833	16.920
-41.873	16.930
-41.973	17.040
-42.073	17.210
-42.073	17.240
-42.103	17.320
-42.203	17.520
-42.213	17.560
-42.243	17.640
-42.273	17.770
-42.293	17.860
-42.293	18.110
POLYLINE BLACK
-41.563	18.680
-41.433	18.520
-41.323	18.370
-41.293	18.340
POLYLINE BLACK
-41.463	18.260
-41.543	18.310
-41.553	18.350
-41.543	18.390
-41.503	18.400
-41.463	18.380
-41.453	18.340
-41.483	18.290
POLYLINE BLACK
-42.033	18.580
-42.053	18.600
-42.063	18.670
-42.053	18.690
-42.013	18.690
-41.953	18.640
-41.963	18.600
-42.003	18.590
-42.023	18.590
POLYLINE BLACK
-41.813	18.390
-41.843	18.380
-41.863	18.400
-41.873	18.440
-41.813	18.500
-41.773	18.490
-41.753	18.480
-41.723	18.430
-41.723	18.410
-41.833	18.380
-41.853	18.390
POLYLINE BLACK
-42.023	18.010
-42.063	17.990
-42.083	18.010
-42.073	18.070
-42.053	18.090
-42.013	18.100
-41.953	18.060
-41.953	18.000
-42.043	17.990
POLYLINE BLACK
-42.973	21.020
-42.883	20.770
-42.773	20.530
-42.733	20.490
-42.573	20.160
-42.433	19.870
-42.403	19.820
-42.283	19.510
-42.203	19.210
-42.203	19.140
-42.183	18.990
-42.213	18.760
-42.213	18.730
-42.223	18.710
-42.223	18.670
-42.233	18.620
-42.233	18.580
-42.243	18.540
-42.243	18.510
-42.253	18.460
-42.253	18.350
-42.263	18.310
-42.283	18.210
-42.293	18.140
-42.293	17.980
-42.173	17.740
-41.983	17.590
-41.973	17.570
POLYLINE BLUE
-42.313	20.070
-42.183	19.980
-42.153	19.970
-42.103	19.900
POLYLINE BLUE
-41.763	18.690
-41.803	18.800
-41.923	18.890
-41.893	19.120
-41.893	19.150
-41.933	19.180
-42.013	19.200
-42.053	19.210
-42.093	19.220
-42.103	19.240
-42.033	19.420
-42.013	19.510
-42.053	19.540
-42.093	19.550
-42.103	19.570
-42.143	19.570
-42.183	19.600
-42.183	19.630
-42.213	19.710
-42.213	19.780
-42.303	20.070
-42.313	20.020
-42.333	19.910
-42.333	19.870
-42.323	19.820
POLYLINE BLACK
-43.243	22.830
-43.173	22.690
-43.143	22.650
-43.133	22.600
-43.103	22.550
-42.963	22.270
-42.943	22.250
-42.923	22.200
-42.873	22.120
-42.853	22.070
-42.853	22.040
-42.823	21.980
-42.823	21.950
-42.753	21.730
-42.743	21.690
-42.663	21.440
-42.633	21.380
-42.633	21.350
-42.573	21.220
-42.563	21.180
-42.523	21.040
-42.483	20.900
-42.453	20.840
-42.453	20.810
-42.363	20.600
-42.313	20.520
-42.293	20.470
-42.173	20.280
-42.133	20.180
-42.103	20.130
-42.053	20.020
-42.043	19.980
-41.953	19.750
-41.903	19.560
-41.823	19.370
-41.793	19.280
-41.733	19.150
-41.713	19.130
-41.713	19.110
-41.623	18.910
-41.613	18.860
-41.563	18.780
-41.533	18.740
-41.533	18.720
-41.483	18.660
POLYLINE BLACK
-44.513	19.200
-44.523	19.310
-44.533	19.330
-44.533	19.370
-44.543	19.410
-44.553	19.460
-44.583	19.520
-44.583	19.550
-44.603	19.590
-44.603	19.660
-44.593	19.750
-44.583	19.850
-44.523	19.970
-44.473	19.990
-44.423	20.040
-44.403	20.040
-44.383	20.070
-44.343	20.070
-44.343	20.090
-44.293	20.100
-44.213	20.120
-44.193	20.120
-44.173	20.140
-44.173	20.120
-44.163	20.140
-44.083	20.160
-44.063	20.180
-44.043	20.170
-43.983	20.190
-43.913	20.190
-43.853	20.170
-43.813	20.170
-43.753	20.140
-43.673	20.120
-43.603	20.090
-43.563	20.080
-43.463	20.000
-43.443	20.000
-43.403	19.970
-43.343	19.960
-43.303	19.970
-43.283	19.960
-43.263	19.980
POLYLINE BLACK
-44.323	18.830
-44.363	18.890
-44.393	18.920
-44.423	18.970
POLYLINE BLACK
-43.363	19.830
-43.313	19.810
-43.273	19.780
POLYLINE BLACK
-43.463	19.660
-43.383	19.650
POLYLINE BLACK
-43.473	19.490
-43.433	19.500
-43.373	19.500
POLYLINE BLACK
-43.413	19.370
-43.353	19.380
POLYLINE BLACK
-43.343	19.220
-43.303	19.230
-43.283	19.230
POLYLINE BLACK
-43.293	19.070
-43.203	19.070
POLYLINE BLACK
-43.423	19.820
-43.473	19.760
-43.493	19.720
-43.503	19.560
-43.493	19.520
-43.483	19.450
-43.453	19.410
-43.443	19.370
-43.373	19.220
-43.363	19.180
-43.333	19.130
-43.323	19.090
-43.273	19.010
-43.203	18.900
-43.193	18.880
POLYLINE BLACK
-43.133	21.510
-43.023	21.000
-43.003	20.940
-43.003	20.900
-42.983	20.840
-42.983	20.710
-42.973	20.670
-42.973	20.480
-42.983	20.430
-42.993	20.340
-43.073	20.170
-43.153	20.070
-43.203	20.010
-43.213	19.980
-43.273	19.940
-43.343	19.870
-43.363	19.870
-43.463	19.770
-43.473	19.730
-43.483	19.710
POLYLINE BLACK
-43.253	21.790
-43.223	21.660
POLYLINE BLACK
-43.313	21.970
-43.293	21.880
POLYLINE BLACK
-43.413	22.180
-43.363	22.120
POLYLINE BLACK
-64.863	15.780
-64.843	15.740
-64.903	15.680
-65.063	15.680
-65.143	15.780
-65.143	15.820
-65.063	15.880
-64.883	15.840
-64.843	15.820
POLYLINE BLACK
-64.863	16.720
-64.843	16.680
-64.923	16.620
-65.043	16.620
-65.123	16.660
-65.123	16.700
-65.003	16.800
-64.923	16.780
-64.883	16.740
POLYLINE BLACK
-63.623	16.220
-63.623	16.180
-63.783	16.060
-63.863	16.060
-63.943	16.120
-63.943	16.200
-63.903	16.280
-63.823	16.300
-63.743	16.280
-63.703	16.260
POLYLINE BLUE
-62.383	16.740
-62.503	16.740
-62.543	16.760
-62.583	16.740
-62.663	16.780
-63.003	16.460
-63.103	16.520
-63.343	16.640
-63.383	16.640
-63.463	16.700
-63.503	16.700
-63.543	16.660
-63.663	16.640
-63.743	16.560
-63.763	16.480
-63.803	16.440
-63.803	16.380
-63.903	16.340
-64.263	16.500
-64.383	16.420
-64.503	16.160
-64.583	16.160
-64.663	16.180
-64.823	16.220
-64.863	16.240
-65.063	16.240
-65.143	16.200
-65.223	16.220
-65.303	16.240
-65.383	16.160
-65.223	16.020
-65.383	16.180
-65.383	16.220
-65.263	16.300
-65.163	16.420
POLYLINE BLACK
-66.223	17.760
-66.063	17.720
-66.043	17.680
-65.743	17.500
-65.503	17.280
-65.383	17.200
-65.063	16.980
-65.023	16.980
-64.983	16.940
-64.783	16.900
-64.683	16.900
-64.603	16.880
-64.483	16.880
-64.203	16.940
-63.923	16.960
-63.663	17.040
-63.263	17.120
-63.223	17.160
-63.143	17.160
-62.923	17.220
-62.783	17.220
-62.703	17.240
-62.483	17.280
-62.403	17.300
-62.323	17.300
-62.283	17.320
-62.223	17.300
-62.043	17.360
POLYLINE BLACK
-65.643	14.520
-65.723	14.760
-65.723	14.820
-65.783	14.980
-65.783	15.060
-65.703	15.120
-65.683	15.180
-65.623	15.240
-65.543	15.240
-65.383	15.320
-64.983	15.360
-64.823	15.380
-64.683	15.460
-64.463	15.520
-64.203	15.640
-64.103	15.660
-64.063	15.700
-63.823	15.780
-63.763	15.780
-63.463	15.880
-63.403	15.880
-63.223	15.940
-63.003	16.020
-62.903	16.020
-62.603	16.120
-62.523	16.100
-62.443	16.120
-62.363	16.140
-62.283	16.160
-62.143	16.160
-61.863	16.260
-61.763	16.280
POLYLINE BLACK
-52.703	18.200
-52.783	18.200
-52.823	18.280
-52.783	18.380
-52.703	18.360
-52.623	18.240
-52.743	18.140
-52.843	18.120
POLYLINE BLACK
-54.083	18.340
-54.103	18.420
-54.063	18.500
-54.023	18.520
-53.943	18.480
-53.903	18.500
-53.883	18.420
-53.883	18.380
-54.003	18.300
-54.043	18.300
-54.083	18.340
-54.123	18.340
POLYLINE BLACK
-54.923	17.480
-54.923	17.660
-54.843	17.720
-54.763	17.720
-54.683	17.660
-54.683	17.620
-54.823	17.480
-54.903	17.460
POLYLINE BLACK
-56.943	17.640
-56.983	17.640
-57.023	17.680
-57.023	17.740
-56.863	17.840
-56.743	17.780
-56.723	17.700
-56.783	17.640
-56.903	17.600
-56.983	17.600
POLYLINE BLACK
-58.643	17.040
-58.723	17.020
-58.763	17.100
-58.723	17.200
-58.683	17.240
-58.683	17.280
-58.543	17.240
-58.483	17.100
-58.543	17.080
-58.643	16.980
-58.723	16.980
POLYLINE BLACK
-60.463	16.960
-60.483	17.140
-60.423	17.200
-60.343	17.220
-60.223	17.160
-60.223	17.120
-60.283	17.060
-60.343	17.000
-60.383	17.000
-60.403	16.960
-60.443	17.000
-60.483	17.000
POLYLINE BLACK
-61.963	16.200
-61.883	16.180
-61.743	16.220
-61.663	16.200
-61.363	16.260
-61.283	16.260
-61.143	16.280
-61.083	16.280
-61.043	16.320
-60.923	16.320
-60.763	16.400
-60.723	16.400
-60.683	16.440
-60.643	16.420
-60.563	16.440
-60.503	16.440
-60.303	16.500
-60.203	16.500
-60.103	16.480
-60.063	16.520
-59.983	16.500
-59.943	16.480
-59.723	16.560
-59.523	16.580
-59.383	16.580
-59.203	16.620
-59.063	16.640
-59.023	16.620
-58.743	16.680
-58.663	16.660
-58.583	16.680
-58.483	16.720
-58.403	16.720
-58.263	16.780
-58.203	16.780
-57.963	16.840
-57.863	16.840
-57.743	16.880
-57.683	16.880
-57.563	16.940
-57.523	16.920
POLYLINE BLACK
-62.263	17.240
-62.083	17.200
-62.023	17.220
-61.843	17.220
-61.683	17.260
-61.503	17.300
-61.443	17.300
-61.363	17.340
-61.263	17.340
-61.083	17.380
-60.923	17.400
-60.683	17.420
-60.583	17.440
-60.543	17.420
-60.463	17.460
-60.343	17.480
-60.263	17.500
-60.083	17.500
-59.983	17.520
-59.883	17.540
-59.763	17.580
-59.623	17.580
-59.503	17.640
-59.423	17.640
-59.283	17.680
-59.243	17.660
-59.143	17.680
-59.063	17.700
-58.943	17.740
-58.603	17.740
-58.523	17.760
-58.343	17.760
-58.243	17.780
-58.043	17.780
POLYLINE BLACK
-54.063	18.840
-54.023	18.800
-53.883	18.820
-53.483	18.920
-53.423	18.920
-53.383	18.960
-53.303	18.940
-53.183	18.980
-53.103	18.960
-52.943	18.980
-52.863	18.960
-52.823	18.980
-52.743	18.960
-52.503	19.000
-52.423	19.020
-52.343	19.020
-52.183	19.120
-52.143	19.220
-52.063	19.340
-52.063	19.420
-51.983	19.640
-51.863	19.660
-51.823	19.700
-51.743	19.700
-51.663	19.740
POLYLINE BLUE
-56.483	17.660
-56.363	17.540
-56.103	17.380
-56.003	17.360
POLYLINE BLUE
-53.983	18.080
-54.063	18.100
-54.143	18.100
-54.223	18.160
-54.303	18.180
-54.383	18.220
-54.423	18.200
-54.503	18.000
-54.603	17.900
-54.763	17.860
-54.963	17.980
-55.043	17.980
-55.223	18.040
-55.283	17.980
-55.303	17.900
-55.323	17.820
-55.483	17.700
-55.563	17.700
-55.663	17.680
-55.743	17.680
-55.783	17.700
-55.863	17.680
-55.943	17.720
-56.003	17.720
-56.043	17.700
-56.123	17.720
-56.163	17.720
-56.203	17.680
-56.283	17.680
-56.443	17.600
-56.523	17.600
-56.523	17.600
-56.263	17.760
-56.203	17.820
-56.003	17.880
POLYLINE BLACK
-57.803	16.880
-57.703	16.900
-57.503	16.940
-57.463	16.980
-57.383	16.980
-57.303	17.000
-57.223	16.980
-56.983	17.020
-56.903	17.020
-56.823	17.040
-56.763	17.020
-56.683	17.040
-56.563	17.040
-56.483	17.020
-56.363	17.040
-56.063	17.080
-55.963	17.100
-55.883	17.100
-55.783	17.120
-55.683	17.120
-55.403	17.200
-55.303	17.200
-55.263	17.240
-55.043	17.280
-54.943	17.300
-54.863	17.320
-54.783	17.320
-54.363	17.440
-54.283	17.440
-54.063	17.500
-53.983	17.540
-53.943	17.520
-53.823	17.580
-53.723	17.600
-53.643	17.620
-53.563	17.620
-53.423	17.660
-53.383	17.640
POLYLINE BLACK
-53.583	17.700
-53.503	17.700
-53.283	17.780
-53.163	17.780
-53.123	17.820
-52.963	17.860
-52.543	17.980
-52.463	18.040
-52.383	18.060
-52.283	18.120
-52.203	18.120
-52.083	18.200
-52.003	18.200
-51.923	18.260
-51.843	18.260
-51.763	18.300
-51.703	18.300
-51.623	18.320
-51.543	18.340
-51.463	18.360
-51.383	18.360
-51.303	18.420
-51.223	18.420
-51.183	18.440
POLYLINE BLACK
-53.963	18.840
-54.043	18.840
-54.163	18.760
-54.243	18.760
-54.363	18.680
-54.523	18.640
-54.663	18.600
-54.743	18.600
-54.923	18.540
-55.003	18.520
-55.283	18.460
-55.343	18.420
-55.503	18.400
-55.543	18.360
-55.723	18.340
-55.963	18.240
-56.063	18.240
-56.203	18.180
-56.283	18.180
-56.523	18.120
-56.603	18.100
-56.663	18.100
-56.783	18.060
-56.883	18.060
-57.003	18.000
-57.123	18.000
-57.203	17.980
-57.383	17.960
-57.503	17.960
-57.543	17.940
-57.843	17.920
-58.143	17.820
POLYLINE BROWN
-51.948	19.480
POLYLINE BROWN
-52.923	22.330
-52.923	22.375
-52.908	22.435
-52.908	22.495
-52.893	22.525
-52.893	22.570
-52.878	22.600
-52.878	22.570
-52.893	22.540
-52.893	22.210
POLYLINE BROWN
-52.863	22.495
-52.863	22.465
-52.878	22.405
-52.878	22.375
POLYLINE BROWN
-53.313	22.210
-53.223	22.180
-53.103	22.105
-53.073	22.105
POLYLINE BROWN
-53.418	21.850
-53.343	21.850
-53.313	21.835
-53.238	21.835
-53.208	21.820
POLYLINE BROWN
-51.783	21.040
-51.618	20.965
-51.588	20.965
-51.558	20.950
-51.528	20.965
POLYLINE BROWN
-51.768	21.445
-51.693	21.445
-51.663	21.415
-51.633	21.415
POLYLINE BROWN
-52.023	21.850
-51.993	21.865
-51.948	21.835
-51.888	21.835
POLYLINE BROWN
-52.173	22.120
-52.113	22.105
-52.038	22.120
POLYLINE BROWN
-52.428	22.225
-52.338	22.315
POLYLINE BROWN
-52.833	22.315
-52.833	22.345
-52.788	22.420
POLYLINE BROWN
-53.088	22.120
-53.118	22.180
POLYLINE BROWN
-53.193	21.835
-53.223	21.850
-53.268	21.850
POLYLINE BROWN
-53.148	21.295
-53.178	21.310
-53.223	21.310
-53.298	21.325
POLYLINE BROWN
-52.938	21.115
-52.968	21.100
-53.013	21.100
-53.148	21.040
POLYLINE BROWN
-51.858	20.920
-51.858	20.950
-51.843	21.010
-51.843	21.175
-51.903	21.340
-51.918	21.400
-51.948	21.430
-51.948	21.475
-51.978	21.535
-51.978	21.565
-52.023	21.625
-52.053	21.700
-52.128	21.790
-52.158	21.805
-52.233	21.925
-52.398	22.045
-52.563	22.105
-52.593	22.105
-52.653	22.120
-52.773	22.120
-52.938	22.000
-52.953	21.970
-52.983	21.970
-53.043	21.835
-53.043	21.730
-53.088	21.565
-53.088	21.535
POLYLINE BROWN
-52.788	20.830
-52.788	20.950
-52.803	21.010
-52.803	21.040
-52.863	21.175
-52.923	21.265
-52.953	21.400
-52.983	21.460
-52.983	21.490
-52.998	21.550
-52.998	21.580
POLYLINE GREEN
-52.488	19.090
-52.308	18.985
POLYLINE GREEN
-52.368	19.015
-52.383	19.075
-52.383	19.105
-52.278	19.045
-52.128	19.000
-52.158	19.030
-52.383	19.150
-52.338	19.165
-52.218	19.090
-52.113	19.060
-51.993	19.000
-51.918	18.985
-52.218	19.195
-52.278	19.270
-52.338	19.315
-52.038	19.165
-51.828	19.045
-51.798	19.045
-51.828	19.060
-51.858	19.105
-52.308	19.495
-51.948	19.330
-51.828	19.255
-51.783	19.225
-51.753	19.225
-51.843	19.330
-52.053	19.480
-52.323	19.705
-52.038	19.570
-51.888	19.480
-51.933	19.525
POLYLINE GREEN
-52.533	18.955
-52.473	18.880
-52.368	18.850
-52.293	18.850
POLYLINE GREEN
-52.758	18.730
-52.623	18.850
-52.473	19.105
-52.458	19.255
-52.428	19.375
-52.428	19.435
-52.413	19.510
-52.413	19.600
-52.398	19.630
-52.398	19.705
-52.338	19.825
-52.248	19.885
-52.188	19.885
-52.068	19.780
-51.903	19.525
-51.828	19.465
-51.768	19.390
-51.618	19.300
POLYLINE BROWN
-53.163	19.585
-53.028	19.420
-53.013	19.390
POLYLINE BROWN
-53.133	19.945
-53.043	19.960
-52.938	20.035
POLYLINE BROWN
-53.088	19.735
-53.028	19.720
-52.998	19.735
-52.938	19.705
-52.878	19.735
-52.848	19.735
POLYLINE BROWN
-53.688	19.495
-53.583	19.225
POLYLINE BROWN
-53.688	19.390
-53.643	19.330
POLYLINE BROWN
-53.898	19.225
POLYLINE BROWN
-54.078	20.020
-54.108	20.020
-54.318	19.945
-54.348	19.960
POLYLINE BROWN
-54.213	19.975
-54.213	19.765
POLYLINE BROWN
-53.943	19.960
-53.943	19.900
POLYLINE BROWN
-53.613	20.080
-53.613	19.915
POLYLINE BROWN
-53.313	20.155
-53.328	19.915
POLYLINE BROWN
-53.073	19.930
-53.028	19.945
-52.968	19.990
POLYLINE BROWN
-53.043	19.705
-53.013	19.705
-52.983	19.690
-52.938	19.690
POLYLINE BROWN
-53.148	19.570
-53.073	19.525
-53.058	19.480
POLYLINE BROWN
-53.358	19.450
-53.298	19.360
-53.268	19.345
POLYLINE BROWN
-53.643	19.405
-53.598	19.315
POLYLINE BROWN
-53.898	19.390
-53.898	19.360
-53.853	19.255
-53.853	19.225
POLYLINE BROWN
-54.063	19.315
-54.048	19.240
-54.033	19.135
POLYLINE BROWN
-54.093	20.005
-54.063	19.975
-54.033	19.975
-53.928	20.005
-53.898	20.005
-53.868	20.020
-53.838	20.005
-53.778	20.035
-53.718	20.035
-53.583	20.080
-53.553	20.080
-53.523	20.095
-53.493	20.080
-53.433	20.095
-53.388	20.125
-53.298	20.125
-53.238	20.140
-53.208	20.125
-53.148	20.140
-53.073	20.140
-53.043	20.125
-53.013	20.140
-52.923	20.065
-52.818	19.840
-52.818	19.675
-52.878	19.525
-52.968	19.450
-53.013	19.390
-53.163	19.300
-53.268	19.270
-53.328	19.285
-53.358	19.285
-53.388	19.255
-53.493	19.255
-53.523	19.225
-53.583	19.240
-53.643	19.225
-53.673	19.225
-53.733	19.195
-53.808	19.180
-53.898	19.135
-53.928	19.135
-53.988	19.120
-54.048	19.120
-54.078	19.105
-54.093	19.075
POLYLINE BROWN
-51.993	18.895
-52.068	18.850
-52.098	18.850
-52.158	18.835
-52.218	18.835
-52.248	18.820
-52.323	18.820
-52.548	18.745
-52.578	18.745
-52.638	18.730
-52.668	18.730
-52.758	18.655
-52.788	18.655
-52.848	18.595
-52.923	18.565
-53.043	18.490
-53.073	18.505
-53.163	18.460
-53.253	18.460
-53.373	18.400
POLYLINE BROWN
-52.413	20.935
-52.578	20.875
-52.608	20.875
-52.638	20.845
-52.728	20.845
-52.788	20.830
-52.848	20.860
-52.878	20.860
-52.938	20.875
-52.968	20.875
-53.103	20.920
-53.163	20.905
-53.238	20.935
-53.268	20.965
-53.358	20.965
-53.418	20.995
-53.448	20.995
-53.508	21.025
-53.583	21.025
-53.643	21.010
-53.703	21.010
-53.793	20.980
-53.853	20.995
-53.913	20.965
-54.003	20.965
-54.198	20.920
-54.228	20.905
POLYLINE BROWN
-49.938	20.215
-49.968	20.230
-49.998	20.200
-50.028	20.200
-50.088	20.185
-50.118	20.155
-50.148	20.155
-50.208	20.125
-50.268	20.125
-50.328	20.110
-50.493	20.110
-50.553	20.125
-50.583	20.125
-50.643	20.155
-50.703	20.140
-50.763	20.155
-50.793	20.140
-50.823	20.155
-50.883	20.140
-50.913	20.155
-51.033	20.125
-51.108	20.125
-51.168	20.095
-51.198	20.095
-51.378	19.945
-51.408	19.930
-51.513	19.705
-51.513	19.675
-51.543	19.615
-51.543	19.570
-51.618	19.360
-51.678	19.195
-51.693	19.135
-51.828	18.940
-51.858	18.940
-51.873	18.910
-51.903	18.895
-51.933	18.910
-51.993	18.880
POLYLINE BROWN
-52.338	20.905
-52.398	20.905
POLYLINE BROWN
-52.398	20.935
-52.368	20.920
-52.128	20.980
-52.098	20.980
-52.038	20.965
-52.008	20.980
-51.948	20.965
-51.888	20.905
-51.858	20.905
-51.798	20.860
-51.723	20.755
-51.693	20.740
-51.678	20.710
-51.573	20.680
-51.543	20.650
-51.513	20.650
-51.318	20.605
-51.288	20.605
-51.258	20.635
-50.883	20.770
POLYLINE BROWN
-51.993	20.890
-51.813	20.860
POLYLINE BROWN
-50.553	21.445
-50.523	21.415
-50.523	21.385
-50.553	21.385
-50.643	21.325
-50.658	21.295
-50.778	21.205
-50.808	21.145
-50.808	21.115
-50.838	21.055
-50.868	20.920
-50.928	20.770
-51.018	20.740
-51.048	20.710
POLYLINE BLUE
-50.013	21.280
-49.998	21.115
-50.013	20.965
-50.058	20.800
-50.088	20.740
-50.088	20.695
-50.163	20.470
-50.178	20.380
-50.193	20.350
-50.193	20.305
-50.223	20.245
-50.223	20.215
POLYLINE BLUE
-50.313	21.070
-50.373	20.800
-50.418	20.680
-50.418	20.635
-50.508	20.215
-50.523	20.185
POLYLINE BLUE
-50.583	20.860
-50.643	20.650
-50.673	20.590
-50.763	20.185
POLYLINE BLUE
-50.103	21.310
-50.133	21.295
-50.193	21.220
-50.283	21.160
-50.298	21.130
-50.358	21.085
-50.463	20.965
-50.523	20.950
-50.553	20.920
-50.628	20.890
-50.718	20.815
-50.733	20.785
-50.778	20.755
-50.868	20.635
-50.868	20.605
-50.883	20.575
-50.883	20.440
-50.838	20.380
-50.823	20.335
-50.793	20.305
-50.718	20.275
-50.658	20.230
-50.523	20.200
-50.463	20.200
-50.433	20.185
-50.373	20.200
-50.313	20.170
-50.268	20.170
-50.238	20.185
-50.178	20.170
-50.088	20.170
-49.983	20.200
POLYLINE BLUE
-48.378	21.565
-48.378	21.535
-48.408	21.445
-48.453	21.145
-48.453	21.055
-48.468	20.935
-48.468	20.830
POLYLINE BLUE
-48.528	21.670
-48.588	21.460
-48.648	21.055
-48.663	20.995
-48.663	20.920
-48.678	20.890
-48.678	20.815
-48.693	20.755
POLYLINE BLUE
-48.768	21.655
-48.813	21.535
-48.843	21.280
-48.843	21.160
-48.873	20.860
-48.918	20.665
-48.933	20.605
POLYLINE BLUE
-48.993	21.550
-48.993	21.520
-49.023	21.460
-49.083	21.235
-49.143	20.695
-49.158	20.665
-49.158	20.620
-49.203	20.485
POLYLINE BLUE
-49.233	21.625
-49.338	21.145
-49.338	21.055
-49.368	20.920
-49.383	20.725
-49.428	20.575
-49.428	20.545
-49.473	20.365
POLYLINE BLUE
-49.533	21.520
-49.533	21.475
-49.593	21.265
-49.668	20.815
-49.698	20.605
-49.698	20.530
-49.743	20.335
POLYLINE BLUE
-49.818	21.340
-49.848	21.055
-49.878	20.800
-49.923	20.575
-50.028	20.275
-50.043	20.245
POLYLINE BLUE
-48.558	21.670
-48.393	21.610
-48.273	21.520
-48.228	21.415
-48.228	21.355
-48.213	21.295
-48.228	21.160
-48.228	21.130
-48.348	20.995
-48.483	20.905
-48.513	20.905
-48.528	20.875
-48.573	20.860
-48.663	20.800
-48.753	20.800
-48.918	20.740
-49.053	20.695
-49.113	20.695
-49.203	20.665
-49.338	20.665
-49.398	20.620
-49.578	20.590
-49.713	20.515
-49.743	20.530
-49.953	20.455
-50.043	20.455
POLYLINE BLUE
-48.378	21.655
-48.483	21.655
-48.543	21.670
-48.573	21.670
-48.603	21.685
-48.648	21.670
-48.738	21.670
-48.783	21.655
-48.873	21.655
-49.113	21.565
-49.158	21.580
-49.338	21.520
-49.368	21.520
-49.428	21.505
-49.488	21.505
-49.578	21.475
-49.623	21.475
-49.683	21.460
-49.713	21.430
-49.788	21.415
-49.953	21.370
-50.073	21.295
-50.133	21.250
-50.133	21.280
POLYLINE GREEN
-47.268	21.550
-47.328	21.535
-47.388	21.535
-47.418	21.505
-47.418	21.415
-47.403	21.355
-47.373	21.340
-47.328	21.340
-47.268	21.325
-47.208	21.340
POLYLINE GREEN
-47.673	21.775
-47.733	21.745
-47.763	21.745
-47.823	21.685
-47.793	21.625
-47.793	21.595
-47.703	21.520
-47.673	21.535
POLYLINE GREEN
-47.703	21.145
-47.868	21.145
-47.898	21.130
-48.078	21.295
-48.108	21.355
-48.123	21.505
-48.123	21.565
-48.078	21.730
-47.943	21.895
-47.823	21.970
POLYLINE BROWN
-46.863	22.405
-46.863	22.240
-46.878	22.180
-46.878	22.075
-46.893	22.045
-46.923	22.030
-46.968	21.970
-47.013	21.940
-47.043	21.940
-47.103	21.925
POLYLINE BROWN
-46.788	22.510
-46.788	22.435
-46.818	22.420
-46.893	22.270
-46.893	22.225
-46.908	22.195
POLYLINE BROWN
-45.783	20.920
-45.663	20.740
-45.588	20.650
-45.408	20.485
-45.378	20.410
POLYLINE BROWN
-44.403	18.910
-44.403	18.970
-44.508	19.210
-44.628	19.375
-44.763	19.525
-44.928	19.720
-44.988	19.750
-45.258	20.050
-45.423	20.380
-45.543	20.530
-45.558	20.575
-45.603	20.605
-45.618	20.635
POLYLINE BROWN
-46.878	22.495
-46.788	22.435
-46.728	22.435
-46.608	22.345
-46.578	22.330
-46.458	22.180
-46.398	22.090
-46.383	22.045
-46.308	21.925
-46.188	21.670
-46.158	21.640
-46.143	21.565
-46.113	21.535
-46.113	21.505
-45.948	21.145
-45.813	20.980
-45.783	20.965
-45.588	20.755
-45.573	20.710
-45.483	20.620
POLYLINE BROWN
-50.073	20.215
-50.043	20.215
-49.923	20.305
-49.848	20.335
-49.818	20.365
-49.788	20.365
-49.728	20.380
-49.668	20.380
-49.623	20.410
-49.533	20.410
-49.473	20.440
-49.443	20.440
-49.413	20.455
-49.368	20.455
-49.338	20.485
-49.188	20.545
-49.158	20.545
-49.098	20.590
-48.963	20.650
-48.888	20.650
-48.828	20.695
-48.783	20.695
-48.723	20.710
-48.603	20.785
-48.558	20.785
-48.438	20.875
-48.303	20.935
-48.273	20.935
-48.168	20.980
-48.003	20.995
-47.973	21.010
-47.928	21.010
-47.763	21.070
-47.703	21.070
-47.628	21.115
-47.568	21.115
-47.433	21.175
-47.403	21.175
-47.343	21.205
-47.313	21.175
-47.268	21.175
-47.193	21.115
-47.178	21.085
-47.103	21.040
POLYLINE BROWN
-46.833	22.495
-46.833	22.420
-46.848	22.360
-46.848	22.210
-46.878	22.120
-46.878	22.075
-46.893	22.015
-47.043	21.925
-47.073	21.925
-47.133	21.910
-47.223	21.940
-47.253	21.925
-47.478	21.985
-47.508	21.985
-47.628	22.015
-47.658	22.015
-47.718	22.030
-47.823	22.030
-47.853	22.045
-47.883	22.030
-47.928	22.030
-47.958	22.015
-48.093	22.015
-48.153	21.985
-48.183	21.985
-48.243	21.970
-48.273	21.970
-48.333	21.940
-48.363	21.940
-48.498	21.910
-48.573	21.895
-48.738	21.835
-48.768	21.835
-48.843	21.790
-48.948	21.775
-49.053	21.730
-49.158	21.715
-49.323	21.670
-49.428	21.625
-49.458	21.625
-49.518	21.610
-49.578	21.610
-49.758	21.535
-49.833	21.520
-49.893	21.505
-49.923	21.520
-49.998	21.505
-50.028	21.505
-50.328	21.430
-50.358	21.400
-50.388	21.400
-50.418	21.370
-50.448	21.370
-50.508	21.355
POLYLINE GREEN
-46.593	21.820
-46.593	21.820
-46.563	21.790
-46.563	21.760
-46.533	21.670
-46.563	21.640
-46.578	21.595
-46.698	21.535
-46.728	21.550
POLYLINE GREEN
-46.773	21.370
-46.758	21.340
-46.728	21.340
-46.713	21.310
-46.668	21.310
-46.623	21.250
-46.623	21.145
-46.743	21.070
-46.803	21.040
-46.833	21.040
POLYLINE GREEN
-46.518	20.605
-46.488	20.605
-46.458	20.620
-46.368	20.530
-46.368	20.440
-46.398	20.410
-46.443	20.395
-46.473	20.365
-46.503	20.365
-46.563	20.350
POLYLINE GREEN
-46.443	20.035
-46.413	20.050
-46.338	20.050
-46.308	20.065
-46.278	20.035
-46.248	20.050
-46.233	19.915
-46.233	19.855
-46.293	19.810
POLYLINE GREEN
-45.693	19.495
-45.678	19.525
-45.558	19.495
-45.528	19.495
-45.498	19.480
-45.498	19.450
-45.483	19.420
-45.498	19.360
-45.498	19.315
-45.648	19.195
POLYLINE GREEN
-45.543	18.865
-45.393	18.895
-45.363	18.910
-45.303	18.880
-45.273	18.745
-45.333	18.655
-45.393	18.625
POLYLINE GREEN
-44.883	18.385
-44.823	18.250
-44.778	18.190
-44.778	18.160
-44.763	18.130
POLYLINE GREEN
-44.838	18.730
-44.853	18.475
-44.853	18.385
-44.868	18.340
-44.958	18.220
-44.973	18.175
POLYLINE GREEN
-44.628	17.650
-44.553	17.770
-44.553	17.860
-44.568	17.890
-44.598	17.905
-44.613	17.935
-44.673	17.950
-44.733	17.905
-44.763	17.905
POLYLINE GREEN
-44.118	17.005
-44.088	17.035
-44.088	17.065
-44.058	17.185
-44.073	17.245
-44.103	17.260
-44.118	17.290
-44.148	17.290
-44.208	17.275
-44.268	17.275
-44.298	17.290
-44.328	17.260
POLYLINE GREEN
-46.473	21.940
-46.473	21.910
-46.428	21.820
-46.428	21.745
-46.398	21.625
-46.398	21.595
-46.368	21.475
-46.368	21.445
-46.353	21.415
-46.353	21.130
-46.338	21.100
-46.338	21.025
-46.308	20.965
-46.308	20.935
-46.278	20.875
-46.278	20.845
-46.233	20.680
-46.218	20.650
-46.188	20.635
-46.083	20.485
-46.023	20.440
-46.008	20.410
-45.888	20.305
-45.843	20.215
-45.693	20.095
-45.663	20.095
-45.633	20.020
-45.483	19.840
-45.408	19.735
-45.378	19.720
-45.288	19.585
-45.288	19.555
-45.258	19.525
-45.123	19.240
-45.003	19.075
-44.973	19.075
-44.883	18.955
-44.793	18.790
-44.718	18.670
-44.673	18.580
-44.643	18.445
-44.403	18.070
-44.298	17.890
-44.208	17.815
-44.118	17.740
-44.103	17.710
-44.028	17.665
-43.968	17.560
-43.818	17.380
-43.788	17.305
-43.578	17.005
-43.518	16.870
-43.473	16.810
-43.473	16.780
-43.443	16.750
-43.443	16.720
-43.413	16.660
POLYLINE BROWN
-47.178	21.205
-47.103	21.085
-47.088	21.040
-47.013	20.950
-46.848	20.665
-46.818	20.635
-46.818	20.605
-46.728	20.380
-46.728	20.350
-46.698	20.275
-46.593	20.110
-46.533	19.960
-46.473	19.810
-46.398	19.720
-46.308	19.540
-46.218	19.435
-46.188	19.420
-46.158	19.375
-46.098	19.345
-46.008	19.210
-45.873	19.030
-45.798	18.925
-45.798	18.895
-45.708	18.775
-45.708	18.745
-45.543	18.490
-45.468	18.370
-45.438	18.310
-45.438	18.280
-45.408	18.235
-45.408	18.205
-45.333	18.085
-45.333	18.040
-45.273	17.995
POLYLINE BROWN
-42.213	17.230
-42.213	17.200
-42.228	17.230
-42.258	17.245
-42.288	17.290
-42.348	17.320
-42.438	17.440
-42.768	17.740
-42.948	17.905
-43.233	18.115
-43.413	18.235
-43.473	18.295
-43.518	18.310
-43.668	18.445
-43.833	18.520
-43.863	18.520
-43.983	18.595
-44.118	18.655
-44.148	18.655
-44.178	18.700
-44.268	18.760
-44.343	18.865
POLYLINE BROWN
-45.303	18.085
-45.243	17.980
-45.213	17.965
-45.213	17.935
-45.108	17.815
-45.108	17.785
-45.003	17.650
-44.973	17.560
-44.853	17.410
-44.853	17.380
-44.658	17.200
-44.568	17.140
-44.553	17.110
-44.328	16.960
-44.178	16.855
-44.148	16.855
-44.118	16.825
-44.043	16.825
-43.983	16.780
-43.848	16.720
-43.818	16.720
-43.758	16.690
-43.728	16.690
-43.578	16.645
-43.533	16.645
-43.473	16.615
-43.443	16.615
-43.323	16.585
-43.293	16.585
-43.233	16.570
-43.203	16.570
-43.113	16.525
-43.053	16.525
-42.993	16.495
-42.948	16.495
-42.828	16.435
-42.798	16.405
-42.738	16.405
-42.648	16.345
-42.573	16.315
-42.513	16.255
-42.483	16.255
-42.378	16.090
-42.348	16.075
POLYLINE BLACK
-39.633	10.915
-39.663	10.900
-39.693	10.930
-39.693	10.960
-39.708	10.990
-39.648	11.080
-39.588	11.110
-39.528	11.095
-39.498	11.065
-39.498	11.035
-39.483	11.005
-39.513	10.975
-39.513	10.945
-39.573	10.915
-39.603	10.915
-39.633	10.885
POLYLINE BLACK
-39.843	9.940
-39.873	9.925
-39.963	9.985
-39.993	10.105
-39.978	10.150
-39.948	10.180
-39.888	10.180
-39.828	10.090
-39.828	10.060
-39.813	10.030
-39.828	10.000
-39.858	9.985
-39.873	9.955
POLYLINE BLACK
-39.768	8.980
-39.798	8.965
-39.858	8.980
-39.933	9.085
-39.933	9.145
-39.903	9.220
-39.873	9.220
-39.813	9.235
-39.738	9.145
-39.738	9.055
-39.753	9.025
-39.753	9.055
POLYLINE BLACK
-38.778	8.215
-38.688	8.335
-38.763	8.425
-38.853	8.455
-38.898	8.320
-38.898	8.290
-38.913	8.230
-38.883	8.155
-38.778	8.125
POLYLINE BLACK
-38.718	8.185
-38.688	8.290
-38.733	8.230
-38.793	8.200
-38.838	8.215
POLYLINE BLACK
-38.253	7.225
-38.388	7.435
-38.388	7.465
-38.328	7.480
-38.283	7.375
-38.268	7.285
-38.388	7.240
POLYLINE BLACK
-39.048	9.355
-38.973	9.370
POLYLINE BLACK
-39.273	9.625
-39.228	9.685
POLYLINE BLACK
-39.498	10.045
-39.468	10.075
POLYLINE BLACK
-39.678	10.390
-39.678	10.420
-39.648	10.420
-39.618	10.435
POLYLINE BLACK
-39.843	10.735
-39.813	10.735
-39.753	10.765
-39.723	10.765
POLYLINE BROWN
-43.398	19.000
-43.368	19.015
-43.338	19.090
POLYLINE BROWN
-43.518	19.075
-43.488	19.090
-43.413	19.195
POLYLINE BROWN
-43.668	19.060
-43.653	19.090
-43.653	19.135
POLYLINE BROWN
-43.488	19.045
POLYLINE BROWN
-43.263	18.880
-43.173	18.955
POLYLINE BROWN
-43.083	18.535
-43.038	18.565
-43.008	18.565
-42.948	18.595
POLYLINE BROWN
-43.008	18.130
-42.978	18.160
-42.903	18.190
POLYLINE BROWN
-42.918	17.830
-42.858	17.875
-42.813	17.890
POLYLINE BROWN
-42.768	17.515
-42.693	17.545
-42.663	17.575
POLYLINE BROWN
-42.708	17.230
-42.648	17.260
-42.618	17.260
POLYLINE BROWN
-42.483	16.855
-42.483	16.885
-42.468	16.915
-42.438	16.930
-42.423	16.975
-42.363	17.035
POLYLINE BROWN
-42.243	16.660
-42.243	16.690
-42.213	16.750
POLYLINE BROWN
-42.108	16.510
-42.048	16.600
POLYLINE BROWN
-41.883	16.345
-41.838	16.405
-41.823	16.450
POLYLINE BROWN
-41.328	15.715
-41.328	15.745
-41.418	15.895
-41.538	16.060
-41.658	16.210
-41.763	16.270
-41.778	16.300
-41.808	16.300
-42.018	16.480
-42.123	16.525
-42.138	16.555
-42.228	16.630
-42.453	16.915
-42.468	16.945
-42.528	16.990
-42.573	17.095
-42.633	17.185
-42.633	17.215
-42.693	17.365
-42.693	17.395
-42.738	17.515
-42.738	17.515
-42.813	17.605
-42.843	17.710
-42.933	17.905
-42.993	18.070
-42.993	18.100
-43.023	18.160
-43.023	18.190
-43.038	18.250
-43.098	18.685
-43.143	18.790
-43.293	18.925
-43.323	18.925
-43.383	18.970
-43.413	18.970
-43.503	19.030
-43.533	19.015
-43.548	19.045
-43.578	19.045
-43.638	19.030
-43.773	19.030
-43.803	19.000
-43.863	19.030
-43.893	19.030
-43.908	19.000
POLYLINE BROWN
-43.878	18.835
-43.818	18.700
-43.788	18.595
-43.728	18.415
-43.728	18.370
-43.653	18.205
-43.578	18.085
-43.458	17.800
-43.353	17.635
-43.218	17.410
-43.188	17.320
-43.128	17.260
-43.083	17.140
-43.008	17.050
-42.993	17.005
-42.873	16.840
-42.813	16.720
-42.723	16.630
-42.708	16.585
-42.633	16.495
-42.603	16.480
-42.573	16.405
-42.498	16.315
-42.393	16.105
-42.363	16.075
-42.363	16.045
-42.273	15.925
-42.183	15.805
-42.183	15.775
-42.063	15.520
POLYLINE BLACK
-41.478	15.280
-41.493	15.250
-41.493	15.280
-41.553	15.340
-41.553	15.370
-41.538	15.400
-41.448	15.370
-41.433	15.340
-41.448	15.280
-41.448	15.250
-41.463	15.220
-41.493	15.220
POLYLINE BLACK
-41.703	14.200
-41.748	14.290
-41.748	14.320
-41.688	14.380
-41.628	14.365
-41.598	14.335
-41.553	14.230
-41.568	14.200
-41.628	14.170
-41.658	14.170
POLYLINE BLACK
-40.248	12.565
-40.278	12.550
-40.338	12.580
-40.383	12.700
-40.383	12.745
-40.353	12.805
-40.323	12.805
-40.263	12.790
-40.173	12.700
-40.173	12.670
-40.203	12.610
-40.233	12.610
-40.263	12.595
POLYLINE BLACK
-40.698	12.430
-40.728	12.400
-40.818	12.520
-40.818	12.580
-40.728	12.640
-40.653	12.550
-40.638	12.520
-40.698	12.430
POLYLINE BLACK
-40.668	13.555
-40.668	13.525
-40.713	13.465
POLYLINE BLACK
-40.713	13.465
-40.743	13.480
-40.803	13.570
-40.803	13.645
-40.773	13.645
-40.713	13.600
-40.668	13.540
-40.668	13.510
POLYLINE BLUE
-41.583	14.905
-41.478	14.845
-41.418	14.785
-41.403	14.740
-41.268	14.575
POLYLINE BLUE
-40.833	13.015
-40.893	13.015
-40.953	13.000
-40.983	13.015
-40.998	13.075
-40.998	13.135
-40.968	13.255
-40.953	13.390
-40.953	13.420
-40.983	13.495
-41.013	13.495
-41.073	13.540
-41.133	13.525
-41.193	13.540
-41.223	13.585
-41.223	13.645
-41.178	13.795
-41.178	13.825
-41.163	13.885
-41.163	14.005
-41.253	14.065
-41.343	14.065
-41.373	14.080
-41.373	14.110
-41.358	14.170
-41.373	14.200
-41.373	14.245
-41.463	14.455
-41.493	14.620
-41.523	14.740
-41.523	14.785
-41.553	14.845
-41.553	14.875
-41.568	14.845
-41.568	14.695
-41.583	14.620
-41.583	14.545
-41.598	14.485
POLYLINE BLACK
-40.833	12.250
-40.833	12.280
-40.893	12.370
-40.923	12.370
-40.983	12.460
-41.148	12.670
-41.208	12.760
-41.223	12.805
-41.358	13.015
-41.373	13.060
-41.403	13.060
-41.478	13.165
-41.508	13.195
POLYLINE BROWN
-42.183	15.835
-42.033	15.415
-42.033	15.385
-42.003	15.325
-42.003	15.250
-41.988	15.190
-41.988	15.160
-41.973	15.100
-41.958	14.950
-41.958	14.830
-41.943	14.800
-41.943	14.695
-41.928	14.635
-41.928	14.545
-41.883	14.350
-41.883	14.290
-41.868	14.230
-41.868	14.185
-41.808	14.020
-41.808	13.990
-41.748	13.870
-41.748	13.840
-41.673	13.675
-41.673	13.645
-41.613	13.555
-41.553	13.420
-41.553	13.390
-41.508	13.285
-41.508	13.225
-41.463	13.120
-41.463	13.090
-41.403	12.955
-41.403	12.925
-41.358	12.835
-41.358	12.805
-41.268	12.610
-41.268	12.580
-41.238	12.490
-41.238	12.385
-41.223	12.325
-41.238	12.265
-41.238	12.205
-41.253	12.130
-41.253	12.040
-41.268	12.010
-41.268	11.965
-41.298	11.905
-41.298	11.875
-41.358	11.740
-41.358	11.710
-41.388	11.605
-41.388	11.245
-41.358	11.185
-41.358	11.140
-41.283	10.900
-41.268	10.870
POLYLINE BROWN
-41.448	16.315
-41.448	16.285
-41.433	16.255
-41.418	16.090
-41.403	16.060
-41.403	16.000
-41.343	15.835
-41.343	15.805
-41.283	15.670
-41.283	15.640
-41.193	15.400
-41.193	15.370
-41.133	15.235
-41.133	15.205
-41.088	15.055
-41.073	15.025
-41.073	14.980
-41.013	14.815
-41.013	14.755
-40.983	14.695
-40.983	14.635
-40.893	14.305
-40.863	14.245
-40.863	14.215
-40.803	14.110
-40.713	14.035
-40.698	14.005
POLYLINE BROWN
-37.878	7.480
-38.133	8.005
-38.193	8.110
-38.283	8.305
-38.418	8.485
-38.523	8.680
-38.568	8.740
-38.568	8.785
-38.658	8.995
-38.658	9.040
-38.868	9.520
-38.868	9.550
-38.928	9.685
-38.928	9.730
-38.988	9.865
-38.988	9.895
-39.003	9.925
-39.003	9.970
-39.018	10.030
-39.078	10.315
-39.198	10.690
-39.318	11.050
-39.348	11.185
-39.393	11.290
-39.393	11.320
-39.513	11.560
-39.618	11.725
-39.693	11.920
-39.708	11.995
-39.768	12.250
-40.023	12.775
-40.098	12.895
-40.128	12.985
-40.173	13.045
-40.188	13.090
-40.338	13.315
-40.578	13.750
-40.608	13.780
-40.698	13.975
-40.743	14.035
-40.773	14.110
POLYLINE BLACK
-40.728	12.055
-40.773	11.995
-40.803	11.980
POLYLINE BLACK
-40.818	12.160
-40.893	12.115
-40.923	12.115
-40.953	12.085
POLYLINE BLACK
-40.863	12.325
-40.788	12.235
-40.683	11.965
-40.653	11.935
POLYLINE BLACK
-39.318	12.385
-39.378	12.400
-39.408	12.400
-39.468	12.415
-39.618	12.415
-39.663	12.400
-39.723	12.415
-39.783	12.400
-39.813	12.415
-39.843	12.400
-39.873	12.415
-39.903	12.385
-39.933	12.385
-39.963	12.400
-40.023	12.370
-40.083	12.385
-40.143	12.355
-40.203	12.355
-40.293	12.310
-40.323	12.310
-40.413	12.280
-40.443	12.295
-40.473	12.280
-40.503	12.295
-40.563	12.280
-40.608	12.280
-40.668	12.295
-40.698	12.295
-40.728	12.310
-40.758	12.295
POLYLINE BLACK
-14.718	1.630
-14.553	1.585
POLYLINE BLACK
-14.973	2.155
-14.913	2.140
-14.778	2.125
POLYLINE BLACK
-14.973	2.770
-14.868	2.725
-14.838	2.725
-14.808	2.710
POLYLINE BLACK
-15.318	3.190
-15.183	3.160
-15.153	3.145
POLYLINE BLACK
-15.198	3.550
-15.168	3.565
-15.078	3.535
-15.048	3.505
POLYLINE BLACK
-15.438	4.060
-15.318	4.030
-15.273	4.030
-15.243	4.015
POLYLINE BLACK
-15.528	4.630
-15.513	4.600
-15.453	4.615
-15.423	4.585
-15.333	4.585
POLYLINE BLACK
-17.448	6.730
-17.418	6.730
-17.253	6.610
-17.193	6.565
POLYLINE BLACK
-15.213	4.975
-15.213	5.095
-15.258	5.245
-15.288	5.305
-15.423	5.785
-15.438	5.845
-15.408	5.950
-15.303	6.085
-15.093	6.190
-15.018	6.220
-14.928	6.235
-14.853	6.280
-14.778	6.295
-14.673	6.340
-14.508	6.385
-14.223	6.520
POLYLINE BLACK
-17.298	6.580
-17.268	6.550
-17.193	6.520
-16.968	6.325
-16.878	6.250
-16.833	6.220
-16.803	6.145
POLYLINE BLACK
-17.178	6.535
-17.178	6.505
-17.223	6.505
POLYLINE BLACK
-15.873	4.930
-15.903	5.065
-15.948	5.170
-16.068	5.275
-16.113	5.335
-16.293	5.440
-16.308	5.485
-16.473	5.665
-16.578	5.725
-16.668	5.905
-16.713	6.070
-16.818	6.190
-16.968	6.295
POLYLINE BLACK
-14.658	0.970
-14.658	1.000
-14.718	1.090
-14.778	1.300
-14.838	1.420
-14.838	1.450
-14.958	1.720
-14.958	1.750
-14.988	1.810
-15.018	1.975
-15.108	2.215
-15.108	2.245
-15.153	2.350
-15.153	2.380
-15.198	2.485
-15.198	2.515
-15.228	2.575
-15.228	2.605
-15.258	2.665
-15.273	2.740
-15.348	2.995
-15.408	3.160
-15.408	3.190
-15.438	3.250
-15.453	3.355
-15.498	3.520
-15.498	3.550
-15.513	3.580
-15.513	3.625
-15.558	3.805
-15.558	3.895
-15.573	3.955
-15.573	4.150
-15.633	4.345
-15.678	4.450
-15.678	4.510
-15.738	4.720
-15.783	4.780
-15.783	4.810
-15.858	4.960
POLYLINE BLACK
-15.213	4.975
-15.213	4.825
-15.228	4.795
-15.138	4.405
-15.048	4.090
-15.033	4.000
-14.928	3.715
-14.823	3.505
-14.763	3.265
-14.763	3.190
-14.718	2.980
-14.673	2.890
-14.673	2.845
-14.613	2.755
-14.598	2.680
-14.553	2.590
-14.553	2.260
-14.493	2.110
-14.493	2.080
-14.313	1.720
-14.253	1.555
-14.223	1.495
-14.223	1.465
-14.193	1.345
-14.193	1.210
-14.163	1.180
-14.148	1.105
-14.133	1.045
POLYLINE BLACK
-14.063	-0.060
-14.103	-0.050
-14.183	-0.050
-14.203	-0.040
-14.263	-0.060
-14.303	-0.060
-14.323	-0.080
-14.343	-0.070
-14.403	-0.110
-14.423	-0.160
-14.463	-0.220
POLYLINE BLUE
-12.283	-0.570
-12.283	-0.660
-12.253	-0.730
-12.233	-0.750
POLYLINE BLUE
-11.593	-0.700
-11.623	-0.700
-11.663	-0.690
-11.723	-0.710
-11.743	-0.680
-11.753	-0.590
-11.763	-0.550
-11.803	-0.590
-11.883	-0.650
-11.923	-0.650
-11.943	-0.660
-11.993	-0.630
-12.023	-0.600
-12.043	-0.530
-12.103	-0.610
-12.123	-0.620
-12.143	-0.600
-12.183	-0.590
-12.273	-0.550
-12.293	-0.550
-12.283	-0.530
-12.093	-0.510
-12.053	-0.500
POLYLINE BLACK
-13.973	-0.640
-14.013	-0.510
-14.013	-0.340
-14.003	-0.320
-13.923	-0.320
-13.883	-0.330
-13.803	-0.330
-13.763	-0.340
-13.703	-0.340
-13.623	-0.380
-13.583	-0.380
-13.453	-0.430
-13.433	-0.420
-13.393	-0.430
-13.363	-0.430
-13.303	-0.450
-13.173	-0.450
-13.103	-0.460
-13.063	-0.470
-13.023	-0.480
-12.983	-0.490
-12.943	-0.500
-12.843	-0.520
-12.773	-0.520
-12.713	-0.540
-12.653	-0.530
-12.603	-0.540
-12.563	-0.550
-12.503	-0.580
-12.443	-0.580
-12.383	-0.600
-12.363	-0.620
-12.323	-0.620
POLYLINE BLACK
-14.093	0.540
-14.063	0.480
-14.053	0.440
-14.043	0.400
-14.043	0.200
-14.053	0.160
-14.053	0.110
-14.063	0.070
-14.063	0.010
-14.043	-0.010
-14.033	-0.050
-13.993	-0.080
-13.953	-0.080
-13.913	-0.090
-13.823	-0.110
-13.783	-0.120
-13.743	-0.130
-13.673	-0.150
-13.633	-0.160
-13.583	-0.170
-13.543	-0.170
-13.503	-0.180
-13.443	-0.180
-13.403	-0.190
-13.383	-0.190
-13.363	-0.210
-13.273	-0.210
-13.233	-0.230
-13.213	-0.220
-13.173	-0.230
-13.133	-0.240
-12.993	-0.280
-12.913	-0.290
-12.873	-0.300
-12.833	-0.310
-12.773	-0.310
-12.623	-0.350
-12.543	-0.370
-12.393	-0.420
-12.313	-0.440
-12.273	-0.450
-12.253	-0.440
POLYLINE BLUE
-13.923	-1.770
-13.833	-1.680
-13.813	-1.630
POLYLINE BLUE
-14.133	-0.730
-14.133	-0.760
-14.123	-0.780
-14.133	-0.820
-14.123	-0.860
-14.133	-0.900
-14.133	-0.940
-14.113	-0.980
-14.033	-1.020
-14.023	-1.070
-14.023	-1.110
-14.043	-1.170
-14.093	-1.250
-14.093	-1.300
-14.053	-1.310
-14.013	-1.320
-13.953	-1.320
-13.923	-1.360
-13.943	-1.450
-13.953	-1.500
-13.953	-1.560
-13.903	-1.780
-13.903	-1.800
-13.963	-1.740
-14.053	-1.700
-14.063	-1.680
POLYLINE BLACK
-13.968	-0.565
-13.968	-0.625
-13.953	-0.655
-13.953	-0.700
-13.923	-0.760
-13.923	-0.790
-13.893	-0.850
-13.893	-0.910
-13.848	-1.105
-13.833	-1.180
-13.788	-1.330
-13.728	-1.525
-13.713	-1.555
-13.713	-1.600
-13.683	-1.660
-13.683	-1.690
-13.593	-2.035
-13.578	-2.065
-13.578	-2.110
-13.563	-2.170
-13.563	-2.200
-13.548	-2.260
-13.548	-2.410
-13.533	-2.485
-13.533	-2.590
-13.473	-2.770
-13.443	-2.800
-13.443	-2.830
-13.428	-2.860
-13.428	-2.905
-13.383	-3.055
-13.323	-3.145
-13.323	-3.175
-13.293	-3.220
-13.293	-3.250
-13.233	-3.430
-13.233	-3.460
-13.173	-3.610
-13.158	-3.670
POLYLINE BLACK
-14.193	1.145
-14.193	1.115
-14.163	0.995
-14.163	0.770
-14.088	0.545
-14.088	0.515
-14.073	0.485
POLYLINE BLACK
-14.643	1.040
-14.628	1.010
-14.628	0.935
-14.598	0.800
-14.568	0.635
-14.568	0.605
-14.553	0.545
-14.553	0.485
-14.538	0.410
-14.538	0.380
-14.523	0.320
-14.523	0.260
-14.493	0.140
-14.448	-0.070
-14.403	-0.190
-14.403	-0.310
-14.388	-0.370
-14.388	-0.430
-14.373	-0.490
-14.373	-0.625
-14.358	-0.655
-14.358	-0.790
-14.313	-0.895
-14.313	-0.955
-14.268	-1.090
-14.238	-1.255
-14.193	-1.420
-14.163	-1.480
-14.163	-1.510
-14.088	-1.660
-14.088	-1.690
-14.028	-1.825
-14.028	-1.855
-13.998	-1.915
-13.998	-1.960
-13.968	-2.020
-13.968	-2.050
-13.848	-2.470
-13.818	-2.575
-13.803	-2.605
-13.803	-2.650
-13.728	-2.860
-13.728	-2.890
-13.698	-2.980
-13.698	-3.025
-13.653	-3.160
-13.653	-3.190
-13.578	-3.400
-13.578	-3.430
-13.533	-3.580
-13.533	-3.610
-13.503	-3.730
POLYLINE BLACK
-8.258	-6.465
-8.328	-6.455
-8.418	-6.425
-8.518	-6.375
POLYLINE BLACK
-8.298	-6.485
-8.498	-6.455
POLYLINE BLACK
-10.518	-5.885
-10.358	-5.925
-10.228	-5.935
-10.208	-5.945
-10.168	-5.935
-10.108	-5.955
-10.078	-5.955
-9.988	-5.995
-9.938	-6.005
-9.898	-5.995
-9.738	-6.045
-9.688	-6.045
-9.628	-6.075
-9.568	-6.065
-9.508	-6.095
-9.478	-6.095
-9.438	-6.105
-9.398	-6.105
-9.358	-6.115
-9.258	-6.185
-9.198	-6.225
-9.178	-6.225
-9.158	-6.245
-9.118	-6.255
-9.068	-6.285
-9.048	-6.285
-8.838	-6.345
-8.758	-6.355
-8.688	-6.355
-8.648	-6.365
-8.518	-6.395
-8.378	-6.425
-8.338	-6.425
-8.278	-6.435
-8.258	-6.435
POLYLINE BLACK
-13.348	-5.375
-13.278	-5.375
-13.138	-5.435
-12.948	-5.465
-12.888	-5.495
-12.788	-5.505
-12.538	-5.555
-12.378	-5.565
-12.268	-5.545
-12.248	-5.555
-12.178	-5.545
-12.138	-5.545
-12.048	-5.585
-12.008	-5.595
-11.978	-5.605
-11.958	-5.595
-11.898	-5.595
-11.788	-5.625
-11.738	-5.625
-11.718	-5.635
-11.618	-5.645
-11.508	-5.685
-11.418	-5.705
-11.398	-5.695
-11.318	-5.715
-11.298	-5.715
-11.238	-5.735
-11.188	-5.735
-11.148	-5.745
-10.968	-5.745
-10.928	-5.765
-10.808	-5.775
-10.678	-5.815
-10.638	-5.845
-10.618	-5.845
-10.598	-5.865
-10.578	-5.855
-10.518	-5.895
-10.478	-5.905
-10.408	-5.925
POLYLINE BLUE
-13.348	-5.095
-13.268	-4.985
-13.208	-4.875
POLYLINE BLUE
-13.458	-5.165
-13.458	-5.145
-13.288	-4.825
POLYLINE BLUE
-13.628	-5.105
-13.358	-4.705
POLYLINE BLUE
-13.768	-5.075
-13.608	-4.855
-13.528	-4.715
-13.438	-4.595
POLYLINE BLUE
-13.838	-5.035
-13.608	-4.655
-13.558	-4.615
POLYLINE BLUE
-13.918	-4.955
-13.908	-4.925
-13.878	-4.905
-13.668	-4.615
-13.628	-4.575
POLYLINE BLUE
-13.218	-5.005
-13.268	-5.105
-13.288	-5.125
-13.308	-5.125
-13.388	-5.185
-13.438	-5.195
-13.478	-5.175
-13.528	-5.175
-13.608	-5.155
-13.658	-5.155
-13.868	-5.095
-13.918	-5.035
-13.948	-4.945
-13.948	-4.765
-13.928	-4.705
-13.838	-4.605
-13.738	-4.585
-13.648	-4.585
POLYLINE BLUE
-13.318	-4.765
-13.218	-4.675
POLYLINE BLUE
-13.338	-3.735
-13.338	-3.735
-13.328	-3.825
-13.318	-3.865
-13.308	-3.905
-13.268	-3.935
-13.248	-3.935
-13.258	-3.975
-13.338	-4.095
-13.318	-4.115
-13.278	-4.105
-13.228	-4.155
-13.228	-4.195
-13.298	-4.265
-13.308	-4.305
-13.298	-4.325
-13.278	-4.325
-13.258	-4.345
-13.258	-4.365
-13.278	-4.425
-13.278	-4.455
-13.288	-4.495
-13.288	-4.645
-13.298	-4.755
-13.308	-4.775
-13.368	-4.655
-13.388	-4.635
POLYLINE BLACK
-13.538	-3.655
-13.478	-3.825
-13.478	-3.855
-13.438	-4.015
-13.428	-4.055
-13.408	-4.115
-13.408	-4.145
-13.388	-4.205
-13.388	-4.235
-13.368	-4.315
-13.368	-4.355
-13.358	-4.395
-13.358	-4.435
-13.348	-4.505
-13.348	-4.545
-13.388	-4.555
-13.468	-4.555
-13.768	-4.455
-13.868	-4.415
-13.978	-4.415
-14.108	-4.385
-14.148	-4.385
-14.168	-4.375
-14.188	-4.385
-14.298	-4.345
-14.318	-4.355
-14.368	-4.345
-14.418	-4.345
-14.478	-4.305
-14.528	-4.305
-14.628	-4.255
-14.658	-4.255
-14.698	-4.245
-14.718	-4.245
-14.778	-4.205
-14.798	-4.205
-14.858	-4.165
-15.008	-4.095
-15.048	-4.065
-15.098	-4.055
-15.178	-4.005
-15.278	-3.985
-15.318	-3.985
-15.358	-3.975
POLYLINE BLACK
-13.208	-3.575
-13.198	-3.665
-13.188	-3.705
-13.188	-3.765
-13.178	-3.805
-13.178	-3.845
-13.168	-3.885
-13.148	-4.005
-13.148	-4.325
-13.128	-4.405
-13.128	-4.485
-13.148	-4.545
-13.158	-4.625
-13.158	-4.695
-13.168	-4.735
-13.188	-4.815
-13.178	-4.855
-13.178	-4.895
-13.138	-4.955
-13.118	-4.965
-13.038	-4.945
POLYLINE BLACK
-13.108	-6.325
-13.078	-6.295
-13.048	-6.295
-13.028	-6.305
-12.988	-6.295
-12.948	-6.265
-12.928	-6.275
-12.818	-6.245
-12.788	-6.245
-12.768	-6.235
POLYLINE BLACK
-12.708	-4.835
-12.798	-4.845
-12.838	-4.855
-12.868	-4.855
POLYLINE BLACK
-12.788	-4.855
-12.808	-4.845
-12.828	-4.865
-12.868	-4.865
-12.928	-4.895
-12.948	-4.895
-12.958	-4.915
-13.018	-4.925
-13.058	-4.965
-13.078	-4.955
-13.098	-4.975
POLYLINE BLACK
-12.688	-4.865
POLYLINE BLACK
-17.308	-3.485
-17.288	-3.525
-16.968	-3.585
-16.868	-3.605
-16.608	-3.665
-16.468	-3.685
-16.288	-3.705
-16.208	-3.725
-16.088	-3.745
-16.008	-3.825
-15.948	-3.825
-15.828	-3.905
-15.748	-3.905
-15.628	-3.945
-15.588	-3.945
-15.548	-3.985
-15.468	-3.965
-15.308	-3.985
-15.268	-3.965
POLYLINE BLACK
-17.288	-3.385
-17.268	-3.425
POLYLINE BLACK
-6.428	-6.565
POLYLINE BLACK
-5.908	-6.525
-5.988	-6.545
-6.128	-6.525
-6.168	-6.565
POLYLINE BLACK
-5.848	-6.525
POLYLINE BLACK
-6.148	-5.865
-6.308	-5.865
-6.408	-5.845
POLYLINE BLACK
-5.628	-5.845
-5.688	-5.845
-5.808	-5.805
-5.848	-5.805
POLYLINE BLACK
-6.388	-6.545
-6.348	-6.565
POLYLINE BLACK
-6.608	-6.525
-6.728	-6.565
-6.788	-6.545
-6.868	-6.565
-7.048	-6.585
-7.128	-6.565
-7.268	-6.545
-7.308	-6.565
-7.388	-6.545
-7.788	-6.505
-7.868	-6.505
-7.968	-6.485
-8.148	-6.485
-8.188	-6.505
-8.288	-6.505
-8.328	-6.525
-8.368	-6.505
-8.428	-6.525
-8.508	-6.505
-8.688	-6.505
-8.768	-6.465
-8.868	-6.465
-8.968	-6.425
-9.288	-6.425
-9.388	-6.405
-9.488	-6.385
-9.748	-6.265
-9.808	-6.265
-10.028	-6.205
-10.168	-6.225
-10.268	-6.205
-10.488	-6.225
-10.708	-6.205
-10.808	-6.225
-10.988	-6.165
-11.248	-6.165
-11.328	-6.125
-11.468	-6.125
-11.548	-6.105
-11.608	-6.125
-11.688	-6.105
-11.768	-6.125
-11.868	-6.105
-11.988	-6.145
-12.068	-6.165
-12.168	-6.185
-12.268	-6.185
-12.308	-6.205
-12.348	-6.185
-12.428	-6.205
-12.608	-6.205
-12.688	-6.225
-12.728	-6.205
-12.808	-6.245
-12.888	-6.225
-12.968	-6.225
POLYLINE BLACK
-12.728	-4.845
-12.628	-4.865
-12.548	-4.885
-12.428	-4.885
-12.388	-4.865
-12.308	-4.885
-12.228	-4.865
-12.108	-4.885
-11.988	-4.885
-11.948	-4.865
-11.908	-4.885
-11.808	-4.865
-11.648	-4.905
-11.588	-4.925
-11.488	-4.925
-11.188	-4.965
-10.868	-5.005
-10.468	-5.085
-10.228	-5.165
-10.148	-5.165
-9.908	-5.245
-9.868	-5.285
-9.648	-5.325
-9.448	-5.345
-9.248	-5.385
-9.048	-5.385
-8.488	-5.465
-8.308	-5.505
-7.868	-5.585
-7.788	-5.605
-7.608	-5.645
-7.428	-5.685
-7.228	-5.745
-7.188	-5.725
-7.108	-5.745
-7.028	-5.765
-6.948	-5.785
-6.848	-5.785
-6.768	-5.805
-6.548	-5.845
-6.508	-5.825
-6.468	-5.865
POLYLINE BLACK
-12.868	-4.865
POLYLINE BLUE
-14.588	-4.635
-14.648	-4.575
-14.753	-4.530
-14.783	-4.500
-14.873	-4.485
-14.948	-4.515
-14.978	-4.500
-15.068	-4.530
-15.128	-4.590
-15.158	-4.590
-15.188	-4.620
-15.218	-4.620
-15.248	-4.635
-15.338	-4.575
-15.413	-4.470
-15.443	-4.470
-15.533	-4.380
-15.563	-4.380
-15.623	-4.365
-15.713	-4.395
-15.788	-4.515
-15.848	-4.515
-15.998	-4.245
-16.028	-4.245
-16.058	-4.230
-16.208	-4.230
-16.268	-4.200
-16.298	-4.200
-16.328	-4.170
-16.433	-4.140
-16.493	-4.125
-16.373	-4.125
-16.268	-4.095
-16.238	-4.110
-16.208	-4.095
-16.253	-4.110
-16.418	-4.110
-16.448	-4.095
-16.523	-4.125
-16.553	-4.155
-16.553	-4.230
-16.433	-4.365
-16.388	-4.425
POLYLINE BLACK
-14.888	-5.055
-14.828	-5.070
-14.798	-5.100
-14.738	-5.085
-14.678	-5.100
-14.513	-5.100
-14.453	-5.115
-14.408	-5.115
-14.378	-5.130
-14.318	-5.115
-14.243	-5.115
-14.123	-5.145
-14.093	-5.130
-13.943	-5.175
-13.853	-5.220
-13.808	-5.220
-13.583	-5.280
-13.553	-5.280
-13.523	-5.310
-13.463	-5.310
-13.403	-5.325
-13.373	-5.355
-13.313	-5.355
POLYLINE BLACK
-19.538	-3.990
-19.478	-3.990
-19.448	-4.005
-19.403	-3.975
-19.373	-3.990
-19.313	-3.990
-19.253	-4.035
-19.118	-4.035
-18.998	-4.065
-18.938	-4.065
-18.833	-4.095
-18.773	-4.095
-18.623	-4.155
-18.473	-4.215
-18.383	-4.275
-18.353	-4.275
-18.293	-4.290
-18.263	-4.320
-18.233	-4.305
-18.083	-4.365
-17.963	-4.395
-17.918	-4.425
-17.888	-4.425
-17.828	-4.455
-17.798	-4.455
-17.738	-4.500
-17.678	-4.500
-17.618	-4.515
-17.498	-4.590
-17.378	-4.650
-17.303	-4.665
-17.153	-4.710
-17.123	-4.710
-17.093	-4.725
-16.988	-4.725
-16.958	-4.755
-16.898	-4.755
-16.838	-4.785
-16.808	-4.770
-16.718	-4.815
-16.688	-4.815
-16.598	-4.860
-16.508	-4.860
-16.433	-4.875
-16.313	-4.875
-16.283	-4.860
-16.223	-4.890
-16.163	-4.875
-16.028	-4.905
-15.998	-4.905
-15.938	-4.890
-15.878	-4.890
-15.818	-4.905
-15.683	-4.860
-15.533	-4.905
-15.473	-4.905
-15.413	-4.935
-15.353	-4.935
-15.218	-4.995
-15.083	-4.995
-15.023	-5.010
-14.933	-5.010
-14.828	-5.040
-14.798	-5.025
POLYLINE BLACK
-12.983	-6.315
-13.058	-6.315
-13.193	-6.330
-13.223	-6.345
-13.328	-6.345
-13.448	-6.420
-13.493	-6.420
-13.553	-6.465
-13.583	-6.465
-13.613	-6.495
-13.673	-6.510
-13.733	-6.570
-13.763	-6.570
-13.898	-6.660
-13.928	-6.660
-13.988	-6.705
-14.033	-6.705
-14.093	-6.750
-14.138	-6.750
-14.348	-6.870
-14.468	-6.945
-14.498	-6.945
-14.588	-7.005
-14.693	-7.035
-14.753	-7.050
-14.783	-7.080
-14.858	-7.065
-15.053	-7.065
-15.113	-7.035
-15.173	-7.035
-15.443	-6.960
-15.503	-6.960
-15.563	-6.945
-15.608	-6.945
-15.668	-6.930
-15.728	-6.930
-15.788	-6.915
-15.833	-6.915
-15.998	-6.840
-16.028	-6.840
-16.088	-6.810
-16.133	-6.810
-16.193	-6.765
-16.223	-6.765
-16.328	-6.720
-16.358	-6.720
-16.388	-6.705
-16.433	-6.705
-16.553	-6.675
-16.703	-6.675
-16.763	-6.690
-16.823	-6.675
-16.913	-6.675
-17.018	-6.720
POLYLINE BLACK
-18.578	-3.105
-18.533	-3.165
-18.308	-3.255
-18.218	-3.285
-18.173	-3.285
-17.978	-3.360
-17.918	-3.360
-17.888	-3.375
-17.813	-3.375
-17.723	-3.405
-17.693	-3.390
-17.633	-3.405
-17.498	-3.420
-17.438	-3.435
-17.378	-3.435
-17.333	-3.450
-17.303	-3.435
-17.243	-3.480
-17.213	-3.480
-17.183	-3.495
POLYLINE BLACK
-17.228	-7.260
-17.228	-7.170
-17.213	-7.140
-17.213	-7.095
-17.153	-6.975
-17.078	-6.870
-17.078	-6.840
-16.988	-6.675
-16.928	-6.615
POLYLINE BLACK
-22.028	-3.615
-21.998	-3.615
-21.788	-3.780
-21.758	-3.795
-21.743	-3.825
-21.563	-3.915
-21.503	-3.915
-21.383	-3.990
-21.278	-4.035
-21.248	-4.035
-21.128	-4.110
-21.098	-4.110
-20.738	-4.305
-20.633	-4.380
-20.603	-4.380
-20.573	-4.395
-20.558	-4.425
-20.393	-4.530
-20.258	-4.590
-20.168	-4.650
-20.093	-4.665
-20.018	-4.695
-19.808	-4.845
-19.673	-4.935
-19.613	-4.980
-19.598	-5.010
-19.403	-5.160
-19.178	-5.520
-19.133	-5.625
-19.103	-5.655
-19.103	-5.700
-19.073	-5.775
-19.013	-5.865
-18.908	-6.090
-18.908	-6.120
-18.878	-6.150
-18.878	-6.195
-18.848	-6.255
-18.848	-6.285
-18.803	-6.375
-18.773	-6.540
-18.743	-6.600
-18.743	-6.630
POLYLINE BLUE
-16.823	-6.795
POLYLINE BLUE
-20.423	-3.210
-20.378	-3.270
-20.273	-3.495
-20.258	-3.525
POLYLINE BLUE
-18.818	-3.570
-18.848	-3.555
-18.878	-3.510
-18.998	-3.450
-19.043	-3.450
-19.133	-3.495
-19.163	-3.480
-19.193	-3.495
-19.253	-3.465
-19.358	-3.300
-19.388	-3.285
-19.418	-3.240
-19.478	-3.255
-19.508	-3.255
-19.553	-3.360
-19.598	-3.420
-19.628	-3.435
-19.733	-3.390
-19.823	-3.285
-19.913	-3.225
-19.943	-3.240
-20.138	-3.240
-20.213	-3.210
-20.243	-3.225
-20.303	-3.180
-20.333	-3.180
-20.363	-3.165
-20.213	-3.045
-20.183	-3.045
-20.153	-3.030
-20.123	-3.045
POLYLINE BLACK
-18.458	-3.180
-18.503	-3.180
-18.608	-3.120
-18.803	-3.045
-18.953	-3.030
POLYLINE BLACK
-18.638	-3.060
-18.743	-3.015
-18.878	-2.925
-18.908	-2.925
-19.088	-2.835
-19.358	-2.775
-19.418	-2.760
-19.493	-2.745
-19.553	-2.730
-19.673	-2.730
-19.703	-2.715
-19.748	-2.715
-19.808	-2.700
-19.883	-2.700
-19.913	-2.715
-19.973	-2.700
-20.003	-2.700
-20.033	-2.685
-20.063	-2.700
-20.168	-2.655
-20.228	-2.655
-20.363	-2.625
-20.453	-2.625
-20.753	-2.505
-20.783	-2.505
-20.933	-2.430
-20.963	-2.430
-21.098	-2.385
-21.143	-2.385
-21.248	-2.325
-21.323	-2.325
-21.428	-2.280
-21.473	-2.280
-21.578	-2.235
-21.608	-2.235
-21.638	-2.220
-21.683	-2.220
-21.848	-2.160
-21.908	-2.160
-21.968	-2.145
-22.013	-2.115
-22.043	-2.115
-22.133	-2.070
-22.163	-2.070
-22.193	-2.040
-22.223	-2.040
-22.373	-1.995
-22.403	-1.995
-22.463	-1.950
-22.538	-1.935
-22.733	-1.845
-22.763	-1.845
-22.883	-1.755
-22.943	-1.710
-22.973	-1.710
-23.138	-1.635
-23.168	-1.605
-23.198	-1.605
-23.228	-1.590
POLYLINE BLACK
-23.573	-2.775
-23.543	-2.805
-23.513	-2.805
-23.453	-2.820
-23.423	-2.820
-23.363	-2.865
-23.333	-2.865
-23.303	-2.895
-23.198	-2.940
-23.123	-2.955
-23.063	-2.970
-22.943	-3.060
-22.913	-3.060
-22.733	-3.165
-22.703	-3.195
-22.673	-3.195
-22.403	-3.360
-22.373	-3.360
-22.313	-3.390
-22.283	-3.390
-22.223	-3.420
-22.193	-3.420
-22.073	-3.480
-22.043	-3.480
-21.983	-3.495
-21.908	-3.510
-21.848	-3.540
-21.818	-3.540
-21.788	-3.570
-21.743	-3.570
-21.518	-3.630
-21.473	-3.630
-20.978	-3.825
-20.948	-3.825
-20.813	-3.885
-20.783	-3.885
-20.663	-3.915
-20.588	-3.915
-20.528	-3.930
-20.498	-3.915
-20.273	-3.915
-20.243	-3.900
-20.198	-3.900
-20.138	-3.885
-20.108	-3.885
-20.078	-3.900
-20.048	-3.885
-19.883	-3.945
-19.793	-3.945
-19.763	-3.960
-19.703	-3.945
-19.568	-4.005
-19.493	-4.005
-19.463	-4.020
-19.418	-4.020
-19.388	-4.050
-19.313	-4.065
-18.668	-4.335
-18.638	-4.365
-18.608	-4.365
-18.458	-4.470
POLYLINE BLUE
-23.903	-1.905
-23.978	-1.860
-24.083	-1.740
-24.113	-1.740
-24.158	-1.680
-24.188	-1.665
-24.323	-1.695
-24.458	-1.635
-24.518	-1.590
-24.563	-1.455
-24.563	-1.335
-24.638	-1.350
-24.698	-1.395
-24.758	-1.395
-24.863	-1.335
-24.908	-1.260
-24.938	-1.170
-24.938	-1.035
-25.028	-1.080
-25.163	-1.080
-25.253	-1.020
-25.343	-0.825
-25.463	-0.705
-25.418	-0.690
-25.268	-0.690
-25.133	-0.705
-25.073	-0.690
-25.313	-0.690
-25.523	-0.630
-25.628	-0.660
-25.628	-0.750
-25.598	-0.900
-25.613	-0.930
-25.613	-1.005
POLYLINE BLACK
-27.278	0.870
-27.053	0.690
-26.993	0.645
-26.948	0.570
-26.888	0.525
-26.783	0.405
-26.588	0.270
-26.513	0.165
-26.483	0.135
-26.453	0.135
-26.408	0.075
-26.363	0.060
-26.168	-0.225
-26.168	-0.270
-26.108	-0.390
-26.108	-0.420
-26.078	-0.450
-26.078	-0.495
-26.018	-0.615
-25.988	-0.645
-25.988	-0.675
-25.943	-0.735
-25.898	-0.840
-25.658	-1.170
-25.628	-1.185
-25.493	-1.365
-25.403	-1.515
-25.298	-1.605
-25.283	-1.635
-25.088	-1.815
-25.013	-1.920
-24.923	-1.995
-24.908	-2.025
-24.863	-2.055
-24.698	-2.235
-24.458	-2.385
-24.353	-2.445
-24.323	-2.490
-24.233	-2.565
-24.068	-2.625
-24.038	-2.625
-23.948	-2.685
-23.903	-2.685
-23.843	-2.715
-23.753	-2.715
-23.693	-2.730
-23.663	-2.730
POLYLINE BLACK
-23.123	-1.605
-23.378	-1.500
-23.678	-1.305
-23.768	-1.230
-23.813	-1.230
-24.023	-1.095
-24.053	-1.125
-24.068	-1.095
-24.128	-1.065
-24.158	-1.065
-24.278	-1.005
-24.398	-0.930
-24.488	-0.870
-24.518	-0.870
-24.563	-0.810
-24.623	-0.765
-24.638	-0.720
-24.728	-0.630
-24.758	-0.630
-24.968	-0.480
-24.998	-0.450
-25.013	-0.405
-25.133	-0.315
-25.223	-0.150
-25.223	-0.120
-25.313	0.000
-25.328	0.045
-25.418	0.165
-25.418	0.165
-25.418	0.135
-25.478	0.225
-25.583	0.375
-25.643	0.525
-25.718	0.615
-25.718	0.645
-25.748	0.660
-25.808	0.735
-25.823	0.780
-26.003	1.035
-26.003	1.065
-26.063	1.110
-26.063	1.140
-26.123	1.245
-26.153	1.260
-26.153	1.290
-26.198	1.365
-26.243	1.395
-26.258	1.440
-26.363	1.560
-26.378	1.590
-26.468	1.650
-26.693	1.950
-26.708	1.980
-26.708	1.950
-26.633	1.800
-26.633	1.740
-26.603	1.605
-26.603	1.575
-26.543	1.365
-26.528	1.305
-26.648	1.350
POLYLINE BLUE
-29.708	2.805
-29.708	2.745
-29.678	2.685
-29.678	2.655
-29.648	2.580
POLYLINE BLUE
-28.043	1.755
-28.208	1.830
-28.268	1.830
-28.373	1.950
-28.373	2.010
-28.403	2.115
-28.463	2.175
-28.568	2.175
-28.718	2.115
-28.748	2.130
-28.778	2.100
-28.808	2.100
-28.838	2.130
-28.898	2.265
-28.913	2.370
-28.958	2.505
-29.003	2.565
-29.063	2.535
-29.093	2.535
-29.168	2.445
-29.198	2.445
-29.243	2.505
-29.273	2.520
-29.453	2.715
-29.543	2.760
-29.573	2.760
-29.693	2.790
-29.588	2.850
-29.558	2.850
-29.528	2.835
-29.498	2.850
-29.438	2.820
POLYLINE BLACK
-26.603	1.380
-26.663	1.380
-26.768	1.425
-26.798	1.455
-26.828	1.455
-26.888	1.500
-26.918	1.500
-26.948	1.515
-26.963	1.545
-27.023	1.575
-27.053	1.575
-27.083	1.605
-27.113	1.590
-27.203	1.665
-27.233	1.665
-27.293	1.710
-27.323	1.755
-27.353	1.755
-27.488	1.845
-27.683	1.980
-27.683	2.010
-27.713	2.010
-27.743	2.025
-27.758	2.055
-28.043	2.250
-28.073	2.250
-28.253	2.355
-28.283	2.400
-28.373	2.430
-28.433	2.490
-28.493	2.490
-28.553	2.535
-28.658	2.580
-28.688	2.610
-28.718	2.610
-28.868	2.715
-28.973	2.760
-29.093	2.865
-29.123	2.865
-29.153	2.895
-29.183	2.895
-29.303	3.000
-29.603	3.105
-29.633	3.105
-29.738	3.150
-29.768	3.150
-29.963	3.255
-29.993	3.255
-30.023	3.285
-30.053	3.285
-30.248	3.390
-30.458	3.525
-30.488	3.525
-30.728	3.735
-30.773	3.750
-30.803	3.780
-30.848	3.795
-30.968	3.870
-31.058	3.915
-31.133	3.915
-31.253	3.975
-31.313	3.975
-31.343	4.005
-31.373	4.005
-31.463	4.050
-31.493	4.050
-31.613	4.095
-31.628	4.125
-31.658	4.125
-31.688	4.155
-31.718	4.155
-31.778	4.185
POLYLINE BLACK
-32.018	3.765
-31.988	3.735
-31.958	3.735
-31.898	3.720
-31.823	3.720
-31.763	3.705
-31.733	3.705
-31.703	3.675
-31.643	3.675
-31.628	3.630
-31.523	3.600
-31.463	3.570
-31.433	3.570
-31.313	3.495
-31.268	3.495
-31.088	3.360
-31.028	3.315
-30.983	3.315
-30.863	3.225
-30.848	3.180
-30.653	3.090
-30.623	3.060
-30.578	3.045
-30.488	2.985
-30.443	2.985
-30.113	2.820
-29.933	2.730
-29.903	2.700
-29.858	2.685
-29.678	2.550
-29.618	2.505
-29.588	2.460
-29.543	2.445
-29.303	2.265
-29.228	2.235
-29.198	2.190
-28.943	2.040
-28.793	1.935
-28.763	1.905
-28.583	1.830
-28.298	1.620
-28.013	1.425
-27.983	1.395
-27.938	1.380
-27.893	1.320
-27.848	1.305
-27.788	1.245
-27.758	1.245
-27.668	1.170
-27.563	1.095
-27.503	1.035
-27.473	1.035
-27.383	0.975
-27.338	0.915
-27.308	0.915
-27.248	0.855
-27.203	0.840
-27.143	0.795
POLYLINE BLUE
-34.328	4.595
-34.268	4.495
-34.228	4.465
-34.208	4.465
-34.168	4.435
POLYLINE BLUE
-32.878	4.285
-32.918	4.285
-32.998	4.305
-33.038	4.345
-33.058	4.345
-33.128	4.375
-33.168	4.415
-33.208	4.405
-33.288	4.355
-33.328	4.355
-33.368	4.365
-33.428	4.375
-33.478	4.445
-33.508	4.475
-33.528	4.515
-33.568	4.465
-33.618	4.435
-33.658	4.375
-33.748	4.465
-33.798	4.575
-33.828	4.615
-33.878	4.605
-33.938	4.555
-33.978	4.555
-33.998	4.545
-34.068	4.565
-34.108	4.575
-34.158	4.585
-34.258	4.605
-34.298	4.605
-34.318	4.595
-34.338	4.615
-34.238	4.625
-34.148	4.635
-34.048	4.635
POLYLINE BLACK
-32.138	3.805
-32.098	3.795
-32.058	3.775
-32.028	3.775
-31.938	3.735
POLYLINE BLACK
-32.328	4.335
-32.188	4.295
-32.148	4.295
-32.078	4.275
-32.058	4.275
-32.038	4.255
-32.018	4.265
-31.818	4.175
-31.798	4.175
POLYLINE BLACK
-35.918	5.115
-35.868	5.105
-35.828	5.105
-35.768	5.085
-35.718	5.095
-35.698	5.095
-35.628	5.075
-35.558	5.075
-35.538	5.065
-35.498	5.075
-35.398	5.055
-35.358	5.045
-35.268	5.025
-35.208	5.005
-35.158	4.995
-35.098	4.975
-35.048	4.965
-34.928	4.935
-34.878	4.935
-34.788	4.915
-34.688	4.895
-34.638	4.885
-34.598	4.875
-34.558	4.875
-34.508	4.865
-34.468	4.865
-34.358	4.835
-34.338	4.845
-34.318	4.825
-34.218	4.815
-34.168	4.815
-34.048	4.775
-33.998	4.775
-33.888	4.735
-33.798	4.725
-33.648	4.695
-33.468	4.645
-33.438	4.645
-33.388	4.635
-33.308	4.615
-33.258	4.595
-33.228	4.595
-33.118	4.565
-33.038	4.545
-32.928	4.495
-32.798	4.465
-32.758	4.455
-32.738	4.435
-32.688	4.435
-32.648	4.425
-32.578	4.425
-32.518	4.395
-32.428	4.395
-32.388	4.365
-32.368	4.375
-32.288	4.335
-32.248	4.335
-32.228	4.325
POLYLINE BLACK
-35.888	4.745
-35.868	4.755
-35.768	4.725
-35.688	4.715
-35.588	4.715
-35.568	4.695
-35.498	4.695
POLYLINE BLACK
-32.078	3.805
-32.118	3.805
-32.268	3.875
-32.348	3.895
-32.388	3.905
-32.408	3.905
-32.478	3.945
-32.538	3.955
-32.688	4.025
-32.728	4.035
-32.868	4.085
-33.038	4.125
-33.098	4.145
-33.218	4.165
-33.278	4.185
-33.358	4.205
-33.388	4.215
-33.408	4.205
-33.448	4.225
-33.478	4.225
-33.498	4.235
-33.518	4.225
-33.668	4.275
-33.688	4.275
-33.718	4.295
-33.768	4.305
-33.848	4.335
-33.888	4.345
-33.988	4.365
-34.178	4.385
-34.258	4.415
-34.288	4.415
-34.408	4.465
-34.488	4.485
-34.578	4.515
-34.708	4.525
-34.748	4.535
-34.798	4.525
-34.858	4.535
-34.898	4.545
-34.928	4.545
-34.978	4.565
-35.038	4.605
-35.078	4.615
-35.118	4.635
-35.188	4.635
-35.298	4.665
-35.368	4.665
-35.448	4.695
-35.478	4.695
-35.498	4.685
-35.538	4.695
-35.558	4.695
-35.578	4.715
POLYLINE BLACK
-36.037	5.086
-36.002	5.030
-35.974	4.988
-35.953	4.953
-35.953	4.939
-35.946	4.911
-35.946	4.841
-35.953	4.820
-35.995	4.764
-36.023	4.757
-36.030	4.743
-36.044	4.736
POLYLINE BLUE
-36.562	5.023
-36.590	5.002
-36.723	4.848
-36.737	4.827
POLYLINE BLUE
-36.765	5.037
-36.786	5.030
-36.849	4.974
-36.891	4.946
-36.982	4.848
-37.010	4.827
-37.024	4.806
POLYLINE BLUE
-36.975	5.107
-36.982	5.086
-37.087	4.946
-37.108	4.904
-37.220	4.778
POLYLINE BLUE
-38.144	6.507
-38.116	6.479
-38.004	6.430
-37.920	6.339
-37.899	6.297
-37.829	6.199
-37.752	6.052
-37.738	6.045
-37.717	5.996
-37.640	5.905
-37.633	5.884
-37.577	5.828
-37.570	5.807
-37.556	5.793
-37.514	5.695
-37.493	5.667
-37.486	5.632
-37.458	5.569
-37.458	5.555
-37.430	5.492
-37.430	5.478
-37.416	5.464
-37.360	5.352
-37.325	5.310
-37.325	5.289
-37.311	5.282
-37.262	5.205
-37.248	5.170
-37.206	5.135
-37.157	5.135
-37.115	5.128
-37.094	5.128
-37.080	5.121
-37.059	5.121
-37.031	5.114
-37.003	5.114
-36.940	5.086
-36.863	5.086
-36.779	5.065
-36.751	5.072
-36.737	5.072
-36.723	5.065
-36.695	5.072
-36.681	5.065
-36.660	5.065
-36.597	5.037
-36.583	5.037
-36.555	5.023
-36.541	5.030
-36.513	5.009
-36.499	5.009
-36.457	4.981
-36.450	4.967
-36.450	4.946
-36.492	4.855
-36.506	4.855
-36.520	4.841
-36.555	4.827
-36.576	4.827
-36.611	4.813
-36.625	4.820
-36.653	4.806
-36.674	4.806
-36.688	4.799
-36.709	4.799
-36.737	4.792
-36.786	4.799
-36.821	4.813
-36.842	4.806
-36.856	4.813
-36.891	4.813
-36.905	4.820
-36.940	4.820
-36.975	4.806
-37.024	4.799
-37.045	4.806
-37.087	4.806
POLYLINE BLUE
-38.543	5.625
-38.550	5.653
-38.564	5.702
-38.564	5.730
-38.571	5.765
-38.571	5.814
-38.578	5.870
-38.578	5.975
-38.571	6.003
-38.543	6.122
-38.522	6.150
-38.515	6.171
-38.452	6.262
POLYLINE BLUE
-38.501	6.206
-38.487	6.227
-38.487	6.241
-38.459	6.304
-38.445	6.318
-38.410	6.409
-38.389	6.423
-38.368	6.451
-38.326	6.486
-38.298	6.486
-38.284	6.479
-38.235	6.500
-38.151	6.500
-38.123	6.486
-38.109	6.486
POLYLINE BLUE
-38.543	5.751
-38.550	5.765
POLYLINE BLUE
-36.968	4.806
-37.017	4.806
-37.087	4.785
-37.115	4.792
-37.192	4.792
-37.255	4.806
-37.283	4.799
-37.297	4.806
-37.318	4.806
-37.416	4.834
-37.465	4.862
-37.479	4.862
-37.549	4.890
-37.563	4.904
-37.598	4.911
-37.612	4.911
-37.710	4.974
-37.724	4.974
-37.773	5.009
-37.808	5.023
-37.864	5.030
-37.892	5.058
-37.906	5.058
-37.927	5.072
-37.941	5.072
-37.962	5.100
-37.990	5.114
-38.032	5.163
-38.116	5.205
-38.165	5.212
-38.193	5.226
-38.207	5.226
-38.263	5.247
-38.277	5.247
-38.319	5.268
-38.333	5.282
-38.354	5.289
-38.417	5.359
-38.431	5.366
-38.459	5.415
-38.473	5.422
-38.487	5.443
-38.487	5.457
-38.515	5.499
-38.536	5.527
-38.536	5.541
-38.543	5.569
-38.543	5.618
POLYLINE BLACK
-35.897	5.079
-35.953	5.079
-35.981	5.086
-35.995	5.086
-36.009	5.093
-36.030	5.093
-36.079	5.107
-36.107	5.107
-36.121	5.100
-36.156	5.100
-36.233	5.121
-36.282	5.121
-36.317	5.114
-36.345	5.121
-36.422	5.121
-36.443	5.128
-36.478	5.128
-36.499	5.135
-36.541	5.135
-36.562	5.142
-36.576	5.135
-36.611	5.142
-36.646	5.142
-36.674	5.156
-36.702	5.156
-36.730	5.163
-36.744	5.177
-36.765	5.177
-36.793	5.184
-36.807	5.177
-36.828	5.177
-36.842	5.184
-36.863	5.184
-36.905	5.198
-36.926	5.198
-36.975	5.212
-36.989	5.212
-37.017	5.219
-37.031	5.219
-37.066	5.233
-37.094	5.233
-37.122	5.240
-37.136	5.240
-37.199	5.268
-37.213	5.268
-37.255	5.296
POLYLINE BLACK
-37.507	4.841
-37.493	4.834
-37.465	4.841
-37.423	4.820
-37.360	4.813
-37.283	4.785
-37.206	4.771
-37.150	4.771
-37.136	4.764
-37.066	4.764
-37.052	4.757
-37.017	4.757
-37.003	4.764
-36.989	4.757
-36.933	4.757
-36.919	4.750
-36.884	4.750
-36.870	4.757
-36.821	4.757
-36.807	4.764
-36.688	4.764
-36.674	4.771
-36.632	4.764
-36.618	4.764
-36.604	4.771
-36.520	4.771
-36.499	4.764
-36.471	4.771
-36.457	4.771
-36.429	4.778
-36.380	4.778
-36.366	4.771
-36.338	4.778
-36.303	4.785
-36.275	4.778
-36.149	4.778
-36.135	4.771
-36.079	4.771
-36.065	4.778
-36.037	4.771
-35.988	4.771
-35.960	4.757
-35.932	4.764
-35.918	4.764
-35.890	4.771
-35.855	4.757
POLYLINE BLUE
-37.183	5.121
-37.228	5.061
-37.288	4.881
POLYLINE BLUE
-37.378	5.256
-37.408	5.166
-37.513	4.971
POLYLINE BLUE
-37.453	5.571
-37.498	5.511
-37.678	5.151
-37.708	5.061
POLYLINE BLUE
-37.573	5.871
-37.693	5.676
-37.783	5.436
-37.843	5.331
-37.843	5.301
-37.873	5.211
POLYLINE BLUE
-37.753	6.096
-37.858	5.856
-38.038	5.481
-38.143	5.271
POLYLINE BLUE
-37.843	6.261
-37.963	6.081
-38.218	5.601
-38.293	5.361
POLYLINE BLUE
-38.023	6.396
-38.143	6.246
-38.248	6.036
-38.293	5.931
-38.323	5.781
-38.383	5.601
-38.383	5.556
-38.413	5.511
POLYLINE BLUE
-38.203	6.456
-38.293	6.321
-38.383	6.081
-38.443	5.811
-38.443	5.766
-38.473	5.601
-38.473	5.571
POLYLINE BLACK
-37.423	4.761
-37.543	4.836
-37.573	4.836
-37.603	4.866
-37.633	4.866
-37.663	4.836
-37.693	4.836
-37.723	4.776
-37.723	4.701
-37.738	4.641
POLYLINE BLACK
-38.908	6.591
-38.803	6.426
-38.728	6.246
-38.728	6.216
-38.713	6.186
-38.713	6.051
-38.863	5.736
-38.983	5.541
-39.073	5.331
-39.223	5.136
-39.298	4.986
POLYLINE BLACK
-37.528	6.606
-37.453	6.486
-37.453	6.456
-37.423	6.396
-37.423	6.366
-37.393	6.306
-37.393	6.276
-37.378	6.246
-37.378	6.141
-37.363	6.111
-37.378	6.051
-37.363	5.991
-37.363	5.886
-37.348	5.826
-37.348	5.646
-37.333	5.586
-37.333	5.541
-37.288	5.481
-37.288	5.451
-37.228	5.316
-37.198	5.286
POLYLINE BLUE
-39.403	8.706
-39.403	8.661
-39.388	8.631
-39.403	8.571
-39.403	8.436
POLYLINE BLUE
-38.578	7.266
-38.623	7.281
-38.713	7.341
-38.713	7.371
-38.743	7.401
-38.758	7.476
-38.758	7.566
-38.743	7.626
-38.743	7.731
-38.833	7.806
-38.863	7.806
-38.983	7.866
-38.998	7.896
-38.923	8.016
-38.923	8.076
-38.968	8.136
-38.998	8.136
-39.088	8.196
-39.118	8.196
-39.163	8.256
-39.163	8.316
-39.223	8.541
-39.343	8.691
-39.313	8.691
-39.268	8.661
-39.163	8.631
-39.073	8.571
-39.043	8.571
-39.028	8.541
POLYLINE BLACK
-40.108	11.076
-40.078	10.956
-40.078	10.911
-39.958	10.671
-39.898	10.581
-39.688	10.131
-39.508	9.801
-39.433	9.681
-39.418	9.636
-39.298	9.486
-39.238	9.351
-38.953	8.991
-38.833	8.841
-38.713	8.706
-38.623	8.571
-38.458	8.361
-38.443	8.316
-38.323	8.166
-38.308	8.121
-38.188	7.971
-38.143	7.866
-38.098	7.806
-37.948	7.491
-37.918	7.461
-37.903	7.416
-37.858	7.356
-37.678	6.996
-37.678	6.966
-37.648	6.906
-37.648	6.876
-37.543	6.666
-37.498	6.606
POLYLINE BLACK
-41.368	11.016
-41.293	10.926
-41.143	10.626
-41.038	10.461
-40.978	10.341
-40.903	10.251
-40.828	10.101
-40.738	9.966
-40.663	9.786
-40.558	9.636
-40.498	9.531
-40.408	9.426
-40.243	9.126
-40.153	9.021
-40.063	8.826
-39.973	8.736
-39.943	8.661
-39.913	8.631
-39.808	8.391
-39.778	8.361
-39.613	8.001
-39.613	7.971
-39.553	7.836
-39.553	7.806
-39.493	7.656
-39.493	7.626
-39.433	7.431
-39.343	7.236
-39.298	7.176
-39.268	7.101
-39.103	6.876
-38.863	6.561
-38.743	6.426
POLYLINE BLACK
-40.408	11.151
-40.273	11.241
-40.243	11.271
POLYLINE BLACK
-40.708	11.811
-40.618	11.871
-40.588	11.916
POLYLINE BLACK
-40.633	11.601
-40.543	11.661
POLYLINE BLACK
-40.528	11.436
-40.438	11.496
-40.408	11.526
POLYLINE BLACK
-40.678	11.841
-40.648	11.871
POLYLINE BLACK
-40.573	11.601
-40.498	11.631
POLYLINE BLACK
-40.513	11.346
-40.513	11.376
-40.453	11.436
POLYLINE BLACK
-40.408	11.196
-40.303	11.271
POLYLINE BLACK
-40.303	11.076
-40.288	11.106
-40.258	11.106
POLYLINE BLACK
-40.303	11.226
-40.183	11.121
-40.138	11.031
POLYLINE BLACK
-40.228	11.076
-40.273	11.211
-40.303	11.346
-40.408	11.541
-40.453	11.646
-40.483	11.676
-40.483	11.706
-40.573	11.856
-40.633	11.991
-40.663	12.021
POLYLINE BLACK
-40.138	10.956
-40.063	11.121
-40.033	11.121
-40.003	11.151
-39.973	11.151
-39.838	11.211
-39.778	11.271
-39.703	11.301
-39.478	11.451
-39.448	11.466
-39.388	11.451
-39.223	11.451
-39.163	11.436
-39.058	11.421
-38.998	11.436
-38.878	11.436
-38.848	11.421
-38.818	11.436
POLYLINE BROWN
-36.163	11.196
-36.163	11.166
-36.283	11.061
-36.343	11.091
-36.403	11.091
-36.433	11.121
-36.463	11.121
-36.613	11.211
-36.748	11.271
-36.763	11.301
-36.883	11.391
-36.913	11.436
-37.003	11.511
-37.048	11.526
-37.228	11.676
-37.303	11.706
-37.393	11.781
-37.423	11.781
-37.513	11.811
-37.603	11.871
-37.648	11.886
-37.768	11.961
-37.903	12.021
-37.963	12.021
-38.083	12.081
-38.113	12.081
-38.143	12.111
-38.173	12.111
-38.263	12.156
-38.293	12.156
-38.383	12.216
-38.608	12.216
-38.758	12.276
-38.788	12.276
-38.818	12.306
-38.848	12.306
-38.908	12.351
-38.998	12.351
-39.118	12.411
-39.148	12.411
-39.208	12.426
-39.238	12.426
POLYLINE BROWN
-36.313	10.371
-36.373	10.401
-36.418	10.401
-36.598	10.476
-36.718	10.566
-36.763	10.581
-36.793	10.611
-36.853	10.611
-37.153	10.731
-37.348	10.806
-37.468	10.896
-37.498	10.896
-37.678	11.001
-37.708	11.001
-37.738	11.031
-38.038	11.166
-38.068	11.166
-38.098	11.196
-38.143	11.196
-38.203	11.241
-38.233	11.241
-38.263	11.271
-38.293	11.271
-38.353	11.286
-38.383	11.286
-38.443	11.301
-38.473	11.301
-38.563	11.361
-38.593	11.361
-38.653	11.391
-38.713	11.391
-38.773	11.406
-38.803	11.391
-38.863	11.406
POLYLINE BLACK
-35.533	11.556
-35.533	11.496
POLYLINE BLACK
-35.653	11.526
-35.653	11.421
POLYLINE BLACK
-35.773	11.571
-35.773	11.436
POLYLINE BLACK
-35.893	11.586
-35.893	11.556
-35.908	11.496
-35.908	11.436
POLYLINE BLACK
-35.968	11.631
-35.968	11.601
-36.013	11.466
POLYLINE BLACK
-36.088	11.721
-36.088	11.691
-36.013	11.571
-35.893	11.481
-35.743	11.406
-35.563	11.406
POLYLINE BLACK
-36.628	12.396
-36.463	12.291
-36.388	12.201
-36.328	12.156
-36.268	12.021
-36.268	11.991
-36.223	11.931
-36.133	11.856
-36.088	11.766
-36.088	11.706
-36.073	11.646
-36.073	11.601
-36.043	11.541
-36.043	11.481
-36.028	11.451
-36.058	11.331
-36.058	11.256
-36.088	11.136
-36.088	11.106
-36.103	11.046
-36.103	11.016
-36.148	10.851
-36.148	10.731
-36.058	10.581
-35.938	10.506
-35.878	10.521
-35.758	10.701
-35.668	10.851
-35.668	10.881
-35.638	10.941
-35.638	10.971
-35.623	11.001
-35.623	11.046
-35.578	11.196
-35.428	11.496
-35.398	11.511
-35.353	11.571
-35.323	11.571
-35.293	11.586
-35.263	11.631
-35.233	11.631
POLYLINE GRAY
-34.558	10.206
-34.588	10.236
-34.678	10.236
-34.738	10.251
-34.768	10.251
-34.828	10.266
-34.978	10.266
-35.008	10.281
-35.038	10.266
-35.113	10.266
-35.143	10.251
-35.203	10.266
-35.233	10.251
-35.263	10.266
-35.368	10.266
-35.428	10.281
-35.488	10.281
-35.518	10.296
-35.548	10.281
-35.608	10.296
-35.668	10.281
-35.713	10.281
-35.773	10.251
-35.803	10.266
-35.863	10.251
-35.893	10.251
-35.953	10.266
-36.043	10.266
-36.103	10.281
-36.133	10.281
-36.388	10.386
POLYLINE GRAY
-32.398	9.201
-32.458	9.186
-32.533	9.231
-32.698	9.246
-32.758	9.261
-32.788	9.291
-32.833	9.291
-32.998	9.336
-33.028	9.336
-33.088	9.381
-33.148	9.381
-33.238	9.441
-33.448	9.516
-33.478	9.546
-33.508	9.546
-33.598	9.606
-33.628	9.606
-33.793	9.726
-33.853	9.786
-33.928	9.816
-34.003	9.906
-34.183	10.041
-34.198	10.071
-34.258	10.071
-34.333	10.161
-34.363	10.161
-34.423	10.221
-34.453	10.221
-34.513	10.236
-34.543	10.266
-34.573	10.266
-34.603	10.251
POLYLINE GRAY
-32.458	9.291
POLYLINE GRAY
-29.353	9.066
-29.383	9.066
-29.443	9.081
-29.473	9.066
-29.533	9.096
-29.593	9.096
-29.728	9.156
-29.758	9.156
-29.818	9.171
-29.878	9.171
-30.088	9.246
-30.148	9.246
-30.238	9.291
-30.283	9.276
-30.343	9.291
-30.373	9.291
-30.433	9.321
-30.568	9.321
-30.598	9.336
-30.703	9.336
-30.763	9.351
-30.793	9.336
-30.823	9.366
-30.853	9.351
-30.898	9.351
-30.958	9.366
-31.018	9.351
-31.048	9.351
-31.168	9.306
-31.228	9.321
-31.288	9.321
-31.348	9.306
-31.408	9.306
-31.483	9.291
-31.513	9.291
-31.603	9.246
-31.633	9.246
-31.663	9.261
-31.783	9.216
-31.843	9.231
-31.873	9.231
-31.933	9.246
-31.993	9.246
-32.053	9.231
-32.113	9.231
-32.188	9.216
-32.338	9.216
-32.398	9.231
POLYLINE BLACK
-32.233	14.091
POLYLINE BLACK
-31.333	10.491
-31.348	10.521
-31.378	10.521
-31.438	10.551
-31.468	10.551
-31.558	10.626
-31.708	10.701
-31.783	10.716
-31.813	10.701
-31.843	10.731
-31.873	10.731
-31.903	10.761
-31.933	10.761
-32.053	10.821
-32.068	10.851
-32.128	10.896
-32.158	10.896
-32.218	10.926
-32.248	10.926
-32.308	10.956
-32.338	10.956
-32.368	10.986
-32.428	10.986
-32.518	11.046
-32.593	11.061
-32.653	11.061
POLYLINE BLACK
-31.108	10.686
-31.138	10.716
-31.148	10.756
-31.118	10.786
-31.098	10.786
-31.058	10.746
-31.068	10.686
-31.108	10.686
-31.128	10.696
POLYLINE BLACK
-30.668	10.166
-30.728	10.216
-30.728	10.256
-30.668	10.276
-30.628	10.256
-30.618	10.236
-30.628	10.206
-30.688	10.166
-30.708	10.166
POLYLINE BLACK
-30.968	11.386
-30.818	11.236
-30.668	11.046
-30.578	11.006
-30.558	11.006
-30.508	10.976
-30.428	10.946
-30.378	10.916
-30.238	10.776
-30.138	10.586
-30.118	10.566
-30.118	10.546
-30.068	10.476
-29.998	10.426
-29.958	10.416
-29.918	10.406
-29.828	10.326
-29.808	10.326
-29.748	10.276
-29.688	10.276
-29.578	10.216
-29.538	10.216
-29.488	10.196
POLYLINE BLACK
-30.628	10.566
-30.688	10.446
POLYLINE BLACK
-30.358	10.326
-30.408	10.226
POLYLINE BLACK
-30.098	10.076
-30.178	9.986
POLYLINE BLACK
-29.798	9.866
-29.808	9.826
-29.828	9.786
POLYLINE BLACK
-29.768	9.886
-29.788	9.906
-29.808	9.906
-29.908	9.976
-30.138	10.206
-30.278	10.296
-30.318	10.336
-30.368	10.366
-30.488	10.486
-30.488	10.506
-30.548	10.606
-30.578	10.656
-30.618	10.666
-30.678	10.706
-30.688	10.726
-30.738	10.746
-30.828	10.836
-30.868	10.846
-30.948	10.906
-30.988	10.916
-31.078	10.936
-31.138	11.006
-31.158	11.066
POLYLINE BLACK
-31.368	10.626
-31.318	10.576
-31.228	10.456
-31.208	10.456
-31.138	10.386
-31.128	10.366
-31.108	10.366
-31.018	10.296
-31.008	10.276
-30.978	10.266
-30.868	10.156
-30.818	10.126
-30.778	10.086
-30.658	9.986
-30.618	9.976
-30.578	9.946
-30.508	9.906
-30.408	9.816
-30.388	9.816
-30.328	9.776
-30.078	9.536
-29.998	9.466
POLYLINE BLACK
-26.908	8.236
-26.948	8.276
-26.948	8.306
-26.938	8.346
-26.918	8.356
-26.868	8.326
-26.848	8.266
-26.848	8.246
-26.868	8.246
-26.888	8.226
POLYLINE BLACK
-27.158	8.366
-27.208	8.376
-27.238	8.426
-27.188	8.476
-27.148	8.486
-27.098	8.466
-27.078	8.426
-27.108	8.396
-27.198	8.356
POLYLINE BLACK
-27.838	8.566
-27.878	8.566
-27.898	8.606
-27.898	8.636
-27.848	8.686
-27.808	8.676
-27.778	8.626
-27.778	8.566
-27.818	8.536
-27.868	8.536
-27.888	8.546
POLYLINE BLACK
-28.918	9.036
-28.938	9.096
-28.938	9.126
-28.888	9.176
-28.818	9.106
-28.808	9.076
-28.818	9.036
-28.868	9.026
-28.888	9.026
-28.908	9.046
-28.928	9.046
POLYLINE BLACK
-29.328	9.286
-29.368	9.276
-29.388	9.336
-29.338	9.386
-29.298	9.386
-29.238	9.346
-29.218	9.306
-29.248	9.266
-29.288	9.266
-29.308	9.256
-29.348	9.276
POLYLINE BLUE
-28.788	9.016
-28.788	8.956
-28.768	8.886
-28.718	8.786
POLYLINE BLUE
-28.018	8.756
-28.088	8.746
-28.138	8.746
-28.178	8.756
-28.228	8.806
-28.278	8.856
-28.328	8.856
-28.468	8.816
-28.508	8.816
-28.548	8.846
-28.548	8.926
-28.568	8.936
-28.608	8.926
-28.658	8.926
-28.678	8.916
-28.748	8.946
-28.788	8.996
-28.708	9.076
-28.598	9.126
-28.558	9.106
POLYLINE BLACK
-29.628	9.766
-29.648	9.706
POLYLINE BLACK
-29.248	9.526
-29.278	9.486
POLYLINE BLACK
-28.978	9.386
-29.028	9.336
POLYLINE BLACK
-28.658	9.326
-28.698	9.266
POLYLINE BLACK
-28.308	9.126
-28.328	9.066
POLYLINE BLACK
-27.998	8.966
-28.008	8.946
-28.028	8.946
POLYLINE BLACK
-27.708	8.836
-27.748	8.776
POLYLINE BLACK
-27.458	8.736
-27.488	8.676
POLYLINE BLACK
-27.178	8.696
-27.198	8.646
POLYLINE BLACK
-26.858	9.476
-26.948	9.486
-26.988	9.496
-27.028	9.496
-27.048	9.486
-27.088	9.496
-27.168	9.486
-27.208	9.476
-27.228	9.486
-27.248	9.476
-27.268	9.486
-27.298	9.476
-27.318	9.496
-27.398	9.496
-27.418	9.486
-27.438	9.506
-27.518	9.506
-27.558	9.516
-27.698	9.536
-27.758	9.556
-27.868	9.576
-27.928	9.576
-27.968	9.586
-28.008	9.586
-28.048	9.596
-28.128	9.596
-28.188	9.626
-28.218	9.626
-28.298	9.656
-28.348	9.666
-28.448	9.696
-28.468	9.716
-28.528	9.716
-28.638	9.766
-28.658	9.756
-28.698	9.786
-28.738	9.786
-28.838	9.836
-28.938	9.906
-29.008	9.916
-29.068	9.966
-29.108	9.976
-29.188	10.036
-29.258	10.106
-29.338	10.156
-29.358	10.156
-29.378	10.176
-29.398	10.176
-29.438	10.206
-29.478	10.216
-29.538	10.256
-29.558	10.276
-29.558	10.256
POLYLINE BLACK
-29.738	9.916
-29.718	9.916
-29.688	9.866
-29.578	9.796
-29.458	9.716
-29.338	9.616
-29.258	9.566
-29.208	9.536
-29.108	9.466
-29.068	9.456
-29.018	9.436
-28.908	9.366
-28.868	9.356
-28.848	9.336
-28.828	9.346
-28.808	9.326
-28.768	9.316
-28.658	9.286
-28.558	9.266
-28.478	9.216
-28.438	9.216
-28.418	9.196
-28.398	9.196
-28.358	9.166
-28.338	9.166
-28.278	9.126
-28.258	9.126
-28.118	9.026
-28.018	8.956
-27.978	8.956
-27.918	8.916
-27.818	8.896
-27.758	8.846
-27.718	8.846
-27.658	8.816
-27.618	8.806
-27.498	8.736
-27.478	8.736
-27.438	8.706
-27.398	8.706
-27.358	8.686
-27.318	8.696
-27.278	8.686
-27.258	8.696
-27.198	8.676
-27.158	8.686
-27.118	8.676
-27.078	8.676
-27.038	8.706
-26.998	8.686
-26.968	8.726
POLYLINE BLACK
-26.928	8.066
-26.988	8.106
-27.068	8.126
-27.088	8.146
-27.128	8.156
-27.178	8.176
-27.278	8.236
-27.338	8.276
-27.358	8.276
-27.368	8.296
-27.408	8.306
-27.488	8.356
-27.518	8.356
-27.598	8.396
-27.628	8.396
-27.748	8.456
-27.858	8.466
-28.078	8.526
-28.118	8.526
-28.188	8.546
-28.308	8.576
-28.468	8.656
-28.508	8.686
-28.538	8.686
-28.598	8.726
-28.638	8.736
-28.688	8.766
-28.728	8.776
-28.808	8.826
-28.838	8.816
-28.998	8.906
-29.028	8.946
-29.048	8.946
-29.068	8.966
-29.088	8.966
-29.108	8.986
-29.128	8.986
-29.148	9.006
-29.168	9.006
-29.298	9.096
-29.318	9.096
-29.378	9.146
-29.418	9.156
-29.478	9.196
-29.498	9.196
-29.578	9.256
-29.658	9.276
-29.878	9.416
-29.898	9.436
-29.918	9.436
-29.938	9.456
-29.958	9.456
-30.008	9.506
POLYLINE BLACK
-26.368	9.976
-26.438	10.046
-26.458	10.086
-26.418	10.126
-26.358	10.126
-26.328	10.086
-26.338	10.046
-26.368	10.016
-26.388	10.006
POLYLINE BLACK
-26.638	10.426
-26.638	10.406
-26.678	10.506
-26.678	10.566
-26.648	10.606
-26.608	10.596
-26.568	10.576
-26.558	10.536
-26.558	10.506
-26.598	10.446
-26.638	10.436
POLYLINE BLACK
-26.898	11.156
-26.898	11.136
-26.968	11.236
-26.958	11.306
-26.918	11.316
-26.888	11.316
-26.848	11.306
-26.838	11.256
-26.828	11.236
-26.838	11.196
-26.858	11.196
-26.878	11.176
-26.918	11.176
POLYLINE BLACK
-27.218	11.676
-27.218	11.676
-27.268	11.726
-27.278	11.766
-27.248	11.806
-27.228	11.806
-27.218	11.786
-27.198	11.786
-27.158	11.726
-27.168	11.706
-27.188	11.706
-27.218	11.666
POLYLINE BLACK
-27.548	12.206
-27.568	12.206
-27.578	12.246
-27.578	12.286
-27.548	12.346
-27.488	12.346
-27.458	12.316
-27.468	12.276
-27.508	12.216
-27.528	12.206
-27.568	12.236
POLYLINE BLACK
-27.558	12.806
-27.488	12.936
-27.428	12.916
-27.408	12.896
-27.448	12.816
-27.548	12.806
POLYLINE BLACK
-27.298	12.101
POLYLINE BLACK
-22.213	12.746
-22.243	12.761
-22.243	12.791
-22.198	12.851
-22.168	12.851
-22.138	12.791
-22.138	12.761
-22.168	12.731
-22.198	12.731
-22.288	12.776
POLYLINE BLACK
-23.083	12.776
-23.143	12.821
-23.143	12.881
-23.098	12.941
-23.068	12.956
-23.038	12.941
-22.978	12.851
-22.993	12.821
-23.023	12.821
-23.113	12.791
POLYLINE BLACK
-23.983	12.716
-24.013	12.716
-24.058	12.806
-24.058	12.836
-24.043	12.866
-24.013	12.866
-23.923	12.806
-23.908	12.776
-23.923	12.746
-24.043	12.716
POLYLINE BLACK
-26.443	12.746
-26.488	12.731
-26.518	12.746
-26.548	12.806
-26.548	12.866
-26.488	12.911
-26.398	12.881
-26.353	12.821
-26.353	12.791
-26.443	12.746
-26.473	12.746
-26.503	12.776
POLYLINE BLACK
-26.998	12.851
-26.998	12.911
-26.953	12.971
-26.863	13.016
-26.833	13.001
-26.803	12.941
-26.803	12.881
-26.833	12.851
-26.953	12.881
-26.983	12.866
-26.998	12.896
POLYLINE BLUE
-26.113	12.791
-26.083	12.776
-26.068	12.731
-25.903	12.626
-25.873	12.611
-25.813	12.626
POLYLINE BLUE
-24.583	12.821
-24.628	12.851
-24.733	12.851
-24.793	12.881
-24.853	12.836
-24.853	12.806
-24.868	12.776
-24.898	12.776
-24.928	12.791
-24.988	12.776
-25.018	12.776
-25.078	12.806
-25.153	12.821
-25.213	12.851
-25.243	12.851
-25.273	12.836
-25.288	12.761
-25.303	12.731
-25.378	12.761
-25.438	12.821
-25.543	12.866
-25.558	12.896
-25.603	12.881
-25.618	12.851
-25.708	12.791
-25.843	12.821
-25.873	12.821
-25.933	12.806
-26.053	12.806
-26.083	12.776
-26.143	12.791
-26.143	12.791
-26.023	12.851
-25.933	12.866
-25.828	12.926
-25.798	12.926
-25.768	12.941
POLYLINE BLACK
-27.568	13.106
-27.478	13.106
-27.448	13.091
-27.418	13.106
-27.298	13.076
-27.253	13.076
-27.223	13.061
POLYLINE BLACK
-27.343	12.506
-27.313	12.536
-27.283	12.536
-27.193	12.566
-27.148	12.566
-27.028	12.596
-26.998	12.626
-26.908	12.626
-26.848	12.641
-26.758	12.641
-26.698	12.626
-26.668	12.641
-26.638	12.626
-26.608	12.641
-26.488	12.596
-26.428	12.611
-26.368	12.596
-26.218	12.596
-26.158	12.611
-26.113	12.596
-26.083	12.611
-26.053	12.596
-26.023	12.611
-25.978	12.611
-25.918	12.596
-25.888	12.596
-25.858	12.611
-25.753	12.611
-25.678	12.596
-25.648	12.611
-25.588	12.596
-25.468	12.596
-25.438	12.581
-25.363	12.596
-25.273	12.596
-25.213	12.611
-25.003	12.611
-24.973	12.596
-24.913	12.611
-24.883	12.611
-24.853	12.596
-24.823	12.611
-24.748	12.611
-24.718	12.596
-24.658	12.626
-24.628	12.626
-24.598	12.611
-24.523	12.626
-24.463	12.611
-24.433	12.611
-24.373	12.626
-24.268	12.596
-24.028	12.596
-23.998	12.581
-23.938	12.611
-23.878	12.596
-23.803	12.611
-23.743	12.596
-23.638	12.626
-23.593	12.626
-23.563	12.611
-23.503	12.626
-23.443	12.626
-23.413	12.656
-23.308	12.626
-23.248	12.656
-23.053	12.656
-23.023	12.641
-22.993	12.671
-22.903	12.671
-22.858	12.656
-22.798	12.671
-22.693	12.671
-22.633	12.656
-22.498	12.656
-22.438	12.641
-22.258	12.641
-22.198	12.656
-22.168	12.656
-22.138	12.686
-22.078	12.686
-22.018	12.671
-21.838	12.671
-21.718	12.641
-21.658	12.641
-21.538	12.611
-21.493	12.626
-21.433	12.611
-21.403	12.611
-21.313	12.566
-21.283	12.566
-21.253	12.551
POLYLINE BLACK
-27.323	13.031
-27.263	13.031
-27.183	13.011
-27.103	13.031
-26.983	13.031
-26.803	13.051
-26.643	13.051
-26.603	13.071
-26.563	13.051
-26.463	13.071
-26.423	13.051
-26.263	13.071
-26.103	13.051
-26.003	13.051
-25.923	13.011
-25.783	13.031
-25.643	12.991
-25.483	12.971
-25.403	12.971
-25.323	12.951
-25.163	12.951
-25.103	12.971
-25.023	12.951
-24.843	12.951
-24.803	12.971
-24.723	12.951
-24.543	12.951
-24.503	12.971
-24.423	12.951
-24.163	12.951
-24.123	12.931
-24.043	12.951
-23.903	12.931
-23.863	12.951
-23.823	12.931
-23.583	12.991
-23.423	13.031
-23.383	13.011
-23.283	13.051
-23.243	13.031
-23.163	13.051
-23.023	13.031
-22.943	13.011
-22.863	12.991
-22.723	12.991
-22.663	12.971
-22.583	12.991
-22.503	12.971
-22.423	12.991
-22.283	12.971
-22.183	12.991
-22.103	12.971
-22.043	12.991
-21.903	12.951
-21.863	12.971
-21.783	12.951
-21.703	12.951
-21.563	12.931
-21.483	12.931
-21.403	12.891
-21.323	12.911
-21.163	12.891
POLYLINE BLACK
-26.033	9.771
-26.083	9.881
-26.133	9.941
-26.243	10.161
-26.243	10.181
-26.273	10.221
-26.303	10.291
-26.373	10.391
-26.463	10.581
-26.493	10.621
-26.523	10.731
-26.563	10.821
-26.563	10.841
-26.623	10.941
-26.653	11.041
-26.653	11.071
-26.693	11.171
-26.823	11.381
-26.913	11.561
-26.933	11.581
-26.933	11.611
-26.983	11.691
-27.053	11.781
-27.093	11.871
-27.103	11.911
-27.133	12.021
-27.273	12.181
-27.283	12.221
-27.313	12.281
-27.323	12.371
-27.333	12.391
-27.313	12.471
-27.273	12.491
-27.253	12.481
-27.213	12.491
POLYLINE BLACK
-26.403	9.671
-26.423	9.751
-26.463	9.811
-26.473	9.851
-26.493	9.911
-26.493	9.941
-26.573	10.131
-26.603	10.181
-26.673	10.331
-26.783	10.521
-26.833	10.691
-26.873	10.781
-26.883	10.821
-26.913	10.911
-26.953	11.021
-26.963	11.061
-27.043	11.201
-27.083	11.261
-27.103	11.271
-27.133	11.321
-27.303	11.541
-27.323	11.551
-27.353	11.621
-27.483	11.761
-27.553	11.861
-27.623	12.001
-27.673	12.061
-27.733	12.161
-27.783	12.221
-27.853	12.321
-27.883	12.371
-27.923	12.411
-27.953	12.491
-27.993	12.681
-27.993	12.801
-27.943	12.931
-27.913	12.991
-27.873	13.001
-27.833	13.031
-27.793	13.041
-27.733	13.071
-27.673	13.081
-27.633	13.071
-27.613	13.071
-27.593	13.091
-27.553	13.071
-27.463	13.101
POLYLINE BLACK
-26.229	9.510
-26.243	9.545
-26.222	9.587
-26.194	9.608
-26.166	9.580
-26.166	9.566
-26.159	9.538
-26.166	9.524
-26.194	9.510
-26.208	9.510
-26.222	9.503
POLYLINE BLACK
-25.935	9.202
-25.956	9.244
-25.949	9.258
-25.921	9.272
-25.907	9.272
-25.893	9.265
-25.872	9.223
-25.879	9.209
-25.893	9.209
-25.921	9.195
-25.935	9.195
POLYLINE BLACK
-26.488	8.166
-26.502	8.173
-26.516	8.201
-26.502	8.250
-26.488	8.271
-26.460	8.285
-26.446	8.285
-26.404	8.229
-26.418	8.187
-26.446	8.180
POLYLINE BLACK
-26.257	8.355
-26.285	8.425
-26.285	8.446
-26.278	8.467
-26.257	8.495
-26.236	8.502
-26.208	8.502
-26.173	8.460
-26.173	8.439
-26.187	8.411
-26.215	8.397
POLYLINE BLACK
-25.963	8.593
-25.984	8.642
-25.963	8.684
-25.914	8.740
-25.900	8.740
-25.872	8.719
-25.872	8.656
-25.914	8.607
-25.928	8.600
POLYLINE BLACK
-26.145	8.747
-26.159	8.747
-26.166	8.775
-26.152	8.810
-26.110	8.845
-26.075	8.852
-26.047	8.838
-26.033	8.810
-26.033	8.789
-26.075	8.733
-26.103	8.733
-26.124	8.740
POLYLINE BLUE
-26.019	8.992
-25.991	9.006
-25.956	9.062
-25.928	9.090
-25.921	9.111
POLYLINE BLUE
-26.215	9.783
-26.215	9.769
-26.208	9.755
-26.208	9.692
-26.201	9.664
-26.152	9.643
-26.124	9.622
-26.096	9.622
-26.082	9.615
-26.061	9.573
-26.061	9.552
-26.117	9.412
-26.124	9.398
-26.082	9.370
-26.068	9.370
-26.026	9.349
-25.998	9.328
-25.984	9.300
-26.019	9.223
-26.061	9.160
-26.061	9.125
-26.012	9.069
-25.998	9.034
-25.984	9.020
-25.984	9.006
-25.977	8.978
-26.054	9.027
-26.089	9.041
-26.117	9.069
POLYLINE ORANGE
-25.291	7.403
-25.277	7.396
-25.263	7.410
-25.235	7.410
-25.221	7.417
-25.207	7.396
-25.207	7.382
-25.200	7.354
-25.200	7.298
-25.207	7.270
-25.186	7.333
-25.130	7.417
-25.116	7.424
-25.102	7.410
-25.102	7.396
-25.095	7.382
-25.095	7.347
-25.088	7.319
-25.088	7.277
-25.095	7.263
-25.095	7.277
-25.074	7.326
-25.074	7.340
-25.046	7.410
-25.011	7.459
-24.983	7.459
-24.941	7.375
-24.934	7.312
-24.920	7.256
-24.927	7.242
POLYLINE ORANGE
-25.599	7.557
-25.522	7.613
-25.494	7.627
-25.438	7.613
-25.431	7.599
-25.431	7.578
-25.459	7.515
-25.529	7.452
-25.480	7.459
-25.410	7.459
-25.396	7.452
-25.375	7.424
-25.375	7.361
-25.389	7.326
-25.431	7.291
-25.480	7.270
-25.564	7.270
-25.578	7.277
POLYLINE BLACK
-25.886	9.405
-25.872	9.398
-25.851	9.412
POLYLINE BLACK
-25.844	9.328
-25.809	9.349
POLYLINE BLACK
-25.760	9.216
-25.746	9.209
-25.732	9.230
-25.704	9.244
POLYLINE BLACK
-25.690	9.090
-25.627	9.097
-25.613	9.111
POLYLINE BLACK
-25.676	8.964
-25.648	8.971
-25.634	8.971
-25.606	8.957
POLYLINE BLACK
-25.711	8.852
-25.690	8.852
-25.662	8.838
-25.641	8.838
-25.613	8.831
POLYLINE BLACK
-25.767	8.740
-25.753	8.740
-25.739	8.726
-25.704	8.726
-25.662	8.712
POLYLINE BLACK
-26.026	9.797
-26.012	9.741
-26.012	9.727
-25.991	9.657
-25.942	9.559
-25.914	9.517
-25.858	9.447
-25.802	9.405
-25.753	9.349
-25.725	9.328
-25.697	9.286
-25.669	9.265
-25.634	9.223
-25.627	9.202
-25.599	9.160
-25.585	9.132
-25.564	9.020
-25.557	9.006
-25.557	8.971
-25.564	8.943
-25.564	8.894
-25.578	8.880
-25.578	8.866
-25.606	8.803
-25.606	8.789
-25.620	8.761
-25.620	8.747
-25.641	8.705
-25.641	8.691
-25.683	8.607
-25.697	8.593
POLYLINE BLACK
-25.326	9.538
-25.305	9.538
POLYLINE BLACK
-25.781	9.517
-25.767	9.524
-25.655	9.510
-25.515	9.531
-25.291	9.531
POLYLINE BLACK
-25.508	9.531
-25.557	9.517
-25.641	9.496
-25.655	9.503
-25.683	9.496
-25.711	9.496
-25.739	9.489
-25.774	9.489
-25.788	9.482
-25.823	9.496
-25.837	9.496
POLYLINE BLACK
-26.362	9.671
-26.327	9.580
-26.327	9.566
-26.306	9.510
-26.306	9.489
-26.292	9.461
-26.292	9.426
-26.278	9.398
-26.278	9.384
-26.271	9.356
-26.271	9.230
-26.278	9.216
-26.278	9.167
-26.292	9.118
-26.292	9.083
-26.306	9.027
-26.306	9.013
-26.320	8.964
-26.320	8.922
-26.327	8.908
-26.327	8.845
-26.334	8.831
POLYLINE BLACK
-26.943	8.705
-26.901	8.684
-26.859	8.698
-26.831	8.740
-26.817	8.747
-26.810	8.761
-26.810	8.810
-26.838	8.866
-26.887	8.922
-26.943	8.992
-26.985	9.062
-26.999	9.097
-26.999	9.111
-27.006	9.139
-27.006	9.202
-26.985	9.244
-26.985	9.258
-26.964	9.307
-26.852	9.405
-26.824	9.405
-26.803	9.412
-26.747	9.447
-26.698	9.440
-26.642	9.454
POLYLINE ORANGE
-25.690	7.592
-25.704	7.592
-25.760	7.613
-25.788	7.613
-25.837	7.592
-25.879	7.557
-25.893	7.557
-25.935	7.501
-25.949	7.473
-25.949	7.340
-25.921	7.298
-25.879	7.270
-25.851	7.256
-25.816	7.256
-25.788	7.249
-25.760	7.256
-25.746	7.256
-25.718	7.270
-25.704	7.270
-25.690	7.284
-25.676	7.284
-25.662	7.298
POLYLINE BLACK
-25.424	10.469
POLYLINE BLACK
-25.739	8.201
-25.725	8.215
-25.704	8.222
-25.676	8.215
-25.641	8.222
POLYLINE BLACK
-25.739	8.299
-25.662	8.327
-25.620	8.362
POLYLINE BLACK
-25.809	8.404
-25.718	8.432
POLYLINE BLACK
-25.816	8.516
-25.802	8.516
-25.774	8.537
-25.746	8.537
-25.704	8.551
POLYLINE BLACK
-25.697	9.475
-25.725	9.482
-25.753	9.475
-25.781	9.482
-25.802	9.482
-25.830	9.468
-25.865	9.468
-25.879	9.461
-25.900	9.461
-25.928	9.440
-25.949	9.440
-25.963	9.433
-25.977	9.440
-26.005	9.440
-26.040	9.433
-26.180	9.433
-26.194	9.440
-26.236	9.426
-26.257	9.433
-26.313	9.419
-26.369	9.419
-26.397	9.440
-26.446	9.440
-26.488	9.454
-26.565	9.454
-26.579	9.447
-26.593	9.454
-26.621	9.447
-26.642	9.447
-26.670	9.461
-26.698	9.454
-26.712	9.454
-26.740	9.447
-26.754	9.447
-26.782	9.433
-26.803	9.433
-26.817	9.419
POLYLINE BLACK
-26.922	8.719
-26.915	8.705
-26.887	8.705
-26.831	8.691
-26.817	8.691
-26.803	8.698
-26.775	8.684
-26.747	8.691
-26.719	8.684
-26.691	8.684
-26.677	8.677
-26.600	8.677
-26.572	8.684
-26.530	8.712
-26.502	8.712
-26.474	8.726
-26.460	8.726
-26.418	8.754
-26.411	8.768
-26.397	8.775
-26.369	8.810
-26.341	8.831
-26.313	8.873
-26.306	8.908
-26.299	8.936
POLYLINE BLACK
-25.515	9.475
-25.543	9.461
-25.557	9.461
-25.571	9.454
POLYLINE BLACK
-25.634	8.250
-25.634	8.194
-25.627	8.166
-25.627	8.145
-25.606	8.089
-25.690	8.075
-25.704	8.075
-25.732	8.061
-25.774	8.061
-25.788	8.068
-25.816	8.054
-25.858	8.054
-25.886	8.047
-25.900	8.047
-25.928	8.040
-25.942	8.040
-25.970	8.033
-25.998	8.040
-26.012	8.040
-26.026	8.047
-26.040	8.040
-26.061	8.040
-26.089	8.047
-26.103	8.047
-26.117	8.054
-26.152	8.054
-26.180	8.075
-26.243	8.075
-26.285	8.061
-26.299	8.068
-26.348	8.068
-26.376	8.061
-26.411	8.061
-26.439	8.068
-26.453	8.068
-26.467	8.061
-26.488	8.061
-26.516	8.068
-26.572	8.068
-26.600	8.054
-26.628	8.054
-26.677	8.033
-26.705	8.040
-26.733	8.026
-26.747	8.026
-26.775	8.033
-26.803	8.026
-26.838	8.033
-26.887	8.054
POLYLINE BLACK
-25.641	8.187
-25.627	8.159
-25.620	8.124
POLYLINE BLACK
-22.820	8.817
-22.785	8.740
-22.764	8.712
-22.764	8.691
-22.757	8.663
-22.743	8.677
-22.729	8.712
-22.729	8.733
-22.708	8.775
-22.708	8.789
-22.694	8.817
-22.708	8.831
-22.736	8.831
-22.764	8.810
-22.834	8.810
POLYLINE BLACK
-23.408	8.887
-23.394	8.859
-23.366	8.761
-23.366	8.712
-23.359	8.698
-23.142	8.831
-23.086	8.880
-23.135	8.894
-23.268	8.915
-23.415	8.929
-23.450	8.922
POLYLINE BLACK
-24.031	9.090
-24.031	9.076
-24.003	9.006
-24.003	8.985
-23.989	8.957
-23.989	8.943
-23.982	8.915
-23.982	8.901
-23.968	8.915
-23.898	8.950
-23.807	9.013
-23.821	9.027
-24.024	9.076
POLYLINE BLACK
-24.717	8.985
-24.717	8.971
-24.710	8.957
-24.710	8.831
-24.612	8.880
-24.549	8.915
-24.521	8.936
-24.556	8.957
-24.633	8.985
-24.668	8.999
-24.689	8.992
-24.703	8.999
POLYLINE BLACK
-25.200	8.992
-25.200	9.006
-25.158	9.139
-25.158	9.153
-25.151	9.181
-25.151	9.195
-25.130	9.167
-25.116	9.132
-25.116	9.118
-25.095	9.076
-25.095	9.034
-25.158	8.985
-25.172	8.985
-25.200	8.971
POLYLINE BLACK
-24.110	8.358
-24.110	8.388
-24.140	8.388
-24.260	8.463
-24.365	8.493
-24.515	8.493
-24.545	8.508
-24.605	8.493
-24.635	8.493
-24.785	8.553
-24.815	8.553
-24.845	8.568
-24.875	8.553
-24.935	8.568
-24.965	8.568
-25.025	8.613
-25.115	8.613
-25.175	8.658
-25.220	8.643
-25.280	8.658
-25.340	8.643
-25.400	8.673
-25.490	8.673
-25.520	8.658
-25.550	8.673
-25.640	8.613
-25.670	8.613
-25.700	8.553
-25.700	8.418
-25.670	8.418
-25.595	8.358
-25.610	8.298
-25.610	8.208
POLYLINE BLACK
-22.745	9.558
-22.940	9.468
-23.045	9.408
-23.165	9.333
-23.195	9.333
-23.255	9.303
-23.315	9.303
-23.375	9.318
-23.435	9.303
-23.465	9.318
-23.495	9.303
-23.540	9.303
-23.570	9.333
-23.660	9.333
-23.690	9.318
-23.765	9.333
-23.825	9.318
-23.915	9.318
-23.945	9.333
-24.005	9.318
-24.065	9.318
-24.125	9.333
-24.230	9.333
-24.290	9.348
-24.320	9.348
-24.350	9.363
-24.410	9.348
-24.455	9.363
-24.515	9.408
-24.545	9.408
-24.605	9.438
-24.680	9.438
-24.800	9.468
-24.860	9.468
-24.965	9.513
-24.995	9.513
-25.055	9.528
-25.145	9.528
-25.175	9.543
-25.235	9.513
-25.265	9.528
-25.325	9.483
-25.385	9.483
-25.475	9.453
-25.520	9.483
POLYLINE BLACK
-22.565	8.403
-22.505	8.433
-22.475	8.418
-22.325	8.463
-22.295	8.463
-22.115	8.553
-22.085	8.553
-21.965	8.628
POLYLINE BLACK
-25.595	8.073
-25.595	8.103
-25.565	8.088
-25.430	8.118
-25.340	8.118
-25.265	8.133
-25.175	8.133
-25.145	8.148
-25.115	8.133
-25.055	8.148
-24.995	8.148
-24.905	8.178
-24.845	8.148
-24.800	8.163
-24.740	8.148
-24.710	8.163
-24.650	8.148
-24.590	8.148
-24.560	8.133
-24.530	8.163
-24.500	8.163
-24.470	8.148
-24.440	8.163
-24.380	8.148
-24.350	8.148
-24.290	8.178
-24.260	8.178
-24.170	8.238
-24.140	8.238
-24.080	8.253
-23.990	8.328
-23.930	8.328
-23.900	8.358
-23.840	8.358
-23.720	8.433
-23.690	8.448
-23.660	8.433
-23.570	8.493
-23.450	8.493
-23.390	8.523
-23.345	8.523
-23.315	8.508
-23.255	8.523
-23.225	8.523
-23.195	8.538
-23.135	8.523
-23.075	8.523
-22.985	8.493
-22.910	8.493
-22.850	8.463
-22.820	8.463
-22.760	8.433
-22.730	8.433
-22.670	8.418
-22.550	8.418
-22.490	8.403
-22.475	8.433
-22.415	8.478
-22.355	8.463
-22.295	8.508
-22.235	8.508
-22.175	8.568
-22.145	8.568
-21.995	8.658
POLYLINE BLUE
-20.615	10.773
-20.615	10.743
-20.630	10.683
-20.660	10.473
-20.660	10.353
-20.675	10.218
-20.675	10.143
-20.690	10.068
POLYLINE BLUE
-20.855	10.818
-20.885	10.608
-20.885	10.473
-20.915	10.293
-20.915	10.023
POLYLINE BLUE
-21.020	10.698
-21.065	10.383
-21.065	10.263
-21.095	10.038
-21.095	9.948
POLYLINE BLUE
-21.200	10.593
-21.245	10.518
-21.260	10.278
-21.245	10.083
-21.245	9.828
POLYLINE BLUE
-20.435	10.803
-20.465	10.803
-20.615	10.848
-20.840	10.848
-20.900	10.803
-20.930	10.803
-21.155	10.668
-21.215	10.578
-21.260	10.548
-21.275	10.503
-21.320	10.443
-21.320	10.413
-21.365	10.308
-21.365	10.278
-21.380	10.248
-21.380	10.143
-21.350	10.023
-21.290	9.933
-21.200	9.873
-21.125	9.873
-21.095	9.888
-21.065	9.873
-20.750	10.083
-20.705	10.083
-20.645	10.143
-20.615	10.143
-20.555	10.188
-20.480	10.323
-20.435	10.533
-20.450	10.593
-20.495	10.653
-20.525	10.728
-20.615	10.803
POLYLINE BLACK
-20.570	11.703
-20.555	11.628
-20.510	11.493
-20.495	11.388
-20.435	11.193
-20.435	11.163
-20.375	10.953
-20.345	10.908
-20.345	10.878
-20.285	10.758
-20.285	10.728
-20.210	10.563
-20.210	10.533
-20.150	10.353
-20.150	10.323
-20.135	10.293
POLYLINE BLACK
-20.735	12.483
-20.690	12.423
-20.690	12.393
-20.630	12.303
-20.585	12.138
-20.570	12.108
-20.570	12.063
-20.525	11.868
-20.525	11.763
-20.510	11.733
-20.510	11.658
-20.525	11.598
-20.525	11.568
-20.555	11.508
-20.555	11.478
-20.585	11.418
-20.585	11.388
-20.615	11.358
-20.660	11.238
-20.720	11.193
-20.810	11.058
-21.110	10.788
-21.350	10.578
-21.440	10.533
-21.680	10.323
-21.890	10.128
-21.920	10.128
-22.025	9.993
-22.205	9.858
-22.310	9.783
-22.325	9.753
-22.475	9.648
-22.535	9.603
-22.715	9.513
POLYLINE BLACK
-20.495	10.248
-20.525	10.248
-20.600	10.158
-20.780	10.023
-20.855	9.933
-21.005	9.798
-21.035	9.753
-21.065	9.738
-21.125	9.603
-21.215	9.483
-21.305	9.363
-21.320	9.318
-21.350	9.303
-21.440	9.183
-21.440	9.138
-21.470	9.123
-21.530	8.958
-21.560	8.943
-21.590	8.868
-21.620	8.883
-21.635	8.838
-21.695	8.793
-21.710	8.763
-21.770	8.733
-21.785	8.703
-21.815	8.688
-21.845	8.628
-21.905	8.613
-21.935	8.583
-21.965	8.598
-21.995	8.568
-22.040	8.553
POLYLINE BLACK
-19.790	9.033
-19.835	9.138
-19.850	9.228
-19.880	9.288
-19.910	9.438
-19.925	9.498
-19.940	9.603
-19.940	9.978
-19.970	10.038
-19.970	10.068
-20.030	10.233
-20.045	10.263
-20.075	10.263
-20.165	10.323
-20.225	10.323
-20.255	10.338
-20.300	10.308
-20.330	10.308
-20.390	10.278
-20.420	10.293
-20.510	10.233
POLYLINE BLACK
-19.895	12.948
-19.775	12.678
-19.745	12.543
-19.745	12.348
-19.730	12.138
-19.730	12.063
-19.655	11.778
-19.640	11.748
-19.640	11.703
-19.595	11.613
-19.595	11.568
-19.580	11.538
-19.580	11.478
-19.550	11.403
-19.535	11.268
-19.490	11.178
-19.490	11.148
-19.415	10.968
-19.340	10.848
-19.265	10.683
-19.190	10.563
-19.115	10.383
-19.115	10.353
-19.085	10.323
-19.040	10.188
-19.025	10.113

ELEVATION
STATIONS
139.677	-33.853	6.11
134.552	-14.838	11.0
59.318	-15.734	11.1
61.821	-15.607	11.2
65.455	-16.438	11.3
68.631	-17.893	11.4
69.915	-18.620	11.5
70.651	-19.998	11.6
72.350	-19.959	11.7
75.899	-19.554	11.8
82.442	-17.842	11.9
74.268	-20.878	11.10
76.170	-21.009	11.11
77.786	-20.010	11.12
79.216	-20.034	11.13
81.311	-20.533	11.14
84.991	-21.647	11.15
87.138	-21.942	11.16
92.188	-23.226	11.17
93.764	-21.894	11.18
96.177	-21.541	11.19
100.351	-20.013	11.20
105.946	-18.677	11.21
111.058	-18.059	11.22
116.193	-16.520	11.23
118.393	-15.287	11.24
121.709	-14.679	11.25
123.047	-15.133	11.26
127.840	-14.822	11.27
132.912	-14.334	11.28
134.552	-14.838	11.29
88.620	-23.705	11.30
92.501	-23.990	11.31
96.279	-24.837	11.32
98.717	-25.754	11.33
101.852	-22.991	11.34
105.812	-23.152	11.35
109.278	-24.131	11.36
111.543	-24.630	11.37
113.020	-24.877	11.38
115.071	-30.290	11.39
117.327	-30.484	11.40
123.785	-30.965	11.41
127.925	-32.230	11.42
132.377	-33.080	11.43
139.677	-33.853	11.44
98.717	-25.754	14.0
100.944	-24.942	14.1
104.211	-24.463	14.2
108.810	-23.141	14.3
110.137	-23.340	14.4
111.872	-22.496	14.5
113.458	-21.145	14.6
104.294	-29.375	14.2
132.209	-39.065	11.43
123.584	-39.580	11.41
105.663	-21.477	11.35
92.203	-26.437	11.31
127.816	-13.398	11.27
123.142	-17.256	11.26
118.207	-12.516	11.24
110.797	-14.916	11.22
99.977	-15.511	11.20
95.907	-17.741	11.19
93.582	-18.906	11.18
87.057	-19.056	11.16
84.923	-19.876	11.15
77.653	-10.986	11.12
73.663	-14.676	11.10
70.183	-14.996	11.6
75.943	-23.216	11.8
65.083	-13.636	11.3
SHOTS
111.872	-22.496	113.458	-21.145
113.458	-21.145	113.370	-20.855
113.458	-21.145	113.160	-19.216
113.458	-21.145	113.428	-21.108
113.458	-21.145	113.650	-22.707
110.137	-23.340	111.872	-22.496
111.872	-22.496	111.357	-22.428
111.872	-22.496	111.918	-23.099
111.872	-22.496	111.770	-19.452
108.810	-23.141	110.137	-23.340
110.137	-23.340	110.365	-23.218
110.137	-23.340	110.924	-23.206
110.137	-23.340	111.020	-22.013
110.137	-23.340	109.246	-19.844
110.137	-23.340	110.030	-24.791
104.211	-24.463	108.810	-23.141
108.810	-23.141	109.227	-19.989
108.810	-23.141	109.183	-23.177
108.810	-23.141	109.050	-24.767
108.810	-23.141	108.811	-23.180
108.810	-23.141	108.407	-23.287
100.944	-24.942	104.211	-24.463
104.211	-24.463	104.110	-22.778
104.211	-24.463	104.155	-24.318
104.211	-24.463	104.234	-24.413
104.211	-24.463	104.251	-25.780
98.717	-25.754	100.944	-24.942
100.944	-24.942	100.861	-24.856
100.944	-24.942	100.894	-22.077
100.944	-24.942	101.056	-26.218
100.944	-24.942	100.942	-24.975
98.717	-25.754	98.717	-25.754
98.717	-25.754	94.309	-27.199
98.717	-25.754	95.341	-26.893
98.717	-25.754	96.210	-25.999
139.677	-33.853	139.677	-33.853
139.677	-33.853	139.677	-33.634
139.677	-33.853	139.677	-33.110
139.677	-33.853	139.677	-30.648
139.677	-33.853	139.677	-35.135
132.377	-33.080	139.677	-33.853
127.925	-32.230	132.377	-33.080
132.377	-33.080	132.457	-29.246
132.377	-33.080	132.761	-31.592
132.377	-33.080	132.148	-32.330
132.377	-33.080	132.896	-33.528
123.785	-30.965	127.925	-32.230
127.925	-32.230	128.653	-27.772
127.925	-32.230	128.153	-33.192
127.925	-32.230	127.941	-32.134
127.925	-32.230	128.146	-31.736
117.327	-30.484	123.785	-30.965
123.785	-30.965	123.803	-32.511
123.785	-30.965	123.779	-30.918
123.785	-30.965	123.569	-26.228
115.071	-30.290	117.327	-30.484
117.327	-30.484	117.422	-30.392
117.327	-30.484	117.134	-30.456
117.327	-30.484	117.474	-26.935
117.327	-30.484	117.325	-30.961
113.020	-24.877	115.071	-30.290
115.071	-30.290	113.940	-30.380
115.071	-30.290	115.206	-31.582
115.071	-30.290	114.298	-26.466
111.543	-24.630	113.020	-24.877
113.020	-24.877	114.490	-24.838
113.020	-24.877	113.538	-25.810
113.020	-24.877	112.573	-25.018
113.020	-24.877	113.250	-24.664
109.278	-24.131	111.543	-24.630
111.543	-24.630	111.727	-24.464
111.543	-24.630	111.376	-24.621
111.543	-24.630	111.500	-23.388
111.543	-24.630	111.578	-25.199
105.812	-23.152	109.278	-24.131
109.278	-24.131	109.424	-24.036
109.278	-24.131	109.317	-24.000
109.278	-24.131	109.241	-24.532
109.278	-24.131	109.229	-24.171
101.852	-22.991	105.812	-23.152
105.812	-23.152	105.441	-22.782
105.812	-23.152	105.826	-22.791
105.812	-23.152	105.228	-23.165
105.812	-23.152	105.497	-23.353
98.717	-25.754	101.852	-22.991
101.852	-22.991	102.095	-22.974
101.852	-22.991	101.540	-23.014
101.852	-22.991	101.865	-22.749
101.852	-22.991	101.842	-23.213
101.852	-22.991	100.179	-26.938
96.279	-24.837	98.717	-25.754
98.717	-25.754	98.639	-25.748
98.717	-25.754	99.093	-25.749
98.717	-25.754	98.676	-22.249
98.717	-25.754	98.841	-26.981
92.501	-23.990	96.279	-24.837
96.279	-24.837	96.237	-23.333
96.279	-24.837	96.878	-24.855
96.279	-24.837	97.394	-26.999
88.620	-23.705	92.501	-23.990
92.501	-23.990	92.703	-23.162
92.501	-23.990	92.496	-23.709
92.501	-23.990	92.661	-23.568
92.501	-23.990	92.444	-24.378
87.138	-21.942	88.620	-23.705
88.620	-23.705	88.605	-22.974
88.620	-23.705	88.763	-23.548
88.620	-23.705	88.938	-24.196
88.620	-23.705	88.481	-23.142
134.552	-14.838	134.552	-14.838
132.912	-14.334	134.552	-14.838
127.840	-14.822	132.912	-14.334
132.912	-14.334	134.769	-14.795
132.912	-14.334	131.792	-14.392
132.912	-14.334	133.092	-15.733
123.047	-15.133	127.840	-14.822
127.840	-14.822	127.843	-14.811
127.840	-14.822	127.870	-14.325
127.840	-14.822	127.840	-15.421
121.709	-14.679	123.047	-15.133
123.047	-15.133	123.073	-14.927
123.047	-15.133	123.015	-15.145
123.047	-15.133	123.058	-15.833
118.393	-15.287	121.709	-14.679
121.709	-14.679	121.588	-14.263
121.709	-14.679	121.256	-15.186
121.709	-14.679	120.898	-14.391
121.709	-14.679	121.715	-15.914
121.709	-14.679	121.762	-14.581
121.709	-14.679	123.635	-11.357
121.709	-14.679	123.516	-11.499
116.193	-16.520	118.393	-15.287
118.393	-15.287	115.490	-16.398
118.393	-15.287	116.367	-16.189
118.393	-15.287	118.015	-15.565
118.393	-15.287	120.423	-14.756
118.393	-15.287	122.362	-14.202
118.393	-15.287	121.424	-14.440
118.393	-15.287	119.055	-15.338
118.393	-15.287	117.581	-15.739
118.393	-15.287	118.512	-16.689
111.058	-18.059	116.193	-16.520
116.193	-16.520	116.226	-16.016
116.193	-16.520	116.454	-16.084
116.193	-16.520	116.106	-16.321
116.193	-16.520	116.255	-17.356
105.946	-18.677	111.058	-18.059
111.058	-18.059	111.059	-17.416
111.058	-18.059	111.017	-17.833
111.058	-18.059	110.960	-17.873
111.058	-18.059	111.165	-18.644
100.351	-20.013	105.946	-18.677
105.946	-18.677	105.774	-19.815
105.946	-18.677	106.206	-18.647
105.946	-18.677	105.883	-18.819
105.946	-18.677	105.975	-18.526
96.177	-21.541	100.351	-20.013
100.351	-20.013	100.263	-19.416
100.351	-20.013	100.343	-20.036
100.351	-20.013	100.236	-21.758
93.764	-21.894	96.177	-21.541
96.177	-21.541	96.174	-21.542
96.177	-21.541	96.083	-20.433
96.177	-21.541	96.363	-22.998
92.188	-23.226	93.764	-21.894
93.764	-21.894	93.442	-21.834
93.764	-21.894	94.441	-21.659
93.764	-21.894	93.686	-21.243
93.764	-21.894	93.875	-23.596
93.764	-21.894	94.569	-21.294
93.764	-21.894	94.834	-21.216
87.138	-21.942	92.188	-23.226
92.188	-23.226	92.330	-21.549
92.188	-23.226	92.338	-23.551
92.188	-23.226	92.202	-23.189
92.188	-23.226	92.114	-22.593
84.991	-21.647	87.138	-21.942
87.138	-21.942	87.527	-21.866
87.138	-21.942	86.138	-22.200
87.138	-21.942	87.129	-21.753
87.138	-21.942	86.992	-23.845
81.311	-20.533	84.991	-21.647
84.991	-21.647	84.624	-21.610
84.991	-21.647	85.007	-21.289
84.991	-21.647	84.973	-21.842
84.991	-21.647	85.065	-21.633
79.216	-20.034	81.311	-20.533
81.311	-20.533	81.526	-20.448
81.311	-20.533	81.321	-20.398
81.311	-20.533	80.152	-20.699
81.311	-20.533	82.008	-21.127
81.311	-20.533	82.446	-21.703
77.786	-20.010	79.216	-20.034
79.216	-20.034	78.942	-20.001
79.216	-20.034	79.223	-19.906
79.216	-20.034	79.077	-24.668
79.216	-20.034	80.216	-20.043
76.170	-21.009	77.786	-20.010
77.786	-20.010	77.798	-19.391
77.786	-20.010	77.963	-19.704
77.786	-20.010	76.384	-22.782
77.786	-20.010	77.114	-19.421
77.786	-20.010	77.549	-19.957
77.786	-20.010	74.286	-18.404
74.268	-20.878	76.170	-21.009
76.170	-21.009	76.437	-19.094
76.170	-21.009	76.019	-20.638
76.170	-21.009	76.286	-20.571
76.170	-21.009	76.179	-22.761
70.651	-19.998	74.268	-20.878
74.268	-20.878	74.297	-20.845
74.268	-20.878	74.454	-18.415
74.268	-20.878	74.296	-22.258
75.899	-19.554	82.442	-17.842
72.350	-19.959	75.899	-19.554
75.899	-19.554	76.105	-18.766
75.899	-19.554	76.092	-19.569
75.899	-19.554	75.775	-19.655
75.899	-19.554	75.941	-20.494
75.899	-19.554	76.303	-19.648
70.651	-19.998	72.350	-19.959
72.350	-19.959	72.361	-19.978
72.350	-19.959	72.352	-21.026
72.350	-19.959	72.488	-19.048
69.915	-18.620	70.651	-19.998
70.651	-19.998	70.351	-17.654
70.651	-19.998	70.040	-20.166
70.651	-19.998	69.261	-19.694
70.651	-19.998	70.967	-21.371
68.631	-17.893	69.915	-18.620
69.915	-18.620	70.571	-18.692
69.915	-18.620	70.042	-17.699
69.915	-18.620	70.370	-21.471
69.915	-18.620	69.504	-18.776
65.455	-16.438	68.631	-17.893
68.631	-17.893	68.718	-17.861
68.631	-17.893	68.575	-17.515
68.631	-17.893	68.739	-17.227
68.631	-17.893	68.471	-18.621
61.821	-15.607	65.455	-16.438
65.455	-16.438	65.344	-16.403
65.455	-16.438	65.270	-16.390
65.455	-16.438	65.497	-16.167
65.455	-16.438	65.652	-17.923
59.318	-15.734	61.821	-15.607
61.821	-15.607	62.582	-15.830
61.821	-15.607	63.071	-15.892
61.821	-15.607	62.519	-16.951
61.821	-15.607	62.228	-15.443
56.003	-14.896	59.318	-15.734
56.003	-14.896	56.003	-14.896
104.294	-29.375	104.060	-27.690	
104.294	-29.375	103.883	-29.230	
104.294	-29.375	104.436	-29.325	
104.294	-29.375	104.307	-30.692	
132.209	-39.065	132.409	-35.231	
132.209	-39.065	133.918	-37.577	
132.209	-39.065	131.156	-38.315	
132.209	-39.065	132.710	-39.513	
123.584	-39.580	123.858	-41.126	
123.584	-39.580	124.388	-39.533	
123.584	-39.580	124.739	-34.843	
105.663	-21.477	105.737	-21.107	
105.663	-21.477	105.968	-21.116	
105.663	-21.477	105.048	-21.490	
105.663	-21.477	105.513	-21.678	
92.203	-26.437	92.465	-25.609	
92.203	-26.437	91.977	-26.156	
92.203	-26.437	93.078	-26.015	
92.203	-26.437	92.453	-26.825	
127.816	-13.398	128.175	-13.387	
127.816	-13.398	127.832	-12.901	
127.816	-13.398	127.821	-13.997	
123.142	-17.256	123.174	-17.050	
123.142	-17.256	123.407	-17.268	
123.142	-17.256	123.116	-17.956	
118.207	-12.516	119.186	-13.627	
118.207	-12.516	119.990	-13.418	
118.207	-12.516	120.663	-12.794	
118.207	-12.516	121.078	-11.985	
118.207	-12.516	120.387	-11.431	
118.207	-12.516	118.656	-11.669	
118.207	-12.516	117.877	-12.567	
118.207	-12.516	117.404	-12.968	
118.207	-12.516	118.260	-13.918	
110.797	-14.916	110.687	-14.273	
110.797	-14.916	111.487	-14.690	
110.797	-14.916	110.183	-14.730	
110.797	-14.916	110.691	-15.501	
99.977	-15.511	100.215	-14.914	
99.977	-15.511	100.415	-15.534	
99.977	-15.511	100.081	-17.256	
95.907	-17.741	96.185	-17.742	
95.907	-17.741	96.021	-16.633	
95.907	-17.741	96.023	-19.198	
93.582	-18.906	94.472	-18.846	
93.582	-18.906	92.852	-18.671	
93.582	-18.906	93.704	-18.255	
93.582	-18.906	93.463	-20.608	
93.582	-18.906	92.736	-18.306	
93.582	-18.906	92.607	-18.228	
87.057	-19.056	86.839	-18.980	
87.057	-19.056	87.647	-19.314	
87.057	-19.056	87.081	-18.867	
87.057	-19.056	86.466	-20.959	
84.923	-19.876	84.004	-19.839	
84.923	-19.876	84.940	-19.518	
84.923	-19.876	84.913	-20.071	
84.923	-19.876	85.113	-19.862	
77.653	-10.986	77.567	-10.367	
77.653	-10.986	78.181	-10.680	
77.653	-10.986	77.590	-13.758	
77.653	-10.986	75.478	-10.397	
77.653	-10.986	77.159	-10.933	
77.653	-10.986	76.364	-9.380	
73.663	-14.676	74.116	-14.643	
73.663	-14.676	74.610	-12.213	
73.663	-14.676	74.046	-16.056	
70.183	-14.996	69.922	-12.652	
70.183	-14.996	69.555	-15.164	
70.183	-14.996	68.793	-14.692	
70.183	-14.996	69.896	-16.369	
75.943	-23.216	76.160	-22.428	
75.943	-23.216	75.858	-23.231	
75.943	-23.216	75.907	-23.317	
75.943	-23.216	75.858	-24.156	
75.943	-23.216	76.524	-23.310	
65.083	-13.636	64.297	-13.601	
65.083	-13.636	65.412	-13.588	
65.083	-13.636	64.853	-13.365	
65.083	-13.636	65.146	-15.121	
POLYLINE BLACK
108.969	-24.732
109.229	-24.672
109.389	-24.592
109.509	-24.592
109.589	-24.572
109.769	-24.552
109.809	-24.572
109.889	-24.552
110.049	-24.612
110.129	-24.572
110.149	-24.492
110.249	-24.372
110.249	-24.312
110.269	-24.232
110.309	-24.012
110.309	-23.932
110.329	-23.852
110.329	-23.712
110.369	-23.592
110.669	-23.292
110.789	-23.252
110.849	-23.192
111.029	-23.172
111.109	-23.152
111.269	-23.152
111.309	-23.172
111.529	-23.112
111.629	-23.112
111.809	-23.052
111.849	-23.072
111.929	-23.012
112.009	-23.012
112.109	-22.992
112.149	-22.992
POLYLINE BLACK
113.609	-22.592
113.489	-22.692
113.389	-22.692
113.209	-22.752
113.069	-22.752
112.989	-22.772
112.909	-22.772
112.829	-22.792
112.649	-22.812
112.569	-22.852
112.529	-22.832
112.449	-22.852
112.289	-22.852
112.169	-22.892
112.129	-22.872
112.009	-22.932
111.929	-22.952
POLYLINE BLACK
113.149	-19.252
112.889	-19.272
112.689	-19.312
112.549	-19.312
112.229	-19.372
112.169	-19.372
112.129	-19.392
112.089	-19.372
112.009	-19.392
111.909	-19.412
111.829	-19.432
111.329	-19.532
111.189	-19.532
111.049	-19.552
110.749	-19.552
110.609	-19.592
110.529	-19.612
110.489	-19.592
110.309	-19.632
110.229	-19.612
110.009	-19.712
109.929	-19.732
109.589	-19.852
109.469	-19.892
109.409	-19.892
109.329	-19.912
109.249	-19.892
POLYLINE BLACK
104.069	-25.612
104.109	-25.652
104.509	-25.532
104.589	-25.512
104.669	-25.492
104.769	-25.452
POLYLINE BLACK
104.529	-25.612
104.729	-25.572
104.789	-25.572
104.969	-25.512
105.089	-25.512
105.389	-25.432
105.489	-25.432
105.529	-25.412
105.609	-25.412
105.829	-25.372
105.909	-25.372
105.969	-25.332
106.109	-25.332
106.309	-25.272
106.369	-25.272
106.469	-25.252
106.549	-25.252
106.729	-25.212
106.829	-25.212
106.909	-25.192
107.029	-25.192
107.129	-25.172
107.389	-25.172
107.529	-25.152
107.609	-25.152
107.829	-25.112
107.909	-25.092
108.209	-24.992
108.329	-24.932
108.429	-24.912
108.549	-24.852
108.589	-24.872
108.729	-24.812
108.989	-24.792
109.029	-24.772
109.069	-24.792
POLYLINE BLACK
109.229	-19.872
108.969	-20.132
108.629	-20.472
108.529	-20.512
108.129	-20.912
107.909	-21.032
107.889	-21.092
107.849	-21.092
107.749	-21.332
107.509	-21.612
107.289	-21.832
107.129	-21.912
107.049	-21.932
106.829	-22.052
106.749	-22.072
106.509	-22.152
106.469	-22.192
POLYLINE BLACK
104.489	-22.692
104.589	-22.692
104.849	-22.632
105.029	-22.592
105.069	-22.552
105.189	-22.552
105.369	-22.492
105.549	-22.492
105.709	-22.452
105.809	-22.452
106.289	-22.232
106.329	-22.212
106.449	-22.212
106.589	-22.152
106.709	-22.052
106.789	-22.032
106.949	-21.932
POLYLINE BLACK
104.789	-22.592
104.869	-22.572
105.169	-22.492
105.469	-22.492
105.509	-22.472
105.549	-22.492
POLYLINE BLACK
104.189	-27.672
104.149	-27.662
104.089	-27.642
104.049	-27.652
104.019	-27.682
103.969	-27.772
103.969	-27.792
103.929	-27.902
103.929	-27.962
103.919	-28.052
103.909	-28.102
103.899	-28.232
103.899	-28.662
103.919	-28.832
103.919	-28.882
103.929	-28.922
103.929	-29.052
103.939	-29.092
103.939	-29.342
103.949	-29.502
103.959	-29.542
103.959	-29.572
103.969	-29.612
103.999	-29.762
103.999	-29.902
103.989	-29.942
103.989	-29.992
103.979	-30.042
103.979	-30.142
103.989	-30.192
103.989	-30.232
104.019	-30.362
104.019	-30.392
104.029	-30.432
104.029	-30.492
104.059	-30.602
104.179	-30.692
104.239	-30.692
104.279	-30.702
104.319	-30.712
104.359	-30.702
104.449	-30.612
104.469	-30.572
104.469	-30.432
104.449	-30.332
104.449	-30.252
104.439	-30.202
104.439	-30.102
104.429	-30.042
104.429	-29.992
104.439	-29.952
104.439	-29.172
104.429	-29.102
104.419	-29.002
104.379	-28.822
104.379	-28.792
104.359	-28.702
104.359	-28.332
104.349	-28.232
104.329	-28.062
104.219	-27.772
104.169	-27.692
104.089	-27.642
POLYLINE CONNECT
104.294	-29.375
104.211	-24.463
POLYLINE BLACK
102.044	-22.715
102.104	-22.700
102.209	-22.700
102.269	-22.715
102.344	-22.730
102.374	-22.715
102.404	-22.730
102.494	-22.730
102.569	-22.745
102.599	-22.730
102.689	-22.745
102.794	-22.745
102.824	-22.760
103.124	-22.760
103.199	-22.775
103.229	-22.775
103.259	-22.760
103.394	-22.760
103.439	-22.775
103.529	-22.760
103.634	-22.775
103.664	-22.760
103.724	-22.775
104.159	-22.775
POLYLINE BLACK
104.144	-22.745
104.084	-22.730
104.024	-22.745
103.934	-22.745
103.904	-22.760
103.874	-22.745
103.814	-22.775
103.709	-22.775
103.604	-22.760
103.529	-22.775
103.499	-22.775
103.439	-22.790
103.349	-22.790
103.319	-22.760
103.304	-22.790
103.289	-22.760
103.259	-22.775
103.004	-22.775
102.974	-22.790
102.899	-22.760
102.854	-22.775
102.824	-22.760
102.764	-22.775
102.599	-22.745
102.449	-22.745
102.389	-22.715
102.254	-22.700
101.999	-22.700
101.939	-22.685
101.909	-22.685
101.849	-22.670
101.744	-22.670
101.714	-22.655
101.654	-22.670
101.594	-22.670
101.534	-22.655
101.474	-22.670
101.414	-22.655
101.384	-22.655
POLYLINE BLACK
104.204	-25.715
104.174	-25.715
104.114	-25.700
104.069	-25.700
104.009	-25.685
103.904	-25.685
103.874	-25.700
103.844	-25.685
103.784	-25.700
103.649	-25.715
103.259	-25.715
103.169	-25.790
103.124	-25.850
103.004	-25.910
102.914	-25.910
102.884	-25.880
102.854	-25.880
102.824	-25.895
102.764	-25.880
102.734	-25.895
102.689	-25.895
102.659	-25.910
102.599	-25.895
102.509	-25.895
102.449	-25.910
102.419	-25.895
102.374	-25.895
102.314	-25.880
102.269	-25.880
102.239	-25.865
102.179	-25.880
102.149	-25.880
102.089	-25.910
102.044	-25.880
101.984	-25.880
101.894	-25.835
101.744	-25.895
101.714	-25.895
101.624	-25.940
101.579	-26.030
101.579	-26.090
101.549	-26.150
101.489	-26.180
101.459	-26.180
101.399	-26.195
101.369	-26.195
101.339	-26.210
101.279	-26.195
101.189	-26.195
101.129	-26.210
101.054	-26.330
101.054	-26.360
100.979	-26.450
100.859	-26.525
POLYLINE BLACK
130.109	-35.360
130.169	-35.375
130.229	-35.345
POLYLINE BLACK
130.124	-35.735
130.184	-35.705
130.214	-35.705
130.304	-35.675
130.334	-35.690
POLYLINE BLACK
129.794	-35.765
129.929	-35.720
129.989	-35.735
POLYLINE BLACK
129.434	-35.750
129.494	-35.750
129.554	-35.735
129.584	-35.735
129.614	-35.720
POLYLINE BLACK
130.109	-35.390
130.169	-35.375
POLYLINE BLACK
129.749	-35.375
129.779	-35.390
129.929	-35.345
129.959	-35.330
POLYLINE BLACK
129.389	-35.390
129.449	-35.375
129.464	-35.345
129.524	-35.360
129.554	-35.330
POLYLINE BLACK
134.129	-35.015
134.159	-35.015
134.219	-35.030
134.369	-35.030
134.429	-35.015
134.474	-35.015
134.504	-35.000
134.549	-35.000
134.579	-35.015
134.639	-35.000
134.684	-35.015
134.744	-35.000
134.774	-35.000
134.834	-34.970
134.864	-34.985
134.924	-34.970
134.984	-35.015
135.014	-35.075
135.014	-35.135
134.999	-35.210
134.999	-35.240
134.939	-35.330
134.879	-35.345
134.669	-35.345
134.639	-35.375
134.519	-35.330
134.489	-35.345
134.399	-35.450
134.369	-35.450
134.309	-35.495
134.294	-35.525
134.264	-35.540
134.264	-35.600
134.249	-35.675
134.249	-35.735
134.189	-35.930
134.144	-36.020
134.144	-36.050
134.069	-36.140
134.069	-36.170
134.039	-36.260
134.039	-36.470
134.024	-36.530
134.024	-36.590
133.889	-37.355
133.889	-37.475
133.844	-37.580
133.844	-37.640
133.784	-37.745
133.724	-37.865
133.724	-37.895
133.634	-38.090
133.514	-38.195
133.454	-38.285
133.424	-38.300
133.349	-38.405
133.319	-38.435
133.319	-38.465
133.289	-38.495
133.274	-38.540
133.229	-38.600
133.214	-38.675
133.184	-38.735
133.184	-38.765
133.124	-38.960
133.124	-39.050
133.064	-39.200
133.064	-39.260
133.034	-39.365
132.989	-39.425
132.899	-39.470
132.839	-39.470
132.779	-39.485
132.749	-39.485
132.719	-39.470
132.689	-39.485
132.629	-39.470
132.599	-39.470
132.569	-39.455
132.524	-39.455
132.434	-39.485
132.374	-39.470
POLYLINE BLACK
130.349	-35.315
130.409	-35.330
130.469	-35.300
130.529	-35.300
130.634	-35.255
130.694	-35.255
130.784	-35.225
130.844	-35.240
130.964	-35.240
131.009	-35.225
131.114	-35.225
131.204	-35.195
131.234	-35.210
131.294	-35.210
131.414	-35.195
131.474	-35.195
131.519	-35.210
131.579	-35.195
131.609	-35.195
131.669	-35.210
131.699	-35.195
131.969	-35.195
132.029	-35.210
132.104	-35.210
132.164	-35.195
132.239	-35.210
132.314	-35.195
132.524	-35.195
132.554	-35.180
132.629	-35.195
132.689	-35.180
132.779	-35.180
132.839	-35.165
132.944	-35.165
132.974	-35.150
133.019	-35.150
133.064	-35.165
133.124	-35.150
133.154	-35.150
133.214	-35.120
133.244	-35.120
133.274	-35.135
133.334	-35.120
133.364	-35.120
133.424	-35.105
133.619	-35.105
133.649	-35.090
133.694	-35.090
133.754	-35.075
133.829	-35.075
133.889	-35.060
134.009	-35.060
134.069	-35.045
134.129	-35.045
134.219	-35.000
134.279	-35.015
134.309	-35.015
134.339	-35.000
POLYLINE BLACK
131.369	-39.260
131.429	-39.395
131.549	-39.470
131.579	-39.455
131.699	-39.485
131.759	-39.470
131.879	-39.500
131.909	-39.500
131.969	-39.515
132.029	-39.485
132.089	-39.500
132.224	-39.500
132.344	-39.485
132.374	-39.485
132.434	-39.470
132.464	-39.470
132.524	-39.455
132.569	-39.455
132.599	-39.440
132.629	-39.455
132.689	-39.440
POLYLINE BLACK
131.084	-36.275
131.219	-36.440
131.264	-36.560
131.279	-36.650
131.309	-36.755
131.309	-36.920
131.354	-37.445
131.354	-37.550
131.309	-37.775
131.264	-37.910
131.264	-38.075
131.324	-38.390
131.339	-38.495
131.339	-38.525
131.354	-38.585
131.369	-38.720
131.369	-38.855
131.384	-38.885
131.384	-38.975
131.369	-39.035
131.369	-39.230
131.384	-39.305
131.414	-39.335
POLYLINE BLACK
130.304	-35.630
130.319	-35.675
130.349	-35.705
130.379	-35.705
130.409	-35.675
130.469	-35.705
130.544	-35.705
130.574	-35.690
130.634	-35.705
130.664	-35.690
130.724	-35.705
130.754	-35.705
130.814	-35.735
130.829	-35.780
130.859	-35.795
130.949	-35.915
130.949	-35.945
130.979	-35.975
130.979	-36.005
131.024	-36.095
131.024	-36.125
131.039	-36.155
131.039	-36.200
131.129	-36.350
131.129	-36.455
131.159	-36.590
131.159	-36.620
POLYLINE CONNECT
132.209	-39.065
132.377	-33.080
POLYLINE BLACK
128.519	-27.845
128.579	-27.785
128.849	-27.815
128.999	-27.815
129.089	-27.845
129.239	-27.845
129.389	-27.875
129.539	-27.845
POLYLINE BLACK
128.909	-27.845
129.629	-28.055
130.049	-28.325
130.229	-28.475
130.289	-28.475
130.499	-28.595
131.189	-28.895
131.279	-28.895
131.369	-28.955
131.459	-28.955
131.639	-29.015
131.759	-29.105
132.239	-29.225
132.359	-29.285
132.449	-29.285
132.719	-29.405
132.869	-29.405
132.989	-29.435
133.139	-29.435
133.289	-29.465
133.409	-29.495
133.589	-29.555
133.949	-29.585
134.399	-29.705
134.579	-29.705
134.669	-29.765
134.999	-29.825
135.119	-29.855
135.689	-30.035
135.839	-30.035
136.469	-30.245
136.739	-30.275
136.859	-30.335
136.949	-30.335
137.459	-30.515
137.849	-30.605
138.089	-30.665
138.179	-30.665
138.239	-30.635
138.989	-30.665
139.049	-30.695
139.169	-30.665
139.289	-30.695
139.589	-30.725
139.889	-30.725
140.069	-30.785
140.219	-30.785
140.339	-30.815
POLYLINE BLACK
139.889	-33.935
POLYLINE BLACK
140.039	-33.965
140.069	-34.175
140.069	-34.265
140.129	-34.445
140.129	-34.745
140.159	-34.865
140.159	-35.135
140.009	-35.135
139.799	-35.195
139.709	-35.255
139.589	-35.285
139.529	-35.255
139.469	-35.315
POLYLINE BLACK
139.979	-33.935
POLYLINE BLACK
137.909	-34.025
138.179	-33.965
138.419	-33.965
138.539	-33.935
138.749	-33.935
138.869	-33.905
138.989	-33.905
139.229	-33.815
139.409	-33.875
139.529	-33.845
139.649	-33.905
139.709	-33.875
139.889	-33.935
POLYLINE BLACK
138.779	-34.055
138.659	-34.055
138.539	-34.025
138.389	-34.025
138.329	-33.965
138.089	-33.905
137.879	-33.935
137.909	-34.415
137.909	-34.565
137.969	-34.835
137.969	-35.015
137.999	-35.135
137.999	-35.285
POLYLINE BLACK
132.569	-33.815
132.779	-33.755
133.049	-33.755
133.169	-33.695
133.289	-33.725
133.559	-33.755
133.679	-33.785
133.799	-33.755
134.189	-33.845
134.309	-33.875
134.429	-33.905
134.549	-33.905
134.609	-33.875
134.729	-33.905
134.849	-33.935
134.909	-33.905
135.179	-33.995
135.239	-33.995
135.599	-34.415
135.599	-34.475
135.929	-34.895
136.079	-34.955
136.229	-35.045
136.349	-35.045
136.409	-35.075
136.559	-35.015
136.679	-35.045
136.799	-35.045
136.919	-35.105
137.129	-35.075
137.339	-35.075
137.549	-35.105
137.759	-35.105
137.819	-35.135
137.969	-35.105
138.089	-35.105
138.149	-35.075
138.209	-35.135
138.479	-35.135
138.629	-35.105
138.809	-35.105
138.929	-35.075
139.079	-35.075
139.199	-35.105
139.499	-35.105
139.559	-35.075
139.679	-35.105
139.859	-35.105
139.919	-35.135
POLYLINE BLACK
131.669	-33.575
132.029	-33.275
132.209	-33.155
132.389	-33.215
132.479	-33.365
132.479	-33.545
132.509	-33.665
132.569	-33.695
POLYLINE BLACK
127.889	-33.245
128.099	-33.245
128.159	-33.275
128.279	-33.275
128.339	-33.245
128.459	-33.305
128.519	-33.275
129.059	-33.275
129.179	-33.305
129.239	-33.275
129.359	-33.305
129.509	-33.305
129.569	-33.335
129.629	-33.305
129.749	-33.305
129.929	-33.365
130.049	-33.335
130.199	-33.335
130.379	-33.395
130.589	-33.365
130.769	-33.425
130.829	-33.395
130.949	-33.425
131.069	-33.455
131.189	-33.515
131.249	-33.485
131.369	-33.515
131.489	-33.545
131.909	-33.665
132.029	-33.665
132.149	-33.755
132.389	-33.725
132.599	-33.725
132.899	-33.695
132.959	-33.665
POLYLINE BLACK
124.319	-39.590
124.319	-39.560
124.394	-39.320
124.394	-39.275
124.409	-39.215
124.409	-39.185
124.424	-39.125
124.409	-38.645
124.424	-38.585
124.424	-38.510
124.439	-38.450
124.439	-38.165
124.484	-37.970
124.484	-37.925
124.499	-37.895
124.499	-37.790
124.514	-37.760
124.514	-37.655
124.529	-37.595
124.529	-37.520
124.544	-37.460
124.544	-37.430
124.559	-37.370
124.559	-37.070
124.574	-37.010
124.574	-36.980
124.604	-36.875
124.634	-36.845
124.634	-36.770
124.679	-36.665
124.679	-36.545
124.694	-36.485
124.694	-36.410
124.739	-36.245
124.739	-36.080
124.754	-36.050
124.739	-36.020
124.754	-35.960
124.769	-35.825
124.784	-35.765
124.784	-35.600
124.799	-35.540
124.799	-35.480
124.844	-35.360
124.889	-35.300
124.949	-35.300
125.099	-35.255
125.129	-35.255
125.189	-35.225
125.219	-35.240
125.249	-35.225
125.309	-35.255
125.399	-35.195
125.429	-35.195
125.459	-35.165
125.489	-35.165
125.549	-35.105
125.579	-35.105
125.579	-35.075
125.519	-34.925
125.504	-34.895
125.384	-34.835
125.279	-34.835
125.219	-34.820
125.159	-34.835
124.934	-34.835
124.904	-34.820
124.874	-34.835
124.829	-34.835
124.799	-34.820
124.739	-34.835
124.574	-34.835
124.484	-34.805
124.439	-34.820
124.409	-34.805
124.289	-34.820
124.229	-34.820
124.064	-34.865
124.034	-34.850
123.884	-34.910
123.824	-34.925
123.794	-34.925
123.779	-34.955
123.749	-34.970
123.719	-34.955
123.674	-34.985
123.644	-34.985
123.554	-35.030
123.524	-35.030
123.434	-35.075
123.434	-35.105
123.404	-35.150
123.374	-35.165
123.329	-35.255
123.344	-35.360
123.404	-35.390
123.464	-35.390
123.494	-35.420
123.614	-35.420
123.674	-35.405
123.704	-35.405
123.764	-35.435
123.794	-35.435
123.839	-35.585
123.839	-35.645
123.809	-35.765
123.809	-35.825
123.824	-35.855
123.824	-35.975
123.809	-36.035
123.809	-36.095
123.794	-36.185
123.794	-36.215
123.809	-36.275
123.809	-36.350
123.794	-36.425
123.794	-36.560
123.779	-36.695
123.779	-36.755
123.764	-36.815
123.764	-36.920
123.749	-36.980
123.749	-37.205
123.764	-37.265
123.764	-37.430
123.749	-37.460
123.749	-37.505
123.704	-37.655
123.704	-37.730
123.689	-37.790
123.689	-37.955
123.674	-38.015
123.674	-38.225
123.659	-38.285
123.659	-38.435
123.644	-38.495
123.644	-38.585
123.629	-38.660
123.629	-38.750
123.614	-38.825
123.614	-38.885
123.599	-38.945
123.599	-39.035
123.584	-39.110
123.584	-39.140
123.569	-39.200
123.569	-39.230
123.554	-39.290
123.554	-39.425
POLYLINE BLACK
123.554	-39.365
123.554	-39.560
123.569	-39.620
123.569	-39.650
123.524	-39.800
123.524	-39.935
123.599	-40.115
123.614	-40.310
123.614	-40.340
123.629	-40.400
123.629	-40.445
123.614	-40.505
123.614	-40.745
123.599	-40.805
123.569	-40.970
123.569	-41.000
123.554	-41.060
123.554	-41.090
123.614	-41.180
123.674	-41.165
123.734	-41.180
123.869	-41.135
123.944	-41.135
124.004	-41.105
124.064	-41.120
124.094	-41.120
124.124	-41.090
124.214	-41.090
124.244	-41.075
124.289	-40.985
124.289	-40.685
124.259	-40.550
124.259	-40.520
124.244	-40.460
124.244	-40.325
124.304	-40.100
124.304	-40.025
124.319	-39.965
124.319	-39.650
124.304	-39.590
124.304	-39.545
POLYLINE CONNECT
123.584	-39.580
123.785	-30.965
POLYLINE BLACK
123.434	-32.680
123.534	-32.630
123.984	-32.730
124.334	-32.730
124.534	-32.780
125.034	-32.780
125.134	-32.730
125.384	-32.880
125.834	-32.880
126.084	-32.930
126.284	-32.930
126.784	-33.130
127.034	-33.130
127.234	-33.180
127.434	-33.230
127.534	-33.280
127.634	-33.230
127.834	-33.330
128.034	-33.280
POLYLINE BLACK
123.384	-26.580
123.584	-26.580
123.934	-26.780
124.534	-26.930
124.684	-27.030
124.884	-27.030
125.234	-27.130
125.334	-27.080
126.234	-27.330
126.584	-27.330
126.834	-27.380
126.984	-27.380
127.584	-27.580
127.984	-27.630
128.684	-27.830
POLYLINE BROWN
123.034	-26.630
123.094	-26.630
123.134	-26.610
POLYLINE BROWN
122.454	-26.690
POLYLINE BROWN
121.594	-26.630
121.634	-26.650
121.674	-26.630
POLYLINE BROWN
120.774	-26.550
120.874	-26.530
120.994	-26.530
POLYLINE BROWN
120.014	-26.410
120.194	-26.470
120.254	-26.470
POLYLINE BROWN
119.194	-26.210
119.354	-26.270
POLYLINE BROWN
118.354	-26.030
118.434	-26.070
118.614	-26.070
118.694	-26.090
POLYLINE BROWN
117.694	-25.990
117.734	-26.010
117.854	-26.010
117.914	-26.030
POLYLINE BROWN
123.454	-32.530
123.594	-32.470
123.674	-32.490
POLYLINE BROWN
117.154	-31.010
117.194	-30.990
117.334	-31.030
117.414	-31.010
117.674	-31.010
117.754	-31.030
117.834	-31.050
117.914	-31.070
118.074	-31.230
118.154	-31.450
118.174	-31.530
118.254	-31.750
118.334	-31.830
118.514	-31.910
118.594	-31.970
118.634	-31.950
119.114	-32.090
119.274	-32.090
119.394	-32.070
119.634	-32.090
119.694	-32.110
119.994	-32.110
120.194	-32.130
120.334	-32.130
120.434	-32.150
120.554	-32.150
120.634	-32.170
120.694	-32.150
120.994	-32.210
121.114	-32.210
121.294	-32.250
121.494	-32.250
121.714	-32.230
122.054	-32.250
122.174	-32.270
122.334	-32.270
122.574	-32.310
122.674	-32.310
122.994	-32.390
123.174	-32.430
123.254	-32.450
123.334	-32.470
123.374	-32.510
123.474	-32.510
123.514	-32.490
123.674	-32.510
POLYLINE BROWN
117.094	-24.970
117.134	-25.010
117.214	-25.010
117.354	-25.050
117.454	-25.050
117.554	-25.070
117.714	-25.090
117.814	-25.110
117.994	-25.110
118.054	-25.090
118.134	-25.110
118.474	-25.150
118.534	-25.150
118.614	-25.170
118.754	-25.170
119.074	-25.290
119.114	-25.330
119.214	-25.350
119.534	-25.450
119.694	-25.470
119.874	-25.510
120.334	-25.670
120.434	-25.670
120.534	-25.730
120.614	-25.750
120.974	-25.870
121.114	-25.890
121.154	-25.930
121.214	-25.930
121.314	-25.950
121.394	-25.950
121.634	-26.030
121.814	-26.110
122.094	-26.170
122.294	-26.230
122.454	-26.270
122.614	-26.270
122.654	-26.250
122.794	-26.270
122.874	-26.270
122.974	-26.290
123.254	-26.310
123.334	-26.330
123.594	-26.330
123.934	-26.370
POLYLINE BLACK
117.194	-26.850
117.214	-26.890
POLYLINE BLACK
116.334	-26.770
116.434	-26.750
116.474	-26.770
116.594	-26.770
POLYLINE BLACK
115.554	-26.650
115.654	-26.650
POLYLINE BLACK
114.854	-26.530
114.934	-26.570
115.034	-26.570
POLYLINE BLACK
114.134	-26.390
114.254	-26.470
114.314	-26.470
114.394	-26.490
114.434	-26.490
POLYLINE BLACK
112.314	-31.350
112.394	-31.430
112.474	-31.490
112.514	-31.490
112.654	-31.630
112.814	-31.670
112.874	-31.670
112.954	-31.690
113.114	-31.670
113.334	-31.670
113.414	-31.690
113.634	-31.690
POLYLINE BLACK
111.614	-30.590
111.574	-30.550
111.554	-30.410
111.634	-30.370
111.694	-30.450
111.674	-30.550
111.594	-30.570
111.534	-30.510
111.594	-30.450
111.674	-30.450
111.694	-30.490
111.634	-30.570
111.574	-30.510
111.594	-30.470
111.654	-30.530
POLYLINE BLACK
111.274	-29.870
111.314	-29.910
POLYLINE BLACK
112.074	-30.050
111.934	-29.870
111.894	-29.730
112.054	-29.570
112.094	-29.570
112.194	-29.690
112.214	-29.770
112.214	-29.850
112.054	-30.010
POLYLINE BLACK
111.694	-29.790
111.694	-29.910
111.754	-30.090
POLYLINE BLACK
111.454	-29.630
111.554	-29.910
111.554	-29.990
111.634	-29.970
111.714	-29.970
111.774	-29.950
111.814	-29.970
111.894	-29.950
POLYLINE BLACK
111.274	-29.890
111.314	-29.910
POLYLINE BLACK
111.014	-29.630
111.114	-29.790
111.114	-29.850
111.174	-29.970
111.194	-30.090
POLYLINE BLACK
110.774	-29.670
110.914	-29.970
110.934	-30.050
110.974	-30.190
POLYLINE BLACK
111.534	-30.490
111.594	-30.550
111.674	-30.530
POLYLINE BLACK
111.634	-30.550
111.674	-30.550
111.694	-30.590
111.614	-30.610
111.614	-30.550
111.674	-30.470
111.694	-30.570
111.674	-30.610
111.614	-30.550
111.654	-30.550
111.674	-30.590
POLYLINE BLACK
111.634	-30.550
111.674	-30.530
111.714	-30.550
111.694	-30.590
POLYLINE BLACK
111.594	-30.570
111.674	-30.630
POLYLINE BLACK
111.734	-30.630
POLYLINE BLACK
111.734	-30.570
111.734	-30.610
POLYLINE BLACK
111.774	-30.630
POLYLINE BLACK
111.654	-30.430
POLYLINE BLACK
111.694	-30.550
POLYLINE BLACK
112.414	-31.590
112.354	-31.370
112.354	-31.310
112.274	-31.110
112.134	-30.930
111.954	-30.790
111.834	-30.710
111.474	-30.710
111.254	-30.750
111.134	-30.750
110.994	-30.730
POLYLINE BLACK
113.074	-31.630
113.074	-31.670
113.034	-31.650
112.994	-31.670
112.914	-31.650
112.814	-31.650
112.734	-31.690
POLYLINE BLACK
113.454	-31.650
113.514	-31.650
POLYLINE BLACK
113.254	-31.350
113.294	-31.390
POLYLINE BLACK
113.094	-30.890
POLYLINE BLACK
112.994	-30.210
113.014	-30.310
POLYLINE BLACK
112.834	-29.690
POLYLINE BLACK
112.714	-29.170
POLYLINE BLACK
112.674	-28.590
POLYLINE BLACK
112.494	-27.850
112.554	-28.030
POLYLINE BLACK
112.334	-27.330
112.354	-27.470
POLYLINE BLACK
112.074	-26.810
112.154	-26.930
POLYLINE BLACK
113.614	-31.650
113.654	-31.650
113.694	-31.610
113.774	-31.610
113.854	-31.590
114.054	-31.630
114.094	-31.650
114.234	-31.630
114.314	-31.630
114.354	-31.610
114.434	-31.630
114.514	-31.610
114.614	-31.650
114.774	-31.590
114.874	-31.610
115.054	-31.590
115.134	-31.570
115.274	-31.570
115.394	-31.610
115.454	-31.610
115.534	-31.590
115.734	-31.610
115.874	-31.610
115.914	-31.590
115.954	-31.610
115.994	-31.590
116.074	-31.610
116.194	-31.610
116.234	-31.590
116.274	-31.610
POLYLINE BROWN
117.254	-25.770
117.294	-25.810
POLYLINE BROWN
116.814	-25.810
116.974	-25.850
POLYLINE BROWN
116.294	-25.870
116.474	-25.850
116.514	-25.870
116.554	-25.850
POLYLINE BROWN
115.874	-25.850
115.954	-25.870
116.094	-25.890
116.134	-25.870
POLYLINE BROWN
116.334	-25.810
116.474	-25.810
POLYLINE BROWN
115.894	-25.830
115.934	-25.850
POLYLINE BROWN
115.314	-25.770
115.354	-25.810
115.534	-25.810
POLYLINE BROWN
114.714	-25.870
114.894	-25.790
114.934	-25.790
POLYLINE BROWN
116.574	-24.890
POLYLINE BROWN
116.154	-24.830
116.194	-24.830
POLYLINE BROWN
112.914	-24.770
112.954	-24.750
112.994	-24.790
113.154	-24.790
113.234	-24.770
113.414	-24.770
113.494	-24.750
113.874	-24.710
113.954	-24.730
113.994	-24.710
114.094	-24.730
114.174	-24.710
114.314	-24.710
114.394	-24.730
114.554	-24.730
114.694	-24.750
114.774	-24.750
114.854	-24.730
114.934	-24.750
115.154	-24.750
115.194	-24.730
115.234	-24.770
115.314	-24.750
115.474	-24.750
115.514	-24.730
115.594	-24.750
115.674	-24.750
115.814	-24.790
115.894	-24.790
115.934	-24.770
POLYLINE BROWN
112.744	-25.700
112.784	-25.720
112.854	-25.720
113.034	-25.740
113.084	-25.740
113.104	-25.750
113.124	-25.740
113.214	-25.760
113.264	-25.760
113.344	-25.780
113.374	-25.780
113.414	-25.770
113.454	-25.780
113.474	-25.770
113.564	-25.800
113.614	-25.800
113.654	-25.810
113.694	-25.800
113.764	-25.800
113.814	-25.810
113.894	-25.810
113.974	-25.820
114.104	-25.820
114.184	-25.810
114.234	-25.820
114.324	-25.810
114.344	-25.820
114.434	-25.820
114.454	-25.830
114.544	-25.830
POLYLINE BROWN
113.044	-24.740
112.954	-24.760
112.874	-24.760
112.814	-24.740
112.764	-24.740
112.604	-24.680
112.514	-24.650
112.444	-24.630
112.404	-24.630
112.264	-24.580
112.224	-24.550
112.094	-24.500
111.954	-24.430
111.924	-24.430
111.834	-24.330
111.654	-24.090
111.564	-23.900
POLYLINE BROWN
112.104	-26.440
112.104	-26.490
POLYLINE BROWN
112.054	-26.130
112.054	-26.270
112.064	-26.290
POLYLINE BROWN
111.964	-25.710
111.984	-25.800
POLYLINE BROWN
111.884	-25.510
111.914	-25.560
POLYLINE BROWN
111.614	-25.250
111.684	-25.290
111.714	-25.330
111.744	-25.340
POLYLINE BROWN
111.524	-25.180
111.604	-25.230
111.644	-25.260
111.774	-25.310
111.874	-25.370
112.024	-25.400
112.084	-25.410
112.124	-25.440
112.144	-25.440
112.244	-25.520
112.294	-25.560
112.324	-25.560
112.384	-25.600
112.464	-25.650
112.554	-25.680
112.594	-25.690
112.634	-25.700
112.674	-25.710
112.714	-25.710
112.734	-25.720
112.774	-25.700
112.794	-25.710
112.834	-25.700
112.854	-25.700
POLYLINE ORANGE
111.274	-24.550
111.234	-24.560
111.234	-24.530
111.214	-24.440
111.224	-24.400
111.194	-24.330
111.184	-24.210
111.234	-24.110
111.224	-24.070
111.174	-23.970
111.124	-23.890
111.124	-23.860
111.114	-23.820
111.114	-23.730
111.144	-23.690
111.154	-23.650
111.134	-23.760
111.134	-23.790
111.094	-23.970
111.094	-24.030
111.124	-24.120
111.204	-24.260
111.204	-24.390
111.194	-24.460
111.164	-24.510
111.144	-24.610
111.184	-24.650
111.214	-24.680
111.244	-24.820
111.254	-24.900
111.254	-24.950
111.264	-24.970
111.244	-25.010
111.204	-24.870
111.204	-24.740
111.234	-24.630
111.254	-24.560
111.234	-24.400
POLYLINE ORANGE
111.154	-23.630
111.104	-23.780
111.104	-23.860
111.174	-23.960
111.184	-24.010
111.184	-24.070
111.174	-24.120
111.184	-24.160
111.214	-24.220
111.224	-24.320
111.234	-24.370
111.234	-24.430
111.184	-24.450
POLYLINE ORANGE
111.134	-23.710
111.214	-23.640
111.214	-23.500
111.184	-23.440
111.164	-23.360
111.154	-23.320
111.164	-23.280
111.184	-23.240
111.184	-23.150
111.164	-23.080
111.164	-23.020
111.174	-22.980
111.164	-22.940
111.134	-22.900
111.114	-22.830
111.114	-22.800
111.134	-22.740
POLYLINE ORANGE
111.174	-22.750
111.094	-22.810
111.094	-22.860
111.124	-22.910
111.154	-22.970
111.154	-23.030
111.144	-23.100
111.144	-23.170
111.124	-23.230
111.124	-23.280
111.114	-23.300
111.184	-23.420
111.194	-23.490
111.164	-23.570
111.164	-23.610
111.174	-23.650
111.124	-23.720
POLYLINE ORANGE
110.874	-22.320
110.874	-22.320
110.884	-22.420
110.884	-22.460
110.894	-22.510
110.894	-22.630
110.904	-22.670
110.904	-22.690
110.874	-22.580
110.874	-22.380
110.904	-22.310
110.944	-22.310
110.974	-22.340
111.004	-22.430
110.984	-22.510
110.964	-22.530
110.924	-22.520
110.884	-22.510
110.884	-22.510
110.994	-22.620
111.064	-22.720
POLYLINE ORANGE
111.464	-22.560
111.484	-22.580
111.584	-22.510
111.604	-22.460
111.564	-22.420
111.504	-22.430
111.474	-22.480
111.464	-22.520
111.464	-22.580
111.484	-22.630
111.544	-22.610
POLYLINE ORANGE
111.354	-22.510
111.354	-22.820
111.354	-22.820
111.334	-22.720
111.334	-22.620
111.324	-22.580
111.334	-22.540
111.334	-22.520
111.384	-22.460
111.424	-22.540
111.404	-22.580
111.354	-22.620
POLYLINE ORANGE
111.234	-22.460
111.214	-22.460
111.164	-22.540
111.154	-22.610
111.204	-22.660
111.224	-22.660
111.244	-22.640
111.264	-22.640
111.284	-22.620
111.294	-22.580
111.314	-22.520
111.264	-22.470
111.244	-22.460
POLYLINE BROWN
111.494	-23.310
111.524	-23.460
111.524	-23.710
111.564	-23.850
111.594	-23.890
111.624	-23.960
111.664	-24.000
POLYLINE BROWN
109.264	-24.020
109.424	-24.000
109.464	-23.980
109.564	-24.000
109.714	-24.000
109.734	-24.010
109.774	-24.000
109.814	-24.010
109.884	-24.010
109.964	-24.030
110.004	-24.020
110.074	-24.030
110.104	-24.030
110.124	-24.020
110.164	-24.030
110.204	-24.020
110.234	-24.020
110.274	-24.040
110.314	-24.030
110.434	-24.030
110.474	-24.020
110.564	-24.020
110.644	-23.990
110.724	-23.970
110.754	-23.960
110.844	-23.830
110.874	-23.800
110.914	-23.710
110.914	-23.690
110.944	-23.650
110.944	-23.620
110.974	-23.500
110.974	-23.450
110.944	-23.320
POLYLINE BROWN
109.094	-24.530
109.194	-24.550
109.304	-24.520
109.364	-24.510
109.384	-24.520
109.424	-24.510
109.474	-24.510
109.494	-24.500
109.574	-24.520
109.674	-24.520
109.694	-24.530
109.714	-24.520
109.754	-24.530
109.774	-24.550
109.814	-24.560
109.844	-24.570
109.864	-24.560
109.884	-24.570
109.904	-24.560
110.044	-24.600
110.134	-24.670
110.234	-24.750
110.294	-24.800
110.354	-24.840
110.394	-24.850
110.444	-24.870
110.464	-24.890
110.504	-24.890
110.654	-25.010
110.724	-25.080
110.744	-25.080
110.814	-25.120
110.874	-25.130
110.894	-25.150
110.934	-25.150
111.084	-25.190
111.164	-25.210
111.234	-25.180
111.254	-25.190
111.344	-25.170
111.414	-25.170
111.454	-25.180
111.534	-25.190
111.554	-25.210
111.594	-25.220
111.624	-25.250
POLYLINE BLUE
108.664	-24.510
108.634	-24.610
POLYLINE BLUE
108.534	-24.520
108.524	-24.560
108.504	-24.620
108.394	-24.770
POLYLINE BLUE
108.334	-24.520
108.164	-24.850
108.144	-24.870
POLYLINE BLUE
108.174	-24.520
107.934	-24.910
107.914	-24.930
POLYLINE BLUE
107.954	-24.550
107.954	-24.570
107.914	-24.650
107.734	-24.900
POLYLINE BLUE
107.824	-24.520
107.564	-24.910
107.554	-24.940
POLYLINE BLUE
107.654	-24.510
107.614	-24.550
107.464	-24.800
POLYLINE BLUE
107.494	-24.510
107.454	-24.580
107.284	-24.840
POLYLINE BLUE
107.144	-24.500
107.174	-24.510
107.214	-24.500
107.234	-24.510
107.344	-24.510
107.424	-24.500
107.584	-24.500
107.674	-24.510
107.714	-24.510
107.774	-24.520
107.914	-24.520
107.994	-24.510
108.064	-24.500
108.114	-24.510
108.144	-24.510
108.164	-24.530
108.244	-24.520
108.284	-24.530
108.564	-24.530
108.584	-24.540
108.624	-24.520
108.694	-24.520
108.764	-24.530
108.824	-24.530
108.874	-24.520
108.914	-24.530
108.954	-24.530
109.024	-24.510
109.074	-24.510
109.124	-24.520
109.164	-24.510
109.184	-24.510
POLYLINE BROWN
107.244	-24.570
107.274	-24.600
107.274	-24.630
107.324	-24.730
107.434	-24.840
107.554	-24.940
107.724	-24.940
107.744	-24.920
107.784	-24.940
107.844	-24.920
107.934	-24.910
108.034	-24.890
108.154	-24.890
108.264	-24.830
108.304	-24.820
108.404	-24.770
108.424	-24.780
108.534	-24.740
108.594	-24.690
108.644	-24.680
108.794	-24.600
108.814	-24.600
108.834	-24.580
108.874	-24.570
108.954	-24.550
109.034	-24.530
109.094	-24.550
109.134	-24.550
109.184	-24.560
109.204	-24.550
109.244	-24.550
109.264	-24.560
POLYLINE BROWN
106.144	-23.430
106.284	-23.460
106.334	-23.470
106.394	-23.490
106.414	-23.490
106.514	-23.560
106.584	-23.590
106.744	-23.750
106.784	-23.810
106.784	-23.830
106.824	-23.860
106.834	-23.900
106.904	-24.090
107.034	-24.370
107.064	-24.400
107.094	-24.430
107.294	-24.570
107.334	-24.590
POLYLINE BROWN
106.194	-22.810
106.244	-22.790
106.324	-22.790
106.364	-22.780
106.494	-22.810
106.534	-22.810
106.554	-22.830
106.584	-22.830
106.714	-22.880
106.774	-22.930
106.794	-22.930
106.854	-22.980
106.994	-23.050
107.034	-23.050
107.074	-23.080
107.204	-23.120
107.284	-23.170
107.324	-23.180
107.364	-23.190
107.384	-23.210
107.424	-23.220
107.554	-23.280
107.594	-23.290
107.734	-23.360
107.784	-23.370
107.824	-23.400
107.854	-23.400
107.874	-23.430
107.894	-23.430
107.944	-23.460
108.094	-23.540
108.154	-23.580
108.404	-23.670
108.504	-23.710
108.534	-23.710
108.594	-23.760
108.834	-23.880
108.854	-23.880
108.884	-23.900
108.964	-23.910
109.014	-23.940
109.054	-23.950
109.104	-23.950
109.164	-23.980
109.184	-23.970
109.274	-23.990
109.314	-23.990
109.334	-23.980
109.374	-23.990
POLYLINE BLACK
105.056	-21.516
105.063	-21.488
105.063	-21.474
105.084	-21.425
105.105	-21.411
105.126	-21.383
105.168	-21.369
105.182	-21.355
105.203	-21.355
105.231	-21.334
105.252	-21.306
105.301	-21.285
105.329	-21.264
105.476	-21.201
105.504	-21.194
105.532	-21.194
105.553	-21.187
105.595	-21.159
105.609	-21.159
105.623	-21.152
105.672	-21.152
105.686	-21.145
105.700	-21.152
105.714	-21.145
105.777	-21.145
105.805	-21.152
105.833	-21.138
105.882	-21.138
105.910	-21.145
105.959	-21.145
105.987	-21.159
106.001	-21.159
106.015	-21.173
106.029	-21.173
106.057	-21.194
106.071	-21.194
106.127	-21.236
106.141	-21.285
106.141	-21.313
106.127	-21.355
106.127	-21.390
106.113	-21.418
106.113	-21.432
106.085	-21.474
106.071	-21.481
106.050	-21.516
106.036	-21.516
106.022	-21.523
106.001	-21.523
105.973	-21.537
105.959	-21.537
105.917	-21.565
105.903	-21.565
105.847	-21.586
105.833	-21.586
105.770	-21.614
105.756	-21.614
105.728	-21.621
105.714	-21.635
105.679	-21.628
105.651	-21.635
105.623	-21.621
105.609	-21.628
105.588	-21.628
105.518	-21.607
105.476	-21.593
105.455	-21.593
105.441	-21.600
105.413	-21.593
105.399	-21.593
105.371	-21.579
105.329	-21.579
105.301	-21.572
105.266	-21.572
105.231	-21.558
105.217	-21.558
105.189	-21.565
105.161	-21.551
105.147	-21.551
105.133	-21.558
105.063	-21.530
POLYLINE CONNECT
105.663	-21.477
105.812	-23.152
POLYLINE BROWN
102.183	-23.357
102.423	-23.417
102.523	-23.437
102.563	-23.457
102.603	-23.437
102.703	-23.457
102.883	-23.457
102.923	-23.437
103.063	-23.457
103.143	-23.437
103.283	-23.417
103.383	-23.417
103.463	-23.437
103.563	-23.417
103.823	-23.417
103.863	-23.437
103.903	-23.417
104.003	-23.437
104.083	-23.437
104.183	-23.457
104.323	-23.457
104.383	-23.437
104.463	-23.457
104.583	-23.457
104.683	-23.437
104.983	-23.437
105.083	-23.397
105.163	-23.417
105.243	-23.397
105.363	-23.417
105.443	-23.397
105.623	-23.397
105.663	-23.377
105.743	-23.397
106.003	-23.397
106.103	-23.417
106.223	-23.417
106.263	-23.437
POLYLINE BROWN
102.123	-22.757
102.443	-22.777
102.523	-22.737
102.823	-22.757
103.143	-22.757
103.263	-22.777
103.443	-22.777
103.523	-22.757
103.603	-22.777
103.983	-22.737
104.243	-22.737
104.443	-22.757
104.523	-22.737
104.703	-22.757
104.843	-22.757
104.923	-22.737
105.103	-22.757
105.283	-22.777
105.463	-22.777
105.543	-22.797
105.803	-22.797
106.023	-22.857
106.163	-22.837
106.263	-22.837
106.303	-22.857
POLYLINE BROWN
98.183	-22.457
98.223	-22.457
98.383	-22.377
98.463	-22.357
98.603	-22.297
98.643	-22.257
98.723	-22.257
98.843	-22.197
99.023	-22.197
99.163	-22.237
99.203	-22.217
99.343	-22.277
99.403	-22.277
99.483	-22.297
99.683	-22.317
99.723	-22.317
99.763	-22.357
99.863	-22.377
99.903	-22.357
99.983	-22.397
100.143	-22.397
100.283	-22.417
100.343	-22.417
100.503	-22.477
100.663	-22.517
100.783	-22.577
100.843	-22.577
100.983	-22.617
101.063	-22.677
101.143	-22.657
101.323	-22.697
101.363	-22.677
101.543	-22.697
101.683	-22.697
101.823	-22.677
101.963	-22.717
102.143	-22.697
102.283	-22.737
POLYLINE BROWN
100.403	-26.837
100.643	-26.737
100.843	-26.537
101.023	-26.397
101.143	-25.997
101.203	-25.677
101.203	-25.537
101.223	-25.317
101.303	-25.077
101.303	-25.017
101.383	-24.737
101.403	-24.657
101.483	-24.277
101.483	-24.177
101.523	-24.057
101.523	-23.997
101.543	-23.917
101.543	-23.817
101.563	-23.737
101.563	-23.597
101.703	-23.357
101.823	-23.277
101.923	-23.277
102.103	-23.317
POLYLINE BROWN
99.543	-27.077
99.663	-27.097
99.783	-27.097
100.023	-27.057
100.143	-27.057
100.183	-27.017
100.263	-26.997
100.463	-26.877
100.503	-26.837
100.583	-26.817
POLYLINE BROWN
93.023	-24.477
93.063	-24.497
93.143	-24.477
93.343	-24.537
93.383	-24.577
93.623	-24.657
93.823	-24.737
94.283	-25.117
94.583	-25.337
95.023	-25.557
95.063	-25.557
95.163	-25.617
95.863	-25.977
96.103	-26.117
96.223	-26.237
96.423	-26.357
96.543	-26.457
96.703	-26.517
96.803	-26.577
97.443	-26.877
97.523	-26.897
97.743	-27.017
97.943	-27.017
97.983	-27.037
98.163	-26.977
98.223	-26.977
98.303	-26.937
98.363	-26.937
98.463	-26.957
98.543	-26.957
98.863	-27.017
99.003	-27.077
99.203	-27.097
99.283	-27.117
99.443	-27.137
99.623	-27.137
99.783	-27.177
99.903	-27.177
99.983	-27.157
100.023	-27.157
POLYLINE BROWN
93.003	-23.277
93.303	-23.257
93.383	-23.297
93.543	-23.317
93.583	-23.297
93.783	-23.277
93.863	-23.297
93.943	-23.297
94.023	-23.277
94.063	-23.297
94.303	-23.257
94.343	-23.277
94.423	-23.257
94.563	-23.257
94.663	-23.277
94.903	-23.277
94.963	-23.257
95.083	-23.297
95.203	-23.257
95.283	-23.277
95.503	-23.317
95.623	-23.337
95.663	-23.377
95.723	-23.357
95.803	-23.377
95.903	-23.357
95.943	-23.397
96.063	-23.357
96.143	-23.357
96.223	-23.337
96.263	-23.377
96.323	-23.377
96.443	-23.337
96.483	-23.357
96.603	-23.297
96.643	-23.317
96.683	-23.277
96.723	-23.297
96.823	-23.237
96.923	-23.157
97.223	-23.017
97.263	-23.017
97.443	-22.857
97.483	-22.857
97.563	-22.757
97.643	-22.737
97.723	-22.657
97.803	-22.637
97.923	-22.537
97.983	-22.557
98.023	-22.517
98.103	-22.497
98.183	-22.477
98.263	-22.477
98.363	-22.437
98.403	-22.457
98.503	-22.437
98.583	-22.437
POLYLINE BLACK
92.603	-26.777
92.623	-26.777
92.643	-26.757
92.663	-26.757
92.733	-26.657
92.743	-26.607
92.783	-26.447
92.783	-26.427
92.853	-26.347
92.883	-26.317
92.943	-26.277
92.993	-26.207
93.033	-26.117
93.043	-26.057
93.033	-26.007
93.043	-25.937
93.053	-25.897
92.943	-25.757
92.843	-25.687
92.673	-25.587
92.613	-25.587
92.573	-25.577
92.543	-25.577
92.463	-25.547
92.423	-25.557
92.383	-25.557
92.353	-25.547
92.273	-25.577
92.143	-25.667
91.953	-25.867
91.933	-25.897
91.933	-25.917
91.913	-25.937
91.913	-25.987
91.903	-26.027
91.903	-26.057
91.953	-26.257
POLYLINE BLACK
92.333	-26.767
92.373	-26.797
92.453	-26.807
92.533	-26.807
92.553	-26.787
92.563	-26.807
92.583	-26.807
POLYLINE BLACK
91.933	-26.157
91.953	-26.197
91.953	-26.227
91.983	-26.307
92.053	-26.377
92.083	-26.457
92.093	-26.537
92.093	-26.597
92.113	-26.657
92.203	-26.747
92.223	-26.747
92.243	-26.767
92.283	-26.777
92.303	-26.767
92.323	-26.787
92.363	-26.777
92.433	-26.777
92.453	-26.787
POLYLINE CONNECT
92.203	-26.437
92.501	-23.990
POLYLINE BROWN
87.483	-23.937
87.803	-23.937
87.943	-23.977
88.003	-23.977
88.083	-23.957
88.263	-23.997
88.303	-23.977
88.423	-24.017
88.643	-24.017
88.823	-24.057
88.903	-24.077
88.943	-24.037
89.123	-24.077
89.223	-24.097
89.263	-24.117
89.503	-24.137
89.703	-24.177
90.083	-24.237
90.183	-24.237
90.383	-24.277
90.443	-24.297
90.483	-24.277
90.803	-24.317
90.903	-24.317
90.983	-24.337
91.163	-24.337
91.243	-24.357
91.623	-24.357
91.703	-24.377
91.763	-24.377
91.843	-24.397
91.903	-24.397
91.983	-24.377
92.163	-24.397
92.243	-24.397
92.323	-24.417
92.463	-24.417
92.543	-24.437
92.623	-24.437
92.723	-24.457
92.843	-24.457
92.923	-24.477
93.003	-24.477
93.083	-24.497
POLYLINE BROWN
87.723	-21.937
88.063	-22.157
88.143	-22.177
88.223	-22.257
88.303	-22.277
88.463	-22.377
88.543	-22.437
88.583	-22.437
88.723	-22.577
88.903	-22.657
89.103	-22.777
89.363	-22.837
89.563	-22.837
89.703	-22.857
89.843	-22.857
89.963	-22.897
90.023	-22.897
90.103	-22.937
90.143	-22.917
90.343	-22.957
90.423	-22.937
90.503	-22.957
90.603	-22.957
90.763	-22.977
90.803	-22.957
90.843	-22.977
91.143	-22.997
91.283	-23.017
91.363	-23.017
91.443	-23.037
91.523	-23.017
91.723	-23.057
91.803	-23.077
91.903	-23.097
92.023	-23.097
92.223	-23.157
92.403	-23.177
92.583	-23.237
92.803	-23.237
92.983	-23.257
93.063	-23.257
POLYLINE BROWN
134.553	-15.767
134.358	-15.782
134.328	-15.782
134.268	-15.767
134.103	-15.752
134.028	-15.767
133.878	-15.752
133.788	-15.752
133.713	-15.722
133.473	-15.737
133.413	-15.722
133.368	-15.722
133.338	-15.707
133.218	-15.707
133.083	-15.737
133.053	-15.722
132.948	-15.752
POLYLINE BROWN
132.798	-14.342
132.843	-14.342
132.903	-14.327
133.143	-14.327
133.338	-14.297
133.413	-14.297
133.443	-14.282
133.593	-14.282
133.653	-14.267
133.803	-14.297
133.968	-14.297
134.028	-14.312
134.178	-14.282
134.298	-14.282
134.358	-14.297
134.598	-14.297
134.658	-14.312
134.733	-14.312
134.793	-14.327
POLYLINE BROWN
128.238	-14.432
128.268	-14.402
128.478	-14.417
128.538	-14.402
128.598	-14.402
128.673	-14.387
128.808	-14.387
128.838	-14.402
128.913	-14.387
129.093	-14.387
129.123	-14.402
129.333	-14.402
129.363	-14.417
POLYLINE BROWN
128.433	-14.372
128.433	-14.417
128.223	-14.402
128.163	-14.417
128.133	-14.402
128.073	-14.417
127.968	-14.417
127.908	-14.402
127.848	-14.417
127.818	-14.402
POLYLINE BROWN
128.463	-14.297
POLYLINE BROWN
128.763	-14.432
128.703	-14.432
128.628	-14.402
POLYLINE BROWN
132.873	-14.282
132.873	-14.312
132.813	-14.312
132.783	-14.327
132.723	-14.312
132.663	-14.327
132.603	-14.327
132.543	-14.342
132.393	-14.342
132.318	-14.357
132.183	-14.357
132.123	-14.372
132.093	-14.372
132.063	-14.357
132.003	-14.372
131.898	-14.357
131.868	-14.372
131.838	-14.357
131.808	-14.372
131.733	-14.357
131.628	-14.357
131.568	-14.342
131.523	-14.342
131.493	-14.327
131.418	-14.342
131.283	-14.342
131.193	-14.357
131.148	-14.357
131.118	-14.342
131.058	-14.357
131.028	-14.342
130.863	-14.372
130.758	-14.357
130.653	-14.372
130.518	-14.372
130.473	-14.387
130.443	-14.372
130.293	-14.372
130.203	-14.387
130.173	-14.372
130.098	-14.372
130.068	-14.387
129.858	-14.387
129.573	-14.432
129.543	-14.417
129.453	-14.462
129.378	-14.462
129.273	-14.417
129.183	-14.432
129.123	-14.432
129.093	-14.447
129.063	-14.432
129.033	-14.447
128.988	-14.432
128.928	-14.447
128.898	-14.447
POLYLINE BROWN
127.833	-15.377
127.893	-15.377
127.953	-15.392
128.088	-15.362
128.208	-15.362
128.268	-15.347
128.328	-15.362
128.388	-15.332
128.463	-15.347
128.523	-15.332
128.553	-15.347
128.613	-15.332
128.763	-15.332
128.838	-15.347
128.988	-15.347
129.093	-15.317
129.138	-15.317
129.198	-15.332
129.363	-15.332
129.543	-15.347
129.573	-15.347
129.633	-15.332
129.783	-15.332
129.918	-15.302
130.098	-15.302
130.158	-15.287
130.278	-15.287
130.338	-15.317
130.398	-15.287
130.443	-15.287
130.473	-15.302
130.638	-15.302
130.713	-15.317
130.743	-15.317
130.773	-15.302
130.878	-15.332
130.908	-15.317
131.058	-15.317
131.088	-15.332
131.103	-15.302
131.103	-15.332
131.328	-15.302
131.568	-15.302
131.628	-15.332
131.688	-15.317
131.718	-15.317
131.748	-15.302
131.778	-15.332
131.808	-15.302
131.868	-15.332
131.943	-15.317
132.003	-15.302
132.033	-15.302
132.153	-15.272
132.213	-15.287
132.273	-15.257
132.303	-15.257
132.363	-15.287
132.423	-15.287
132.453	-15.302
132.483	-15.347
132.513	-15.332
132.633	-15.482
132.648	-15.527
132.678	-15.542
132.753	-15.677
132.783	-15.677
132.813	-15.692
132.993	-15.692
133.053	-15.722
133.083	-15.707
POLYLINE BLACK
127.984	-14.000
128.040	-13.951
128.061	-13.902
128.054	-13.888
128.061	-13.860
128.061	-13.846
128.054	-13.818
128.054	-13.671
128.040	-13.643
128.040	-13.566
128.047	-13.552
128.061	-13.545
128.089	-13.496
128.103	-13.489
128.124	-13.461
128.152	-13.447
128.159	-13.412
128.166	-13.384
128.159	-13.356
128.159	-13.321
128.180	-13.265
128.180	-13.251
128.194	-13.195
128.208	-13.188
128.229	-13.160
128.243	-13.153
128.271	-13.111
128.278	-13.090
128.299	-13.062
128.299	-13.048
128.306	-13.020
128.306	-13.006
128.278	-12.929
128.264	-12.922
128.250	-12.894
128.187	-12.866
128.159	-12.866
128.131	-12.852
128.117	-12.852
128.089	-12.845
128.061	-12.845
128.047	-12.852
128.012	-12.852
127.998	-12.859
127.970	-12.845
127.956	-12.859
127.928	-12.859
127.900	-12.852
127.872	-12.859
127.858	-12.859
127.844	-12.873
127.816	-12.873
127.802	-12.880
127.781	-12.880
127.774	-12.894
127.676	-12.971
127.655	-13.041
127.648	-13.069
127.648	-13.083
127.641	-13.111
127.641	-13.209
127.690	-13.279
127.704	-13.286
127.746	-13.342
POLYLINE BLACK
127.753	-13.328
127.753	-13.370
127.767	-13.398
127.767	-13.412
127.774	-13.426
127.774	-13.447
127.781	-13.475
127.781	-13.489
127.774	-13.503
127.774	-13.538
127.760	-13.594
127.760	-13.608
127.753	-13.636
127.753	-13.678
127.746	-13.692
127.746	-13.818
127.739	-13.832
127.739	-13.923
127.767	-13.986
127.781	-13.986
127.795	-14.000
127.809	-14.000
127.837	-14.007
127.893	-14.007
127.921	-14.021
127.956	-14.014
127.970	-14.014
127.998	-14.007
128.012	-14.007
POLYLINE CONNECT
127.816	-13.398
127.840	-14.822
POLYLINE BLACK
123.098	-17.927
123.098	-17.892
123.091	-17.864
123.091	-17.850
123.084	-17.822
123.091	-17.787
123.091	-17.689
123.084	-17.661
123.084	-17.633
123.077	-17.605
123.077	-17.556
123.084	-17.528
123.084	-17.514
123.098	-17.486
123.098	-17.423
123.091	-17.409
123.105	-17.381
123.105	-17.325
123.112	-17.297
123.112	-17.255
123.105	-17.227
123.105	-17.206
123.098	-17.178
123.112	-17.129
123.112	-17.115
123.133	-17.073
123.161	-17.052
123.252	-17.052
123.266	-17.059
123.280	-17.052
123.308	-17.059
123.336	-17.080
123.350	-17.080
123.392	-17.115
123.392	-17.129
123.413	-17.157
123.413	-17.178
123.420	-17.206
123.420	-17.220
123.385	-17.283
123.385	-17.297
123.378	-17.311
POLYLINE BLACK
123.091	-17.941
123.119	-17.948
123.147	-17.948
123.175	-17.941
123.189	-17.941
123.245	-17.920
123.259	-17.920
123.280	-17.892
123.301	-17.843
123.301	-17.829
123.308	-17.815
123.301	-17.787
123.301	-17.745
123.308	-17.710
123.308	-17.696
123.301	-17.668
123.301	-17.612
123.308	-17.584
123.308	-17.570
123.336	-17.479
123.364	-17.437
123.364	-17.423
123.371	-17.395
123.371	-17.381
123.385	-17.346
123.385	-17.318
123.392	-17.290
123.392	-17.227
123.385	-17.213
POLYLINE CONNECT
123.142	-17.256
123.047	-15.133
POLYLINE BROWN
123.022	-14.931
123.082	-14.916
123.367	-14.916
123.667	-14.886
123.757	-14.886
123.787	-14.901
123.967	-14.856
124.057	-14.856
POLYLINE BROWN
123.217	-14.931
123.247	-14.931
123.337	-14.976
123.442	-14.946
123.502	-14.946
123.532	-14.961
123.592	-14.931
123.622	-14.946
123.697	-14.916
123.817	-14.916
123.967	-14.886
124.072	-14.886
124.177	-14.856
124.222	-14.871
124.327	-14.871
124.432	-14.841
124.717	-14.826
125.032	-14.766
125.092	-14.766
125.197	-14.736
125.377	-14.691
125.407	-14.676
125.482	-14.676
125.512	-14.691
125.572	-14.661
125.767	-14.661
125.917	-14.646
125.977	-14.631
126.142	-14.631
126.202	-14.616
126.352	-14.616
126.697	-14.556
126.817	-14.541
126.847	-14.526
126.997	-14.526
127.057	-14.496
127.192	-14.496
127.252	-14.466
127.327	-14.466
127.387	-14.451
127.462	-14.451
127.522	-14.421
127.627	-14.406
127.657	-14.391
127.732	-14.391
127.852	-14.361
127.882	-14.361
127.942	-14.331
127.972	-14.346
POLYLINE BROWN
123.157	-15.786
123.217	-15.771
123.382	-15.756
123.412	-15.726
123.457	-15.726
123.562	-15.696
123.592	-15.696
123.652	-15.666
123.787	-15.666
123.892	-15.651
124.012	-15.606
124.102	-15.621
124.132	-15.606
124.207	-15.606
124.237	-15.591
124.267	-15.606
124.327	-15.591
124.477	-15.591
124.507	-15.576
124.612	-15.591
124.642	-15.561
124.777	-15.576
124.882	-15.561
124.912	-15.561
124.942	-15.546
125.047	-15.546
125.107	-15.531
125.182	-15.531
125.212	-15.516
125.242	-15.531
125.317	-15.516
125.377	-15.531
125.437	-15.531
125.542	-15.501
125.587	-15.501
125.617	-15.516
125.692	-15.501
125.887	-15.501
125.977	-15.486
126.052	-15.486
126.112	-15.471
126.142	-15.486
126.307	-15.471
126.442	-15.456
126.637	-15.456
126.667	-15.441
126.877	-15.441
126.937	-15.426
127.042	-15.426
127.072	-15.441
127.132	-15.426
127.207	-15.426
127.267	-15.411
127.822	-15.366
POLYLINE BROWN
121.102	-16.011
121.162	-16.026
121.192	-16.011
121.267	-16.041
121.402	-16.026
121.507	-16.041
121.657	-16.041
121.762	-16.011
121.552	-16.011
121.432	-16.026
121.372	-16.011
121.267	-16.026
121.162	-16.011
121.102	-16.026
121.072	-16.056
POLYLINE BROWN
121.357	-16.011
121.327	-16.041
POLYLINE BROWN
121.477	-15.996
121.552	-16.011
121.717	-15.966
POLYLINE BROWN
121.762	-16.011
121.792	-15.996
121.822	-16.011
121.927	-15.981
121.987	-15.996
122.047	-15.981
122.122	-15.981
122.287	-15.951
122.377	-15.921
122.482	-15.921
122.512	-15.906
122.707	-15.891
122.767	-15.876
122.932	-15.846
123.022	-15.801
123.082	-15.816
123.112	-15.786
123.157	-15.771
POLYLINE BROWN
121.627	-14.571
121.657	-14.601
121.687	-14.601
121.852	-14.661
122.047	-14.721
122.107	-14.721
122.167	-14.751
122.332	-14.766
122.602	-14.856
122.662	-14.856
122.767	-14.901
122.917	-14.901
122.947	-14.931
123.022	-14.931
POLYLINE BROWN
121.672	-14.661
121.597	-14.556
121.597	-14.601
121.612	-14.646
121.567	-14.706
121.567	-14.736
121.522	-14.826
121.522	-14.871
121.492	-14.931
121.492	-15.261
121.537	-15.426
121.537	-15.501
121.567	-15.621
121.567	-15.681
121.612	-15.861
121.612	-15.921
121.642	-15.966
121.702	-15.996
121.762	-15.996
121.822	-15.981
121.897	-15.861
121.942	-15.741
121.942	-15.606
121.912	-15.441
121.912	-15.366
121.897	-15.276
121.882	-15.171
121.852	-14.991
121.822	-14.826
121.822	-14.796
121.747	-14.646
121.717	-14.616
121.657	-14.616
POLYLINE GRAY
128.992	-11.811
129.052	-11.811
129.112	-11.751
129.202	-11.751
129.322	-11.721
129.442	-11.601
POLYLINE GRAY
128.572	-12.021
128.692	-11.931
128.752	-11.961
POLYLINE GRAY
129.172	-11.001
129.232	-11.001
129.292	-10.941
129.382	-10.941
129.502	-10.911
POLYLINE GRAY
128.392	-11.301
128.632	-11.211
128.752	-11.181
128.812	-11.121
POLYLINE GRAY
128.362	-11.301
POLYLINE GRAY
121.822	-15.741
122.332	-15.531
122.632	-15.411
122.722	-15.411
122.842	-15.321
122.962	-15.291
123.202	-15.171
123.232	-15.111
123.232	-15.171
123.292	-15.171
123.382	-15.081
123.502	-15.051
123.562	-14.991
123.622	-14.991
123.652	-14.931
123.712	-14.961
123.892	-14.901
124.162	-14.721
124.282	-14.691
124.582	-14.481
124.702	-14.451
124.792	-14.391
124.912	-14.361
125.092	-14.241
125.182	-14.241
125.302	-14.211
125.662	-13.971
125.872	-13.821
125.932	-13.701
126.232	-13.461
126.412	-13.281
126.592	-13.161
126.622	-13.101
126.772	-13.101
126.892	-13.071
127.132	-13.011
127.252	-12.921
127.372	-12.891
127.582	-12.681
127.672	-12.561
127.732	-12.561
128.062	-12.321
128.122	-12.261
128.242	-12.231
128.362	-12.111
POLYLINE GRAY
118.432	-16.611
119.362	-16.221
119.632	-16.221
119.752	-16.191
119.932	-16.191
120.022	-16.161
120.082	-16.191
120.532	-16.071
120.592	-16.101
120.712	-16.011
120.772	-16.041
120.892	-15.921
121.132	-15.921
121.342	-15.861
121.462	-15.861
121.642	-15.741
121.702	-15.771
121.882	-15.681
122.152	-15.621
POLYLINE GRAY
121.522	-14.361
121.972	-14.091
122.092	-14.061
122.332	-14.001
122.452	-14.001
122.842	-13.851
123.322	-13.521
123.832	-13.221
123.892	-13.221
124.222	-13.011
124.282	-12.951
124.372	-12.951
124.612	-12.801
124.762	-12.771
124.882	-12.741
124.942	-12.741
125.122	-12.621
125.272	-12.561
125.452	-12.441
125.722	-12.351
125.842	-12.261
126.052	-12.201
126.232	-12.051
126.382	-12.021
126.532	-11.931
126.712	-11.871
126.952	-11.811
127.012	-11.781
127.192	-11.781
127.252	-11.721
127.372	-11.721
127.612	-11.571
128.002	-11.451
128.062	-11.391
128.182	-11.361
POLYLINE BLACK
118.237	-12.381
118.312	-12.411
118.372	-12.411
118.462	-12.381
118.522	-12.396
118.627	-12.381
118.657	-12.396
118.717	-12.381
118.942	-12.381
118.972	-12.396
119.002	-12.381
119.032	-12.396
119.077	-12.396
119.137	-12.366
119.167	-12.366
119.227	-12.381
119.317	-12.381
119.377	-12.396
119.737	-12.396
119.767	-12.381
119.827	-12.396
119.902	-12.396
119.962	-12.411
119.992	-12.396
120.052	-12.426
120.082	-12.426
120.112	-12.411
120.142	-12.426
120.172	-12.411
120.232	-12.441
120.262	-12.441
120.352	-12.471
120.457	-12.471
120.517	-12.501
120.577	-12.501
120.637	-12.516
120.667	-12.516
120.697	-12.531
120.727	-12.516
120.847	-12.591
120.847	-12.651
120.817	-12.681
120.817	-12.726
120.772	-12.861
120.772	-12.921
120.742	-13.041
120.712	-13.071
120.667	-13.071
120.637	-13.131
120.622	-13.206
120.592	-13.236
120.592	-13.266
120.517	-13.356
120.427	-13.416
120.397	-13.416
120.367	-13.446
120.307	-13.431
120.277	-13.431
120.247	-13.461
120.142	-13.461
120.082	-13.476
119.992	-13.476
119.962	-13.461
119.902	-13.476
119.827	-13.476
119.767	-13.446
119.707	-13.446
119.647	-13.431
119.602	-13.446
119.572	-13.431
119.542	-13.446
119.482	-13.416
119.347	-13.401
119.317	-13.401
119.257	-13.416
119.032	-13.416
118.972	-13.431
118.837	-13.416
118.807	-13.416
118.777	-13.431
118.747	-13.401
118.672	-13.386
118.642	-13.401
118.612	-13.371
118.522	-13.371
118.462	-13.401
118.432	-13.401
118.417	-13.431
118.387	-13.446
118.387	-13.506
118.372	-13.581
118.387	-13.641
118.387	-13.671
118.417	-13.791
118.357	-13.926
118.327	-13.911
118.312	-13.941
118.252	-13.956
POLYLINE BLACK
118.342	-13.896
118.312	-13.896
118.282	-13.881
118.222	-13.896
118.192	-13.896
118.162	-13.911
118.072	-13.881
118.042	-13.896
117.922	-13.866
117.892	-13.866
117.802	-13.821
117.772	-13.836
117.712	-13.776
117.682	-13.776
117.622	-13.731
117.622	-13.701
117.652	-13.611
117.652	-13.566
117.682	-13.506
117.682	-13.446
117.697	-13.416
117.682	-13.386
117.682	-13.341
117.562	-13.116
117.502	-13.071
117.472	-13.086
117.412	-12.996
117.412	-12.876
117.442	-12.756
117.442	-12.756
117.442	-12.756
117.592	-12.636
117.607	-12.606
117.667	-12.576
117.697	-12.576
117.787	-12.531
117.817	-12.531
117.877	-12.486
117.907	-12.486
118.087	-12.426
118.117	-12.426
118.192	-12.381
118.222	-12.411
118.252	-12.381
118.282	-12.381
118.312	-12.366
118.342	-12.381
118.462	-12.336
118.492	-12.336
118.522	-12.306
118.552	-12.321
POLYLINE CONNECT
118.207	-12.516
118.393	-15.287
POLYLINE GRAY
118.432	-15.171
118.447	-15.141
118.477	-15.126
118.522	-15.126
118.882	-15.021
118.942	-14.991
119.017	-14.991
119.437	-14.841
119.467	-14.841
119.542	-14.811
119.722	-14.766
119.917	-14.706
119.962	-14.706
120.022	-14.676
120.067	-14.676
120.202	-14.616
120.337	-14.601
120.382	-14.586
120.517	-14.571
120.622	-14.541
120.697	-14.526
120.787	-14.481
120.832	-14.481
120.952	-14.421
121.027	-14.406
121.252	-14.346
121.282	-14.346
121.342	-14.316
121.507	-14.286
121.537	-14.271
121.612	-14.271
121.672	-14.256
121.702	-14.256
121.777	-14.226
POLYLINE GRAY
116.422	-15.996
116.452	-15.996
116.812	-15.816
116.917	-15.786
117.022	-15.711
117.127	-15.666
117.187	-15.621
117.262	-15.606
117.502	-15.456
117.637	-15.396
117.667	-15.396
117.967	-15.276
118.042	-15.261
118.132	-15.216
118.192	-15.216
118.222	-15.186
118.282	-15.186
118.312	-15.171
118.387	-15.171
118.447	-15.141
118.492	-15.141
118.612	-15.111
118.642	-15.111
118.672	-15.081
POLYLINE GRAY
116.362	-17.256
116.467	-17.211
116.512	-17.211
116.632	-17.151
POLYLINE GRAY
116.437	-17.181
116.467	-17.181
116.497	-17.151
116.662	-17.076
116.707	-17.076
116.932	-16.971
116.962	-16.971
116.992	-16.941
117.097	-16.911
117.322	-16.851
117.352	-16.836
117.397	-16.836
117.457	-16.806
117.487	-16.806
117.517	-16.791
117.562	-16.791
117.637	-16.761
117.682	-16.761
117.802	-16.731
117.862	-16.731
117.892	-16.716
118.027	-16.716
118.057	-16.701
118.132	-16.701
118.162	-16.671
118.492	-16.596
118.597	-16.551
118.627	-16.551
118.657	-16.536
POLYLINE GRAY
111.067	-17.331
111.157	-17.301
111.202	-17.301
111.337	-17.271
111.367	-17.241
111.397	-17.241
111.592	-17.181
111.637	-17.181
111.667	-17.166
111.712	-17.166
111.952	-17.076
111.982	-17.076
112.012	-17.046
112.057	-17.046
112.282	-16.971
112.312	-16.971
112.447	-16.911
112.477	-16.911
112.537	-16.896
112.582	-16.896
112.612	-16.881
112.642	-16.896
112.732	-16.851
112.897	-16.851
112.972	-16.836
113.017	-16.851
113.047	-16.836
113.092	-16.836
113.272	-16.806
113.332	-16.776
113.392	-16.776
113.422	-16.746
113.527	-16.731
113.557	-16.716
113.602	-16.716
113.662	-16.686
113.737	-16.671
113.797	-16.641
113.902	-16.611
114.187	-16.521
114.277	-16.521
114.457	-16.476
114.637	-16.446
114.697	-16.416
114.772	-16.401
114.802	-16.416
114.847	-16.401
114.892	-16.416
114.967	-16.401
114.997	-16.401
115.057	-16.371
115.102	-16.371
115.162	-16.356
115.222	-16.356
115.327	-16.311
115.357	-16.311
115.507	-16.266
115.567	-16.251
115.597	-16.221
115.642	-16.236
115.732	-16.191
115.762	-16.206
115.822	-16.161
115.852	-16.161
115.942	-16.131
115.987	-16.131
116.017	-16.101
116.077	-16.101
116.197	-16.071
116.257	-16.071
116.287	-16.041
POLYLINE GRAY
111.202	-18.666
111.262	-18.621
111.307	-18.606
111.367	-18.561
111.427	-18.561
111.502	-18.516
111.562	-18.516
111.727	-18.456
111.862	-18.456
111.922	-18.411
112.087	-18.411
112.147	-18.381
112.252	-18.381
112.462	-18.306
112.597	-18.246
112.627	-18.246
112.882	-18.126
112.957	-18.126
113.017	-18.096
113.152	-18.081
113.272	-18.051
113.377	-18.036
113.542	-18.036
113.827	-17.946
113.887	-17.931
113.917	-17.901
113.947	-17.901
114.007	-17.871
114.052	-17.871
114.187	-17.811
114.247	-17.811
114.277	-17.796
114.397	-17.781
114.607	-17.721
114.742	-17.676
114.817	-17.676
114.967	-17.616
115.057	-17.616
115.162	-17.556
115.192	-17.556
115.252	-17.526
115.327	-17.526
115.387	-17.481
115.447	-17.481
115.507	-17.451
115.552	-17.451
115.642	-17.421
115.687	-17.421
115.747	-17.376
115.807	-17.376
115.897	-17.331
115.972	-17.331
116.077	-17.286
116.152	-17.286
116.212	-17.271
POLYLINE BLACK
111.467	-14.686
111.477	-14.726
111.477	-14.786
111.467	-14.806
111.447	-14.806
111.387	-14.846
111.347	-14.846
111.287	-14.866
111.247	-14.856
111.147	-14.856
110.987	-14.906
110.877	-14.926
110.837	-14.926
110.817	-14.996
110.817	-15.016
110.877	-15.096
110.907	-15.286
110.937	-15.366
110.947	-15.426
110.927	-15.466
110.867	-15.516
110.787	-15.526
110.767	-15.546
110.727	-15.536
110.667	-15.526
110.637	-15.536
110.617	-15.526
110.577	-15.536
110.497	-15.536
110.457	-15.516
110.437	-15.526
110.357	-15.476
110.337	-15.416
110.327	-15.326
110.337	-15.286
110.367	-15.206
110.367	-15.146
110.397	-15.066
110.397	-15.016
110.387	-14.976
110.357	-14.936
110.357	-14.916
110.287	-14.846
110.247	-14.816
POLYLINE BLACK
110.227	-14.336
110.227	-14.356
110.107	-14.476
110.097	-14.496
110.057	-14.496
109.977	-14.516
109.957	-14.516
109.937	-14.536
109.937	-14.586
109.967	-14.616
110.007	-14.646
110.027	-14.646
110.067	-14.676
110.107	-14.686
110.187	-14.746
110.227	-14.816
110.267	-14.856
POLYLINE BLACK
110.177	-14.296
110.187	-14.336
110.177	-14.356
POLYLINE BLACK
110.177	-14.256
110.187	-14.276
POLYLINE BLACK
110.197	-14.326
110.237	-14.336
110.317	-14.306
110.337	-14.306
110.387	-14.276
110.427	-14.276
110.487	-14.246
110.547	-14.246
110.567	-14.256
110.587	-14.246
110.607	-14.266
110.707	-14.266
110.747	-14.276
110.787	-14.276
110.827	-14.286
110.907	-14.306
110.967	-14.326
111.037	-14.326
111.077	-14.336
111.137	-14.376
111.177	-14.376
111.217	-14.386
111.237	-14.406
111.277	-14.406
111.357	-14.456
111.407	-14.546
111.477	-14.686
POLYLINE CONNECT
110.797	-14.916
111.058	-18.059
POLYLINE GRAY
105.757	-18.616
105.897	-18.636
106.157	-18.576
106.297	-18.576
106.737	-18.456
106.837	-18.396
106.897	-18.396
107.197	-18.276
107.297	-18.256
107.657	-18.156
108.137	-18.016
108.317	-17.996
108.417	-17.936
108.617	-17.936
108.977	-17.856
109.377	-17.736
109.477	-17.716
109.517	-17.676
109.597	-17.676
109.777	-17.616
109.857	-17.556
109.937	-17.556
110.037	-17.496
110.237	-17.416
110.337	-17.436
110.457	-17.376
110.537	-17.376
110.597	-17.356
110.637	-17.376
110.717	-17.356
110.877	-17.356
111.097	-17.296
111.157	-17.296
111.197	-17.256
POLYLINE GRAY
105.677	-19.816
105.757	-19.836
105.897	-19.816
106.017	-19.776
106.097	-19.756
106.237	-19.716
106.277	-19.736
106.357	-19.716
106.397	-19.736
106.517	-19.696
106.637	-19.696
106.717	-19.676
106.837	-19.676
106.917	-19.656
106.957	-19.676
106.997	-19.656
107.077	-19.696
107.157	-19.676
107.197	-19.696
107.257	-19.656
107.457	-19.656
107.537	-19.636
107.577	-19.596
107.617	-19.596
107.837	-19.356
107.837	-19.296
107.897	-19.216
107.917	-19.136
107.977	-18.956
108.017	-18.976
108.177	-18.936
108.257	-18.956
108.337	-18.936
108.417	-18.936
108.497	-18.916
108.557	-18.916
108.717	-18.876
108.757	-18.896
108.797	-18.876
108.837	-18.896
108.917	-18.856
108.977	-18.856
109.057	-18.816
109.257	-18.796
109.537	-18.716
109.617	-18.696
109.677	-18.716
109.777	-18.676
109.837	-18.676
109.997	-18.636
110.077	-18.656
110.157	-18.656
110.237	-18.676
110.417	-18.696
110.457	-18.716
110.537	-18.696
110.617	-18.716
110.797	-18.716
110.917	-18.656
111.017	-18.656
111.157	-18.616
111.257	-18.616
111.297	-18.576
POLYLINE GRAY
99.917	-19.416
99.957	-19.436
100.057	-19.436
100.177	-19.376
100.237	-19.376
100.437	-19.316
100.517	-19.316
100.597	-19.296
100.697	-19.316
100.777	-19.296
100.857	-19.296
101.037	-19.256
101.097	-19.256
101.397	-19.136
101.577	-19.136
101.697	-19.076
101.837	-19.096
101.917	-19.076
102.057	-19.076
102.097	-19.036
102.177	-19.036
102.437	-18.956
102.697	-18.956
102.977	-18.896
103.157	-18.876
103.237	-18.876
103.317	-18.856
103.417	-18.856
103.537	-18.816
103.697	-18.816
103.777	-18.796
103.817	-18.756
103.957	-18.756
104.057	-18.736
104.137	-18.736
104.297	-18.676
104.377	-18.696
104.517	-18.696
104.677	-18.656
104.817	-18.656
104.977	-18.596
105.037	-18.596
105.077	-18.576
105.157	-18.616
105.217	-18.616
105.297	-18.596
105.417	-18.596
105.497	-18.576
105.557	-18.596
105.637	-18.576
105.677	-18.596
105.737	-18.576
105.817	-18.596
105.897	-18.576
105.937	-18.596
106.017	-18.576
106.137	-18.576
106.177	-18.556
POLYLINE GRAY
100.177	-21.816
100.257	-21.796
100.337	-21.796
100.537	-21.736
100.597	-21.736
100.677	-21.716
100.757	-21.716
100.877	-21.676
100.937	-21.676
101.057	-21.616
101.137	-21.596
101.337	-21.496
101.377	-21.496
101.477	-21.436
101.557	-21.416
101.797	-21.316
101.957	-21.216
102.037	-21.216
102.257	-21.116
102.337	-21.096
102.497	-21.036
102.637	-21.016
102.677	-20.976
102.777	-20.956
102.897	-20.916
102.997	-20.816
103.057	-20.696
103.077	-20.596
103.137	-20.476
103.337	-20.316
103.377	-20.276
103.537	-20.256
103.677	-20.256
103.717	-20.276
103.797	-20.256
103.957	-20.236
104.037	-20.216
104.117	-20.156
104.217	-20.096
104.297	-19.976
104.497	-19.856
104.617	-19.856
104.697	-19.836
104.737	-19.856
104.877	-19.836
105.177	-19.836
105.257	-19.816
105.397	-19.816
105.477	-19.796
105.557	-19.816
105.697	-19.776
105.777	-19.796
105.817	-19.796
POLYLINE BLACK
100.357	-15.541
100.397	-15.391
100.427	-15.331
100.477	-15.281
100.497	-15.281
100.557	-15.201
100.557	-15.131
100.507	-15.051
100.447	-15.001
100.407	-14.981
100.377	-14.951
100.357	-14.951
100.327	-14.931
100.267	-14.931
100.227	-14.921
100.187	-14.911
100.147	-14.921
100.107	-14.911
100.047	-14.931
100.027	-14.951
99.967	-14.961
99.927	-14.991
99.907	-14.981
99.827	-15.041
99.787	-15.201
99.847	-15.341
99.897	-15.401
99.907	-15.441
99.937	-15.501
99.947	-15.541
POLYLINE BLACK
99.887	-15.491
99.937	-15.571
99.947	-15.611
99.937	-15.631
99.947	-15.651
99.937	-15.691
99.937	-15.801
99.917	-15.891
99.917	-16.051
99.907	-16.091
99.907	-16.171
99.937	-16.261
99.937	-16.361
99.927	-16.401
99.927	-16.511
99.937	-16.551
99.937	-16.731
99.927	-16.781
99.927	-16.821
99.967	-16.951
99.997	-17.001
100.007	-17.041
100.017	-17.081
100.017	-17.211
100.037	-17.251
100.097	-17.281
100.117	-17.281
100.127	-17.301
100.167	-17.291
100.207	-17.251
100.217	-17.211
100.237	-17.151
100.237	-17.031
100.257	-16.961
100.247	-16.921
100.227	-16.881
100.247	-16.791
100.257	-16.681
100.267	-16.601
100.267	-16.521
100.287	-16.471
100.347	-16.371
100.367	-16.311
100.367	-16.251
100.357	-16.201
100.357	-16.161
100.377	-16.071
100.377	-16.031
100.387	-15.991
100.387	-15.881
100.397	-15.811
100.387	-15.771
100.387	-15.581
100.397	-15.541
POLYLINE CONNECT
99.977	-15.511
100.351	-20.013
POLYLINE GRAY
99.597	-21.831
99.627	-21.816
99.702	-21.831
99.747	-21.831
99.822	-21.816
99.882	-21.816
99.912	-21.831
99.972	-21.816
100.362	-21.816
POLYLINE GRAY
99.852	-21.816
99.822	-21.831
99.762	-21.816
99.717	-21.816
99.672	-21.801
99.507	-21.801
POLYLINE GRAY
97.272	-21.951
97.332	-21.921
97.407	-21.906
97.497	-21.876
97.542	-21.876
97.602	-21.861
97.767	-21.861
97.827	-21.876
98.067	-21.876
98.127	-21.891
98.157	-21.876
98.232	-21.876
98.292	-21.861
98.382	-21.861
98.442	-21.831
98.517	-21.816
98.547	-21.831
98.577	-21.816
98.607	-21.831
98.727	-21.786
98.802	-21.816
98.832	-21.786
98.997	-21.786
99.057	-21.771
99.222	-21.771
99.252	-21.786
99.312	-21.771
99.372	-21.771
99.432	-21.786
99.462	-21.771
99.522	-21.801
99.717	-21.801
99.747	-21.816
POLYLINE GRAY
96.402	-22.971
96.402	-22.941
96.432	-22.836
96.432	-22.806
96.447	-22.746
96.477	-22.716
96.477	-22.671
96.522	-22.581
96.522	-22.551
96.552	-22.491
96.552	-22.461
96.582	-22.416
96.582	-22.386
96.672	-22.236
96.747	-22.131
96.897	-22.041
96.927	-22.041
96.987	-21.996
97.002	-21.966
97.032	-21.966
97.062	-21.936
97.092	-21.936
97.122	-21.906
97.152	-21.906
97.182	-21.921
97.242	-21.891
97.332	-21.891
POLYLINE GRAY
93.942	-23.526
94.002	-23.511
94.032	-23.511
94.062	-23.526
94.122	-23.511
94.227	-23.511
94.302	-23.496
94.332	-23.496
94.362	-23.511
94.392	-23.496
94.467	-23.496
94.497	-23.511
94.527	-23.496
94.797	-23.496
94.827	-23.481
94.887	-23.496
95.157	-23.496
95.217	-23.481
95.277	-23.496
95.307	-23.481
95.352	-23.481
95.412	-23.466
95.607	-23.466
95.712	-23.421
95.772	-23.436
95.967	-23.346
95.997	-23.346
96.147	-23.286
96.177	-23.286
96.192	-23.256
96.282	-23.181
96.387	-22.941
96.387	-22.911
96.417	-22.851
96.402	-22.806
POLYLINE BLACK
95.877	-17.751
95.847	-17.631
95.847	-17.581
95.837	-17.541
95.837	-17.501
95.827	-17.451
95.827	-17.291
95.837	-17.251
95.837	-17.221
95.847	-17.181
95.847	-17.121
95.857	-17.071
95.857	-16.891
95.867	-16.841
95.877	-16.801
95.887	-16.761
95.887	-16.731
95.907	-16.691
95.907	-16.621
95.957	-16.611
95.997	-16.601
96.037	-16.611
96.097	-16.621
96.107	-16.671
96.137	-16.831
96.137	-16.871
96.147	-16.911
96.147	-16.961
96.157	-17.001
96.167	-17.081
96.167	-17.111
96.177	-17.161
96.187	-17.241
96.187	-17.331
96.197	-17.371
96.197	-17.511
96.207	-17.531
96.197	-17.571
96.207	-17.661
96.197	-17.731
96.187	-17.821
96.187	-17.891
96.177	-17.931
96.177	-18.071
96.187	-18.111
96.187	-18.161
96.177	-18.211
96.177	-18.261
96.167	-18.281
96.177	-18.321
96.167	-18.361
96.167	-18.411
96.157	-18.461
96.167	-18.551
96.157	-18.631
96.157	-18.671
96.187	-18.731
96.187	-18.761
96.217	-18.871
96.217	-18.961
96.197	-19.071
96.197	-19.111
96.167	-19.191
96.147	-19.191
96.067	-19.241
95.967	-19.241
95.947	-19.251
95.877	-19.171
95.857	-19.061
95.837	-18.931
95.837	-18.881
95.827	-18.861
95.837	-18.821
95.817	-18.731
95.817	-18.661
95.797	-18.561
95.797	-18.401
95.817	-18.261
95.817	-18.171
95.827	-18.131
95.827	-18.001
95.847	-17.921
95.847	-17.871
95.887	-17.751
95.887	-17.681
POLYLINE CONNECT
95.907	-17.741
96.177	-21.541
POLYLINE GRAY
93.747	-21.221
93.827	-21.221
93.967	-21.161
94.027	-21.161
94.187	-21.101
94.247	-21.101
94.587	-20.981
94.667	-20.961
94.927	-20.901
94.987	-20.861
95.027	-20.861
95.067	-20.821
95.147	-20.801
95.267	-20.741
95.447	-20.721
95.527	-20.701
95.707	-20.681
95.907	-20.561
96.087	-20.481
96.187	-20.421
96.287	-20.401
96.367	-20.381
96.527	-20.301
96.567	-20.301
96.947	-20.161
97.547	-20.041
97.767	-19.981
97.867	-19.981
97.947	-19.961
98.027	-19.941
98.127	-19.901
98.187	-19.901
98.507	-19.801
98.607	-19.781
98.727	-19.741
98.807	-19.721
99.027	-19.641
99.107	-19.581
99.327	-19.521
99.427	-19.501
99.507	-19.501
99.587	-19.481
99.727	-19.481
99.807	-19.501
99.887	-19.481
99.927	-19.501
100.027	-19.481
100.067	-19.501
100.147	-19.481
100.227	-19.481
100.267	-19.461
POLYLINE BROWN
92.287	-23.621
92.327	-23.581
92.367	-23.601
92.747	-23.581
93.027	-23.541
93.187	-23.541
93.287	-23.581
93.367	-23.561
93.447	-23.581
93.527	-23.561
93.667	-23.601
93.787	-23.561
93.867	-23.581
94.027	-23.581
POLYLINE BROWN
91.907	-21.641
92.087	-21.621
92.367	-21.561
92.507	-21.521
92.787	-21.521
92.867	-21.481
92.967	-21.481
93.067	-21.461
93.247	-21.461
93.627	-21.341
93.847	-21.301
POLYLINE BLACK
91.757	-18.851
91.797	-18.861
91.847	-18.891
POLYLINE BLACK
91.457	-18.731
91.507	-18.761
91.527	-18.761
91.647	-18.831
POLYLINE BLACK
91.687	-17.781
91.667	-17.771
POLYLINE BLACK
91.997	-17.911
91.977	-17.891
91.937	-17.881
91.917	-17.871
POLYLINE BLACK
92.267	-17.981
92.177	-17.941
POLYLINE BLACK
93.387	-20.621
93.227	-20.621
93.087	-20.591
93.037	-20.561
92.997	-20.561
92.977	-20.541
92.927	-20.531
92.867	-20.511
92.767	-20.451
92.727	-20.441
92.687	-20.421
92.587	-20.311
92.537	-20.191
92.537	-20.191
92.507	-20.071
92.487	-20.031
92.487	-20.001
92.347	-19.611
92.307	-19.491
92.247	-19.311
92.247	-19.261
92.217	-19.131
92.147	-19.061
92.007	-18.941
91.987	-18.941
POLYLINE BLACK
94.427	-18.971
94.317	-19.051
94.287	-19.121
94.157	-19.251
94.157	-19.271
94.127	-19.321
94.097	-19.431
94.097	-19.471
94.087	-19.511
94.087	-19.551
94.077	-19.601
94.067	-19.641
94.067	-19.641
94.047	-19.751
94.037	-19.791
94.047	-19.831
94.047	-19.901
94.057	-19.941
94.077	-20.051
94.077	-20.121
94.087	-20.161
94.087	-20.211
94.077	-20.261
94.067	-20.371
94.037	-20.501
94.027	-20.571
93.997	-20.611
93.887	-20.651
93.857	-20.651
93.837	-20.661
93.817	-20.651
93.777	-20.661
93.727	-20.661
93.657	-20.651
93.637	-20.651
93.617	-20.671
93.597	-20.651
93.527	-20.651
93.507	-20.641
93.487	-20.651
93.427	-20.631
93.387	-20.621
93.347	-20.631
93.327	-20.631
POLYLINE BLACK
92.387	-18.031
92.387	-18.051
92.457	-18.091
92.477	-18.111
92.527	-18.111
92.637	-18.141
92.677	-18.141
92.717	-18.151
92.847	-18.181
92.867	-18.191
92.887	-18.181
92.957	-18.201
92.977	-18.201
93.057	-18.251
93.157	-18.271
93.197	-18.281
93.287	-18.281
93.347	-18.291
93.467	-18.291
93.537	-18.301
93.597	-18.291
93.647	-18.301
93.667	-18.291
93.707	-18.301
93.807	-18.321
93.857	-18.341
93.897	-18.331
93.937	-18.341
93.977	-18.351
94.117	-18.391
94.137	-18.381
94.277	-18.431
94.317	-18.441
94.377	-18.461
94.447	-18.521
94.467	-18.521
94.477	-18.561
94.497	-18.601
94.497	-18.601
94.497	-18.601
94.527	-18.691
94.537	-18.771
94.497	-18.881
94.477	-18.901
94.477	-18.921
94.417	-18.961
POLYLINE CONNECT
93.582	-18.906
93.764	-21.894
POLYLINE BLACK
85.947	-19.191
85.977	-19.191
86.067	-19.161
86.097	-19.176
86.127	-19.161
86.172	-19.161
86.202	-19.176
86.262	-19.161
86.472	-19.161
86.502	-19.191
86.622	-19.191
86.682	-19.281
86.697	-19.416
86.697	-19.476
86.682	-19.536
86.682	-19.566
86.667	-19.626
86.652	-19.761
86.637	-19.821
86.637	-19.851
86.592	-20.001
86.592	-20.031
86.532	-20.181
86.532	-20.211
86.457	-20.316
86.427	-20.331
86.427	-20.361
86.367	-20.466
86.337	-20.526
86.307	-20.541
86.262	-20.601
86.142	-20.706
86.127	-20.736
86.097	-20.751
86.052	-20.826
86.052	-20.856
86.007	-20.946
86.007	-20.976
86.067	-20.991
86.112	-20.991
86.202	-21.021
86.262	-21.006
86.292	-21.006
86.442	-20.961
86.472	-20.961
86.592	-20.991
86.682	-20.991
86.712	-20.976
86.772	-20.991
86.862	-20.991
86.892	-20.976
86.922	-21.006
86.952	-21.006
87.012	-20.991
87.042	-21.006
87.132	-20.886
87.162	-20.871
87.162	-20.721
87.177	-20.661
87.177	-20.376
87.192	-20.316
87.177	-20.256
87.177	-20.121
87.222	-19.971
87.282	-19.821
87.357	-19.716
87.357	-19.686
87.402	-19.626
87.477	-19.461
87.552	-19.371
87.552	-19.341
87.627	-19.251
87.642	-19.206
87.702	-19.116
87.702	-19.071
87.717	-19.011
87.717	-18.981
87.687	-18.951
87.657	-18.951
87.597	-18.921
87.537	-18.921
87.507	-18.891
87.477	-18.921
87.417	-18.906
87.222	-18.906
87.162	-18.921
87.132	-18.921
87.072	-18.936
86.952	-18.936
86.892	-18.921
86.862	-18.921
86.832	-18.936
86.802	-18.906
86.772	-18.936
86.682	-18.936
86.622	-18.906
86.517	-18.906
86.487	-18.921
86.427	-18.891
86.397	-18.906
86.367	-18.891
86.337	-18.906
86.277	-18.891
86.262	-18.861
86.202	-18.891
86.142	-18.876
86.082	-18.906
86.052	-18.891
86.022	-18.906
85.992	-18.891
85.962	-18.921
POLYLINE CONNECT
87.057	-19.056
87.138	-21.942
POLYLINE BROWN
92.217	-23.556
92.157	-23.571
92.082	-23.571
92.052	-23.586
91.827	-23.601
91.767	-23.631
91.557	-23.631
91.482	-23.646
91.272	-23.646
91.212	-23.631
91.182	-23.646
91.092	-23.646
91.032	-23.661
90.942	-23.646
90.792	-23.646
90.762	-23.661
90.687	-23.661
90.612	-23.646
90.387	-23.646
90.312	-23.631
90.252	-23.646
90.207	-23.646
90.147	-23.661
90.072	-23.676
90.042	-23.661
89.967	-23.676
89.922	-23.676
89.892	-23.661
89.817	-23.676
89.757	-23.676
89.667	-23.706
89.547	-23.706
89.517	-23.721
89.472	-23.721
89.412	-23.751
89.247	-23.751
89.187	-23.766
89.157	-23.766
89.127	-23.781
88.977	-23.781
88.917	-23.766
88.677	-23.766
88.512	-23.736
88.452	-23.736
88.422	-23.721
88.317	-23.751
88.257	-23.721
88.152	-23.721
88.077	-23.706
88.017	-23.706
87.957	-23.736
87.852	-23.736
87.792	-23.766
87.717	-23.766
87.642	-23.796
87.612	-23.781
87.552	-23.796
87.492	-23.796
87.447	-23.811
87.417	-23.796
87.327	-23.826
87.162	-23.826
87.102	-23.841
87.027	-23.826
86.937	-23.826
POLYLINE BROWN
87.282	-21.786
87.417	-21.801
87.552	-21.786
87.732	-21.786
87.957	-21.741
88.047	-21.756
88.122	-21.741
88.212	-21.741
88.362	-21.711
88.392	-21.726
88.467	-21.726
88.557	-21.696
88.887	-21.696
88.962	-21.711
89.127	-21.696
89.412	-21.696
89.442	-21.711
89.817	-21.681
90.012	-21.696
90.162	-21.681
90.327	-21.681
90.492	-21.711
90.522	-21.726
90.582	-21.726
90.612	-21.711
90.912	-21.711
91.077	-21.726
91.137	-21.726
91.242	-21.696
91.317	-21.696
91.347	-21.681
91.452	-21.681
91.512	-21.666
91.617	-21.666
91.647	-21.651
91.722	-21.666
91.782	-21.636
91.872	-21.651
92.037	-21.651
POLYLINE GRAY
87.012	-21.756
87.102	-21.786
87.162	-21.786
87.327	-21.816
87.447	-21.891
87.552	-21.921
87.612	-21.951
87.657	-21.951
POLYLINE GRAY
86.622	-22.251
86.667	-22.311
86.667	-22.341
86.697	-22.371
86.697	-22.401
86.712	-22.461
86.712	-22.491
86.727	-22.521
86.727	-22.761
86.712	-22.836
86.727	-22.866
86.712	-22.926
86.712	-22.986
86.667	-23.046
86.607	-23.091
86.382	-23.331
86.352	-23.346
86.337	-23.376
86.247	-23.436
86.202	-23.496
86.172	-23.511
86.097	-23.676
86.097	-23.706
86.127	-23.796
86.337	-23.931
86.382	-23.931
86.472	-23.961
86.532	-23.946
86.592	-23.946
86.637	-23.961
86.667	-23.946
86.697	-23.961
86.817	-23.931
86.892	-23.946
86.937	-23.946
86.997	-23.931
87.222	-23.931
87.342	-23.961
87.372	-23.946
87.402	-23.976
87.432	-23.946
87.462	-23.961
POLYLINE BLACK
84.001	-19.820
84.001	-19.834
84.015	-19.876
84.015	-19.897
84.029	-19.939
84.043	-19.946
84.050	-19.960
84.113	-20.002
84.127	-20.002
84.155	-20.016
84.183	-20.016
84.211	-20.023
84.253	-20.023
84.281	-20.037
84.295	-20.030
84.323	-20.037
84.337	-20.037
84.372	-20.051
84.386	-20.051
84.428	-20.065
84.442	-20.058
84.456	-20.065
84.477	-20.065
84.505	-20.072
84.533	-20.065
84.561	-20.072
84.589	-20.072
84.631	-20.086
84.666	-20.072
84.680	-20.072
84.708	-20.086
84.778	-20.086
84.806	-20.079
84.848	-20.079
84.862	-20.072
84.890	-20.079
84.918	-20.079
84.932	-20.072
84.946	-20.079
84.953	-20.065
84.967	-20.079
84.974	-20.065
84.981	-20.079
84.981	-20.065
84.995	-20.065
85.051	-20.044
85.058	-20.030
85.072	-20.030
85.107	-19.988
85.114	-19.925
85.114	-19.897
85.100	-19.855
POLYLINE BLACK
85.072	-19.855
85.051	-19.813
85.051	-19.799
85.044	-19.785
85.044	-19.764
85.037	-19.736
85.037	-19.708
85.023	-19.659
85.023	-19.645
85.002	-19.575
84.960	-19.519
84.946	-19.519
84.918	-19.498
84.890	-19.498
84.876	-19.491
84.848	-19.498
84.834	-19.491
84.806	-19.505
84.778	-19.505
84.757	-19.498
84.729	-19.512
84.715	-19.505
84.673	-19.519
84.638	-19.519
84.624	-19.512
84.568	-19.526
84.547	-19.526
84.519	-19.533
84.463	-19.533
84.407	-19.547
84.379	-19.547
84.365	-19.561
84.316	-19.575
84.246	-19.610
84.232	-19.610
84.169	-19.652
84.141	-19.652
84.127	-19.666
84.113	-19.666
84.106	-19.680
84.064	-19.715
84.022	-19.771
83.994	-19.813
83.994	-19.827
84.001	-19.841
POLYLINE CONNECT
84.923	-19.876
84.991	-21.647
POLYLINE GRAY
87.143	-22.216
87.008	-22.246
86.948	-22.246
86.888	-22.261
86.813	-22.261
86.753	-22.246
86.723	-22.246
86.693	-22.261
86.633	-22.246
86.588	-22.246
86.483	-22.216
86.423	-22.231
86.363	-22.201
86.333	-22.216
86.288	-22.216
86.168	-22.141
86.093	-22.141
85.943	-22.066
85.808	-22.036
85.628	-21.976
85.493	-21.976
85.463	-21.961
85.178	-21.961
85.118	-21.946
85.058	-21.946
84.773	-21.871
84.743	-21.871
POLYLINE GRAY
84.938	-21.331
85.148	-21.316
85.208	-21.331
85.268	-21.331
85.388	-21.361
85.583	-21.421
85.613	-21.421
85.703	-21.466
85.748	-21.466
85.808	-21.481
85.838	-21.481
85.883	-21.511
86.033	-21.526
86.198	-21.586
86.273	-21.586
86.333	-21.616
86.513	-21.661
86.753	-21.751
86.888	-21.781
86.933	-21.781
86.993	-21.796
87.053	-21.796
87.128	-21.826
POLYLINE GRAY
84.968	-21.886
84.938	-21.886
84.908	-21.901
84.863	-21.886
84.773	-21.901
84.623	-21.856
84.593	-21.841
84.548	-21.841
84.443	-21.811
84.398	-21.811
84.338	-21.781
84.263	-21.781
84.233	-21.751
84.188	-21.751
83.993	-21.691
83.933	-21.661
83.708	-21.631
83.633	-21.631
83.513	-21.601
83.438	-21.586
83.378	-21.556
83.348	-21.556
83.243	-21.526
83.213	-21.526
83.048	-21.451
82.943	-21.451
82.883	-21.421
82.853	-21.421
82.823	-21.436
82.733	-21.391
82.703	-21.391
82.673	-21.376
82.628	-21.376
82.568	-21.346
82.508	-21.361
82.373	-21.361
82.313	-21.346
82.238	-21.346
82.208	-21.361
82.148	-21.331
82.118	-21.331
82.058	-21.361
81.908	-21.361
81.848	-21.391
81.818	-21.391
81.758	-21.436
POLYLINE GRAY
81.458	-20.491
81.938	-20.491
81.998	-20.506
82.073	-20.506
82.133	-20.536
82.163	-20.536
82.193	-20.566
82.268	-20.566
82.433	-20.611
82.538	-20.626
82.703	-20.686
82.733	-20.686
82.973	-20.791
83.003	-20.791
83.138	-20.866
83.168	-20.881
83.213	-20.881
83.408	-20.956
83.588	-20.986
83.693	-21.031
83.873	-21.061
83.903	-21.076
83.948	-21.076
84.038	-21.121
84.113	-21.121
84.188	-21.151
84.278	-21.151
84.488	-21.196
84.593	-21.226
84.623	-21.256
84.653	-21.256
84.713	-21.271
84.803	-21.271
85.103	-21.376
85.238	-21.376
POLYLINE GRAY
81.338	-21.436
81.353	-21.466
81.383	-21.436
81.563	-21.436
81.623	-21.406
81.683	-21.406
81.743	-21.436
81.773	-21.406
81.863	-21.406
81.953	-21.376
82.088	-21.211
82.088	-21.181
82.103	-21.121
82.103	-21.076
82.043	-20.881
81.998	-20.776
81.938	-20.716
81.908	-20.716
81.863	-20.686
81.818	-20.626
81.608	-20.566
81.503	-20.566
81.383	-20.536
81.293	-20.536
81.263	-20.566
POLYLINE GRAY
81.803	-20.791
81.713	-20.641
81.683	-20.611
81.668	-20.566
81.593	-20.536
81.503	-20.461
81.473	-20.461
81.443	-20.446
81.413	-20.461
POLYLINE GRAY
81.248	-20.551
81.218	-20.581
81.098	-20.581
81.053	-20.641
81.008	-20.656
80.933	-20.746
80.903	-20.761
80.828	-20.926
80.768	-21.016
80.768	-21.046
80.798	-21.106
80.798	-21.136
80.858	-21.256
80.903	-21.286
80.918	-21.316
81.068	-21.376
81.188	-21.406
81.248	-21.406
81.308	-21.421
81.368	-21.421
81.398	-21.436
81.428	-21.421
81.488	-21.436
POLYLINE BLACK
79.133	-19.921
79.223	-19.981
79.313	-19.981
79.343	-20.011
79.418	-20.011
79.478	-19.996
79.583	-20.026
79.613	-20.011
79.748	-20.071
79.868	-20.071
80.003	-20.131
80.048	-20.131
80.108	-20.146
80.153	-20.146
80.438	-20.206
80.693	-20.281
80.768	-20.281
80.828	-20.296
80.858	-20.326
80.888	-20.326
80.918	-20.341
80.963	-20.341
81.188	-20.416
81.218	-20.446
81.278	-20.446
81.308	-20.476
81.368	-20.476
81.518	-20.521
81.548	-20.521
81.578	-20.536
POLYLINE BLACK
77.723	-19.411
77.723	-19.456
77.813	-19.576
77.918	-19.621
77.948	-19.621
78.083	-19.651
78.218	-19.666
78.248	-19.681
78.278	-19.666
78.353	-19.666
78.428	-19.681
78.473	-19.681
78.698	-19.741
78.728	-19.741
78.818	-19.801
78.848	-19.786
78.938	-19.831
78.983	-19.831
79.103	-19.891
79.133	-19.891
79.163	-19.876
79.253	-19.921
POLYLINE BLACK
76.183	-22.776
76.263	-22.766
76.283	-22.776
76.323	-22.766
76.363	-22.756
76.413	-22.776
76.453	-22.766
76.543	-22.786
76.563	-22.776
76.653	-22.786
76.723	-22.806
76.763	-22.796
76.913	-22.826
POLYLINE BLACK
76.293	-19.046
76.323	-19.046
76.363	-19.086
76.473	-19.136
76.593	-19.146
76.693	-19.166
76.713	-19.156
76.893	-19.216
76.933	-19.216
77.023	-19.266
77.093	-19.276
77.113	-19.296
77.243	-19.326
77.293	-19.326
77.533	-19.406
77.573	-19.426
77.623	-19.416
77.663	-19.426
77.703	-19.436
77.773	-19.446
77.823	-19.436
77.863	-19.456
POLYLINE BLACK
77.133	-11.126
77.133	-11.316
77.273	-11.456
77.293	-11.466
77.303	-11.556
77.303	-11.636
77.313	-11.656
77.303	-11.706
77.293	-11.746
77.283	-11.786
77.283	-11.816
77.273	-11.856
77.253	-11.876
77.253	-11.926
77.233	-11.966
77.233	-11.996
77.213	-12.056
77.213	-12.176
77.263	-12.326
77.263	-12.376
77.273	-12.396
77.273	-12.456
77.283	-12.496
77.283	-12.586
77.273	-12.636
77.273	-12.676
77.253	-12.776
77.253	-12.836
77.243	-12.856
77.253	-12.906
77.253	-12.936
77.263	-12.976
77.263	-13.016
77.303	-13.176
77.303	-13.206
77.313	-13.246
77.313	-13.306
77.273	-13.456
77.273	-13.496
77.263	-13.536
77.263	-13.606
77.273	-13.646
77.273	-13.696
77.283	-13.736
77.283	-13.766
77.303	-13.846
77.303	-13.866
77.353	-13.886
77.383	-13.886
POLYLINE BLACK
75.513	-10.536
75.603	-10.656
75.623	-10.666
POLYLINE BLACK
75.523	-10.566
75.503	-10.526
75.523	-10.466
75.523	-10.416
75.533	-10.396
POLYLINE BLACK
75.543	-10.616
POLYLINE BLACK
77.143	-11.136
77.123	-11.036
77.093	-10.926
77.073	-10.926
77.053	-10.906
77.033	-10.906
77.013	-10.886
76.833	-10.886
76.793	-10.896
76.763	-10.896
76.743	-10.906
76.663	-10.876
76.643	-10.886
76.623	-10.866
76.583	-10.866
76.543	-10.836
76.433	-10.836
76.313	-10.796
76.273	-10.786
76.233	-10.766
76.183	-10.786
76.123	-10.766
76.083	-10.776
76.003	-10.756
75.983	-10.766
75.903	-10.736
75.863	-10.746
75.833	-10.746
75.813	-10.756
75.793	-10.746
75.753	-10.756
75.713	-10.746
75.593	-10.666
75.583	-10.646
POLYLINE BLACK
75.523	-10.396
75.633	-10.396
75.673	-10.406
75.763	-10.396
75.803	-10.396
75.843	-10.406
75.863	-10.406
POLYLINE BLACK
77.573	-10.336
77.563	-10.356
77.523	-10.346
77.483	-10.356
77.423	-10.366
77.403	-10.356
77.303	-10.366
77.263	-10.376
77.243	-10.366
77.153	-10.386
77.043	-10.396
76.953	-10.416
76.913	-10.416
76.843	-10.396
76.773	-10.396
76.693	-10.376
76.603	-10.366
76.553	-10.366
76.493	-10.356
76.383	-10.356
76.313	-10.376
76.243	-10.376
76.223	-10.386
76.203	-10.376
76.183	-10.386
76.163	-10.376
76.113	-10.386
76.093	-10.376
76.043	-10.386
76.003	-10.386
75.963	-10.396
75.923	-10.396
75.903	-10.406
75.883	-10.396
75.843	-10.406
75.823	-10.396
75.803	-10.406
75.783	-10.386
POLYLINE BLACK
77.933	-12.086
77.933	-12.046
77.923	-12.006
77.923	-11.916
77.913	-11.866
77.903	-11.786
77.893	-11.696
77.883	-11.656
77.883	-11.476
77.873	-11.436
77.863	-11.396
77.873	-11.356
77.873	-11.316
77.863	-11.276
77.853	-11.216
77.963	-11.106
78.003	-11.016
78.053	-10.956
78.113	-10.856
78.143	-10.766
78.143	-10.686
78.133	-10.646
78.123	-10.606
78.103	-10.556
78.043	-10.516
78.023	-10.516
77.923	-10.456
77.903	-10.456
77.843	-10.406
77.773	-10.376
77.733	-10.366
77.653	-10.356
77.613	-10.356
77.543	-10.376
77.503	-10.406
77.433	-10.416
POLYLINE BLACK
77.293	-13.746
77.353	-13.806
77.393	-13.816
77.413	-13.826
77.453	-13.806
77.493	-13.816
77.553	-13.816
77.573	-13.826
77.633	-13.806
77.673	-13.806
77.733	-13.766
77.823	-13.616
77.843	-13.596
77.863	-13.496
77.863	-13.346
77.853	-13.276
77.853	-13.196
77.863	-13.176
77.823	-13.026
77.823	-12.996
77.813	-12.956
77.803	-12.876
77.813	-12.796
77.853	-12.596
77.863	-12.486
77.863	-12.446
77.853	-12.376
77.873	-12.286
77.933	-12.186
77.933	-12.146
77.943	-12.106
77.953	-12.016
POLYLINE CONNECT
77.653	-10.986
77.786	-20.010
POLYLINE BLACK
74.163	-18.476
74.283	-18.576
74.363	-18.616
74.423	-18.616
74.503	-18.636
74.563	-18.636
74.663	-18.656
74.983	-18.696
75.283	-18.696
75.423	-18.716
75.543	-18.716
75.623	-18.796
75.703	-18.816
75.923	-18.876
76.083	-18.976
76.163	-18.996
76.383	-19.056
POLYLINE BLACK
74.143	-22.296
74.183	-22.336
74.363	-22.356
74.563	-22.416
74.603	-22.396
74.643	-22.436
74.723	-22.436
74.803	-22.456
74.883	-22.476
74.923	-22.516
75.043	-22.516
75.143	-22.536
75.183	-22.576
75.263	-22.576
75.383	-22.616
75.423	-22.596
75.583	-22.656
75.863	-22.696
76.043	-22.756
76.083	-22.756
76.163	-22.816
76.203	-22.796
POLYLINE BLACK
74.543	-12.136
74.643	-12.236
74.663	-12.396
74.643	-12.476
74.463	-12.656
74.383	-12.696
74.323	-12.756
74.223	-12.856
74.183	-12.976
74.183	-13.096
74.163	-13.176
74.163	-13.316
74.223	-13.476
74.223	-13.556
74.263	-13.636
74.263	-13.696
74.283	-13.776
74.263	-13.956
74.203	-14.116
74.083	-14.356
74.063	-14.516
74.083	-14.596
74.083	-14.656
74.123	-14.816
74.123	-14.896
74.243	-15.136
74.243	-15.216
74.263	-15.296
74.323	-15.596
74.323	-15.876
74.183	-16.016
74.023	-16.036
73.903	-15.996
73.863	-16.016
73.823	-15.996
73.783	-16.016
73.643	-15.876
73.603	-15.756
73.603	-15.636
73.583	-15.556
73.583	-15.096
73.543	-14.976
73.503	-14.936
73.483	-14.816
73.543	-14.636
73.603	-14.556
73.603	-14.476
73.523	-14.276
73.523	-14.216
73.503	-14.136
73.503	-14.016
73.483	-13.936
73.483	-13.876
73.643	-13.676
73.763	-13.516
73.763	-13.476
73.903	-13.276
73.943	-13.256
73.943	-13.216
74.023	-13.176
74.043	-13.096
74.043	-13.096
73.943	-12.916
73.743	-12.716
73.703	-12.716
73.623	-12.656
73.543	-12.656
73.503	-12.616
73.423	-12.596
73.323	-12.376
73.303	-12.256
73.343	-12.256
73.403	-12.216
73.443	-12.216
73.503	-12.136
POLYLINE BLACK
73.423	-12.176
73.463	-12.216
73.543	-12.196
73.623	-12.176
73.803	-12.156
73.843	-12.136
73.883	-12.156
73.923	-12.116
74.163	-12.116
74.303	-12.136
74.423	-12.136
74.463	-12.156
74.503	-12.136
74.543	-12.156
74.623	-12.136
74.703	-12.156
74.823	-12.116
74.863	-12.156
74.903	-12.156
POLYLINE CONNECT
73.663	-14.676
74.268	-20.878
POLYLINE BLACK
70.963	-21.356
71.003	-21.396
71.083	-21.416
71.163	-21.396
71.283	-21.436
71.383	-21.436
71.463	-21.416
71.583	-21.456
71.643	-21.456
71.923	-21.576
72.083	-21.656
72.143	-21.656
72.263	-21.736
72.303	-21.736
72.343	-21.776
72.403	-21.776
72.483	-21.836
72.563	-21.816
72.723	-21.876
72.843	-21.856
72.883	-21.896
72.963	-21.916
73.023	-21.896
73.083	-21.916
73.123	-21.896
73.183	-21.936
73.403	-21.976
73.563	-22.016
73.723	-22.056
73.803	-22.076
73.903	-22.076
74.183	-22.236
74.263	-22.236
POLYLINE BLACK
70.763	-17.596
70.843	-17.616
70.943	-17.636
71.003	-17.636
71.123	-17.696
71.223	-17.696
71.423	-17.756
71.483	-17.756
71.603	-17.816
71.743	-17.816
72.003	-17.896
72.163	-17.916
72.523	-18.036
72.583	-18.036
72.923	-18.176
72.983	-18.216
73.163	-18.256
73.603	-18.396
73.703	-18.376
73.823	-18.416
73.903	-18.436
73.943	-18.416
74.123	-18.476
74.323	-18.516
POLYLINE BLACK
71.283	-12.876
71.303	-12.956
71.303	-13.036
71.283	-13.116
71.263	-13.196
71.183	-13.316
71.183	-13.416
71.163	-13.496
71.223	-13.696
71.223	-13.776
71.143	-14.016
71.143	-14.076
71.183	-14.236
71.183	-14.356
71.203	-14.396
71.183	-14.476
71.143	-14.516
71.143	-14.556
71.063	-14.636
71.063	-14.716
71.123	-14.836
71.143	-14.916
71.183	-15.056
71.183	-15.136
71.163	-15.216
71.143	-15.316
71.123	-15.396
71.083	-15.436
71.083	-15.476
70.983	-15.596
71.043	-15.676
71.043	-15.816
71.003	-15.976
71.003	-16.056
71.023	-16.096
71.003	-16.196
71.003	-16.236
70.903	-16.336
70.823	-16.356
70.743	-16.336
70.623	-16.336
70.583	-16.316
70.503	-16.356
70.423	-16.336
70.343	-16.336
70.243	-16.316
POLYLINE BLACK
69.783	-16.356
69.723	-16.236
69.723	-16.076
69.743	-15.996
69.763	-15.916
69.823	-15.696
69.843	-15.536
69.843	-15.496
69.903	-15.416
70.003	-15.196
70.003	-15.076
70.023	-14.996
69.983	-14.856
69.963	-14.776
69.843	-14.576
69.823	-14.496
69.803	-14.416
69.703	-14.256
69.703	-13.996
69.783	-13.656
69.783	-13.496
69.763	-13.416
69.723	-13.236
69.683	-13.116
69.643	-13.076
69.643	-12.956
69.623	-12.916
69.663	-12.796
69.683	-12.716
69.783	-12.616
69.823	-12.596
69.863	-12.616
69.943	-12.576
70.023	-12.616
70.103	-12.596
70.143	-12.616
70.223	-12.596
70.343	-12.576
70.423	-12.596
70.623	-12.596
70.703	-12.616
70.923	-12.596
70.963	-12.616
71.003	-12.596
71.083	-12.616
71.203	-12.616
71.283	-12.656
71.363	-12.776
71.363	-12.896
POLYLINE BLACK
70.463	-16.316
70.423	-16.296
70.343	-16.316
70.183	-16.296
69.983	-16.336
69.903	-16.356
69.863	-16.336
POLYLINE CONNECT
70.183	-14.996
70.651	-19.998
POLYLINE BLACK
76.033	-22.386
76.003	-22.416
75.973	-22.546
POLYLINE BLACK
76.013	-24.116
76.133	-24.046
76.173	-24.006
76.193	-24.006
76.243	-23.936
76.253	-23.856
76.253	-23.766
76.243	-23.726
76.243	-23.686
76.233	-23.646
76.233	-23.496
76.223	-23.476
76.233	-23.406
76.233	-23.256
76.213	-23.216
76.213	-23.146
76.203	-23.096
76.193	-23.016
76.183	-22.926
76.183	-22.876
76.173	-22.836
76.173	-22.786
76.163	-22.746
76.173	-22.706
76.173	-22.666
76.183	-22.626
76.183	-22.486
76.193	-22.446
76.163	-22.406
76.143	-22.406
76.123	-22.386
76.003	-22.436
75.993	-22.456
POLYLINE BLACK
76.113	-22.416
76.013	-22.556
75.933	-22.746
75.923	-22.786
75.873	-22.936
75.813	-23.106
75.803	-23.146
75.773	-23.276
75.743	-23.316
75.713	-23.426
75.693	-23.536
75.693	-23.646
75.683	-23.686
75.663	-23.776
75.633	-23.866
75.583	-23.976
75.583	-24.026
75.573	-24.046
75.623	-24.126
75.673	-24.176
75.693	-24.166
75.793	-24.206
75.833	-24.196
75.873	-24.206
75.953	-24.176
75.973	-24.176
76.013	-24.146
76.033	-24.146
76.053	-24.106
POLYLINE CONNECT
75.943	-23.216
75.899	-19.554
POLYLINE BROWN
72.123	-19.176
72.043	-19.196
71.963	-19.216
71.803	-19.336
71.783	-19.476
71.783	-20.056
71.763	-20.236
71.763	-20.336
71.743	-20.416
71.763	-20.596
71.763	-20.696
71.783	-20.776
71.803	-20.956
71.843	-21.116
71.923	-21.196
72.003	-21.196
72.163	-21.096
72.263	-20.796
72.263	-20.496
72.283	-20.356
72.283	-20.216
72.303	-20.076
72.303	-19.536
72.283	-19.456
72.263	-19.376
72.243	-19.296
72.163	-19.176
72.123	-19.176
72.083	-19.136
72.043	-19.136
71.963	-19.196
POLYLINE BROWN
75.983	-18.916
75.823	-19.036
75.723	-19.036
75.583	-19.056
75.363	-19.056
75.283	-19.036
75.143	-19.036
75.003	-19.016
74.903	-19.036
74.783	-19.016
74.323	-19.016
74.183	-19.036
74.103	-19.016
73.923	-19.056
73.783	-19.036
73.603	-19.056
73.463	-19.056
73.343	-19.096
73.243	-19.076
73.123	-19.116
72.903	-19.136
72.703	-19.136
72.603	-19.156
72.523	-19.136
72.443	-19.156
72.303	-19.136
72.223	-19.156
POLYLINE BROWN
82.163	-16.976
82.163	-17.016
82.123	-17.016
81.943	-17.196
81.763	-17.256
81.643	-17.296
81.463	-17.336
81.383	-17.356
81.303	-17.376
81.143	-17.416
81.103	-17.456
80.923	-17.476
80.743	-17.536
80.683	-17.516
80.563	-17.576
80.483	-17.576
80.143	-17.676
80.103	-17.656
80.023	-17.716
79.903	-17.716
79.683	-17.796
79.523	-17.836
79.363	-17.916
79.283	-17.916
79.243	-17.956
79.203	-17.956
79.143	-17.996
79.043	-18.016
78.903	-18.076
78.783	-18.156
78.583	-18.256
78.483	-18.276
78.383	-18.336
78.303	-18.356
78.123	-18.436
77.983	-18.456
77.683	-18.596
77.503	-18.636
77.403	-18.676
77.323	-18.676
77.243	-18.696
77.063	-18.716
76.943	-18.776
76.783	-18.776
76.603	-18.836
76.523	-18.816
76.383	-18.816
76.303	-18.836
76.223	-18.836
76.063	-18.876
75.983	-18.876
75.803	-18.936
POLYLINE BROWN
76.043	-20.476
76.263	-20.416
76.443	-20.376
76.503	-20.396
76.623	-20.316
76.683	-20.316
76.763	-20.276
76.823	-20.276
76.923	-20.216
77.043	-20.176
77.123	-20.156
77.423	-20.056
77.663	-20.056
77.783	-20.016
77.843	-20.016
77.883	-19.996
77.963	-20.016
78.043	-19.956
78.143	-19.916
78.203	-19.916
78.383	-19.836
78.463	-19.776
78.543	-19.756
78.663	-19.716
78.783	-19.596
78.823	-19.596
78.823	-19.556
78.923	-19.416
78.983	-19.356
79.063	-19.236
79.083	-19.156
79.183	-18.996
79.223	-19.016
79.303	-18.956
79.523	-18.916
79.643	-18.856
79.723	-18.876
79.803	-18.856
79.923	-18.836
79.963	-18.856
80.043	-18.836
80.163	-18.856
80.243	-18.816
80.343	-18.816
80.383	-18.836
80.463	-18.816
80.503	-18.776
80.623	-18.776
80.703	-18.736
80.763	-18.756
80.843	-18.696
80.963	-18.696
81.243	-18.496
81.403	-18.396
81.483	-18.376
81.743	-18.296
81.823	-18.276
81.903	-18.256
81.983	-18.256
82.023	-18.216
82.103	-18.216
82.183	-18.156
82.223	-18.156
82.263	-18.116
82.303	-18.156
82.343	-18.136
82.383	-18.156
82.423	-18.136
82.423	-18.096
82.443	-18.136
82.443	-18.096
POLYLINE BROWN
70.763	-21.436
70.943	-21.416
71.143	-21.376
71.363	-21.296
71.423	-21.316
71.603	-21.236
71.703	-21.236
71.963	-21.156
72.043	-21.156
72.283	-21.096
72.403	-21.056
72.443	-21.056
72.723	-20.936
72.863	-20.936
73.123	-20.876
73.183	-20.876
73.263	-20.836
73.383	-20.836
73.483	-20.816
73.603	-20.816
73.723	-20.776
74.063	-20.776
74.143	-20.756
74.283	-20.756
74.363	-20.716
74.423	-20.716
74.703	-20.656
74.863	-20.616
75.003	-20.576
75.123	-20.556
75.183	-20.576
75.323	-20.536
75.363	-20.496
75.503	-20.516
75.583	-20.496
75.663	-20.496
75.843	-20.456
75.903	-20.456
75.943	-20.476
76.163	-20.416
POLYLINE BLACK
68.303	-18.636
68.343	-18.676
68.443	-18.676
68.523	-18.716
68.563	-18.676
68.643	-18.736
68.723	-18.756
68.783	-18.896
68.823	-18.936
68.843	-19.016
68.923	-19.236
68.963	-19.436
68.963	-19.616
68.983	-19.696
68.983	-19.776
69.003	-19.856
69.003	-19.936
69.023	-20.016
69.023	-20.196
69.043	-20.276
69.023	-20.636
69.003	-20.716
69.003	-20.856
68.983	-20.936
69.003	-21.016
69.003	-21.096
69.083	-21.336
69.123	-21.376
69.163	-21.376
69.243	-21.436
69.303	-21.456
69.383	-21.436
69.463	-21.436
69.503	-21.456
69.543	-21.416
69.663	-21.436
69.743	-21.416
69.923	-21.416
70.003	-21.436
70.083	-21.436
70.163	-21.416
70.323	-21.396
70.483	-21.396
70.523	-21.376
70.603	-21.396
70.723	-21.356
70.763	-21.376
70.843	-21.356
70.883	-21.376
POLYLINE BLACK
68.603	-17.296
68.643	-17.336
68.723	-17.336
68.863	-17.376
68.943	-17.376
69.023	-17.396
69.203	-17.396
69.443	-17.476
69.603	-17.496
69.723	-17.576
69.803	-17.576
69.963	-17.616
70.043	-17.596
70.123	-17.596
70.203	-17.616
70.283	-17.596
70.363	-17.596
70.503	-17.636
70.643	-17.636
70.783	-17.676
70.823	-17.676
POLYLINE BLACK
65.683	-16.276
65.723	-16.286
65.803	-16.326
65.873	-16.326
65.953	-16.346
65.993	-16.356
66.073	-16.386
66.103	-16.386
66.143	-16.396
66.193	-16.406
66.333	-16.446
66.413	-16.456
66.653	-16.506
67.093	-16.656
67.263	-16.736
67.383	-16.776
67.543	-16.816
67.563	-16.826
67.613	-16.826
67.703	-16.856
67.763	-16.896
67.783	-16.896
67.803	-16.926
67.833	-16.936
67.903	-17.006
68.023	-17.076
68.153	-17.166
68.173	-17.166
68.193	-17.186
68.213	-17.176
68.253	-17.196
68.343	-17.196
68.453	-17.226
68.523	-17.226
68.543	-17.216
68.553	-17.236
68.603	-17.226
68.703	-17.256
68.733	-17.256
68.753	-17.266
68.773	-17.256
POLYLINE BLACK
65.723	-17.876
65.763	-17.886
65.813	-17.886
65.893	-17.936
65.933	-17.936
65.953	-17.956
65.973	-17.956
66.013	-17.996
66.053	-17.996
66.093	-17.986
66.133	-17.986
66.153	-17.976
66.263	-18.016
66.303	-18.026
66.413	-18.066
66.443	-18.066
66.463	-18.086
66.483	-18.086
66.543	-18.126
66.583	-18.136
66.793	-18.206
66.813	-18.226
66.843	-18.226
66.983	-18.266
67.033	-18.266
67.103	-18.286
67.203	-18.286
67.283	-18.306
67.323	-18.336
67.373	-18.336
67.423	-18.366
67.483	-18.396
67.513	-18.396
67.653	-18.456
67.693	-18.466
67.793	-18.506
67.823	-18.506
67.843	-18.526
67.883	-18.516
67.903	-18.536
67.953	-18.546
67.993	-18.566
68.023	-18.566
68.103	-18.596
68.133	-18.586
68.183	-18.596
68.233	-18.596
68.353	-18.636
68.393	-18.636
68.433	-18.626
68.493	-18.646
POLYLINE BLACK
64.983	-15.106
65.003	-15.106
65.043	-15.136
65.063	-15.136
65.083	-15.166
65.103	-15.156
65.153	-15.166
65.173	-15.166
65.193	-15.186
65.203	-15.166
65.253	-15.176
65.293	-15.166
65.333	-15.166
65.373	-15.136
65.413	-15.126
65.463	-15.076
65.483	-14.966
65.493	-14.886
65.493	-14.826
65.503	-14.786
65.483	-14.686
65.343	-14.536
65.303	-14.466
65.263	-14.436
65.223	-14.426
65.163	-14.366
65.153	-14.326
65.133	-14.266
65.133	-14.216
65.073	-14.026
65.023	-13.946
65.013	-13.906
64.973	-13.746
65.013	-13.676
POLYLINE BLACK
64.273	-13.576
64.303	-13.676
64.313	-13.716
64.353	-13.806
64.443	-13.886
64.483	-13.916
64.503	-13.916
64.543	-13.946
64.583	-13.956
64.683	-14.026
64.693	-14.066
64.703	-14.106
64.693	-14.146
64.683	-14.186
64.643	-14.256
64.643	-14.296
64.653	-14.336
64.653	-14.376
64.663	-14.416
64.663	-14.436
64.773	-14.646
64.833	-14.696
64.893	-14.716
64.953	-14.786
64.963	-14.866
64.963	-14.976
65.003	-15.056
65.003	-15.086
65.023	-15.166
POLYLINE BLACK
64.973	-13.706
64.973	-13.726
65.003	-13.696
65.083	-13.646
65.123	-13.666
65.133	-13.686
65.173	-13.696
65.213	-13.726
65.273	-13.716
65.313	-13.736
65.343	-13.726
65.363	-13.736
65.423	-13.706
65.423	-13.646
65.383	-13.596
65.353	-13.526
65.303	-13.496
65.203	-13.436
65.193	-13.416
65.163	-13.406
65.143	-13.416
65.113	-13.386
64.963	-13.356
64.943	-13.346
64.923	-13.356
64.903	-13.346
64.833	-13.366
64.813	-13.356
64.773	-13.366
64.733	-13.356
64.673	-13.376
64.613	-13.376
64.473	-13.416
64.453	-13.406
64.373	-13.476
64.323	-13.516
64.313	-13.556
64.283	-13.596
64.283	-13.616
POLYLINE CONNECT
65.083	-13.636
65.455	-16.438
POLYLINE BLACK
62.023	-17.696
62.063	-17.716
62.163	-17.676
62.303	-17.536
62.323	-17.356
62.363	-17.196
62.383	-17.116
62.403	-17.036
62.483	-16.996
62.623	-17.016
62.703	-17.016
62.883	-17.196
62.983	-17.356
63.183	-17.396
63.263	-17.416
63.343	-17.436
63.443	-17.436
63.523	-17.456
63.643	-17.436
63.743	-17.456
63.823	-17.436
63.863	-17.456
63.943	-17.436
64.023	-17.456
64.103	-17.476
64.143	-17.456
64.223	-17.476
64.303	-17.496
64.403	-17.516
64.443	-17.496
64.483	-17.536
64.523	-17.536
64.643	-17.616
64.723	-17.736
64.763	-17.736
64.883	-17.816
65.063	-17.836
65.143	-17.816
65.223	-17.836
65.443	-17.836
65.683	-17.896
POLYLINE BLACK
61.743	-15.496
61.883	-15.576
61.963	-15.596
62.043	-15.616
62.203	-15.616
62.363	-15.656
62.403	-15.636
62.443	-15.656
62.483	-15.636
62.563	-15.656
62.623	-15.656
62.703	-15.676
62.863	-15.696
62.923	-15.696
62.963	-15.716
63.003	-15.696
63.123	-15.736
63.303	-15.776
63.343	-15.796
63.383	-15.776
63.503	-15.796
63.543	-15.836
63.723	-15.856
63.863	-15.896
63.943	-15.896
64.063	-15.936
64.123	-15.936
64.223	-15.956
64.283	-15.956
64.323	-15.976
64.443	-15.976
64.523	-15.996
64.603	-16.016
64.683	-16.036
64.863	-16.036
65.063	-16.096
65.103	-16.076
65.203	-16.116
65.243	-16.096
65.323	-16.156
65.583	-16.216
65.663	-16.256
65.703	-16.236
POLYLINE BLACK
61.783	-15.516
62.003	-15.576
62.123	-15.536
62.163	-15.556
