TRIP
DATE 2016-01-17 
DECLINATION     0.00
DATA
11.24	12.0	0.00	0.00	0.000	>
12.0	12.1	237.57	-18.13	3.269	>
12.1		111.82	9.37	0.608	>
12.1		305.10	6.31	0.364	>
12.1		112.38	85.11	0.216	>
12.1	12.2	217.84	15.99	1.104	>
12.2		310.34	14.91	0.369	>
12.2		222.84	79.82	0.957	>
12.2		103.60	21.66	1.121	>
12.2	12.3	193.49	58.81	3.692	>
12.3		320.80	-9.01	0.524	>
12.3		180.53	7.61	0.438	>
12.3		331.82	83.05	0.788	>
12.3		218.83	-85.95	1.491	>
12.3		10.82	-40.02	0.953	>
12.3		192.42	59.95	8.745	>
12.3	12.4	221.60	53.99	4.276	>
12.4		359.52	1.92	0.358	>
12.4		185.72	79.30	2.810	>
12.4		179.14	4.54	0.670	>
12.4		8.78	-67.25	5.288	>
12.4		138.59	66.12	5.415	>
12.4		278.59	-17.13	4.104	>
12.4		276.51	-12.06	5.361	>
12.4	12.5	84.17	16.01	5.166	<
12.5		184.07	5.04	1.457	<
12.5		356.19	-0.95	0.421	<
12.5		180.37	54.78	2.972	<
12.5		57.14	-85.91	0.802	<
12.5	12.6	126.87	37.34	3.635	<
12.6		187.70	1.53	0.299	<
12.6		357.57	-0.87	0.590	<
12.6		306.87	87.29	1.059	<
12.6		39.94	-82.82	0.449	<
12.6	12.7	1.66	-24.33	0.796	<
12.7		345.81	2.49	0.184	<
12.7		150.97	16.69	0.878	<
12.7		161.60	66.29	1.457	<
12.7		139.42	-42.87	0.388	<
12.7	12.8	62.90	-19.66	2.937	<
12.8		338.32	2.31	0.173	<
12.8		149.58	-0.49	0.466	<
12.8		94.40	-85.86	0.180	<
12.8		246.04	84.08	0.478	<
12.8		126.33	28.81	1.129	<
12.8		23.52	32.10	0.518	<
12.4	12.9	136.51	52.19	3.058	<
12.9		354.98	6.74	0.920	<
12.9		257.99	9.88	1.375	<
12.9		64.36	17.58	0.987	<
12.9		267.26	86.72	2.918	<
12.9		2.86	-88.31	0.679	<
12.9	12.10	197.75	2.61	1.452	<
12.10		84.31	-1.42	0.282	<
12.10		186.34	86.10	0.267	<
12.10		271.99	1.27	0.316	<
12.10		45.74	-78.82	0.562	<
12.10	12.11	173.74	-0.15	2.615	<
12.11		331.00	83.97	1.001	<
12.11		138.78	-83.75	1.673	<
12.11		292.51	-15.34	0.937	<
12.11		85.25	10.54	2.345	<
12.11		343.09	-13.35	0.844	<
12.11		19.41	-12.80	0.858	<
12.11	12.12	90.21	17.17	2.845	<
12.12		353.32	-0.11	0.525	<
12.12		177.05	-35.94	0.383	<
12.12		315.64	45.56	0.543	<
12.12		6.77	-80.65	0.366	<
12.12	12.13	75.40	46.57	2.083	<
12.13		108.43	-81.44	0.361	<
12.13		351.94	13.10	0.622	<
12.13		68.63	86.28	0.762	<
12.13		248.20	67.50	0.155	<
12.13	12.14	90.59	19.23	0.820	<
12.14		214.34	6.46	0.516	<
12.14		279.20	82.60	0.826	<
12.14		83.30	67.29	2.287	<
12.14		171.57	-77.63	0.255	<
12.14		132.54	1.51	1.895	<
12.14		141.18	3.44	0.718	<
12.14		127.83	15.86	0.648	<
12.11	12.15	241.99	-62.32	2.297	>
12.15		175.72	6.27	0.229	<
12.15		346.14	13.21	1.291	<
12.15		320.37	32.20	0.437	<
12.15		249.44	69.62	0.491	<
12.15		206.57	-87.47	0.253	<
12.15	12.16	276.70	-22.30	3.215	>
12.16		202.05	10.35	0.301	<
12.16		359.27	-0.24	0.234	<
12.16		277.21	77.07	0.392	<
12.16		94.76	-89.36	1.070	<
12.16	12.17	246.13	-33.23	2.517	>
12.17		1.33	-3.66	0.517	>
12.17		0.00	82.66	0.297	>
12.17		39.81	-84.87	0.437	>
12.17		153.59	56.25	3.957	>
12.17	12.18	286.70	-7.96	1.690	>
12.18		222.96	7.36	0.422	>
12.18		149.99	0.51	0.678	>
12.18		153.43	79.61	0.248	>
12.18		57.99	-79.62	0.524	>
12.18	12.19	183.54	5.69	0.796	>
12.19		284.51	-10.36	0.662	>
12.19		131.36	38.76	0.858	>
12.19		354.08	68.41	0.369	>
12.19	12.20	210.98	39.41	2.905	>
12.20		30.03	-38.10	3.220	>
12.20		32.82	-33.88	0.920	>
12.20		103.68	16.06	1.052	>
12.20		311.85	0.64	0.631	>
12.20		132.92	82.53	1.050	>
12.20		122.01	-80.21	0.166	>
12.20		18.60	-10.20	0.446	>
12.3	12.21	282.44	-32.75	7.400	>
12.21		10.42	10.25	0.320	>
12.21		249.02	-6.99	2.442	>
12.21		183.50	15.75	1.802	>
12.21		207.49	59.52	8.930	>
12.21		59.59	-9.28	0.899	>
12.21	12.22	46.57	-41.35	1.922	>
12.22		259.19	15.12	0.790	>
12.22		36.63	3.38	0.730	>
12.22		318.93	74.66	0.546	>
12.22		295.82	-84.04	0.332	>
12.22	12.23	314.86	-22.44	2.887	>
12.23		28.45	7.28	0.671	>
12.23		194.16	-0.33	0.870	>
12.23		194.47	84.55	0.674	>
12.23		1.97	-80.99	0.371	>
12.23	12.24	277.44	-16.97	3.570	>
12.24		197.07	14.56	0.275	>
12.24		24.85	3.98	0.389	>
12.24		331.89	84.61	0.882	>
12.24		322.13	-87.55	0.267	>
12.24	12.25	303.94	-4.26	3.542	>
12.25		211.39	-3.78	0.394	>
12.25		204.03	1.43	0.879	>
12.25		20.63	3.27	0.753	>
12.25		249.68	79.86	0.164	>
12.25		270.00	80.23	0.183	>
12.25		89.20	-84.82	0.797	>
12.25	12.26	280.39	-13.01	3.687	>
12.26		189.91	16.04	1.010	>
12.26		256.38	5.28	1.293	>
12.26		16.44	12.31	1.013	>
12.26		335.74	5.78	1.619	>
12.26		240.51	83.14	0.952	>
12.26		7.77	-83.96	0.211	>
12.26	12.27	17.73	49.61	1.358	>
12.27		210.00	-24.36	2.795	>
12.27		245.23	-36.05	2.494	>
12.27	12.28	296.18	-35.89	1.791	>
12.28		75.27	20.33	0.340	>
12.28		78.28	-3.73	0.952	>
12.28		266.87	10.05	0.596	>
12.28		219.05	86.06	0.992	>
12.28		218.66	-83.63	0.346	>
12.28	12.29	348.58	-6.44	5.960	>
12.29		96.00	-0.83	0.689	>
12.29		267.20	5.82	0.946	>
12.29		87.88	87.77	0.696	>
12.29		252.50	-85.49	1.479	>
12.29	12.30	137.85	7.93	0.906	>
12.30	11.18	0.00	0.00	0.000	>

PLAN
STATIONS
-38.456	5.280	11.18
-16.362	-4.252	12.0
-18.984	-5.918	12.1
-19.635	-6.756	12.2
-20.081	-8.615	12.3
-21.750	-10.495	12.4
-16.810	-9.991	12.5
-14.498	-11.725	12.6
-14.477	-11.000	12.7
-12.015	-9.740	12.8
-20.460	-11.855	12.9
-20.902	-13.236	12.10
-20.617	-15.835	12.11
-17.899	-15.845	12.12
-16.513	-15.484	12.13
-15.739	-15.492	12.14
-21.559	-16.336	12.15
-24.513	-15.989	12.16
-26.438	-16.841	12.17
-28.041	-16.360	12.18
-28.090	-17.151	12.19
-29.245	-19.075	12.20
-26.159	-7.274	12.21
-25.111	-6.282	12.22
-27.002	-4.400	12.23
-30.388	-3.958	12.24
-33.318	-1.986	12.25
-36.851	-1.338	12.26
-36.583	-0.500	12.27
-37.885	0.140	12.28
-39.058	5.945	12.29
-38.456	5.280	12.30
SHOTS
-38.456	5.280	-38.456	5.280
-39.058	5.945	-38.456	5.280
-37.885	0.140	-39.058	5.945
-39.058	5.945	-38.373	5.873
-39.058	5.945	-39.998	5.899
-39.058	5.945	-39.031	5.946
-39.058	5.945	-39.169	5.910
-36.583	-0.500	-37.885	0.140
-37.885	0.140	-37.577	0.221
-37.885	0.140	-36.955	0.333
-37.885	0.140	-38.471	0.108
-37.885	0.140	-37.928	0.087
-37.885	0.140	-37.909	0.110
-36.851	-1.338	-36.583	-0.500
-36.583	-0.500	-37.856	-2.705
-36.583	-0.500	-38.414	-1.345
-33.318	-1.986	-36.851	-1.338
-36.851	-1.338	-37.018	-2.294
-36.851	-1.338	-38.102	-1.641
-36.851	-1.338	-36.571	-0.389
-36.851	-1.338	-37.513	0.131
-36.851	-1.338	-36.950	-1.394
-36.851	-1.338	-36.848	-1.316
-30.388	-3.958	-33.318	-1.986
-33.318	-1.986	-33.523	-2.322
-33.318	-1.986	-33.676	-2.789
-33.318	-1.986	-33.053	-1.282
-33.318	-1.986	-33.345	-1.996
-33.318	-1.986	-33.349	-1.986
-33.318	-1.986	-33.246	-1.985
-27.002	-4.400	-30.388	-3.958
-30.388	-3.958	-30.466	-4.212
-30.388	-3.958	-30.225	-3.606
-30.388	-3.958	-30.427	-3.885
-30.388	-3.958	-30.395	-3.949
-25.111	-6.282	-27.002	-4.400
-27.002	-4.400	-26.685	-3.815
-27.002	-4.400	-27.215	-5.244
-27.002	-4.400	-27.018	-4.462
-27.002	-4.400	-27.000	-4.342
-26.159	-7.274	-25.111	-6.282
-25.111	-6.282	-25.860	-6.425
-25.111	-6.282	-24.676	-5.697
-25.111	-6.282	-25.206	-6.173
-25.111	-6.282	-25.142	-6.267
-20.081	-8.615	-26.159	-7.274
-26.159	-7.274	-26.102	-6.964
-26.159	-7.274	-28.422	-8.142
-26.159	-7.274	-26.265	-9.005
-26.159	-7.274	-28.250	-11.293
-26.159	-7.274	-25.394	-6.825
-28.090	-17.151	-29.245	-19.075
-29.245	-19.075	-27.977	-16.881
-29.245	-19.075	-28.831	-18.433
-29.245	-19.075	-28.263	-19.314
-29.245	-19.075	-29.715	-18.654
-29.245	-19.075	-29.145	-19.168
-29.245	-19.075	-29.221	-19.090
-29.245	-19.075	-29.105	-18.659
-28.041	-16.360	-28.090	-17.151
-28.090	-17.151	-28.720	-16.988
-28.090	-17.151	-27.588	-17.593
-28.090	-17.151	-28.104	-17.016
-26.438	-16.841	-28.041	-16.360
-28.041	-16.360	-28.326	-16.666
-28.041	-16.360	-27.702	-16.947
-28.041	-16.360	-28.021	-16.400
-28.041	-16.360	-27.961	-16.310
-24.513	-15.989	-26.438	-16.841
-26.438	-16.841	-26.426	-16.325
-26.438	-16.841	-26.438	-16.803
-26.438	-16.841	-26.413	-16.811
-26.438	-16.841	-25.460	-18.810
-21.559	-16.336	-24.513	-15.989
-24.513	-15.989	-24.624	-16.263
-24.513	-15.989	-24.516	-15.755
-24.513	-15.989	-24.600	-15.978
-24.513	-15.989	-24.501	-15.990
-20.617	-15.835	-21.559	-16.336
-21.559	-16.336	-21.542	-16.563
-21.559	-16.336	-21.860	-15.116
-21.559	-16.336	-21.795	-16.051
-21.559	-16.336	-21.719	-16.396
-21.559	-16.336	-21.564	-16.346
-16.513	-15.484	-15.739	-15.492
-15.739	-15.492	-16.028	-15.915
-15.739	-15.492	-15.844	-15.475
-15.739	-15.492	-14.862	-15.389
-15.739	-15.492	-15.731	-15.546
-15.739	-15.492	-14.343	-16.773
-15.739	-15.492	-15.290	-16.050
-15.739	-15.492	-15.247	-15.874
-17.899	-15.845	-16.513	-15.484
-16.513	-15.484	-16.462	-15.501
-16.513	-15.484	-16.598	-14.884
-16.513	-15.484	-16.467	-15.466
-16.513	-15.484	-16.568	-15.506
-20.617	-15.835	-17.899	-15.845
-17.899	-15.845	-17.960	-15.324
-17.899	-15.845	-17.883	-16.155
-17.899	-15.845	-18.165	-15.573
-17.899	-15.845	-17.892	-15.786
-20.902	-13.236	-20.617	-15.835
-20.617	-15.835	-20.668	-15.743
-20.617	-15.835	-20.497	-15.972
-20.617	-15.835	-21.452	-15.489
-20.617	-15.835	-18.319	-15.644
-20.617	-15.835	-20.856	-15.049
-20.617	-15.835	-20.339	-15.046
-20.460	-11.855	-20.902	-13.236
-20.902	-13.236	-20.621	-13.208
-20.902	-13.236	-20.904	-13.254
-20.902	-13.236	-21.218	-13.225
-20.902	-13.236	-20.824	-13.160
-21.750	-10.495	-20.460	-11.855
-20.460	-11.855	-20.540	-10.945
-20.460	-11.855	-21.785	-12.137
-20.460	-11.855	-19.612	-11.448
-20.460	-11.855	-20.627	-11.863
-20.460	-11.855	-20.459	-11.835
-14.477	-11.000	-12.015	-9.740
-12.015	-9.740	-12.079	-9.579
-12.015	-9.740	-11.779	-10.142
-12.015	-9.740	-12.002	-9.741
-12.015	-9.740	-12.060	-9.760
-12.015	-9.740	-11.218	-10.326
-12.015	-9.740	-11.840	-9.338
-14.498	-11.725	-14.477	-11.000
-14.477	-11.000	-14.522	-10.822
-14.477	-11.000	-14.069	-11.735
-14.477	-11.000	-14.292	-11.556
-14.477	-11.000	-14.292	-11.216
-16.810	-9.991	-14.498	-11.725
-14.498	-11.725	-14.538	-12.021
-14.498	-11.725	-14.523	-11.136
-14.498	-11.725	-14.538	-11.695
-14.498	-11.725	-14.462	-11.682
-21.750	-10.495	-16.810	-9.991
-16.810	-9.991	-16.913	-11.439
-16.810	-9.991	-16.838	-9.571
-16.810	-9.991	-16.821	-11.705
-16.810	-9.991	-16.762	-9.960
-20.081	-8.615	-21.750	-10.495
-21.750	-10.495	-21.753	-10.137
-21.750	-10.495	-21.802	-11.014
-21.750	-10.495	-21.740	-11.163
-21.750	-10.495	-21.438	-8.474
-21.750	-10.495	-20.300	-12.139
-21.750	-10.495	-25.628	-9.909
-21.750	-10.495	-26.959	-9.901
-19.635	-6.756	-20.081	-8.615
-20.081	-8.615	-20.408	-8.214
-20.081	-8.615	-20.085	-9.049
-20.081	-8.615	-20.126	-8.531
-20.081	-8.615	-20.147	-8.697
-20.081	-8.615	-19.944	-7.898
-20.081	-8.615	-21.023	-12.891
-18.984	-5.918	-19.635	-6.756
-19.635	-6.756	-19.907	-6.525
-19.635	-6.756	-19.750	-6.880
-19.635	-6.756	-18.622	-7.001
-16.362	-4.252	-18.984	-5.918
-18.984	-5.918	-18.427	-6.141
-18.984	-5.918	-19.280	-5.710
-18.984	-5.918	-18.967	-5.925
-16.362	-4.252	-16.362	-4.252
POLYLINE ORANGE
-28.648	-19.503
-28.648	-19.497
-28.678	-19.485
-28.678	-19.479
-28.684	-19.479
-28.684	-19.473
-28.726	-19.473
-28.726	-19.479
-28.744	-19.479
-28.744	-19.521
-28.732	-19.521
-28.732	-19.527
-28.714	-19.527
-28.714	-19.533
-28.708	-19.533
-28.708	-19.539
-28.690	-19.539
-28.654	-19.575
-28.654	-19.593
-28.648	-19.611
-28.648	-19.641
-28.666	-19.641
-28.666	-19.647
-28.750	-19.647
-28.780	-19.617
-28.780	-19.611
POLYLINE ORANGE
-28.858	-19.473
-28.864	-19.473
-28.864	-19.569
-28.870	-19.599
-28.870	-19.623
POLYLINE ORANGE
-28.942	-19.461
-28.942	-19.455
-28.882	-19.455
-28.864	-19.461
-28.804	-19.461
POLYLINE ORANGE
-29.068	-19.575
-29.038	-19.575
POLYLINE ORANGE
-29.080	-19.653
-29.080	-19.641
-29.074	-19.623
-29.074	-19.563
-29.068	-19.545
-29.068	-19.437
-29.056	-19.437
-29.050	-19.449
-29.032	-19.467
-29.032	-19.587
-29.026	-19.587
-29.026	-19.617
-29.008	-19.665
POLYLINE ORANGE
-29.176	-19.551
-29.218	-19.551
-29.236	-19.545
POLYLINE ORANGE
-29.236	-19.449
-29.218	-19.449
-29.200	-19.455
-29.164	-19.467
-29.140	-19.467
-29.140	-19.533
-29.152	-19.545
-29.182	-19.551
-29.188	-19.551
-29.158	-19.563
-29.158	-19.575
-29.152	-19.575
-29.152	-19.629
-29.176	-19.635
-29.206	-19.635
-29.206	-19.647
-29.212	-19.647
-29.212	-19.653
-29.230	-19.653
-29.248	-19.659
-29.248	-19.653
POLYLINE ORANGE
-29.242	-19.443
-29.248	-19.443
-29.248	-19.509
-29.254	-19.527
-29.254	-19.557
-29.260	-19.575
-29.260	-19.653
POLYLINE BLUE
-38.422	5.645
-38.422	5.510
-38.437	5.390
POLYLINE BLUE
-38.542	5.735
-38.617	5.300
POLYLINE BLUE
-38.692	5.840
-38.707	5.720
-38.752	5.510
-38.767	5.390
POLYLINE BLUE
-38.827	5.885
-38.857	5.780
-38.917	5.405
-38.932	5.375
POLYLINE BLUE
-39.007	5.945
-39.022	5.810
-39.037	5.585
-39.052	5.555
-39.052	5.510
POLYLINE BLUE
-39.187	6.035
-39.187	5.915
-39.247	5.660
POLYLINE BLUE
-39.322	5.660
-39.322	5.855
-39.337	5.945
-39.337	5.990
-39.307	6.125
POLYLINE BLUE
-39.292	5.735
-39.292	5.705
-39.262	5.645
-39.262	5.615
-39.202	5.480
-39.112	5.405
-39.082	5.405
-38.962	5.330
-38.917	5.330
-38.857	5.285
-38.797	5.285
-38.737	5.255
-38.707	5.255
-38.647	5.270
-38.617	5.270
-38.557	5.285
-38.347	5.420
-38.332	5.450
-38.242	5.495
-38.107	5.615
POLYLINE BLACK
-37.987	4.430
-37.972	4.325
-37.882	4.040
POLYLINE BLACK
-37.522	4.850
-37.522	4.820
-37.567	4.850
-37.732	4.790
-37.792	4.790
-37.852	4.775
-37.942	4.640
-37.942	4.610
-37.957	4.550
-37.957	4.475
-37.972	4.415
-37.972	4.280
POLYLINE BLACK
-38.317	3.290
-38.287	3.170
-38.287	3.050
-38.272	2.990
-38.257	2.855
-38.227	2.855
-38.167	2.870
-38.092	2.870
-37.957	2.900
-38.197	3.080
-38.347	3.200
POLYLINE BLACK
-38.347	2.345
-38.347	2.075
-38.317	1.940
-38.302	1.880
-38.272	1.880
-38.227	1.910
-38.122	1.910
-37.987	1.955
-37.957	1.940
-37.987	1.985
-38.107	2.045
-38.197	2.120
-38.347	2.180
-38.377	2.225
-38.422	2.240
POLYLINE BLACK
-38.212	0.845
-38.212	0.875
-38.077	0.995
-37.957	1.100
-37.912	1.100
-37.777	1.250
-37.747	1.250
-37.687	1.085
-37.612	0.920
-37.612	0.890
-37.582	0.830
-37.582	0.800
-37.777	0.815
-37.807	0.815
-37.837	0.785
-37.867	0.800
-37.927	0.800
-37.957	0.785
-38.002	0.785
-38.137	0.740
-38.167	0.755
-38.227	0.710
-38.227	0.770
-38.212	0.845
POLYLINE BLACK
-40.012	5.960
-39.982	5.900
-39.967	5.825
-39.937	5.765
-39.907	5.645
-39.877	5.570
-39.847	5.540
-39.817	5.540
-39.742	5.450
-39.652	5.375
-39.622	5.375
-39.577	5.315
-39.397	5.165
-39.202	4.760
-39.157	4.700
-39.127	4.625
-39.097	4.595
-39.022	4.355
-39.007	4.295
-39.007	4.265
-38.992	4.205
-38.992	4.130
-38.977	4.100
-38.977	4.025
-38.947	3.890
-38.902	3.650
-38.797	3.215
-38.782	3.065
-38.752	2.945
-38.722	2.690
-38.722	2.660
-38.707	2.630
-38.707	2.450
-38.692	2.420
-38.692	2.240
-38.677	2.180
-38.677	1.970
-38.662	1.940
-38.662	1.760
-38.632	1.610
-38.632	1.580
-38.527	1.160
-38.527	1.055
-38.512	0.995
-38.512	0.635
-38.497	0.575
-38.497	0.500
-38.482	0.440
-38.482	0.380
-38.467	0.320
-38.467	0.020
-38.452	-0.055
POLYLINE BLACK
-37.882	4.415
-37.882	4.220
-37.867	4.190
-37.867	4.040
-37.852	3.980
-37.852	3.920
-37.837	3.890
-37.837	3.815
-37.822	3.755
-37.822	3.725
-37.792	3.620
-37.792	3.590
-37.762	3.530
-37.762	3.500
-37.732	3.410
-37.732	3.335
-37.717	3.275
-37.717	3.170
-37.702	3.110
-37.702	3.005
-37.687	2.945
-37.687	2.915
-37.672	2.855
-37.672	2.825
-37.657	2.795
-37.657	2.720
-37.627	2.615
-37.597	2.495
-37.597	2.435
-37.582	2.405
-37.582	2.330
-37.552	2.270
-37.552	2.225
-37.537	2.195
-37.537	2.150
-37.522	2.090
-37.522	2.060
-37.492	2.000
-37.477	1.925
-37.402	1.685
-37.297	1.460
-37.297	1.430
-37.252	1.340
-37.252	1.310
-37.222	1.265
-37.222	1.235
-37.177	1.085
-37.177	1.040
-37.162	0.980
-37.162	0.950
-37.147	0.890
-37.147	0.860
-37.132	0.800
-37.132	0.740
-37.117	0.665
-37.117	0.635
-37.102	0.575
-37.087	0.455
-37.057	0.335
-37.042	0.230
POLYLINE BLACK
-38.572	-1.975
-38.902	-2.350
-39.007	-2.515
-39.097	-2.635
POLYLINE BLACK
-38.557	-1.930
-38.467	-2.065
-38.452	-2.110
-38.347	-2.230
-38.347	-2.260
-38.377	-2.260
-38.482	-2.305
-38.512	-2.305
-38.797	-2.440
-38.887	-2.515
-38.932	-2.530
-39.097	-2.650
POLYLINE BLACK
-38.512	-1.255
-38.407	-1.420
-38.332	-1.510
-38.317	-1.555
-38.287	-1.570
-38.032	-2.005
-37.987	-2.140
-37.987	-2.185
-37.942	-2.245
-37.942	-2.275
-37.897	-2.380
-37.717	-2.545
POLYLINE BLACK
-35.587	-3.025
-35.602	-3.055
POLYLINE BLACK
-35.512	-3.025
-35.572	-3.025
-35.602	-2.995
-35.632	-2.995
-35.752	-2.935
-35.797	-2.935
-36.037	-2.815
-36.112	-2.800
-36.172	-2.770
-36.232	-2.770
-36.262	-2.755
-36.307	-2.755
-36.472	-2.695
-36.532	-2.650
-36.322	-2.845
-36.262	-2.920
-36.022	-3.100
-35.932	-3.175
-35.902	-3.220
-35.722	-3.385
-35.647	-3.250
-35.647	-3.220
-35.587	-3.100
POLYLINE BLACK
-37.087	-2.635
-37.207	-2.515
POLYLINE BLACK
-36.847	-2.890
-36.937	-2.815
POLYLINE BLACK
-36.397	-3.190
-36.517	-3.130
-36.607	-3.070
POLYLINE BLACK
-35.992	-3.370
-36.097	-3.310
POLYLINE BLACK
-35.557	-3.655
-35.587	-3.655
-35.677	-3.610
POLYLINE BLACK
-35.017	-3.850
-35.047	-3.835
-35.092	-3.835
-35.302	-3.745
POLYLINE BLACK
-34.912	-3.085
-34.897	-3.115
POLYLINE BLACK
-35.182	-2.935
-35.047	-3.055
POLYLINE BLACK
-35.107	-2.920
POLYLINE BLACK
-35.467	-2.710
-35.437	-2.710
-35.362	-2.770
-35.317	-2.785
POLYLINE BLACK
-35.737	-2.500
-35.722	-2.530
-35.647	-2.590
POLYLINE BLACK
-36.922	-2.305
-37.132	-2.350
-37.162	-2.365
POLYLINE BLACK
-38.422	-1.270
-38.422	-1.270
-38.542	-1.090
-38.602	-0.925
-38.602	-0.820
-38.617	-0.760
-38.617	-0.445
-38.602	-0.385
-38.602	-0.310
-38.587	-0.250
-38.587	-0.205
-38.557	-0.115
-38.557	-0.070
-38.497	0.080
-38.437	0.140
POLYLINE BLACK
-36.592	-0.415
-36.742	-0.340
-36.967	-0.070
-36.967	-0.040
-37.042	0.110
-37.042	0.155
-37.087	0.320
-37.102	0.350
POLYLINE BLACK
-39.847	-2.230
-39.862	-2.275
-39.907	-2.305
-39.937	-2.305
POLYLINE BLACK
-39.622	-1.975
-39.667	-2.035
-39.697	-2.050
POLYLINE BLACK
-39.277	-1.630
-39.277	-1.660
-39.412	-1.735
POLYLINE BLACK
-38.872	-1.480
-38.887	-1.510
-38.992	-1.540
-39.022	-1.540
POLYLINE BLACK
-38.587	-1.375
-38.617	-1.375
POLYLINE BLACK
-38.737	-3.595
-38.797	-3.685
POLYLINE BLACK
-38.497	-3.265
-38.542	-3.325
-38.587	-3.355
-38.617	-3.415
POLYLINE BLACK
-38.317	-3.070
-38.407	-3.115
POLYLINE BLACK
-38.107	-2.800
-38.107	-2.830
-38.182	-2.920
POLYLINE BLACK
-37.012	-2.380
-37.042	-2.380
-37.102	-2.410
-37.147	-2.410
-37.207	-2.425
-37.237	-2.425
-37.327	-2.470
-37.447	-2.470
-37.552	-2.500
-37.612	-2.500
-37.642	-2.530
-37.702	-2.530
-37.852	-2.650
-37.912	-2.695
-37.927	-2.725
-37.957	-2.725
POLYLINE BLACK
-37.072	-2.290
-36.967	-2.320
-36.802	-2.350
-36.697	-2.350
-36.637	-2.380
-36.502	-2.380
-36.472	-2.395
-36.397	-2.380
-36.337	-2.380
-36.307	-2.365
-36.247	-2.395
-36.202	-2.395
-36.142	-2.410
-36.082	-2.395
-36.022	-2.410
-35.947	-2.410
-35.857	-2.440
-35.797	-2.425
-35.662	-2.455
-35.632	-2.440
-35.572	-2.455
-35.497	-2.455
-35.437	-2.470
-35.407	-2.470
-35.317	-2.515
-35.227	-2.515
-35.032	-2.560
-34.957	-2.560
-34.897	-2.575
-34.732	-2.575
-34.627	-2.620
-34.462	-2.620
-34.402	-2.635
-34.312	-2.635
-34.207	-2.680
-34.117	-2.680
-34.057	-2.695
-34.027	-2.695
-33.967	-2.710
-33.937	-2.710
-33.907	-2.740
-33.862	-2.740
-33.802	-2.770
-33.772	-2.770
-33.622	-2.845
POLYLINE BLACK
-36.622	-0.385
-36.412	-0.505
-36.382	-0.505
-36.292	-0.550
-36.262	-0.550
-36.202	-0.565
-36.172	-0.565
-36.142	-0.580
-36.067	-0.580
-36.007	-0.595
-35.947	-0.595
-35.887	-0.610
-35.857	-0.610
-35.827	-0.625
-35.752	-0.625
-35.722	-0.655
-35.662	-0.655
-35.542	-0.715
-35.497	-0.715
-35.437	-0.745
-35.407	-0.745
-35.227	-0.835
-35.092	-0.850
-35.002	-0.895
-34.972	-0.895
-34.912	-0.910
-34.807	-0.910
-34.732	-0.925
-34.702	-0.925
-34.492	-0.985
-34.417	-0.985
-34.357	-1.015
-34.297	-1.015
-34.267	-1.030
-34.162	-1.030
-34.042	-1.075
-33.967	-1.075
-33.907	-1.105
-33.817	-1.105
-33.712	-1.150
-33.682	-1.150
-33.622	-1.180
-33.592	-1.180
-33.532	-1.210
-33.457	-1.195
-33.397	-1.240
-33.337	-1.240
-33.247	-1.285
-33.217	-1.270
-33.097	-1.330
POLYLINE BLUE
-33.572	-1.465
-33.562	-1.515
-33.552	-1.665
-33.542	-1.725
-33.542	-1.965
POLYLINE BLUE
-33.702	-1.425
-33.702	-1.935
-33.692	-2.015
-33.692	-2.065
-33.682	-2.085
POLYLINE BLUE
-33.882	-1.315
-33.882	-1.465
-33.892	-1.625
-33.892	-1.755
-33.872	-1.965
-33.852	-2.075
POLYLINE BLUE
-34.082	-1.345
-34.082	-1.565
-34.072	-1.625
-34.072	-1.725
-34.062	-1.845
-34.062	-1.915
-34.052	-1.965
POLYLINE BLUE
-34.272	-1.415
-34.262	-1.455
-34.262	-1.655
-34.252	-1.695
-34.252	-1.765
-34.242	-1.835
POLYLINE BLUE
-33.522	-2.025
-33.422	-1.945
-33.362	-1.865
-33.362	-1.815
-33.352	-1.775
-33.352	-1.715
-33.362	-1.675
-33.372	-1.625
-33.522	-1.475
-33.582	-1.445
-33.622	-1.435
-33.812	-1.365
-33.902	-1.375
-34.032	-1.375
-34.112	-1.355
-34.162	-1.355
-34.222	-1.375
-34.242	-1.395
-34.282	-1.405
-34.362	-1.475
-34.382	-1.525
-34.432	-1.585
-34.422	-1.625
-34.372	-1.715
-34.212	-1.855
-34.102	-1.965
-34.032	-2.005
-34.012	-2.005
-33.982	-2.045
-33.962	-2.135
-33.882	-2.155
-33.852	-2.155
-33.712	-2.115
-33.672	-2.105
-33.632	-2.075
-33.602	-2.075
-33.542	-2.035
-33.512	-1.995
POLYLINE BLACK
-32.752	-2.345
-32.692	-2.435
-32.642	-2.465
-32.582	-2.525
-32.562	-2.525
-32.462	-2.615
-32.442	-2.625
-32.412	-2.675
-32.222	-2.535
-32.202	-2.535
-32.182	-2.515
-32.262	-2.445
-32.362	-2.385
-32.442	-2.285
-32.472	-2.215
-32.512	-2.225
-32.582	-2.255
-32.602	-2.275
-32.622	-2.275
-32.722	-2.355
-32.762	-2.375
POLYLINE BLACK
-32.942	-2.565
-32.932	-2.585
-32.932	-2.675
-32.922	-2.725
-32.922	-2.795
-32.912	-2.845
-32.912	-2.885
-32.882	-2.925
-32.842	-2.915
-32.812	-2.915
-32.772	-2.905
-32.742	-2.905
-32.662	-2.885
-32.572	-2.885
-32.512	-2.865
-32.492	-2.865
-32.492	-2.815
-32.532	-2.705
-32.532	-2.665
-32.542	-2.615
-32.542	-2.565
-32.612	-2.565
-32.702	-2.545
-32.772	-2.545
-32.822	-2.565
-32.842	-2.555
-32.882	-2.565
-32.902	-2.565
POLYLINE BLACK
-33.392	-2.395
-33.222	-2.155
-33.192	-2.065
-33.122	-1.935
-33.022	-2.035
-32.902	-2.175
-32.792	-2.275
-32.802	-2.315
-32.922	-2.475
-32.952	-2.505
-32.982	-2.575
-33.012	-2.605
-33.062	-2.555
-33.142	-2.475
-33.182	-2.445
-33.202	-2.445
-33.302	-2.385
-33.342	-2.375
POLYLINE BLACK
-30.402	-3.515
-30.282	-3.615
-30.262	-3.605
POLYLINE BLACK
-33.112	-1.255
-33.072	-1.265
-33.012	-1.285
-32.982	-1.315
-32.942	-1.345
-32.902	-1.355
-32.862	-1.385
-32.822	-1.385
-32.752	-1.405
-32.732	-1.405
-32.592	-1.515
-32.582	-1.535
-32.532	-1.565
-32.412	-1.665
-32.362	-1.695
-32.302	-1.745
-32.212	-1.835
-32.162	-1.865
-31.872	-2.165
-31.652	-2.395
-31.532	-2.535
-31.462	-2.605
-31.212	-2.885
-31.052	-3.055
-31.012	-3.095
-30.882	-3.215
-30.822	-3.255
-30.682	-3.365
-30.642	-3.375
-30.542	-3.445
-30.502	-3.455
-30.402	-3.515
-30.362	-3.525
-30.322	-3.555
-30.262	-3.565
POLYLINE BLACK
-33.772	-2.765
-33.732	-2.785
-33.702	-2.785
-33.622	-2.805
-33.502	-2.825
-33.422	-2.845
-33.372	-2.855
-33.252	-2.885
-33.232	-2.885
-33.182	-2.915
-33.142	-2.925
-33.042	-2.965
-32.952	-2.965
-32.912	-2.995
-32.732	-3.035
-32.532	-3.105
-32.512	-3.105
-32.452	-3.125
-32.432	-3.145
-32.382	-3.155
-32.342	-3.185
-32.252	-3.205
-32.142	-3.265
-32.102	-3.275
-32.022	-3.315
-32.002	-3.315
-31.932	-3.365
-31.912	-3.365
-31.752	-3.445
-31.662	-3.515
-31.612	-3.535
-31.512	-3.615
-31.352	-3.735
-31.272	-3.795
-31.112	-3.875
-30.982	-3.965
-30.932	-3.985
-30.852	-4.045
-30.742	-4.105
-30.722	-4.105
-30.672	-4.135
-30.612	-4.155
-30.572	-4.185
-30.532	-4.195
-30.512	-4.205
-30.492	-4.195
-30.432	-4.215
POLYLINE BLACK
-29.932	-3.145
-29.862	-3.245
POLYLINE BLACK
-30.102	-2.885
-30.062	-2.925
-30.012	-2.985
-29.992	-3.045
-29.902	-3.175
-29.882	-3.195
POLYLINE BLACK
-30.322	-2.875
-30.262	-2.935
-30.162	-3.075
-30.112	-3.135
-30.072	-3.215
POLYLINE BLACK
-29.332	-3.225
-29.122	-3.445
-29.202	-3.455
-29.292	-3.465
-29.312	-3.485
-29.392	-3.505
-29.432	-3.515
POLYLINE BLACK
-30.372	-3.095
-30.352	-3.105
-30.322	-3.095
-30.262	-3.125
-30.242	-3.125
-30.222	-3.145
-30.162	-3.145
-30.052	-3.175
-30.022	-3.175
-29.982	-3.205
-29.962	-3.205
-29.932	-3.225
-29.822	-3.245
-29.712	-3.265
-29.662	-3.295
-29.622	-3.295
-29.532	-3.325
-29.482	-3.325
-29.362	-3.365
-29.302	-3.385
-29.242	-3.395
-29.122	-3.425
-29.132	-3.405
-29.152	-3.405
POLYLINE BLACK
-28.672	-4.275
-28.612	-4.445
-28.612	-4.485
-28.522	-4.425
-28.472	-4.405
-28.432	-4.365
-28.412	-4.375
-28.412	-4.355
-28.462	-4.355
-28.502	-4.335
-28.572	-4.335
-28.672	-4.295
POLYLINE BLACK
-27.732	-4.015
-27.742	-4.055
-27.742	-4.125
-27.722	-4.235
-27.712	-4.275
-27.692	-4.275
-27.642	-4.245
-27.562	-4.205
-27.522	-4.195
-27.482	-4.185
-27.482	-4.165
-27.522	-4.155
-27.622	-4.095
-27.652	-4.095
-27.672	-4.075
-27.712	-4.075
-27.772	-4.045
-27.822	-4.055
POLYLINE BLACK
-28.142	-4.575
-28.102	-4.695
-28.102	-4.745
-28.092	-4.785
-28.092	-4.805
-28.052	-4.795
-27.972	-4.725
-27.862	-4.655
-27.852	-4.635
-27.952	-4.625
-28.012	-4.605
-28.102	-4.605
-28.122	-4.595
-28.172	-4.605
-28.242	-4.595
POLYLINE BLACK
-30.262	-3.595
-30.182	-3.605
-30.152	-3.605
-30.052	-3.625
-30.032	-3.645
-29.932	-3.645
-29.762	-3.705
-29.662	-3.705
-29.612	-3.725
-29.582	-3.725
-29.402	-3.795
-29.352	-3.805
-29.332	-3.825
-29.222	-3.855
-29.062	-3.905
-28.952	-3.915
-28.932	-3.925
-28.912	-3.915
-28.872	-3.925
-28.732	-3.895
-28.692	-3.895
-28.522	-3.855
-28.442	-3.855
-28.392	-3.845
-28.362	-3.855
-28.262	-3.835
-28.122	-3.835
-28.072	-3.825
-27.992	-3.815
-27.942	-3.815
-27.872	-3.795
-27.802	-3.795
-27.702	-3.775
-27.662	-3.785
-27.612	-3.785
-27.592	-3.775
-27.552	-3.775
-27.522	-3.765
-27.482	-3.775
-27.402	-3.765
-27.382	-3.785
-27.332	-3.785
-27.292	-3.775
-27.252	-3.785
-27.202	-3.785
-27.182	-3.795
-27.162	-3.785
-27.112	-3.795
-27.092	-3.785
-27.052	-3.795
-27.012	-3.785
-26.942	-3.795
-26.922	-3.785
-26.882	-3.795
-26.862	-3.785
POLYLINE BLACK
-27.272	-5.255
-27.272	-5.235
-27.282	-5.265
-27.372	-5.245
-27.482	-5.245
-27.502	-5.225
-27.542	-5.215
-27.612	-5.185
-27.672	-5.135
-27.712	-5.125
-27.772	-5.095
-27.882	-5.075
-27.922	-5.075
-28.032	-5.045
-28.082	-5.045
-28.102	-5.055
-28.212	-5.015
-28.302	-4.995
-28.342	-4.965
-28.392	-4.965
-28.462	-4.955
-28.512	-4.945
-28.642	-4.915
-28.662	-4.905
-28.682	-4.915
-28.822	-4.855
-28.862	-4.845
-29.002	-4.775
-29.042	-4.765
-29.182	-4.725
-29.292	-4.685
-29.372	-4.635
-29.392	-4.635
-29.442	-4.595
-29.562	-4.535
-29.602	-4.495
-29.702	-4.445
-29.792	-4.425
-29.972	-4.345
-30.012	-4.335
-30.132	-4.285
-30.152	-4.295
-30.192	-4.265
-30.232	-4.255
-30.312	-4.225
-30.322	-4.205
-30.362	-4.195
-30.402	-4.185
-30.442	-4.155
POLYLINE BLACK
-25.272	-4.895
-24.942	-5.225
-24.862	-5.375
-24.772	-5.505
-24.742	-5.615
-24.732	-5.655
-24.722	-5.735
-24.752	-5.875
-24.772	-5.905
-24.782	-5.945
-24.802	-6.005
-24.852	-6.075
-24.892	-6.115
-24.922	-6.165
-24.922	-6.185
POLYLINE BLACK
-25.402	-5.195
-25.382	-5.345
-25.352	-5.415
-25.312	-5.375
-25.212	-5.275
-25.252	-5.275
-25.312	-5.245
-25.362	-5.245
-25.402	-5.225
POLYLINE BLACK
-25.262	-5.715
-25.322	-5.695
-25.312	-5.645
-25.282	-5.615
-25.242	-5.635
-25.232	-5.675
-25.272	-5.705
POLYLINE BLACK
-25.702	-5.975
-25.722	-5.985
-25.762	-5.905
-25.732	-5.875
-25.712	-5.865
-25.672	-5.925
-25.672	-5.945
-25.732	-5.985
-25.752	-5.985
POLYLINE BLACK
-27.192	-4.805
-27.142	-4.875
-27.122	-4.925
-27.082	-4.965
-27.022	-5.095
-26.982	-4.935
-26.942	-4.835
-26.912	-4.795
-27.042	-4.825
-27.102	-4.825
-27.152	-4.835
POLYLINE BLACK
-26.482	-5.225
-26.482	-5.275
-26.452	-5.395
-26.452	-5.435
-26.422	-5.525
-26.372	-5.515
-26.282	-5.465
-26.222	-5.445
-26.202	-5.425
-26.302	-5.345
-26.332	-5.335
-26.442	-5.215
-26.482	-5.205
POLYLINE BLACK
-26.182	-4.835
-26.172	-4.885
-26.122	-5.025
-26.112	-5.065
-26.102	-5.105
-25.962	-4.925
-25.932	-4.875
-25.952	-4.865
-25.992	-4.875
-26.032	-4.865
-26.052	-4.875
-26.092	-4.865
-26.142	-4.855
-26.162	-4.845
-26.202	-4.865
-26.222	-4.855
POLYLINE BLACK
-26.702	-4.395
-26.742	-4.385
-26.782	-4.375
-26.822	-4.345
-26.782	-4.285
-26.762	-4.265
-26.742	-4.265
-26.702	-4.295
-26.692	-4.355
-26.702	-4.385
-26.722	-4.375
POLYLINE BLACK
-26.712	-4.975
-26.712	-4.995
-26.762	-5.045
POLYLINE BLACK
-26.722	-5.045
-26.762	-5.005
-26.772	-4.955
-26.752	-4.915
-26.732	-4.905
-26.702	-4.955
-26.692	-4.975
-26.702	-4.995
POLYLINE BLACK
-26.202	-4.665
-26.242	-4.665
-26.252	-4.615
-26.252	-4.575
-26.212	-4.545
-26.142	-4.585
-26.122	-4.625
-26.162	-4.685
-26.222	-4.715
-26.242	-4.715
POLYLINE BLACK
-25.852	-5.295
-25.912	-5.285
-25.922	-5.265
-25.872	-5.185
-25.822	-5.175
-25.792	-5.205
-25.782	-5.245
-25.782	-5.305
-25.832	-5.335
-25.872	-5.335
POLYLINE BLACK
-26.852	-3.755
-26.812	-3.765
-26.552	-3.845
-26.312	-4.015
-26.202	-4.125
-26.072	-4.245
-25.872	-4.405
-25.792	-4.475
-25.742	-4.505
-25.692	-4.555
-25.642	-4.605
-25.562	-4.675
-25.512	-4.705
-25.432	-4.775
-25.332	-4.845
-25.282	-4.895
-25.082	-5.015
-25.042	-5.025
-25.002	-5.055
-24.982	-5.055
-24.922	-5.095
-24.852	-5.115
-24.802	-5.155
-24.762	-5.165
-24.542	-5.305
-24.452	-5.355
-24.432	-5.375
-24.392	-5.385
-24.292	-5.445
-24.272	-5.445
-24.242	-5.485
-24.202	-5.495
-24.102	-5.565
-24.082	-5.635
-24.072	-5.675
-24.052	-5.715
-24.052	-5.745
-24.042	-5.785
-24.042	-5.835
-24.032	-5.855
-24.142	-5.985
-24.182	-5.995
-24.202	-6.015
-24.302	-6.035
-24.322	-6.045
-24.342	-6.035
-24.432	-6.065
-24.512	-6.065
-24.562	-6.045
-24.592	-6.045
-24.612	-6.035
-24.692	-6.065
-24.732	-6.065
-24.822	-6.135
-24.862	-6.165
-24.882	-6.165
-24.922	-6.205
-24.942	-6.205
-25.102	-6.345
-25.132	-6.405
POLYLINE BLACK
-27.312	-5.235
-27.292	-5.255
-27.242	-5.265
-27.192	-5.255
-27.152	-5.265
-27.132	-5.255
-27.072	-5.285
-27.032	-5.295
-26.892	-5.375
-26.852	-5.385
-26.702	-5.445
-26.682	-5.445
-26.662	-5.465
-26.642	-5.465
-26.622	-5.485
-26.602	-5.485
-26.562	-5.535
-26.522	-5.545
-26.452	-5.615
-26.332	-5.785
-26.062	-6.005
-25.972	-6.115
-25.942	-6.175
-25.932	-6.265
-25.912	-6.305
-25.912	-6.335
-25.892	-6.415
-25.882	-6.495
POLYLINE BLACK
-24.197	-8.451
-24.183	-8.444
-24.057	-8.444
POLYLINE BLACK
-24.288	-8.171
-24.288	-8.185
-24.253	-8.185
-24.232	-8.178
-24.204	-8.185
-24.141	-8.185
POLYLINE BLACK
-24.659	-8.507
-24.638	-8.549
-24.631	-8.591
-24.617	-8.626
-24.617	-8.640
-24.610	-8.654
-24.596	-8.640
-24.582	-8.640
-24.526	-8.591
-24.498	-8.577
-24.498	-8.563
-24.512	-8.563
-24.554	-8.542
-24.568	-8.549
-24.589	-8.535
-24.631	-8.528
-24.645	-8.528
POLYLINE BLACK
-24.820	-8.766
-24.820	-8.752
-24.827	-8.738
-24.827	-8.717
-24.848	-8.661
-24.855	-8.626
-24.862	-8.598
-24.848	-8.619
-24.785	-8.619
-24.771	-8.612
-24.743	-8.619
-24.729	-8.619
-24.722	-8.633
-24.820	-8.745
POLYLINE BLACK
-24.358	-8.689
-24.337	-8.815
-24.232	-8.773
-24.218	-8.759
-24.246	-8.745
-24.267	-8.745
-24.351	-8.710
-24.365	-8.710
-24.379	-8.703
POLYLINE BLACK
-24.582	-8.815
-24.540	-8.731
-24.519	-8.675
-24.491	-8.752
-24.456	-8.787
-24.470	-8.780
-24.519	-8.780
-24.554	-8.794
-24.596	-8.801
POLYLINE BLACK
-24.421	-7.184
-24.421	-7.198
-24.393	-7.310
-24.379	-7.345
-24.379	-7.359
-24.351	-7.331
-24.316	-7.317
-24.288	-7.289
-24.260	-7.296
-24.246	-7.282
-24.274	-7.261
-24.330	-7.240
-24.351	-7.240
-24.393	-7.219
-24.407	-7.205
-24.442	-7.198
-24.449	-7.184
POLYLINE BLACK
-25.016	-7.086
-24.953	-7.219
-24.932	-7.268
-24.876	-7.198
-24.862	-7.191
-24.827	-7.142
-24.855	-7.128
-24.918	-7.121
-24.932	-7.107
-24.960	-7.107
-24.988	-7.100
-25.002	-7.086
POLYLINE BLACK
-24.568	-7.758
-24.540	-7.863
-24.540	-7.891
-24.533	-7.926
-24.435	-7.835
-24.421	-7.835
-24.393	-7.821
-24.505	-7.772
-24.519	-7.772
-24.547	-7.758
-24.561	-7.765
-24.575	-7.758
POLYLINE BLACK
-25.107	-7.597
-25.107	-7.611
-25.093	-7.632
-25.072	-7.695
-25.072	-7.716
-25.058	-7.758
-25.009	-7.716
-24.988	-7.681
-24.946	-7.653
-24.932	-7.639
-24.960	-7.639
-25.002	-7.611
-25.016	-7.611
-25.030	-7.604
-25.065	-7.604
-25.093	-7.597
POLYLINE BLACK
-24.419	-3.661
POLYLINE BLACK
-20.139	-8.771
-20.004	-8.756
-19.839	-8.786
-19.809	-8.786
-19.689	-8.756
-19.659	-8.771
-19.599	-8.741
-19.539	-8.756
-19.509	-8.756
-19.479	-8.771
-19.434	-8.771
-19.314	-8.801
-19.224	-8.801
-19.164	-8.816
-19.074	-8.771
-19.044	-8.771
-18.924	-8.726
-18.879	-8.696
-18.849	-8.696
POLYLINE BLACK
-24.624	-8.906
-24.624	-8.876
-24.354	-8.891
-23.934	-8.876
-23.814	-8.906
-23.784	-8.891
-23.724	-8.921
-23.664	-8.906
-23.634	-8.921
-23.604	-8.906
-23.439	-8.906
-23.409	-8.891
-23.304	-8.891
-23.244	-8.876
-23.139	-8.876
-23.079	-8.861
-23.049	-8.861
-22.989	-8.876
-22.854	-8.891
-22.824	-8.891
-22.794	-8.906
-22.674	-8.906
-22.614	-8.891
-22.554	-8.891
-22.494	-8.906
-22.464	-8.906
-22.404	-8.891
-22.329	-8.891
-22.269	-8.861
-22.239	-8.861
-22.209	-8.846
-22.179	-8.861
-22.119	-8.831
-22.089	-8.846
-22.059	-8.831
-22.029	-8.846
-21.954	-8.846
-21.894	-8.861
-21.864	-8.861
-21.804	-8.876
-21.729	-8.891
-21.669	-8.921
-21.609	-8.906
-21.549	-8.906
-21.474	-8.921
-21.414	-8.906
-21.324	-8.906
-21.249	-8.891
-21.189	-8.891
-21.129	-8.876
-21.099	-8.876
-21.069	-8.861
-20.934	-8.861
-20.874	-8.846
-20.814	-8.846
-20.754	-8.831
-20.559	-8.816
-20.469	-8.786
-20.439	-8.801
-20.379	-8.786
-20.349	-8.801
-20.259	-8.771
-20.199	-8.786
-20.109	-8.741
-20.079	-8.756
-20.004	-8.726
-19.974	-8.741
POLYLINE BLACK
-24.084	-8.891
-23.814	-8.846
POLYLINE BLACK
-21.589	-8.121
-21.569	-8.131
-21.509	-8.131
-21.409	-8.151
POLYLINE BLACK
-21.549	-8.721
-21.529	-8.711
-21.439	-8.721
-21.369	-8.741
POLYLINE BLACK
-23.619	-7.971
-23.599	-7.991
-23.379	-7.991
POLYLINE BLACK
-23.029	-8.241
-22.999	-8.231
-22.889	-8.251
-22.789	-8.251
POLYLINE BLACK
-22.329	-7.961
-22.169	-7.961
-22.099	-7.971
POLYLINE BLACK
-22.389	-8.381
-22.289	-8.401
-22.109	-8.421
POLYLINE BLACK
-22.829	-8.691
-22.809	-8.671
-22.589	-8.661
POLYLINE BLACK
-23.049	-8.221
-22.979	-8.241
POLYLINE BLACK
-23.629	-8.431
-23.599	-8.431
-23.459	-8.461
-23.439	-8.461
POLYLINE BLACK
-23.899	-8.671
-23.879	-8.681
-23.709	-8.681
-23.689	-8.691
POLYLINE BLACK
-23.049	-7.461
-23.049	-7.481
-22.999	-7.551
-22.979	-7.601
-22.949	-7.641
-22.839	-7.531
-22.859	-7.511
-22.989	-7.481
-23.029	-7.471
POLYLINE BLACK
-24.109	-7.451
-24.069	-7.591
-24.069	-7.621
-24.039	-7.701
-24.039	-7.721
-24.009	-7.671
-23.939	-7.601
-23.929	-7.571
-23.909	-7.571
-23.899	-7.551
-23.969	-7.521
-24.009	-7.491
-24.029	-7.491
-24.049	-7.471
POLYLINE BLACK
-24.739	-7.351
-24.709	-7.441
-24.709	-7.481
-24.679	-7.531
-24.679	-7.551
-24.659	-7.571
-24.639	-7.551
-24.619	-7.551
-24.499	-7.491
-24.499	-7.471
-24.519	-7.481
-24.609	-7.411
-24.699	-7.361
-24.739	-7.351
POLYLINE BLACK
-25.279	-7.231
-25.279	-7.211
-25.329	-7.371
-25.309	-7.391
-25.269	-7.401
-25.209	-7.421
-25.189	-7.441
-25.129	-7.291
-25.129	-7.271
-25.269	-7.261
-25.289	-7.251
POLYLINE BLACK
-25.343	-6.857
-25.406	-6.892
POLYLINE BLACK
-25.511	-6.829
-25.497	-6.843
-25.490	-6.892
-25.476	-6.920
POLYLINE BLACK
-25.644	-6.864
-25.637	-6.892
-25.630	-6.941
-25.623	-6.969
POLYLINE BLACK
-25.777	-6.871
-25.770	-6.899
-25.770	-6.934
-25.777	-6.962
-25.777	-6.990
POLYLINE BLACK
-25.889	-6.843
-25.889	-6.892
-25.896	-6.920
POLYLINE BLACK
-26.029	-6.871
-26.009	-6.861
-25.939	-6.931
-25.839	-6.971
-25.819	-6.961
-25.779	-6.971
-25.739	-6.971
-25.719	-6.961
-25.669	-6.971
-25.589	-6.941
-25.519	-6.931
-25.429	-6.891
-25.409	-6.891
-25.389	-6.871
POLYLINE BLACK
-25.079	-6.351
-25.159	-6.441
-25.209	-6.501
-25.259	-6.591
-25.299	-6.611
-25.319	-6.641
-25.339	-6.641
-25.349	-6.691
-25.359	-6.731
-25.369	-6.771
POLYLINE BLACK
-25.859	-6.381
-25.859	-6.411
-25.849	-6.451
-25.849	-6.541
-25.859	-6.581
-25.879	-6.661
-25.899	-6.681
-25.899	-6.701
-25.939	-6.761
-25.939	-6.781
-26.009	-6.871
-26.089	-6.921
-26.109	-6.941
POLYLINE BLACK
-28.189	-8.391
-28.129	-8.451
-27.789	-8.611
-27.709	-8.631
-27.649	-8.671
-27.569	-8.691
-27.269	-8.791
-27.149	-8.851
-27.089	-8.851
-27.009	-8.871
-26.829	-8.911
-26.749	-8.931
-26.629	-8.931
-26.549	-8.951
-26.369	-8.951
-26.329	-8.931
-26.249	-8.951
-26.109	-8.951
-26.069	-8.971
-25.989	-8.951
-25.869	-8.951
-25.749	-8.911
-25.709	-8.931
-25.629	-8.911
-25.509	-8.911
-25.429	-8.891
-25.349	-8.891
-25.229	-8.851
-25.149	-8.831
-25.009	-8.851
-24.909	-8.871
POLYLINE BLACK
-25.569	-9.411
-25.529	-9.391
-25.169	-9.671
-25.169	-9.671
-24.869	-9.391
-24.749	-9.231
-24.549	-9.111
-24.389	-8.991
-24.449	-8.991
-24.929	-8.751
-25.169	-8.691
-25.489	-9.231
-25.589	-9.451
POLYLINE BLACK
-25.669	-9.951
-25.429	-10.231
-25.149	-10.511
-25.129	-10.551
-24.889	-10.311
-24.769	-10.211
-24.609	-10.151
-24.449	-10.031
-24.469	-9.991
-24.929	-9.671
-24.989	-9.591
-25.049	-9.651
-25.429	-9.851
-25.589	-10.011
-25.709	-10.131
POLYLINE BLACK
-27.349	-9.331
-27.349	-9.371
-27.629	-9.651
-27.689	-9.751
-27.989	-9.991
-27.949	-9.991
-27.429	-10.291
-27.289	-10.351
-27.089	-10.491
-26.629	-10.031
-26.609	-9.991
-26.849	-9.711
-27.109	-9.551
-27.229	-9.471
-27.269	-9.471
-27.349	-9.411
-27.429	-9.391
POLYLINE BLACK
-25.629	-9.351
-25.629	-9.531
-25.669	-9.951
-25.669	-10.331
-25.649	-10.411
-25.689	-10.391
-25.969	-10.431
-26.189	-10.511
-26.269	-10.491
-26.469	-10.551
-26.509	-10.531
-26.469	-10.011
-26.469	-9.851
-26.489	-9.811
-26.489	-9.651
-26.529	-9.511
-26.469	-9.531
-26.369	-9.511
-25.689	-9.511
POLYLINE ORANGE
-32.429	-7.411
-32.269	-7.411
-32.209	-7.371
-32.029	-7.311
POLYLINE ORANGE
-32.189	-6.951
-32.229	-6.911
-32.409	-6.911
-32.549	-6.971
-32.669	-7.111
-32.729	-7.331
-32.729	-7.471
-32.669	-7.611
-32.549	-7.691
-32.449	-7.691
-32.349	-7.651
-32.249	-7.531
-32.229	-7.471
-32.169	-7.551
-32.089	-7.771
-32.089	-7.831
-32.069	-7.911
-32.069	-7.951
POLYLINE ORANGE
-33.109	-7.031
-33.109	-7.031
-33.049	-7.371
-33.049	-7.431
-33.029	-7.531
-33.029	-7.831
-33.009	-7.871
POLYLINE ORANGE
-33.909	-7.091
-33.829	-7.091
-33.549	-7.011
-33.369	-7.091
-33.309	-7.171
-33.289	-7.351
-33.309	-7.531
-33.369	-7.671
-33.549	-7.871
-33.649	-7.911
POLYLINE ORANGE
-33.889	-7.151
-33.869	-7.231
-33.729	-7.651
-33.689	-7.831
-33.669	-7.931
POLYLINE ORANGE
-32.829	-5.851
-32.649	-5.671
-32.489	-5.591
-32.449	-5.591
-32.349	-5.691
-32.409	-5.871
-32.409	-5.931
-32.549	-6.071
-32.829	-6.171
POLYLINE ORANGE
-32.849	-5.831
-32.809	-5.991
-32.729	-6.171
-32.729	-6.231
-32.689	-6.371
-32.689	-6.491
POLYLINE ORANGE
-33.649	-5.791
-33.609	-6.111
-33.609	-6.251
-33.569	-6.391
-33.529	-6.431
-33.389	-6.451
-33.269	-6.391
-33.169	-6.251
-33.109	-6.211
-33.089	-6.031
-33.149	-5.791
-33.169	-5.691
POLYLINE ORANGE
-31.229	-4.611
-31.149	-4.631
-31.009	-4.611
-30.889	-4.691
-30.829	-4.811
-30.829	-4.951
-30.869	-5.131
-30.929	-5.271
-31.009	-5.311
-31.049	-5.371
-31.229	-5.431
POLYLINE ORANGE
-31.249	-4.591
-31.189	-4.871
-31.169	-5.051
-31.149	-5.131
-31.149	-5.231
-31.169	-5.371
POLYLINE ORANGE
-31.789	-5.331
-31.469	-5.291
POLYLINE ORANGE
-31.729	-4.971
-31.449	-4.871
POLYLINE ORANGE
-31.889	-4.651
-31.509	-4.591
-31.469	-4.571
POLYLINE ORANGE
-31.869	-4.671
-31.829	-4.711
-31.829	-4.771
-31.709	-5.211
-31.709	-5.271
-31.689	-5.351
-31.689	-5.391
POLYLINE ORANGE
-32.629	-4.651
-32.309	-4.651
-32.269	-4.631
-32.169	-4.651
-32.089	-4.631
POLYLINE ORANGE
-32.349	-4.611
-32.349	-4.671
-32.329	-4.711
-32.329	-4.811
-32.309	-4.851
-32.309	-4.951
-32.269	-5.131
-32.249	-5.291
-32.269	-5.331
POLYLINE ORANGE
-33.209	-4.731
-33.169	-4.931
-33.169	-4.991
-33.149	-5.071
-33.149	-5.251
-33.089	-5.291
-32.869	-5.191
-32.769	-5.191
-32.689	-5.171
-32.649	-5.171
POLYLINE ORANGE
-33.589	-4.651
-33.409	-4.951
-33.369	-5.171
-33.369	-5.251
-33.389	-5.291
POLYLINE ORANGE
-33.789	-4.611
-33.829	-4.631
-33.949	-4.591
-34.009	-4.591
-34.089	-4.571
-34.169	-4.631
-34.209	-4.631
-34.269	-4.731
-34.269	-4.871
-34.029	-4.931
-33.809	-4.931
-33.749	-5.011
-33.749	-5.051
-33.889	-5.251
-34.029	-5.351
-34.109	-5.331
-34.189	-5.311
-34.289	-5.271
POLYLINE ORANGE
-32.289	-4.551
-32.289	-4.651
POLYLINE BLACK
-29.129	-7.111
-28.949	-7.151
-28.869	-7.171
POLYLINE BLACK
-29.529	-7.011
-29.489	-6.991
-29.269	-7.071
POLYLINE BLACK
-29.449	-7.031
-29.409	-7.071
-29.329	-7.051
POLYLINE BLACK
-30.029	-6.871
-29.949	-6.891
-29.829	-6.911
-29.789	-6.951
-29.709	-6.931
POLYLINE BLACK
-30.549	-6.631
-30.489	-6.691
-30.449	-6.691
-30.409	-6.731
-30.309	-6.751
-30.269	-6.771
POLYLINE BLACK
-29.249	-7.691
-29.029	-7.751
POLYLINE BLACK
-29.789	-7.551
-29.689	-7.531
-29.509	-7.571
POLYLINE BLACK
-30.269	-7.371
-30.149	-7.431
-30.069	-7.451
-30.029	-7.471
POLYLINE BLACK
-30.749	-7.191
-30.749	-7.231
-30.669	-7.291
-30.529	-7.331
POLYLINE BLACK
-28.589	-7.191
-28.469	-7.251
-28.189	-7.311
-28.089	-7.331
-28.009	-7.311
-27.969	-7.331
-27.889	-7.311
-27.829	-7.311
-27.789	-7.331
-27.669	-7.291
-27.569	-7.311
-27.489	-7.291
-27.409	-7.271
-27.329	-7.251
-27.249	-7.251
-27.109	-7.211
-27.069	-7.231
-26.889	-7.151
-26.689	-7.111
-26.649	-7.091
-26.609	-7.111
-26.429	-7.051
-26.349	-7.031
-26.269	-6.991
-26.229	-7.011
-26.109	-6.951
-26.029	-6.931
POLYLINE BLACK
-28.369	-8.111
-28.489	-7.951
-28.649	-7.851
-28.729	-7.831
POLYLINE BLACK
-28.329	-11.351
-28.409	-11.331
-28.509	-11.231
-28.529	-11.091
-28.529	-10.931
-28.509	-10.891
-28.509	-10.791
-28.489	-10.691
-28.489	-10.611
-28.449	-10.491
-28.449	-10.431
-28.409	-10.351
-28.409	-10.251
-28.389	-10.171
-28.329	-10.091
-28.229	-9.871
-28.189	-9.831
-28.029	-9.391
-27.989	-9.271
-27.989	-9.211
-27.949	-9.131
-27.949	-8.991
-28.029	-8.831
-28.029	-8.791
-28.089	-8.711
-28.129	-8.611
-28.209	-8.491
-28.309	-8.311
-28.349	-8.271
-28.369	-8.071
-28.369	-8.031
POLYLINE BLACK
-28.509	-11.071
-28.529	-10.931
-28.509	-10.831
-28.389	-10.271
-28.369	-10.111
-28.369	-10.071
POLYLINE BLACK
-28.369	-11.311
-28.409	-11.311
POLYLINE BLACK
-21.949	-11.181
-22.099	-11.211
POLYLINE BLACK
-28.459	-11.421
-28.399	-11.391
-28.039	-11.481
-27.799	-11.541
-27.679	-11.571
-27.559	-11.601
-27.409	-11.571
-27.169	-11.601
-27.049	-11.631
-26.989	-11.691
-26.959	-11.631
-26.899	-11.661
-26.539	-11.541
-26.419	-11.571
-26.299	-11.541
-26.179	-11.541
-26.089	-11.571
-25.849	-11.481
-25.609	-11.481
-25.489	-11.421
-25.429	-11.451
-25.309	-11.391
-24.889	-11.511
-24.769	-11.541
-24.589	-11.481
-24.409	-11.331
-24.259	-11.361
-24.139	-11.331
-23.959	-11.331
-23.719	-11.301
-23.599	-11.271
-23.479	-11.241
-23.269	-11.211
-23.209	-11.151
-23.029	-11.121
-22.969	-11.061
-22.909	-11.121
-22.789	-11.031
-22.609	-11.031
-22.549	-11.061
-22.489	-11.031
-22.309	-11.091
-22.189	-11.121
-22.009	-11.211
-21.949	-11.211
POLYLINE BLACK
-19.939	-6.516
-20.074	-6.696
-20.149	-6.786
-20.224	-6.906
-20.254	-6.936
-20.254	-6.966
-20.479	-7.236
-20.494	-7.266
POLYLINE BLACK
-25.354	-6.696
-25.354	-6.756
-25.369	-6.786
-25.369	-6.831
-25.354	-6.861
-25.264	-6.891
-25.234	-6.921
-25.144	-6.921
-24.979	-6.966
-24.859	-6.966
-24.829	-6.951
-24.634	-7.011
-24.574	-6.996
-24.514	-7.011
-24.409	-7.011
-24.259	-7.056
-24.229	-7.041
-24.199	-7.071
-24.154	-7.071
-24.094	-7.101
-24.004	-7.101
-23.944	-7.131
-23.689	-7.131
-23.569	-7.161
-23.404	-7.161
-23.344	-7.176
-23.299	-7.176
-23.179	-7.206
-23.044	-7.221
-22.999	-7.221
-22.939	-7.236
-22.909	-7.236
-22.789	-7.266
-22.759	-7.251
-22.699	-7.281
-22.669	-7.281
-22.609	-7.311
-22.504	-7.311
-22.444	-7.326
-22.309	-7.356
-22.189	-7.371
-22.129	-7.386
-22.099	-7.386
-22.009	-7.416
-21.979	-7.446
-21.904	-7.461
-21.874	-7.446
-21.844	-7.476
-21.814	-7.476
-21.784	-7.506
-21.754	-7.506
-21.694	-7.521
-21.574	-7.596
-21.544	-7.596
-21.484	-7.611
-21.424	-7.656
-21.394	-7.656
-21.334	-7.686
-21.304	-7.686
-21.244	-7.716
-21.184	-7.716
-21.064	-7.746
-21.004	-7.746
-20.944	-7.731
-20.914	-7.746
-20.794	-7.701
-20.704	-7.611
-20.674	-7.611
-20.614	-7.521
-20.614	-7.491
-20.554	-7.371
-20.509	-7.311
-20.509	-7.281
-20.434	-7.176
-20.434	-7.146
POLYLINE BLACK
-25.369	-6.666
POLYLINE BLACK
-25.354	-6.651
POLYLINE BLACK
-25.354	-6.651
POLYLINE BLACK
-29.184	-18.626
-29.304	-18.656
-29.344	-18.656
-29.364	-18.666
-29.434	-18.646
-29.534	-18.626
-29.614	-18.596
-29.684	-18.666
-29.684	-18.716
-29.644	-18.806
-29.584	-18.886
-29.434	-19.016
-29.294	-19.156
-29.214	-19.206
-29.174	-19.196
-29.114	-19.226
-29.074	-19.236
-29.004	-19.246
-28.954	-19.246
-28.874	-19.266
-28.834	-19.266
-28.644	-19.336
-28.624	-19.346
-28.584	-19.336
-28.544	-19.336
-28.524	-19.356
-28.484	-19.346
-28.354	-19.346
-28.314	-19.326
-28.294	-19.346
-28.284	-19.326
-28.354	-19.236
-28.374	-19.246
-28.504	-19.186
-28.534	-19.186
-28.594	-19.166
-28.634	-19.156
-28.694	-19.126
-28.714	-19.126
-28.734	-19.106
-28.754	-19.106
-28.784	-19.066
-28.814	-18.976
-28.814	-18.936
-28.754	-18.806
-28.754	-18.766
-28.734	-18.676
POLYLINE BLACK
-29.444	-17.976
-29.424	-17.956
-29.384	-17.966
-29.294	-17.956
-29.274	-17.966
-29.234	-17.956
-29.214	-17.936
-29.174	-17.926
-29.154	-17.916
POLYLINE BLACK
-29.424	-17.976
-29.404	-17.966
-29.364	-17.986
-29.324	-17.976
-29.264	-17.986
-29.224	-17.976
POLYLINE BLACK
-29.464	-18.076
-29.394	-18.056
-29.314	-18.056
-29.234	-18.026
POLYLINE BLACK
-28.954	-17.616
-28.884	-17.766
POLYLINE BLACK
-29.304	-18.156
-29.274	-18.106
-29.104	-17.896
-29.064	-17.806
-28.944	-17.626
-28.934	-17.586
-28.944	-17.606
-28.964	-17.596
-29.074	-17.636
-29.094	-17.656
-29.114	-17.656
POLYLINE BLACK
-28.804	-18.186
-28.704	-18.096
-28.654	-18.026
-28.624	-17.996
-28.614	-17.966
-28.514	-17.866
-28.344	-17.556
-28.424	-17.716
-28.454	-17.806
-28.504	-17.916
-28.504	-17.936
-28.594	-18.136
-28.614	-18.236
-28.754	-18.166
POLYLINE BLACK
-28.584	-18.466
-28.614	-18.516
-28.724	-18.656
-28.724	-18.716
-28.694	-18.786
POLYLINE BLACK
-27.624	-17.626
-27.664	-17.626
-27.794	-17.696
-27.834	-17.706
-27.874	-17.746
-27.914	-17.756
-27.934	-17.776
-27.974	-17.786
-28.074	-17.866
-28.104	-17.896
-28.204	-17.976
-28.294	-18.066
-28.384	-18.126
-28.434	-18.276
-28.434	-18.296
-28.484	-18.356
-28.484	-18.376
-28.574	-18.476
-28.584	-18.496
POLYLINE BLACK
-28.724	-16.996
-28.664	-17.116
-28.654	-17.186
-28.654	-17.286
-28.674	-17.346
-28.674	-17.436
-28.694	-17.526
-28.694	-17.596
-28.724	-17.726
-28.734	-17.766
-28.764	-17.886
-28.804	-18.006
-28.894	-18.136
-28.924	-18.186
-29.024	-18.396
-29.034	-18.436
-29.094	-18.516
-29.114	-18.526
-29.144	-18.576
-29.184	-18.576
-29.244	-18.606
-29.264	-18.596
POLYLINE BLACK
-28.754	-16.856
-28.704	-16.916
-28.704	-16.956
-28.684	-17.016
-28.674	-17.056
-28.684	-17.076
POLYLINE BLACK
-28.094	-16.356
-28.114	-16.346
-28.154	-16.356
-28.244	-16.336
-28.264	-16.346
-28.344	-16.316
-28.524	-16.336
-28.564	-16.336
-28.674	-16.376
-28.714	-16.406
-28.714	-16.426
-28.804	-16.576
-28.814	-16.596
-28.774	-16.666
-28.774	-16.686
-28.744	-16.726
-28.734	-16.826
-28.724	-16.886
POLYLINE BLACK
-26.724	-16.906
-26.654	-16.986
-26.754	-17.006
-26.814	-16.986
-26.874	-16.996
-26.894	-16.986
-27.004	-17.006
-27.024	-17.006
-27.044	-17.026
-27.084	-17.026
-27.104	-17.016
-27.174	-17.046
-27.214	-17.036
-27.254	-17.036
-27.294	-17.056
-27.364	-17.186
-27.434	-17.316
-27.464	-17.376
-27.474	-17.416
-27.594	-17.596
-27.634	-17.616
POLYLINE BLACK
-26.484	-16.356
-26.524	-16.366
-26.554	-16.366
-26.594	-16.376
-26.664	-16.376
-26.684	-16.386
-26.724	-16.376
-26.824	-16.376
-26.844	-16.386
-26.884	-16.376
-27.034	-16.356
-27.094	-16.356
-27.134	-16.346
-27.224	-16.346
-27.264	-16.356
-27.304	-16.356
-27.344	-16.376
-27.414	-16.366
-27.464	-16.376
-27.504	-16.386
-27.544	-16.386
-27.584	-16.376
-27.634	-16.376
-27.654	-16.366
-27.674	-16.376
-27.734	-16.346
-27.754	-16.356
-27.774	-16.346
-27.814	-16.366
-27.854	-16.356
-27.934	-16.366
-27.974	-16.376
-27.994	-16.356
-28.034	-16.366
-28.074	-16.366
-28.114	-16.386
-28.134	-16.376
-28.154	-16.386
-28.174	-16.376
POLYLINE BLACK
-26.464	-16.946
-26.514	-16.946
-26.554	-16.976
-26.594	-16.966
-26.614	-16.976
-26.634	-16.966
-26.674	-16.976
-26.714	-16.976
-26.754	-16.966
-26.794	-16.966
-26.834	-16.946
-26.864	-16.946
-26.904	-16.936
-26.924	-16.946
-26.974	-16.936
-27.054	-16.956
-27.104	-16.966
-27.144	-16.956
-27.164	-16.966
-27.204	-16.956
-27.254	-16.956
-27.274	-16.946
-27.314	-16.956
-27.364	-16.946
-27.404	-16.956
-27.594	-16.956
-27.664	-16.976
-27.704	-16.966
-27.744	-16.986
-27.784	-16.976
-27.804	-16.986
POLYLINE GREEN
-25.084	-18.696
-25.084	-18.736
-25.064	-18.776
POLYLINE GREEN
-25.054	-18.746
-25.054	-18.706
-25.024	-18.616
-24.984	-18.616
-24.934	-18.646
-24.924	-18.666
-24.894	-18.676
-24.884	-18.696
POLYLINE GREEN
-25.114	-18.436
-25.084	-18.346
-25.064	-18.306
-25.044	-18.296
-24.984	-18.336
POLYLINE GREEN
-25.194	-18.626
-25.194	-18.646
-25.184	-18.606
-25.184	-18.576
-25.174	-18.536
-25.134	-18.506
-25.094	-18.516
-25.064	-18.546
-25.044	-18.606
POLYLINE BLACK
-25.384	-17.606
-25.364	-17.666
-25.364	-17.706
-25.344	-17.776
-25.314	-17.896
-25.264	-18.096
-25.264	-18.126
-25.234	-18.206
-25.214	-18.186
-25.174	-18.186
-25.114	-18.146
-25.074	-18.136
-25.054	-18.116
-25.054	-18.096
-25.194	-17.916
-25.314	-17.726
-25.414	-17.586
POLYLINE BLACK
-25.224	-18.646
-25.174	-18.726
-25.154	-18.716
POLYLINE BLACK
-26.404	-16.936
-26.384	-16.956
-26.344	-16.946
-26.324	-16.966
-26.284	-16.976
-26.264	-16.996
-26.244	-16.996
-26.174	-17.066
-25.994	-17.226
-25.934	-17.286
-25.884	-17.336
-25.794	-17.486
-25.764	-17.536
-25.694	-17.606
-25.624	-17.716
-25.614	-17.756
-25.574	-17.866
-25.484	-17.976
-25.414	-18.046
-25.354	-18.226
-25.354	-18.276
-25.304	-18.476
-25.284	-18.506
-25.284	-18.526
-25.244	-18.586
-25.234	-18.626
-25.224	-18.666
-25.194	-18.706
-25.174	-18.696
-25.154	-18.706
POLYLINE BLACK
-25.164	-18.766
-25.104	-18.756
-25.084	-18.736
-25.044	-18.726
-25.004	-18.716
-24.934	-18.646
-24.904	-18.586
-24.904	-18.546
-24.914	-18.476
-24.914	-18.396
-24.894	-18.336
-24.894	-18.286
-24.884	-18.246
-24.894	-18.166
-24.904	-18.106
-24.934	-18.056
-24.944	-18.016
-24.954	-17.976
-24.964	-17.886
-25.024	-17.766
-25.024	-17.736
-25.064	-17.656
-25.074	-17.616
-25.104	-17.556
-25.104	-17.526
-25.174	-17.356
-25.184	-17.316
-25.204	-17.226
-25.214	-17.146
-25.214	-17.086
-25.224	-17.046
-25.224	-16.956
-25.234	-16.916
-25.234	-16.856
-25.224	-16.816
-25.214	-16.776
-25.184	-16.686
-25.174	-16.646
-25.144	-16.556
-25.014	-16.416
-24.914	-16.316
-24.894	-16.316
-24.884	-16.296
-24.844	-16.286
-24.784	-16.256
-24.764	-16.266
-24.684	-16.226
-24.664	-16.226
POLYLINE BLACK
-24.564	-16.206
-24.644	-16.246
-24.674	-16.246
-24.774	-16.276
-24.834	-16.276
-24.894	-16.296
-24.914	-16.296
-24.974	-16.336
-25.004	-16.336
-25.194	-16.406
-25.294	-16.476
-25.314	-16.476
-25.354	-16.516
-25.394	-16.526
-25.414	-16.546
-25.434	-16.546
-25.534	-16.616
-25.574	-16.626
-25.614	-16.636
-25.654	-16.666
-25.684	-16.666
-25.744	-16.696
-25.784	-16.696
-25.924	-16.746
-25.944	-16.736
-25.984	-16.776
-26.024	-16.786
-26.084	-16.806
-26.164	-16.856
-26.204	-16.856
-26.244	-16.876
-26.264	-16.866
-26.304	-16.876
-26.384	-16.886
-26.424	-16.916
-26.464	-16.926
POLYLINE BLACK
-26.544	-16.356
-26.454	-16.356
-26.414	-16.346
-26.374	-16.336
-26.324	-16.316
POLYLINE BLACK
-26.354	-16.346
-26.314	-16.336
-26.274	-16.326
-26.184	-16.306
-26.144	-16.276
-26.124	-16.276
-26.084	-16.246
-26.044	-16.236
-26.004	-16.206
-25.914	-16.166
-25.874	-16.136
-25.694	-16.056
-25.654	-16.046
-25.584	-16.006
-25.544	-15.996
-25.434	-15.946
-25.374	-15.906
-25.344	-15.906
-25.214	-15.836
-25.194	-15.836
-25.144	-15.806
-25.084	-15.796
-25.064	-15.776
-25.004	-15.776
-24.944	-15.756
-24.864	-15.746
-24.844	-15.756
-24.774	-15.746
-24.734	-15.746
-24.664	-15.726
-24.644	-15.736
-24.594	-15.706
-24.554	-15.716
-24.524	-15.706
POLYLINE BLACK
-23.394	-16.726
-23.394	-16.746
-23.614	-16.986
POLYLINE BLACK
-23.644	-16.766
-23.764	-16.886
-23.844	-16.986
POLYLINE BLACK
-22.834	-16.666
-22.564	-16.926
-22.594	-16.926
-22.774	-17.036
-22.814	-17.036
POLYLINE BLACK
-23.814	-16.756
-23.724	-16.746
-23.684	-16.736
-23.664	-16.746
-23.574	-16.726
-23.524	-16.726
-23.484	-16.736
-23.424	-16.736
-23.354	-16.756
-23.314	-16.756
-23.274	-16.766
-23.194	-16.766
-23.154	-16.786
-23.124	-16.786
-23.104	-16.776
-22.984	-16.806
-22.914	-16.806
-22.854	-16.846
-22.784	-16.846
-22.624	-16.886
-22.624	-16.866
POLYLINE BLACK
-24.544	-15.726
-24.544	-15.746
-24.474	-15.746
-24.434	-15.756
-24.394	-15.756
-24.354	-15.746
-24.254	-15.776
-24.214	-15.766
-24.134	-15.806
-24.044	-15.806
-23.984	-15.846
-23.964	-15.836
-23.804	-15.886
-23.784	-15.876
-23.704	-15.906
-23.654	-15.906
-23.564	-15.946
-23.544	-15.926
-23.444	-15.966
-23.424	-15.956
-23.284	-15.986
-23.204	-16.006
-23.134	-16.026
-23.074	-16.026
-22.994	-16.056
-22.954	-16.046
-22.894	-16.076
-22.784	-16.076
-22.714	-16.096
-22.614	-16.116
-22.564	-16.116
-22.524	-16.126
-22.434	-16.126
-22.404	-16.136
-22.384	-16.126
-22.324	-16.146
-22.284	-16.136
-22.254	-16.126
-22.234	-16.136
-22.214	-16.126
-22.134	-16.156
-22.094	-16.156
-22.074	-16.166
-22.054	-16.146
-21.994	-16.146
-21.974	-16.126
-21.934	-16.126
-21.924	-16.106
-21.904	-16.116
-21.884	-16.106
-21.864	-16.116
-21.834	-16.076
-21.814	-16.096
-21.774	-16.056
POLYLINE BLACK
-24.654	-16.236
-24.634	-16.246
-24.584	-16.226
-24.544	-16.236
-24.524	-16.226
-24.484	-16.236
-24.464	-16.226
-24.404	-16.246
-24.364	-16.246
-24.344	-16.236
-24.324	-16.256
-24.224	-16.276
-24.144	-16.296
-24.124	-16.316
-24.084	-16.316
-24.064	-16.326
-24.044	-16.316
-23.964	-16.336
-23.884	-16.346
-23.834	-16.346
-23.784	-16.366
-23.694	-16.366
-23.614	-16.406
-23.534	-16.406
-23.514	-16.416
-23.494	-16.396
-23.474	-16.406
-23.454	-16.396
-23.414	-16.406
-23.364	-16.406
-23.344	-16.396
-23.304	-16.406
-23.264	-16.406
-23.224	-16.416
-23.044	-16.456
-22.994	-16.486
-22.954	-16.486
-22.914	-16.496
-22.834	-16.516
-22.704	-16.546
-22.674	-16.546
-22.654	-16.566
-22.614	-16.576
-22.574	-16.566
-22.534	-16.576
-22.494	-16.576
-22.444	-16.566
-22.404	-16.566
-22.384	-16.556
-22.344	-16.566
-22.304	-16.566
-22.264	-16.556
-22.214	-16.566
-22.174	-16.566
-22.154	-16.556
-22.124	-16.566
-22.104	-16.556
-22.084	-16.566
-22.064	-16.556
-21.994	-16.576
-21.934	-16.556
-21.884	-16.566
-21.784	-16.566
-21.764	-16.556
-21.744	-16.566
-21.674	-16.536
-21.654	-16.546
-21.614	-16.526
-21.594	-16.536
-21.574	-16.516
-21.534	-16.516
-21.514	-16.526
POLYLINE BLACK
-20.784	-14.926
-20.854	-14.996
-20.874	-14.996
POLYLINE BLACK
-20.814	-14.976
-20.704	-14.926
-20.654	-14.896
-20.614	-14.886
-20.594	-14.896
-20.554	-14.886
-20.534	-14.886
-20.384	-14.946
-20.374	-14.966
POLYLINE GREEN
-20.594	-14.946
-20.554	-15.066
-20.534	-15.086
-20.534	-15.106
-20.474	-15.146
-20.444	-15.116
-20.404	-15.106
-20.364	-15.046
POLYLINE GREEN
-20.544	-15.566
-20.514	-15.646
-20.474	-15.676
-20.374	-15.606
POLYLINE GREEN
-20.634	-15.266
-20.624	-15.306
-20.624	-15.346
-20.604	-15.396
-20.564	-15.426
-20.464	-15.426
-20.414	-15.376
POLYLINE GREEN
-20.534	-15.116
-20.514	-15.166
-20.474	-15.156
-20.434	-15.146
-20.394	-15.136
POLYLINE GREEN
-20.584	-15.016
-20.584	-15.036
-20.564	-15.056
POLYLINE BLACK
-19.354	-15.666
-19.334	-15.726
-19.314	-15.826
-19.274	-15.786
-19.214	-15.776
-19.184	-15.736
-19.234	-15.726
-19.334	-15.686
POLYLINE BLACK
-19.304	-15.346
-19.304	-15.506
-19.244	-15.486
-19.204	-15.496
-19.184	-15.486
-19.164	-15.496
-19.264	-15.426
-19.304	-15.376
-19.324	-15.376
POLYLINE BLACK
-19.654	-15.396
-19.634	-15.476
-19.634	-15.516
-19.614	-15.596
-19.614	-15.636
-19.604	-15.656
-19.534	-15.586
-19.494	-15.576
-19.474	-15.556
-19.504	-15.526
-19.544	-15.516
-19.654	-15.446
-19.674	-15.446
POLYLINE BLACK
-20.074	-15.486
-19.974	-15.606
-19.964	-15.626
-19.904	-15.536
-19.844	-15.516
-19.834	-15.496
-19.874	-15.486
-19.914	-15.486
-19.934	-15.476
-19.974	-15.486
-20.074	-15.486
POLYLINE BLACK
-20.935	-15.854
-20.921	-15.861
-20.900	-15.861
-20.886	-15.854
POLYLINE BLACK
-20.851	-15.735
-20.837	-15.742
-20.774	-15.728
POLYLINE BLACK
-20.949	-15.553
-20.928	-15.560
-20.872	-15.553
POLYLINE BLACK
-21.292	-15.413
-21.215	-15.406
-21.201	-15.399
POLYLINE BLACK
-21.194	-15.581
-21.117	-15.581
POLYLINE BLACK
-21.180	-15.966
-21.152	-15.966
-21.082	-15.945
-21.068	-15.945
POLYLINE BLACK
-21.341	-15.868
-21.306	-15.861
-21.292	-15.854
-21.278	-15.861
-21.264	-15.854
POLYLINE BLACK
-21.502	-15.952
-21.488	-15.959
-21.474	-15.952
-21.446	-15.959
-21.432	-15.959
-21.418	-15.952
POLYLINE GREEN
-21.607	-15.987
-21.607	-16.001
-21.614	-16.015
-21.614	-16.078
-21.586	-16.127
-21.558	-16.134
-21.530	-16.127
-21.516	-16.113
POLYLINE GREEN
-21.264	-15.987
-21.285	-16.036
-21.285	-16.092
-21.264	-16.134
-21.250	-16.141
-21.236	-16.134
-21.173	-16.134
-21.159	-16.127
POLYLINE GREEN
-21.320	-15.581
-21.320	-15.595
-21.334	-15.616
-21.334	-15.630
-21.348	-15.665
-21.348	-15.679
-21.313	-15.742
-21.285	-15.756
-21.257	-15.756
-21.222	-15.742
-21.208	-15.728
POLYLINE GREEN
-21.026	-15.651
-21.040	-15.658
-21.040	-15.672
-21.054	-15.686
-21.054	-15.728
-21.026	-15.770
-20.998	-15.784
-20.956	-15.763
-20.942	-15.749
POLYLINE GREEN
-20.977	-15.343
-20.977	-15.392
-20.963	-15.448
-20.928	-15.469
-20.900	-15.469
-20.886	-15.462
-20.865	-15.420
-20.865	-15.406
POLYLINE BLACK
-21.383	-15.245
-21.404	-15.217
POLYLINE BLACK
-21.502	-15.322
-21.530	-15.294
POLYLINE BLACK
-21.551	-15.441
-21.579	-15.427
-21.593	-15.427
-21.607	-15.420
POLYLINE BLACK
-21.565	-15.588
-21.593	-15.574
-21.607	-15.581
-21.621	-15.567
POLYLINE BLACK
-21.621	-15.721
-21.635	-15.714
-21.656	-15.714
-21.684	-15.700
POLYLINE BLACK
-21.747	-15.826
-21.775	-15.763
POLYLINE BLACK
-21.789	-15.945
-21.775	-15.945
-21.733	-15.910
-21.649	-15.861
-21.586	-15.784
-21.579	-15.770
-21.558	-15.756
-21.537	-15.728
-21.467	-15.581
-21.467	-15.560
-21.460	-15.532
-21.460	-15.504
-21.453	-15.476
-21.453	-15.441
-21.446	-15.413
-21.446	-15.399
-21.425	-15.357
-21.383	-15.322
-21.369	-15.301
-21.355	-15.301
-21.285	-15.252
-21.229	-15.210
-21.201	-15.203
-21.173	-15.182
-21.159	-15.182
-21.145	-15.175
-21.124	-15.175
-21.096	-15.161
POLYLINE BLACK
-21.866	-15.112
-21.901	-15.154
-21.915	-15.154
-21.936	-15.182
-21.957	-15.189
-21.978	-15.217
-21.985	-15.238
-22.055	-15.322
-22.069	-15.336
-22.097	-15.399
-22.097	-15.427
-22.104	-15.441
-22.104	-15.483
-22.111	-15.497
-22.111	-15.574
-22.083	-15.644
-22.013	-15.721
-21.985	-15.763
-21.985	-15.777
-21.831	-15.903
-21.796	-15.945
-21.789	-15.973
-21.789	-15.994
-21.782	-16.022
-21.824	-16.043
-21.838	-16.064
POLYLINE BLACK
-21.859	-15.105
POLYLINE BLACK
-20.592	-15.868
-20.606	-15.868
-20.634	-15.882
-20.676	-15.882
-20.704	-15.889
-20.718	-15.889
-20.753	-15.910
-20.774	-15.938
-20.788	-15.945
-20.809	-15.973
-20.844	-15.987
-20.928	-16.050
-20.949	-16.078
-20.970	-16.078
-20.998	-16.099
-21.005	-16.113
-21.054	-16.127
-21.187	-16.239
-21.201	-16.246
-21.208	-16.260
-21.250	-16.295
-21.264	-16.330
-21.285	-16.358
-21.355	-16.400
-21.376	-16.428
-21.390	-16.428
-21.446	-16.477
-21.460	-16.484
-21.467	-16.498
-21.481	-16.498
-21.488	-16.512
-21.530	-16.533
-21.565	-16.561
-21.579	-16.561
-21.593	-16.568
-21.607	-16.561
-21.614	-16.575
POLYLINE BLACK
-21.887	-15.119
-21.859	-15.133
-21.831	-15.133
-21.803	-15.140
-21.789	-15.140
-21.761	-15.161
-21.733	-15.147
-21.719	-15.154
-21.698	-15.154
-21.670	-15.147
-21.656	-15.154
-21.628	-15.147
-21.607	-15.147
-21.579	-15.161
-21.551	-15.154
-21.537	-15.154
-21.523	-15.147
-21.488	-15.154
-21.432	-15.154
-21.397	-15.161
-21.348	-15.168
-21.320	-15.182
-21.306	-15.175
-21.285	-15.175
-21.271	-15.161
-21.222	-15.154
-21.194	-15.140
-21.159	-15.147
-21.131	-15.133
-21.117	-15.133
-21.103	-15.140
-21.068	-15.126
POLYLINE BLACK
-14.495	-16.792
-14.481	-16.806
-14.432	-16.827
-14.404	-16.848
POLYLINE BLACK
-14.607	-16.715
-14.537	-16.771
POLYLINE BLACK
-14.754	-16.575
-14.698	-16.617
-14.684	-16.624
-14.677	-16.638
POLYLINE BLACK
-14.915	-16.428
-14.838	-16.477
-14.831	-16.491
POLYLINE BLACK
-15.055	-16.302
-14.992	-16.372
POLYLINE BLACK
-15.202	-16.197
-15.125	-16.260
POLYLINE BLACK
-15.440	-16.064
-15.335	-16.064
-15.293	-16.078
-15.223	-16.127
-15.216	-16.141
POLYLINE BLACK
-16.539	-15.567
-16.224	-15.721
-16.119	-15.833
-16.070	-15.903
-15.986	-15.973
-15.832	-16.050
-15.776	-16.064
-15.762	-16.078
-15.692	-16.085
-15.622	-16.085
-15.566	-16.099
-15.482	-16.085
-15.426	-16.064
-15.377	-16.057
-15.335	-16.078
-15.265	-16.127
-15.258	-16.141
POLYLINE BLACK
-14.404	-16.638
-14.362	-16.701
POLYLINE BLACK
-14.544	-16.519
-14.488	-16.582
POLYLINE BLACK
-14.705	-16.379
-14.670	-16.442
-14.642	-16.456
-14.635	-16.470
POLYLINE BLACK
-14.852	-16.225
-14.838	-16.232
-14.831	-16.253
-14.789	-16.295
POLYLINE BLACK
-15.041	-16.071
-14.985	-16.120
-14.978	-16.134
POLYLINE BLACK
-15.167	-15.924
-15.125	-15.987
-15.118	-16.008
POLYLINE BLACK
-16.644	-14.846
-16.623	-14.874
-16.560	-14.874
-16.546	-14.867
-16.532	-14.881
-16.518	-14.874
-16.504	-14.888
-16.490	-14.881
-16.455	-14.895
-16.350	-14.909
-16.322	-14.930
-16.308	-14.930
-16.294	-14.944
-16.280	-14.944
-16.238	-14.965
-16.224	-14.965
-16.056	-15.049
-16.000	-15.091
-15.930	-15.154
-15.902	-15.175
-15.874	-15.224
-15.874	-15.238
-15.790	-15.392
-15.776	-15.399
-15.769	-15.413
-15.755	-15.420
-15.748	-15.434
-15.720	-15.441
-15.713	-15.462
-15.664	-15.483
-15.636	-15.511
-15.615	-15.518
-15.587	-15.539
-15.580	-15.553
-15.566	-15.553
-15.468	-15.623
-15.461	-15.637
-15.440	-15.644
-15.433	-15.658
-15.419	-15.665
-15.384	-15.714
-15.314	-15.805
-15.300	-15.812
-15.237	-15.896
POLYLINE BLACK
-18.695	-13.778
POLYLINE BLACK
-20.290	-15.048
-20.280	-15.058
-20.260	-15.058
-20.215	-15.078
-20.205	-15.078
-20.185	-15.083
-20.175	-15.083
-20.150	-15.093
-20.130	-15.093
-20.110	-15.103
-20.090	-15.103
-20.070	-15.118
-20.060	-15.118
-20.040	-15.123
-20.005	-15.123
-19.965	-15.133
-19.935	-15.133
-19.920	-15.138
-19.900	-15.133
-19.890	-15.133
-19.870	-15.138
-19.850	-15.138
-19.815	-15.153
-19.795	-15.153
-19.765	-15.168
-19.755	-15.168
-19.720	-15.183
-19.700	-15.183
-19.680	-15.188
-19.670	-15.198
-19.660	-15.193
-19.640	-15.208
-19.600	-15.208
-19.585	-15.213
-19.565	-15.213
-19.505	-15.223
-19.485	-15.228
-19.475	-15.228
-19.455	-15.233
-19.410	-15.238
-19.380	-15.238
-19.370	-15.243
-19.305	-15.243
-19.285	-15.248
-19.255	-15.248
-19.240	-15.253
-19.230	-15.248
-19.210	-15.253
-19.200	-15.253
-19.190	-15.258
-19.170	-15.253
-19.150	-15.253
-19.130	-15.248
-19.110	-15.253
-19.090	-15.248
-19.060	-15.223
-19.015	-15.208
-19.005	-15.208
-18.985	-15.198
-18.975	-15.198
-18.955	-15.183
-18.945	-15.188
-18.930	-15.188
-18.910	-15.178
-18.900	-15.178
-18.890	-15.183
-18.870	-15.168
-18.835	-15.168
-18.825	-15.158
-18.810	-15.158
-18.770	-15.143
-18.750	-15.143
-18.725	-15.138
-18.705	-15.123
-18.695	-15.123
POLYLINE BLACK
-16.535	-15.088
-16.575	-15.118
-16.765	-15.218
-16.805	-15.228
-16.835	-15.248
-16.875	-15.258
-16.935	-15.288
-16.955	-15.288
-16.995	-15.318
-17.035	-15.328
-17.135	-15.388
-17.155	-15.378
-17.175	-15.388
-17.135	-15.388
-17.065	-15.358
-17.025	-15.368
-17.005	-15.348
-16.875	-15.348
-16.825	-15.338
-16.785	-15.348
-16.695	-15.348
-16.655	-15.338
-16.615	-15.348
-16.575	-15.338
-16.535	-15.348
-16.525	-15.328
-16.575	-15.138
-16.595	-15.118
-16.595	-15.098
POLYLINE BLACK
-17.885	-14.698
-17.835	-14.698
-17.815	-14.708
-17.775	-14.698
-17.675	-14.718
-17.655	-14.738
-17.525	-14.758
-17.375	-14.748
-17.335	-14.738
-17.275	-14.738
-17.255	-14.758
-17.165	-14.778
-17.045	-14.818
-17.005	-14.828
-16.965	-14.838
-16.875	-14.848
-16.835	-14.848
-16.795	-14.858
-16.735	-14.858
-16.695	-14.848
-16.655	-14.858
-16.515	-14.828
POLYLINE BLACK
-18.165	-15.988
-18.085	-16.058
-18.065	-16.058
-18.025	-16.098
-18.005	-16.098
-17.985	-16.078
-17.925	-16.098
-17.875	-16.098
-17.865	-16.118
-17.825	-16.128
-17.785	-16.118
-17.745	-16.128
-17.655	-16.138
-17.615	-16.128
-17.575	-16.118
-17.495	-16.048
-17.455	-16.038
-17.315	-15.978
-17.255	-15.938
-17.235	-15.938
-17.175	-15.888
-17.125	-15.858
-17.105	-15.838
-17.085	-15.838
-17.045	-15.808
-16.985	-15.798
-16.955	-15.778
-16.915	-15.768
-16.835	-15.718
-16.735	-15.628
-16.715	-15.628
-16.685	-15.598
-16.605	-15.568
-16.565	-15.558
-16.545	-15.568
-16.505	-15.558
-16.485	-15.558
-16.425	-15.518
POLYLINE GREEN
-18.015	-14.968
-17.975	-15.008
-17.975	-15.028
-18.025	-15.078
-18.035	-15.118
-18.035	-15.138
-17.975	-15.148
-17.945	-15.188
-17.965	-15.228
-17.985	-15.228
-18.005	-15.278
POLYLINE GREEN
-18.125	-14.958
-18.085	-14.968
-17.995	-14.968
-17.955	-14.978
POLYLINE BLACK
-18.165	-14.848
-18.225	-14.988
-18.235	-15.028
-18.295	-15.208
-18.325	-15.308
-18.245	-15.338
-18.195	-15.328
-18.135	-15.338
-18.095	-15.338
-18.055	-15.358
-18.005	-15.358
-17.985	-15.368
-17.945	-15.368
-17.845	-15.398
-17.775	-15.398
-17.755	-15.418
-17.735	-15.418
-17.715	-15.398
-17.715	-15.378
-17.695	-15.328
-17.675	-15.308
-17.665	-15.268
-17.645	-15.198
-17.645	-15.148
-17.635	-15.108
-17.615	-15.018
-17.575	-14.928
-17.575	-14.928
-17.625	-14.928
-17.675	-14.918
-17.715	-14.918
-17.755	-14.908
-17.795	-14.908
-17.865	-14.888
-17.905	-14.888
-17.965	-14.868
-17.985	-14.878
-18.045	-14.858
-18.085	-14.858
-18.145	-14.838
-18.165	-14.858
POLYLINE BLACK
-18.745	-15.078
-18.725	-15.128
-18.705	-15.138
-18.605	-15.068
-18.435	-14.968
-18.415	-14.948
-18.395	-14.948
-18.315	-14.878
-18.275	-14.868
-18.235	-14.838
-18.215	-14.838
-18.175	-14.798
-18.135	-14.788
-18.055	-14.738
-18.035	-14.748
-17.955	-14.688
-17.865	-14.698
-17.805	-14.708
POLYLINE BLACK
-19.095	-15.618
-19.075	-15.628
-18.895	-15.588
-18.785	-15.588
-18.735	-15.578
-18.715	-15.588
-18.675	-15.568
-18.625	-15.568
-18.585	-15.558
-18.495	-15.548
-18.455	-15.538
-18.375	-15.498
-18.335	-15.488
-18.335	-15.548
-18.345	-15.588
-18.345	-15.728
-18.415	-15.728
-18.455	-15.738
-18.475	-15.718
-18.515	-15.718
-18.615	-15.688
-18.695	-15.678
-18.725	-15.678
-18.765	-15.668
-18.845	-15.668
-18.925	-15.648
-18.985	-15.648
-19.025	-15.638
-19.085	-15.638
-19.105	-15.618
-19.125	-15.628
-19.145	-15.618
POLYLINE BLACK
-20.645	-15.868
-20.535	-15.868
-20.515	-15.878
-20.495	-15.868
-20.475	-15.878
-20.455	-15.868
-20.365	-15.888
-20.225	-15.888
-20.175	-15.878
-20.135	-15.888
-20.105	-15.888
-20.065	-15.878
-20.045	-15.888
-20.025	-15.878
-19.985	-15.888
-19.945	-15.888
-19.925	-15.878
-19.885	-15.888
-19.845	-15.878
-19.825	-15.888
-19.715	-15.868
-19.655	-15.868
-19.605	-15.878
-19.565	-15.868
-19.545	-15.878
-19.505	-15.868
-19.465	-15.868
-19.385	-15.888
-19.335	-15.888
-19.295	-15.898
-19.145	-15.898
-19.085	-15.908
-19.065	-15.898
-19.025	-15.908
-18.925	-15.908
-18.905	-15.918
-18.865	-15.908
-18.825	-15.908
-18.805	-15.918
-18.765	-15.908
-18.725	-15.908
-18.705	-15.898
-18.595	-15.918
-18.525	-15.918
-18.505	-15.928
-18.485	-15.908
-18.445	-15.918
-18.405	-15.908
-18.365	-15.918
-18.325	-15.908
-18.305	-15.918
-18.265	-15.908
-18.225	-15.918
-18.185	-15.928
-18.165	-15.928
-18.025	-16.048
-17.925	-16.178
-17.905	-16.218
POLYLINE BLACK
-20.985	-15.088
-21.045	-15.118
-21.065	-15.118
-21.105	-15.158
-21.125	-15.158
-21.135	-15.178
POLYLINE BLACK
-21.075	-15.098
-21.065	-15.118
POLYLINE BLACK
-20.655	-13.188
-20.595	-13.408
-20.595	-13.468
-20.575	-13.578
-20.555	-13.688
-20.555	-13.798
-20.545	-13.838
-20.545	-13.898
-20.555	-13.938
-20.555	-13.988
-20.565	-14.028
-20.555	-14.068
-20.535	-14.158
-20.515	-14.198
-20.515	-14.268
-20.505	-14.308
-20.505	-14.538
-20.475	-14.638
-20.475	-14.668
-20.465	-14.708
-20.445	-14.788
-20.385	-14.928
-20.325	-15.038
-20.265	-15.068
-20.245	-15.068
POLYLINE BLACK
-21.215	-13.238
-21.165	-13.328
-21.155	-13.368
-21.125	-13.428
-21.125	-13.468
-21.105	-13.548
-21.095	-13.618
-21.105	-13.658
-21.105	-13.698
-21.115	-13.738
-21.115	-13.868
-21.125	-13.908
-21.125	-13.988
-21.105	-14.098
-21.075	-14.248
-21.065	-14.288
-21.025	-14.448
-21.015	-14.538
-20.955	-14.638
-20.945	-14.678
-20.915	-14.738
-20.905	-14.818
-20.895	-14.928
-20.875	-14.988
-20.875	-15.018
-20.945	-15.078
-20.965	-15.078
-20.985	-15.098
POLYLINE BLACK
-19.505	-12.388
-19.485	-12.398
-19.425	-12.358
-19.325	-12.338
-19.295	-12.338
-19.215	-12.308
-19.155	-12.308
-19.145	-12.288
POLYLINE BLACK
-19.195	-12.328
-19.135	-12.328
-19.095	-12.308
-18.995	-12.298
-18.925	-12.278
-18.865	-12.278
-18.845	-12.258
-18.805	-12.258
-18.675	-12.228
-18.615	-12.228
-18.545	-12.208
-18.525	-12.218
-18.435	-12.188
-18.355	-12.188
-18.315	-12.178
-18.255	-12.178
-18.165	-12.158
-18.105	-12.158
-18.065	-12.138
-18.015	-12.138
-17.855	-12.088
-17.805	-12.078
-17.715	-12.028
-17.675	-12.018
-17.655	-12.018
-17.605	-11.988
-17.565	-11.988
-17.485	-11.958
-17.445	-11.958
-17.405	-11.948
-17.365	-11.948
POLYLINE BLACK
-20.645	-13.248
-20.645	-13.208
-20.625	-13.148
-20.625	-13.058
-20.585	-12.978
-20.585	-12.938
-20.515	-12.818
-20.425	-12.738
-20.365	-12.718
-20.345	-12.698
-20.305	-12.688
-20.225	-12.658
-20.185	-12.648
-20.125	-12.618
-20.085	-12.608
-20.045	-12.598
-19.925	-12.568
-19.815	-12.528
-19.775	-12.518
-19.695	-12.488
-19.655	-12.478
-19.555	-12.428
-19.535	-12.428
-19.405	-12.358
POLYLINE BLACK
-21.875	-11.158
-21.745	-11.228
-21.725	-11.228
-21.675	-11.308
-21.655	-11.378
-21.655	-11.508
-21.645	-11.598
-21.645	-11.638
-21.635	-11.688
-21.635	-11.748
-21.625	-11.798
-21.635	-11.898
-21.655	-11.968
-21.745	-12.058
-21.755	-12.078
-21.775	-12.078
-21.815	-12.118
-21.835	-12.228
-21.845	-12.308
-21.845	-12.378
-21.805	-12.488
-21.795	-12.528
-21.775	-12.568
-21.775	-12.598
-21.765	-12.638
-21.725	-12.668
-21.705	-12.718
-21.665	-12.778
-21.545	-12.848
-21.505	-12.858
-21.465	-12.888
-21.425	-12.898
-21.375	-12.908
-21.345	-12.938
-21.245	-13.008
-21.245	-12.988
-21.195	-13.138
-21.195	-13.218
-21.205	-13.258
-21.205	-13.278
POLYLINE GREEN
-21.715	-12.498
-21.655	-12.418
-21.595	-12.318
-21.475	-12.278
-21.355	-12.438
-21.355	-12.498
POLYLINE GREEN
-20.515	-12.498
-20.375	-12.358
-20.335	-12.358
-20.295	-12.398
-20.295	-12.438
POLYLINE GREEN
-21.055	-12.218
-20.955	-11.978
-20.835	-11.938
-20.795	-11.978
-20.755	-11.978
-20.695	-12.058
POLYLINE GREEN
-20.235	-11.378
-20.135	-11.218
-20.055	-11.198
-19.955	-11.338
-19.935	-11.418
POLYLINE GREEN
-20.915	-11.338
-20.755	-11.138
-20.715	-11.138
-20.615	-11.238
-20.575	-11.378
POLYLINE GREEN
-21.555	-11.638
-21.495	-11.498
-21.375	-11.398
-21.195	-11.618
-21.195	-11.658
POLYLINE BLACK
-20.915	-9.398
-20.915	-9.878
-20.955	-10.198
-21.035	-10.438
-21.095	-10.698
-21.175	-10.878
-21.175	-10.818
-21.115	-10.618
-20.995	-9.978
-20.995	-9.878
-20.975	-9.798
-20.995	-9.838
-20.975	-9.978
-20.975	-10.178
-20.955	-10.338
-20.975	-10.478
-20.955	-10.758
-20.955	-10.798
-20.915	-10.678
-20.915	-10.178
-20.895	-9.818
-20.895	-9.798
-20.815	-10.518
-20.795	-10.698
-20.775	-10.778
-20.795	-10.578
-20.855	-10.318
-20.915	-9.918
-20.915	-9.918
-20.915	-10.358
-20.875	-10.818
-20.855	-10.658
-20.915	-10.158
-20.935	-10.118
-20.975	-10.178
-21.035	-10.518
-21.035	-10.818
-20.995	-10.618
-20.995	-10.578
-20.935	-10.758
-20.915	-10.558
-20.835	-10.758
-20.815	-10.718
POLYLINE BLACK
-20.835	-9.198
-20.855	-9.278
-20.895	-9.418
-20.955	-9.698
-21.055	-10.118
-21.135	-10.398
-21.175	-10.578
-21.235	-10.818
-21.075	-10.858
-20.795	-10.858
-20.755	-10.878
-20.775	-10.538
-20.815	-10.318
-20.815	-10.218
-20.835	-10.138
-20.835	-9.518
-20.855	-9.438
-20.855	-9.278
POLYLINE BLACK
-15.935	-10.318
-15.935	-10.458
-15.915	-10.558
-15.915	-10.638
-15.895	-10.718
-15.715	-10.718
-15.935	-10.418
POLYLINE BLACK
-17.515	-9.738
-17.495	-9.878
-17.495	-9.978
-17.475	-10.058
-17.475	-10.178
-17.275	-9.938
-17.235	-9.918
-17.435	-9.778
-17.475	-9.778
POLYLINE BLACK
-16.635	-10.498
-16.575	-10.798
-16.555	-10.838
-16.435	-10.718
-16.315	-10.618
-16.395	-10.598
-16.475	-10.578
-16.515	-10.598
-16.595	-10.558
POLYLINE BLACK
-15.435	-11.598
-15.435	-11.978
-15.415	-12.058
-15.415	-12.138
-15.395	-12.218
-15.315	-12.278
-15.155	-12.318
-15.075	-12.338
-14.995	-12.358
-14.955	-12.378
-14.915	-12.358
-14.875	-12.378
-14.855	-12.158
-14.835	-12.078
-14.815	-11.778
-14.995	-11.778
-15.135	-11.798
-15.255	-11.758
-15.435	-11.798
-15.475	-11.778
POLYLINE BLACK
-16.195	-11.878
-16.115	-11.658
-16.115	-11.598
-16.095	-11.518
-16.055	-11.478
-16.015	-11.298
-15.995	-11.258
-15.995	-11.298
-15.795	-11.498
-15.635	-11.598
-15.415	-11.638
-15.375	-11.678
-15.335	-11.658
-15.515	-11.998
-15.515	-12.058
-15.595	-12.178
-15.615	-12.258
-15.755	-12.218
-15.835	-12.158
-15.915	-12.138
-16.055	-11.998
-16.175	-11.918
POLYLINE BLACK
-16.795	-11.758
-16.795	-11.718
-16.895	-11.478
-16.935	-11.238
-16.895	-11.218
-16.655	-11.278
-16.615	-11.238
-16.535	-11.258
-16.455	-11.238
-16.375	-11.218
-16.295	-11.178
-16.235	-11.258
-16.155	-11.498
-16.135	-11.578
-16.115	-11.658
-16.215	-11.678
-16.295	-11.698
-16.335	-11.718
-16.375	-11.698
-16.415	-11.718
-16.515	-11.698
-16.695	-11.758
-16.775	-11.758
POLYLINE BLACK
-16.905	-10.658
POLYLINE BLACK
-16.895	-10.738
-16.875	-10.638
-16.875	-10.668
-16.915	-10.828
-16.925	-10.788
-16.925	-10.758
-16.935	-10.718
-16.975	-10.858
-16.985	-10.838
-16.985	-10.688
-16.965	-10.788
-16.935	-10.738
POLYLINE BLACK
-17.085	-10.618
-16.945	-10.668
-16.935	-10.688
-16.955	-10.708
-17.005	-10.708
-17.055	-10.648
-17.025	-10.618
-16.955	-10.608
-16.935	-10.618
-16.945	-10.658
-17.055	-10.708
-16.945	-10.708
-16.955	-10.748
-17.005	-10.798
-17.005	-10.818
-16.935	-10.808
-16.935	-10.768
-16.945	-10.698
-16.945	-10.678
-16.935	-10.718
-16.935	-10.808
POLYLINE BLACK
-17.645	-10.468
-17.315	-10.558
-17.025	-10.608
-16.995	-10.608
-17.245	-10.498
-17.375	-10.458
-17.545	-10.438
-17.465	-10.458
-17.275	-10.518
-17.105	-10.548
-17.045	-10.548
-16.975	-10.558
-16.955	-10.578
-17.195	-10.498
-17.335	-10.498
-17.405	-10.488
-17.375	-10.488
-17.245	-10.518
-17.095	-10.538
-17.055	-10.548
-16.995	-10.548
-16.965	-10.558
-16.915	-10.558
-16.855	-10.578
-16.955	-10.548
-17.095	-10.548
-17.205	-10.528
-17.425	-10.518
-17.445	-10.528
-17.415	-10.528
-17.185	-10.598
-17.115	-10.618
-17.295	-10.588
-17.565	-10.498
-17.765	-10.458
-17.775	-10.458
-17.615	-10.518
-17.495	-10.548
-17.255	-10.648
-17.175	-10.668
-17.155	-10.688
-17.475	-10.478
-17.685	-10.388
-17.775	-10.368
-17.625	-10.458
-17.535	-10.488
-17.385	-10.568
-17.335	-10.598
-17.295	-10.618
-17.355	-10.608
-17.445	-10.578
-17.645	-10.478
-17.765	-10.448
-17.805	-10.448
-17.735	-10.508
-17.515	-10.608
-17.225	-10.738
-16.925	-10.868
-16.945	-10.878
-17.125	-10.758
-17.225	-10.708
-17.205	-10.698
-17.105	-10.738
-16.995	-10.798
-16.945	-10.818
-16.985	-10.768
-17.115	-10.678
-17.165	-10.648
-17.165	-10.648
-17.045	-10.668
-16.925	-10.708
-17.035	-10.688
-17.095	-10.668
-17.125	-10.668
-17.165	-10.648
-17.145	-10.628
-16.965	-10.668
-16.995	-10.668
-17.045	-10.688
POLYLINE BLACK
-17.915	-10.368
-17.745	-10.478
-17.595	-10.548
-17.515	-10.598
-17.335	-10.658
-17.215	-10.718
-17.155	-10.758
-17.075	-10.798
-17.025	-10.828
-16.945	-10.878
-16.925	-10.878
-16.905	-10.898
-16.865	-10.788
-16.835	-10.628
-16.825	-10.588
-16.865	-10.598
-16.995	-10.588
-17.035	-10.578
-17.095	-10.548
-17.145	-10.538
-17.165	-10.528
POLYLINE BLACK
-17.885	-10.358
-17.835	-10.358
-17.595	-10.428
-17.525	-10.428
-17.345	-10.468
-17.305	-10.468
-17.155	-10.508
-17.085	-10.528
-17.045	-10.528
POLYLINE BLACK
-19.515	-9.258
-19.495	-9.278
-19.465	-9.518
-19.425	-9.718
-19.425	-9.768
-19.405	-9.888
-19.405	-9.958
-19.395	-10.048
-19.395	-10.118
-19.365	-10.258
-19.365	-10.288
-19.355	-10.328
-19.345	-10.368
-19.335	-10.408
-19.335	-10.428
-19.285	-10.438
-19.175	-10.408
-19.095	-10.378
-18.995	-10.358
-18.995	-10.338
-19.025	-10.298
-19.125	-10.088
-19.155	-10.018
-19.185	-9.918
-19.295	-9.668
-19.355	-9.568
-19.405	-9.488
-19.415	-9.448
-19.485	-9.288
-19.475	-9.348
-19.445	-9.418
-19.375	-9.648
-19.375	-9.678
-19.315	-9.928
-19.305	-10.038
-19.235	-10.248
-19.255	-10.248
-19.315	-10.138
-19.385	-9.808
-19.405	-9.698
-19.415	-9.728
-19.335	-10.218
-19.295	-10.368
-19.295	-10.178
-19.315	-10.048
-19.395	-9.828
-19.375	-9.858
-19.225	-10.238
-19.195	-10.288
-19.265	-9.968
-19.275	-9.878
-19.405	-9.518
-19.405	-9.498
-19.295	-9.768
-19.165	-10.208
-19.115	-10.308
-19.115	-10.278
-19.245	-9.948
-19.295	-9.738
-19.205	-9.918
-19.085	-10.238
-19.085	-10.258
-19.165	-10.128
-19.185	-10.148
-19.165	-10.298
-19.155	-10.338
-19.245	-10.318
-19.245	-10.298
-19.255	-10.318
-19.245	-10.358
-19.205	-10.268
-19.205	-10.248
-19.235	-10.328
-19.265	-10.298
-19.265	-10.268
-19.275	-10.248
-19.265	-10.228
-19.225	-10.238
-19.125	-10.318
POLYLINE BLACK
-15.285	-11.268
-15.335	-11.298
-15.365	-11.338
-15.365	-11.358
-15.315	-11.288
-15.375	-11.328
-15.395	-11.318
-15.395	-11.278
-15.385	-11.258
-15.405	-11.368
-15.405	-11.368
-15.355	-11.238
-15.325	-11.198
-15.325	-11.178
-15.365	-11.238
-15.455	-11.298
-15.445	-11.268
-15.385	-11.228
-15.365	-11.208
-15.325	-11.198
-15.315	-11.178
-15.275	-11.168
-15.255	-11.158
-15.345	-11.158
-15.405	-11.138
-15.345	-11.168
-15.325	-11.158
-15.285	-11.168
-15.245	-11.148
-15.295	-11.138
-15.385	-11.168
-15.425	-11.148
-15.455	-11.148
-15.475	-11.158
-15.405	-11.168
-15.365	-11.188
-15.315	-11.188
-15.295	-11.198
-15.235	-11.158
-15.215	-11.158
-15.215	-11.138
-15.235	-11.118
-15.405	-11.118
-15.415	-11.138
-15.375	-11.168
-15.335	-11.178
-15.285	-11.238
-15.285	-11.258
-15.365	-11.358
-15.355	-11.318
-15.325	-11.268
-15.405	-11.348
-15.475	-11.368
-15.375	-11.298
-15.395	-11.298
-15.425	-11.338
-15.345	-11.238
-15.325	-11.228
-15.335	-11.268
-15.375	-11.358
-15.415	-11.348
-15.465	-11.328
-15.525	-11.278
-15.585	-11.238
-15.715	-11.128
-15.755	-11.118
-15.735	-11.138
-15.685	-11.158
-15.635	-11.198
-15.555	-11.218
-15.475	-11.268
-15.455	-11.288
-15.435	-11.268
-15.555	-11.138
-15.735	-11.008
-15.775	-10.998
-15.725	-11.048
-15.605	-11.128
POLYLINE BLACK
-15.335	-11.238
-15.395	-11.308
POLYLINE BLACK
-15.305	-11.218
POLYLINE BLACK
-16.045	-10.908
-16.005	-10.918
-15.955	-10.958
-15.865	-10.998
-15.705	-11.068
-15.585	-11.098
-15.495	-11.128
-15.475	-11.128
-15.325	-11.178
-15.305	-11.198
-15.285	-11.198
-15.245	-11.238
-15.225	-11.218
-15.275	-11.188
-15.325	-11.148
-15.495	-11.068
-15.725	-10.938
-15.885	-10.888
-15.905	-10.888
-15.685	-11.028
-15.525	-11.108
-15.485	-11.118
-15.445	-11.138
-15.465	-11.148
-15.725	-11.028
-15.865	-10.958
-15.915	-10.928
-16.045	-10.858
-16.065	-10.858
-15.925	-10.948
-15.755	-11.018
-15.685	-11.058
-15.525	-11.128
-15.525	-11.128
-15.605	-11.108
-15.785	-11.038
-15.915	-10.958
-15.865	-10.958
-15.715	-11.028
-15.585	-11.078
-15.505	-11.098
-15.395	-11.128
-15.525	-11.058
-15.765	-10.978
-15.805	-10.958
-15.685	-11.008
-15.605	-11.058
-15.485	-11.108
-15.305	-11.148
-15.365	-11.138
-15.445	-11.088
-15.625	-11.018
-15.625	-11.018
-15.465	-11.058
-15.445	-11.078
-15.415	-11.078
-15.315	-11.118
-15.345	-11.078
-15.425	-11.048
-15.455	-11.048
-15.565	-10.998
-15.685	-10.978
-15.835	-10.928
-15.905	-10.928
-15.905	-10.928
-15.765	-10.978
-15.645	-11.038
-15.575	-11.058
-15.425	-11.138
-15.385	-11.148
-15.335	-11.168
-15.315	-11.158
-15.295	-11.178
-15.295	-11.178
-15.425	-11.148
-15.485	-11.118
-15.475	-11.098
-15.375	-11.118
-15.275	-11.198
-15.265	-11.218
-15.365	-11.248
-15.485	-11.228
-15.665	-11.118
-15.685	-11.088
-15.715	-11.088
-15.815	-11.028
-15.835	-11.028
-15.795	-11.058
-15.765	-11.068
-15.605	-11.198
-15.525	-11.248
-15.505	-11.278
-15.455	-11.298
-15.425	-11.338
-15.635	-11.178
-15.745	-11.088
-15.825	-11.048
-15.805	-11.048
-15.675	-11.148
-15.625	-11.178
-15.525	-11.268
-15.455	-11.308
-15.375	-11.368
-15.335	-11.378
-15.375	-11.318
-15.635	-11.118
-15.685	-11.098
-15.615	-11.158
-15.495	-11.218
-15.445	-11.258
-15.485	-11.218
-15.635	-11.128
-15.615	-11.128
-15.495	-11.188
-15.445	-11.228
-15.425	-11.228
-15.405	-11.248
-15.505	-11.178
-15.585	-11.138
-15.375	-11.268
-15.415	-11.228
-15.545	-11.148
-15.485	-11.158
-15.345	-11.218
-15.415	-11.208
-15.535	-11.158
-15.495	-11.148
-15.385	-11.198
-15.345	-11.228
-15.345	-11.248
-15.375	-11.288
-15.385	-11.328
POLYLINE BLACK
-15.945	-10.888
-16.015	-10.888
-16.055	-10.858
-16.075	-10.868
POLYLINE BLACK
-15.935	-10.868
-15.895	-10.898
-15.865	-10.898
-15.805	-10.918
-15.785	-10.938
-15.745	-10.948
-15.615	-11.008
-15.575	-11.018
-15.465	-11.048
-15.425	-11.058
-15.385	-11.068
-15.335	-11.068
-15.275	-11.098
-15.235	-11.098
-15.165	-11.128
-15.315	-11.368
-15.365	-11.348
-15.515	-11.218
-15.545	-11.188
-15.645	-11.138
-15.665	-11.138
-15.705	-11.108
-15.755	-11.098
-15.835	-11.048
-15.845	-11.028
-15.875	-11.018
-15.915	-10.978
-15.985	-10.918
-16.025	-10.888
POLYLINE GREEN
-11.595	-10.088
-11.655	-10.148
-11.675	-10.208
-11.615	-10.258
-11.575	-10.278
POLYLINE GREEN
-11.775	-9.738
-11.795	-9.738
-11.845	-9.798
-11.855	-9.908
-11.835	-9.928
-11.815	-9.928
POLYLINE GREEN
-11.315	-9.658
-11.325	-9.688
-11.355	-9.698
-11.385	-9.788
-11.365	-9.838
-11.325	-9.838
-11.275	-9.848
-11.255	-9.838
POLYLINE GREEN
-11.465	-9.448
-11.525	-9.508
-11.585	-9.598
-11.575	-9.638
-11.505	-9.658
-11.485	-9.658
POLYLINE GREEN
-11.375	-9.938
-11.425	-10.028
-11.435	-10.108
-11.395	-10.148
-11.355	-10.138
-11.315	-10.148
POLYLINE GREEN
-11.565	-9.668
-11.615	-9.758
-11.625	-9.838
-11.595	-9.878
-11.545	-9.868
-11.465	-9.838
POLYLINE GREEN
-11.695	-9.408
-11.755	-9.488
-11.785	-9.578
-11.785	-9.608
-11.725	-9.638
-11.705	-9.638
POLYLINE BLACK
-14.115	-11.728
-14.095	-11.728
-14.025	-11.658
-13.975	-11.588
-13.965	-11.548
-13.905	-11.448
-13.875	-11.378
-13.855	-11.358
-13.845	-11.318
-13.755	-11.218
-13.735	-11.148
-13.675	-11.068
-13.625	-10.958
-13.465	-10.758
-13.425	-10.698
-13.385	-10.688
-13.375	-10.668
-13.355	-10.668
-13.275	-10.608
-13.235	-10.598
-13.195	-10.558
-13.175	-10.558
-13.155	-10.538
-13.135	-10.538
-13.125	-10.518
-13.045	-10.508
-12.895	-10.508
-12.855	-10.518
-12.795	-10.488
-12.775	-10.498
-12.695	-10.468
-12.655	-10.488
-12.615	-10.478
-12.575	-10.478
-12.515	-10.498
-12.485	-10.498
-12.405	-10.528
-12.345	-10.538
-12.325	-10.558
-12.235	-10.548
-12.145	-10.548
-12.125	-10.538
-11.945	-10.598
-11.905	-10.608
-11.785	-10.648
-11.745	-10.638
-11.725	-10.648
-11.615	-10.608
-11.575	-10.608
-11.485	-10.568
-11.445	-10.558
-11.395	-10.538
-11.365	-10.488
-11.335	-10.458
-11.315	-10.368
-11.365	-10.248
-11.475	-10.148
-11.505	-10.078
-11.545	-10.018
-11.545	-9.988
-11.645	-9.828
-11.655	-9.798
-11.725	-9.748
-11.775	-9.618
-11.785	-9.578
-11.795	-9.528
-11.845	-9.428
-11.905	-9.348
-11.965	-9.328
-11.975	-9.308
-12.045	-9.298
-12.065	-9.298
-12.085	-9.318
-12.145	-9.318
-12.195	-9.378
-12.215	-9.458
-12.205	-9.498
-12.205	-9.688
-12.215	-9.708
POLYLINE BLACK
-14.535	-12.018
-14.455	-11.968
-14.415	-11.978
-14.375	-11.968
-14.355	-11.948
-14.335	-11.948
-14.275	-11.888
-14.255	-11.888
-14.175	-11.818
-14.165	-11.788
-14.145	-11.778
-14.105	-11.708
POLYLINE BLACK
-14.610	-10.803
-14.580	-10.803
-14.520	-10.773
-14.445	-10.758
-14.385	-10.728
-14.325	-10.728
-14.115	-10.608
-14.010	-10.563
-13.995	-10.533
-13.935	-10.518
-13.710	-10.368
-13.545	-10.293
-13.485	-10.248
-13.455	-10.248
-13.305	-10.173
-13.260	-10.173
-13.200	-10.158
-13.140	-10.113
-13.110	-10.113
-13.050	-10.068
-13.020	-10.068
-12.885	-9.978
-12.630	-9.858
-12.600	-9.858
-12.570	-9.828
-12.540	-9.828
-12.480	-9.798
-12.450	-9.798
-12.330	-9.738
-12.300	-9.738
-12.240	-9.708
-12.225	-9.678
POLYLINE BLACK
-16.815	-9.588
-16.815	-9.618
-16.740	-9.618
-16.680	-9.663
-16.650	-9.663
-16.485	-9.738
-16.455	-9.738
-16.395	-9.768
-16.365	-9.768
-16.335	-9.798
-16.305	-9.798
-16.020	-9.978
-15.990	-9.978
-15.945	-10.038
-15.810	-10.128
-15.750	-10.218
-15.720	-10.233
-15.600	-10.398
-15.510	-10.458
-15.435	-10.563
-15.240	-10.683
-15.210	-10.683
-15.030	-10.773
-15.000	-10.773
-14.910	-10.818
-14.790	-10.818
-14.760	-10.833
-14.730	-10.818
-14.670	-10.833
-14.610	-10.803
-14.565	-10.803
-14.535	-10.788
POLYLINE BLACK
-14.555	-12.048
-14.555	-12.068
-14.625	-12.048
-14.665	-12.058
-14.735	-12.048
-14.775	-12.058
-14.835	-12.038
-14.875	-12.038
-14.925	-12.028
-15.005	-12.008
-15.055	-12.018
-15.135	-11.998
-15.215	-11.988
-15.285	-11.998
-15.355	-11.978
-15.395	-11.978
-15.435	-11.968
-15.475	-11.968
-15.515	-11.958
-15.575	-11.958
-15.605	-11.968
-15.675	-11.938
-15.715	-11.958
-15.735	-11.948
-15.775	-11.958
-15.815	-11.948
-15.875	-11.928
-15.895	-11.938
-15.955	-11.918
-16.125	-11.918
-16.145	-11.928
-16.235	-11.898
-16.275	-11.908
-16.355	-11.878
-16.415	-11.878
-16.435	-11.868
-16.475	-11.878
-16.535	-11.878
-16.555	-11.868
-16.575	-11.878
-16.615	-11.868
-16.705	-11.858
-16.785	-11.858
-16.805	-11.848
-16.805	-11.868
-16.855	-11.898
-16.895	-11.898
-16.915	-11.908
-16.935	-11.898
-16.965	-11.928
-17.025	-11.928
-17.065	-11.948
-17.085	-11.928
-17.165	-11.938
-17.205	-11.928
-17.285	-11.928
-17.345	-11.948
-17.385	-11.938
POLYLINE BLACK
-19.095	-8.448
-19.075	-8.508
-18.795	-8.748
-18.715	-8.808
-18.655	-8.808
-17.975	-9.128
-17.575	-9.428
-17.455	-9.488
-17.235	-9.528
-17.195	-9.568
-17.095	-9.568
-17.055	-9.588
-16.775	-9.588
-16.695	-9.608
POLYLINE BLACK
-23.015	-9.958
-23.105	-10.138
POLYLINE BLACK
-23.165	-9.898
-23.255	-10.018
POLYLINE BLACK
-23.105	-9.868
-22.985	-9.778
-23.075	-9.868
-23.255	-9.988
-23.315	-10.048
POLYLINE BLACK
-22.775	-9.538
-22.955	-9.808
-23.255	-10.138
POLYLINE BLACK
-22.865	-10.018
-22.685	-9.808
-22.595	-9.658
-22.475	-9.328
-22.295	-9.028
-22.265	-8.938
-22.265	-9.028
-22.475	-9.478
-22.595	-9.598
-22.685	-9.628
-22.865	-9.898
-23.015	-10.018
-23.075	-10.168
-23.135	-10.228
POLYLINE BLACK
-22.865	-9.748
-22.745	-9.568
-22.655	-9.448
-22.745	-9.598
-22.925	-10.018
-22.805	-9.868
-22.625	-9.538
-22.445	-9.268
-22.385	-9.208
-22.385	-9.148
-22.445	-9.148
-22.565	-9.298
-22.835	-9.898
-22.925	-10.048
POLYLINE BLACK
-23.345	-10.108
-23.075	-9.928
-22.745	-9.538
-22.685	-9.508
-22.775	-9.508
-23.015	-9.808
-23.135	-10.048
-23.165	-10.168
-23.195	-10.228
-22.805	-9.838
-22.655	-9.568
-22.895	-9.958
-23.045	-10.198
-23.105	-10.258
-23.015	-10.228
-22.835	-9.958
-22.775	-9.688
-22.895	-9.958
-22.955	-10.228
-22.985	-10.288
-22.955	-10.138
-22.655	-9.508
-23.075	-9.958
-23.135	-10.168
-23.105	-10.108
POLYLINE BLACK
-23.495	-10.108
-23.435	-10.108
-23.285	-9.958
-22.925	-9.598
-22.745	-9.478
-22.565	-9.268
-22.235	-8.908
-22.205	-8.848
-22.205	-8.908
-22.325	-9.088
-22.325	-9.178
-22.475	-9.478
-22.505	-9.598
-22.715	-9.928
-22.835	-10.138
-22.835	-10.258
-22.895	-10.318
-22.925	-10.438
-23.225	-10.198
-23.315	-10.108
-23.375	-10.078
POLYLINE BLACK
-19.895	-7.588
-19.895	-7.618
-19.700	-7.768
-19.640	-7.798
-19.625	-7.828
-19.520	-7.678
-19.520	-7.633
-19.475	-7.498
-19.475	-7.468
-19.415	-7.348
-19.400	-7.273
-19.340	-7.123
-19.310	-7.063
-19.310	-7.033
-19.280	-6.988
-19.280	-6.958
-19.220	-6.868
-19.415	-7.078
-19.505	-7.213
-19.745	-7.483
-19.850	-7.633
POLYLINE BLACK
-18.710	-7.153
-18.785	-7.303
-18.800	-7.378
-18.845	-7.528
-18.845	-7.573
-18.860	-7.633
-18.860	-7.663
-18.935	-7.783
-18.965	-7.813
-18.995	-7.918
-19.040	-7.978
-19.070	-7.993
-19.070	-8.023
-19.115	-8.083
-19.115	-8.143
-19.130	-8.203
-19.100	-8.338
-19.010	-8.458
-18.995	-8.488
-18.950	-8.518
POLYLINE BLACK
-18.325	-6.178
-18.175	-6.238
-18.155	-6.238
-18.095	-6.288
-18.055	-6.288
-18.015	-6.318
-17.975	-6.318
-17.875	-6.378
-17.835	-6.408
-17.815	-6.408
-17.795	-6.428
-17.755	-6.438
-17.735	-6.458
-17.625	-6.478
-17.585	-6.508
-17.545	-6.518
-17.505	-6.548
-17.465	-6.558
-17.415	-6.588
-17.345	-6.608
-17.265	-6.658
-17.225	-6.668
-17.135	-6.688
-17.095	-6.678
-17.045	-6.698
-17.005	-6.688
-16.985	-6.688
-16.965	-6.708
-16.885	-6.728
-16.815	-6.768
-16.795	-6.768
-16.775	-6.788
-16.755	-6.788
-16.735	-6.808
-16.695	-6.818
-16.655	-6.848
-16.595	-6.858
-16.545	-6.868
-16.505	-6.888
-16.455	-6.888
-16.395	-6.918
-16.335	-6.918
-16.295	-6.928
-16.175	-6.948
-16.045	-6.968
-15.985	-6.968
-15.885	-6.988
-15.835	-6.988
-15.795	-6.998
-15.705	-7.018
-15.665	-7.028
-15.605	-7.028
-15.495	-7.048
-15.305	-7.048
-15.265	-7.058
-15.225	-7.058
-15.185	-7.068
-15.145	-7.078
-15.125	-7.088
-15.105	-7.078
-15.065	-7.088
-14.955	-7.088
-14.935	-7.108
-14.915	-7.108
POLYLINE BLACK
-19.205	-5.208
-19.185	-5.318
-19.185	-5.418
-19.265	-5.628
-19.295	-5.698
-19.315	-5.718
POLYLINE BLACK
-19.235	-5.008
-19.225	-5.028
POLYLINE BLACK
-19.405	-4.668
-19.405	-4.688
-19.355	-4.758
POLYLINE BLACK
-19.555	-4.458
-19.525	-4.498
POLYLINE BLACK
-19.795	-4.218
-19.715	-4.308
POLYLINE BLACK
-18.375	-6.168
-18.315	-6.158
-18.295	-6.178
-18.275	-6.168
-18.235	-6.178
-18.215	-6.168
-18.205	-6.188
-18.185	-6.188
-18.125	-6.238
POLYLINE BLACK
-18.765	-7.168
-18.675	-7.078
-18.645	-7.038
-18.635	-6.948
-18.625	-6.908
-18.625	-6.848
-18.605	-6.768
-18.595	-6.688
-18.555	-6.628
-18.545	-6.588
-18.515	-6.498
-18.485	-6.448
-18.435	-6.398
-18.405	-6.308
-18.395	-6.328
-18.395	-6.208
-18.385	-6.188
POLYLINE BLACK
-19.275	-5.688
-19.285	-5.718
-19.345	-5.778
-19.385	-5.848
-19.475	-5.938
-19.515	-5.998
-19.605	-6.118
-19.755	-6.268
-19.815	-6.348
-19.855	-6.418
-19.925	-6.498
-19.935	-6.518
POLYLINE BLACK
-14.985	-7.098
-14.825	-7.098
-14.465	-6.998
-14.345	-6.958
-14.285	-6.958
-14.125	-6.898
-14.045	-6.898
-13.905	-6.918
-13.805	-6.898
-13.725	-6.818
-13.645	-6.798
-13.565	-6.778
-13.485	-6.758
POLYLINE BLACK
-15.925	-3.898
-15.785	-3.978
-15.705	-3.978
-15.585	-4.038
-15.505	-4.058
-15.185	-4.178
-15.125	-4.178
-14.705	-4.318
-14.665	-4.298
-14.385	-4.398
-14.245	-4.418
-14.205	-4.398
-14.085	-4.438
-13.925	-4.438
-13.665	-4.498
-13.625	-4.518
POLYLINE BLACK
-19.125	-3.038
-19.005	-3.118
-18.825	-3.198
-18.725	-3.258
-18.605	-3.318
-18.565	-3.318
-18.385	-3.378
-18.225	-3.398
-18.185	-3.438
-18.125	-3.438
-17.985	-3.498
-17.845	-3.498
-17.665	-3.518
-17.625	-3.538
-17.585	-3.518
-17.545	-3.558
-17.365	-3.578
-17.285	-3.578
-17.205	-3.598
-16.985	-3.618
-16.845	-3.618
-16.745	-3.638
-16.565	-3.658
-16.445	-3.658
-16.205	-3.718
-16.005	-3.838
-15.925	-3.858
-15.885	-3.898
-15.805	-3.918
-15.785	-3.978
-15.745	-3.958
-15.665	-3.998

ELEVATION
STATIONS
154.501	-21.912	11.18
118.393	-15.287	12.0
121.500	-16.304	12.1
122.561	-16.000	12.2
124.474	-12.842	12.3
126.989	-9.383	12.4
122.023	-7.958	12.5
119.133	-5.753	12.6
118.408	-6.081	12.7
115.642	-7.069	12.8
125.114	-6.967	12.9
123.664	-6.901	12.10
121.050	-6.908	12.11
118.332	-6.068	12.12
116.900	-4.555	12.13
116.114	-4.285	12.14
122.117	-8.942	12.15
125.091	-10.162	12.16
127.196	-11.541	12.17
128.870	-11.775	12.18
129.663	-11.696	12.19
131.908	-9.852	12.20
130.699	-16.845	12.21
132.143	-18.115	12.22
134.811	-19.217	12.23
138.226	-20.259	12.24
141.758	-20.522	12.25
145.350	-21.352	12.26
146.230	-20.318	12.27
147.681	-21.368	12.28
153.603	-22.037	12.29
154.501	-21.912	12.30
147.777	-24.619	12.28
138.187	-22.074	12.24
134.787	-21.154	12.23
132.147	-20.440	12.22
129.597	-9.640	12.19
126.842	-2.665	12.17
118.062	-2.969	12.12
123.369	-3.181	12.10
119.059	-0.881	12.6
121.318	-14.147	12.1
SHOTS
154.501	-21.912	154.501	-21.912
153.603	-22.037	154.501	-21.912
147.681	-21.368	153.603	-22.037
153.603	-22.037	154.110	-22.047
153.603	-22.037	153.382	-21.941
153.603	-22.037	153.620	-21.342
153.603	-22.037	153.574	-23.511
146.230	-20.318	147.681	-21.368
147.681	-21.368	147.480	-21.250
147.681	-21.368	147.012	-21.430
147.681	-21.368	147.965	-21.264
147.681	-21.368	147.668	-20.378
147.681	-21.368	147.673	-21.712
145.350	-21.352	146.230	-20.318
146.230	-20.318	143.735	-21.471
146.230	-20.318	146.068	-21.786
141.758	-20.522	145.350	-21.352
145.350	-21.352	144.864	-21.073
145.350	-21.352	145.594	-21.233
145.350	-21.352	146.338	-21.136
145.350	-21.352	146.532	-21.189
145.350	-21.352	145.351	-20.407
145.350	-21.352	145.371	-21.562
138.226	-20.259	141.758	-20.522
141.758	-20.522	141.833	-20.548
141.758	-20.522	141.790	-20.500
141.758	-20.522	141.777	-20.479
141.758	-20.522	141.782	-20.361
141.758	-20.522	141.788	-20.342
141.758	-20.522	141.699	-21.316
134.811	-19.217	138.226	-20.259
138.226	-20.259	138.211	-20.190
138.226	-20.259	138.190	-20.232
138.226	-20.259	138.299	-19.381
138.226	-20.259	138.236	-20.526
132.143	-18.115	134.811	-19.217
134.811	-19.217	134.790	-19.132
134.811	-19.217	134.553	-19.222
134.811	-19.217	134.793	-18.546
134.811	-19.217	134.831	-19.583
130.699	-16.845	132.143	-18.115
132.143	-18.115	131.745	-17.909
132.143	-18.115	132.557	-18.072
132.143	-18.115	132.286	-17.588
132.143	-18.115	132.176	-18.445
124.474	-12.842	130.699	-16.845
130.699	-16.845	130.951	-16.788
130.699	-16.845	130.596	-17.142
130.699	-16.845	129.948	-16.356
130.699	-16.845	129.182	-9.149
130.699	-16.845	131.564	-16.990
129.663	-11.696	131.908	-9.852
131.908	-9.852	129.374	-11.839
131.908	-9.852	131.144	-10.365
131.908	-9.852	131.607	-9.561
131.908	-9.852	131.789	-9.845
131.908	-9.852	131.936	-8.811
131.908	-9.852	131.908	-10.016
131.908	-9.852	131.479	-9.931
128.870	-11.775	129.663	-11.696
129.663	-11.696	129.700	-11.815
129.663	-11.696	129.899	-11.159
129.663	-11.696	129.528	-11.353
127.196	-11.541	128.870	-11.775
128.870	-11.775	129.191	-11.721
128.870	-11.775	129.058	-11.769
128.870	-11.775	128.892	-11.531
128.870	-11.775	128.808	-12.290
125.091	-10.162	127.196	-11.541
127.196	-11.541	127.138	-11.574
127.196	-11.541	127.193	-11.246
127.196	-11.541	127.161	-11.976
127.196	-11.541	126.458	-8.251
122.117	-8.942	125.091	-10.162
125.091	-10.162	125.288	-10.108
125.091	-10.162	125.063	-10.163
125.091	-10.162	125.166	-9.780
125.091	-10.162	125.079	-11.232
121.050	-6.908	122.117	-8.942
122.117	-8.942	122.138	-8.917
122.117	-8.942	122.215	-8.647
122.117	-8.942	122.360	-8.709
122.117	-8.942	122.268	-8.482
122.117	-8.942	122.122	-9.195
116.900	-4.555	116.114	-4.285
116.114	-4.285	116.471	-4.227
116.114	-4.285	116.215	-3.466
116.114	-4.285	115.233	-2.175
116.114	-4.285	116.116	-4.534
116.114	-4.285	114.955	-4.235
116.114	-4.285	115.766	-4.242
116.114	-4.285	115.694	-4.108
118.332	-6.068	116.900	-4.555
116.900	-4.555	116.853	-4.912
116.900	-4.555	116.862	-4.414
116.900	-4.555	116.853	-3.795
116.900	-4.555	116.959	-4.412
121.050	-6.908	118.332	-6.068
118.332	-6.068	118.331	-6.069
118.332	-6.068	118.351	-6.293
118.332	-6.068	118.594	-5.680
118.332	-6.068	118.317	-6.429
123.664	-6.901	121.050	-6.908
121.050	-6.908	121.147	-5.913
121.050	-6.908	120.916	-8.571
121.050	-6.908	121.686	-7.156
121.050	-6.908	118.753	-6.479
121.050	-6.908	121.858	-7.103
121.050	-6.908	121.767	-7.098
125.114	-6.967	123.664	-6.901
123.664	-6.901	123.735	-6.908
123.664	-6.901	123.647	-6.635
123.664	-6.901	123.646	-6.894
123.664	-6.901	123.761	-7.452
126.989	-9.383	125.114	-6.967
125.114	-6.967	125.895	-6.859
125.114	-6.967	125.131	-6.731
125.114	-6.967	125.300	-6.669
125.114	-6.967	125.164	-4.054
125.114	-6.967	125.131	-7.646
118.408	-6.081	115.642	-7.069
115.642	-7.069	115.626	-7.062
115.642	-7.069	115.615	-7.073
115.642	-7.069	115.632	-7.249
115.642	-7.069	115.691	-6.594
115.642	-7.069	115.200	-6.525
115.642	-7.069	115.304	-6.794
119.133	-5.753	118.408	-6.081
118.408	-6.081	118.299	-6.073
118.408	-6.081	119.121	-5.829
118.408	-6.081	118.960	-4.747
118.408	-6.081	118.557	-6.345
122.023	-7.958	119.133	-5.753
119.133	-5.753	119.210	-5.745
119.133	-5.753	118.545	-5.762
119.133	-5.753	119.183	-4.695
119.133	-5.753	119.090	-6.198
126.989	-9.383	122.023	-7.958
122.023	-7.958	121.612	-7.830
122.023	-7.958	122.140	-7.965
122.023	-7.958	121.381	-5.530
122.023	-7.958	121.991	-8.758
124.474	-12.842	126.989	-9.383
126.989	-9.383	126.721	-9.371
126.989	-9.383	127.093	-6.622
126.989	-9.383	127.046	-9.330
126.989	-9.383	125.263	-14.260
126.989	-9.383	125.710	-4.431
126.989	-9.383	129.105	-10.592
126.989	-9.383	129.977	-10.503
122.561	-16.000	124.474	-12.842
124.474	-12.842	124.216	-12.924
124.474	-12.842	124.807	-12.784
124.474	-12.842	124.406	-12.060
124.474	-12.842	124.578	-14.329
124.474	-12.842	123.745	-13.455
124.474	-12.842	128.310	-5.272
121.500	-16.304	122.561	-16.000
122.561	-16.000	122.481	-15.905
122.561	-16.000	122.708	-15.058
122.561	-16.000	122.297	-15.586
118.393	-15.287	121.500	-16.304
121.500	-16.304	121.191	-16.205
121.500	-16.304	121.567	-16.264
121.500	-16.304	121.490	-16.089
118.393	-15.287	118.393	-15.287
147.777	-24.619	148.069	-24.501	
147.777	-24.619	148.630	-24.681	
147.777	-24.619	147.294	-24.515	
147.777	-24.619	147.711	-23.629	
147.777	-24.619	147.740	-24.963	
138.187	-22.074	137.922	-22.005	
138.187	-22.074	138.574	-22.047	
138.187	-22.074	138.242	-21.196	
138.187	-22.074	138.193	-22.341	
134.787	-21.154	135.452	-21.069	
134.787	-21.154	133.936	-21.159	
134.787	-21.154	134.724	-20.483	
134.787	-21.154	134.840	-21.520	
132.147	-20.440	131.401	-20.234	
132.147	-20.440	132.569	-20.397	
132.147	-20.440	132.050	-19.913	
132.147	-20.440	132.115	-20.770	
129.597	-9.640	130.247	-9.759	
129.597	-9.640	128.987	-9.103	
129.597	-9.640	129.651	-9.297	
126.842	-2.665	127.309	-2.698	
126.842	-2.665	126.877	-2.370	
126.842	-2.665	126.859	-3.100	
126.842	-2.665	124.645	0.625	
118.062	-2.969	117.537	-2.970	
118.062	-2.969	118.371	-3.194	
118.062	-2.969	117.760	-2.581	
118.062	-2.969	118.005	-3.330	
123.369	-3.181	123.093	-3.188	
123.369	-3.181	123.369	-2.915	
123.369	-3.181	123.684	-3.174	
123.369	-3.181	123.299	-3.732	
119.059	-0.881	119.321	-0.873	
119.059	-0.881	118.599	-0.890	
119.059	-0.881	119.059	0.177	
119.059	-0.881	119.003	-1.326	
121.318	-14.147	120.776	-14.048	
121.318	-14.147	121.672	-14.107	
121.318	-14.147	121.302	-13.932	
POLYLINE BLACK
147.522	-24.928
147.522	-24.816
147.515	-24.802
147.515	-24.767
147.508	-24.739
147.508	-24.711
147.501	-24.683
147.501	-24.669
147.592	-24.669
147.620	-24.655
147.683	-24.655
147.746	-24.648
147.788	-24.648
147.816	-24.634
147.851	-24.641
147.879	-24.634
147.921	-24.634
147.935	-24.627
147.977	-24.718
148.012	-24.851
148.012	-24.865
148.040	-24.928
148.040	-24.942
POLYLINE BLACK
147.613	-24.907
147.599	-24.914
147.578	-24.907
147.529	-24.914
147.501	-24.907
147.466	-24.900
147.452	-24.879
147.396	-24.851
147.368	-24.830
147.284	-24.725
147.277	-24.697
147.277	-24.634
147.284	-24.606
147.284	-24.592
147.298	-24.578
147.298	-24.550
147.305	-24.536
147.277	-24.445
147.277	-24.431
147.263	-24.396
147.263	-24.298
147.277	-24.270
147.284	-24.235
147.319	-24.193
147.319	-24.116
147.312	-24.081
147.312	-24.039
147.333	-23.976
147.347	-23.948
POLYLINE BLACK
148.565	-24.732
148.425	-24.795
148.411	-24.809
148.397	-24.809
148.327	-24.837
148.299	-24.851
148.278	-24.851
148.236	-24.879
148.187	-24.879
148.173	-24.872
148.145	-24.879
148.103	-24.921
148.089	-24.921
148.061	-24.935
148.012	-24.942
147.935	-24.942
147.907	-24.956
147.893	-24.956
147.879	-24.949
147.823	-24.963
147.809	-24.963
147.781	-24.956
147.767	-24.963
147.739	-24.956
147.718	-24.942
147.690	-24.942
147.662	-24.949
147.620	-24.928
147.606	-24.914
147.592	-24.921
POLYLINE BLACK
147.991	-23.997
147.998	-24.025
147.998	-24.060
148.005	-24.074
148.005	-24.116
148.012	-24.130
148.012	-24.158
148.019	-24.172
148.019	-24.193
148.026	-24.221
148.026	-24.235
148.040	-24.284
148.040	-24.298
148.054	-24.347
148.054	-24.361
148.082	-24.438
148.082	-24.452
148.103	-24.480
148.131	-24.494
148.145	-24.494
148.159	-24.501
148.229	-24.501
148.285	-24.480
148.306	-24.480
148.334	-24.473
148.369	-24.473
148.397	-24.480
148.411	-24.480
148.453	-24.501
148.481	-24.494
148.509	-24.508
148.523	-24.508
148.551	-24.522
148.565	-24.515
148.593	-24.529
148.614	-24.529
148.656	-24.557
148.670	-24.564
148.670	-24.578
148.684	-24.592
148.684	-24.606
148.670	-24.634
148.670	-24.648
148.663	-24.662
148.558	-24.739
148.544	-24.739
POLYLINE BLACK
147.326	-23.990
147.354	-23.899
147.382	-23.836
147.403	-23.808
147.424	-23.759
147.480	-23.710
147.487	-23.696
147.550	-23.668
147.564	-23.668
147.606	-23.633
147.634	-23.633
147.662	-23.626
147.676	-23.626
147.711	-23.612
147.725	-23.612
147.739	-23.598
147.767	-23.605
147.781	-23.605
147.795	-23.598
147.802	-23.612
147.837	-23.633
147.865	-23.675
147.893	-23.703
147.893	-23.717
147.928	-23.766
147.928	-23.780
147.970	-23.850
147.977	-23.885
147.977	-23.899
147.991	-23.927
147.991	-23.941
148.005	-23.983
148.005	-24.004
148.019	-24.046
148.019	-24.032
POLYLINE CONNECT
147.777	-24.619
147.681	-21.368
POLYLINE BLACK
148.632	-21.874
148.647	-21.904
148.647	-21.679
148.677	-21.679
148.707	-21.694
148.857	-21.694
148.992	-21.724
149.067	-21.724
149.187	-21.754
149.277	-21.979
149.277	-22.009
149.292	-22.039
POLYLINE BLACK
151.017	-22.714
151.002	-22.654
151.002	-22.594
151.017	-22.534
151.047	-22.504
151.047	-22.474
151.062	-22.444
151.077	-22.474
151.182	-22.489
151.407	-22.549
151.467	-22.534
151.467	-22.564
151.482	-22.594
151.482	-22.639
151.497	-22.699
151.497	-22.729
151.512	-22.789
151.512	-22.819
POLYLINE BLACK
149.757	-22.234
149.772	-22.084
149.802	-21.994
149.802	-21.919
149.877	-21.934
150.162	-22.039
150.192	-22.039
150.252	-22.069
150.312	-22.054
150.342	-22.054
150.372	-22.069
150.342	-22.219
150.342	-22.339
150.327	-22.369
150.327	-22.414
POLYLINE BLUE
153.687	-23.389
153.612	-23.509
153.552	-23.569
POLYLINE BLUE
153.852	-23.434
153.777	-23.569
POLYLINE BLUE
153.702	-23.449
POLYLINE BLUE
153.552	-23.359
153.477	-23.464
153.447	-23.494
POLYLINE BLUE
153.357	-23.374
153.372	-23.404
153.342	-23.404
153.222	-23.479
POLYLINE BLUE
153.207	-23.389
153.177	-23.464
POLYLINE BLUE
152.592	-23.314
152.712	-23.344
152.967	-23.329
153.237	-23.329
153.372	-23.314
153.402	-23.299
153.552	-23.359
153.612	-23.344
153.717	-23.344
153.777	-23.359
153.807	-23.359
153.837	-23.374
153.867	-23.359
153.942	-23.359
POLYLINE BLACK
147.777	-21.664
147.807	-21.664
147.837	-21.679
147.897	-21.664
147.927	-21.664
148.032	-21.694
148.092	-21.694
148.122	-21.709
148.167	-21.709
148.272	-21.754
148.302	-21.739
148.362	-21.754
148.392	-21.754
148.467	-21.784
148.497	-21.769
148.647	-21.859
148.692	-21.859
148.722	-21.889
148.752	-21.889
148.782	-21.874
148.842	-21.919
148.917	-21.934
148.977	-21.949
149.007	-21.949
149.067	-21.979
149.097	-21.979
149.262	-22.039
149.292	-22.039
149.322	-22.069
149.427	-22.099
149.457	-22.099
149.562	-22.144
149.622	-22.144
149.682	-22.174
149.712	-22.174
149.772	-22.159
150.027	-22.264
150.267	-22.324
150.342	-22.339
150.567	-22.399
150.612	-22.399
150.642	-22.429
150.672	-22.429
150.702	-22.444
150.882	-22.654
151.032	-22.669
151.092	-22.699
151.152	-22.699
151.212	-22.729
151.257	-22.729
151.422	-22.804
151.557	-22.834
151.617	-22.864
151.647	-22.864
151.722	-22.894
151.752	-22.924
151.782	-22.924
151.872	-22.984
151.902	-22.984
152.067	-23.074
152.097	-23.074
152.127	-23.104
152.187	-23.104
152.412	-23.224
152.457	-23.224
152.487	-23.254
152.517	-23.254
152.682	-23.344
152.712	-23.344
152.742	-23.374
152.772	-23.359
152.832	-23.404
152.862	-23.404
152.922	-23.449
152.952	-23.434
153.072	-23.464
153.102	-23.464
153.132	-23.494
153.177	-23.494
153.207	-23.479
153.267	-23.509
153.297	-23.509
153.357	-23.524
153.417	-23.524
153.447	-23.494
153.507	-23.509
153.537	-23.509
153.597	-23.524
153.642	-23.509
153.672	-23.524
POLYLINE BLACK
147.822	-20.464
147.867	-20.464
147.897	-20.479
147.987	-20.479
148.062	-20.494
148.122	-20.494
148.152	-20.524
148.227	-20.524
148.407	-20.554
148.467	-20.554
148.527	-20.569
148.662	-20.569
148.692	-20.584
148.752	-20.554
148.782	-20.554
148.812	-20.569
148.917	-20.569
149.022	-20.599
149.067	-20.599
149.127	-20.584
149.157	-20.584
149.187	-20.599
149.337	-20.599
149.412	-20.614
149.592	-20.614
149.727	-20.644
149.772	-20.644
149.832	-20.659
149.907	-20.659
150.132	-20.719
150.177	-20.719
150.207	-20.734
150.237	-20.719
150.267	-20.734
150.342	-20.734
150.447	-20.764
150.492	-20.764
150.612	-20.794
150.642	-20.794
150.702	-20.824
150.807	-20.824
150.942	-20.869
151.107	-20.869
151.287	-20.929
151.362	-20.929
151.422	-20.959
151.572	-20.989
151.692	-21.019
151.722	-21.019
151.752	-21.049
151.827	-21.049
151.857	-21.079
152.037	-21.109
152.097	-21.154
152.157	-21.154
152.262	-21.199
152.292	-21.199
152.352	-21.214
152.397	-21.244
152.427	-21.229
152.502	-21.244
152.532	-21.274
152.607	-21.289
152.697	-21.289
152.802	-21.319
152.832	-21.319
152.862	-21.334
152.907	-21.334
152.982	-21.349
153.042	-21.349
153.102	-21.364
153.177	-21.364
153.297	-21.379
153.432	-21.379
153.492	-21.394
153.657	-21.394
153.687	-21.409
POLYLINE BLACK
146.227	-20.314
146.257	-20.324
146.487	-20.314
146.557	-20.304
146.647	-20.304
146.687	-20.324
146.717	-20.314
146.817	-20.334
146.947	-20.334
147.037	-20.354
147.207	-20.354
147.307	-20.374
147.347	-20.374
147.437	-20.394
147.457	-20.384
147.527	-20.384
147.627	-20.404
147.647	-20.394
147.727	-20.414
147.787	-20.414
147.807	-20.424
POLYLINE BLACK
146.747	-22.614
146.897	-22.714
147.027	-22.774
POLYLINE BLACK
146.467	-22.354
146.527	-22.434
146.547	-22.454
POLYLINE BLACK
147.437	-22.364
147.507	-22.464
147.557	-22.504
POLYLINE BLACK
147.247	-22.074
147.357	-22.224
POLYLINE BLACK
147.287	-22.174
147.337	-22.194
POLYLINE BLACK
147.097	-21.854
147.157	-21.944
POLYLINE BLACK
146.947	-21.644
147.007	-21.734
POLYLINE BLACK
146.567	-22.424
146.607	-22.474
POLYLINE BLACK
146.297	-22.094
146.347	-22.164
POLYLINE BLACK
146.037	-21.744
146.137	-21.844
POLYLINE BLACK
145.887	-21.564
145.957	-21.624
POLYLINE BLACK
146.817	-19.884
146.807	-19.914
146.707	-20.014
POLYLINE BLACK
147.087	-19.474
147.007	-19.554
146.967	-19.594
146.957	-19.624
POLYLINE BLACK
147.297	-19.144
147.217	-19.224
POLYLINE BLACK
147.457	-18.814
147.397	-18.904
147.377	-18.924
POLYLINE BLACK
146.587	-18.644
146.707	-18.524
146.747	-18.464
POLYLINE BLACK
146.237	-18.994
146.317	-18.874
POLYLINE BLACK
145.927	-19.284
145.997	-19.234
146.077	-19.144
146.087	-19.124
POLYLINE BLACK
146.417	-19.904
146.467	-19.954
146.497	-20.004
146.537	-20.044
146.547	-20.064
POLYLINE BLACK
146.137	-19.554
146.197	-19.634
146.287	-19.724
POLYLINE BLACK
145.757	-19.264
145.857	-19.354
145.927	-19.404
POLYLINE BLACK
145.277	-18.974
145.327	-19.004
145.407	-19.074
145.477	-19.134
POLYLINE BLACK
144.807	-18.674
144.877	-18.714
144.997	-18.774
145.047	-18.794
POLYLINE BLACK
144.287	-18.554
144.337	-18.584
144.357	-18.584
144.597	-18.684
POLYLINE BLACK
145.327	-20.024
145.357	-20.064
POLYLINE BLACK
144.937	-19.854
144.987	-19.874
145.007	-19.894
145.087	-19.934
145.137	-19.944
145.167	-19.964
145.187	-19.964
POLYLINE BLACK
144.637	-19.664
144.707	-19.714
144.807	-19.744
POLYLINE BLACK
144.267	-19.514
144.307	-19.554
144.407	-19.604
144.427	-19.624
144.467	-19.634
144.517	-19.654
POLYLINE BLACK
144.997	-19.894
145.037	-19.904
145.057	-19.914
POLYLINE BLACK
145.407	-20.104
145.377	-20.074
POLYLINE BLACK
145.667	-20.294
145.577	-20.244
POLYLINE BLACK
145.477	-21.534
145.497	-21.554
145.547	-21.544
145.627	-21.544
145.717	-21.524
145.767	-21.524
145.837	-21.504
145.937	-21.514
145.957	-21.504
146.027	-21.504
146.157	-21.484
146.247	-21.484
146.267	-21.494
146.347	-21.494
146.427	-21.504
146.537	-21.514
146.647	-21.544
146.727	-21.544
146.837	-21.564
146.907	-21.574
146.957	-21.594
146.977	-21.584
147.017	-21.604
147.097	-21.614
147.147	-21.624
147.267	-21.624
147.317	-21.634
147.357	-21.634
147.407	-21.644
147.427	-21.634
147.467	-21.644
147.507	-21.644
147.537	-21.654
147.557	-21.644
147.667	-21.674
147.767	-21.674
147.807	-21.694
POLYLINE BLACK
145.317	-20.414
145.357	-20.394
145.497	-20.404
POLYLINE BLACK
145.497	-20.364
145.547	-20.374
145.657	-20.344
145.757	-20.344
145.917	-20.324
145.957	-20.334
145.997	-20.314
146.037	-20.334
146.057	-20.324
146.077	-20.334
146.147	-20.324
146.227	-20.324
146.247	-20.314
POLYLINE BLACK
141.827	-21.314
141.897	-21.314
141.987	-21.334
142.257	-21.334
142.337	-21.314
142.427	-21.324
142.497	-21.304
142.527	-21.314
142.547	-21.304
142.587	-21.314
142.657	-21.304
142.757	-21.314
142.787	-21.304
142.887	-21.314
142.987	-21.324
143.007	-21.314
143.067	-21.324
143.117	-21.324
143.157	-21.334
143.257	-21.334
143.307	-21.344
143.347	-21.344
143.407	-21.364
143.457	-21.364
143.557	-21.394
143.597	-21.404
143.657	-21.424
143.697	-21.434
143.787	-21.464
143.877	-21.464
143.937	-21.494
144.087	-21.504
144.147	-21.524
144.197	-21.524
144.217	-21.514
144.287	-21.534
144.327	-21.524
144.357	-21.534
144.437	-21.534
144.537	-21.524
144.667	-21.534
144.807	-21.544
144.857	-21.534
144.977	-21.534
145.017	-21.514
145.087	-21.524
145.107	-21.514
145.147	-21.524
145.207	-21.514
145.247	-21.524
145.267	-21.514
145.317	-21.524
145.357	-21.504
145.397	-21.514
145.437	-21.504
POLYLINE BLACK
141.847	-20.344
141.997	-20.374
142.037	-20.374
142.077	-20.384
142.257	-20.404
142.367	-20.404
142.397	-20.414
142.417	-20.404
142.457	-20.414
142.577	-20.414
142.667	-20.404
142.757	-20.404
142.807	-20.394
142.847	-20.404
142.877	-20.394
142.917	-20.404
142.977	-20.404
143.057	-20.424
143.237	-20.434
143.327	-20.434
143.417	-20.444
143.547	-20.444
143.597	-20.454
143.647	-20.454
143.667	-20.464
143.687	-20.454
143.707	-20.464
143.787	-20.464
143.837	-20.474
144.067	-20.474
144.187	-20.464
144.407	-20.474
144.487	-20.484
144.577	-20.464
144.667	-20.474
144.757	-20.484
144.807	-20.474
144.827	-20.464
144.877	-20.474
144.947	-20.474
144.997	-20.464
145.037	-20.464
145.117	-20.444
145.147	-20.454
145.227	-20.424
145.247	-20.434
145.287	-20.414
145.357	-20.414
145.377	-20.424
POLYLINE BLACK
141.137	-21.294
141.177	-21.094
141.207	-20.994
141.167	-20.984
141.057	-20.944
141.017	-20.954
140.907	-20.954
140.897	-21.044
140.897	-21.094
140.907	-21.114
140.907	-21.224
140.897	-21.264
140.897	-21.284
POLYLINE BLACK
141.567	-20.914
141.537	-20.934
141.517	-20.924
141.477	-20.934
141.417	-20.934
141.367	-20.964
141.347	-20.944
141.247	-20.974
141.227	-20.974
141.217	-20.994
141.227	-21.034
141.227	-21.274
141.237	-21.314
141.237	-21.334
POLYLINE BLACK
141.587	-20.934
141.587	-21.024
141.597	-21.074
141.597	-21.134
141.607	-21.174
141.607	-21.294
141.617	-21.314
POLYLINE BLACK
138.327	-20.584
138.347	-20.604
138.377	-20.604
138.427	-20.624
138.547	-20.644
138.637	-20.674
138.727	-20.704
138.777	-20.694
138.877	-20.734
138.957	-20.734
139.007	-20.744
139.097	-20.744
139.167	-20.764
139.207	-20.764
139.227	-20.754
139.317	-20.784
139.347	-20.784
139.457	-20.834
139.517	-20.874
139.587	-20.904
139.637	-20.904
139.727	-20.934
139.877	-20.974
139.927	-20.954
139.987	-20.974
140.027	-20.984
140.117	-21.014
140.197	-21.044
140.227	-21.044
140.337	-21.074
140.427	-21.074
140.487	-21.104
140.527	-21.094
140.587	-21.134
140.627	-21.134
140.697	-21.184
140.737	-21.184
140.837	-21.254
140.867	-21.254
140.927	-21.274
140.947	-21.294
140.977	-21.294
141.017	-21.304
141.057	-21.304
141.077	-21.324
141.137	-21.324
141.207	-21.344
141.307	-21.334
141.327	-21.324
141.367	-21.334
141.417	-21.334
141.457	-21.324
141.587	-21.324
141.607	-21.314
141.627	-21.324
141.667	-21.314
141.767	-21.314
141.817	-21.304
141.837	-21.304
POLYLINE BLACK
138.317	-19.414
138.357	-19.444
138.627	-19.524
138.647	-19.544
138.687	-19.554
138.767	-19.584
138.807	-19.614
138.887	-19.634
138.987	-19.654
139.067	-19.664
139.207	-19.684
139.247	-19.684
139.477	-19.734
139.497	-19.734
139.517	-19.754
139.547	-19.754
139.667	-19.814
139.717	-19.844
139.767	-19.854
139.857	-19.904
140.007	-19.964
140.027	-19.984
140.117	-19.994
140.167	-20.004
140.207	-20.004
140.257	-20.014
140.337	-20.024
140.387	-20.024
140.407	-20.014
140.437	-20.024
140.487	-20.014
140.577	-20.044
140.607	-20.044
140.787	-20.114
140.807	-20.134
140.847	-20.134
140.947	-20.154
140.967	-20.174
140.997	-20.174
141.077	-20.194
141.277	-20.234
141.297	-20.234
141.317	-20.254
141.357	-20.254
141.397	-20.274
141.427	-20.274
141.517	-20.304
141.537	-20.294
141.637	-20.324
141.657	-20.314
141.767	-20.334
141.827	-20.334
141.847	-20.344
POLYLINE BLACK
138.547	-21.464
138.547	-21.714
138.557	-21.754
138.567	-21.794
138.617	-21.914
138.737	-22.034
138.707	-22.074
138.687	-22.064
138.587	-22.114
138.547	-22.114
138.437	-22.224
138.327	-22.274
138.287	-22.284
138.247	-22.304
138.187	-22.284
138.147	-22.304
138.067	-22.284
138.047	-22.294
137.947	-22.174
137.927	-22.094
137.927	-22.074
137.837	-21.984
137.827	-21.944
137.827	-21.904
137.867	-21.844
137.937	-21.734
137.947	-21.664
137.947	-21.564
137.937	-21.524
137.947	-21.474
POLYLINE BLACK
137.927	-21.544
137.957	-21.504
137.977	-21.414
138.017	-21.304
138.087	-21.214
138.187	-21.144
138.237	-21.144
138.277	-21.154
138.317	-21.144
138.397	-21.194
138.497	-21.314
138.537	-21.374
138.547	-21.414
138.577	-21.524
POLYLINE CONNECT
138.187	-22.074
138.226	-20.259
POLYLINE BLACK
134.827	-19.564
134.907	-19.584
134.947	-19.594
134.987	-19.594
135.077	-19.624
135.127	-19.634
135.307	-19.654
135.387	-19.684
135.427	-19.684
135.507	-19.714
135.557	-19.714
135.617	-19.754
135.647	-19.754
135.687	-19.764
135.707	-19.764
135.727	-19.784
135.777	-19.784
135.817	-19.824
135.857	-19.834
135.947	-19.884
136.087	-19.914
136.107	-19.934
136.137	-19.934
136.217	-19.954
136.247	-19.974
136.287	-19.984
136.367	-20.004
136.417	-20.014
136.527	-20.054
136.557	-20.054
136.827	-20.174
136.867	-20.184
136.907	-20.214
136.987	-20.234
137.057	-20.264
137.117	-20.274
137.187	-20.294
137.207	-20.314
137.257	-20.314
137.337	-20.334
137.377	-20.334
137.447	-20.344
137.477	-20.344
137.637	-20.384
137.767	-20.384
137.817	-20.394
137.837	-20.414
137.857	-20.414
137.897	-20.444
137.947	-20.454
138.087	-20.504
138.167	-20.524
138.227	-20.544
138.277	-20.544
138.337	-20.564
138.357	-20.584
POLYLINE BLACK
134.757	-18.584
134.787	-18.604
134.837	-18.614
134.927	-18.644
134.967	-18.644
135.087	-18.684
135.167	-18.704
135.207	-18.714
135.277	-18.714
POLYLINE BLACK
135.187	-18.694
135.217	-18.694
135.267	-18.704
135.407	-18.704
135.547	-18.734
135.587	-18.724
135.677	-18.744
135.717	-18.744
135.737	-18.764
135.877	-18.794
135.917	-18.804
135.957	-18.814
136.057	-18.844
136.107	-18.844
136.167	-18.864
136.197	-18.864
136.307	-18.894
136.387	-18.914
136.447	-18.924
136.557	-18.954
136.577	-18.944
136.737	-18.984
136.787	-19.014
136.817	-19.014
136.887	-19.044
136.917	-19.044
136.937	-19.054
136.977	-19.054
137.097	-19.084
137.247	-19.144
137.297	-19.144
137.377	-19.174
137.457	-19.194
137.507	-19.204
137.537	-19.204
137.747	-19.254
137.797	-19.254
137.857	-19.274
137.877	-19.264
137.987	-19.304
138.027	-19.314
138.047	-19.334
138.097	-19.334
138.247	-19.404
138.297	-19.414
138.337	-19.434
POLYLINE BLACK
135.017	-18.654
POLYLINE BLACK
135.047	-20.654
135.037	-20.724
135.037	-20.764
135.067	-20.864
135.147	-20.894
135.247	-20.894
135.307	-20.944
135.407	-21.004
135.507	-21.024
135.527	-21.134
135.527	-21.154
135.477	-21.214
135.457	-21.204
135.377	-21.224
135.317	-21.274
135.237	-21.294
135.177	-21.324
135.107	-21.414
135.067	-21.424
135.057	-21.444
135.037	-21.444
135.017	-21.464
134.997	-21.454
134.977	-21.474
134.957	-21.464
134.857	-21.494
134.757	-21.514
134.737	-21.494
134.697	-21.494
134.637	-21.474
134.577	-21.434
134.537	-21.434
134.437	-21.404
134.417	-21.414
134.377	-21.404
134.307	-21.414
134.227	-21.384
134.187	-21.354
134.187	-21.334
134.147	-21.344
134.127	-21.324
134.087	-21.324
134.067	-21.314
133.977	-21.334
133.917	-21.324
133.877	-21.334
133.817	-21.324
133.777	-21.264
133.777	-21.224
133.797	-21.164
133.837	-21.154
133.927	-21.124
133.967	-21.114
134.027	-21.064
134.037	-21.024
134.067	-20.974
134.147	-20.924
134.157	-20.904
134.237	-20.884
134.257	-20.864
POLYLINE BLACK
134.217	-20.884
134.257	-20.874
134.277	-20.854
134.297	-20.854
134.317	-20.834
134.337	-20.834
134.417	-20.704
134.427	-20.664
134.437	-20.614
134.507	-20.544
134.567	-20.504
134.687	-20.484
134.727	-20.474
134.787	-20.474
134.807	-20.484
134.827	-20.474
134.847	-20.484
134.867	-20.474
135.027	-20.614
135.057	-20.654
135.057	-20.684
135.107	-20.764
135.127	-20.764
POLYLINE CONNECT
134.787	-21.154
134.811	-19.217
POLYLINE BLACK
134.627	-19.544
134.667	-19.554
134.767	-19.564
134.867	-19.574
134.907	-19.584
POLYLINE BLACK
132.137	-17.584
132.147	-17.604
132.187	-17.604
132.217	-17.594
132.337	-17.634
132.397	-17.674
132.417	-17.694
132.437	-17.694
132.517	-17.744
132.537	-17.734
132.597	-17.774
132.617	-17.774
132.737	-17.854
132.937	-18.024
132.977	-18.034
133.017	-18.064
133.087	-18.084
133.167	-18.134
133.207	-18.144
133.247	-18.174
133.387	-18.224
133.427	-18.224
133.637	-18.304
133.677	-18.314
133.717	-18.324
133.807	-18.334
133.837	-18.354
134.007	-18.384
134.097	-18.404
134.137	-18.434
134.177	-18.424
134.217	-18.454
134.267	-18.474
134.287	-18.494
134.327	-18.504
134.347	-18.494
134.447	-18.534
134.537	-18.534
134.597	-18.564
134.637	-18.564
134.767	-18.594
134.867	-18.614
POLYLINE BLACK
132.112	-18.474
132.217	-18.504
132.247	-18.504
132.277	-18.534
132.367	-18.534
132.397	-18.564
132.502	-18.564
132.592	-18.609
132.622	-18.609
132.652	-18.639
132.682	-18.639
132.712	-18.654
132.742	-18.699
132.772	-18.699
132.907	-18.804
132.937	-18.819
132.967	-18.804
133.027	-18.834
133.087	-18.834
133.117	-18.849
133.162	-18.909
133.327	-19.014
133.387	-19.014
133.417	-19.044
133.447	-19.044
133.642	-19.104
133.732	-19.179
133.792	-19.194
133.822	-19.224
133.897	-19.239
134.017	-19.314
134.107	-19.314
134.212	-19.374
134.302	-19.434
134.332	-19.434
134.392	-19.449
134.482	-19.509
134.512	-19.509
134.572	-19.569
134.602	-19.554
134.632	-19.569
134.647	-19.599
134.677	-19.599
134.737	-19.584
POLYLINE BLACK
131.324	-20.609
131.380	-20.469
131.422	-20.427
131.422	-20.413
131.464	-20.357
131.471	-20.329
131.513	-20.266
131.576	-20.210
131.744	-20.140
131.758	-20.126
131.772	-20.126
131.905	-20.021
131.947	-19.993
132.010	-19.916
132.087	-19.881
132.108	-19.909
132.108	-19.930
132.122	-19.958
132.122	-19.979
132.136	-20.007
132.143	-20.056
132.157	-20.112
132.164	-20.161
132.178	-20.189
132.178	-20.224
132.185	-20.252
132.185	-20.343
132.199	-20.385
132.199	-20.448
132.206	-20.462
132.206	-20.525
132.199	-20.553
132.199	-20.595
132.185	-20.644
132.185	-20.658
132.178	-20.686
132.178	-20.707
132.157	-20.763
132.143	-20.763
132.101	-20.805
132.094	-20.791
132.080	-20.784
132.066	-20.791
132.038	-20.770
132.024	-20.784
132.024	-20.770
132.017	-20.784
131.989	-20.777
131.975	-20.777
131.947	-20.784
131.933	-20.784
131.919	-20.777
131.905	-20.791
131.842	-20.784
131.793	-20.791
131.779	-20.798
131.751	-20.784
131.723	-20.784
131.709	-20.777
131.695	-20.784
131.667	-20.777
131.653	-20.763
131.611	-20.763
131.597	-20.756
131.576	-20.756
131.548	-20.742
131.513	-20.735
131.485	-20.707
131.450	-20.700
131.366	-20.637
131.352	-20.637
131.345	-20.623
131.331	-20.616
POLYLINE CONNECT
132.147	-20.440
132.143	-18.115
POLYLINE BLACK
131.647	-17.135
131.737	-17.300
131.902	-17.480
131.962	-17.525
131.992	-17.525
132.082	-17.585
132.112	-17.570
132.202	-17.600
POLYLINE BLACK
131.647	-17.135
POLYLINE BLACK
130.327	-17.080
130.367	-17.120
130.407	-17.120
130.547	-17.320
130.547	-17.360
130.707	-17.480
130.787	-17.500
130.907	-17.580
131.007	-17.640
131.047	-17.640
131.267	-17.880
131.307	-17.880
131.627	-18.220
131.647	-18.280
131.847	-18.400
131.927	-18.400
132.007	-18.440
132.087	-18.420
132.207	-18.460
POLYLINE BLACK
130.947	-9.860
130.967	-9.820
131.147	-9.800
131.227	-9.800
131.267	-9.780
POLYLINE BLACK
131.347	-9.620
131.387	-9.440
131.387	-9.340
131.447	-9.040
131.467	-9.000
131.367	-9.000
131.327	-8.980
131.227	-9.000
131.167	-9.000
131.127	-8.980
130.987	-9.000
130.827	-8.960
130.767	-8.920
130.727	-8.920
POLYLINE BLACK
131.267	-9.680
131.327	-9.800
POLYLINE BLACK
127.027	-4.920
POLYLINE BLACK
130.727	-9.060
130.747	-9.200
130.807	-9.360
130.807	-9.420
130.847	-9.500
130.847	-9.560
130.907	-9.740
130.907	-9.780
130.947	-9.820
131.087	-9.780
POLYLINE BLACK
130.127	-8.440
130.167	-8.760
130.207	-9.180
130.207	-9.260
130.227	-9.300
130.407	-9.340
130.627	-9.440
130.707	-9.460
130.727	-9.360
130.787	-8.920
130.807	-8.880
130.807	-8.700
130.827	-8.600
130.767	-8.640
130.547	-8.560
130.487	-8.560
130.407	-8.540
130.347	-8.540
130.127	-8.480
POLYLINE BLACK
128.707	-8.800
128.987	-8.640
129.407	-8.340
129.527	-8.220
129.707	-8.400
129.987	-8.760
130.047	-8.880
129.967	-8.900
129.387	-9.140
129.187	-9.260
129.147	-9.260
POLYLINE BLACK
128.027	-8.860
128.087	-8.960
128.187	-9.280
128.367	-9.600
128.407	-9.600
128.647	-9.440
128.927	-9.320
129.067	-9.280
129.067	-9.240
128.887	-8.940
128.767	-8.760
128.687	-8.540
128.687	-8.380
128.627	-8.380
128.427	-8.580
128.267	-8.680
128.087	-8.820
127.987	-8.880
127.867	-8.980
POLYLINE BLACK
127.107	-8.340
127.207	-8.900
127.267	-9.180
127.327	-9.600
128.007	-9.600
128.027	-9.560
127.987	-8.900
127.947	-8.660
127.947	-8.460
127.747	-8.460
127.527	-8.480
127.387	-8.480
127.307	-8.500
127.187	-8.500
127.087	-8.520
POLYLINE BLACK
131.227	-7.640
131.247	-7.720
131.247	-7.800
POLYLINE BLACK
131.327	-6.280
131.527	-6.480
POLYLINE BLACK
131.147	-6.080
131.207	-6.160
POLYLINE BLACK
131.687	-8.860
131.707	-8.900
POLYLINE BLACK
131.527	-8.480
131.627	-8.700
POLYLINE BLACK
131.447	-7.800
POLYLINE BLACK
131.687	-6.600
131.467	-7.080
131.347	-7.260
131.367	-7.440
131.387	-7.480
POLYLINE BLACK
131.567	-6.360
POLYLINE BLACK
131.427	-6.240
POLYLINE BLACK
127.387	-4.580
127.547	-4.880
127.587	-4.880
127.727	-4.980
127.747	-5.020
127.847	-5.000
128.007	-5.060
128.107	-5.060
128.147	-5.180
128.507	-5.400
128.547	-5.400
128.747	-5.540
128.847	-5.560
129.047	-5.680
129.127	-5.700
129.267	-5.740
129.287	-5.780
129.367	-5.780
129.587	-5.840
129.727	-5.840
129.847	-5.880
129.927	-5.880
129.987	-5.900
130.067	-5.880
130.147	-5.880
130.187	-5.860
130.367	-5.920
130.567	-5.960
130.667	-5.940
130.867	-5.980
130.927	-5.980
131.007	-5.940
131.107	-5.980
POLYLINE BLACK
132.447	-14.440
132.447	-14.260
132.427	-14.160
132.427	-14.000
132.447	-13.800
132.447	-13.660
132.467	-13.540
132.487	-13.340
132.507	-13.240
132.507	-12.840
132.447	-12.500
132.447	-12.400
132.427	-12.320
132.427	-12.120
132.407	-12.040
132.407	-11.940
132.387	-11.780
132.367	-11.620
132.367	-11.540
132.327	-11.340
132.327	-11.200
132.307	-11.100
132.307	-10.980
132.287	-10.840
132.287	-10.760
132.187	-10.360
132.167	-10.280
132.167	-10.040
132.147	-9.960
132.147	-9.740
132.127	-9.660
132.127	-9.560
132.027	-9.320
131.947	-9.200
131.847	-9.100
POLYLINE BLACK
133.987	-17.680
133.847	-17.700
133.707	-17.700
133.627	-17.680
133.587	-17.640
133.427	-17.600
133.367	-17.500
133.267	-17.440
133.127	-17.300
132.887	-17.160
132.847	-17.160
132.707	-17.020
132.527	-16.600
132.507	-16.520
132.447	-16.260
132.447	-16.060
132.427	-15.980
132.427	-15.060
132.447	-14.820
132.467	-14.440
132.467	-14.400
POLYLINE BLACK
134.727	-18.000
134.827	-18.040
POLYLINE BLACK
134.547	-17.860
134.587	-17.860
POLYLINE BLACK
134.427	-17.880
POLYLINE BLACK
134.127	-17.740
134.207	-17.760
POLYLINE BLACK
134.627	-18.340
134.667	-18.340
POLYLINE BLACK
134.427	-18.260
134.467	-18.240
POLYLINE BLACK
134.247	-18.240
134.287	-18.220
POLYLINE BLACK
130.167	-17.020
130.207	-17.060
130.487	-17.100
130.607	-17.100
130.707	-17.080
130.827	-17.120
130.907	-17.100
130.987	-17.120
131.067	-17.100
131.187	-17.140
131.227	-17.120
131.267	-17.160
131.347	-17.140
131.447	-17.120
131.527	-17.140
131.607	-17.120
131.727	-17.160
131.847	-17.160
131.887	-17.200
131.927	-17.180
132.147	-17.280
132.227	-17.300
132.467	-17.400
132.507	-17.400
132.687	-17.580
132.987	-17.940
133.207	-18.100
133.327	-18.100
133.447	-18.140
133.707	-18.140
133.947	-18.220
134.107	-18.240
POLYLINE BLACK
126.027	-14.720
126.207	-14.820
126.247	-14.820
126.667	-15.160
126.927	-15.340
127.307	-15.580
127.607	-15.760
127.687	-15.780
127.767	-15.840
127.987	-15.940
128.067	-15.960
128.407	-16.120
128.507	-16.180
128.667	-16.240
128.787	-16.320
128.847	-16.320
129.047	-16.440
129.127	-16.460
129.347	-16.600
129.407	-16.660
129.527	-16.740
129.607	-16.820
129.687	-16.820
129.767	-16.900
129.947	-16.940
130.027	-16.960
130.067	-17.000
130.167	-17.000
130.207	-17.020
POLYLINE BLACK
125.227	-14.340
125.267	-14.340
125.347	-14.400
125.427	-14.420
125.587	-14.480
125.627	-14.520
125.727	-14.560
125.787	-14.560
125.907	-14.620
125.947	-14.620
126.147	-14.740
126.187	-14.760
POLYLINE ORANGE
131.397	-8.230
131.437	-8.260
131.487	-8.260
131.527	-8.270
131.557	-8.260
131.577	-8.270
POLYLINE ORANGE
132.017	-8.170
131.997	-8.150
131.917	-8.140
131.877	-8.160
131.847	-8.220
131.857	-8.260
131.927	-8.330
131.947	-8.320
131.967	-8.340
132.007	-8.340
132.007	-8.400
131.967	-8.430
131.927	-8.430
131.847	-8.450
131.787	-8.460
POLYLINE ORANGE
131.577	-8.130
131.647	-8.130
131.717	-8.140
131.797	-8.120
POLYLINE ORANGE
131.717	-8.150
131.737	-8.190
131.747	-8.250
131.767	-8.370
131.767	-8.430
POLYLINE ORANGE
131.457	-8.260
131.497	-8.250
131.537	-8.270
131.567	-8.270
POLYLINE ORANGE
131.447	-8.370
131.447	-8.330
131.457	-8.260
131.467	-8.220
131.477	-8.170
131.487	-8.120
131.517	-8.060
131.517	-8.040
131.547	-8.090
131.607	-8.230
131.617	-8.270
131.647	-8.410
131.647	-8.430
POLYLINE ORANGE
131.247	-8.040
131.287	-8.050
131.337	-8.040
131.377	-8.070
131.387	-8.130
POLYLINE ORANGE
131.307	-8.160
131.267	-8.170
131.247	-8.170
131.297	-8.180
131.387	-8.150
131.427	-8.170
131.437	-8.210
131.437	-8.270
131.357	-8.340
131.337	-8.340
131.317	-8.360
131.277	-8.350
POLYLINE ORANGE
131.387	-8.120
POLYLINE ORANGE
131.397	-8.050
POLYLINE ORANGE
131.377	-8.000
POLYLINE ORANGE
131.257	-8.260
131.247	-8.220
131.237	-8.140
131.237	-8.110
131.267	-8.010
POLYLINE ORANGE
131.247	-8.010
131.257	-8.060
131.257	-8.100
131.287	-8.230
131.287	-8.300
131.297	-8.340
POLYLINE BLACK
129.387	-9.390
129.407	-9.390
129.457	-9.340
129.567	-9.310
129.607	-9.280
129.707	-9.280
129.747	-9.270
129.827	-9.290
129.887	-9.310
129.987	-9.380
130.077	-9.480
130.197	-9.700
130.197	-9.730
130.207	-9.770
130.207	-9.750
130.147	-9.820
130.117	-9.820
130.077	-9.810
130.037	-9.820
129.947	-9.800
129.907	-9.810
129.867	-9.800
129.827	-9.790
129.787	-9.780
129.707	-9.760
129.667	-9.740
129.647	-9.750
129.577	-9.730
129.547	-9.700
129.487	-9.660
129.447	-9.650
129.307	-9.510
129.297	-9.470
129.377	-9.390
POLYLINE CONNECT
129.597	-9.640
129.663	-11.696
POLYLINE GRAY
131.937	-10.020
131.967	-9.940
131.977	-9.860
131.977	-9.810
131.967	-9.770
131.967	-9.710
131.957	-9.640
131.957	-9.530
131.947	-9.490
131.947	-9.440
131.937	-9.400
131.937	-9.330
131.947	-9.290
131.947	-9.230
131.927	-9.190
131.937	-9.120
131.917	-9.040
131.907	-8.990
POLYLINE GRAY
131.917	-10.040
POLYLINE GRAY
131.847	-10.120
131.877	-10.090
POLYLINE GRAY
131.947	-8.870
131.937	-8.910
131.937	-8.970
131.927	-9.020
131.937	-9.070
POLYLINE GRAY
131.947	-8.740
131.957	-8.780
POLYLINE GRAY
131.737	-8.870
131.777	-8.900
131.777	-8.930
POLYLINE GRAY
131.747	-8.730
131.757	-8.780
POLYLINE GRAY
131.817	-9.030
131.827	-9.100
131.827	-9.140
131.837	-9.180
131.817	-9.270
131.687	-9.480
131.687	-9.500
131.667	-9.520
131.657	-9.560
131.627	-9.610
131.507	-9.860
131.467	-9.920
POLYLINE GRAY
131.817	-8.990
POLYLINE GRAY
131.437	-9.870
POLYLINE GRAY
131.577	-9.810
131.517	-9.870
131.467	-9.890
131.357	-10.010
131.217	-10.190
131.127	-10.280
131.067	-10.320
130.937	-10.440
130.887	-10.470
130.867	-10.490
130.847	-10.490
130.677	-10.610
130.467	-10.780
130.417	-10.800
130.327	-10.870
130.247	-10.910
130.207	-10.950
130.107	-11.010
130.007	-11.090
129.967	-11.100
129.887	-11.140
129.867	-11.140
129.847	-11.170
129.757	-11.200
129.697	-11.260
129.637	-11.290
129.597	-11.300
129.527	-11.350
POLYLINE GRAY
128.817	-12.310
128.877	-12.320
128.937	-12.310
128.977	-12.320
129.037	-12.310
129.077	-12.320
129.137	-12.290
129.257	-12.260
129.317	-12.240
129.337	-12.220
129.357	-12.230
129.367	-12.210
129.487	-12.180
129.507	-12.190
129.527	-12.180
129.567	-12.190
129.677	-12.190
129.717	-12.180
129.757	-12.170
129.777	-12.180
129.837	-12.160
129.857	-12.170
129.957	-12.100
129.997	-12.070
129.937	-12.010
129.797	-11.920
129.737	-11.870
129.707	-11.840
129.717	-11.790
129.787	-11.710
129.807	-11.660
129.807	-11.660
129.807	-11.660
129.827	-11.670
129.897	-11.620
130.027	-11.570
130.037	-11.550
130.087	-11.530
130.207	-11.430
130.237	-11.400
130.327	-11.360
130.467	-11.250
130.647	-11.100
130.717	-11.020
130.777	-10.950
130.797	-10.950
130.817	-10.900
130.927	-10.800
131.097	-10.670
131.207	-10.580
131.307	-10.480
131.437	-10.380
131.497	-10.340
131.537	-10.330
131.557	-10.310
131.597	-10.300
131.657	-10.260
131.687	-10.230
131.747	-10.190
131.787	-10.180
131.857	-10.110
131.877	-10.110
131.887	-10.080
131.907	-10.070
POLYLINE GRAY
128.937	-11.530
128.977	-11.530
129.067	-11.510
129.197	-11.460
129.237	-11.460
129.357	-11.410
129.417	-11.400
129.567	-11.310
129.637	-11.260
POLYLINE GRAY
127.127	-11.110
127.147	-11.160
127.267	-11.280
127.317	-11.310
POLYLINE GRAY
127.107	-11.120
127.197	-11.210
127.297	-11.280
POLYLINE GRAY
127.187	-12.040
127.227	-12.030
127.317	-12.070
127.397	-12.080
127.417	-12.090
127.577	-12.090
127.597	-12.100
127.647	-12.090
127.687	-12.110
127.727	-12.100
127.837	-12.130
127.907	-12.130
127.927	-12.140
128.077	-12.140
128.237	-12.160
128.277	-12.170
128.297	-12.160
128.527	-12.240
128.587	-12.260
128.607	-12.280
128.647	-12.280
128.717	-12.300
128.757	-12.310
128.777	-12.300
128.847	-12.320
128.867	-12.340
128.907	-12.330
128.927	-12.330
POLYLINE GRAY
127.167	-11.200
127.207	-11.230
127.357	-11.280
127.417	-11.300
127.457	-11.310
127.477	-11.300
127.587	-11.330
127.627	-11.320
127.667	-11.330
127.747	-11.340
127.827	-11.360
127.847	-11.350
127.897	-11.360
127.957	-11.370
128.007	-11.370
128.087	-11.380
128.177	-11.390
128.257	-11.410
128.297	-11.420
128.337	-11.410
128.377	-11.430
128.417	-11.420
128.457	-11.420
128.497	-11.450
128.537	-11.440
128.597	-11.460
128.637	-11.460
128.697	-11.480
128.737	-11.480
128.887	-11.530
128.907	-11.540
128.927	-11.530
POLYLINE GRAY
126.247	-2.190
126.347	-2.320
126.407	-2.410
126.447	-2.450
126.587	-2.710
126.617	-2.820
POLYLINE BLACK
126.527	-2.210
126.517	-2.230
126.577	-2.260
126.647	-2.270
126.667	-2.290
126.707	-2.290
126.807	-2.360
126.817	-2.380
126.837	-2.380
126.877	-2.410
126.917	-2.420
127.017	-2.480
127.087	-2.550
127.157	-2.590
127.167	-2.610
127.187	-2.610
127.277	-2.700
127.277	-2.750
POLYLINE BLACK
127.817	1.240
POLYLINE BLACK
127.287	-2.680
127.307	-2.700
127.307	-2.730
127.337	-2.810
127.337	-2.920
127.307	-3.000
127.287	-3.020
127.267	-3.020
127.207	-3.060
127.187	-3.050
127.117	-3.060
127.077	-3.050
126.997	-3.050
126.957	-3.070
126.917	-3.060
126.897	-3.070
126.857	-3.060
126.787	-3.060
126.707	-3.010
126.647	-2.910
126.637	-2.870
126.617	-2.790
126.617	-2.760
126.607	-2.720
126.607	-2.680
126.487	-2.410
126.477	-2.330
126.477	-2.290
126.467	-2.270
POLYLINE BLACK
126.537	-2.210
126.517	-2.190
126.477	-2.200
126.457	-2.210
126.477	-2.300
126.527	-2.390
126.557	-2.420
POLYLINE GRAY
124.657	0.640
124.657	0.660
124.677	0.640
124.717	0.650
124.777	0.660
124.827	0.600
124.887	0.520
124.937	0.410
124.967	0.360
125.047	0.260
125.077	0.190
125.157	0.080
125.317	-0.090
125.367	-0.150
125.387	-0.200
125.547	-0.330
125.657	-0.390
125.707	-0.440
125.837	-0.520
125.997	-0.720
126.017	-0.770
126.077	-0.870
126.107	-0.920
126.147	-0.980
126.167	-1.030
126.237	-1.130
126.287	-1.230
126.337	-1.470
126.357	-1.490
126.367	-1.560
126.417	-1.640
126.457	-1.760
126.477	-1.780
126.477	-1.800
126.497	-1.820
126.527	-1.950
126.577	-2.000
126.577	-2.020
126.687	-2.160
126.847	-2.320
126.927	-2.400
POLYLINE GRAY
124.627	0.610
124.627	0.540
124.637	0.470
124.637	0.440
124.667	0.340
124.767	0.220
124.947	-0.150
125.027	-0.250
125.077	-0.310
125.197	-0.480
125.287	-0.610
125.307	-0.660
125.337	-0.700
125.387	-0.800
125.487	-0.960
125.517	-1.090
125.627	-1.310
125.717	-1.440
125.837	-1.610
125.837	-1.640
125.867	-1.700
125.877	-1.760
126.047	-1.880
126.167	-2.030
126.247	-2.130
126.337	-2.230
126.357	-2.230
POLYLINE GRAY
124.647	0.640
POLYLINE GRAY
124.677	0.380
124.677	0.330
124.697	0.310
124.697	0.290
124.787	0.200
POLYLINE CONNECT
126.842	-2.665
127.196	-11.541
POLYLINE GRAY
125.027	-11.260
125.147	-11.275
125.297	-11.320
125.327	-11.350
125.357	-11.350
125.417	-11.380
125.447	-11.380
125.552	-11.425
125.582	-11.425
125.717	-11.455
125.882	-11.485
126.092	-11.560
126.137	-11.590
126.167	-11.590
126.362	-11.650
126.467	-11.695
126.497	-11.695
126.647	-11.785
126.857	-11.920
126.887	-11.920
127.037	-11.995
127.067	-11.980
127.127	-12.010
127.217	-12.010
127.232	-12.040
POLYLINE GRAY
125.147	-9.820
125.342	-9.895
125.372	-9.895
125.402	-9.910
125.477	-9.910
125.567	-9.955
125.627	-9.955
125.717	-10.015
125.822	-10.030
125.897	-10.045
125.957	-10.075
126.017	-10.075
126.137	-10.105
126.167	-10.105
126.227	-9.940
126.227	-9.745
126.212	-9.715
126.212	-9.640
126.182	-9.505
126.167	-9.415
126.137	-9.280
126.032	-9.130
125.957	-8.965
125.957	-8.935
125.927	-8.860
125.897	-8.830
125.897	-8.800
125.867	-8.770
125.822	-8.665
125.822	-8.635
125.792	-8.575
125.762	-8.410
125.732	-8.320
125.732	-8.185
125.792	-8.170
125.852	-8.170
125.882	-8.155
125.942	-8.170
125.972	-8.170
126.122	-8.260
126.122	-8.290
126.257	-8.500
126.362	-8.650
126.422	-8.785
126.452	-8.920
126.452	-8.950
126.527	-9.175
126.527	-9.205
126.572	-9.295
126.572	-9.340
126.602	-9.475
126.602	-9.505
126.617	-9.565
126.617	-9.625
126.647	-9.715
126.647	-9.760
126.677	-9.820
126.677	-9.850
126.692	-9.910
126.707	-9.985
126.737	-10.045
126.752	-10.120
126.812	-10.270
126.842	-10.375
126.872	-10.435
126.872	-10.465
126.902	-10.525
126.902	-10.555
126.962	-10.705
126.962	-10.750
126.992	-10.810
126.992	-10.870
127.052	-11.020
127.082	-11.095
127.202	-11.185
127.262	-11.170
POLYLINE GRAY
124.857	-9.680
124.897	-9.680
125.197	-9.860
125.237	-9.880
POLYLINE GRAY
124.497	-10.240
124.577	-10.300
124.657	-10.320
124.737	-10.440
124.737	-10.500
124.777	-10.660
124.797	-10.820
124.797	-10.940
124.877	-11.160
124.977	-11.260
125.057	-11.280
125.097	-11.300
POLYLINE GRAY
122.297	-8.540
122.487	-8.730
122.697	-8.820
122.727	-8.820
122.807	-8.850
122.847	-8.850
122.887	-8.870
122.917	-8.870
123.017	-8.890
123.057	-8.900
123.217	-8.940
123.417	-9.000
123.497	-9.040
123.537	-9.050
123.587	-9.070
123.687	-9.130
123.737	-9.180
123.817	-9.220
123.847	-9.220
123.967	-9.290
124.057	-9.350
124.077	-9.350
124.147	-9.390
124.167	-9.390
124.187	-9.410
124.207	-9.410
124.227	-9.430
124.267	-9.440
124.427	-9.500
124.467	-9.510
124.607	-9.570
124.777	-9.640
124.837	-9.660
124.877	-9.700
124.917	-9.700
124.957	-9.710
POLYLINE GRAY
122.327	-9.390
122.507	-9.490
122.607	-9.520
122.707	-9.580
122.877	-9.630
123.117	-9.740
123.207	-9.770
123.487	-9.850
123.507	-9.850
123.627	-9.890
123.667	-9.890
123.847	-9.970
123.887	-9.970
123.937	-10.000
123.977	-10.010
124.187	-10.130
124.237	-10.160
124.277	-10.170
124.337	-10.210
124.407	-10.250
124.447	-10.250
124.507	-10.270
124.567	-10.270
124.607	-10.300
124.637	-10.300
124.717	-10.320
POLYLINE GRAY
121.737	-7.070
121.737	-7.240
121.757	-7.300
121.757	-7.490
121.797	-7.660
121.797	-7.700
121.817	-7.770
121.877	-7.940
121.887	-7.990
121.917	-8.050
121.927	-8.090
121.957	-8.150
121.967	-8.190
122.037	-8.260
122.107	-8.330
122.127	-8.330
122.157	-8.380
122.227	-8.480
122.257	-8.510
122.317	-8.550
POLYLINE GRAY
120.957	-8.600
121.047	-8.600
121.067	-8.590
121.177	-8.590
121.197	-8.610
121.237	-8.620
121.287	-8.690
121.337	-8.740
121.367	-8.790
121.387	-8.790
121.427	-8.830
121.447	-8.830
121.467	-8.850
121.497	-8.850
121.607	-8.910
121.747	-8.980
121.787	-9.030
121.817	-9.040
121.887	-9.140
121.987	-9.200
122.007	-9.200
122.097	-9.250
122.137	-9.260
122.197	-9.290
POLYLINE BLACK
114.627	-1.290
POLYLINE GRAY
115.447	-2.420
115.447	-2.380
115.347	-2.130
115.347	-2.110
115.387	-2.100
115.517	-2.070
115.687	-2.020
115.727	-2.020
115.767	-1.990
115.797	-2.080
115.847	-2.160
115.857	-2.200
115.877	-2.260
115.877	-2.300
115.867	-2.320
115.847	-2.310
115.657	-2.350
115.607	-2.340
115.567	-2.350
POLYLINE GRAY
115.467	-2.420
115.697	-2.360
115.737	-2.330
POLYLINE GRAY
115.307	-2.610
115.277	-2.640
115.167	-2.690
115.027	-2.690
114.947	-2.710
114.927	-2.730
114.907	-2.700
114.907	-2.700
114.847	-2.520
114.817	-2.460
114.807	-2.410
114.737	-2.260
114.777	-2.270
114.837	-2.270
114.907	-2.250
114.947	-2.250
114.997	-2.220
115.077	-2.210
115.097	-2.190
115.117	-2.190
115.217	-2.360
115.247	-2.440
115.247	-2.470
115.317	-2.590
POLYLINE GRAY
115.187	-3.250
115.247	-3.210
115.367	-3.100
115.407	-3.070
115.437	-3.020
115.407	-3.010
115.257	-2.860
115.207	-2.760
115.167	-2.700
115.127	-2.740
115.077	-2.750
114.967	-2.830
114.937	-2.830
114.897	-2.860
114.747	-2.910
114.727	-2.920
114.727	-2.940
114.787	-2.980
114.967	-3.070
115.017	-3.110
115.187	-3.200
115.227	-3.210
115.327	-3.270
POLYLINE GRAY
115.987	-2.750
115.957	-2.820
115.747	-2.990
115.737	-3.010
115.707	-2.980
115.487	-2.790
115.457	-2.740
115.517	-2.570
115.617	-2.400
115.647	-2.360
115.787	-2.470
115.847	-2.510
115.947	-2.630
116.007	-2.720
POLYLINE GRAY
116.197	-3.510
116.157	-3.530
116.137	-3.520
116.097	-3.530
116.057	-3.520
116.017	-3.520
115.977	-3.510
115.917	-3.530
115.897	-3.510
115.867	-3.320
115.797	-3.090
115.787	-3.050
115.767	-3.010
115.807	-2.990
115.997	-2.990
116.157	-2.930
116.207	-3.090
116.207	-3.120
116.247	-3.280
116.257	-3.320
116.267	-3.360
116.287	-3.440
116.257	-3.440
116.157	-3.470
116.097	-3.470
POLYLINE GRAY
115.627	-3.720
115.497	-3.780
115.427	-3.790
115.397	-3.790
115.267	-3.830
115.247	-3.850
115.107	-3.910
115.087	-3.910
115.027	-3.740
114.927	-3.550
114.837	-3.420
114.817	-3.400
114.837	-3.390
114.867	-3.400
115.067	-3.340
115.187	-3.290
115.207	-3.300
115.297	-3.230
115.357	-3.270
115.457	-3.410
115.577	-3.580
115.607	-3.650
115.637	-3.690
POLYLINE GRAY
115.667	-4.100
115.667	-4.030
115.567	-3.890
115.537	-3.840
POLYLINE GRAY
115.647	-4.110
115.647	-4.090
POLYLINE GRAY
116.837	-3.830
116.727	-3.780
116.627	-3.720
116.547	-3.670
116.507	-3.660
116.377	-3.600
116.317	-3.550
116.257	-3.540
116.237	-3.520
116.177	-3.520
116.117	-3.480
POLYLINE GRAY
115.677	-4.140
115.757	-4.120
115.787	-4.120
115.827	-4.100
POLYLINE GRAY
115.427	-4.130
115.487	-4.130
115.567	-4.140
115.597	-4.140
POLYLINE GRAY
115.197	-4.120
115.277	-4.130
115.307	-4.130
POLYLINE GRAY
114.967	-4.120
115.007	-4.140
115.027	-4.130
115.067	-4.140
POLYLINE GRAY
115.427	-4.380
115.467	-4.390
115.487	-4.390
POLYLINE GRAY
115.147	-4.360
115.187	-4.380
115.237	-4.380
POLYLINE GRAY
114.917	-4.370
114.957	-4.370
114.977	-4.380
115.067	-4.370
POLYLINE GRAY
116.827	-4.950
116.707	-4.870
116.687	-4.870
116.537	-4.780
116.497	-4.770
116.397	-4.690
116.337	-4.640
116.317	-4.640
116.297	-4.620
116.257	-4.620
116.087	-4.520
116.007	-4.520
115.967	-4.510
115.867	-4.450
115.827	-4.440
115.807	-4.420
115.707	-4.400
115.647	-4.380
115.607	-4.390
POLYLINE GRAY
116.847	-3.730
116.937	-3.930
116.977	-3.970
117.027	-3.990
117.077	-4.020
117.187	-4.130
117.307	-4.270
117.347	-4.310
117.457	-4.500
117.487	-4.570
117.527	-4.630
117.557	-4.680
117.677	-4.790
117.727	-4.810
117.827	-4.950
117.847	-5.000
117.907	-5.060
117.977	-5.100
118.147	-5.280
118.317	-5.560
118.427	-5.670
118.487	-5.700
118.527	-5.700
118.597	-5.720
118.617	-5.720
POLYLINE GRAY
118.547	-5.670
118.547	-5.670
POLYLINE GRAY
116.797	-4.960
116.817	-4.960
116.877	-5.000
116.897	-5.000
116.987	-5.030
117.097	-5.100
117.177	-5.230
117.197	-5.320
117.257	-5.410
117.357	-5.530
117.407	-5.640
117.497	-5.750
117.607	-5.860
117.697	-5.950
117.767	-5.990
117.867	-6.060
118.047	-6.220
118.107	-6.310
118.247	-6.410
118.327	-6.440
POLYLINE BLACK
117.987	-3.325
117.977	-3.325
117.967	-3.315
117.962	-3.325
117.932	-3.305
117.912	-3.305
117.892	-3.290
117.882	-3.290
117.852	-3.270
117.842	-3.275
117.832	-3.270
117.812	-3.275
117.782	-3.265
117.767	-3.265
117.762	-3.255
117.707	-3.220
117.692	-3.215
117.682	-3.205
117.672	-3.205
117.662	-3.200
117.652	-3.210
117.582	-3.210
117.562	-3.195
117.552	-3.195
117.542	-3.185
117.532	-3.185
117.502	-3.160
117.497	-3.150
117.497	-3.115
117.507	-3.080
117.507	-3.060
117.522	-3.030
117.522	-3.015
117.532	-2.985
117.552	-2.955
117.567	-2.945
117.592	-2.915
117.592	-2.905
117.612	-2.875
117.632	-2.865
117.657	-2.835
117.657	-2.825
117.667	-2.815
117.667	-2.805
117.682	-2.765
117.692	-2.765
117.697	-2.755
117.757	-2.715
117.772	-2.685
117.757	-2.655
117.757	-2.645
117.747	-2.625
117.747	-2.615
117.742	-2.605
117.742	-2.590
117.752	-2.590
117.752	-2.580
POLYLINE BLACK
117.747	-2.575
117.807	-2.575
117.827	-2.565
117.837	-2.565
117.857	-2.570
117.882	-2.570
117.912	-2.585
117.922	-2.585
117.947	-2.595
117.977	-2.615
117.982	-2.625
117.992	-2.630
117.992	-2.630
117.992	-2.645
117.997	-2.665
117.997	-2.675
118.037	-2.710
118.042	-2.720
118.052	-2.720
118.067	-2.740
118.077	-2.740
118.117	-2.765
118.142	-2.795
118.172	-2.860
118.212	-2.910
118.232	-2.955
118.252	-2.985
118.277	-3.015
118.317	-3.045
118.347	-3.085
118.372	-3.140
118.372	-3.175
118.367	-3.195
118.367	-3.215
118.357	-3.215
118.317	-3.225
118.297	-3.240
118.262	-3.240
118.252	-3.235
118.232	-3.240
118.222	-3.250
118.202	-3.240
118.182	-3.240
118.172	-3.250
118.162	-3.245
118.112	-3.290
118.107	-3.300
118.067	-3.315
118.057	-3.320
118.047	-3.315
118.037	-3.320
118.032	-3.330
118.002	-3.330
117.982	-3.335
POLYLINE CONNECT
118.062	-2.969
118.332	-6.068
POLYLINE GRAY
118.302	-6.449
118.372	-6.459
118.422	-6.479
118.442	-6.469
118.482	-6.479
118.562	-6.479
118.602	-6.489
118.642	-6.499
118.682	-6.559
118.692	-6.649
118.732	-6.729
118.742	-6.769
118.822	-6.939
118.892	-7.039
118.942	-7.119
119.112	-7.139
119.562	-7.279
119.702	-7.469
120.002	-7.469
120.122	-7.499
120.202	-7.599
POLYLINE GRAY
120.382	-8.119
120.312	-7.869
120.292	-7.789
120.272	-7.749
120.272	-7.719
120.212	-7.619
120.192	-7.609
POLYLINE GRAY
120.872	-8.589
120.832	-8.579
120.652	-8.509
120.612	-8.499
120.562	-8.469
120.482	-8.349
120.462	-8.299
120.422	-8.239
120.412	-8.129
120.412	-8.089
120.402	-8.069
POLYLINE GRAY
118.492	-5.719
118.502	-5.739
118.502	-5.719
118.582	-5.719
118.712	-5.699
118.732	-5.709
118.862	-5.709
118.902	-5.719
118.962	-5.719
119.072	-5.739
119.232	-5.739
119.312	-5.759
119.332	-5.779
119.382	-5.779
119.422	-5.789
119.502	-5.789
119.572	-5.819
119.632	-5.829
119.692	-5.819
119.732	-5.829
119.782	-5.829
119.822	-5.849
119.922	-5.859
120.002	-5.849
120.112	-5.849
120.172	-5.869
120.232	-5.869
120.272	-5.879
120.322	-5.869
120.362	-5.879
120.392	-5.879
120.432	-5.889
120.472	-5.899
120.522	-5.909
120.582	-5.909
120.632	-5.929
120.672	-5.919
120.712	-5.929
120.822	-5.929
120.942	-5.959
120.982	-5.959
121.022	-5.969
121.072	-5.959
POLYLINE GRAY
121.702	-7.289
121.712	-7.309
121.692	-7.329
121.652	-7.509
121.602	-7.659
121.582	-7.739
121.572	-7.829
121.562	-7.869
121.562	-7.899
121.542	-7.959
121.532	-7.999
121.502	-8.089
121.482	-8.109
121.462	-8.189
121.442	-8.269
121.412	-8.309
121.382	-8.399
121.292	-8.489
121.232	-8.539
121.142	-8.559
121.122	-8.579
121.082	-8.589
121.042	-8.599
121.002	-8.609
120.982	-8.599
120.962	-8.609
120.922	-8.599
120.862	-8.599
POLYLINE GRAY
120.952	-5.959
120.992	-5.949
121.032	-5.949
121.052	-5.939
121.072	-5.949
121.112	-5.929
121.202	-5.929
121.372	-5.999
121.402	-6.029
121.462	-6.089
121.522	-6.189
121.532	-6.229
121.542	-6.269
121.562	-6.369
121.562	-6.469
121.602	-6.599
121.652	-6.639
121.692	-6.639
121.712	-6.649
121.752	-6.639
121.802	-6.649
POLYLINE GRAY
123.612	-6.649
123.442	-6.649
123.402	-6.659
123.252	-6.659
123.212	-6.649
123.172	-6.659
123.042	-6.639
122.952	-6.649
122.872	-6.629
122.832	-6.619
122.792	-6.629
122.752	-6.619
122.712	-6.619
122.692	-6.609
122.672	-6.619
122.632	-6.609
122.552	-6.599
122.452	-6.599
122.412	-6.589
122.372	-6.599
122.292	-6.579
122.232	-6.579
122.082	-6.609
122.002	-6.619
121.962	-6.609
121.902	-6.629
121.862	-6.629
121.842	-6.619
121.822	-6.639
121.772	-6.589
POLYLINE GRAY
123.692	-7.479
123.652	-7.499
123.632	-7.489
123.532	-7.519
123.492	-7.519
123.452	-7.509
123.372	-7.509
123.352	-7.499
123.332	-7.509
123.292	-7.499
123.212	-7.489
123.152	-7.489
123.112	-7.479
123.032	-7.469
123.002	-7.469
122.962	-7.459
122.922	-7.449
122.862	-7.429
122.692	-7.419
122.652	-7.409
122.582	-7.399
122.522	-7.309
122.402	-7.189
122.372	-7.159
122.342	-7.129
122.302	-7.129
122.262	-7.119
122.222	-7.119
122.152	-7.089
122.132	-7.099
122.112	-7.089
122.072	-7.099
122.052	-7.079
122.032	-7.089
121.962	-7.069
121.942	-7.089
121.882	-7.069
121.862	-7.069
121.852	-7.089
121.812	-7.089
121.742	-7.179
121.702	-7.259
121.692	-7.299
121.682	-7.339
POLYLINE BLACK
123.160	-3.486
123.181	-3.458
123.181	-3.444
123.174	-3.416
123.181	-3.388
123.167	-3.269
123.153	-3.255
123.146	-3.234
123.118	-3.206
123.118	-3.192
123.062	-3.178
123.041	-3.150
123.027	-3.150
122.985	-3.115
122.971	-3.115
122.943	-3.094
122.901	-3.003
122.901	-2.975
122.908	-2.947
122.908	-2.933
122.922	-2.919
122.957	-2.919
122.971	-2.912
123.006	-2.912
123.062	-2.933
POLYLINE BLACK
123.034	-2.919
123.062	-2.926
123.083	-2.919
123.153	-2.919
123.202	-2.905
123.230	-2.912
123.300	-2.912
123.328	-2.919
123.342	-2.919
123.398	-2.933
123.412	-2.933
123.426	-2.940
123.454	-2.933
123.482	-2.940
123.538	-2.940
123.552	-2.947
123.573	-2.940
123.601	-2.947
123.629	-2.947
123.657	-2.954
123.699	-2.954
123.727	-2.961
123.741	-2.954
123.769	-2.961
123.783	-2.961
123.811	-2.968
123.853	-2.968
123.888	-3.038
123.888	-3.066
123.874	-3.094
123.811	-3.122
123.797	-3.122
123.783	-3.136
123.755	-3.129
123.741	-3.129
123.727	-3.136
123.713	-3.129
123.692	-3.143
123.678	-3.143
123.650	-3.157
123.629	-3.185
123.622	-3.234
123.601	-3.297
123.601	-3.318
123.580	-3.395
123.580	-3.437
123.573	-3.472
123.573	-3.598
123.566	-3.626
123.566	-3.640
123.573	-3.654
123.566	-3.668
123.573	-3.696
123.573	-3.724
123.524	-3.745
123.454	-3.745
123.426	-3.766
123.412	-3.759
123.398	-3.766
123.384	-3.759
123.356	-3.766
123.335	-3.752
123.307	-3.752
123.279	-3.745
123.223	-3.745
123.188	-3.752
123.174	-3.752
123.146	-3.759
123.132	-3.759
123.118	-3.745
123.104	-3.745
123.104	-3.717
123.125	-3.689
123.125	-3.675
123.139	-3.675
123.167	-3.661
123.181	-3.640
123.195	-3.640
123.209	-3.633
123.216	-3.591
123.202	-3.563
123.202	-3.549
123.188	-3.514
123.188	-3.500
123.174	-3.458
POLYLINE CONNECT
123.369	-3.181
123.664	-6.901
POLYLINE BLACK
123.389	-6.641
123.479	-6.661
123.549	-6.651
123.649	-6.651
123.669	-6.641
123.709	-6.651
123.749	-6.661
123.769	-6.671
123.779	-6.741
123.779	-6.811
123.769	-6.921
123.759	-6.961
123.759	-7.231
123.749	-7.271
123.749	-7.311
123.759	-7.331
123.749	-7.381
123.729	-7.461
123.719	-7.481
123.639	-7.501
123.579	-7.481
123.509	-7.431
123.479	-7.351
123.479	-7.311
123.439	-7.161
123.439	-6.991
123.429	-6.941
123.419	-6.851
123.419	-6.811
123.409	-6.771
123.429	-6.681
123.439	-6.661
123.469	-6.661
123.489	-6.641
123.509	-6.641
POLYLINE BLACK
119.089	-4.591
119.149	-4.711
119.449	-4.771
119.539	-4.801
119.809	-4.801
119.869	-4.831
120.019	-4.801
120.079	-4.831
120.259	-4.771
120.559	-4.711
120.889	-4.621
121.039	-4.621
121.279	-4.531
121.399	-4.531
121.459	-4.471
121.789	-4.471
122.029	-4.531
122.239	-4.561
122.419	-4.501
122.779	-4.591
122.839	-4.561
122.959	-4.591
123.079	-4.591
123.229	-4.621
123.289	-4.591
123.409	-4.621
123.649	-4.621
123.709	-4.651
123.829	-4.591
123.979	-4.591
124.159	-4.501
124.279	-4.471
124.579	-4.291
124.819	-4.201
124.999	-4.051
125.119	-4.021
125.179	-3.991
125.419	-4.111
125.479	-4.081
125.539	-4.141
125.599	-4.141
125.839	-4.351
126.379	-4.351
126.559	-4.411
126.739	-4.531
126.799	-4.531
126.919	-4.621
127.039	-4.591
127.159	-4.621
127.339	-4.591
127.399	-4.651
127.519	-4.621
POLYLINE BLACK
123.589	-12.181
123.679	-12.331
123.799	-12.631
123.859	-12.691
123.889	-12.811
123.979	-12.991
124.039	-13.021
124.279	-12.871
124.399	-12.841
124.519	-12.781
124.489	-12.661
124.429	-12.481
124.339	-12.361
124.309	-12.241
124.249	-12.031
124.249	-11.911
124.099	-11.971
124.039	-12.031
123.919	-12.061
123.889	-12.121
123.739	-12.091
123.619	-12.181
POLYLINE BLACK
123.559	-13.471
123.439	-13.441
123.319	-13.321
123.259	-13.321
123.079	-13.201
123.019	-13.201
122.959	-13.141
122.839	-13.111
122.719	-13.021
122.719	-12.901
122.629	-12.571
122.569	-12.571
122.389	-12.391
122.359	-12.271
122.539	-11.941
122.659	-11.851
122.719	-11.851
122.959	-11.701
123.079	-11.671
123.289	-11.551
123.349	-11.581
123.409	-11.551
123.589	-11.671
123.799	-11.671
123.859	-11.701
124.039	-11.611
124.159	-11.581
124.249	-11.491
124.309	-11.491
124.489	-11.341
POLYLINE BLACK
116.409	-6.581
116.249	-6.541
116.189	-6.481
116.129	-6.421
116.029	-6.261
116.029	-6.221
115.829	-6.081
115.749	-6.061
115.589	-5.961
115.509	-5.961
115.469	-6.001
115.429	-6.001
115.349	-6.121
115.229	-6.281
115.249	-6.381
115.349	-6.601
115.329	-6.681
115.309	-6.781
115.289	-6.941
115.289	-7.141
115.309	-7.221
115.309	-7.261
115.389	-7.301
115.489	-7.301
115.609	-7.261
115.649	-7.281
115.729	-7.261
115.769	-7.281
115.889	-7.241
POLYLINE BLACK
119.269	-4.741
119.189	-4.761
119.149	-4.721
119.069	-4.741
119.029	-4.721
118.949	-4.761
118.909	-4.741
118.829	-4.801
118.749	-4.821
118.589	-4.921
118.429	-5.041
118.309	-5.181
118.189	-5.381
118.149	-5.381
118.029	-5.601
117.989	-5.621
117.949	-5.721
117.849	-5.821
117.609	-6.201
117.489	-6.281
117.389	-6.381
117.349	-6.381
117.329	-6.421
117.249	-6.441
117.169	-6.501
117.129	-6.501
117.089	-6.541
116.929	-6.541
116.729	-6.601
116.689	-6.581
116.569	-6.641
116.449	-6.641
116.409	-6.661
POLYLINE BLACK
116.249	-7.181
116.369	-7.181
116.489	-7.141
116.569	-7.161
116.609	-7.141
116.689	-7.181
116.829	-7.141
116.869	-7.181
116.989	-7.161
117.029	-7.181
117.149	-7.141
117.329	-7.181
117.569	-7.121
117.649	-7.101
117.809	-7.101
117.889	-7.061
117.969	-7.081
118.049	-7.021
118.089	-7.021
118.129	-6.981
118.169	-6.981
118.309	-6.781
118.489	-6.421
118.649	-6.281
118.729	-6.261
118.829	-6.281
118.989	-6.341
119.069	-6.341
119.149	-6.361
119.229	-6.381
119.309	-6.441
POLYLINE BLACK
115.869	-7.221
115.869	-7.081
115.909	-7.081
115.929	-7.221
116.009	-7.241
116.089	-7.201
116.129	-7.241
116.209	-7.201
POLYLINE BLACK
119.329	-0.901
119.319	-0.941
119.299	-0.961
119.299	-0.981
119.279	-1.001
119.279	-1.021
119.219	-1.101
119.199	-1.151
119.139	-1.201
119.079	-1.241
119.019	-1.291
118.969	-1.341
118.949	-1.341
118.849	-1.421
118.819	-1.451
118.769	-1.501
118.769	-1.521
118.749	-1.521
118.709	-1.561
118.669	-1.571
118.639	-1.541
118.609	-1.461
118.609	-1.241
118.589	-1.201
118.589	-1.111
118.599	-1.071
118.609	-1.031
118.639	-0.971
118.639	-0.941
118.659	-0.921
118.669	-0.861
118.699	-0.821
118.709	-0.731
118.719	-0.691
118.759	-0.541
118.799	-0.401
118.809	-0.361
118.829	-0.271
118.889	-0.091
118.969	0.029
119.039	0.159
119.109	0.089
119.149	0.009
119.169	-0.001
119.219	-0.141
119.219	-0.201
119.229	-0.221
119.219	-0.251
119.229	-0.291
119.249	-0.381
119.269	-0.441
119.269	-0.581
119.259	-0.621
119.259	-0.671
119.299	-0.771
119.299	-0.801
119.319	-0.881
119.329	-0.921
POLYLINE CONNECT
119.059	-0.881
119.133	-5.753
POLYLINE BLACK
119.329	-6.401
119.509	-6.551
119.659	-6.641
120.019	-7.031
120.139	-7.211
120.409	-7.541
120.709	-7.841
121.009	-8.201
121.369	-8.471
121.429	-8.471
121.579	-8.561
121.759	-8.711
121.819	-8.711
121.909	-8.801
121.969	-8.801
122.059	-8.921
122.299	-8.891
122.629	-9.011
122.869	-9.071
122.929	-9.131
123.049	-9.131
123.169	-9.221
123.289	-9.251
123.529	-9.311
123.649	-9.311
123.919	-9.371
123.979	-9.371
124.039	-9.431
124.159	-9.431
124.369	-9.491
124.429	-9.551
124.489	-9.551
124.609	-9.731
124.639	-9.881
124.579	-10.241
124.579	-10.541
124.549	-10.751
124.549	-10.871
124.519	-10.991
124.459	-11.291
124.339	-11.681
POLYLINE BLACK
127.189	-9.431
127.159	-9.551
127.069	-9.881
126.949	-10.391
126.859	-10.511
126.859	-10.571
126.769	-10.721
126.589	-11.291
126.559	-11.411
126.349	-11.801
126.349	-11.861
126.259	-11.981
126.199	-12.281
126.139	-12.401
126.139	-12.491
125.869	-13.061
125.839	-13.181
125.719	-13.601
125.689	-13.721
125.599	-13.841
125.449	-14.171
125.329	-14.261
POLYLINE BLACK
121.639	-16.346
121.699	-16.376
121.759	-16.376
121.819	-16.361
121.849	-16.331
121.879	-16.331
122.029	-16.256
122.119	-16.196
122.149	-16.196
122.209	-16.166
122.269	-16.166
122.299	-16.136
122.329	-16.136
122.539	-16.061
122.629	-16.001
122.629	-16.031
122.644	-16.001
122.809	-15.941
122.899	-15.881
122.944	-15.806
123.019	-15.776
123.064	-15.716
123.259	-15.566
123.469	-15.326
123.499	-15.311
123.499	-15.281
123.544	-15.266
123.604	-15.176
123.664	-15.131
123.664	-15.101
123.724	-15.071
123.784	-14.996
123.844	-14.951
123.874	-14.876
123.964	-14.756
123.964	-14.726
124.099	-14.546
124.114	-14.516
124.354	-14.351
124.384	-14.351
124.474	-14.306
124.639	-14.306
124.729	-14.336
124.849	-14.306
124.909	-14.321
124.969	-14.306
124.999	-14.306
125.059	-14.276
125.089	-14.291
125.119	-14.276
125.149	-14.291
125.344	-14.306
125.374	-14.291
POLYLINE BLACK
121.459	-16.391
121.519	-16.376
121.639	-16.376
121.699	-16.361
121.729	-16.376
121.789	-16.361
121.849	-16.361
POLYLINE BLACK
121.459	-16.031
121.759	-15.791
121.819	-15.731
121.879	-15.731
121.999	-15.611
122.059	-15.611
122.179	-15.491
122.479	-15.281
122.599	-15.101
123.019	-14.591
123.199	-14.291
123.319	-14.171
123.469	-13.841
123.619	-13.601
123.649	-13.481
123.829	-13.121
124.039	-12.821
124.039	-12.731
124.189	-12.491
124.219	-12.371
124.429	-11.891
124.429	-11.801
124.519	-11.621
124.519	-11.531
124.579	-11.411
POLYLINE BLACK
120.019	-16.281
120.049	-16.281
120.069	-16.291
120.089	-16.281
120.179	-16.311
120.199	-16.301
120.249	-16.311
120.289	-16.321
120.309	-16.311
120.329	-16.321
120.349	-16.311
120.389	-16.321
120.479	-16.321
120.499	-16.331
120.539	-16.321
120.629	-16.331
120.669	-16.341
120.709	-16.331
120.759	-16.341
120.889	-16.341
120.939	-16.361
120.999	-16.341
121.049	-16.341
121.069	-16.351
121.109	-16.341
121.169	-16.341
121.229	-16.361
121.279	-16.361
121.329	-16.351
121.369	-16.361
121.409	-16.351
121.489	-16.361
121.529	-16.361
POLYLINE BLACK
121.169	-16.001
121.209	-16.001
121.239	-16.021
121.279	-16.031
121.419	-16.081
121.479	-16.091
121.499	-16.081
121.519	-16.091
121.579	-16.061
121.599	-16.061
POLYLINE BLACK
120.819	-15.841
120.859	-15.841
120.929	-15.861
120.949	-15.881
POLYLINE BLACK
120.449	-15.701
120.589	-15.741
120.619	-15.741
POLYLINE BLACK
120.159	-15.541
120.179	-15.561
120.219	-15.571
120.279	-15.611
POLYLINE BLACK
121.619	-14.136
121.629	-14.136
121.659	-14.116
121.644	-14.096
121.624	-14.086
121.614	-14.086
121.594	-14.081
121.584	-14.081
121.579	-14.071
121.569	-14.071
121.549	-14.066
121.539	-14.066
121.519	-14.046
121.509	-14.051
121.479	-14.031
121.459	-14.026
121.449	-14.026
121.429	-14.016
121.384	-14.011
121.364	-14.001
121.344	-14.001
121.314	-13.986
121.304	-13.976
121.279	-13.971
121.269	-13.961
121.249	-13.956
121.239	-13.961
121.229	-13.951
121.189	-13.951
121.169	-13.946
121.159	-13.946
121.149	-13.956
121.139	-13.946
121.119	-13.951
121.099	-13.946
121.069	-13.946
121.059	-13.951
121.049	-13.946
121.034	-13.946
121.014	-13.941
120.994	-13.941
120.974	-13.936
120.964	-13.936
120.944	-13.926
120.934	-13.936
120.924	-13.936
120.914	-13.931
120.884	-13.946
120.859	-13.946
120.854	-13.956
120.844	-13.956
120.824	-13.961
120.814	-13.961
120.784	-13.986
120.779	-14.001
120.759	-14.031
120.749	-14.071
120.749	-14.101
120.754	-14.126
120.759	-14.161
POLYLINE BLACK
120.759	-14.161
120.794	-14.176
120.814	-14.191
120.824	-14.186
120.844	-14.191
120.854	-14.191
120.869	-14.181
120.889	-14.181
120.909	-14.186
120.944	-14.186
120.964	-14.181
120.984	-14.181
120.994	-14.176
121.014	-14.181
121.024	-14.181
121.044	-14.176
121.074	-14.191
121.084	-14.191
121.104	-14.186
121.129	-14.191
121.149	-14.191
121.159	-14.186
121.214	-14.186
121.224	-14.191
121.244	-14.186
121.319	-14.186
121.339	-14.191
121.349	-14.191
121.359	-14.196
121.369	-14.191
121.379	-14.196
121.399	-14.191
121.424	-14.196
121.434	-14.186
121.454	-14.186
121.474	-14.171
121.494	-14.176
121.524	-14.161
121.534	-14.161
121.554	-14.156
121.564	-14.161
121.574	-14.151
121.584	-14.151
121.594	-14.156
121.599	-14.146
121.634	-14.136
121.644	-14.126
POLYLINE CONNECT
121.318	-14.147
121.500	-16.304
