TRIP
DATE 2012-09-09 
DECLINATION     0.00
DATA
1.0	1.1	10.26	-2.00	2.983	>
1.0	1.2	3.22	-5.04	5.235	>
1.2		182.15	5.06	5.236	>
1.2		187.97	3.09	1.893	>
1.2		168.83	1.17	1.915	>
1.2		218.60	-0.17	1.383	>
1.2		248.02	1.51	0.644	>
1.2		105.28	-3.27	0.684	>
1.2		140.40	-2.98	1.558	>
1.2		176.54	-47.46	1.840	>
1.2		167.79	-47.95	1.821	>
1.2		189.88	-63.98	1.541	>
1.2		132.31	-59.63	1.608	>
1.2	1.3	166.70	-60.10	2.635	>
1.3		345.96	60.28	0.225	>
1.3		347.87	60.51	2.631	>
1.3		9.85	76.68	0.938	>
1.3		232.19	12.39	0.312	>
1.3		31.02	10.34	0.351	>
1.3		8.60	-70.82	0.468	>
1.3	1.4	330.77	-25.13	3.101	>
1.4		152.39	25.35	3.116	>
1.4		208.53	-0.71	0.561	>
1.4		140.71	80.27	0.588	>
1.4		188.94	-86.08	1.318	>
1.4		43.78	87.45	1.495	>
1.4	1.5	275.80	-12.09	4.512	>
1.5		94.73	12.12	4.511	>
1.5		123.81	5.65	3.446	>
1.5		134.16	0.13	3.514	>
1.5		129.45	11.11	6.656	>
1.5		149.61	-6.69	2.325	>
1.5		153.48	-11.15	1.639	>
1.5		252.62	-12.19	0.791	>
1.5		296.12	-7.84	1.218	>
1.5		296.72	-23.02	2.958	>
1.5		42.54	10.51	1.507	>
1.5		72.82	11.85	4.242	>
1.5		333.94	81.53	0.696	>
1.5		114.64	-67.05	0.547	>
1.5	1.6	50.69	-22.31	2.407	>
1.6		230.76	22.38	2.377	>
1.6		2.16	81.31	0.351	>
1.6		220.60	-79.24	0.296	>
1.6		299.04	-0.90	0.507	>
1.6		108.17	1.37	0.208	>
1.6	1.7	37.31	11.49	1.084	>
1.7		217.21	-12.24	1.090	>
1.7		327.11	66.57	0.797	>
1.7		176.06	-83.09	4.115	>
1.7		287.51	-77.52	0.723	>
1.7		292.40	-18.80	0.599	>
1.7		100.10	16.74	2.024	>
1.7	1.8	6.09	11.48	1.999	>
1.8		184.81	-11.16	2.005	>
1.8		98.33	-7.51	1.469	>
1.8		105.12	52.89	0.191	>
1.8		102.21	-61.06	1.241	>
1.8		109.36	0.39	0.884	>
1.8	1.9	56.58	0.17	1.008	>
1.9		236.71	-0.45	1.024	>
1.9		12.89	64.48	0.479	>
1.9		279.78	-8.51	0.601	>
1.9		275.58	-73.43	0.468	>
1.9		74.99	6.09	3.537	>
1.9	1.10	336.52	5.80	3.067	>
1.10		156.18	-6.26	3.079	>
1.10		232.64	-1.48	0.580	>
1.10		64.74	-58.35	1.309	>
1.10		101.25	-11.90	1.425	>
1.10		78.34	-36.91	1.139	>
1.9	1.11	64.66	5.28	2.421	>
1.11		245.35	-5.40	2.423	>
1.11		233.13	24.23	0.439	>
1.11		42.59	-21.83	0.199	>
1.11		239.60	45.97	0.452	>
1.11		178.43	-53.65	0.493	>
1.11		118.40	17.89	3.298	>
1.11	1.12	106.57	19.30	4.500	>
1.12		296.57	84.79	0.246	>
1.12		126.03	-84.05	0.262	>
1.12		197.89	18.64	0.598	>
1.12		327.15	-9.65	1.169	>
1.12		13.18	-2.28	1.632	>
1.12		96.78	12.17	1.864	>
1.10		209.98	51.35	3.756	>
1.10	1.13	80.57	-45.65	0.943	>
1.13		259.77	45.33	0.937	>
1.13		97.19	56.63	0.843	>
1.13		144.81	14.03	1.155	>
1.13		130.74	-25.39	0.485	>
1.13		324.83	25.51	0.583	>
1.13	1.14	65.16	19.50	5.312	>
1.14		246.22	-19.66	5.822	>
1.14		206.97	-10.30	0.643	>
1.14		185.31	-53.48	0.545	>
1.14		279.34	69.61	0.212	>
1.14		161.85	8.16	2.086	>
1.14		286.00	-13.40	0.850	>
1.10	1.15	329.16	-18.17	3.268	>
1.15		149.03	17.89	3.253	>
1.15		63.26	-13.22	0.774	>
1.15		243.43	79.64	0.696	>
1.15		97.41	-82.81	0.805	>
1.15		233.97	-23.81	2.373	>
1.15		168.29	10.58	0.942	>
1.15	1.16	334.09	-6.32	3.568	>
1.16		154.40	6.43	3.580	>
1.16		52.53	-10.88	0.291	>
1.16		63.12	-62.49	0.699	>
1.16		221.54	2.29	0.726	>
1.16		250.07	55.66	1.825	>
1.16		237.55	47.66	0.855	>
1.16		195.11	6.01	0.860	>
1.16	1.17	207.98	-9.42	2.407	>
1.17		28.73	9.45	2.405	>
1.17		24.62	-70.16	1.549	>
1.17		336.77	-9.34	1.331	>
1.17		26.63	-33.67	0.485	>
1.17		83.58	13.62	0.663	>
1.17		193.75	-23.61	1.671	>
1.17	1.18	308.01	-19.24	4.050	>
1.18		128.34	19.13	4.052	>
1.18		155.56	12.31	1.544	>
1.18		300.02	2.80	0.594	>
1.18		261.25	65.01	0.280	>
1.18		183.12	-85.39	0.685	>
1.18	1.19	211.49	-16.04	2.056	>
1.19		31.72	16.13	2.045	>
1.19		320.92	71.96	0.553	>
1.19		308.44	-85.40	1.545	>
1.19		306.74	-13.67	0.461	>
1.19	1.20	233.56	-35.83	2.936	>
1.20		53.58	35.68	2.953	>
1.20		64.29	12.44	0.984	>
1.20		44.01	13.76	0.929	>
1.20		84.09	80.29	1.555	>
1.20		301.27	-84.42	1.624	>
1.20	1.21	14.54	-39.10	2.042	>
1.21		195.35	38.68	2.042	>
1.21		235.96	12.16	1.800	>
1.21		339.30	-76.98	0.213	>
1.21		53.20	3.85	0.343	>
1.21		230.11	64.32	3.170	>
TRIP
DATE 2013-02-23 
DECLINATION     0.00
DATA
1.5	2.0	0.00	0.00	0.000	>
2.0		190.48	0.70	0.572	>
2.0		258.69	80.80	0.670	>
2.0		2.05	3.06	1.347	>
2.0		97.13	-85.05	0.561	>
2.0		271.97	-24.99	4.053	>
2.0		271.79	-25.07	4.250	>
2.0	2.1	270.72	-25.50	4.080	>
2.1		51.56	-3.26	1.990	>
2.1		106.14	80.16	0.463	>
2.1		94.76	-80.83	1.511	>
2.1		97.99	-2.77	4.222	>
2.1		122.23	-12.39	3.396	>
2.1		150.51	-15.80	3.128	>
2.1		142.46	-10.55	6.656	>
2.1	2.2	354.35	-29.81	3.772	>
2.2		241.86	-8.22	0.658	>
2.2		85.49	-81.69	1.935	>
2.2		61.88	0.48	0.592	>
2.2		236.45	81.47	0.744	>
2.2		66.86	-56.31	1.674	>
2.2		149.62	-32.24	1.305	>
2.2	2.3	336.11	-24.78	4.330	>
2.3		273.39	76.95	1.198	>
2.3		54.71	1.25	0.457	>
2.3		248.81	6.57	0.192	>
2.3		67.32	-81.45	0.488	>
2.3		244.08	2.35	0.440	>
2.3	2.4	337.71	-4.40	2.774	>
2.4		45.42	-70.34	1.444	>
2.4		246.91	-7.71	0.499	>
2.4		271.73	60.67	2.234	>
2.4	2.5	343.72	-25.59	3.140	>
2.5		67.96	4.48	0.307	>
2.5		199.65	-82.51	0.228	>
2.5		212.74	65.60	3.008	>
2.5		228.78	1.97	1.834	>
2.5		149.66	-4.85	2.235	>
2.5		119.81	-19.63	1.066	>
2.5	2.6	332.43	6.50	1.872	>
2.6		84.99	2.24	0.333	>
2.6		234.74	4.02	0.813	>
2.6		76.68	-85.12	0.459	>
2.6		224.57	20.78	1.308	>
2.6		233.43	69.73	2.646	>
2.6	2.7	343.34	-5.28	2.259	>
2.7		90.00	-82.85	0.506	>
2.7		225.37	-8.31	0.443	>
2.7		226.24	51.06	1.813	>
2.7	2.8	258.62	12.28	1.721	>
2.8		122.44	-3.93	0.789	>
2.8		125.26	-80.04	0.821	>
2.8		113.40	59.46	1.021	>
2.7	2.9	310.48	4.44	1.097	>
2.9		99.09	-87.45	0.570	>
2.9		250.69	3.71	0.897	>
2.9		233.37	70.97	0.879	>
2.9		60.03	-19.69	0.600	>
2.9	2.10	334.58	4.18	2.371	>
2.10		51.68	0.88	0.261	>
2.10		45.00	-88.12	0.431	>
2.10		235.88	0.65	0.442	>
2.10		241.41	71.11	2.304	>
2.10	2.11	263.74	46.91	1.115	>
2.11		52.79	1.89	0.637	>
2.11		190.35	76.04	1.454	>
2.11		0.51	-83.35	0.976	>
2.11	2.12	351.74	-3.88	3.530	>
2.12		261.51	10.43	0.834	>
2.12		249.03	60.36	1.011	>
2.12	2.13	312.48	39.31	1.973	>
2.13		98.80	-1.20	0.909	>
2.13		59.83	83.80	0.461	>
2.13		62.59	-71.79	1.071	>
2.13	2.14	28.12	3.32	2.386	>
2.14		267.20	-13.20	1.533	>
2.14		261.31	-82.96	0.594	>
2.14		137.86	73.72	0.505	>
2.14	2.15	306.11	-13.04	0.855	>
2.15		78.15	4.99	0.459	>
2.15		248.71	6.67	0.646	>
2.15		264.29	-88.60	0.412	>
2.15		125.17	82.36	0.405	>
2.15		23.52	0.85	0.471	>
2.15	2.16	48.38	7.37	4.553	>
2.16		223.69	-3.46	2.915	>
2.16		236.59	2.00	3.004	>
2.16		276.32	-3.03	1.645	>
2.16		238.04	72.75	0.898	>
2.16		109.55	-71.64	1.593	>
2.16		204.15	-9.07	2.398	>
2.16		254.44	2.91	1.262	>
2.16	2.17	328.01	-9.82	2.339	>
2.17		103.77	-2.40	1.501	>
2.17		173.42	80.13	1.221	>
2.17	2.18	86.23	-7.22	2.650	>
2.18		185.83	6.37	2.099	>
2.18		223.45	82.56	0.404	>
2.18		10.70	10.63	0.509	>
2.18		175.19	-79.39	0.518	>
2.18	2.19	146.69	18.50	0.835	>
2.19		43.54	3.87	1.391	>
2.19		159.86	17.52	0.512	>
2.19		98.53	87.11	0.402	>
2.19	2.20	87.95	13.23	1.813	>
2.20		43.10	4.20	0.600	>
2.20		208.48	63.28	1.637	>
2.20		209.41	-0.92	0.874	>
2.20	2.21	164.44	7.33	1.733	>
2.21		33.20	4.39	0.680	>
2.21		234.14	82.94	1.195	>
2.21		41.63	-84.41	0.247	>
2.21	2.22	113.94	7.56	2.911	>
2.22		255.16	77.95	1.328	>
2.22		220.21	0.07	0.880	>
2.22		136.27	-85.46	0.402	>
2.22		358.27	2.06	2.393	>
2.22		320.27	-8.84	4.282	>
2.22	2.23	181.18	30.12	1.513	>
2.23		214.34	-9.61	0.198	>
2.23		55.53	-74.17	1.263	>
2.23		35.15	9.11	0.385	>
2.23		243.43	88.07	0.399	>
2.23		34.58	-40.95	1.791	>
2.23	2.24	108.18	-8.18	4.585	>
2.24		27.46	19.01	2.122	>
2.24		265.37	83.09	1.442	>
2.24		209.32	20.18	2.737	>
2.24		204.38	31.07	3.060	>
2.24		172.95	38.50	2.697	>
2.24		119.13	44.68	2.756	>
2.24		105.48	35.64	4.287	>
2.24		94.03	37.40	3.313	>
2.24		321.98	7.70	3.410	>
2.24	2.25	188.74	35.45	3.216	>
2.25		228.02	4.32	1.170	>
2.25		342.41	79.94	2.445	>
2.25		172.87	80.93	0.870	>
2.25		33.39	9.48	0.370	>
2.25		97.27	36.04	4.183	>
2.25	2.26	139.60	16.69	4.133	>
2.26		231.42	-0.48	0.475	>
2.26		135.00	89.71	0.562	>
2.26		13.51	28.44	1.149	>
2.26		147.12	-77.06	0.526	>
2.26		118.05	16.63	3.061	>
2.25	2.27	97.32	39.05	4.944	>
2.27		73.53	39.89	0.529	>
2.27		146.00	24.41	2.860	>
2.27		181.17	14.96	2.081	>
2.27		159.34	16.76	3.638	>
2.24	2.28	323.60	-24.94	2.775	>
2.28		240.58	79.45	2.013	>
2.28		150.75	-80.12	1.169	>
2.28		153.56	-10.02	0.420	>
2.28	2.29	90.00	-48.90	0.893	>
2.29		345.85	68.45	0.657	>
2.29		153.16	1.64	0.736	>
2.29		303.40	1.68	0.647	>
2.29		85.90	-77.62	1.173	>
2.29		23.76	-19.20	1.259	>
2.29	2.30	324.60	-29.83	6.283	>
2.30		224.66	72.45	1.953	>
2.30		213.57	5.23	1.491	>
2.30		52.77	6.26	0.321	>
2.30		224.17	-83.47	0.429	>
2.30	2.31	264.23	41.75	1.547	>
2.31		36.18	2.86	1.182	>
2.31		7.14	4.71	1.413	>
2.31		76.84	80.68	0.977	>
2.31		206.68	4.66	0.431	>
2.31		164.60	-87.26	1.499	>
2.31	2.32	15.80	12.55	2.265	>
2.32		258.32	-39.45	0.877	>
2.32		254.46	-1.83	0.407	>
2.32		258.03	37.34	0.625	>
2.32		1.35	-83.56	0.758	>
2.32	2.33	323.45	-41.62	6.029	>
2.31	2.34	314.22	-30.46	5.131	>
2.34		117.96	6.32	1.809	>
2.34		169.41	73.17	1.673	>
2.34		104.76	-65.17	0.776	>
2.34	2.35	19.80	-19.74	2.760	>
2.35		249.76	75.42	3.596	>
2.35		4.86	17.88	0.583	>
2.35		222.30	3.91	1.232	>
2.35	2.36	90.99	26.23	4.445	>
2.36		172.41	2.45	2.366	>
2.36		280.27	82.98	2.478	>
2.36		0.69	7.78	1.168	>
2.36		351.57	-81.83	0.384	>
2.36		16.94	43.97	4.812	>
2.36	2.37	112.79	18.69	6.610	>
2.37		143.58	88.43	2.768	>
2.37		47.16	8.66	1.235	>
2.37		237.65	2.14	2.197	>
2.37		23.25	-72.66	0.519	>
2.37	2.38	158.52	22.40	3.917	>
2.38		265.36	79.76	2.574	>
2.38		258.24	76.01	1.766	>
2.38		188.75	-87.28	0.833	>
2.38		247.04	2.21	1.090	>
2.38		47.32	-9.21	1.131	>
2.38	2.39	158.54	15.55	5.061	>
2.39		95.36	80.88	0.811	>
2.39		243.29	-2.25	0.356	>
2.39		68.36	1.56	1.356	>
2.39		143.13	-87.25	0.312	>
2.39		37.39	14.64	2.223	>
2.39		124.16	28.99	1.238	>
2.39		169.88	20.43	1.519	>
2.39		184.02	6.77	3.173	>
2.39	2.40	137.30	35.75	3.303	>
2.40		330.78	80.41	0.406	>
2.40		24.61	16.30	0.723	>
2.40		242.47	10.68	0.431	>
2.40	2.41	156.92	21.03	1.538	>
2.41		313.23	86.65	1.174	>
2.41		273.70	17.62	0.763	>
2.41		52.79	9.23	1.147	>
2.41	2.42	188.40	54.13	1.227	>
2.42		20.18	66.00	0.306	>
2.42		64.53	1.83	0.563	>
2.42		246.49	30.02	0.252	>
2.42		119.23	24.03	1.213	>
2.35	2.43	271.86	-10.71	7.822	>
2.43		340.04	72.40	2.956	>
2.43		18.70	7.93	0.624	>
2.43		202.10	11.00	0.655	>
2.43		172.77	-79.06	1.715	>
2.43	2.44	132.78	-54.76	1.582	>
2.43	2.45	283.16	-3.82	4.220	>
2.45		5.51	2.86	0.261	>
2.45		147.31	-80.06	0.923	>
2.45		187.60	77.31	2.168	>
2.45		144.44	74.73	1.423	>
2.45		171.62	2.39	1.030	>
2.44	2.46	0.00	0.00	0.000	>
2.46		359.84	20.73	1.167	>
2.46		279.80	44.74	1.034	>
2.46	2.47	278.13	-22.88	4.082	>
2.47		175.17	69.15	1.167	>
2.47		146.11	-60.94	0.665	>
2.47		181.62	1.32	0.958	>
2.47	2.48	127.58	7.40	1.622	>
2.48		222.76	-13.16	0.316	>
2.48		203.90	77.00	0.428	>
2.48		106.86	-84.40	0.706	>
2.48		143.21	1.27	6.382	>
2.48		143.56	0.28	9.205	>
2.45	2.49	265.02	1.39	2.395	>
2.49		353.98	78.67	2.282	>
2.49		198.26	-1.66	0.517	>
2.49		19.98	9.03	0.892	>
2.49		358.39	-81.38	0.714	>
2.49		142.10	-59.72	3.781	>
2.49	2.50	297.62	28.09	2.056	>
2.50		36.72	83.46	0.690	>
2.50		191.36	6.18	0.465	>
2.50		186.67	-84.13	0.758	>
2.50	2.51	317.24	16.74	2.382	>
2.51		90.88	79.33	0.351	>
2.51		44.21	5.42	0.667	>
2.51		251.78	-12.44	1.903	>
2.51		13.37	-82.25	4.011	>
2.51	2.52	335.02	-5.36	2.804	>
2.52		212.51	-9.20	2.096	>
2.52		155.77	88.11	0.663	>
2.52		206.57	-87.80	1.105	>
2.52		140.09	-4.65	0.704	>
2.52	2.53	77.58	15.81	8.003	>
2.52	2.54	251.79	-11.14	2.991	>
2.54		7.08	14.18	1.498	>
2.54		156.77	-77.23	4.941	>
2.54		326.59	73.28	1.382	>
2.54	2.55	287.67	-14.32	2.750	>
2.55		212.31	8.18	0.478	>
2.55		2.21	0.71	1.785	>
2.55		356.98	51.35	1.246	>
2.55		0.83	-70.83	4.845	>
2.55		347.75	56.77	2.297	>
2.55	2.56	280.29	-11.16	6.043	>
2.56		173.80	-9.68	2.575	>
2.56		210.67	72.83	0.910	>
2.56		258.48	-78.70	5.523	>
2.56		355.77	-2.48	1.222	>
2.56	2.57	167.81	-69.81	4.719	>
2.57		35.68	84.02	5.529	>
2.57		358.49	5.80	1.484	>
2.57		175.95	-0.16	0.709	>
2.57		91.17	-86.28	0.755	>
2.57	2.58	266.27	3.97	6.261	>
2.58		320.10	6.41	0.913	>
2.58		289.70	73.93	2.540	>
2.58		155.97	1.06	2.051	>
2.58		137.60	-73.54	0.770	>
2.58		86.03	-33.48	4.366	>
2.58	2.59	221.33	-28.43	5.344	>
2.59		309.95	9.34	5.411	>
2.59		144.62	3.09	1.856	>
2.59		302.62	79.62	3.037	>
2.59		133.07	-79.39	0.684	>
2.59		353.29	-42.52	4.713	>
2.59		67.98	28.73	2.886	>
2.59		85.87	13.93	2.487	>
2.59		112.78	22.55	2.952	>
2.59		207.67	8.62	1.834	>
2.59		237.30	-3.60	5.282	>
2.59		272.90	-3.40	5.322	>
2.59		8.04	23.96	3.216	>
TRIP
DATE 2013-02-24 
DECLINATION     0.00
DATA
3.13	4.0	0.00	0.00	0.000	>
4.0		33.99	-0.50	0.574	>
4.0		110.32	-85.64	0.758	>
4.0		327.14	86.41	2.736	>
4.0	4.1	316.67	0.98	3.202	>
4.1		136.76	-1.39	3.220	>
4.1		38.41	3.10	0.574	>
4.1		103.20	-84.17	1.466	>
4.1		260.75	87.92	2.405	>
4.1	4.2	308.84	-15.08	7.104	>
4.2		128.55	14.54	7.096	>
4.2		194.90	1.13	0.661	>
4.2		349.82	82.91	2.891	>
4.2		179.53	-65.42	0.878	>
4.2	4.3	278.91	-12.52	4.240	>
4.3		98.44	12.27	4.211	>
4.3		81.30	88.44	3.158	>
4.3		354.96	-84.90	0.768	>
2.39	5.0	0.00	0.00	0.000	>
5.0	5.1	49.35	7.26	1.558	>
5.1		331.11	9.15	0.503	>
5.1		271.35	77.61	0.396	>
5.1		254.36	-87.97	0.731	>
5.1		351.99	40.18	0.611	>
5.1		43.60	51.40	0.558	>
5.1	5.2	10.53	51.20	1.746	>
5.2		189.76	-51.67	1.760	>
5.2		258.57	0.40	0.288	>
5.2		338.71	-79.21	0.883	>
5.2		150.81	76.25	0.699	>
5.2	5.3	347.52	12.12	4.071	>
5.3		169.15	-12.50	4.107	>
5.3		169.13	-12.74	4.103	>
5.3		347.90	14.57	1.829	>
5.3		250.25	-6.23	0.959	>
5.3		83.66	87.46	0.409	>
5.3		216.38	-86.92	0.439	>
5.3		148.71	-10.99	0.824	>
5.3		190.32	-16.90	1.225	>
5.3	5.4	50.59	25.22	3.617	>
5.4		230.43	-25.56	3.627	>
5.4		348.06	4.39	0.432	>
5.4		170.53	-5.87	1.632	>
5.4		61.17	-82.00	0.894	>
5.4		344.81	-7.60	2.111	>
5.4	5.5	67.67	12.62	3.250	>
5.5		247.14	-13.26	3.279	>
5.5		323.62	84.54	0.248	>
5.5		170.46	5.79	0.952	>
5.5		330.91	-6.08	2.133	>
5.5		222.84	-84.38	0.766	>
5.5	5.6	56.56	19.52	3.451	>
5.6		237.93	-19.53	3.493	>
5.6		154.07	-15.18	1.417	>
5.6		71.57	-87.09	0.561	>
5.6		341.80	-3.44	0.616	>
5.6		233.90	-20.78	2.147	>
5.6		168.53	2.89	4.024	>
5.6		124.69	10.46	2.435	>
5.6		106.22	14.43	1.870	>
5.6		182.56	1.04	2.752	>
5.6	5.7	151.98	-12.12	1.419	>
5.7		329.67	11.35	1.418	>
5.7		42.08	39.52	1.549	>
5.7		180.56	4.65	2.995	>
5.7		354.45	85.34	0.890	>
5.7		29.36	-87.64	0.445	>
5.7	5.8	84.92	26.43	6.297	>
5.8		355.73	6.10	0.810	>
5.8		173.10	10.04	0.321	>
5.8		349.11	81.90	0.188	>
5.8		157.62	-75.24	0.361	>
2.62	6.4	0.00	0.00	0.000	>
2.59	2.60	249.87	-18.28	3.635	>
2.60		98.60	33.33	2.914	>
2.60		127.09	30.31	4.036	>
2.60		153.59	27.64	3.546	>
2.60		181.97	11.16	5.460	>
2.60		10.69	-16.02	2.536	>
2.60		23.71	-10.67	3.085	>
2.60		196.88	-31.46	4.510	>
2.60	2.61	187.99	-36.35	6.143	>
2.61		109.02	-3.70	0.929	>
2.61		154.63	72.91	4.462	>
2.61		191.44	-82.46	3.267	>
2.61	2.62	31.61	-42.73	1.039	>
2.59	6.0	0.00	0.00	0.000	>
6.0	6.1	25.03	-14.34	3.316	>
6.1		206.41	14.30	3.262	>
6.1		315.04	-8.84	0.983	>
6.1		174.75	-0.37	0.765	>
6.1		219.51	-12.94	2.488	>
6.1		280.22	-27.04	1.898	>
6.1	6.2	255.27	-30.20	5.697	>
6.2		74.10	29.85	5.714	>
6.2		162.51	-1.35	1.058	>
6.2		220.11	80.96	1.215	>
6.2		332.91	1.17	0.391	>
6.2		198.82	-82.81	1.140	>
6.2	6.3	201.54	-10.25	3.090	>
6.3		20.13	10.18	3.100	>
6.3		263.55	-6.54	1.300	>
6.3		284.28	-86.49	0.928	>
6.3		75.34	-2.52	0.933	>
6.3		235.01	85.65	0.322	>
6.3	6.4	164.72	-15.91	4.553	>
6.4		344.84	15.77	4.522	>
6.4		258.45	-2.14	0.615	>
6.4		86.28	-2.26	0.633	>
6.4		284.91	86.05	5.527	>
6.4		181.72	-82.24	2.469	>
6.4	6.5	199.29	-26.78	2.384	>
6.5		18.11	26.15	2.369	>
6.5		318.08	0.70	0.816	>
6.5		143.35	2.76	0.726	>
6.5		191.94	83.34	5.249	>
6.5		246.95	-88.09	1.529	>
6.5	6.6	239.56	-9.78	6.285	>
6.6		58.58	9.67	6.262	>
6.6		349.17	-5.80	1.258	>
6.6		42.48	-84.91	1.452	>
6.6		174.02	2.49	0.230	>
6.6		340.21	65.15	4.364	>
6.6	6.7	284.16	-7.13	7.661	>
6.7		104.12	6.94	7.646	>
6.7		184.44	-3.04	1.112	>
6.7		315.78	-87.58	1.225	>
6.7		284.27	87.68	5.903	>
6.7	6.8	224.21	-8.55	2.577	>
6.8		43.16	8.81	2.580	>
6.8		307.58	-0.89	1.489	>
6.8		259.48	81.94	5.155	>
6.8		109.18	-87.37	1.061	>
6.8	6.9	205.89	-6.50	6.798	>
6.9		24.81	6.09	6.774	>
6.9		71.98	-5.16	1.402	>
6.9		82.59	71.47	3.439	>
6.9		18.97	-83.88	1.270	>
6.9	6.10	108.55	-5.30	2.090	>
6.10		289.79	4.08	2.120	>
6.10		243.22	-9.21	1.180	>
6.10		300.21	-85.44	1.149	>
6.10		281.62	67.93	5.456	>
6.10	6.11	204.84	6.96	7.845	>
6.11		23.37	-7.46	7.853	>
6.11		20.69	-17.04	4.038	>
6.11		31.33	-11.01	4.085	>
6.11		122.92	1.76	3.577	>
6.11		146.16	5.40	5.018	>
6.11		258.29	-10.90	3.817	>
6.11		291.06	-0.54	3.954	>
6.11		341.36	-3.34	5.881	>
6.11		332.38	-2.75	6.540	>
6.11		124.51	87.58	3.223	>
6.11		81.58	-78.83	1.022	>

PLAN
STATIONS
0.531	2.934	1.1
0.293	5.207	1.2
0.595	3.929	1.3
-0.776	6.379	1.4
-5.165	6.825	1.5
-3.442	8.236	1.6
-2.798	9.081	1.7
-2.590	11.029	1.8
-1.749	11.584	1.9
-2.965	14.383	1.10
0.430	12.616	1.11
4.501	11.405	1.12
-2.315	14.491	1.13
2.229	16.594	1.14
-4.557	17.049	1.15
-6.107	20.239	1.16
-7.221	18.142	1.17
-10.234	20.497	1.18
-11.266	18.812	1.19
-13.181	17.398	1.20
-12.783	18.932	1.21
-5.165	6.825	2.0
-8.847	6.871	2.1
-9.169	10.128	2.2
-10.761	13.722	2.3
-11.810	16.281	2.4
-12.604	18.999	2.5
-13.465	20.648	2.6
-14.110	22.803	2.7
-15.759	22.471	2.8
-14.942	23.513	2.9
-15.957	25.649	2.10
-16.714	25.566	2.11
-17.220	29.051	2.12
-18.346	30.082	2.13
-17.223	32.183	2.14
-17.896	32.674	2.15
-14.521	35.673	2.16
-15.742	37.628	2.17
-13.119	37.801	2.18
-12.684	37.139	2.19
-10.920	37.202	2.20
-10.459	35.546	2.21
-7.822	34.375	2.22
-7.849	33.067	2.23
-3.537	31.651	2.24
-3.935	29.062	2.25
-1.369	26.047	2.26
-0.127	28.573	2.27
-5.030	33.676	2.28
-4.443	33.676	2.29
-7.600	38.119	2.30
-8.748	38.003	2.31
-8.146	40.130	2.32
-10.830	43.751	2.33
-11.918	41.088	2.34
-11.038	43.532	2.35
-7.051	43.463	2.36
-1.278	41.038	2.37
0.048	37.668	2.38
1.832	33.130	2.39
3.650	31.160	2.40
4.213	29.839	2.41
4.108	29.128	2.42
-18.720	43.781	2.43
-18.050	43.161	2.44
-22.820	44.740	2.45
-18.050	43.161	2.46
-21.773	43.693	2.47
-20.498	42.712	2.48
-25.205	44.532	2.49
-26.812	45.373	2.50
-28.361	47.048	2.51
-29.540	49.579	2.52
-22.020	51.235	2.53
-32.328	48.662	2.54
-34.867	49.471	2.55
-40.700	50.530	2.56
-40.356	48.938	2.57
-46.589	48.532	2.58
-49.693	45.003	2.59
-52.934	43.815	2.60
-53.622	38.916	2.61
-53.222	39.566	2.62
-37.684	38.106	4.0
-39.881	40.435	4.1
-45.224	44.737	4.2
-49.313	45.378	4.3
1.832	33.130	5.0
3.005	34.137	5.1
3.205	35.213	5.2
2.345	39.099	5.3
4.873	41.176	5.4
7.807	42.381	5.5
10.521	44.173	5.6
11.173	42.948	5.7
16.790	43.447	5.8
-49.693	45.003	6.0
-48.334	47.914	6.1
-53.096	46.662	6.2
-54.212	43.834	6.3
-53.222	39.566	6.4
-53.761	37.601	6.5
-59.101	34.463	6.6
-66.472	36.323	6.7
-68.249	34.496	6.8
-71.198	28.420	6.9
-69.225	27.758	6.10
-72.496	20.691	6.11
-60.781	26.167	6.11
-75.166	35.397	6.9
-70.486	40.267	6.8
-59.821	41.477	6.6
-62.841	48.132	6.5
16.922	41.923	5.8
13.560	34.783	5.5
1.690	50.968	5.4
4.960	37.418	5.3
6.650	34.518	5.2
-45.589	39.656	4.2
-55.952	55.670	2.59
-46.827	55.795	2.58
-39.997	58.385	2.56
-29.657	56.810	2.54
-21.452	54.589	2.51
-24.021	48.739	2.49
-16.891	46.944	2.43
8.289	36.074	2.39
3.084	41.639	2.38
-0.301	46.454	2.37
3.634	33.596	2.31
-8.113	27.574	2.24
-10.168	32.994	2.23
-13.408	39.848	2.19
-8.893	36.253	2.16
-20.153	32.953	2.15
-19.530	30.045	2.13
-15.450	29.640	2.12
-14.290	26.312	2.10
-12.968	24.176	2.9
-16.720	20.049	2.6
-19.290	18.519	2.5
-15.278	15.836	2.4
-13.248	12.731	2.3
-12.283	7.996	2.2
-12.499	21.884	1.19
-9.119	21.369	1.18
-0.266	17.450	1.15
4.822	15.414	1.14
5.417	19.809	1.10
4.487	9.379	1.12
0.507	10.839	1.11
1.012	6.927	1.6
4.946	3.656	1.4
SHOTS
-53.222	39.566	-53.222	39.566
-69.225	27.758	-72.496	20.691
-72.496	20.691	-69.407	27.839
-72.496	20.691	-71.132	24.303
-72.496	20.691	-70.411	24.116
-72.496	20.691	-69.495	18.748
-72.496	20.691	-69.714	16.541
-72.496	20.691	-76.166	19.930
-72.496	20.691	-76.186	22.112
-72.496	20.691	-74.373	26.254
-72.496	20.691	-75.524	26.479
-72.496	20.691	-72.384	20.614
-72.496	20.691	-72.300	20.720
-71.198	28.420	-69.225	27.758
-69.225	27.758	-71.215	28.474
-69.225	27.758	-70.265	27.233
-69.225	27.758	-69.304	27.804
-69.225	27.758	-71.233	28.171
-68.249	34.496	-71.198	28.420
-71.198	28.420	-68.371	34.534
-71.198	28.420	-69.870	28.852
-71.198	28.420	-70.114	28.561
-71.198	28.420	-71.154	28.548
-66.472	36.323	-68.249	34.496
-68.249	34.496	-66.505	36.356
-68.249	34.496	-69.429	35.404
-68.249	34.496	-68.960	34.364
-68.249	34.496	-68.203	34.480
-59.101	34.463	-66.472	36.323
-66.472	36.323	-59.111	34.471
-66.472	36.323	-66.558	35.216
-66.472	36.323	-66.508	36.360
-66.472	36.323	-66.704	36.382
-53.761	37.601	-59.101	34.463
-59.101	34.463	-53.833	37.681
-59.101	34.463	-59.336	35.692
-59.101	34.463	-59.014	34.558
-59.101	34.463	-59.077	34.234
-59.101	34.463	-59.722	36.189
-53.058	39.610	-53.761	37.601
-53.761	37.601	-53.100	39.622
-53.761	37.601	-54.306	38.208
-53.761	37.601	-53.328	37.019
-53.761	37.601	-53.887	37.005
-53.761	37.601	-53.808	37.581
-54.212	43.834	-53.058	39.610
-53.058	39.610	-54.196	43.810
-53.058	39.610	-53.660	39.487
-53.058	39.610	-52.427	39.651
-53.058	39.610	-53.426	39.708
-53.058	39.610	-53.068	39.277
-53.096	46.662	-54.212	43.834
-54.212	43.834	-53.162	46.699
-54.212	43.834	-55.495	43.689
-54.212	43.834	-54.267	43.848
-54.212	43.834	-53.310	44.070
-54.212	43.834	-54.232	43.820
-48.334	47.914	-53.096	46.662
-53.096	46.662	-48.330	48.020
-53.096	46.662	-52.778	45.653
-53.096	46.662	-53.219	46.516
-53.096	46.662	-53.274	47.010
-53.096	46.662	-53.142	46.527
-49.693	45.003	-48.334	47.914
-48.334	47.914	-49.740	45.083
-48.334	47.914	-49.020	48.601
-48.334	47.914	-48.264	47.152
-48.334	47.914	-49.877	46.043
-48.334	47.914	-49.998	48.214
-49.693	45.003	-49.693	45.003
-53.622	38.916	-53.222	39.566
-52.934	43.815	-53.622	38.916
-53.622	38.916	-52.746	38.614
-53.622	38.916	-53.060	37.731
-53.622	38.916	-53.707	38.496
-49.693	45.003	-52.934	43.815
-52.934	43.815	-50.527	43.451
-52.934	43.815	-50.155	41.714
-52.934	43.815	-51.537	41.002
-52.934	43.815	-53.118	38.461
-52.934	43.815	-52.482	46.210
-52.934	43.815	-51.715	46.591
-52.934	43.815	-54.051	40.134
11.173	42.948	16.790	43.447
16.790	43.447	16.730	44.250
16.790	43.447	16.828	43.133
16.790	43.447	16.785	43.473
16.790	43.447	16.825	43.362
10.521	44.173	11.173	42.948
11.173	42.948	10.471	44.148
11.173	42.948	11.974	43.835
11.173	42.948	11.144	39.963
11.173	42.948	11.166	43.020
11.173	42.948	11.182	42.964
7.807	42.381	10.521	44.173
10.521	44.173	7.731	42.425
10.521	44.173	11.119	42.943
10.521	44.173	10.548	44.182
10.521	44.173	10.329	44.757
10.521	44.173	8.899	42.990
10.521	44.173	11.320	40.234
10.521	44.173	12.490	42.810
10.521	44.173	12.260	43.667
10.521	44.173	10.398	41.424
4.873	41.176	7.807	42.381
7.807	42.381	4.866	41.141
7.807	42.381	7.793	42.400
7.807	42.381	7.964	41.447
7.807	42.381	6.776	44.234
7.807	42.381	7.756	42.326
2.345	39.099	4.873	41.176
4.873	41.176	2.351	39.092
4.873	41.176	4.784	41.597
4.873	41.176	5.140	39.575
4.873	41.176	4.982	41.236
4.873	41.176	4.325	43.195
3.205	35.213	2.345	39.099
2.345	39.099	3.100	35.161
2.345	39.099	3.100	35.169
2.345	39.099	1.974	40.830
2.345	39.099	1.448	38.777
2.345	39.099	2.363	39.101
2.345	39.099	2.331	39.080
2.345	39.099	2.765	38.408
2.345	39.099	2.135	37.946
3.005	34.137	3.205	35.213
3.205	35.213	3.020	34.137
3.205	35.213	2.923	35.156
3.205	35.213	3.145	35.367
3.205	35.213	3.286	35.068
1.832	33.130	3.005	34.137
3.005	34.137	2.765	34.572
3.005	34.137	2.920	34.139
3.005	34.137	2.980	34.130
3.005	34.137	2.940	34.599
3.005	34.137	3.245	34.389
1.832	33.130	1.832	33.130
-45.224	44.737	-49.313	45.378
-49.313	45.378	-45.243	44.774
-49.313	45.378	-49.228	45.391
-49.313	45.378	-49.319	45.446
-39.881	40.435	-45.224	44.737
-45.224	44.737	-39.852	40.457
-45.224	44.737	-45.394	44.098
-45.224	44.737	-45.287	45.088
-45.224	44.737	-45.221	44.372
-37.684	38.106	-39.881	40.435
-39.881	40.435	-37.676	38.090
-39.881	40.435	-39.525	40.884
-39.881	40.435	-39.736	40.401
-39.881	40.435	-39.967	40.421
-37.684	38.106	-37.684	38.106
-37.684	38.106	-37.363	38.582
-37.684	38.106	-37.630	38.086
-37.684	38.106	-37.777	38.250
-46.589	48.532	-49.693	45.003
-49.693	45.003	-53.786	48.431
-49.693	45.003	-48.620	43.492
-49.693	45.003	-50.154	45.298
-49.693	45.003	-49.601	44.917
-49.693	45.003	-50.099	48.453
-49.693	45.003	-47.347	45.952
-49.693	45.003	-47.285	45.177
-49.693	45.003	-47.179	43.947
-49.693	45.003	-50.535	43.397
-49.693	45.003	-54.129	42.155
-49.693	45.003	-54.999	45.272
-49.693	45.003	-49.282	47.913
-40.356	48.938	-46.589	48.532
-46.589	48.532	-47.171	49.228
-46.589	48.532	-47.251	48.769
-46.589	48.532	-45.754	46.659
-46.589	48.532	-46.442	48.371
-46.589	48.532	-42.956	48.784
-40.700	50.530	-40.356	48.938
-40.356	48.938	-40.020	49.406
-40.356	48.938	-40.395	50.414
-40.356	48.938	-40.306	48.231
-40.356	48.938	-40.307	48.937
-34.867	49.471	-40.700	50.530
-40.700	50.530	-40.426	48.006
-40.700	50.530	-40.837	50.299
-40.700	50.530	-41.760	50.314
-40.700	50.530	-40.790	51.748
-32.328	48.662	-34.867	49.471
-34.867	49.471	-35.120	49.071
-34.867	49.471	-34.798	51.255
-34.867	49.471	-34.908	50.248
-34.867	49.471	-34.844	51.062
-34.867	49.471	-35.134	50.701
-29.540	49.579	-32.328	48.662
-32.328	48.662	-32.149	50.103
-32.328	48.662	-31.897	47.658
-32.328	48.662	-32.547	48.994
-29.540	49.579	-22.020	51.235
-28.361	47.048	-29.540	49.579
-29.540	49.579	-30.652	47.834
-29.540	49.579	-29.531	49.559
-29.540	49.579	-29.559	49.541
-29.540	49.579	-29.090	49.041
-26.812	45.373	-28.361	47.048
-28.361	47.048	-28.296	47.047
-28.361	47.048	-27.898	47.524
-28.361	47.048	-30.126	46.467
-28.361	47.048	-28.236	47.574
-25.205	44.532	-26.812	45.373
-26.812	45.373	-26.765	45.436
-26.812	45.373	-26.903	44.920
-26.812	45.373	-26.821	45.296
-22.820	44.740	-25.205	44.532
-25.205	44.532	-25.252	44.978
-25.205	44.532	-25.367	44.041
-25.205	44.532	-24.904	45.360
-25.205	44.532	-25.208	44.639
-25.205	44.532	-24.034	43.028
-21.773	43.693	-20.498	42.712
-20.498	42.712	-20.707	42.486
-20.498	42.712	-20.537	42.624
-20.498	42.712	-20.432	42.692
-20.498	42.712	-16.677	37.602
-20.498	42.712	-15.031	35.307
-18.050	43.161	-21.773	43.693
-21.773	43.693	-21.738	43.279
-21.773	43.693	-21.593	43.425
-21.773	43.693	-21.800	42.736
-18.050	43.161	-18.050	43.161
-18.050	43.161	-18.053	44.252
-18.050	43.161	-18.774	43.286
-18.720	43.781	-22.820	44.740
-22.820	44.740	-22.795	44.999
-22.820	44.740	-22.734	44.606
-22.820	44.740	-22.883	44.268
-22.820	44.740	-22.602	44.435
-22.820	44.740	-22.670	43.722
-18.720	43.781	-18.050	43.161
-11.038	43.532	-18.720	43.781
-18.720	43.781	-19.025	44.621
-18.720	43.781	-18.522	44.366
-18.720	43.781	-18.962	43.185
-18.720	43.781	-18.679	43.458
4.213	29.839	4.108	29.128
4.108	29.128	4.151	29.245
4.108	29.128	4.616	29.370
4.108	29.128	3.908	29.041
4.108	29.128	5.075	28.587
3.650	31.160	4.213	29.839
4.213	29.839	4.163	29.886
4.213	29.839	3.487	29.886
4.213	29.839	5.115	30.524
1.832	33.130	3.650	31.160
3.650	31.160	3.617	31.219
3.650	31.160	3.939	31.791
3.650	31.160	3.274	30.964
0.048	37.668	1.832	33.130
1.832	33.130	1.960	33.118
1.832	33.130	1.514	32.970
1.832	33.130	3.092	33.630
1.832	33.130	1.841	33.118
1.832	33.130	3.138	34.839
1.832	33.130	2.728	32.522
1.832	33.130	2.082	31.729
1.832	33.130	1.611	29.987
-1.278	41.038	0.048	37.668
0.048	37.668	-0.408	37.631
0.048	37.668	-0.370	37.581
0.048	37.668	0.042	37.629
0.048	37.668	-0.955	37.243
0.048	37.668	0.869	38.425
-7.051	43.463	-1.278	41.038
-1.278	41.038	-1.233	40.977
-1.278	41.038	-0.383	41.868
-1.278	41.038	-3.133	39.863
-1.278	41.038	-1.217	41.180
-11.038	43.532	-7.051	43.463
-7.051	43.463	-6.739	41.120
-7.051	43.463	-7.349	43.517
-7.051	43.463	-7.037	44.620
-7.051	43.463	-7.059	43.517
-7.051	43.463	-6.042	46.776
-11.918	41.088	-11.038	43.532
-11.038	43.532	-11.887	43.219
-11.038	43.532	-10.991	44.085
-11.038	43.532	-11.865	42.623
-8.748	38.003	-11.918	41.088
-11.918	41.088	-10.330	40.245
-11.918	41.088	-11.829	40.612
-11.918	41.088	-11.603	41.005
-8.146	40.130	-10.830	43.751
-8.748	38.003	-8.146	40.130
-8.146	40.130	-8.809	39.993
-8.146	40.130	-8.538	40.021
-8.146	40.130	-8.632	40.027
-8.146	40.130	-8.144	40.215
-7.600	38.119	-8.748	38.003
-8.748	38.003	-8.051	38.956
-8.748	38.003	-8.573	39.400
-8.748	38.003	-8.594	38.039
-8.748	38.003	-8.941	37.619
-8.748	38.003	-8.729	37.934
-4.443	33.676	-7.600	38.119
-7.600	38.119	-8.014	37.700
-7.600	38.119	-8.421	36.882
-7.600	38.119	-7.346	38.312
-7.600	38.119	-7.634	38.084
-5.030	33.676	-4.443	33.676
-4.443	33.676	-4.502	33.910
-4.443	33.676	-4.111	33.020
-4.443	33.676	-4.983	34.032
-4.443	33.676	-4.192	33.694
-4.443	33.676	-3.964	34.764
-3.537	31.651	-5.030	33.676
-5.030	33.676	-5.351	33.495
-5.030	33.676	-4.932	33.501
-5.030	33.676	-4.846	33.306
-3.935	29.062	-0.127	28.573
-0.127	28.573	0.262	28.688
-0.127	28.573	1.329	26.414
-0.127	28.573	-0.168	26.563
-0.127	28.573	1.102	25.314
-3.935	29.062	-1.369	26.047
-1.369	26.047	-1.740	25.751
-1.369	26.047	-1.367	26.045
-1.369	26.047	-1.133	27.029
-1.369	26.047	-1.305	25.948
-1.369	26.047	1.219	24.668
-3.537	31.651	-3.935	29.062
-3.935	29.062	-4.802	28.282
-3.935	29.062	-4.064	29.469
-3.935	29.062	-3.918	28.926
-3.935	29.062	-3.734	29.367
-3.935	29.062	-0.580	28.634
-7.849	33.067	-3.537	31.651
-3.537	31.651	-2.612	33.431
-3.537	31.651	-3.710	31.637
-3.537	31.651	-4.795	29.411
-3.537	31.651	-4.619	29.264
-3.537	31.651	-3.278	29.556
-3.537	31.651	-1.825	30.697
-3.537	31.651	-0.179	30.721
-3.537	31.651	-0.912	31.466
-3.537	31.651	-5.618	34.313
-7.822	34.375	-7.849	33.067
-7.849	33.067	-7.959	32.906
-7.849	33.067	-7.565	33.262
-7.849	33.067	-7.630	33.378
-7.849	33.067	-7.861	33.061
-7.849	33.067	-7.081	34.181
-10.459	35.546	-7.822	34.375
-7.822	34.375	-8.090	34.304
-7.822	34.375	-8.390	33.703
-7.822	34.375	-7.800	34.352
-7.822	34.375	-7.894	36.765
-7.822	34.375	-10.526	37.629
-10.920	37.202	-10.459	35.546
-10.459	35.546	-10.088	36.113
-10.459	35.546	-10.578	35.460
-10.459	35.546	-10.443	35.564
-12.684	37.139	-10.920	37.202
-10.920	37.202	-10.511	37.639
-10.920	37.202	-11.271	36.555
-10.920	37.202	-11.349	36.441
-13.119	37.801	-12.684	37.139
-12.684	37.139	-11.728	38.145
-12.684	37.139	-12.516	36.681
-12.684	37.139	-12.664	37.136
-15.742	37.628	-13.119	37.801
-13.119	37.801	-13.331	35.726
-13.119	37.801	-13.155	37.763
-13.119	37.801	-13.026	38.293
-13.119	37.801	-13.111	37.706
-14.521	35.673	-15.742	37.628
-15.742	37.628	-14.285	37.271
-15.742	37.628	-15.718	37.420
-17.896	32.674	-14.521	35.673
-14.521	35.673	-16.531	33.569
-14.521	35.673	-17.027	34.020
-14.521	35.673	-16.154	35.854
-14.521	35.673	-14.747	35.532
-14.521	35.673	-14.048	35.505
-14.521	35.673	-15.490	33.512
-14.521	35.673	-15.735	35.335
-17.223	32.183	-17.896	32.674
-17.896	32.674	-17.448	32.768
-17.896	32.674	-18.494	32.441
-17.896	32.674	-17.906	32.673
-17.896	32.674	-17.852	32.643
-17.896	32.674	-17.708	33.106
-18.346	30.082	-17.223	32.183
-17.223	32.183	-18.714	32.110
-17.223	32.183	-17.295	32.172
-17.223	32.183	-17.128	32.078
-17.220	29.051	-18.346	30.082
-18.346	30.082	-17.448	29.943
-18.346	30.082	-18.303	30.107
-18.346	30.082	-18.049	30.236
-16.714	25.566	-17.220	29.051
-17.220	29.051	-18.031	28.930
-17.220	29.051	-17.687	28.872
-15.957	25.649	-16.714	25.566
-16.714	25.566	-16.207	25.951
-16.714	25.566	-16.777	25.221
-16.714	25.566	-16.713	25.679
-14.942	23.513	-15.957	25.649
-15.957	25.649	-15.752	25.811
-15.957	25.649	-15.947	25.659
-15.957	25.649	-16.323	25.401
-15.957	25.649	-16.612	25.292
-14.110	22.803	-14.942	23.513
-14.942	23.513	-14.917	23.509
-14.942	23.513	-15.787	23.217
-14.942	23.513	-15.172	23.342
-14.942	23.513	-14.453	23.795
-14.110	22.803	-15.759	22.471
-15.759	22.471	-15.095	22.049
-15.759	22.471	-15.643	22.389
-15.759	22.471	-15.283	22.265
-13.465	20.648	-14.110	22.803
-14.110	22.803	-14.047	22.803
-14.110	22.803	-14.422	22.495
-14.110	22.803	-14.933	22.015
-12.604	18.999	-13.465	20.648
-13.465	20.648	-13.134	20.677
-13.465	20.648	-14.127	20.180
-13.465	20.648	-13.427	20.657
-13.465	20.648	-14.323	19.777
-13.465	20.648	-14.201	20.102
-11.810	16.281	-12.604	18.999
-12.604	18.999	-12.320	19.114
-12.604	18.999	-12.614	18.971
-12.604	18.999	-13.276	17.954
-12.604	18.999	-13.983	17.791
-12.604	18.999	-11.479	17.077
-12.604	18.999	-11.733	18.500
-10.761	13.722	-11.810	16.281
-11.810	16.281	-11.464	16.622
-11.810	16.281	-12.265	16.087
-11.810	16.281	-12.904	16.314
-9.169	10.128	-10.761	13.722
-10.761	13.722	-11.031	13.738
-10.761	13.722	-10.388	13.986
-10.761	13.722	-10.939	13.653
-10.761	13.722	-10.694	13.750
-10.761	13.722	-11.156	13.530
-8.847	6.871	-9.169	10.128
-9.169	10.128	-9.743	9.821
-9.169	10.128	-8.890	10.150
-9.169	10.128	-8.647	10.407
-9.169	10.128	-9.261	10.067
-9.169	10.128	-8.315	10.493
-9.169	10.128	-8.611	9.176
-5.165	6.825	-8.847	6.871
-8.847	6.871	-7.291	8.106
-8.847	6.871	-8.771	6.849
-8.847	6.871	-8.607	6.851
-8.847	6.871	-4.671	6.285
-8.847	6.871	-6.041	5.102
-8.847	6.871	-7.365	4.251
-8.847	6.871	-4.860	1.682
-5.165	6.825	-5.165	6.825
-5.165	6.825	-5.269	6.263
-5.165	6.825	-5.270	6.804
-5.165	6.825	-5.117	8.169
-5.165	6.825	-5.117	6.819
-5.165	6.825	-8.836	6.951
-5.165	6.825	-9.013	6.945
-13.181	17.398	-12.783	18.932
-12.783	18.932	-13.205	17.395
-12.783	18.932	-14.241	17.947
-12.783	18.932	-12.800	18.977
-12.783	18.932	-12.509	19.137
-12.783	18.932	-13.837	18.051
-11.266	18.812	-13.181	17.398
-13.181	17.398	-11.251	18.822
-13.181	17.398	-12.315	17.815
-13.181	17.398	-12.554	18.047
-13.181	17.398	-12.920	17.425
-13.181	17.398	-13.316	17.480
-10.234	20.497	-11.266	18.812
-11.266	18.812	-10.233	20.483
-11.266	18.812	-11.374	18.945
-11.266	18.812	-11.363	18.889
-11.266	18.812	-11.625	19.080
-7.221	18.142	-10.234	20.497
-10.234	20.497	-7.231	18.122
-10.234	20.497	-9.610	19.124
-10.234	20.497	-10.748	20.794
-10.234	20.497	-10.351	20.479
-10.234	20.497	-10.237	20.442
-6.107	20.239	-7.221	18.142
-7.221	18.142	-6.081	20.222
-7.221	18.142	-7.002	18.620
-7.221	18.142	-7.739	19.349
-7.221	18.142	-7.040	18.503
-7.221	18.142	-6.581	18.214
-7.221	18.142	-7.585	16.655
-4.557	17.049	-6.107	20.239
-6.107	20.239	-4.570	17.031
-6.107	20.239	-5.880	20.413
-6.107	20.239	-5.819	20.385
-6.107	20.239	-6.588	19.696
-6.107	20.239	-7.075	19.888
-6.107	20.239	-6.593	19.930
-6.107	20.239	-6.330	19.413
-2.965	14.383	-4.557	17.049
-4.557	17.049	-2.964	14.395
-4.557	17.049	-3.884	17.388
-4.557	17.049	-4.669	16.993
-4.557	17.049	-4.457	17.036
-4.557	17.049	-6.313	15.772
-4.557	17.049	-4.369	16.142
-2.315	14.491	2.229	16.594
2.229	16.594	-2.788	14.383
2.229	16.594	1.942	16.030
2.229	16.594	2.199	16.271
2.229	16.594	2.156	16.606
2.229	16.594	2.872	14.632
2.229	16.594	1.434	16.822
-2.965	14.383	-2.315	14.491
-2.315	14.491	-2.963	14.374
-2.315	14.491	-1.855	14.433
-2.315	14.491	-1.669	13.575
-2.315	14.491	-1.983	14.205
-2.315	14.491	-2.618	14.921
0.430	12.616	4.501	11.405
4.501	11.405	4.481	11.415
4.501	11.405	4.523	11.389
4.501	11.405	4.327	10.866
4.501	11.405	3.876	12.373
4.501	11.405	4.873	12.993
4.501	11.405	6.310	11.190
-1.749	11.584	0.430	12.616
0.430	12.616	-1.762	11.610
0.430	12.616	0.110	12.376
0.430	12.616	0.555	12.752
0.430	12.616	0.159	12.457
0.430	12.616	0.438	12.324
0.430	12.616	3.191	11.123
-1.749	11.584	-2.965	14.383
-2.965	14.383	-1.729	11.583
-2.965	14.383	-3.426	14.031
-2.965	14.383	-2.344	14.676
-2.965	14.383	-1.597	14.111
-2.965	14.383	-2.073	14.567
-2.965	14.383	-4.137	12.351
-2.590	11.029	-1.749	11.584
-1.749	11.584	-2.605	11.022
-1.749	11.584	-1.703	11.785
-1.749	11.584	-2.335	11.685
-1.749	11.584	-1.882	11.597
-1.749	11.584	1.648	12.495
-2.798	9.081	-2.590	11.029
-2.590	11.029	-2.755	9.069
-2.590	11.029	-1.149	10.818
-2.590	11.029	-2.479	10.999
-2.590	11.029	-2.003	10.902
-2.590	11.029	-1.756	10.736
-3.442	8.236	-2.798	9.081
-2.798	9.081	-3.442	8.233
-2.798	9.081	-2.970	9.347
-2.798	9.081	-2.764	8.587
-2.798	9.081	-2.947	9.128
-2.798	9.081	-3.322	9.297
-2.798	9.081	-0.890	8.741
-5.165	6.825	-3.442	8.236
-3.442	8.236	-5.144	6.846
-3.442	8.236	-3.440	8.289
-3.442	8.236	-3.478	8.194
-3.442	8.236	-3.885	8.482
-3.442	8.236	-3.244	8.171
-0.776	6.379	-5.165	6.825
-5.165	6.825	-0.770	6.461
-5.165	6.825	-2.316	4.917
-5.165	6.825	-2.644	4.377
-5.165	6.825	-0.122	2.675
-5.165	6.825	-3.997	4.833
-5.165	6.825	-4.447	5.386
-5.165	6.825	-5.903	6.594
-5.165	6.825	-6.248	7.356
-5.165	6.825	-7.597	8.049
-5.165	6.825	-4.163	7.917
-5.165	6.825	-1.199	8.051
-5.165	6.825	-5.210	6.917
-5.165	6.825	-4.971	6.736
0.595	3.929	-0.776	6.379
-0.776	6.379	0.529	3.884
-0.776	6.379	-1.044	5.886
-0.776	6.379	-0.713	6.302
-0.776	6.379	-0.790	6.290
-0.776	6.379	-0.730	6.427
0.293	5.207	0.595	3.929
0.595	3.929	0.568	4.037
0.595	3.929	0.323	5.195
0.595	3.929	0.632	4.142
0.595	3.929	0.354	3.742
0.595	3.929	0.773	4.225
0.595	3.929	0.618	4.081
0.000	0.000	0.293	5.207
0.293	5.207	0.097	-0.005
0.293	5.207	0.031	3.335
0.293	5.207	0.664	3.329
0.293	5.207	-0.570	4.126
0.293	5.207	-0.304	4.966
0.293	5.207	0.952	5.027
0.293	5.207	1.285	4.008
0.293	5.207	0.368	3.965
0.293	5.207	0.551	4.015
0.293	5.207	0.177	4.541
0.293	5.207	0.894	4.660
0.000	0.000	0.531	2.934
-60.781	26.167	-60.588	25.147	
-60.781	26.167	-60.505	24.984	
-60.781	26.167	-61.238	25.387	
-60.781	26.167	-64.320	26.277	
-60.781	26.167	-65.046	26.639	
-60.781	26.167	-57.768	25.445	
-60.781	26.167	-56.835	26.130	
-60.781	26.167	-56.744	25.824	
-60.781	26.167	-55.605	25.853	
-60.781	26.167	-60.915	29.387	
-60.781	26.167	-60.947	25.164	
-75.166	35.397	-80.142	36.116	
-75.166	35.397	-76.557	35.271	
-75.166	35.397	-76.220	38.658	
-75.166	35.397	-75.256	34.134	
-70.486	40.267	-70.849	40.662	
-70.486	40.267	-68.999	40.244	
-70.486	40.267	-69.979	45.371	
-70.486	40.267	-70.533	39.207	
-59.821	41.477	-57.382	42.529	
-59.821	41.477	-58.571	41.350	
-59.821	41.477	-59.739	40.031	
-59.821	41.477	-60.051	41.487	
-59.821	41.477	-58.025	45.437	
-62.841	48.132	-62.068	49.176	
-62.841	48.132	-62.034	48.142	
-62.841	48.132	-63.545	48.167	
-62.841	48.132	-63.122	53.346	
-62.841	48.132	-62.817	46.604	
16.922	41.923	16.117	42.009	
16.922	41.923	17.238	41.979	
16.922	41.923	16.896	42.109	
16.922	41.923	17.010	41.574	
13.560	34.783	13.286	34.031	
13.560	34.783	13.537	35.030	
13.560	34.783	14.459	34.879	
13.560	34.783	11.440	34.557	
13.560	34.783	13.585	34.021	
1.690	50.968	1.694	49.403	
1.690	50.968	1.309	51.001	
1.690	50.968	3.095	50.801	
1.690	50.968	1.713	50.083	
1.690	50.968	-0.216	50.689	
4.960	37.418	6.961	36.529	
4.960	37.418	6.959	36.513	
4.960	37.418	4.043	37.878	
4.960	37.418	4.218	37.314	
4.960	37.418	4.976	37.827	
4.960	37.418	4.953	36.980	
4.960	37.418	5.583	37.261	
4.960	37.418	5.139	37.062	
6.650	34.518	6.445	33.137	
6.650	34.518	6.367	34.520	
6.650	34.518	6.593	33.651	
6.650	34.518	6.728	35.197	
-45.589	39.656	-45.556	41.437	
-45.589	39.656	-46.193	39.669	
-45.589	39.656	-45.355	42.525	
-45.589	39.656	-45.872	38.858	
-55.952	55.670	-50.615	56.548	
-55.952	55.670	-57.756	55.770	
-55.952	55.670	-55.411	58.657	
-55.952	55.670	-56.078	54.998	
-55.952	55.670	-53.367	52.485	
-55.952	55.670	-57.085	57.057	
-55.952	55.670	-57.644	56.269	
-55.952	55.670	-58.537	56.802	
-55.952	55.670	-56.381	55.945	
-55.952	55.670	-54.505	55.338	
-55.952	55.670	-51.792	55.354	
-55.952	55.670	-54.337	56.976	
-46.827	55.795	-46.094	55.897	
-46.827	55.795	-46.546	58.236	
-46.827	55.795	-48.752	55.833	
-46.827	55.795	-46.998	55.057	
-46.827	55.795	-46.821	53.386	
-39.997	58.385	-41.950	57.952	
-39.997	58.385	-40.060	59.254	
-39.997	58.385	-39.386	52.969	
-39.997	58.385	-39.085	58.332	
-29.657	56.810	-28.346	57.177	
-29.657	56.810	-30.746	51.991	
-29.657	56.810	-29.273	58.134	
-21.452	54.589	-21.399	54.934	
-21.452	54.589	-20.803	54.652	
-21.452	54.589	-23.243	54.179	
-21.452	54.589	-21.056	50.615	
-24.021	48.739	-23.573	50.977	
-24.021	48.739	-24.496	48.724	
-24.021	48.739	-23.223	48.879	
-24.021	48.739	-23.914	48.033	
-24.021	48.739	-25.622	45.474	
-16.891	46.944	-16.061	49.762	
-16.891	46.944	-16.300	47.030	
-16.891	46.944	-17.494	47.069	
-16.891	46.944	-17.213	45.260	
8.289	36.074	8.174	36.875	
8.289	36.074	8.644	36.060	
8.289	36.074	6.933	36.111	
8.289	36.074	8.285	35.762	
8.289	36.074	6.448	36.636	
8.289	36.074	7.678	36.674	
8.289	36.074	8.570	36.604	
8.289	36.074	9.647	36.448	
3.084	41.639	3.521	44.172	
3.084	41.639	3.505	43.353	
3.084	41.639	3.103	40.807	
3.084	41.639	4.173	41.681	
3.084	41.639	2.043	41.458	
-0.301	46.454	-0.262	49.221	
-0.301	46.454	-1.414	46.640	
-0.301	46.454	1.504	46.536	
-0.301	46.454	-0.456	45.959	
3.634	33.596	4.781	33.655	
3.634	33.596	4.666	33.712	
3.634	33.596	3.775	34.560	
3.634	33.596	3.239	33.631	
3.634	33.596	3.604	32.099	
-8.113	27.574	-10.091	28.265	
-8.113	27.574	-8.046	29.006	
-8.113	27.574	-5.595	28.518	
-8.113	27.574	-5.509	29.153	
-8.113	27.574	-6.199	29.253	
-8.113	27.574	-7.732	29.512	
-8.113	27.574	-8.262	30.072	
-8.113	27.574	-8.745	29.586	
-8.113	27.574	-10.005	28.031	
-10.168	32.994	-10.061	32.961	
-10.168	32.994	-10.447	31.779	
-10.168	32.994	-10.379	33.055	
-10.168	32.994	-10.157	33.393	
-10.168	32.994	-10.909	31.820	
-13.408	39.848	-14.740	39.942	
-13.408	39.848	-13.078	40.002	
-13.408	39.848	-13.415	40.249	
-8.893	36.253	-10.579	36.077	
-8.893	36.253	-11.135	36.358	
-8.893	36.253	-10.535	36.166	
-8.893	36.253	-9.096	37.111	
-8.893	36.253	-8.401	34.741	
-8.893	36.253	-9.541	35.875	
-8.893	36.253	-10.045	36.317	
-20.153	32.953	-19.701	32.993	
-20.153	32.953	-20.762	33.028	
-20.153	32.953	-20.163	32.541	
-20.153	32.953	-20.110	33.354	
-20.153	32.953	-19.945	32.960	
-19.530	30.045	-18.668	30.026	
-19.530	30.045	-19.483	30.503	
-19.530	30.045	-19.211	29.028	
-15.450	29.640	-16.223	29.791	
-15.450	29.640	-15.946	30.519	
-14.290	26.312	-14.049	26.316	
-14.290	26.312	-14.276	25.881	
-14.290	26.312	-14.685	26.317	
-14.290	26.312	-14.920	28.492	
-12.968	24.176	-12.955	23.607	
-12.968	24.176	-13.742	24.234	
-12.968	24.176	-13.248	25.007	
-12.968	24.176	-12.436	23.974	
-16.720	20.049	-16.414	20.062	
-16.720	20.049	-17.524	20.106	
-16.720	20.049	-16.682	19.592	
-16.720	20.049	-17.884	20.513	
-16.720	20.049	-17.625	22.531	
-19.290	18.519	-18.985	18.543	
-19.290	18.519	-19.308	18.293	
-19.290	18.519	-20.230	21.258	
-19.290	18.519	-20.954	18.582	
-19.290	18.519	-18.754	18.330	
-19.290	18.519	-18.595	18.161	
-15.278	15.836	-14.838	14.476	
-15.278	15.836	-15.772	15.769	
-15.278	15.836	-16.299	17.784	
-13.248	12.731	-13.488	13.898	
-13.248	12.731	-12.800	12.741	
-13.248	12.731	-13.439	12.753	
-13.248	12.731	-13.175	12.248	
-13.248	12.731	-13.687	12.749	
-12.283	7.996	-12.884	7.902	
-12.283	7.996	-12.003	6.081	
-12.283	7.996	-11.736	8.001	
-12.283	7.996	-12.380	8.732	
-12.283	7.996	-11.397	6.603	
-12.283	7.996	-11.820	7.300	
-12.499	21.884	-12.132	22.452	
-12.499	21.884	-12.330	22.410	
-12.499	21.884	-12.375	20.344	
-12.499	21.884	-12.053	21.775	
-9.119	21.369	-11.995	22.697	
-9.119	21.369	-10.582	21.698	
-9.119	21.369	-8.734	21.398	
-9.119	21.369	-9.115	21.623	
-9.119	21.369	-9.173	20.686	
-0.266	17.450	-0.259	18.449	
-0.266	17.450	0.485	17.273	
-0.266	17.450	-0.391	18.135	
-0.266	17.450	-0.187	16.651	
-0.266	17.450	-2.428	16.492	
-0.266	17.450	-0.569	17.623	
4.822	15.414	4.738	13.455	
4.822	15.414	5.215	15.299	
4.822	15.414	5.103	14.976	
4.822	15.414	4.781	15.613	
4.822	15.414	6.874	15.710	
4.822	15.414	4.283	15.217	
5.417	19.809	5.438	19.473	
5.417	19.809	4.854	19.794	
5.417	19.809	6.103	18.695	
5.417	19.809	6.565	19.515	
5.417	19.809	6.309	19.125	
5.417	19.809	3.534	22.742	
4.487	9.379	4.483	9.624	
4.487	9.379	4.497	9.118	
4.487	9.379	5.053	9.570	
4.487	9.379	3.736	9.183	
4.487	9.379	2.859	9.314	
4.487	9.379	4.179	9.772	
0.507	10.839	1.340	10.611	
0.507	10.839	0.722	11.019	
0.507	10.839	0.381	10.765	
0.507	10.839	0.644	11.164	
0.507	10.839	0.799	10.442	
0.507	10.839	2.209	11.852	
1.012	6.927	0.754	7.832	
1.012	6.927	0.977	7.274	
1.012	6.927	1.015	6.636	
1.012	6.927	0.522	6.919	
1.012	6.927	1.199	6.932	
4.946	3.656	4.848	4.990	
4.946	3.656	4.469	3.649	
4.946	3.656	4.963	4.236	
4.946	3.656	4.890	2.341	
4.946	3.656	5.010	5.150	
POLYLINE BLACK
-63.781	25.537
-63.811	25.687
-63.811	25.897
-63.781	26.017
-63.781	26.227
-63.751	26.407
-63.751	26.557
-63.691	26.977
-63.661	27.097
-63.661	27.367
-63.511	27.967
-63.421	28.297
-63.451	28.417
-63.451	28.807
-63.421	28.927
-63.451	29.047
-63.451	29.227
-63.481	29.347
-63.511	29.467
-63.481	29.527
POLYLINE BLACK
-57.301	28.807
-57.301	28.867
POLYLINE BLACK
-57.391	24.997
-57.511	25.177
-57.571	25.567
-57.541	25.897
-57.541	26.047
-57.391	26.707
-57.271	27.037
-57.271	27.427
-57.211	28.027
-57.241	28.177
-57.241	28.357
-57.271	28.477
-57.331	28.777
POLYLINE BLACK
-58.951	25.687
-59.011	25.807
-59.011	26.347
-58.981	26.467
-58.861	26.437
-58.741	26.377
-58.531	26.377
-58.291	26.317
-58.081	26.317
-57.751	26.437
-57.691	26.377
-57.691	25.747
-57.661	25.627
-57.661	25.507
-57.781	25.537
-58.201	25.537
-58.381	25.597
-58.711	25.597
-59.011	25.687
-59.161	25.657
-59.221	25.687
POLYLINE BLACK
-61.351	25.747
-61.351	25.987
-61.231	26.077
-61.111	26.077
-60.991	26.107
-60.601	26.137
-60.361	26.107
-60.241	26.107
-60.181	26.047
-60.181	25.717
-60.301	25.687
-60.421	25.627
-60.541	25.657
-60.631	25.627
-60.871	25.717
-61.111	25.717
-61.291	25.777
-61.351	25.747
-61.471	25.807
POLYLINE BLACK
-64.561	25.447
-64.681	25.417
-64.951	25.417
-65.011	25.447
POLYLINE BLACK
-65.221	29.887
-65.191	29.677
-65.221	29.617
-65.341	29.707
-65.521	29.707
POLYLINE BLACK
-64.411	29.617
-64.531	29.587
-64.651	29.617
POLYLINE BLACK
-64.141	25.357
-64.141	25.297
-63.961	25.357
-63.751	25.327
-63.451	25.297
-63.271	25.237
-63.121	25.267
-62.761	25.207
-62.581	25.207
-62.521	25.177
-62.371	25.177
-62.161	25.147
-61.711	25.147
-61.561	25.177
-61.441	25.147
-61.321	25.177
-60.991	25.087
-60.601	25.087
-60.301	25.027
-59.911	25.027
-59.461	24.937
-58.831	24.937
-58.201	24.757
-58.111	24.757
-57.961	24.787
-57.841	24.787
-57.631	24.877
-57.511	24.847
-57.391	24.877
-56.881	24.877
-56.821	24.847
-56.701	24.877
-56.641	24.877
POLYLINE BLACK
-63.991	29.587
-63.931	29.527
-63.811	29.557
-63.691	29.587
-63.571	29.557
-63.451	29.557
-63.301	29.527
-62.881	29.527
-62.761	29.497
-62.221	29.497
-62.011	29.467
-61.891	29.527
-61.741	29.437
-61.681	29.467
-61.561	29.437
-61.441	29.407
-61.321	29.437
-61.201	29.407
-61.141	29.437
-60.901	29.377
-60.781	29.377
-60.511	29.317
-60.181	29.257
-60.031	29.257
-59.791	29.167
-59.671	29.167
-59.581	29.197
-59.461	29.167
-59.341	29.167
-59.221	29.107
-59.101	29.137
-58.981	29.167
-58.861	29.137
-58.531	29.077
-58.051	29.017
-57.901	29.017
-57.781	28.987
-57.721	28.987
-57.661	28.927
-57.001	28.927
POLYLINE CONNECT
-60.781	26.167
-72.496	20.691
POLYLINE BLACK
-73.061	22.397
-73.061	22.317
-73.021	22.197
-73.001	21.997
-72.981	21.957
-72.981	21.837
-72.901	21.817
-72.841	21.837
-72.641	21.837
-72.601	21.857
-72.501	21.837
-72.341	21.857
-72.041	21.857
-72.001	21.837
-71.861	21.857
-71.781	21.857
-71.761	21.897
-71.761	22.237
-71.781	22.317
-71.781	22.437
-72.021	22.437
-72.101	22.417
-72.241	22.397
-72.281	22.417
-72.501	22.397
-72.721	22.337
-72.761	22.357
-72.981	22.297
-73.021	22.317
-73.041	22.277
POLYLINE BLACK
-75.121	20.897
-75.121	21.017
-74.961	21.737
-74.961	21.877
-74.921	22.157
-74.861	22.337
-74.841	22.497
-74.701	23.157
-74.681	23.197
-74.681	23.297
-74.661	23.477
-74.621	23.477
-74.601	23.437
-74.561	23.457
-74.461	23.437
-74.381	23.417
-74.261	23.377
-74.101	23.397
-73.821	23.437
-73.741	23.457
-73.661	23.457
-73.581	23.437
-73.381	23.437
-73.161	23.397
-73.161	23.217
-73.181	23.037
-73.201	22.937
-73.221	22.757
-73.241	22.717
-73.261	22.397
-73.281	22.357
-73.281	22.077
-73.321	21.957
-73.321	21.857
-73.441	21.517
-73.461	21.337
-73.501	21.157
-73.521	20.897
-73.541	20.817
-73.621	20.777
-73.701	20.797
-73.821	20.797
-73.901	20.777
-74.061	20.797
-74.141	20.797
-74.221	20.837
-74.281	20.837
-74.461	20.897
-75.001	20.777
-75.121	20.777
-75.221	20.817
POLYLINE BLACK
-74.161	26.237
-74.241	26.257
-74.341	26.417
-74.361	26.497
-74.441	26.657
POLYLINE BLACK
-73.661	25.657
-73.701	25.657
-73.821	25.757
-73.861	25.757
-73.981	25.857
-74.161	25.897
-74.201	25.937
-74.381	25.957
-74.421	25.977
-74.661	25.977
-74.801	25.957
-74.841	25.917
-74.921	25.917
-75.121	25.797
-75.281	25.697
-75.501	25.457
-75.601	25.277
-75.601	25.197
POLYLINE BLUE
-74.461	25.417
-74.541	25.437
-74.621	25.437
-74.701	25.457
-74.861	25.357
-74.921	25.237
-74.861	24.977
-74.861	24.897
-74.941	24.817
-75.041	24.797
-75.241	24.677
-75.281	24.677
-75.361	24.557
-75.361	24.477
-75.201	24.277
-75.141	24.197
-75.121	24.057
-75.161	23.937
-75.201	23.897
-75.261	23.897
-75.501	23.797
-75.521	23.697
-75.381	23.397
-75.381	23.317
-75.501	23.117
-75.521	22.977
-75.501	22.897
-75.501	22.817
-75.561	22.697
-75.661	22.797
-75.721	23.057
-75.601	22.897
-75.561	22.697
-75.481	22.717
-75.321	22.817
-75.261	22.817
-75.141	22.917
POLYLINE BLACK
-76.121	20.657
-76.181	20.717
-76.221	20.777
-76.221	20.857
POLYLINE BLACK
-75.621	20.717
-75.641	20.757
-75.701	20.757
-75.881	20.857
-75.941	20.917
POLYLINE BLACK
-75.241	21.137
-75.401	21.177
-75.501	21.237
POLYLINE BLACK
-75.001	21.497
-75.161	21.537
-75.201	21.577
POLYLINE BLACK
-74.841	21.977
-74.881	21.957
-75.081	22.037
POLYLINE BLACK
-74.721	22.517
-75.081	22.477
POLYLINE BLACK
-74.621	23.037
-74.701	23.017
-75.001	23.017
POLYLINE BLACK
-74.561	23.657
-74.601	23.617
-74.721	23.617
-74.801	23.597
-74.901	23.657
POLYLINE BLACK
-74.521	24.077
-74.601	24.057
-74.781	24.057
-74.821	24.077
POLYLINE BLACK
-74.381	24.577
-74.381	24.537
-74.461	24.537
-74.641	24.577
-74.681	24.577
POLYLINE BLACK
-76.321	20.677
-76.361	20.657
-76.521	20.717
-76.621	20.717
-76.721	20.777
-76.761	20.777
POLYLINE BLACK
-76.101	22.257
-76.201	22.157
-76.361	22.077
-76.521	22.057
-76.641	22.057
-76.721	22.037
-76.801	22.017
POLYLINE BLACK
-74.241	24.717
-74.281	24.717
-74.441	24.597
-74.501	24.417
-74.501	24.297
-74.521	24.197
-74.521	23.957
-74.561	23.777
-74.641	23.617
-74.661	23.457
-74.661	23.277
-74.681	23.197
-74.681	22.897
-74.761	22.657
-74.781	22.577
-74.841	22.377
-74.841	22.257
-74.821	22.177
-74.841	22.097
-74.841	21.937
-74.881	21.777
-74.921	21.617
-74.981	21.477
-75.281	21.117
-75.461	20.817
-75.681	20.617
-76.001	20.477
-76.121	20.457
-76.401	20.557
-76.441	20.537
-76.481	20.577
-76.521	20.557
-76.541	20.597
POLYLINE BLUE
-71.521	24.037
-71.681	23.917
-71.961	23.917
-72.001	24.057
-71.981	24.137
-72.081	24.157
-72.241	24.097
-72.281	24.057
-72.441	24.017
-72.541	24.117
-72.561	24.337
-72.541	24.417
-72.541	24.457
-72.621	24.497
-72.721	24.457
-72.761	24.417
-72.841	24.397
-72.881	24.357
-72.921	24.397
-72.961	24.577
-73.001	24.677
-73.141	24.817
-73.161	24.777
-73.101	24.657
-73.101	24.597
-73.041	24.437
-73.041	24.397
-73.121	24.617
-73.121	24.677
-73.161	24.797
-73.081	24.797
-73.001	24.817
-72.921	24.817
-72.881	24.797
-72.841	24.817
-72.801	24.777
POLYLINE BLACK
-74.161	24.697
-74.141	24.777
-74.141	24.897
-74.161	24.977
-74.161	25.017
POLYLINE BLACK
-73.681	24.597
-73.561	24.957
POLYLINE BLACK
-73.301	24.317
-73.181	24.557
POLYLINE BLACK
-72.941	24.037
-72.801	24.297
POLYLINE BLACK
-72.541	23.717
-72.501	23.797
-72.501	23.857
-72.441	23.977
POLYLINE BLACK
-72.281	23.577
-72.321	23.537
-72.401	23.557
-72.441	23.557
-72.481	23.597
-72.561	23.617
-72.801	23.757
-72.921	23.937
-72.961	23.937
-73.161	24.077
-73.301	24.217
-73.441	24.357
-73.601	24.477
-73.741	24.617
-73.821	24.637
-73.881	24.637
-73.921	24.677
-74.081	24.717
-74.201	24.657
-74.281	24.637
-74.361	24.557
POLYLINE BLACK
-70.631	23.837
-70.691	23.897
POLYLINE BLACK
-70.931	23.642
-70.931	23.672
-70.976	23.777
POLYLINE BLACK
-71.306	23.537
-71.306	23.582
-71.351	23.717
POLYLINE BLACK
-71.621	23.507
-71.621	23.567
-71.651	23.687
POLYLINE BLACK
-71.891	23.507
-71.891	23.537
-71.906	23.597
-71.906	23.627
POLYLINE BLACK
-72.236	23.552
-72.221	23.612
-72.221	23.642
POLYLINE BLACK
-72.386	23.537
POLYLINE BLACK
-70.631	23.837
-70.691	23.747
-70.751	23.702
-70.781	23.702
-70.841	23.672
-70.871	23.672
-71.021	23.597
-71.081	23.597
-71.141	23.567
-71.216	23.567
-71.276	23.507
-71.336	23.507
-71.426	23.462
-71.486	23.477
-71.756	23.477
-71.816	23.462
-71.876	23.462
-71.906	23.432
-71.966	23.447
-72.056	23.447
-72.146	23.492
-72.191	23.492
-72.251	23.507
-72.311	23.507
-72.386	23.522
-72.416	23.522
-72.476	23.537
POLYLINE BLUE
-70.796	22.127
-70.856	22.112
-70.946	22.112
-71.006	22.127
-71.006	22.247
-70.931	22.412
-70.931	22.577
-70.976	22.637
-71.036	22.652
-71.066	22.652
-71.186	22.727
-71.186	22.862
-71.126	23.087
-71.081	23.177
-71.081	23.207
-71.111	23.207
-71.231	23.267
-71.261	23.327
-71.261	23.357
-71.291	23.417
-71.321	23.432
-71.471	23.267
-71.531	23.147
-71.501	23.177
-71.501	23.207
-71.426	23.297
-71.381	23.402
-71.321	23.447
-71.291	23.447
-71.261	23.462
-71.141	23.402
-71.006	23.297
-70.916	23.237
POLYLINE BLUE
-70.256	19.052
-70.286	19.112
-70.286	19.382
-70.256	19.472
-70.256	19.547
-70.316	19.592
-70.481	19.667
-70.526	19.757
-70.526	19.862
-70.421	20.042
-70.346	20.102
-70.286	20.252
-70.286	20.282
-70.496	20.462
-70.526	20.462
-70.646	20.597
-70.571	20.717
-70.541	20.732
-70.481	20.867
-70.481	20.897
-70.466	20.927
-70.571	21.152
-70.571	21.182
-70.601	21.242
-70.601	21.287
-70.676	21.437
-70.676	21.467
-70.691	21.497
-70.721	21.407
-70.766	21.347
-70.766	21.317
-70.796	21.257
-70.796	21.287
-70.706	21.467
-70.601	21.587
-70.571	21.587
-70.541	21.557
-70.541	21.527
-70.406	21.377
-70.376	21.362
-70.361	21.332
POLYLINE BLACK
-72.956	20.807
-72.866	20.987
-72.761	21.137
-72.731	21.152
-72.716	21.197
-72.656	21.242
-72.581	21.347
-72.401	21.482
-72.371	21.467
-72.341	21.392
-72.266	21.302
-72.251	21.257
-72.176	21.167
-71.996	20.912
-71.861	20.762
-71.846	20.717
-71.726	20.612
-71.606	20.447
-71.501	20.327
-71.411	20.252
-71.381	20.192
-71.396	20.162
-71.441	20.147
-71.516	20.057
-71.576	20.012
-71.651	19.892
-71.741	19.817
-71.861	19.727
-71.861	19.757
-71.891	19.742
-72.041	19.817
-72.206	19.892
-72.356	19.997
-72.431	20.087
-72.461	20.102
-72.641	20.327
-72.731	20.447
-72.746	20.492
-72.791	20.552
-72.821	20.627
-72.896	20.747
-72.956	20.867
-72.956	20.897
-72.986	20.927
POLYLINE BLACK
-69.581	18.887
-69.656	18.977
-69.686	19.037
-69.716	19.202
-69.716	19.232
-69.746	19.322
POLYLINE BLACK
-70.466	24.212
-70.466	24.182
-70.496	24.122
-70.496	24.062
-70.511	24.002
-70.511	23.837
-70.496	23.807
-70.496	23.672
-70.511	23.612
-70.511	23.402
-70.496	23.342
-70.496	23.147
-70.481	23.087
-70.481	23.012
-70.466	22.952
-70.466	22.907
-70.436	22.772
-70.436	22.607
-70.421	22.532
-70.421	22.427
-70.406	22.367
-70.406	22.322
-70.391	22.262
-70.391	22.232
-70.361	22.172
-70.361	22.127
-70.346	22.067
-70.346	21.992
-70.286	21.887
-70.286	21.857
-70.226	21.692
-70.196	21.587
-70.196	21.527
-70.211	21.467
-70.226	21.332
-70.151	21.047
-70.076	20.837
-70.076	20.807
-70.031	20.702
-70.031	20.672
-69.971	20.462
-69.971	20.432
-69.956	20.402
-69.956	20.297
-69.941	20.237
-69.941	20.027
-69.611	19.022
POLYLINE BLACK
-76.301	20.012
-76.331	19.997
-76.301	19.997
-76.241	19.967
-76.211	19.967
-76.151	19.937
-76.121	19.937
-76.091	19.907
-76.061	19.907
-75.941	19.817
-75.851	19.757
-75.671	19.622
-75.566	19.562
-75.086	19.127
-74.996	19.007
-74.831	18.947
-74.741	18.947
-74.591	18.872
-74.561	18.872
-74.501	18.857
-74.426	18.857
-74.366	18.827
-74.336	18.827
-74.141	18.782
-74.111	18.782
-73.961	18.722
-73.931	18.692
-73.871	18.692
-73.736	18.662
-73.706	18.632
-73.676	18.632
-73.571	18.557
-73.511	18.542
-73.406	18.467
-73.376	18.422
-73.316	18.377
-73.286	18.377
-73.211	18.317
-73.181	18.317
-73.121	18.302
-73.091	18.302
-72.956	18.242
-72.851	18.212
-72.746	18.197
-72.611	18.167
-72.491	18.092
-72.251	17.972
-72.206	17.972
-71.966	17.867
-71.921	17.867
-71.726	17.792
-71.666	17.747
-71.636	17.702
-71.606	17.687
-71.576	17.642
-71.456	17.552
-71.351	17.492
-71.261	17.432
-71.201	17.432
-71.141	17.387
-71.111	17.387
-71.066	17.327
-70.991	17.312
-70.961	17.282
-70.856	17.237
-70.736	17.147
-70.541	17.027
-70.511	17.027
-70.481	16.997
-70.406	16.982
-70.346	16.937
-70.316	16.937
-70.136	16.817
-70.061	16.802
-69.971	16.742
-69.941	16.742
-69.791	16.667
POLYLINE BLACK
-75.491	26.477
-75.491	26.447
-75.446	26.342
-75.446	26.282
-75.431	26.192
-75.461	26.027
-75.461	25.787
-75.476	25.652
-75.476	25.427
-75.461	25.397
-75.461	25.322
-75.446	25.262
-75.446	25.232
-75.461	25.172
-75.476	25.097
-75.536	25.022
-75.596	24.977
-75.716	24.782
-75.776	24.647
-75.776	24.332
-75.791	24.272
-75.791	24.122
-75.806	24.062
-75.806	24.017
-75.791	23.987
-75.806	23.927
-75.806	23.897
-75.821	23.867
-75.821	23.672
-75.806	23.627
-75.806	23.567
-75.791	23.537
-75.791	23.357
-75.806	23.297
-75.986	23.087
-75.986	22.952
-75.971	22.922
-75.971	22.622
-76.031	22.382
-76.076	22.322
-76.076	22.277
-76.151	22.157
-76.181	22.157
-76.241	22.127
POLYLINE BLACK
-71.111	24.437
-71.141	24.437
-71.186	24.377
-71.216	24.377
-71.246	24.362
-71.261	24.332
-71.321	24.332
-71.411	24.302
-71.456	24.302
-71.516	24.287
-71.546	24.287
-71.606	24.272
-71.666	24.287
-71.726	24.287
-71.786	24.317
-71.816	24.317
-71.876	24.332
-71.906	24.332
-71.981	24.377
-72.011	24.377
-72.071	24.392
-72.101	24.392
-72.221	24.467
-72.251	24.467
-72.431	24.572
-72.476	24.587
-72.566	24.662
-72.581	24.692
-72.701	24.767
-72.776	24.857
-72.806	24.857
-72.881	24.947
-72.926	24.962
-72.926	25.007
-73.031	25.157
-73.061	25.157
-73.061	25.187
-73.091	25.187
-73.151	25.202
-73.271	25.292
-73.316	25.352
-73.406	25.427
-73.421	25.457
-73.571	25.577
-73.751	25.802
-73.841	25.877
-73.961	26.042
-74.006	26.057
-74.096	26.132
-74.156	26.147
-74.186	26.192
-74.246	26.207
-74.276	26.237
-74.366	26.267
POLYLINE BLUE
-69.911	26.882
-69.971	26.867
-70.046	26.747
-70.076	26.612
-70.076	26.552
-70.061	26.522
-70.061	26.417
-70.001	26.222
-70.001	26.192
-69.986	26.162
-70.076	26.087
-70.136	26.087
-70.166	26.057
-70.196	26.072
-70.226	26.057
-70.256	25.982
-70.196	25.937
-70.136	25.847
-70.106	25.742
-70.181	25.622
-70.361	25.502
-70.391	25.442
-70.391	25.292
-70.436	25.232
-70.436	25.202
-70.466	25.202
-70.481	25.247
-70.541	25.292
-70.586	25.397
-70.631	25.457
-70.631	25.487
-70.601	25.457
-70.586	25.412
-70.451	25.262
-70.406	25.187
-70.406	25.157
-70.376	25.187
-70.331	25.202
-70.166	25.322
-70.136	25.322
-70.106	25.352
-70.076	25.352
POLYLINE BLACK
-70.376	24.917
-70.406	24.917
-70.421	24.977
-70.391	25.052
-70.331	25.067
-70.301	25.067
-70.271	25.052
-70.256	24.992
-70.256	24.962
-70.286	24.932
-70.346	24.932
POLYLINE BLACK
-70.376	25.712
-70.406	25.712
-70.421	25.772
-70.376	25.832
-70.316	25.877
-70.256	25.877
-70.226	25.772
-70.241	25.742
-70.301	25.727
-70.391	25.817
POLYLINE BLACK
-69.821	26.327
-69.851	26.312
-69.881	26.357
-69.881	26.417
-69.851	26.477
-69.761	26.507
-69.701	26.417
-69.746	26.357
-69.776	26.342
-69.806	26.357
-69.851	26.357
POLYLINE BLACK
-69.926	27.242
-69.956	27.257
-69.956	27.287
-69.941	27.317
-69.851	27.347
-69.791	27.302
-69.836	27.242
-69.896	27.212
-69.926	27.212
POLYLINE BLACK
-70.406	24.152
-70.406	24.212
-70.361	24.347
-70.361	24.377
-70.286	24.527
-70.256	24.557
-70.256	24.587
-70.241	24.617
-70.091	24.737
-70.091	24.767
-70.061	24.827
-70.061	24.902
-70.046	24.962
-69.911	25.202
-69.911	25.232
-69.821	25.427
-69.821	25.457
-69.806	25.517
-69.821	25.622
-69.806	25.682
-69.806	25.712
-69.746	25.877
-69.746	25.922
-69.671	26.042
-69.626	26.147
-69.626	26.177
-69.566	26.297
-69.566	26.342
-69.431	26.627
-69.416	26.837
-69.416	26.912
-69.401	26.972
-69.401	27.032
-69.341	27.197
-69.341	27.227
-69.311	27.287
-69.311	27.317
-69.296	27.377
-69.296	27.482
-69.281	27.512
-69.281	27.557
-69.266	27.617
-69.266	27.647
-69.251	27.707
-69.251	27.767
-69.266	27.797
POLYLINE BLACK
-70.301	27.467
-70.256	27.362
-70.256	27.302
-70.226	27.182
-70.316	27.017
-70.316	26.957
-70.331	26.897
-70.331	26.867
-70.391	26.687
-70.421	26.657
-70.421	26.597
-70.436	26.522
-70.436	26.327
-70.451	26.267
-70.451	26.237
-70.466	26.177
-70.496	26.012
-70.541	25.937
-70.541	25.907
-70.571	25.847
-70.601	25.682
-70.691	25.562
-70.691	25.532
-70.736	25.472
-70.766	25.367
-70.811	25.307
-70.811	25.277
-70.871	25.157
-70.871	25.127
-70.886	25.067
-70.886	24.962
-70.946	24.797
-70.946	24.767
-71.051	24.557
-71.051	24.527
-71.081	24.467
-71.141	24.422
-71.156	24.392
POLYLINE BLACK
-69.596	27.872
-69.656	27.887
-69.686	27.917
-69.686	27.947
-69.641	28.007
-69.581	27.977
-69.551	27.917
-69.551	27.887
-69.566	27.857
-69.626	27.812
-69.686	27.842
POLYLINE BLACK
-70.151	27.902
-70.241	27.962
-70.256	28.022
-70.226	28.052
-70.196	28.052
-70.166	28.067
-70.106	28.022
-70.091	27.962
-70.121	27.902
-70.181	27.887
POLYLINE BLACK
-70.151	28.652
-70.181	28.667
-70.211	28.637
-70.256	28.712
-70.256	28.742
-70.226	28.772
-70.166	28.772
-70.106	28.727
-70.091	28.667
-70.151	28.577
POLYLINE BLACK
-70.766	28.667
-70.826	28.667
-70.841	28.742
-70.796	28.802
-70.766	28.817
-70.706	28.772
-70.706	28.712
-70.736	28.652
-70.766	28.637
POLYLINE BLACK
-71.201	28.682
-71.201	28.652
-71.051	28.367
-71.021	28.352
-71.006	28.322
-70.976	28.322
-70.931	28.217
-70.796	28.037
-70.691	27.917
-70.631	27.872
-70.586	27.812
-70.556	27.797
-70.466	27.692
-70.406	27.662
-70.331	27.542
-70.331	27.512
-70.271	27.407
-70.271	27.377
-70.256	27.347
POLYLINE BLACK
-69.941	29.372
-69.881	29.252
-69.881	29.012
-69.866	28.952
-69.866	28.877
-69.851	28.832
-69.851	28.772
-69.776	28.622
-69.776	28.592
-69.761	28.562
-69.701	28.517
-69.581	28.367
-69.521	28.322
-69.296	28.007
-69.296	27.977
-69.266	27.962
-69.236	27.902
-69.236	27.842
-69.266	27.782
POLYLINE BLACK
-70.796	30.602
POLYLINE BLACK
-76.471	35.582
-76.511	35.362
-76.511	35.322
POLYLINE BLACK
-75.131	35.442
-75.131	35.522
-75.151	35.562
-75.131	35.702
-75.131	35.822
-75.091	35.942
-75.131	36.122
-75.211	36.322
-75.211	36.382
-75.271	36.562
-75.331	36.842
-75.471	37.142
-75.491	37.222
-75.591	37.522
-75.591	37.602
-75.651	37.742
-75.771	37.902
-75.771	37.942
-75.851	38.062
-75.851	38.102
-75.931	38.182
-75.951	38.262
-76.091	38.482
-76.091	38.642
-76.051	38.682
-76.051	38.762
-76.031	38.842
-76.011	38.922
-75.951	39.122
-75.931	39.202
-75.831	39.362
-75.831	39.522
-75.891	39.582
-75.971	39.562
-76.111	39.422
-76.171	39.302
-76.211	39.122
-76.251	39.082
-76.291	38.922
-76.351	38.762
-76.351	38.662
-76.391	38.502
-76.391	38.422
-76.451	38.302
-76.491	38.042
-76.491	37.642
-76.411	37.362
-76.411	37.042
-76.291	36.742
-76.291	36.442
-76.371	36.182
-76.371	35.982
-76.391	35.902
-76.391	35.722
-76.411	35.642
-76.431	35.562
-76.471	35.442
-76.471	35.382
POLYLINE BLACK
-75.171	34.222
-75.131	34.262
-75.111	34.342
-75.091	34.422
-75.071	34.582
-75.071	34.702
-75.051	34.782
-75.011	34.942
-75.031	35.022
-75.031	35.082
-75.071	35.202
-75.071	35.262
-75.091	35.342
-75.091	35.462
POLYLINE BLACK
-75.071	34.202
-75.291	34.142
-75.411	34.142
-75.451	34.162
-75.571	34.122
-75.691	34.162
-75.791	34.142
-75.871	34.122
-75.911	34.142
-75.991	34.102
-76.031	34.142
-76.111	34.142
-76.151	34.122
-76.231	34.142
-76.271	34.142
-76.491	34.362
-76.511	34.542
-76.491	34.702
-76.491	34.822
-76.531	34.982
-76.531	35.182
-76.511	35.222
POLYLINE CONNECT
-75.166	35.397
-71.198	28.420
POLYLINE BLUE
-69.991	29.782
-70.111	29.662
-70.191	29.582
-70.231	29.522
-70.331	29.462
-70.531	29.262
-70.811	29.062
POLYLINE BLUE
-69.851	30.222
-69.951	30.082
-70.171	29.922
-70.851	29.222
-70.871	29.162
POLYLINE BLUE
-69.851	30.462
-69.971	30.342
-70.591	29.722
-70.691	29.682
-70.951	29.422
-71.011	29.342
POLYLINE BLUE
-70.031	30.682
-70.151	30.502
-70.491	30.162
-70.611	30.042
-70.951	29.742
-71.091	29.582
POLYLINE BLUE
-70.211	30.802
-70.391	30.602
-70.451	30.502
-70.571	30.342
-70.711	30.262
-70.871	30.102
POLYLINE BLUE
-70.371	30.982
-70.471	30.782
-70.751	30.522
POLYLINE BLUE
-70.391	30.962
-70.231	30.802
-70.191	30.802
-69.991	30.642
-69.931	30.582
-69.811	30.382
-69.811	30.242
-69.851	29.922
-69.991	29.722
-70.151	29.542
-70.211	29.382
-70.451	29.102
-70.571	29.062
-70.611	29.082
-70.651	29.062
-70.731	29.082
-70.811	29.102
-70.851	29.142
-70.931	29.162
-71.031	29.262
-71.111	29.482
-71.111	29.562
-70.931	29.962
-70.871	30.222
-70.771	30.462
-70.771	30.682
-70.791	30.762
-70.631	31.022
-70.591	31.002
-70.551	31.022
-70.471	31.002
-70.391	31.002
POLYLINE BLUE
-69.791	32.322
-69.791	32.322
-69.911	32.602
-69.991	32.722
-69.991	32.782
POLYLINE BLUE
-69.111	33.982
-69.071	33.982
-69.051	33.902
-69.131	33.742
-69.291	33.642
-69.431	33.442
-69.431	33.282
-69.331	33.102
-69.291	33.062
-69.311	32.982
-69.491	32.802
-69.611	32.722
-69.631	32.642
-69.611	32.482
-69.731	32.222
-69.751	32.142
-69.671	32.162
-69.471	32.262
-69.371	32.422
POLYLINE BLACK
-69.851	30.982
-69.771	30.882
-69.871	30.782
-69.951	30.762
-70.051	30.922
-69.971	30.942
-69.871	30.962
-69.831	30.942
POLYLINE BLACK
-69.891	32.342
-69.831	32.382
-69.751	32.382
-69.711	32.302
-69.771	32.222
-69.911	32.182
-69.971	32.262
-69.991	32.362
-69.971	32.402
-69.831	32.402
POLYLINE BLACK
-69.131	33.302
-69.091	33.302
-69.011	33.222
-69.111	33.122
-69.191	33.102
-69.231	33.102
-69.271	33.142
-69.271	33.242
-69.191	33.282
-69.111	33.242
POLYLINE BLACK
-69.031	34.662
-68.951	34.582
-68.951	34.502
-69.131	34.362
-69.211	34.382
-69.231	34.422
-69.171	34.482
-68.991	34.562
POLYLINE BLACK
-68.211	34.522
-68.211	34.442
-68.311	33.882
-68.311	33.802
-68.531	33.442
-68.551	33.362
-68.651	33.062
-68.811	32.802
-68.831	32.722
-68.851	32.762
-68.871	32.682
-68.931	32.602
-68.931	32.502
-68.971	32.342
-69.011	32.142
-69.071	31.982
-69.111	31.922
-69.131	31.842
-69.191	31.722
-69.371	31.602
-69.471	31.422
-69.471	31.222
-69.451	31.122
-69.391	31.042
-69.391	30.882
-69.451	30.722
-69.451	30.662
-69.491	30.622
-69.511	30.522
-69.571	30.402
-69.571	30.302
-69.791	29.782
-69.811	29.702
-69.871	29.582
-69.871	29.442
-69.911	29.282
-69.871	29.102
-69.891	29.062
POLYLINE BLACK
-69.411	35.602
-69.351	35.502
-69.511	35.082
-69.551	34.922
-69.591	34.742
-69.591	34.622
-69.611	34.542
-69.611	34.462
-69.651	34.282
-69.651	34.122
-69.711	33.942
-69.791	33.862
-69.811	33.782
-69.931	33.542
-69.991	33.462
-70.071	33.282
-70.091	33.102
-70.091	32.982
-70.111	32.902
-70.131	32.822
-70.171	32.642
-70.191	32.562
-70.291	32.262
-70.351	32.182
-70.391	32.022
-70.471	31.802
-70.491	31.722
-70.591	31.502
-70.651	31.422
-70.651	31.362
-70.671	31.282
-70.691	31.102
-71.031	30.562
-71.171	30.122
-71.191	29.942
-71.211	29.862
-71.251	29.702
-71.311	29.582
-71.351	29.402
-71.391	29.242
-71.391	29.162
-71.371	29.082
-71.371	28.962
-71.291	28.702
-71.251	28.662
-71.251	28.622
-71.211	28.582
POLYLINE BLACK
-69.316	45.307
-69.316	45.277
-69.286	45.217
-69.286	45.187
-69.271	45.127
-69.271	45.007
-69.301	44.887
-69.301	44.857
-69.346	44.797
-69.361	44.752
-69.391	44.722
-69.376	44.662
-69.376	44.497
-69.361	44.437
-69.361	44.347
-69.376	44.287
-69.376	44.227
-69.391	44.197
-69.391	44.152
-69.376	44.092
-69.376	44.032
-69.406	44.032
-69.406	43.942
-69.421	43.912
-69.421	43.837
-69.406	43.777
-69.406	43.747
-69.376	43.627
-69.376	43.537
-69.391	43.462
-69.391	43.432
-69.421	43.372
-69.421	43.342
-69.436	43.312
-69.436	43.207
-69.391	43.147
-69.316	43.117
-69.286	42.982
-69.286	42.682
-69.271	42.652
-69.271	42.547
-69.256	42.487
-69.256	42.352
-69.241	42.292
-69.241	42.262
-69.226	42.232
-69.226	42.187
-69.091	41.902
-69.091	41.872
-69.061	41.752
-69.061	41.647
-69.031	41.557
-69.031	41.347
-69.046	41.272
-69.046	41.107
-69.031	41.047
-69.031	40.987
-69.016	40.927
-69.016	40.867
-69.001	40.807
-69.001	40.717
-69.016	40.657
-69.016	40.597
-69.031	40.537
-69.031	40.312
-69.016	40.252
-69.031	40.192
-69.016	40.132
POLYLINE BLACK
-70.531	40.387
-70.531	40.462
-70.471	40.597
-70.471	40.672
-70.441	40.792
-70.441	40.927
-70.486	41.092
-70.486	41.122
-70.501	41.182
-70.501	41.257
-70.546	41.407
-70.546	41.482
-70.531	41.512
-70.531	41.557
-70.456	41.842
-70.456	41.872
-70.441	41.932
-70.441	42.367
-70.411	42.502
-70.351	42.622
-70.306	42.682
-70.231	42.847
-70.231	42.952
-70.261	43.012
-70.261	43.057
-70.276	43.087
-70.276	43.132
-70.291	43.192
-70.291	43.357
-70.276	43.417
-70.276	43.477
-70.261	43.552
-70.261	43.612
-70.246	43.672
-70.246	43.702
-70.231	43.732
-70.231	43.897
-70.216	43.957
-70.216	44.092
-70.201	44.152
-70.201	44.347
-70.171	44.452
-70.171	44.587
-70.186	44.647
-70.186	44.827
-70.171	44.887
-70.171	44.932
-70.141	45.022
-70.111	45.022
-70.021	45.172
-70.021	45.232
-69.991	45.322
-69.946	45.382
-69.916	45.382
-69.856	45.412
-69.826	45.382
-69.766	45.412
-69.736	45.397
-69.676	45.412
-69.646	45.442
-69.631	45.412
-69.601	45.427
-69.541	45.397
-69.421	45.397
-69.391	45.382
-69.376	45.352
-69.346	45.352
-69.301	45.292
-69.286	45.217
-69.286	45.217
-69.286	45.217
POLYLINE BLACK
-70.246	39.247
-70.081	39.472
-70.021	39.517
-69.976	39.577
-69.916	39.622
-69.871	39.697
-69.841	39.697
-69.826	39.727
-69.796	39.727
-69.661	39.667
-69.631	39.667
-69.391	39.517
-69.331	39.472
-69.301	39.472
-69.316	39.397
-69.316	39.367
-69.346	39.262
POLYLINE BLACK
-69.166	39.352
-69.166	39.382
-69.136	39.442
-69.136	39.532
-69.121	39.592
-69.121	39.907
-69.091	39.967
-69.091	40.012
-69.061	40.132
-69.061	40.222
POLYLINE BLACK
-69.166	39.322
-69.211	39.262
-69.271	39.262
-69.361	39.217
-69.391	39.217
-69.421	39.202
-69.481	39.232
-69.691	39.232
-69.826	39.202
-69.901	39.202
-69.961	39.217
-70.096	39.172
-70.246	39.202
-70.321	39.202
-70.381	39.217
-70.411	39.217
-70.441	39.247
-70.471	39.232
-70.531	39.247
-70.531	39.292
-70.561	39.352
-70.561	39.502
-70.606	39.667
-70.621	39.697
-70.621	39.742
-70.636	39.802
-70.636	40.042
-70.576	40.192
-70.516	40.327
POLYLINE CONNECT
-70.486	40.267
-68.249	34.496
POLYLINE GREEN
-67.606	37.402
-67.696	37.147
-67.576	37.057
-67.561	36.937
-67.636	36.832
-67.696	36.802
-67.756	36.712
-67.711	36.652
-67.591	36.577
-67.561	36.487
-67.561	36.397
-67.576	36.277
-67.576	36.247
POLYLINE GREEN
-67.801	37.342
-67.666	37.357
-67.606	37.387
-67.486	37.372
POLYLINE BLACK
-68.101	34.942
-68.131	34.942
-68.191	34.987
-68.146	35.077
-68.116	35.077
-68.056	35.092
-68.026	35.062
-68.026	35.002
-68.071	34.942
-68.101	34.957
-68.131	34.942
-68.161	34.957
POLYLINE BLACK
-68.491	35.362
-68.521	35.377
-68.521	35.422
-68.536	35.482
-68.536	35.512
-68.521	35.542
-68.386	35.542
-68.356	35.497
-68.356	35.437
-68.416	35.407
-68.446	35.407
POLYLINE BLACK
-67.801	35.602
-67.831	35.617
-67.846	35.677
-67.846	35.707
-67.801	35.767
-67.741	35.722
-67.741	35.662
-67.726	35.602
-67.861	35.542
POLYLINE BLACK
-67.411	35.362
-67.471	35.377
-67.501	35.407
-67.501	35.452
-67.426	35.542
-67.366	35.542
-67.366	35.512
-67.351	35.482
-67.366	35.422
-67.456	35.362
POLYLINE BLACK
-66.991	36.022
-67.021	35.992
-67.081	35.992
-67.111	36.022
-67.111	36.067
-67.006	36.142
-66.916	36.112
-66.916	36.052
-66.961	35.992
-66.991	35.992
-67.051	35.962
POLYLINE BLACK
-66.391	35.632
-66.421	35.632
-66.481	35.662
-66.496	35.722
-66.481	35.767
-66.421	35.827
-66.361	35.812
-66.331	35.842
-66.301	35.767
-66.346	35.707
-66.421	35.662
-66.451	35.662
POLYLINE BLACK
-66.526	35.482
-66.556	35.422
-66.616	35.377
-66.646	35.377
-66.676	35.347
-66.706	35.347
-66.811	35.227
-66.826	35.167
-66.826	35.137
-66.796	35.047
-66.811	34.972
-66.901	34.912
-66.931	34.927
-67.021	34.882
-67.051	34.882
-67.081	34.897
-67.111	34.882
-67.141	34.897
-67.171	34.882
-67.336	34.882
-67.381	34.897
-67.411	34.882
-67.471	34.897
-67.501	34.897
-67.531	34.912
-67.591	34.897
-67.621	34.897
-67.711	34.852
-67.741	34.852
-67.831	34.792
-67.861	34.792
-67.891	34.762
-67.921	34.762
-68.041	34.687
-68.131	34.612
POLYLINE BLACK
-66.316	36.502
-66.346	36.502
-66.406	36.517
-66.436	36.517
-66.496	36.502
-66.526	36.472
-66.586	36.472
-66.736	36.547
-66.856	36.637
-66.871	36.667
-66.901	36.652
-66.931	36.682
-66.961	36.682
-67.051	36.712
-67.141	36.682
-67.156	36.652
-67.186	36.652
-67.216	36.637
-67.261	36.637
-67.321	36.622
-67.351	36.622
-67.411	36.607
-67.441	36.577
-67.471	36.577
-67.651	36.472
-67.666	36.442
-67.696	36.442
-67.786	36.367
-67.921	36.187
-68.086	36.067
-68.116	36.067
-68.176	36.022
-68.221	36.022
-68.251	35.992
-68.281	35.992
-68.341	35.962
-68.371	35.962
-68.401	35.977
-68.416	35.947
-68.476	35.962
-68.506	35.962
-68.566	35.947
-68.596	35.917
-68.656	35.932
-68.716	35.917
-68.746	35.917
-68.776	35.887
-68.806	35.887
-68.821	35.857
-68.851	35.857
-68.881	35.782
-68.911	35.782
-69.091	35.647
-69.121	35.647
-69.211	35.587
-69.256	35.527
-69.376	35.422
-69.406	35.362
POLYLINE BLUE
-62.246	35.227
-62.246	35.187
-62.326	35.167
-62.626	34.947
POLYLINE BLUE
-62.586	35.307
-62.766	35.147
-62.866	35.007
-62.926	34.947
POLYLINE BLUE
-62.986	35.427
-63.046	35.327
-63.146	35.267
-63.426	35.027
-63.466	35.007
POLYLINE BLUE
-63.246	35.527
-63.366	35.467
-63.526	35.287
-63.586	35.267
-63.606	35.227
POLYLINE BLUE
-63.646	35.567
-63.686	35.487
-63.786	35.427
-63.946	35.307
POLYLINE BLUE
-64.106	35.527
-64.066	35.547
-64.406	35.267
POLYLINE BLUE
-64.366	35.667
-64.506	35.527
-64.666	35.427
-64.726	35.327
POLYLINE BLUE
-64.646	35.767
-64.726	35.627
-64.986	35.407
-65.026	35.367
POLYLINE BLUE
-65.026	35.807
-65.326	35.567
-65.366	35.467
POLYLINE BLUE
-65.306	35.907
-65.326	35.827
-65.546	35.587
-65.646	35.447
POLYLINE BLUE
-62.626	35.667
-62.466	35.307
-62.346	35.327
-62.226	35.287
-62.086	35.147
-62.026	35.027
-62.046	34.967
-62.166	34.927
-62.246	34.867
-62.386	34.867
-62.466	34.847
-62.706	34.887
-62.906	34.867
-63.066	34.947
-63.146	34.967
-63.286	34.987
-63.366	34.987
-63.446	35.007
-63.646	35.047
-63.686	35.027
-63.766	35.067
-63.906	35.067
-64.066	35.127
-64.186	35.127
-64.366	35.167
-64.606	35.247
-64.686	35.287
-64.826	35.287
-64.866	35.307
-64.946	35.287
-65.026	35.327
-65.066	35.307
-65.146	35.327
-65.266	35.347
-65.306	35.387
-65.346	35.367
-65.386	35.407
-65.466	35.427
-65.586	35.467
-65.626	35.507
-65.686	35.507
-65.826	35.647
-65.826	35.727
-65.846	35.767
-65.786	35.847
-65.706	35.847
-65.526	35.887
-65.446	35.867
-65.406	35.887
-65.286	35.887
-65.106	35.867
-64.946	35.807
-64.866	35.787
-64.826	35.767
-64.766	35.787
-64.586	35.727
-64.186	35.647
-64.086	35.647
-64.046	35.627
-63.966	35.627
-63.806	35.667
-63.526	35.607
-63.366	35.607
-63.326	35.587
-63.266	35.607
-62.986	35.507
-62.826	35.387
-62.786	35.387
-62.746	35.347
-62.586	35.327
-62.466	35.327
-62.386	35.287
POLYLINE BLACK
-65.846	35.867
-65.926	35.907
-65.946	36.047
-65.846	36.147
-65.766	36.127
-65.706	36.047
-65.706	36.007
-65.826	35.967
-65.866	35.927
POLYLINE BLACK
-65.246	35.527
-65.286	35.487
-65.346	35.547
-65.326	35.627
-65.246	35.707
-65.186	35.647
-65.306	35.427
POLYLINE BLACK
-63.886	35.247
-63.926	35.227
-63.966	35.247
-64.006	35.227
-64.046	35.267
-64.066	35.347
-63.946	35.507
-63.906	35.527
-63.846	35.467
-63.826	35.387
-63.826	35.327
-63.966	35.187
POLYLINE BLACK
-62.566	35.247
-62.726	35.227
-62.786	35.307
-62.786	35.407
-62.706	35.547
-62.626	35.607
-62.586	35.547
-62.566	35.467
-62.546	35.427
-62.586	35.347
-62.706	35.227
-62.746	35.227
POLYLINE BLACK
-61.486	34.787
-61.586	34.807
-61.666	34.887
-61.666	34.967
-61.566	35.067
-61.506	35.067
-61.426	35.087
-61.406	34.967
-61.486	34.847
-61.566	34.807
POLYLINE BLACK
-60.606	35.267
-60.646	35.247
-60.686	35.287
-60.646	35.407
-60.586	35.447
-60.486	35.347
-60.486	35.307
-60.566	35.227
-60.686	35.227
POLYLINE BLACK
-59.886	34.667
-60.026	34.647
-60.066	34.727
-60.046	34.787
-60.006	34.787
-59.986	34.707
-59.986	34.647
-60.046	34.587
POLYLINE BLACK
-58.186	35.187
-58.226	35.147
-58.306	35.187
-58.286	35.267
-58.226	35.327
-58.206	35.287
-58.246	35.167
-58.326	35.107
POLYLINE BLACK
-66.426	36.507
-66.446	36.467
-66.266	36.387
-66.086	36.387
-65.946	36.347
-65.906	36.367
-65.786	36.327
-65.746	36.347
-65.626	36.307
-65.586	36.327
-65.486	36.307
-65.326	36.267
-65.246	36.247
-65.166	36.227
-65.086	36.207
-65.006	36.207
-64.906	36.187
-64.786	36.187
-64.726	36.167
-64.646	36.187
-64.566	36.167
-64.386	36.167
-64.206	36.127
-64.006	36.047
-63.866	36.027
-63.746	35.967
-63.646	35.967
-63.246	35.887
-63.166	35.887
-63.046	35.847
-62.946	35.867
-62.866	35.867
-62.586	35.787
-62.506	35.807
-62.426	35.787
-62.246	35.787
-62.086	35.747
-61.966	35.747
-61.846	35.707
-61.666	35.707
-61.626	35.727
-61.546	35.687
-61.466	35.707
-61.366	35.707
-61.286	35.727
-61.186	35.707
-61.106	35.727
-61.006	35.707
-60.926	35.727
-60.766	35.727
-60.666	35.747
-60.466	35.747
-60.386	35.767
-60.346	35.747
-60.246	35.767
-60.166	35.767
-60.126	35.747
-60.046	35.767
-59.966	35.747
-59.766	35.747
-59.686	35.767
-59.606	35.747
-59.486	35.747
-59.446	35.727
-59.366	35.747
-59.286	35.727
-59.246	35.747
-59.206	35.727
POLYLINE BLACK
-59.066	34.367
-59.266	34.307
-59.466	34.307
-59.586	34.347
-59.646	34.347
-59.726	34.367
-59.806	34.367
-59.966	34.407
-60.046	34.427
-60.126	34.447
-60.246	34.447
-60.326	34.467
-60.626	34.467
-60.726	34.447
-60.886	34.467
-60.966	34.447
-61.146	34.467
-61.306	34.487
-61.406	34.467
-61.586	34.507
-61.726	34.507
-61.886	34.547
-61.986	34.547
-62.066	34.567
-62.146	34.547
-62.226	34.547
-62.366	34.527
-62.646	34.527
-62.766	34.567
-62.866	34.567
-63.026	34.627
-63.146	34.627
-63.326	34.687
-63.406	34.707
-63.786	34.887
-63.846	34.887
-64.046	34.947
-64.106	34.947
-64.366	35.007
-64.546	35.007
-64.686	35.047
-64.766	35.027
-64.846	35.047
-64.926	35.047
-65.026	35.087
-65.066	35.067
-65.186	35.087
-65.286	35.107
-65.466	35.187
-65.546	35.207
-65.786	35.307
-65.866	35.307
-66.046	35.367
-66.166	35.327
-66.206	35.347
-66.286	35.327
-66.366	35.327
-66.446	35.347
-66.626	35.347
-66.666	35.367
POLYLINE BLACK
-58.636	40.167
-58.616	40.127
-58.556	40.187
-58.556	40.247
-58.536	40.327
-58.516	40.407
-58.536	40.487
-58.556	40.587
-58.596	40.747
-58.596	40.827
-58.576	40.907
-58.556	41.067
-58.556	41.147
-58.536	41.187
-58.596	41.347
-58.596	41.447
-58.556	41.567
-58.616	41.887
-58.616	41.967
-58.576	42.007
-58.576	42.087
-58.616	42.107
-58.556	42.447
-58.536	42.767
-58.536	43.027
-58.556	43.227
-58.516	43.567
-58.496	43.607
-58.496	43.767
-58.436	43.927
-58.396	43.967
-58.356	44.127
-58.136	44.827
-58.036	45.487
POLYLINE BLACK
-57.976	45.487
-57.996	45.447
-58.076	45.427
-58.156	45.407
-58.236	45.327
-58.236	45.287
-58.376	45.107
-58.516	44.967
-58.876	44.507
-58.896	44.427
-58.896	44.287
-58.936	44.127
-59.056	43.927
-59.256	43.547
-59.436	43.347
-59.456	43.247
-59.576	43.147
-59.696	43.067
-59.736	43.027
-59.756	42.867
-59.756	42.767
-59.836	42.527
-59.896	42.267
-60.016	41.907
-60.036	41.727
-60.036	41.647
-60.016	41.567
-59.996	41.387
-59.976	41.287
-59.996	41.207
-59.996	41.087
-60.016	40.947
-60.036	40.767
-60.056	40.607
-59.896	40.147
-59.876	40.067
-59.796	40.067
-59.756	40.087
-59.496	40.007
-59.416	40.007
-59.336	40.027
-59.216	40.047
-59.176	40.027
-59.096	40.087
-59.056	40.067
-58.976	40.087
-58.816	40.067
-58.656	40.067
POLYLINE CONNECT
-59.821	41.477
-59.101	34.463
POLYLINE BLACK
-54.151	36.632
-54.226	36.632
-54.271	36.692
-54.256	36.722
-54.166	36.662
-54.166	36.632
POLYLINE BLACK
-54.241	37.547
-54.361	37.517
-54.376	37.562
-54.376	37.622
-54.331	37.682
-54.211	37.532
-54.196	37.502
POLYLINE BLACK
-53.836	36.917
-53.896	36.917
-53.956	36.902
-53.986	36.917
-54.001	36.977
-53.941	36.992
-53.866	36.992
-53.806	36.962
-53.806	36.932
-53.866	36.872
POLYLINE BLACK
-53.551	37.412
-53.536	37.382
-53.536	37.307
-53.521	37.217
-53.491	37.187
-53.461	37.187
-53.371	37.352
-53.386	37.397
-53.431	37.397
-53.461	37.412
-53.521	37.367
POLYLINE BLACK
-53.356	37.982
-53.311	38.072
-53.281	38.072
-53.206	38.027
-53.176	37.967
-53.176	37.922
-53.221	37.862
-53.281	37.847
-53.341	37.847
-53.371	37.862
-53.401	37.922
POLYLINE BLACK
-53.956	38.012
-54.001	38.072
-54.016	38.147
-54.016	38.177
-54.001	38.207
-53.971	38.192
-53.941	38.222
-53.881	38.207
-53.836	38.132
-53.896	38.087
POLYLINE BLUE
-54.736	36.782
-54.931	36.287
-54.931	36.257
POLYLINE BLUE
-54.961	36.677
-55.006	36.617
-55.231	36.092
POLYLINE BLUE
-55.051	36.752
-55.096	36.722
-55.261	36.362
-55.291	36.332
-55.351	36.167
-55.426	36.062
POLYLINE BLUE
-55.306	36.617
-55.306	36.587
-55.471	36.287
-55.546	36.107
-55.546	36.077
POLYLINE BLUE
-55.306	36.047
-55.336	36.017
-55.366	36.017
-55.426	36.032
-55.486	36.032
-55.531	36.092
-55.561	36.257
-55.606	36.347
-55.606	36.437
-55.561	36.587
-55.501	36.632
-55.396	36.677
-55.366	36.677
-55.306	36.692
-55.156	36.797
-55.126	36.797
-55.066	36.812
-55.036	36.812
-54.976	36.827
-54.811	36.767
-54.721	36.722
-54.736	36.662
-54.736	36.632
-54.766	36.572
-54.766	36.527
-54.796	36.437
-54.826	36.407
-54.856	36.332
-54.916	36.287
-54.946	36.242
-54.976	36.227
-55.021	36.167
-55.081	36.122
-55.111	36.122
-55.171	36.077
-55.216	36.077
-55.306	36.032
POLYLINE BLUE
-55.936	36.122
-55.966	36.062
-55.966	36.032
-56.056	35.852
-56.071	35.777
-56.131	35.687
-56.146	35.642
POLYLINE BLUE
-56.041	36.242
-56.041	36.212
-56.161	35.927
-56.221	35.807
-56.326	35.552
-56.326	35.522
POLYLINE BLUE
-56.161	36.302
-56.206	36.242
-56.281	36.062
-56.311	35.957
-56.446	35.687
-56.551	35.477
-56.551	35.432
POLYLINE BLUE
-56.341	36.212
-56.371	36.182
-56.701	35.537
-56.746	35.477
-56.761	35.402
POLYLINE BLUE
-56.536	36.182
-56.686	35.882
-56.716	35.792
-56.821	35.612
-56.911	35.357
-56.911	35.312
-56.926	35.282
POLYLINE BLUE
-56.746	36.077
-57.076	35.387
-57.091	35.312
POLYLINE BLUE
-56.866	35.957
-57.151	35.342
POLYLINE BLUE
-55.906	35.897
-55.876	35.792
-56.011	35.642
-56.296	35.477
-56.536	35.327
-56.611	35.312
-56.641	35.282
-56.761	35.252
-56.866	35.222
-56.956	35.222
-56.986	35.237
-57.016	35.222
-57.121	35.267
-57.196	35.357
-57.196	35.387
-57.211	35.447
-57.211	35.612
-57.166	35.732
-57.106	35.867
-56.926	36.017
-56.791	36.092
-56.656	36.122
-56.506	36.197
-56.371	36.212
POLYLINE BLUE
-53.836	37.397
-54.156	37.317
-54.196	37.277
-54.196	37.077
-54.256	36.977
-54.436	36.917
-54.516	36.937
-54.676	36.917
-54.796	36.857
-54.816	36.637
-54.996	36.517
-55.196	36.457
-55.236	36.417
-55.416	36.397
-55.316	36.577
-55.196	36.697
-55.156	36.797
-55.096	36.877
-55.116	36.777
-55.216	36.537
-55.416	36.317
-55.276	36.397
-55.056	36.457
-54.976	36.437
-54.856	36.377
-54.816	36.397
-54.776	36.377
-54.936	36.337
-55.016	36.337
-55.056	36.377
-55.136	36.397
-55.176	36.377
-55.256	36.397
-55.336	36.357
-55.376	36.377
POLYLINE BLACK
-55.816	35.917
-55.896	35.897
POLYLINE BLACK
-55.736	36.097
-55.856	36.037
POLYLINE BLACK
-55.736	36.237
-55.956	36.117
POLYLINE BLACK
-55.916	36.357
-55.996	36.197
POLYLINE BLACK
-56.916	36.317
-56.876	36.297
-56.776	36.317
-56.596	36.257
-56.516	36.237
-56.396	36.177
-56.156	36.277
-56.116	36.257
-56.076	36.297
-55.956	36.297
-55.716	36.237
-55.656	36.157
-55.656	36.057
-55.696	35.937
-55.736	35.937
-55.836	35.837
-55.916	35.597
-56.016	35.397
POLYLINE BLACK
-53.276	37.137
-53.376	36.957
-53.556	36.717
-53.596	36.717
-53.716	36.617
-53.896	36.517
-54.056	36.417
-54.096	36.377
-54.136	36.377
-54.196	36.297
-54.276	36.277
-54.456	36.217
-54.536	36.137
-54.656	36.117
-54.756	36.037
-54.836	36.017
-54.956	35.957
-55.036	35.937
-55.456	35.797
-55.636	35.677
-55.676	35.617
-55.816	35.537
-55.936	35.437
-56.156	35.337
-56.196	35.337
-56.496	35.177
-56.636	35.057
-56.776	34.997
-56.916	34.897
-57.056	34.757
-57.236	34.677
-57.336	34.677
-57.416	34.697
-57.556	34.697
-57.756	34.597
-57.796	34.557
-57.916	34.557
-57.996	34.537
-58.096	34.537
-58.176	34.517
-58.456	34.477
-58.496	34.457
-58.576	34.477
-58.656	34.457
-58.976	34.357
-59.056	34.357
-59.096	34.317
POLYLINE BLACK
-54.276	38.317
-54.296	38.197
-54.396	38.077
-54.396	38.037
-54.536	37.897
-54.696	37.637
-54.756	37.537
-54.796	37.517
-54.836	37.417
-54.996	37.317
-55.136	37.277
-55.316	37.117
-55.416	37.057
-55.456	37.017
-55.496	37.017
-55.576	36.937
-55.676	36.877
-55.736	36.837
-55.816	36.817
-55.976	36.757
-56.036	36.757
-56.116	36.717
-56.176	36.717
-56.296	36.637
-56.376	36.617
-56.476	36.577
-56.516	36.597
-56.556	36.557
-56.636	36.537
-56.716	36.477
-56.796	36.457
-56.896	36.397
-56.956	36.317
-57.096	36.257
-57.296	36.117
-57.496	35.957
-57.616	35.857
-57.676	35.857
-57.896	35.717
-58.056	35.677
-58.316	35.597
-58.396	35.617
-58.536	35.637
-58.616	35.617
-58.776	35.657
-58.996	35.657
-59.016	35.617
-59.136	35.677
-59.216	35.677
-59.216	35.677
POLYLINE BLACK
-61.906	48.547
-61.946	48.547
-61.986	48.407
-61.986	48.187
POLYLINE BLACK
-61.926	48.367
-61.946	48.527
-61.986	48.787
-62.006	48.947
-62.006	49.147
-62.126	49.427
-62.146	49.507
-62.186	49.767
-62.206	49.847
-62.286	50.067
-62.306	50.147
-62.326	50.247
-62.366	50.527
-62.426	50.787
-62.486	50.887
-62.546	51.087
-62.606	51.187
-62.686	51.567
-62.686	51.787
-62.706	51.867
-62.726	51.947
-62.786	52.127
-62.786	52.187
-62.826	52.347
-62.826	52.447
-62.846	52.527
-62.846	52.747
-62.886	52.907
-62.886	52.987
-62.906	53.127
-62.886	53.207
-62.886	53.467
-62.906	53.547
-62.966	53.627
POLYLINE BLACK
-63.386	48.267
-63.406	48.427
-63.406	48.527
-63.386	48.607
-63.346	49.007
-63.406	49.227
-63.506	49.327
-63.746	49.427
-63.786	49.467
-63.826	49.447
-63.846	49.487
-63.886	49.467
-63.926	49.487
-64.006	49.467
-64.046	49.467
-64.406	49.827
-64.366	50.047
-64.346	50.127
-64.286	50.387
-64.266	50.547
-64.266	50.727
-64.286	50.807
-64.326	51.027
-64.326	51.107
-64.206	51.407
-64.206	51.527
-64.186	51.487
-64.206	51.667
-64.206	51.667
-64.126	51.687
-63.966	51.807
-63.866	51.987
-63.846	52.067
-63.666	52.367
-63.606	52.467
-63.486	52.587
-63.386	52.747
-63.286	52.967
-63.246	53.167
-63.246	53.247
-63.206	53.327
-63.026	53.507
-62.966	53.447
-62.886	53.467
POLYLINE GREEN
-62.966	48.007
-62.946	48.087
-62.846	48.247
-62.806	48.267
-62.706	48.167
-62.666	48.027
-62.666	47.987
POLYLINE BLACK
-62.426	48.007
-62.426	47.927
-62.446	47.847
-62.446	47.627
-62.466	47.547
-62.506	47.507
-62.466	47.467
-62.306	47.427
-62.166	47.447
-62.086	47.407
-62.046	47.427
-61.966	47.407
-61.846	47.827
-61.846	47.927
-61.966	47.967
-62.046	47.947
-62.126	47.927
-62.286	47.987
-62.406	48.007
POLYLINE BLACK
-61.986	46.847
-61.906	46.967
-61.826	47.307
-61.826	47.447
-61.846	47.587
-61.846	47.647
-61.866	47.727
-61.866	47.867
-61.906	48.027
-61.946	48.247
POLYLINE BLACK
-63.346	47.887
-63.346	47.847
-63.226	47.847
-62.926	47.927
-62.886	47.967
-62.826	47.967
-62.746	47.987
-62.666	47.987
-62.546	47.787
-62.486	47.567
-62.586	47.467
-62.646	47.467
-62.766	47.387
-62.906	47.347
-62.986	47.287
POLYLINE BLACK
-62.006	46.807
-62.006	46.767
-62.086	46.747
-62.166	46.747
-62.306	46.707
-62.466	46.707
-62.546	46.687
-62.626	46.707
-62.706	46.687
-62.866	46.747
-62.886	46.827
-62.886	46.907
-62.906	46.987
-62.906	47.047
-62.926	47.127
-62.886	47.287
-63.026	47.427
-63.026	47.467
-63.186	47.567
-63.246	47.647
-63.286	47.647
-63.366	47.787
-63.426	48.067
-63.426	48.187
-63.386	48.327
POLYLINE CONNECT
-62.841	48.132
-53.761	37.601
POLYLINE BROWN
-53.286	37.122
-53.256	37.137
-53.241	37.182
-53.166	37.302
-53.001	37.647
-53.001	37.677
-52.956	37.767
-52.956	37.797
-52.926	37.857
-52.926	37.887
-52.866	38.052
-52.866	38.082
-52.821	38.187
-52.821	38.232
-52.791	38.292
-52.791	38.322
-52.731	38.517
-52.731	38.547
-52.686	38.637
-52.686	38.697
-52.656	38.757
-52.656	38.832
-52.626	38.892
-52.626	38.967
-52.611	39.027
-52.611	39.057
-52.581	39.177
-52.581	39.222
-52.566	39.282
-52.566	39.342
-52.551	39.402
-52.551	39.552
-52.536	39.612
-52.536	39.807
POLYLINE BROWN
-53.841	39.612
-53.826	39.582
-53.826	39.507
-53.766	39.357
-53.766	39.297
-53.751	39.237
-53.751	39.072
-53.781	38.967
-53.871	38.802
-53.916	38.742
-53.931	38.697
-54.006	38.607
-54.036	38.592
-54.261	38.337
-54.291	38.262
-54.351	38.202
POLYLINE BROWN
-53.856	39.642
POLYLINE BROWN
-52.671	39.927
-52.611	39.942
POLYLINE BROWN
-52.686	40.182
-52.626	40.212
POLYLINE BROWN
-52.806	40.347
-52.776	40.362
-52.731	40.362
-52.701	40.392
POLYLINE BROWN
-52.986	40.467
-52.941	40.527
POLYLINE BROWN
-53.286	40.467
-53.256	40.497
-53.256	40.527
-53.226	40.587
POLYLINE BROWN
-53.496	40.422
-53.511	40.497
-53.511	40.557
POLYLINE BROWN
-53.766	40.362
-53.751	40.317
-53.781	40.302
-53.826	40.407
POLYLINE BROWN
-52.611	40.257
-52.686	40.317
-52.761	40.407
-52.821	40.452
-52.851	40.497
-53.016	40.572
-53.046	40.572
-53.076	40.587
-53.181	40.587
-53.256	40.572
-53.286	40.587
-53.406	40.572
-53.466	40.542
-53.496	40.542
-53.526	40.527
-53.601	40.527
-53.901	40.332
-53.961	40.287
-53.991	40.227
-53.991	40.197
POLYLINE BROWN
-53.736	42.147
POLYLINE BROWN
-52.491	39.927
-52.431	39.747
-52.446	39.717
-52.566	39.972
-52.596	40.137
-52.611	40.197
-52.611	40.257
-52.626	40.317
-52.626	40.377
-52.716	40.722
-52.791	40.887
-52.791	40.917
-52.821	40.947
-52.821	40.977
-52.911	41.157
-52.911	41.202
-52.926	41.232
-52.926	41.292
-52.956	41.397
-52.956	41.487
-53.061	41.832
-53.091	41.892
-53.136	42.072
-53.166	42.312
-53.166	42.912
-53.181	42.942
-53.166	43.032
-53.166	43.122
-53.151	43.197
-53.166	43.227
-53.166	43.422
-53.181	43.527
-53.181	43.662
-53.196	43.722
-53.226	43.962
-53.286	44.202
POLYLINE BROWN
-53.796	39.522
-53.856	39.567
-53.931	39.717
-53.931	39.762
-54.021	39.987
-54.096	40.077
-54.201	40.242
-54.201	40.272
-54.246	40.362
-54.246	40.407
-54.336	40.632
-54.441	40.917
-54.471	41.037
-54.471	41.097
-54.501	41.262
-54.531	41.397
-54.576	41.487
-54.576	41.517
-54.696	41.817
-54.756	41.997
-54.831	42.147
-55.191	42.972
-55.191	43.002
-55.221	43.062
-55.221	43.122
-55.251	43.182
-55.251	43.272
-55.266	43.302
-55.266	43.377
-55.281	43.437
-55.281	43.662
-55.296	43.722
-55.296	43.782
POLYLINE BROWN
-52.677	45.734
-52.722	45.614
-52.917	45.359
-53.067	44.999
-53.127	44.849
-53.217	44.729
-53.217	44.699
-53.247	44.669
-53.247	44.624
-53.262	44.564
-53.262	44.459
-53.277	44.429
-53.262	44.399
-53.277	44.339
-53.277	44.144
-53.292	44.084
POLYLINE BROWN
-53.202	47.114
-53.187	47.054
-53.247	47.054
-53.277	47.024
-53.532	46.919
-53.832	46.649
-53.847	46.619
-53.877	46.619
-54.102	46.454
-54.237	46.304
-54.327	46.169
-54.327	46.124
-54.462	45.899
-54.507	45.884
-54.687	45.644
-54.762	45.479
-54.777	45.299
-54.807	45.179
-54.837	45.074
-54.897	44.939
-54.927	44.909
-54.987	44.759
-54.987	44.729
-55.047	44.564
-55.212	44.339
-55.257	44.279
-55.317	44.144
-55.317	44.114
-55.347	43.979
-55.347	43.844
-55.332	43.784
-55.332	43.724
-55.347	43.694
POLYLINE BROWN
-53.262	47.069
-53.262	47.009
-53.232	46.979
-53.172	47.009
-53.097	47.009
-53.007	47.069
-52.782	47.189
-52.752	47.189
-52.692	47.249
-52.662	47.249
-52.527	47.309
-52.497	47.309
-52.332	47.369
-52.182	47.414
-52.152	47.399
-52.122	47.429
-52.092	47.429
-52.032	47.444
-52.002	47.444
-51.972	47.459
-51.897	47.459
-51.867	47.474
-51.807	47.459
-51.777	47.474
-51.717	47.459
-51.687	47.459
-51.567	47.519
-51.537	47.519
-51.417	47.609
-51.327	47.609
-51.162	47.684
-51.042	47.774
-51.012	47.774
-50.922	47.849
-50.847	47.849
-50.757	47.894
-50.727	47.879
-50.652	47.939
-50.577	47.939
-50.487	47.984
-50.457	47.984
-50.427	48.014
-50.337	48.014
-50.172	48.074
-50.022	48.104
-49.962	48.134
-49.932	48.134
-49.872	48.194
-49.842	48.194
-49.662	48.329
-49.497	48.434
-49.407	48.479
-49.347	48.479
-49.287	48.509
-49.257	48.509
-49.197	48.539
-49.167	48.539
-49.107	48.554
-49.047	48.554
-49.017	48.569
-48.957	48.554
POLYLINE BROWN
-50.037	46.394
-50.067	46.394
-50.097	46.364
-50.127	46.379
-50.157	46.364
-50.217	46.394
-50.247	46.394
-50.307	46.424
-50.472	46.394
-50.502	46.379
-50.802	46.394
-50.862	46.379
-50.892	46.394
-50.952	46.394
-50.982	46.379
-51.042	46.379
-51.072	46.364
-51.132	46.394
-51.267	46.394
-51.327	46.379
-51.357	46.394
-51.462	46.394
-51.492	46.409
-51.522	46.394
-51.552	46.409
-51.672	46.334
-51.687	46.304
-51.747	46.304
-51.942	46.199
-52.062	46.109
-52.122	46.079
-52.152	46.079
-52.242	46.004
-52.392	45.899
-52.407	45.869
-52.437	45.869
-52.512	45.824
-52.542	45.824
-52.602	45.779
-52.617	45.749
-52.647	45.749
-52.677	45.704
-52.737	45.689
POLYLINE BROWN
-47.977	47.124
-47.987	47.104
-48.067	47.134
-48.127	47.234
-48.127	47.384
-48.117	47.424
-48.127	47.474
-48.117	47.494
-48.127	47.534
-48.127	47.754
-48.137	47.794
-48.147	47.834
-48.187	47.894
-48.237	47.954
-48.397	48.194
-48.487	48.294
-48.507	48.294
-48.567	48.344
-48.697	48.424
-48.827	48.544
-48.927	48.604
-48.967	48.604
-48.987	48.614
-49.007	48.604
POLYLINE GREEN
-50.803	42.363
-50.803	42.273
-50.713	42.183
-50.593	42.153
-50.383	42.243
-50.323	42.303
-50.293	42.423
POLYLINE GREEN
-50.953	42.843
-50.953	42.753
-50.893	42.693
-50.803	42.783
-50.743	42.993
POLYLINE GREEN
-52.633	42.123
-52.613	42.063
-52.513	41.993
-52.463	42.003
-52.383	42.053
POLYLINE GREEN
-53.283	42.133
-53.283	42.133
-53.273	42.063
-53.253	42.013
-53.213	42.003
-53.103	42.093
POLYLINE GREEN
-53.713	41.553
-53.643	41.423
-53.623	41.363
-53.583	41.323
-53.563	41.323
-53.463	41.373
-53.423	41.413
POLYLINE GREEN
-52.243	41.673
-52.233	41.633
-52.213	41.533
-52.173	41.493
-52.113	41.543
POLYLINE GREEN
-52.933	41.463
-52.943	41.363
-52.933	41.253
-52.923	41.233
-52.903	41.233
-52.793	41.293
-52.733	41.353
POLYLINE GREEN
-53.213	40.673
-53.123	40.543
-53.113	40.483
POLYLINE GREEN
-53.253	40.903
-53.263	40.883
-53.203	40.643
-53.243	40.603
-53.353	40.403
POLYLINE GREEN
-52.523	40.853
-52.523	40.803
-52.463	40.683
-52.423	40.673
-52.363	40.693
POLYLINE GREEN
-52.933	40.313
-52.953	40.203
-52.943	40.143
-52.943	40.123
-52.903	40.093
-52.833	40.123
POLYLINE GREEN
-53.763	40.543
-53.763	40.383
-53.743	40.343
-53.723	40.333
-53.673	40.343
-53.483	40.433
POLYLINE BLACK
-52.913	38.983
-52.933	38.973
-52.973	38.993
-52.993	38.983
POLYLINE BLACK
-52.993	39.173
-53.103	39.093
POLYLINE BLACK
-52.973	39.423
-52.993	39.393
-53.013	39.393
-53.043	39.363
POLYLINE BLACK
-52.983	39.643
-53.093	39.553
POLYLINE BLACK
-53.193	39.833
-53.263	39.643
POLYLINE BLACK
-53.363	39.913
-53.363	39.843
-53.383	39.763
POLYLINE BLACK
-53.533	39.913
-53.533	39.833
-53.543	39.783
POLYLINE BLACK
-53.713	39.973
-53.703	39.933
-53.723	39.843
POLYLINE BLACK
-53.873	40.053
-53.863	39.973
-53.863	39.923
-53.873	39.883
POLYLINE BLACK
-54.043	40.183
-54.003	40.123
-53.913	40.033
-53.833	40.003
-53.813	40.013
-53.673	39.973
-53.583	39.953
-53.543	39.953
-53.503	39.933
-53.483	39.943
-53.443	39.933
-53.423	39.943
-53.363	39.923
-53.243	39.893
-53.083	39.733
-53.023	39.633
-53.023	39.603
-52.993	39.523
-52.993	39.483
-52.983	39.443
-52.983	39.343
-52.993	39.323
-52.983	39.283
-52.983	39.213
-52.973	39.173
-52.963	39.133
-52.923	39.053
-52.923	39.033
POLYLINE BLACK
-54.143	42.283
-54.153	42.263
-54.073	42.023
-54.073	41.973
-54.063	41.933
-54.063	41.833
-54.053	41.763
-54.063	41.723
-54.063	41.653
-54.073	41.613
-54.073	41.483
-54.083	41.443
-54.063	41.333
-54.063	41.163
-54.053	41.143
-54.053	41.093
-54.043	41.053
-54.043	40.983
-54.053	40.913
-54.063	40.823
-54.073	40.713
-54.073	40.393
-54.063	40.343
-54.073	40.303
-54.073	40.243
-54.063	40.203
-54.063	40.173
-54.043	40.093
-54.043	40.053
-54.023	39.963
-54.003	39.843
-53.983	39.803
-53.983	39.773
-53.963	39.753
-53.943	39.673
-53.873	39.493
-53.873	39.473
-53.753	39.273
-53.713	39.183
-53.683	39.143
-53.613	38.993
-53.603	38.953
-53.533	38.853
-53.503	38.803
-53.413	38.663
-53.313	38.573
-53.293	38.573
-53.253	38.533
-53.213	38.533
-53.193	38.513
-53.153	38.513
-53.113	38.523
-53.093	38.523
-53.003	38.613
-52.993	38.653
-52.973	38.753
-52.973	38.793
-52.943	38.853
-52.933	38.903
-52.913	38.963
-52.903	39.003
-52.833	39.173
-52.833	39.193
-52.813	39.213
-52.803	39.253
-52.753	39.363
-52.743	39.403
-52.713	39.443
-52.703	39.493
-52.653	39.573
-52.653	39.593
-52.563	39.713
-52.553	39.753
-52.483	39.823
-52.413	39.923
-52.363	40.013
-52.333	40.053
-52.333	40.083
-52.293	40.183
-52.203	40.313
-52.203	40.333
-52.183	40.353
-52.143	40.363
-52.073	40.453
-51.833	40.693
-51.803	40.743
-51.773	40.773
-51.643	40.933
-51.553	41.023
POLYLINE GREEN
-51.123	41.943
-51.183	41.883
-51.273	41.873
-51.433	41.963
POLYLINE GREEN
-51.343	42.393
-51.363	42.393
-51.383	42.363
-51.513	42.313
-51.643	42.323
-51.733	42.403
POLYLINE GREEN
-52.333	42.563
-52.423	42.483
-52.493	42.483
-52.653	42.563
POLYLINE GREEN
-52.923	42.933
-52.933	42.853
-52.953	42.833
-53.083	42.803
-53.163	42.833
-53.253	42.923
POLYLINE GREEN
-52.103	43.843
-52.073	43.793
-52.023	43.773
-51.973	43.773
POLYLINE GREEN
-52.133	44.363
-52.193	44.283
-52.203	44.243
-52.183	44.183
-52.133	44.143
-52.023	44.123
POLYLINE GREEN
-51.703	44.833
-51.783	44.723
-51.803	44.653
-51.783	44.583
-51.723	44.493
-51.663	44.443
POLYLINE GREEN
-51.923	45.463
-51.973	45.453
-52.013	45.413
-52.043	45.323
-52.033	45.273
-51.983	45.223
POLYLINE GREEN
-51.563	45.433
-51.583	45.443
-51.613	45.433
-51.643	45.363
-51.593	45.273
-51.553	45.243
POLYLINE GREEN
-51.473	46.043
-51.503	46.073
-51.533	46.073
-51.593	46.033
-51.623	45.983
-51.633	45.943
-51.623	45.893
-51.593	45.853
-51.543	45.823
POLYLINE BLACK
-52.803	45.193
-52.823	45.203
-52.823	45.253
-52.783	45.283
-52.743	45.273
-52.723	45.213
-52.773	45.163
POLYLINE BLACK
-52.853	45.743
-52.893	45.753
-52.943	45.823
-52.933	45.873
-52.863	45.913
-52.813	45.913
-52.753	45.873
-52.733	45.853
-52.763	45.803
-52.853	45.733
POLYLINE BLACK
-53.163	45.313
-53.183	45.303
-53.223	45.313
-53.263	45.343
-53.273	45.373
-53.243	45.403
-53.193	45.423
-53.123	45.423
-53.113	45.383
-53.123	45.353
-53.153	45.323
-53.203	45.313
POLYLINE BLACK
-53.703	45.613
-53.743	45.643
-53.743	45.663
-53.693	45.703
-53.653	45.713
-53.613	45.703
-53.583	45.663
-53.593	45.623
-53.683	45.643
-53.703	45.653
-53.723	45.643
POLYLINE BLACK
-54.423	45.393
-54.463	45.403
-54.493	45.443
-54.453	45.473
-54.413	45.473
-54.373	45.453
-54.363	45.413
-54.373	45.383
-54.413	45.373
POLYLINE BLACK
-53.863	44.443
-53.913	44.513
POLYLINE BLACK
-53.593	44.873
-53.633	44.863
-53.673	44.873
-53.673	44.913
-53.633	44.953
-53.563	44.933
-53.523	44.893
-53.523	44.873
-53.583	44.883
POLYLINE BLACK
-54.163	44.843
-54.243	44.913
-54.203	44.983
-54.163	44.993
-54.133	44.943
-54.133	44.923
-54.173	44.903
POLYLINE BLACK
-54.413	44.473
-54.453	44.483
-54.473	44.523
-54.433	44.583
-54.413	44.583
-54.343	44.533
-54.343	44.513
-54.433	44.503
POLYLINE GREEN
-52.903	43.793
-52.843	43.693
-52.803	43.633
POLYLINE GREEN
-52.923	44.123
-52.873	43.913
-52.873	43.863
-52.863	43.783
-52.863	43.703
-52.903	43.713
-53.003	43.633
-53.053	43.543
POLYLINE GREEN
-53.143	43.693
-53.143	43.673
-53.193	43.523
-53.273	43.473
-53.303	43.473
-53.323	43.463
-53.393	43.463
-53.473	43.543
POLYLINE GREEN
-53.603	44.033
-53.623	43.943
-53.633	43.903
-53.663	43.853
-53.783	43.803
-53.863	43.823
-53.903	43.853
-53.933	43.853
POLYLINE GREEN
-53.223	44.313
-53.263	44.303
-53.303	44.283
-53.353	44.283
-53.433	44.233
-53.453	44.233
-53.603	44.183
-53.623	44.193
-53.713	44.183
-53.753	44.183
-53.823	44.153
-53.873	44.153
-53.913	44.143
-53.953	44.103
-53.983	44.053
-54.113	43.973
-54.193	43.953
-54.213	43.943
-54.283	43.953
-54.443	43.903
-54.583	43.883
-54.623	43.893
-54.663	43.923
-54.693	43.923
POLYLINE GREEN
-51.753	46.413
-51.813	46.313
-51.873	46.193
-51.973	46.053
-52.003	45.963
-52.053	45.863
-52.073	45.843
-52.073	45.823
-52.093	45.803
-52.103	45.763
-52.143	45.703
-52.153	45.663
-52.193	45.583
-52.203	45.543
-52.243	45.413
-52.243	45.373
-52.253	45.303
-52.233	45.203
-52.233	45.183
-52.253	45.183
-52.263	45.203
-52.283	45.193
-52.283	45.193
-52.283	45.193
-52.373	44.983
-52.403	44.943
-52.413	44.843
-52.433	44.783
-52.523	44.743
-52.613	44.693
-52.733	44.573
-52.793	44.493
-52.893	44.433
-52.933	44.423
-52.993	44.383
-53.013	44.363
-53.013	44.343
-53.053	44.303
-53.063	44.283
-53.103	44.273
-53.123	44.263
-53.163	44.273
-53.173	44.253
-53.173	44.253
-53.173	44.273
-53.183	44.253
-53.203	44.253
-53.243	44.193
-53.263	44.173
POLYLINE BLACK
-51.683	46.593
-51.723	46.593
-51.783	46.553
-51.803	46.553
POLYLINE BLACK
-52.573	46.353
-52.543	46.313
-52.443	46.373
POLYLINE BLACK
-51.723	46.443
-51.763	46.433
-51.803	46.463
-51.873	46.463
POLYLINE BLACK
-51.983	46.293
-52.033	46.353
POLYLINE BLACK
-52.193	46.213
-52.193	46.263
-52.203	46.303
POLYLINE BLACK
-52.453	46.183
-52.423	46.213
-52.403	46.273
POLYLINE BLACK
-51.813	46.673
-51.813	46.593
POLYLINE BLACK
-52.023	46.633
-51.983	46.573
-51.993	46.553
POLYLINE BLACK
-52.233	46.563
-52.183	46.473
-52.183	46.453
POLYLINE BLACK
-52.453	46.443
-52.433	46.463
-52.353	46.373
POLYLINE BLACK
-51.713	46.633
-51.683	46.553
-51.713	46.463
-51.773	46.383
-51.893	46.283
-51.933	46.273
-52.053	46.203
-52.083	46.203
-52.123	46.193
-52.163	46.193
-52.263	46.153
-52.283	46.163
-52.303	46.143
-52.343	46.163
-52.363	46.153
-52.403	46.163
-52.483	46.163
-52.523	46.173
-52.563	46.233
-52.573	46.313
-52.573	46.343
-52.473	46.433
-52.453	46.433
-52.383	46.473
-52.363	46.473
-52.303	46.513
-52.263	46.523
-52.153	46.573
-51.983	46.633
-51.963	46.633
-51.943	46.653
-51.903	46.653
-51.883	46.663
-51.723	46.603
POLYLINE BLACK
-50.078	41.778
-50.108	41.658
-50.168	41.613
-50.243	41.523
-50.333	41.478
-50.363	41.478
-50.498	41.418
-50.528	41.418
-50.678	41.358
-50.813	41.298
-50.903	41.298
-50.993	41.238
-51.023	41.238
-51.203	41.133
-51.233	41.133
-51.293	41.103
-51.323	41.103
-51.383	41.073
-51.413	41.073
-51.473	41.043
-51.503	41.058
-51.518	41.028
POLYLINE BLACK
-50.438	43.308
-50.363	43.038
-50.333	42.978
-50.303	42.813
-50.303	42.768
-50.273	42.633
-50.273	42.603
-50.243	42.513
-50.228	42.408
-50.198	42.318
-50.198	42.273
-50.168	42.213
-50.168	42.183
-50.153	42.153
-50.153	42.078
-50.138	42.018
-50.138	41.928
-50.123	41.868
-50.123	41.838
-50.093	41.718
POLYLINE BROWN
18.567	42.488
18.582	42.448
18.582	42.438
18.592	42.413
18.592	42.373
POLYLINE BROWN
18.532	42.123
18.532	42.113
18.567	42.113
18.577	42.108
18.587	42.113
18.607	42.108
18.617	42.108
18.627	42.103
POLYLINE BROWN
19.232	42.098
19.237	42.063
19.247	42.043
19.247	42.033
19.252	42.013
19.252	42.003
POLYLINE BROWN
19.362	42.168
19.332	42.153
19.302	42.153
19.282	42.143
19.272	42.143
POLYLINE BROWN
19.442	42.258
19.432	42.253
19.447	42.253
19.472	42.263
19.597	42.283
19.657	42.298
19.687	42.298
19.697	42.293
POLYLINE BROWN
19.527	42.263
19.557	42.163
19.567	42.138
19.567	42.123
19.577	42.098
19.582	42.073
19.587	42.063
19.587	42.048
19.597	42.038
POLYLINE BROWN
19.342	42.298
19.342	42.213
19.352	42.148
19.352	42.123
19.357	42.113
19.357	42.088
19.372	42.028
19.372	42.013
POLYLINE BROWN
19.237	42.148
19.277	42.148
19.302	42.158
POLYLINE BROWN
19.212	42.283
19.212	42.238
19.217	42.223
19.217	42.188
19.227	42.128
19.227	42.113
19.237	42.073
POLYLINE BROWN
19.032	42.138
19.057	42.133
19.107	42.138
19.142	42.138
POLYLINE BROWN
19.077	42.273
19.027	42.273
18.977	42.228
18.972	42.213
18.952	42.183
18.952	42.168
18.942	42.138
18.947	42.098
18.947	42.088
18.957	42.073
18.977	42.058
18.997	42.058
19.037	42.088
19.052	42.093
19.062	42.103
19.092	42.038
19.092	42.028
POLYLINE BROWN
18.727	42.253
18.732	42.243
18.727	42.228
18.732	42.218
18.732	42.173
18.737	42.163
18.737	42.143
18.742	42.133
18.742	42.118
18.747	42.088
18.747	42.073
18.752	42.053
18.762	42.043
18.772	42.043
18.812	42.073
18.822	42.113
18.822	42.188
18.817	42.223
18.817	42.253
POLYLINE BROWN
18.562	42.103
18.572	42.103
18.582	42.108
18.597	42.103
POLYLINE BROWN
18.522	42.008
18.532	42.028
18.552	42.123
18.552	42.138
18.562	42.163
18.562	42.178
18.567	42.203
18.572	42.228
18.582	42.218
18.592	42.188
18.602	42.178
18.627	42.123
18.637	42.113
18.637	42.098
18.672	42.038
18.677	42.023
POLYLINE BROWN
18.547	41.993
POLYLINE BROWN
18.327	42.173
18.352	42.203
18.372	42.213
18.382	42.213
18.402	42.218
18.427	42.208
18.442	42.188
18.442	42.178
18.432	42.153
18.387	42.123
18.377	42.118
18.392	42.098
18.427	42.068
18.437	42.043
18.452	42.023
18.467	41.983
POLYLINE BROWN
18.322	42.198
18.327	42.188
18.327	42.173
18.337	42.143
18.342	42.073
18.342	42.043
18.347	42.018
18.347	41.993
POLYLINE BROWN
18.122	42.193
18.147	42.203
18.197	42.203
18.207	42.208
18.237	42.193
18.267	42.148
18.267	42.133
18.272	42.113
18.272	42.058
18.257	42.018
18.247	42.008
18.237	42.008
18.227	41.998
18.217	41.998
18.202	41.988
POLYLINE BROWN
18.132	42.183
18.137	42.163
18.147	42.123
18.147	42.108
18.152	42.093
18.152	42.068
18.157	42.053
18.157	42.033
18.162	41.998
18.162	41.963
POLYLINE BROWN
18.917	42.653
18.927	42.628
18.922	42.618
18.932	42.628
18.942	42.623
18.957	42.628
19.002	42.628
19.052	42.638
19.112	42.638
POLYLINE BROWN
18.987	42.608
18.987	42.568
18.992	42.553
18.992	42.538
19.002	42.513
19.007	42.463
19.012	42.448
19.012	42.413
POLYLINE BROWN
18.827	42.618
18.827	42.628
18.817	42.608
18.817	42.498
18.827	42.428
18.827	42.413
18.832	42.383
POLYLINE BROWN
18.712	42.508
18.727	42.498
18.762	42.508
18.777	42.508
18.807	42.518
18.822	42.518
POLYLINE BROWN
18.707	42.618
18.707	42.608
18.702	42.598
18.702	42.558
18.707	42.543
18.707	42.528
18.712	42.513
18.712	42.498
18.722	42.468
18.722	42.428
18.727	42.418
18.727	42.393
POLYLINE BROWN
18.547	42.473
18.572	42.483
18.597	42.483
18.617	42.488
18.627	42.483
18.652	42.483
POLYLINE BROWN
18.587	42.568
18.572	42.588
18.542	42.588
18.512	42.563
18.487	42.513
18.477	42.443
18.482	42.408
18.497	42.383
18.522	42.378
18.552	42.393
18.582	42.428
18.587	42.438
18.587	42.428
18.592	42.408
18.592	42.393
18.597	42.373
18.597	42.363
POLYLINE BROWN
18.337	42.593
18.337	42.583
18.332	42.563
18.337	42.553
18.337	42.483
18.347	42.408
18.352	42.368
18.357	42.358
POLYLINE BROWN
18.147	42.578
18.152	42.558
18.152	42.523
18.162	42.468
18.167	42.423
18.172	42.413
18.172	42.398
18.167	42.378
18.177	42.373
18.202	42.373
18.282	42.388
18.302	42.388
POLYLINE BROWN
18.057	42.578
18.032	42.573
17.967	42.543
17.952	42.523
17.957	42.513
18.042	42.478
18.092	42.443
18.112	42.413
18.112	42.398
18.107	42.378
18.092	42.363
18.067	42.348
18.047	42.348
18.032	42.353
18.007	42.353
17.957	42.363
17.927	42.388
POLYLINE BLACK
17.197	41.848
17.302	41.848
POLYLINE BLACK
16.927	41.888
16.947	41.913
16.962	41.923
17.012	41.998
17.017	42.008
17.027	42.008
17.052	41.998
17.077	41.998
17.122	41.988
17.147	41.988
17.182	41.978
17.202	41.963
17.212	41.963
17.232	41.958
17.237	41.948
17.232	41.933
17.222	41.923
17.217	41.898
17.207	41.868
17.207	41.853
17.202	41.828
17.202	41.793
17.197	41.778
17.197	41.703
17.202	41.683
17.197	41.663
17.197	41.643
17.192	41.633
17.192	41.633
POLYLINE BLACK
16.677	41.838
16.667	41.838
16.657	41.843
16.682	41.848
16.692	41.858
16.702	41.858
16.712	41.868
16.727	41.873
16.807	41.933
16.827	41.938
16.832	41.928
16.832	41.928
16.867	41.913
16.907	41.878
16.962	41.873
16.982	41.868
16.992	41.868
16.982	41.863
16.962	41.823
16.952	41.783
16.952	41.758
16.947	41.728
16.947	41.713
16.942	41.693
16.942	41.683
16.927	41.643
16.927	41.633
POLYLINE BLACK
16.407	41.833
16.412	41.858
16.422	41.868
16.457	41.943
16.457	41.953
16.462	41.963
16.472	41.958
16.532	41.958
16.552	41.953
16.587	41.953
16.597	41.958
16.622	41.953
16.712	41.953
16.702	41.943
16.697	41.928
16.687	41.918
16.687	41.908
16.677	41.873
16.677	41.753
16.682	41.693
16.682	41.658
16.652	41.603
16.652	41.593
16.642	41.583
POLYLINE BLACK
16.112	41.703
16.122	41.713
16.132	41.738
16.172	41.783
16.197	41.818
16.217	41.848
16.222	41.858
16.247	41.853
16.322	41.823
16.342	41.823
16.352	41.818
16.362	41.823
16.387	41.818
16.467	41.818
16.497	41.813
16.482	41.778
16.472	41.768
16.427	41.653
16.407	41.613
POLYLINE BLACK
17.217	42.033
17.227	42.008
17.257	41.968
17.267	41.948
17.272	41.923
17.297	41.873
17.297	41.863
17.307	41.843
17.307	41.833
17.312	41.813
17.312	41.758
17.322	41.718
17.322	41.663
17.317	41.653
17.307	41.648
17.292	41.628
17.252	41.608
17.212	41.608
17.202	41.613
17.182	41.608
17.162	41.613
17.142	41.608
17.132	41.613
17.117	41.613
17.097	41.608
17.087	41.608
17.067	41.613
17.037	41.603
17.017	41.613
16.997	41.608
16.922	41.608
16.902	41.603
16.892	41.603
16.872	41.608
16.852	41.603
16.807	41.603
16.787	41.598
16.777	41.598
16.767	41.593
16.747	41.598
16.712	41.598
16.702	41.593
16.672	41.603
16.652	41.598
16.587	41.598
16.567	41.593
16.512	41.593
16.502	41.588
16.482	41.593
16.462	41.593
16.452	41.603
16.427	41.598
16.407	41.598
16.357	41.613
16.332	41.613
16.312	41.608
16.287	41.613
16.277	41.613
16.257	41.618
16.247	41.618
16.227	41.623
16.182	41.628
16.122	41.653
16.112	41.673
16.112	41.693
16.102	41.713
16.102	41.723
16.092	41.738
16.092	41.748
16.062	41.788
16.062	41.808
16.067	41.828
16.067	41.838
16.072	41.858
16.072	41.883
POLYLINE BLACK
17.227	42.013
17.217	42.008
17.147	42.043
17.137	42.053
17.102	42.068
17.092	42.068
17.072	42.073
17.042	42.098
17.002	42.098
16.992	42.108
16.942	42.108
16.922	42.113
16.892	42.113
16.882	42.108
16.872	42.113
16.852	42.108
16.832	42.108
16.822	42.103
16.812	42.108
16.792	42.103
16.782	42.108
16.762	42.103
16.742	42.103
16.732	42.098
16.722	42.103
16.712	42.098
16.702	42.103
16.682	42.098
16.672	42.098
16.652	42.103
16.642	42.103
16.632	42.108
16.612	42.103
16.602	42.108
16.577	42.108
16.567	42.103
16.547	42.108
16.527	42.103
16.517	42.103
16.497	42.098
16.487	42.103
16.477	42.093
16.467	42.093
16.447	42.088
16.437	42.093
16.427	42.083
16.417	42.083
16.407	42.088
16.397	42.078
16.377	42.083
16.367	42.078
16.357	42.083
16.317	42.068
16.292	42.073
16.272	42.063
16.252	42.068
16.232	42.068
16.222	42.058
16.212	42.058
16.202	42.048
16.192	42.053
16.152	42.023
16.147	42.013
16.147	42.023
16.142	42.003
16.122	41.988
16.087	41.928
16.067	41.898
16.067	41.888
16.057	41.868
16.057	41.858
16.052	41.848
16.062	41.853
POLYLINE CONNECT
16.922	41.923
16.790	43.447
POLYLINE ORANGE
19.137	42.918
19.147	42.918
19.167	42.933
19.202	42.938
19.247	42.953
19.257	42.953
POLYLINE ORANGE
19.152	43.043
19.222	43.043
POLYLINE ORANGE
19.127	43.108
19.137	43.113
19.152	43.113
19.177	43.123
19.192	43.123
19.217	43.128
POLYLINE ORANGE
19.142	43.138
19.142	43.103
19.137	43.088
19.142	43.058
19.142	42.903
POLYLINE ORANGE
18.967	43.013
18.977	43.013
18.987	43.008
19.012	43.008
19.037	43.013
19.062	43.013
POLYLINE ORANGE
19.067	43.128
19.057	43.128
19.037	43.133
19.012	43.128
19.002	43.128
18.972	43.118
18.957	43.108
18.927	43.043
18.917	42.973
18.922	42.953
18.942	42.933
18.982	42.948
18.997	42.948
19.022	42.978
19.022	42.968
19.027	42.958
19.027	42.943
19.042	42.893
POLYLINE ORANGE
18.707	42.978
18.727	42.978
18.762	42.988
18.802	42.988
POLYLINE ORANGE
18.697	42.893
18.697	42.943
18.707	42.993
18.722	43.023
18.742	43.088
18.742	43.098
18.767	43.068
18.787	43.038
18.817	42.963
18.842	42.913
18.842	42.903
POLYLINE ORANGE
18.647	43.113
18.637	43.123
18.617	43.123
18.577	43.108
18.567	43.098
18.542	43.088
18.522	43.073
18.502	43.048
18.502	43.038
18.522	43.018
18.597	42.988
18.612	42.968
18.612	42.958
18.562	42.933
18.527	42.923
18.507	42.913
POLYLINE ORANGE
18.427	43.098
18.417	43.103
18.402	43.103
18.392	43.108
18.322	43.078
18.312	43.058
18.312	43.048
18.322	43.033
18.352	43.013
18.422	42.978
18.417	42.953
18.402	42.933
18.362	42.908
18.322	42.908
POLYLINE ORANGE
18.092	42.968
18.092	42.953
18.102	42.968
18.142	42.968
18.157	42.963
18.177	42.968
18.187	42.968
18.197	42.973
POLYLINE ORANGE
18.037	42.868
18.037	42.868
18.082	42.978
18.092	43.008
18.107	43.028
18.117	43.053
18.132	43.048
18.162	43.003
18.177	42.973
18.187	42.938
18.197	42.898
18.197	42.888
18.202	42.868
POLYLINE ORANGE
17.897	43.098
17.912	43.048
17.912	43.033
17.917	43.023
17.917	42.913
17.907	42.868
17.907	42.888
17.902	42.913
17.902	42.953
17.907	43.008
17.907	43.033
17.912	43.068
17.922	43.078
17.937	43.118
17.952	43.118
17.972	43.123
17.997	43.123
18.027	43.098
18.037	43.073
18.037	43.048
18.007	43.003
17.947	42.963
17.937	42.958
POLYLINE ORANGE
18.567	43.478
18.567	43.458
18.577	43.428
18.577	43.373
18.582	43.343
18.577	43.333
18.577	43.308
18.567	43.288
18.577	43.283
18.592	43.283
18.627	43.293
18.677	43.298
18.737	43.298
POLYLINE ORANGE
18.377	43.463
18.367	43.458
18.362	43.448
18.362	43.393
18.367	43.383
18.367	43.353
18.362	43.338
18.362	43.293
18.367	43.283
18.402	43.268
18.427	43.268
18.437	43.273
18.452	43.268
18.462	43.273
18.492	43.273
18.512	43.278
18.522	43.278
POLYLINE ORANGE
18.262	43.453
18.262	43.408
18.257	43.388
18.262	43.343
18.262	43.328
18.257	43.313
18.257	43.283
18.252	43.273
18.252	43.243
POLYLINE ORANGE
18.102	43.363
18.112	43.358
18.137	43.358
18.157	43.363
18.177	43.358
18.202	43.358
18.212	43.353
POLYLINE ORANGE
18.082	43.443
18.107	43.443
18.167	43.458
18.202	43.463
18.222	43.458
POLYLINE ORANGE
18.092	43.438
18.102	43.418
18.102	43.393
18.112	43.358
18.112	43.288
18.107	43.278
18.107	43.263
18.102	43.253
POLYLINE ORANGE
19.122	43.798
19.067	43.798
19.057	43.793
19.042	43.793
19.022	43.783
19.012	43.758
19.012	43.748
19.062	43.698
19.077	43.668
19.077	43.658
19.057	43.638
19.002	43.623
18.912	43.623
POLYLINE ORANGE
18.817	43.708
18.872	43.653
18.902	43.613
POLYLINE ORANGE
18.787	43.683
18.797	43.693
18.847	43.718
18.887	43.738
18.902	43.738
POLYLINE ORANGE
18.772	43.803
18.772	43.788
18.777	43.778
18.782	43.708
18.782	43.658
18.787	43.648
18.787	43.613
POLYLINE ORANGE
18.637	43.778
18.612	43.778
18.587	43.773
18.562	43.768
18.517	43.758
18.507	43.753
18.482	43.718
18.482	43.703
18.477	43.693
18.487	43.658
18.507	43.628
18.532	43.608
18.542	43.603
18.592	43.603
18.642	43.608
18.672	43.618
POLYLINE ORANGE
18.322	43.618
18.302	43.623
18.277	43.623
18.257	43.643
18.257	43.653
18.252	43.663
18.252	43.698
18.267	43.733
18.317	43.778
18.337	43.783
18.367	43.758
18.387	43.723
18.387	43.683
18.382	43.663
18.352	43.628
18.327	43.613
POLYLINE ORANGE
18.037	43.808
18.057	43.813
18.072	43.823
18.087	43.823
18.107	43.828
18.117	43.828
18.157	43.793
18.157	43.778
18.162	43.758
18.147	43.728
18.112	43.703
18.102	43.703
18.092	43.698
18.082	43.708
18.087	43.693
18.102	43.688
18.112	43.678
18.157	43.663
18.192	43.633
18.212	43.603
POLYLINE ORANGE
18.032	43.818
18.042	43.788
18.042	43.773
18.057	43.723
18.062	43.673
18.067	43.658
18.067	43.573
POLYLINE ORANGE
19.282	44.198
19.357	44.198
19.377	44.193
19.412	44.168
19.422	44.143
19.422	44.133
19.402	44.103
19.372	44.078
19.362	44.078
19.332	44.063
19.322	44.068
19.302	44.063
POLYLINE ORANGE
19.287	44.208
19.302	44.168
19.302	44.148
19.312	44.123
19.312	44.063
POLYLINE ORANGE
19.122	44.043
19.142	44.038
19.157	44.038
19.167	44.043
19.182	44.038
19.192	44.043
19.217	44.038
POLYLINE ORANGE
19.102	44.128
19.137	44.128
POLYLINE ORANGE
19.087	44.183
19.097	44.183
19.107	44.193
19.122	44.193
19.147	44.203
19.182	44.203
POLYLINE ORANGE
19.092	44.208
19.087	44.183
19.092	44.173
19.092	44.158
19.097	44.148
19.097	44.133
19.107	44.108
19.107	44.098
19.112	44.078
19.112	44.038
POLYLINE ORANGE
18.837	44.163
18.997	44.193
POLYLINE ORANGE
18.897	44.173
18.912	44.118
18.912	44.048
18.917	44.038
POLYLINE ORANGE
18.697	44.208
18.697	44.173
18.702	44.138
18.707	44.118
18.707	44.103
18.712	44.078
18.712	44.068
18.707	44.048
POLYLINE ORANGE
18.547	44.203
18.542	44.213
18.527	44.218
18.477	44.203
18.442	44.178
18.402	44.128
18.397	44.118
18.397	44.103
18.412	44.078
18.427	44.063
18.457	44.048
18.562	44.048
18.577	44.053
POLYLINE ORANGE
18.212	44.218
18.212	44.208
18.207	44.198
18.207	44.168
18.212	44.153
18.212	44.128
18.217	44.108
18.217	44.053
18.237	44.043
18.337	44.058
18.372	44.058
POLYLINE ORANGE
18.052	44.088
18.072	44.093
18.117	44.098
18.147	44.098
POLYLINE ORANGE
18.032	44.048
18.037	44.068
18.037	44.093
18.042	44.128
18.062	44.183
18.062	44.193
18.067	44.203
18.082	44.173
18.092	44.148
18.102	44.138
18.112	44.113
18.122	44.103
18.162	43.998
POLYLINE ORANGE
17.957	44.193
17.957	44.203
17.947	44.213
17.927	44.203
17.907	44.203
17.892	44.198
17.852	44.148
17.842	44.113
17.842	44.093
17.852	44.068
17.882	44.038
17.902	44.038
17.912	44.033
17.937	44.033
17.987	44.048
POLYLINE ORANGE
16.652	44.778
16.517	44.613
16.412	44.358
16.322	44.208
16.277	44.088
16.232	44.013
16.202	43.863
16.157	43.758
16.037	43.548
15.962	43.383
15.962	43.353
POLYLINE ORANGE
16.397	44.628
16.247	44.508
16.172	44.448
16.142	44.403
16.097	44.373
15.887	44.133
15.617	43.953
15.512	43.863
15.362	43.653
15.212	43.428
POLYLINE ORANGE
16.817	44.703
16.667	44.583
16.622	44.523
16.562	44.328
16.532	44.163
16.517	43.998
16.487	43.683
16.472	43.608
16.472	43.548
POLYLINE BLACK
17.357	43.398
17.312	43.248
17.312	43.218
17.342	43.203
17.417	43.203
17.477	43.188
17.597	43.218
17.672	43.323
17.672	43.353
17.687	43.413
17.687	43.443
17.552	43.428
17.372	43.413
17.342	43.398
POLYLINE BLACK
17.297	44.178
17.252	44.043
17.252	43.968
17.312	43.953
17.447	43.953
17.552	43.998
17.612	43.998
17.612	44.118
17.567	44.283
17.492	44.283
17.357	44.253
17.327	44.223
POLYLINE BLACK
17.192	43.938
17.162	43.908
17.147	43.773
17.147	43.638
17.177	43.608
17.252	43.623
17.447	43.683
17.522	43.923
17.522	43.968
17.537	44.028
17.477	44.043
17.342	44.043
17.132	43.953
POLYLINE BLACK
17.162	43.638
17.162	43.578
17.147	43.518
17.147	43.443
17.132	43.383
17.132	43.353
17.162	43.353
17.192	43.368
17.312	43.338
17.447	43.338
17.492	43.323
17.552	43.368
17.687	43.593
17.657	43.623
17.462	43.638
17.207	43.593
17.177	43.563
POLYLINE BLACK
16.802	43.188
16.877	43.173
16.937	43.173
16.997	43.188
17.057	43.188
17.087	43.173
17.117	43.188
17.177	43.143
17.237	43.158
17.327	43.158
17.387	43.188
17.477	43.188
17.507	43.173
POLYLINE BLACK
16.697	44.253
16.712	44.223
16.742	44.238
16.802	44.223
16.832	44.223
16.862	44.238
17.057	44.178
17.087	44.178
17.147	44.208
17.177	44.208
17.207	44.223
17.282	44.223
17.312	44.238
17.372	44.223
17.402	44.193
POLYLINE BLACK
16.787	43.173
16.757	43.173
16.697	43.158
16.667	43.158
16.532	43.113
16.472	43.143
16.397	43.098
16.307	43.098
16.277	43.083
16.247	43.098
16.142	43.068
16.007	43.068
15.977	43.053
15.902	43.053
15.872	43.038
15.827	43.038
15.767	43.023
15.737	43.023
15.677	43.038
15.542	43.023
15.467	43.023
15.407	43.038
15.257	43.038
15.152	43.008
15.107	43.008
14.957	42.963
14.927	42.978
14.852	42.963
14.792	42.963
14.762	42.978
14.732	42.963
14.627	42.963
14.597	42.978
14.567	42.963
14.537	42.978
14.477	42.963
14.447	42.933
14.387	42.933
14.312	42.918
14.282	42.918
14.222	42.888
14.192	42.888
14.087	42.843
14.057	42.858
13.997	42.828
13.937	42.828
13.907	42.843
13.862	42.843
13.832	42.828
13.772	42.843
13.607	42.843
13.532	42.828
13.442	42.828
13.367	42.813
13.262	42.813
13.232	42.828
13.202	42.813
13.112	42.858
13.082	42.858
12.992	42.828
12.932	42.843
12.827	42.843
12.797	42.828
12.767	42.843
12.617	42.798
12.557	42.783
POLYLINE BLACK
16.652	44.238
16.622	44.238
16.487	44.193
16.427	44.148
16.397	44.148
16.232	44.088
15.992	44.103
15.962	44.118
15.917	44.118
15.857	44.103
15.827	44.118
15.767	44.103
15.707	44.103
15.632	44.088
15.602	44.103
15.557	44.103
15.497	44.088
15.422	44.103
15.362	44.073
15.257	44.073
15.137	44.043
15.047	44.043
15.017	44.028
14.942	44.028
14.837	43.983
14.762	43.983
14.702	43.968
14.672	43.968
14.642	43.953
14.597	43.953
14.477	43.923
14.402	43.908
14.357	43.893
14.297	43.893
14.237	43.878
14.102	43.863
13.982	43.833
13.907	43.848
13.787	43.848
13.727	43.863
13.697	43.863
13.637	43.878
13.547	43.878
13.472	43.908
13.442	43.893
13.412	43.908
13.352	43.893
13.292	43.893
13.262	43.908
13.187	43.893
13.082	43.908
13.022	43.893
12.827	43.893
12.752	43.878
12.692	43.893
12.662	43.878
12.572	43.923
12.542	43.923
12.512	43.893
12.482	43.908
12.347	43.878
12.317	43.878
12.287	43.863
12.257	43.878
12.227	43.848
12.167	43.848
12.137	43.833
12.107	43.848
POLYLINE ORANGE
17.941	45.118
17.941	45.104
17.969	45.097
18.011	45.111
18.032	45.111
18.074	45.118
18.158	45.118
18.186	45.125
POLYLINE ORANGE
18.032	45.090
18.046	45.055
18.046	45.027
18.053	44.985
18.053	44.824
POLYLINE ORANGE
17.794	45.104
17.794	45.055
17.801	45.027
17.808	44.964
17.815	44.950
17.815	44.824
POLYLINE ORANGE
17.577	45.111
17.577	45.097
17.570	45.069
17.570	45.020
17.577	44.978
17.577	44.859
POLYLINE ORANGE
17.416	44.950
17.444	44.964
17.465	44.964
17.493	44.971
17.521	44.971
17.570	44.978
17.584	44.978
POLYLINE ORANGE
17.374	45.083
17.374	45.055
17.381	45.041
17.381	45.006
17.388	44.978
17.388	44.901
17.395	44.887
17.395	44.831
17.402	44.810
POLYLINE ORANGE
17.276	45.055
17.241	45.069
17.192	45.069
17.178	45.076
17.157	45.069
17.143	45.055
17.143	45.041
17.234	44.957
17.276	44.901
17.255	44.873
17.206	44.845
17.185	44.845
17.157	44.838
17.136	44.838
17.122	44.831
17.101	44.831
17.087	44.824
17.073	44.831
POLYLINE ORANGE
16.583	45.076
16.583	45.062
16.576	45.048
16.583	45.034
16.583	45.013
16.597	44.964
16.597	44.901
16.604	44.873
16.604	44.824
POLYLINE ORANGE
16.464	45.048
16.478	45.062
16.506	45.055
16.541	45.055
16.555	45.048
16.569	45.055
16.604	45.055
16.618	45.062
16.667	45.062
16.681	45.055
POLYLINE ORANGE
16.254	44.915
16.247	44.929
16.289	44.957
16.303	44.957
16.317	44.950
16.366	44.964
16.394	44.957
POLYLINE ORANGE
16.191	44.824
16.198	44.859
16.233	44.964
16.275	45.062
16.345	44.915
16.352	44.880
16.380	44.824
16.380	44.810
POLYLINE ORANGE
15.939	45.034
15.995	45.048
16.009	45.062
16.023	45.062
16.037	45.069
16.079	45.055
16.086	45.027
16.072	44.992
16.030	44.971
15.988	44.936
15.988	44.936
16.037	44.950
16.065	44.943
16.107	44.908
16.107	44.880
16.100	44.866
16.058	44.845
16.030	44.824
16.016	44.824
16.002	44.817
15.974	44.824
POLYLINE ORANGE
15.911	45.027
15.925	44.992
15.925	44.978
15.932	44.950
15.932	44.810
POLYLINE ORANGE
17.619	45.377
17.633	45.363
17.661	45.370
17.675	45.370
17.689	45.377
POLYLINE ORANGE
17.577	45.426
17.619	45.454
17.654	45.468
17.703	45.475
POLYLINE ORANGE
17.563	45.419
17.563	45.391
17.577	45.356
17.584	45.307
17.591	45.279
17.591	45.244
POLYLINE ORANGE
17.402	45.230
17.353	45.230
17.304	45.251
17.283	45.279
17.276	45.300
17.276	45.342
17.297	45.391
17.318	45.412
17.360	45.433
17.395	45.433
17.437	45.398
17.451	45.370
17.451	45.307
17.430	45.265
17.402	45.244
17.388	45.244
17.360	45.230
POLYLINE ORANGE
16.779	45.433
16.751	45.426
16.709	45.426
16.632	45.384
16.660	45.363
16.737	45.328
16.751	45.314
16.751	45.300
16.758	45.286
16.730	45.244
16.702	45.216
16.681	45.216
16.653	45.209
16.639	45.209
16.611	45.223
16.597	45.216
POLYLINE ORANGE
16.352	45.412
16.366	45.405
16.443	45.419
16.492	45.426
16.506	45.433
16.527	45.433
16.541	45.440
16.555	45.433
POLYLINE ORANGE
16.450	45.405
16.436	45.391
16.429	45.265
16.422	45.209
POLYLINE ORANGE
16.177	45.223
16.177	45.209
16.149	45.223
16.135	45.223
16.107	45.244
16.093	45.279
16.093	45.293
16.121	45.349
16.170	45.398
16.184	45.398
16.198	45.405
16.254	45.356
16.261	45.293
16.261	45.279
16.205	45.230
16.191	45.223
POLYLINE ORANGE
15.862	45.440
15.862	45.412
15.855	45.377
15.855	45.363
15.848	45.335
15.848	45.321
15.841	45.293
15.848	45.230
15.841	45.216
15.848	45.188
15.862	45.188
15.890	45.195
15.904	45.188
15.932	45.202
15.967	45.202
15.981	45.195
15.995	45.202
16.023	45.195
POLYLINE BLACK
12.087	43.849
12.003	43.849
11.947	43.835
11.919	43.849
11.905	43.849
11.849	43.870
11.835	43.870
11.821	43.884
11.807	43.884
11.765	43.912
11.751	43.912
11.737	43.926
11.702	43.933
11.674	43.940
11.632	43.968
11.618	43.968
11.569	43.996
11.555	43.996
11.499	44.031
11.485	44.031
11.443	44.066
11.429	44.066
11.352	44.129
11.324	44.150
11.310	44.150
11.254	44.199
11.240	44.199
11.226	44.220
11.184	44.248
11.107	44.325
11.037	44.388
10.967	44.451
10.946	44.479
10.918	44.500
10.890	44.535
10.876	44.542
10.841	44.591
10.799	44.619
10.743	44.661
10.715	44.661
10.673	44.696
10.554	44.752
10.526	44.752
10.512	44.766
10.477	44.766
10.435	44.794
10.407	44.794
10.351	44.815
10.323	44.794
10.295	44.794
10.281	44.787
POLYLINE GREEN
10.795	41.258
10.825	41.273
10.870	41.348
10.990	41.453
POLYLINE GREEN
10.780	41.273
10.750	41.273
10.720	41.348
10.690	41.378
10.690	41.408
10.675	41.438
POLYLINE GREEN
10.480	41.768
10.495	41.813
10.660	41.918
POLYLINE GREEN
10.435	41.768
10.315	41.843
10.285	41.843
10.255	41.858
POLYLINE GREEN
9.640	41.273
9.835	41.408
9.850	41.438
9.685	41.318
9.670	41.288
9.610	41.258
9.580	41.258
9.445	41.408
9.400	41.468
POLYLINE GREEN
9.640	41.288
9.580	41.288
9.550	41.303
POLYLINE GREEN
9.595	40.898
9.640	40.778
9.670	40.613
POLYLINE GREEN
9.625	41.288
9.610	41.213
9.610	40.958
9.625	40.898
9.445	40.628
9.430	40.598
POLYLINE GREEN
11.095	40.703
11.035	40.673
11.005	40.613
11.005	40.508
11.035	40.433
11.065	40.418
11.140	40.418
POLYLINE GREEN
11.125	41.858
11.125	41.828
11.050	41.708
11.035	41.603
11.050	41.498
11.080	41.423
11.155	41.378
POLYLINE GREEN
11.560	41.858
11.410	41.618
11.410	41.573
11.455	41.513
11.530	41.513
11.590	41.528
POLYLINE GREEN
11.275	42.383
11.245	42.353
11.215	42.353
11.185	42.338
11.170	42.293
11.170	42.158
11.230	42.113
POLYLINE GREEN
12.085	41.888
11.995	41.828
11.995	41.798
12.025	41.768
POLYLINE GREEN
11.905	42.578
11.845	42.578
11.710	42.503
11.695	42.473
11.740	42.398
11.815	42.353
POLYLINE GREEN
11.560	42.953
11.530	42.953
11.395	42.833
11.335	42.743
11.335	42.668
11.365	42.608
POLYLINE GREEN
11.920	42.953
11.890	42.953
11.725	42.908
11.605	42.833
11.560	42.773
11.545	42.713
11.560	42.638
11.590	42.608
POLYLINE GREEN
12.130	42.398
12.145	42.368
12.115	42.368
12.010	42.278
11.980	42.233
11.950	42.113
11.980	42.038
12.040	42.023
POLYLINE GREEN
12.310	42.743
12.280	42.743
12.175	42.773
12.130	42.773
12.010	42.713
11.995	42.638
11.995	42.608
12.025	42.578
POLYLINE GREEN
10.825	42.608
10.825	42.638
10.885	42.773
10.975	42.908
10.975	42.938
11.050	43.028
11.140	43.088
11.305	43.103
11.335	43.103
11.395	43.148
11.425	43.133
11.485	43.163
11.545	43.148
11.575	43.148
11.635	43.103
11.665	43.118
11.755	43.058
11.785	43.058
11.845	43.013
11.875	43.013
11.935	42.983
11.980	42.983
12.070	42.938
12.130	42.938
12.235	42.878
12.265	42.878
12.415	42.818
12.475	42.788
12.505	42.788
12.565	42.773
12.565	42.743
POLYLINE GREEN
11.710	41.678
11.665	41.618
11.635	41.543
11.635	41.483
11.665	41.378
11.695	41.348
11.770	41.318
POLYLINE GREEN
11.470	41.288
11.440	41.258
11.440	41.228
11.425	41.198
11.425	41.093
11.440	41.033
11.470	41.003
11.500	41.003
11.575	41.033
POLYLINE GREEN
11.470	41.768
11.470	41.798
11.590	41.903
11.635	41.888
POLYLINE GREEN
11.320	41.483
11.290	41.483
11.260	41.468
11.215	41.468
11.185	41.498
11.185	41.528
11.170	41.558
11.185	41.663
11.245	41.708
POLYLINE GREEN
11.275	42.038
11.305	42.173
11.395	42.233
11.485	42.218
POLYLINE GREEN
10.840	41.813
10.810	41.873
10.825	41.948
10.990	42.038
POLYLINE GREEN
11.185	41.003
11.155	41.018
11.125	41.063
11.005	41.153
10.690	41.498
10.585	41.723
10.585	41.798
10.555	42.038
10.555	42.308
10.585	42.383
10.630	42.398
10.675	42.473
10.735	42.458
10.900	42.503
10.990	42.533
11.035	42.533
11.095	42.548
11.125	42.548
11.155	42.563
11.245	42.488
11.305	42.488
11.440	42.398
11.470	42.398
11.560	42.338
11.710	42.233
11.785	42.113
11.785	42.083
11.830	41.978
11.830	41.948
11.875	41.783
11.875	41.753
11.890	41.693
11.890	41.663
11.905	41.603
11.905	41.363
11.890	41.303
11.890	41.258
11.830	41.063
11.830	41.033
11.800	40.973
11.800	40.913
11.755	40.853
11.665	40.793
11.635	40.763
11.605	40.763
11.545	40.748
11.515	40.748
11.455	40.733
11.335	40.808
11.245	40.868
11.185	40.868
11.095	40.943
11.065	41.048
11.065	41.093
11.050	41.153
11.050	41.183
POLYLINE GREEN
10.765	40.913
10.765	40.883
10.795	40.793
10.825	40.763
10.870	40.643
POLYLINE GREEN
10.765	41.273
10.750	41.138
10.750	41.003
10.735	40.973
10.735	40.928
10.750	40.898
10.630	40.733
10.585	40.643
POLYLINE GREEN
10.405	41.483
10.555	41.138
POLYLINE GREEN
10.405	41.843
10.420	41.813
10.420	41.408
10.270	41.228
10.255	41.198
10.240	41.228
POLYLINE BLACK
7.240	40.553
7.210	40.553
7.180	40.583
7.030	40.523
6.940	40.493
6.910	40.463
6.835	40.448
6.745	40.388
6.550	40.298
6.460	40.238
6.415	40.223
6.355	40.178
6.145	40.088
6.115	40.088
5.890	39.998
5.860	39.968
5.755	39.938
5.635	39.878
5.575	39.833
5.545	39.833
5.425	39.758
5.395	39.758
5.335	39.713
5.275	39.698
5.245	39.668
5.200	39.653
5.170	39.623
POLYLINE BLACK
11.350	40.283
11.230	40.208
11.200	40.223
11.050	40.133
11.035	40.103
11.005	40.088
10.960	40.103
10.900	40.058
10.870	40.058
10.810	40.043
10.780	40.013
10.720	40.013
10.660	39.983
10.630	39.983
10.510	39.908
10.480	39.908
10.345	39.848
10.315	39.848
10.165	39.803
10.105	39.758
10.030	39.743
9.850	39.683
9.730	39.683
9.655	39.668
9.625	39.683
9.520	39.653
9.490	39.638
9.385	39.638
9.325	39.623
9.295	39.638
9.220	39.623
9.115	39.638
8.935	39.788
8.845	39.833
8.815	39.833
8.725	39.893
8.680	39.998
8.650	40.103
8.650	40.148
8.620	40.208
8.560	40.223
8.425	40.238
8.395	40.223
8.335	40.238
8.305	40.238
8.260	40.268
8.245	40.298
8.215	40.298
8.155	40.343
8.050	40.388
7.990	40.448
7.960	40.448
7.840	40.523
7.735	40.553
7.675	40.523
7.645	40.523
7.480	40.568
7.420	40.553
7.390	40.553
7.240	40.598
7.180	40.583
7.135	40.523
POLYLINE BLACK
12.535	42.803
12.370	42.488
12.370	42.458
12.355	42.398
12.355	42.368
12.325	42.233
12.325	42.203
12.280	42.098
12.265	42.023
12.220	41.933
12.220	41.903
12.160	41.768
12.160	41.738
12.145	41.678
12.145	41.648
12.130	41.588
12.130	41.483
12.115	41.453
12.115	41.408
12.100	41.378
12.100	41.333
11.995	41.093
11.920	41.003
11.830	40.793
11.830	40.763
11.800	40.703
11.800	40.673
11.740	40.553
11.695	40.493
11.665	40.493
11.485	40.358
11.455	40.343
11.440	40.313
11.320	40.238
POLYLINE BROWN
9.085	44.498
9.055	44.468
9.010	44.318
9.010	44.228
8.995	44.093
9.025	44.063
9.160	44.033
9.235	44.033
9.295	44.048
9.400	44.063
9.430	44.048
9.565	44.333
9.535	44.363
9.430	44.393
9.295	44.408
9.265	44.423
9.085	44.453
POLYLINE BROWN
8.260	44.123
8.290	44.003
8.290	43.928
8.350	43.628
8.740	43.823
8.755	43.853
8.755	44.003
8.710	44.063
8.590	44.123
8.530	44.123
8.410	44.078
8.260	43.988
POLYLINE BROWN
7.525	44.063
7.540	44.018
7.570	43.988
7.660	43.748
7.660	43.718
7.675	43.658
7.675	43.628
7.720	43.628
8.035	43.703
8.140	43.748
8.155	43.778
8.155	43.898
8.125	44.108
8.095	44.108
7.795	43.988
7.660	43.973
7.555	43.943
7.570	43.913
7.600	43.898
POLYLINE BLACK
6.805	44.228
6.835	44.213
7.060	44.318
7.090	44.318
7.150	44.363
7.210	44.363
7.315	44.393
7.345	44.423
7.375	44.423
7.435	44.453
7.525	44.453
7.690	44.513
7.720	44.513
7.780	44.543
7.855	44.558
7.915	44.543
7.945	44.543
7.975	44.558
8.185	44.558
8.350	44.603
8.380	44.603
8.440	44.633
8.500	44.633
8.605	44.678
8.665	44.663
8.725	44.663
8.785	44.678
8.815	44.678
8.875	44.693
8.935	44.693
8.995	44.663
9.055	44.663
9.085	44.648
9.160	44.648
9.220	44.663
9.400	44.663
9.460	44.678
9.565	44.648
9.625	44.663
9.685	44.663
9.745	44.678
9.805	44.663
9.865	44.663
9.895	44.678
9.925	44.663
9.985	44.693
10.015	44.693
10.150	44.738
10.165	44.768
10.225	44.753
10.285	44.783
10.315	44.783
10.345	44.798
POLYLINE BLACK
8.035	42.038
8.005	42.038
7.960	42.098
7.960	42.128
7.930	42.248
7.915	42.323
7.900	42.353
8.020	42.503
8.095	42.548
8.110	42.608
8.140	42.608
8.320	42.728
8.350	42.728
8.470	42.803
8.500	42.803
8.530	42.848
8.620	42.908
8.650	42.908
8.770	42.983
8.830	42.998
8.860	43.028
8.935	42.938
8.980	42.908
9.055	42.758
9.130	42.638
9.175	42.488
9.175	42.458
9.070	42.338
8.995	42.278
8.920	42.173
8.710	42.038
POLYLINE BROWN
6.750	42.713
6.750	42.653
6.770	42.613
6.770	42.353
6.890	42.373
7.090	42.373
7.150	42.433
7.170	42.573
7.230	42.713
7.130	42.813
6.930	42.833
6.890	42.813
POLYLINE BROWN
6.930	43.593
6.890	43.433
6.890	43.333
6.870	43.253
6.890	43.173
6.990	43.133
7.090	43.053
7.270	42.993
7.390	42.873
7.570	43.173
7.630	43.293
7.630	43.353
7.650	43.393
7.550	43.413
7.250	43.493
7.150	43.493
POLYLINE BROWN
5.770	43.533
5.830	43.493
5.930	43.333
6.030	43.253
6.210	43.273
6.390	43.393
6.430	43.433
6.410	43.533
6.310	43.693
6.070	43.633
5.990	43.573
POLYLINE BROWN
5.990	42.993
6.050	42.813
6.050	42.753
6.070	42.673
6.090	42.593
6.170	42.553
6.290	42.573
6.370	42.633
6.450	42.593
6.530	42.833
6.590	42.993
6.410	43.013
6.170	42.993
6.130	42.973
POLYLINE BROWN
5.290	42.293
5.330	42.113
5.330	41.993
5.390	41.933
5.510	41.893
5.610	41.893
5.730	41.873
5.770	41.833
5.850	41.853
6.010	42.153
5.990	42.233
5.950	42.273
5.810	42.273
5.770	42.293
5.650	42.293
5.550	42.273
POLYLINE BROWN
4.950	42.953
5.030	42.633
5.090	42.453
5.370	42.493
5.450	42.513
5.490	42.493
5.510	42.533
5.510	42.833
5.450	42.853
5.190	42.853
POLYLINE BROWN
4.270	42.533
4.290	42.313
4.250	42.153
4.310	42.093
4.670	41.973
4.710	41.973
4.750	42.013
4.850	42.313
4.830	42.393
4.810	42.433
4.590	42.433
4.450	42.453
4.350	42.493
POLYLINE BLACK
13.650	35.123
13.650	35.103
13.630	35.083
13.530	35.063
POLYLINE BLACK
12.050	34.293
12.040	34.333
12.040	34.413
12.030	34.453
12.030	34.473
12.010	34.493
11.970	34.473
11.920	34.473
11.680	34.533
11.630	34.563
11.590	34.553
11.550	34.553
11.530	34.563
11.510	34.553
11.490	34.563
11.470	34.543
11.470	34.463
11.460	34.413
11.460	34.373
11.450	34.333
11.450	34.293
11.440	34.313
11.440	34.293
11.460	34.303
11.630	34.243
11.680	34.243
11.720	34.233
11.760	34.233
11.800	34.243
11.840	34.233
11.900	34.233
11.950	34.223
12.030	34.223
12.070	34.233
12.080	34.253
12.060	34.313
12.070	34.333
POLYLINE BLACK
13.340	34.143
13.340	34.183
13.310	34.243
13.270	34.373
13.230	34.383
13.190	34.373
13.100	34.363
13.080	34.373
13.060	34.363
13.040	34.373
13.020	34.363
12.980	34.373
12.960	34.363
12.940	34.373
12.900	34.363
12.880	34.343
12.860	34.353
12.820	34.293
12.810	34.243
POLYLINE BLACK
14.000	32.833
POLYLINE BLACK
12.140	34.243
12.090	34.363
12.110	34.373
12.270	34.373
12.350	34.383
12.400	34.383
12.420	34.373
12.450	34.383
12.470	34.373
12.550	34.383
12.640	34.373
12.660	34.353
12.720	34.353
12.740	34.363
12.780	34.223
12.790	34.133
12.780	34.113
POLYLINE BLACK
14.670	34.903
14.650	34.903
14.570	34.963
14.460	35.013
14.360	35.093
14.340	35.103
14.380	35.163
14.660	35.453
14.730	35.533
14.800	35.463
14.880	35.413
14.900	35.393
14.920	35.393
14.960	35.353
15.010	35.323
15.140	35.233
15.150	35.213
15.130	35.213
15.060	35.113
15.010	35.043
14.890	34.923
14.860	34.913
14.810	34.833
14.780	34.863
14.700	34.913
14.690	34.933
POLYLINE BLACK
13.750	35.313
13.730	35.173
13.730	35.083
13.720	34.993
13.710	34.953
13.710	34.873
13.800	34.863
13.840	34.853
13.900	34.853
13.920	34.843
13.940	34.853
14.040	34.813
14.070	34.813
14.250	34.753
14.260	34.793
14.290	34.943
14.290	34.983
14.300	35.033
14.310	35.143
14.320	35.183
14.320	35.333
14.310	35.353
14.270	35.363
14.230	35.353
14.170	35.353
14.130	35.363
14.110	35.353
14.040	35.373
13.980	35.363
13.940	35.373
13.850	35.363
13.790	35.363
13.770	35.353
13.760	35.323
POLYLINE BLACK
14.540	34.773
14.520	34.783
14.480	34.773
14.450	34.773
14.410	34.763
14.360	34.763
14.330	34.773
14.230	34.753
14.150	34.753
14.130	34.743
14.110	34.753
14.070	34.733
14.040	34.733
14.020	34.743
14.010	34.663
14.020	34.623
14.020	34.313
14.050	34.193
14.050	34.123
POLYLINE BLACK
14.890	34.813
14.870	34.793
14.810	34.813
14.670	34.813
14.650	34.823
14.630	34.813
14.590	34.823
14.540	34.823
14.520	34.833
14.520	34.753
14.530	34.703
14.530	34.603
14.520	34.583
14.520	34.523
14.450	34.293
14.450	34.263
14.440	34.243
14.460	34.203
POLYLINE BLACK
15.380	34.943
15.330	34.933
15.280	34.943
15.130	34.943
15.020	34.953
15.000	34.943
14.960	34.953
14.940	34.933
14.940	34.893
14.900	34.773
14.870	34.713
14.870	34.683
14.830	34.593
14.820	34.553
14.770	34.483
14.890	34.443
14.940	34.443
14.960	34.423
15.060	34.413
15.080	34.393
POLYLINE BLACK
14.390	35.793
14.330	35.793
14.240	35.763
14.220	35.773
14.160	35.743
14.140	35.753
14.120	35.733
14.100	35.733
14.090	35.753
14.090	35.733
14.050	35.733
13.970	35.703
13.950	35.703
13.930	35.683
13.830	35.663
13.810	35.643
13.790	35.643
13.710	35.503
13.710	35.463
13.700	35.413
13.700	35.353
13.690	35.313
13.680	35.233
13.660	35.133
13.640	35.093
13.590	35.043
POLYLINE BLACK
13.590	34.083
13.630	34.093
13.660	34.093
13.700	34.103
13.780	34.123
13.880	34.123
13.910	34.143
13.950	34.133
13.990	34.133
14.020	34.143
14.080	34.123
14.130	34.133
14.150	34.123
14.240	34.153
14.300	34.163
14.340	34.193
14.360	34.183
14.400	34.203
14.430	34.203
14.510	34.223
14.560	34.223
14.600	34.213
14.650	34.213
14.730	34.253
14.770	34.263
14.790	34.283
14.810	34.283
14.830	34.303
14.870	34.293
14.900	34.293
14.980	34.273
15.000	34.273
15.050	34.323
15.080	34.353
15.180	34.373
15.220	34.363
15.250	34.403
15.270	34.403
15.360	34.483
15.380	34.553
15.380	34.643
15.370	34.693
15.370	34.803
15.380	34.843
15.380	34.883
15.400	34.953
15.400	35.003
15.410	35.053
15.390	35.133
15.350	35.273
15.350	35.383
15.340	35.423
15.340	35.533
15.320	35.613
15.320	35.703
15.290	35.763
15.280	35.803
15.240	35.863
15.200	35.853
15.140	35.833
15.070	35.833
15.030	35.823
15.010	35.833
14.990	35.823
14.970	35.833
14.930	35.813
14.680	35.813
14.640	35.823
14.580	35.833
14.490	35.793
14.470	35.813
14.430	35.783
14.350	35.773
14.330	35.773
14.310	35.743
POLYLINE BLACK
13.610	34.103
13.610	34.083
13.590	34.073
13.550	34.083
13.530	34.073
13.490	34.083
13.430	34.083
13.410	34.073
13.370	34.093
13.340	34.093
13.300	34.103
13.280	34.093
13.260	34.103
13.200	34.083
13.140	34.093
13.120	34.083
13.060	34.103
12.870	34.103
12.810	34.123
12.750	34.103
12.670	34.093
12.600	34.093
12.490	34.123
12.470	34.113
12.450	34.133
12.430	34.123
12.410	34.143
12.390	34.133
12.350	34.143
12.310	34.153
12.290	34.143
12.250	34.153
12.210	34.163
12.180	34.193
12.120	34.203
12.100	34.193
12.080	34.213
12.020	34.193
12.000	34.213
11.790	34.213
11.770	34.203
11.690	34.223
11.650	34.233
11.610	34.223
11.560	34.233
11.540	34.223
11.420	34.273
11.370	34.353
11.360	34.433
11.360	34.553
11.380	34.593
11.400	34.593
11.450	34.643
11.510	34.683
11.550	34.693
11.570	34.713
11.610	34.723
11.670	34.753
11.690	34.743
11.730	34.753
11.750	34.773
11.790	34.763
11.830	34.763
11.900	34.783
11.920	34.773
12.040	34.823
12.060	34.803
12.100	34.823
12.120	34.813
12.190	34.833
12.210	34.853
12.230	34.843
12.340	34.883
12.410	34.883
12.460	34.893
12.480	34.883
12.580	34.923
12.610	34.923
12.630	34.933
12.650	34.923
12.730	34.953
12.770	34.963
12.790	34.983
12.870	34.973
12.980	35.003
13.000	35.013
13.020	35.003
13.040	35.013
13.110	35.003
13.130	35.013
13.150	35.003
13.190	35.013
13.230	35.013
13.270	35.023
13.330	35.013
13.370	35.023
13.430	35.033
13.450	35.023
13.510	35.043
13.550	35.033
POLYLINE CONNECT
13.560	34.783
7.807	42.381
POLYLINE BLACK
8.020	42.058
8.035	42.028
8.005	41.968
7.945	41.728
7.900	41.518
7.885	41.308
7.870	41.278
7.945	41.158
8.140	40.993
8.290	40.918
8.380	40.858
8.410	40.933
8.485	41.038
8.530	41.143
8.590	41.233
8.635	41.338
8.635	41.368
8.800	41.668
8.875	41.878
8.890	41.938
8.860	41.923
8.725	41.983
8.545	42.013
8.410	42.073
8.335	42.088
8.290	42.103
8.230	42.103
8.200	42.118
8.170	42.103
8.125	42.103
8.065	42.073
8.035	42.073
8.005	42.043
POLYLINE BLACK
6.805	41.803
6.880	41.578
7.000	41.353
7.105	41.113
7.135	41.083
7.165	41.008
7.195	40.978
7.270	40.813
7.270	40.783
7.285	40.753
7.330	40.813
7.435	40.888
7.510	40.903
7.720	41.038
7.750	41.038
7.780	41.053
7.795	41.083
7.750	41.188
7.660	41.578
7.630	41.683
7.630	41.728
7.585	41.938
7.585	41.968
7.555	41.983
7.525	41.968
7.495	41.983
7.465	41.968
7.420	41.983
7.300	41.938
7.255	41.938
7.030	41.833
6.940	41.758
6.925	41.713
POLYLINE BLACK
6.205	41.593
6.220	41.563
6.220	41.518
6.250	41.383
6.280	41.143
6.340	40.918
6.415	40.678
6.445	40.618
6.475	40.618
6.505	40.603
6.580	40.633
6.760	40.618
6.835	40.618
6.865	40.603
6.895	40.618
6.925	40.603
6.985	40.618
7.015	40.603
7.015	40.663
7.000	40.738
7.000	40.813
6.985	40.843
6.985	40.918
6.970	40.978
6.970	41.008
6.955	41.068
6.940	41.278
6.940	41.338
6.925	41.413
6.925	41.473
6.910	41.503
6.850	41.533
6.745	41.533
6.625	41.578
6.580	41.578
6.520	41.593
6.400	41.593
6.340	41.608
6.265	41.608
6.235	41.593
POLYLINE BLACK
5.335	39.763
5.335	39.763
5.305	39.793
5.305	39.823
5.215	39.958
5.185	40.048
5.020	40.243
4.825	40.633
4.795	40.738
4.765	40.798
4.765	40.828
4.720	40.918
4.720	40.948
4.795	40.978
4.825	41.008
4.855	41.008
4.945	41.068
5.005	41.068
5.125	41.143
5.200	41.173
5.230	41.158
5.380	41.218
5.545	41.293
5.575	41.293
5.590	41.323
5.680	41.368
5.710	41.353
5.725	41.383
5.755	41.398
5.755	41.428
5.770	41.398
5.860	41.323
5.905	41.248
6.175	40.948
6.205	40.873
6.235	40.843
6.325	40.663
6.400	40.543
6.445	40.453
6.310	40.363
6.280	40.318
6.160	40.228
6.115	40.213
6.025	40.138
5.860	40.048
5.830	40.048
5.770	39.988
5.695	39.958
5.665	39.928
5.635	39.928
5.410	39.763
POLYLINE BLACK
4.285	43.198
4.300	43.228
4.405	43.243
4.585	43.333
4.705	43.378
4.765	43.438
4.885	43.498
4.960	43.513
5.035	43.558
5.065	43.558
5.320	43.663
5.395	43.663
5.725	43.798
5.755	43.798
5.785	43.828
6.010	43.903
6.100	43.963
6.175	43.978
6.205	44.008
6.280	44.038
6.340	44.083
6.415	44.083
6.640	44.188
6.670	44.188
6.835	44.233
POLYLINE BROWN
4.675	41.398
4.630	41.458
POLYLINE BROWN
4.285	41.203
4.255	41.218
4.240	41.293
POLYLINE BROWN
3.940	41.053
3.910	41.083
3.895	41.158
POLYLINE BROWN
3.415	40.963
3.400	40.993
3.400	41.038
3.385	41.098
POLYLINE BROWN
2.680	41.368
POLYLINE BROWN
3.055	40.888
3.025	40.948
3.025	40.978
POLYLINE BROWN
2.605	41.008
POLYLINE BROWN
2.635	40.828
2.605	40.888
POLYLINE BROWN
2.320	40.723
2.320	40.753
2.305	40.813
POLYLINE BROWN
4.405	43.213
4.330	43.198
4.300	43.198
4.240	43.153
4.210	43.153
4.180	43.138
4.165	43.108
4.045	43.048
4.015	43.063
3.925	43.003
3.895	43.003
3.775	42.913
3.610	42.823
3.460	42.718
3.340	42.568
3.220	42.418
3.130	42.343
3.100	42.283
3.070	42.268
3.010	42.193
2.920	42.133
2.920	42.103
2.890	42.088
2.815	41.998
2.785	41.983
2.710	41.863
2.575	41.683
2.515	41.578
2.515	41.548
2.425	41.398
2.395	41.398
2.335	41.263
2.305	41.248
2.200	41.068
2.170	41.053
2.170	41.008
2.155	40.978
2.125	40.963
2.065	40.873
2.035	40.873
1.990	40.813
1.960	40.813
1.825	40.723
POLYLINE BLACK
1.785	51.028
1.705	51.058
1.685	51.078
1.685	51.138
1.715	51.198
1.735	51.298
1.775	51.358
1.795	51.438
1.775	51.508
1.755	51.508
1.735	51.528
1.715	51.528
1.625	51.438
1.575	51.388
1.525	51.348
1.505	51.348
1.425	51.258
1.415	51.218
1.385	51.158
1.375	51.118
1.355	51.038
1.345	50.998
POLYLINE BLACK
3.055	50.888
3.065	50.848
3.075	50.868
3.055	50.928
2.975	50.998
2.915	51.018
2.895	51.008
2.795	51.038
2.715	51.048
2.675	51.058
2.635	51.068
2.575	51.068
2.535	51.078
2.455	51.078
2.395	51.118
2.315	51.118
2.235	51.148
2.115	51.108
2.075	51.098
2.035	51.098
1.995	51.088
1.895	51.088
1.875	51.098
1.855	51.088
1.835	51.098
1.795	51.088
1.715	51.078
POLYLINE BLACK
1.385	50.678
1.505	50.648
1.545	50.638
1.585	50.638
1.685	50.678
1.725	50.798
1.745	50.838
1.825	50.818
1.845	50.828
1.885	50.818
1.965	50.818
2.005	50.828
2.045	50.818
2.065	50.828
2.145	50.808
2.185	50.808
2.225	50.798
2.265	50.788
2.285	50.798
2.345	50.778
2.425	50.768
2.475	50.768
2.495	50.758
2.515	50.768
2.555	50.758
2.595	50.768
2.635	50.778
2.675	50.778
2.715	50.758
2.755	50.768
2.795	50.758
2.875	50.768
2.915	50.768
2.965	50.798
3.005	50.788
3.045	50.808
3.055	50.788
3.075	50.808
3.095	50.788
POLYLINE BLACK
1.295	51.078
1.335	51.008
1.315	50.978
1.295	50.978
1.275	50.958
1.255	50.978
1.215	50.968
1.175	50.968
1.155	50.958
1.095	50.978
1.075	50.968
1.035	50.978
0.995	50.988
0.975	50.978
0.955	50.988
0.915	50.978
0.825	50.978
0.785	50.968
0.725	50.968
0.705	50.958
0.665	50.968
0.645	50.958
0.605	50.968
0.565	50.968
0.505	50.988
0.485	50.978
0.465	50.988
0.445	50.978
0.425	50.988
0.405	50.978
0.385	50.988
0.345	50.978
0.325	50.988
0.265	50.958
0.225	50.968
0.195	50.968
0.155	50.958
0.085	50.958
0.045	50.948
-0.015	50.948
-0.055	50.938
-0.095	50.938
-0.175	50.848
-0.175	50.788
-0.155	50.698
-0.095	50.678
-0.085	50.658
-0.065	50.658
-0.045	50.678
-0.005	50.668
0.015	50.678
0.055	50.668
0.075	50.678
0.095	50.668
0.135	50.678
0.155	50.678
0.175	50.698
0.195	50.688
0.215	50.708
0.275	50.718
0.315	50.708
0.375	50.708
0.395	50.718
0.435	50.698
0.455	50.708
0.535	50.678
1.165	50.688
1.185	50.668
1.205	50.688
1.245	50.678
1.265	50.668
1.305	50.678
1.345	50.668
1.385	50.668
1.405	50.658
POLYLINE BLACK
1.305	51.038
POLYLINE CONNECT
1.690	50.968
4.873	41.176
POLYLINE BLACK
4.855	37.253
4.945	37.313
5.005	37.313
5.065	37.343
5.095	37.313
5.095	37.283
5.185	37.088
5.185	37.058
5.155	37.058
5.125	37.028
5.095	37.043
4.975	36.998
POLYLINE BLACK
4.465	37.013
4.405	37.058
4.300	37.208
4.270	37.238
4.690	37.388
4.720	37.388
4.780	37.373
4.810	37.373
4.840	37.313
4.840	37.283
4.945	37.103
4.915	37.088
4.870	37.103
4.525	37.028
4.495	37.013
POLYLINE BLACK
4.240	37.043
4.270	37.028
4.315	37.028
4.480	36.983
4.510	36.983
4.570	36.968
4.600	36.968
4.660	36.983
4.780	36.983
4.840	36.998
4.900	36.983
5.215	36.983
5.275	36.998
5.335	36.998
5.365	36.983
5.440	36.998
5.530	36.998
5.590	37.013
5.650	36.998
5.710	36.998
5.770	36.983
5.875	37.013
5.920	37.013
5.980	36.998
6.040	36.998
6.070	37.028
6.100	37.028
6.160	37.013
6.280	37.013
6.370	36.983
6.430	37.013
6.490	36.983
6.520	37.013
6.550	36.998
6.580	37.028
6.610	37.013
6.670	37.028
6.730	37.028
6.730	37.058
6.760	37.043
6.775	37.073
6.805	37.073
6.850	37.133
6.850	37.163
6.835	37.223
6.835	37.253
6.775	37.418
6.745	37.403
6.625	37.508
6.610	37.538
6.580	37.538
6.475	37.568
6.445	37.568
6.415	37.598
6.325	37.598
6.265	37.613
6.235	37.613
6.175	37.598
6.130	37.658
6.070	37.643
6.010	37.643
5.980	37.628
5.905	37.643
5.845	37.643
5.785	37.688
5.755	37.673
5.590	37.718
5.560	37.718
5.500	37.733
5.410	37.733
5.380	37.718
5.320	37.733
5.140	37.733
5.110	37.748
5.050	37.718
4.990	37.718
4.960	37.703
4.930	37.718
4.840	37.688
4.810	37.658
4.750	37.658
4.690	37.613
4.660	37.613
4.450	37.538
4.420	37.538
4.390	37.508
4.360	37.508
4.345	37.478
4.285	37.433
4.240	37.373
4.180	37.328
4.180	37.163
4.210	37.178
4.255	37.118
4.285	37.118
4.300	37.058
4.285	37.028
4.300	36.998
4.330	36.983
4.345	36.953
4.405	36.968
4.435	36.968
POLYLINE CONNECT
4.960	37.418
2.345	39.099
POLYLINE GREEN
3.020	35.173
3.050	35.103
3.070	35.063
3.110	35.043
3.140	35.083
3.140	35.113
3.150	35.133
POLYLINE GREEN
2.960	35.533
3.020	35.473
3.060	35.453
3.090	35.493
3.090	35.563
POLYLINE GREEN
2.880	35.903
2.910	35.853
2.970	35.833
3.000	35.873
3.010	35.963
3.010	36.013
POLYLINE GREEN
2.760	36.393
2.860	36.323
2.910	36.373
2.910	36.473
POLYLINE GREEN
2.660	36.823
2.740	36.763
2.780	36.763
2.810	36.803
2.810	36.863
POLYLINE GREEN
2.450	37.193
2.470	37.153
2.560	37.103
2.580	37.103
2.620	37.143
2.650	37.243
2.670	37.313
POLYLINE GREEN
2.430	37.693
2.460	37.663
2.520	37.573
2.570	37.563
2.600	37.593
2.620	37.683
2.620	37.703
POLYLINE GREEN
2.220	38.173
2.270	38.023
2.310	37.983
2.360	37.973
2.500	38.043
POLYLINE GREEN
2.370	38.603
2.380	38.553
2.440	38.493
2.480	38.473
2.550	38.493
2.570	38.513
POLYLINE GREEN
2.060	38.923
2.040	38.813
2.070	38.723
2.110	38.703
2.210	38.723
2.280	38.773
POLYLINE GREEN
2.690	39.513
2.660	39.483
2.630	39.433
2.630	39.383
2.660	39.323
2.710	39.283
2.760	39.263
POLYLINE GREEN
2.960	40.043
2.920	40.003
2.850	39.963
2.820	39.813
2.820	39.763
2.850	39.713
2.910	39.693
POLYLINE GREEN
3.450	39.893
3.370	39.783
3.350	39.693
3.360	39.663
3.390	39.633
3.430	39.623
POLYLINE GREEN
3.820	40.363
3.760	40.313
3.720	40.233
3.710	40.153
3.820	40.123
POLYLINE GREEN
4.250	40.323
4.180	40.143
4.190	40.093
4.240	40.043
POLYLINE GREEN
4.460	40.603
4.420	40.593
4.370	40.533
4.360	40.493
4.370	40.453
4.440	40.383
4.470	40.373
4.510	40.383
POLYLINE BROWN
3.790	39.653
3.860	39.543
3.960	39.413
3.990	39.343
4.050	39.263
4.070	39.253
4.110	39.273
4.120	39.293
4.230	39.343
4.350	39.413
4.470	39.463
4.480	39.493
4.520	39.503
4.530	39.523
4.490	39.643
4.430	39.923
4.410	39.923
4.320	39.863
4.200	39.813
4.160	39.783
4.140	39.783
4.090	39.753
4.060	39.713
4.040	39.713
3.890	39.623
3.850	39.613
3.810	39.593
POLYLINE BROWN
2.910	39.203
2.950	39.123
3.010	38.903
3.220	38.933
3.400	38.963
3.510	38.963
3.550	38.973
3.600	38.973
3.640	38.983
3.700	38.993
3.710	39.043
3.690	39.163
3.690	39.253
3.680	39.313
3.680	39.403
3.670	39.423
3.630	39.413
3.530	39.403
3.310	39.373
3.160	39.313
3.140	39.313
3.120	39.293
3.090	39.293
2.970	39.223
2.930	39.193
POLYLINE BROWN
2.370	40.633
2.490	40.413
2.580	40.203
2.690	40.053
2.740	40.063
2.850	40.113
2.990	40.203
3.550	40.393
3.640	40.413
3.770	40.483
3.840	40.493
3.880	40.523
3.880	40.613
3.840	40.783
3.840	40.823
3.820	40.863
3.820	40.893
3.780	41.013
3.780	41.053
3.760	41.113
3.740	41.133
3.720	41.133
3.700	41.153
3.660	41.143
3.340	40.993
3.070	40.903
3.020	40.903
2.880	40.863
2.790	40.823
2.700	40.813
2.600	40.743
2.580	40.743
2.450	40.663
2.400	40.633
2.380	40.633
POLYLINE BLACK
1.860	40.173
1.840	40.113
1.830	39.973
1.830	39.783
1.870	39.773
1.970	39.713
1.990	39.713
2.050	39.693
2.110	39.693
2.190	39.683
2.220	39.713
2.350	40.083
2.400	40.193
2.400	40.223
2.380	40.223
2.360	40.203
2.180	40.183
2.080	40.193
2.060	40.203
1.950	40.203
1.910	40.213
1.820	40.203
1.800	40.183
POLYLINE BLACK
1.630	39.523
1.670	39.433
1.870	39.123
2.110	39.293
2.200	39.353
2.080	39.633
2.020	39.683
1.930	39.653
1.910	39.633
1.790	39.573
1.750	39.543
1.680	39.533
1.640	39.513
POLYLINE GREEN
2.360	39.033
2.480	38.943
2.490	38.923
POLYLINE GREEN
2.330	39.273
2.340	39.323
2.340	39.343
2.340	39.293
2.350	39.273
2.350	39.113
2.360	39.073
2.360	39.013
2.280	38.953
2.260	38.903
2.280	38.903
2.290	38.923
POLYLINE BROWN
2.010	40.823
1.990	40.803
1.950	40.793
1.930	40.773
1.880	40.773
1.840	40.753
1.820	40.763
1.800	40.743
1.760	40.743
1.660	40.713
1.600	40.663
1.580	40.663
1.480	40.603
1.460	40.603
1.360	40.523
1.280	40.423
1.250	40.333
1.210	40.303
1.210	40.243
1.230	40.223
1.250	40.123
1.240	40.083
1.240	39.953
1.250	39.913
1.250	39.843
1.260	39.803
1.260	39.763
1.270	39.713
1.270	39.653
1.280	39.613
1.280	39.543
1.290	39.493
1.310	39.373
1.370	39.153
1.400	39.093
1.420	39.013
1.470	38.863
1.500	38.773
POLYLINE BROWN
5.190	39.583
5.150	39.573
5.130	39.583
4.990	39.533
4.960	39.533
4.920	39.523
4.880	39.493
4.840	39.483
4.720	39.443
4.680	39.413
4.660	39.423
4.640	39.403
4.600	39.393
4.500	39.323
4.460	39.313
4.420	39.303
4.400	39.283
4.360	39.273
4.340	39.253
4.290	39.243
4.190	39.193
4.110	39.143
4.020	39.113
3.910	39.063
3.870	39.053
3.850	39.033
3.830	39.033
3.810	39.013
3.790	39.013
3.730	38.973
3.700	38.973
3.580	38.893
3.460	38.833
3.440	38.803
3.400	38.803
3.340	38.763
3.320	38.763
3.250	38.693
3.200	38.663
3.180	38.643
3.140	38.633
3.110	38.603
3.070	38.593
3.030	38.553
2.990	38.543
2.950	38.513
2.910	38.503
2.890	38.483
2.830	38.473
2.790	38.443
2.770	38.443
2.730	38.363
POLYLINE BROWN
4.800	41.613
4.760	41.613
4.690	41.553
4.610	41.503
4.590	41.503
4.570	41.483
4.550	41.483
4.450	41.423
4.380	41.413
4.320	41.373
4.280	41.363
4.230	41.353
4.210	41.333
4.170	41.343
4.150	41.323
4.110	41.323
4.070	41.293
4.010	41.293
3.930	41.263
3.830	41.203
3.770	41.183
3.750	41.193
3.620	41.163
3.580	41.153
3.500	41.123
3.460	41.113
3.440	41.123
3.400	41.113
3.370	41.113
3.330	41.103
3.290	41.103
3.070	41.053
3.000	41.033
2.940	41.043
2.920	41.023
2.870	41.023
2.850	41.033
2.740	40.993
2.700	40.993
2.640	40.973
2.610	40.953
2.530	40.943
2.510	40.943
2.460	40.913
2.440	40.923
2.400	40.913
2.360	40.913
2.320	40.883
2.280	40.873
2.170	40.823
2.130	40.823
2.070	40.803
2.050	40.813
2.000	40.793
1.980	40.803
1.940	40.793
1.920	40.793
POLYLINE BLACK
3.170	35.273
3.160	35.313
3.160	35.353
3.150	35.403
3.140	35.493
3.120	35.573
3.110	35.653
3.110	35.823
3.090	35.923
3.020	36.213
3.000	36.313
3.000	36.353
2.990	36.403
2.990	36.433
2.980	36.473
2.930	36.673
2.930	36.743
2.910	36.823
2.880	36.963
2.870	37.073
2.850	37.253
2.830	37.313
2.830	37.383
2.820	37.423
2.820	37.463
2.810	37.503
2.800	37.593
2.780	37.673
2.780	37.723
2.760	37.803
2.730	37.933
2.710	37.993
2.700	38.073
2.690	38.163
2.690	38.353
2.700	38.393
2.710	38.433
POLYLINE BLACK
2.920	35.233
2.920	35.253
2.940	35.193
2.940	35.143
2.900	35.263
2.880	35.323
2.880	35.373
POLYLINE BLACK
2.960	35.233
2.910	35.473
2.880	35.623
2.860	35.703
2.840	35.813
2.810	35.983
2.780	36.103
2.760	36.163
2.730	36.213
2.720	36.253
2.620	36.543
2.590	36.623
2.510	36.783
2.500	36.823
2.450	36.973
2.420	37.013
2.400	37.093
2.340	37.223
2.330	37.263
2.300	37.353
2.290	37.393
2.200	37.703
2.140	37.853
2.130	37.893
2.040	38.063
2.000	38.103
2.000	38.123
1.870	38.253
1.760	38.363
1.660	38.493
1.620	38.523
1.600	38.573
1.550	38.633
1.530	38.683
1.470	38.783
1.460	38.823
1.450	38.843
POLYLINE BLACK
6.350	34.433
6.380	34.373
6.380	34.363
6.375	34.343
6.375	34.333
6.370	34.313
6.370	34.293
6.375	34.268
6.375	34.218
6.380	34.183
6.375	34.163
6.375	34.133
6.380	34.103
6.370	34.068
6.370	34.038
6.360	33.998
6.360	33.973
6.355	33.963
6.355	33.948
6.335	33.868
6.335	33.838
6.330	33.818
6.335	33.798
6.335	33.778
6.340	33.758
6.340	33.748
POLYLINE BLACK
6.630	33.668
6.640	33.703
6.670	33.763
6.680	33.773
6.680	33.793
6.685	33.813
6.685	33.843
6.680	33.858
6.685	33.878
6.680	33.898
6.680	33.953
6.675	33.978
6.680	33.998
6.680	34.048
6.675	34.058
6.680	34.083
6.680	34.103
6.675	34.113
6.675	34.138
6.670	34.158
6.670	34.168
6.660	34.208
6.660	34.273
6.665	34.293
6.665	34.313
6.660	34.333
6.660	34.378
6.665	34.398
6.660	34.408
6.660	34.423
6.665	34.443
6.665	34.473
6.670	34.493
6.670	34.523
6.675	34.543
6.675	34.563
6.670	34.583
6.675	34.603
6.675	34.628
6.725	34.733
6.725	34.753
6.730	34.773
6.725	34.798
6.725	34.858
6.720	34.878
6.720	34.913
6.715	34.933
6.715	34.943
6.735	34.998
6.745	35.018
6.745	35.083
6.750	35.093
6.735	35.153
6.735	35.218
6.725	35.248
6.695	35.238
6.685	35.228
6.665	35.228
6.655	35.223
6.650	35.213
6.640	35.213
6.620	35.198
6.610	35.198
6.600	35.188
6.580	35.188
6.570	35.178
6.560	35.178
6.540	35.168
6.535	35.158
6.505	35.143
6.485	35.123
6.475	35.123
6.470	35.113
6.460	35.113
6.450	35.103
6.440	35.103
6.430	35.083
6.410	35.083
6.410	35.078
6.405	35.088
6.405	35.078
6.390	35.058
6.370	35.043
6.355	35.013
6.355	34.948
6.350	34.878
6.350	34.848
6.355	34.823
6.355	34.728
6.350	34.703
6.350	34.693
6.345	34.673
6.345	34.648
6.360	34.618
6.395	34.578
6.405	34.558
6.405	34.543
6.410	34.523
6.405	34.503
6.405	34.473
6.380	34.418
6.380	34.408
6.375	34.388
6.375	34.338
6.370	34.328
POLYLINE BLACK
6.640	33.663
6.600	33.653
6.580	33.658
6.570	33.653
6.555	33.653
6.515	33.663
6.425	33.663
6.405	33.673
6.385	33.673
6.365	33.683
6.345	33.713
6.345	33.753
6.340	33.773
POLYLINE CONNECT
6.650	34.518
3.205	35.213
POLYLINE BLACK
2.905	34.653
2.900	34.578
POLYLINE BLACK
2.810	34.628
2.825	34.608
2.825	34.598
2.835	34.578
2.835	34.568
POLYLINE BLACK
3.075	34.238
3.075	34.228
3.095	34.248
3.105	34.248
3.120	34.268
3.135	34.303
3.155	34.333
3.190	34.413
3.190	34.423
3.200	34.443
3.205	34.478
3.215	34.498
3.215	34.508
3.225	34.533
3.225	34.543
3.235	34.563
3.235	34.573
3.245	34.603
3.245	34.628
3.250	34.648
3.250	34.673
3.255	34.683
3.255	34.708
3.265	34.738
3.265	34.773
3.270	34.793
3.270	34.828
3.265	34.848
3.270	34.868
3.270	34.913
3.265	34.958
3.265	34.978
3.260	34.998
3.260	35.033
3.255	35.053
3.255	35.073
3.245	35.108
3.245	35.118
3.240	35.138
3.240	35.148
3.225	35.188
3.225	35.198
3.205	35.228
POLYLINE BLACK
2.810	34.638
2.930	34.858
2.940	34.888
2.940	34.903
2.945	34.923
2.945	34.948
2.950	34.968
2.950	34.978
2.955	34.998
2.955	35.123
2.950	35.143
2.950	35.153
2.945	35.163
2.945	35.153
POLYLINE BLACK
2.770	34.608
2.775	34.588
2.795	34.603
2.835	34.618
2.855	34.633
2.865	34.628
2.875	34.638
2.885	34.638
2.905	34.633
2.920	34.633
2.930	34.623
2.940	34.623
2.970	34.603
2.980	34.598
2.985	34.588
POLYLINE BLACK
2.986	34.601
2.981	34.591
2.971	34.591
2.941	34.571
2.921	34.551
POLYLINE BLACK
3.026	34.501
3.006	34.501
2.971	34.486
POLYLINE BLACK
3.061	34.406
3.041	34.401
3.006	34.396
POLYLINE BLACK
3.076	34.266
3.061	34.271
3.056	34.281
3.036	34.286
3.026	34.281
POLYLINE BLACK
3.016	34.166
3.016	34.186
3.001	34.221
POLYLINE BLACK
2.916	34.226
2.916	34.226
2.921	34.251
2.931	34.261
POLYLINE BLACK
2.851	34.321
2.871	34.351
POLYLINE BLACK
2.806	34.406
2.826	34.426
2.846	34.431
POLYLINE BLACK
2.781	34.506
2.791	34.506
2.811	34.511
2.821	34.506
POLYLINE BLACK
3.031	34.161
3.036	34.151
3.056	34.181
3.056	34.191
3.071	34.216
3.071	34.276
3.061	34.321
3.061	34.331
3.056	34.351
3.051	34.376
3.046	34.396
3.041	34.431
3.021	34.471
3.021	34.481
3.011	34.501
3.006	34.536
2.971	34.611
2.971	34.621
2.961	34.631
2.961	34.641
2.966	34.626
POLYLINE BLACK
3.041	34.151
3.046	34.141
3.036	34.136
3.026	34.141
2.996	34.126
2.976	34.126
2.966	34.121
2.961	34.131
2.951	34.131
2.906	34.181
2.896	34.186
2.876	34.216
2.866	34.221
2.801	34.351
2.801	34.361
2.791	34.371
2.776	34.416
2.776	34.426
2.766	34.446
2.766	34.456
2.761	34.476
2.761	34.546
2.766	34.556
2.766	34.571
2.776	34.591
2.796	34.581
POLYLINE BLACK
-48.629	44.446
-48.569	44.286
-48.539	44.136
-48.539	44.096
-48.529	44.076
-48.459	44.066
-48.369	44.066
-48.149	44.016
-48.109	44.016
-48.139	44.196
-48.139	44.436
-48.149	44.486
-48.149	44.526
-48.189	44.526
-48.309	44.476
-48.409	44.476
-48.499	44.446
-48.599	44.416
POLYLINE BLACK
-48.979	44.346
-48.979	44.346
-49.039	44.156
-49.099	44.006
-49.109	43.966
-49.059	43.956
-48.859	43.876
-48.839	43.866
-48.819	43.886
-48.739	44.076
-48.639	44.226
-48.709	44.286
-48.799	44.306
-48.839	44.326
-48.869	44.326
-48.909	44.336
-48.929	44.356
POLYLINE GREEN
-47.129	44.886
-47.169	44.946
-47.159	44.996
-47.109	45.046
-47.089	45.036
-47.069	45.046
-47.049	45.036
POLYLINE GREEN
-47.369	44.686
-47.389	44.686
-47.419	44.726
-47.409	44.766
-47.359	44.846
-47.299	44.816
POLYLINE GREEN
-47.489	44.356
-47.509	44.346
-47.549	44.356
-47.599	44.416
-47.589	44.476
-47.559	44.496
-47.539	44.496
POLYLINE GREEN
-47.309	44.096
-47.349	44.096
-47.389	44.086
-47.469	44.106
-47.489	44.126
-47.459	44.166
POLYLINE GREEN
-47.539	43.916
-47.559	43.916
-47.679	44.036
-47.779	44.196
-47.799	44.306
-47.799	44.456
-47.729	44.616
-47.599	44.776
-47.519	44.836
-47.499	44.886
-47.419	44.986
-47.379	45.076
POLYLINE BLUE
-46.209	44.626
-46.289	44.476
-46.379	44.346
POLYLINE BLUE
-46.279	44.766
-46.289	44.716
-46.329	44.666
-46.389	44.556
-46.419	44.516
-46.509	44.366
POLYLINE BLUE
-46.319	44.916
-46.329	44.936
-46.369	44.876
-46.419	44.796
-46.489	44.686
-46.549	44.566
-46.699	44.336
-46.769	44.236
-46.809	44.156
POLYLINE BLUE
-46.459	45.036
-46.749	44.566
-46.789	44.476
-46.859	44.366
-46.879	44.316
-46.909	44.276
-46.919	44.236
-46.959	44.176
-46.959	44.136
POLYLINE BLUE
-46.619	45.046
-46.679	44.996
-46.769	44.876
-46.819	44.766
-46.889	44.656
-46.929	44.566
-46.959	44.526
-46.989	44.456
-47.059	44.376
-47.129	44.226
-47.149	44.206
-47.159	44.166
POLYLINE BLUE
-46.909	44.836
-46.999	44.736
-47.169	44.446
-47.189	44.396
-47.239	44.326
-47.289	44.276
-47.309	44.226
POLYLINE BLUE
-47.139	44.726
-47.159	44.676
-47.379	44.376
-47.389	44.336
-47.409	44.296
POLYLINE BLUE
-46.799	44.986
-46.759	45.016
-46.719	45.026
-46.699	45.046
-46.579	45.046
-46.439	44.996
-46.319	44.876
-46.269	44.796
-46.259	44.756
-46.229	44.676
-46.229	44.646
-46.219	44.606
-46.219	44.526
-46.249	44.426
-46.259	44.386
-46.279	44.386
-46.279	44.366
-46.299	44.376
-46.319	44.356
-46.359	44.356
-46.369	44.336
-46.409	44.366
-46.449	44.376
-46.529	44.346
-46.689	44.176
-46.719	44.146
-46.759	44.136
-46.799	44.126
-46.839	44.116
-46.899	44.106
-46.959	44.126
-47.219	44.196
-47.269	44.196
-47.329	44.216
-47.379	44.296
-47.379	44.336
-47.409	44.426
-47.409	44.486
-47.399	44.526
-47.259	44.656
-47.169	44.686
-47.069	44.736
-47.049	44.736
-47.019	44.766
-46.979	44.776
-46.879	44.876
-46.809	44.996
-46.759	45.036
-46.719	45.036
-46.699	45.016
-46.699	44.996
POLYLINE GREEN
-46.119	44.646
-46.169	44.656
-46.189	44.666
-46.229	44.786
-46.199	44.866
-46.169	44.906
-46.149	44.906
POLYLINE GREEN
-45.769	44.306
-45.809	44.296
-45.849	44.306
-45.919	44.336
-45.949	44.376
-45.949	44.426
-45.899	44.516
POLYLINE GREEN
-45.509	44.636
-45.579	44.626
-45.639	44.656
-45.679	44.716
-45.689	44.776
-45.669	44.826
POLYLINE GREEN
-45.369	44.216
-45.409	44.216
-45.469	44.276
-45.499	44.336
-45.479	44.406
-45.459	44.436
POLYLINE GREEN
-45.039	44.466
-45.099	44.516
-45.119	44.606
-45.119	44.646
-45.069	44.706
POLYLINE GREEN
-44.929	44.116
-44.959	44.116
-45.009	44.166
-45.019	44.206
-44.989	44.296
-44.949	44.336
POLYLINE GREEN
-44.609	44.196
-44.649	44.206
-44.679	44.246
-44.679	44.296
-44.669	44.336
-44.619	44.396
-44.599	44.376
POLYLINE GREEN
-44.549	43.896
-44.589	43.936
-44.579	43.996
-44.529	44.056
-44.489	44.066
POLYLINE GREEN
-44.229	43.926
-44.259	43.966
-44.249	44.026
-44.229	44.046
POLYLINE GREEN
-44.229	43.636
-44.239	43.676
-44.219	43.726
-44.179	43.766
POLYLINE BLACK
-43.589	43.576
-43.599	43.556
-43.639	43.556
-43.669	43.586
-43.669	43.636
-43.619	43.686
-43.579	43.626
-43.619	43.566
POLYLINE BLACK
-43.289	42.916
-43.309	42.906
-43.329	42.926
-43.349	42.926
-43.369	42.976
-43.349	43.016
-43.309	43.036
-43.259	42.986
-43.259	42.946
-43.309	42.896
-43.329	42.916
POLYLINE BLACK
-42.539	42.706
-42.589	42.676
-42.629	42.666
-42.649	42.686
-42.649	42.716
-42.629	42.756
-42.569	42.786
-42.519	42.726
-42.539	42.666
-42.559	42.646
-42.619	42.666
POLYLINE BLACK
-42.179	41.716
-42.219	41.736
-42.249	41.776
-42.249	41.796
-42.169	41.846
-42.149	41.846
-42.129	41.826
-42.109	41.826
-42.099	41.776
-42.159	41.736
-42.179	41.736
POLYLINE BLACK
-41.429	41.726
-41.469	41.716
-41.489	41.786
-41.459	41.826
-41.429	41.826
-41.409	41.836
-41.359	41.786
-41.369	41.726
-41.479	41.696
POLYLINE BLACK
-41.009	41.026
-41.029	41.036
-41.049	41.026
-41.079	41.056
-41.089	41.096
-41.069	41.136
-41.029	41.136
-40.959	41.106
-40.959	41.076
-41.019	41.046
-41.049	41.046
POLYLINE BLACK
-40.519	41.306
-40.539	41.306
-40.559	41.356
-40.529	41.396
-40.509	41.396
-40.489	41.306
-40.489	41.266
-40.549	41.266
-40.569	41.276
POLYLINE BLACK
-39.869	40.906
-39.889	40.886
-39.929	40.946
-39.919	40.986
-39.869	41.026
-39.829	41.016
-39.809	40.976
-39.839	40.916
-39.879	40.906
-39.899	40.886
POLYLINE BLACK
-48.659	43.566
-48.639	43.556
-48.549	43.586
-48.509	43.576
-48.449	43.596
-48.429	43.596
-48.409	43.616
-48.379	43.606
-48.259	43.636
-48.219	43.636
-48.169	43.666
-48.109	43.686
-48.039	43.696
-47.959	43.726
-47.889	43.726
-47.849	43.766
-47.809	43.766
-47.749	43.786
-47.639	43.806
-47.619	43.826
-47.469	43.866
-47.379	43.906
-47.279	43.926
-47.239	43.936
-47.219	43.956
-47.179	43.956
-47.059	43.996
-46.819	44.046
-46.779	44.056
-46.659	44.086
-46.639	44.086
POLYLINE BLACK
-45.189	44.846
-45.199	44.826
-45.259	44.866
-45.299	44.856
-45.319	44.876
-45.359	44.876
-45.439	44.906
-45.469	44.906
-45.509	44.916
-45.549	44.916
-45.629	44.946
-45.809	44.986
-45.829	44.976
-45.979	45.026
-46.129	45.056
-46.209	45.046
-46.259	45.046
-46.349	45.076
-46.389	45.076
-46.449	45.096
-46.469	45.086
-46.539	45.106
-46.579	45.116
-46.599	45.126
-46.639	45.116
-46.699	45.126
-46.719	45.146
-46.779	45.146
-46.819	45.156
-46.899	45.146
-46.989	45.146
POLYLINE BLACK
-45.429	44.126
-45.529	44.146
-45.569	44.146
-45.609	44.156
-45.649	44.146
-45.669	44.156
-45.709	44.146
-45.769	44.146
-45.809	44.156
-45.899	44.156
-45.939	44.166
-46.079	44.146
-46.179	44.146
-46.219	44.156
-46.249	44.156
-46.269	44.146
-46.289	44.156
-46.309	44.146
-46.329	44.156
-46.479	44.096
-46.539	44.096
-46.579	44.086
-46.699	44.086
-46.719	44.096
POLYLINE BLACK
-45.219	42.446
-45.209	42.406
-45.229	42.346
-45.229	42.316
-45.249	42.256
-45.249	42.196
-45.259	42.156
-45.259	42.116
-45.279	42.036
-45.289	41.966
-45.279	41.926
-45.269	41.836
-45.269	41.746
-45.319	41.556
-45.339	41.466
-45.339	41.406
-45.359	41.366
-45.359	41.256
-45.339	41.166
-45.339	41.126
-45.369	41.016
-45.399	40.976
-45.399	40.956
-45.419	40.926
-45.439	40.806
-45.449	40.766
-45.459	40.716
-45.479	40.636
-45.479	40.596
-45.469	40.556
-45.469	40.516
-45.459	40.476
-45.499	40.286
-45.509	40.206
-45.509	40.096
-45.539	39.976
-45.559	39.886
-45.569	39.846
-45.579	39.766
-45.599	39.626
-45.599	39.606
POLYLINE BLACK
-46.169	39.736
-46.179	39.776
-46.199	39.876
-46.199	39.906
-46.189	39.946
-46.169	40.026
-46.149	40.106
-46.149	40.166
-46.099	40.386
-46.069	40.426
-46.049	40.476
-46.009	40.536
-46.009	40.576
-45.949	40.756
-45.939	40.796
-45.899	40.916
-45.899	40.956
-45.879	41.066
-45.889	41.156
-45.839	41.256
-45.759	41.386
-45.749	41.426
-45.719	41.516
-45.699	41.596
-45.639	41.736
-45.639	41.766
-45.539	41.956
-45.529	42.016
-45.569	42.116
-45.569	42.166
-45.579	42.206
-45.589	42.276
-45.579	42.316
-45.569	42.406
-45.539	42.466
-45.509	42.496
-45.499	42.516
-45.479	42.516
-45.459	42.536
-45.399	42.526
-45.389	42.546
-45.299	42.546
-45.279	42.556
-45.229	42.506
-45.209	42.446
-45.209	42.386
-45.249	42.326
POLYLINE BLACK
-45.559	38.976
-45.559	38.956
-45.589	39.066
-45.589	39.116
-45.599	39.156
-45.599	39.196
-45.609	39.236
-45.609	39.366
-45.619	39.406
-45.619	39.486
-45.599	39.576
-45.599	39.686
POLYLINE BLACK
-45.559	38.926
-45.549	38.896
-45.609	38.876
-45.689	38.876
-45.709	38.886
-45.729	38.876
-45.859	38.906
-45.879	38.896
-45.919	38.906
-45.939	38.896
-45.979	38.906
-46.039	38.886
-46.119	38.916
-46.199	38.926
-46.219	38.946
-46.259	38.956
-46.309	39.036
-46.319	39.086
-46.299	39.166
-46.299	39.226
-46.239	39.366
-46.189	39.516
-46.189	39.716
POLYLINE CONNECT
-45.589	39.656
-45.224	44.737
POLYLINE BLACK
-42.759	43.196
-43.909	43.986
-43.949	44.026
-44.039	44.086
-44.139	44.186
-44.309	44.286
-44.349	44.296
-44.559	44.456
-44.709	44.586
-44.829	44.656
-44.849	44.656
-44.869	44.676
-44.909	44.686
-44.969	44.706
-45.029	44.756
-45.079	44.756
-45.119	44.766
-45.139	44.786
-45.179	44.776
-45.199	44.786
-45.239	44.776
POLYLINE BLACK
-43.079	42.496
-43.159	42.526
-43.239	42.606
-43.269	42.616
-43.449	42.796
-43.639	42.956
-43.759	43.076
-43.959	43.236
-44.029	43.326
-44.229	43.516
-44.249	43.566
-44.399	43.686
-44.509	43.736
-44.549	43.776
-44.659	43.826
-44.739	43.886
-44.809	43.906
-44.899	43.976
-44.949	43.986
-45.119	44.066
-45.209	44.076
-45.229	44.096
-45.269	44.106
-45.289	44.126
-45.349	44.116
-45.369	44.136
POLYLINE BLACK
-40.679	41.806
-40.749	41.806
-40.829	41.846
-40.899	41.846
-40.959	41.896
-41.019	41.896
-41.079	41.956
-41.129	41.966
-41.219	42.006
-41.379	42.106
-41.429	42.136
-41.529	42.216
-41.639	42.296
-41.789	42.406
-41.899	42.496
-42.019	42.576
-42.079	42.646
-42.129	42.676
-42.219	42.746
-42.309	42.836
-42.469	42.976
-42.489	42.976
-42.589	43.056
-42.649	43.096
-42.709	43.146
-42.749	43.156
-42.779	43.186
POLYLINE BLACK
-41.669	40.926
-41.679	40.906
-41.759	40.926
-41.869	40.986
-41.909	41.016
-41.929	41.016
-42.019	41.086
-42.059	41.096
-42.239	41.176
-42.339	41.246
-42.389	41.326
-42.419	41.356
-42.489	41.446
-42.499	41.496
-42.519	41.576
-42.579	41.696
-42.609	41.736
-42.609	41.756
-42.639	41.806
-42.649	41.846
-42.709	41.976
-42.739	42.016
-42.769	42.026
-42.809	42.116
-42.989	42.346
-43.119	42.476
POLYLINE BLACK
-39.499	40.936
-39.579	41.016
-39.789	41.236
-39.809	41.236
-39.999	41.396
-40.209	41.516
-40.319	41.556
-40.359	41.586
-40.479	41.616
-40.519	41.646
-40.539	41.646
-40.699	41.776
-40.739	41.786
POLYLINE GREEN
-40.429	40.806
-40.419	40.826
-40.429	40.896
-40.419	40.976
-40.419	41.016
-40.409	41.036
-40.419	40.956
-40.439	40.816
-40.439	40.776
POLYLINE GREEN
-40.549	40.646
-40.479	40.756
-40.419	40.796
-40.329	40.686
-40.319	40.666
POLYLINE BLACK
-41.709	40.876
-41.639	40.796
-41.569	40.706
-41.569	40.686
-41.489	40.616
-41.449	40.606
-41.389	40.556
-41.309	40.536
-41.249	40.516
-41.139	40.516
-41.049	40.496
-41.009	40.506
-40.969	40.506
-40.929	40.516
-40.909	40.506
-40.869	40.516
-40.759	40.526
-40.719	40.536
-40.659	40.536
-40.579	40.556
-40.549	40.546
-40.509	40.556
-40.469	40.556
-40.419	40.566
-40.319	40.586
-40.279	40.576
-40.189	40.566
-40.129	40.546
-40.089	40.516
-40.049	40.516
-39.989	40.486
-39.949	40.486
-39.889	40.426
POLYLINE BLACK
-39.354	40.356
-39.394	40.356
-39.414	40.366
-39.414	40.436
-39.354	40.476
-39.314	40.456
-39.304	40.416
-39.314	40.376
-39.374	40.326
POLYLINE BLACK
-39.414	39.726
-39.464	39.776
-39.454	39.846
-39.424	39.866
-39.404	39.866
-39.394	39.886
-39.364	39.826
-39.414	39.746
-39.434	39.756
POLYLINE BLACK
-38.954	39.786
-38.994	39.756
-39.034	39.766
-39.054	39.786
-39.054	39.836
-39.034	39.856
-38.994	39.866
-38.974	39.876
-38.954	39.866
-38.954	39.806
-38.984	39.766
POLYLINE BLACK
-38.264	38.686
-38.304	38.696
-38.334	38.736
-38.324	38.776
-38.284	38.806
-38.244	38.796
-38.244	38.776
-38.284	38.736
POLYLINE BLACK
-37.934	38.836
-37.974	38.846
-37.994	38.886
-37.964	38.926
-37.924	38.936
-37.894	38.896
-37.894	38.856
-37.954	38.816
-37.974	38.826
POLYLINE BLACK
-37.824	38.416
-37.864	38.416
-37.884	38.436
-37.864	38.476
-37.824	38.506
-37.784	38.496
-37.774	38.456
-37.774	38.436
-37.794	38.416
-37.814	38.426
POLYLINE BLACK
-38.764	39.556
-38.634	39.336
-38.524	39.106
-38.474	39.046
-38.454	39.006
-38.404	39.036
-38.374	39.036
-38.314	39.076
-38.244	39.076
-38.184	39.116
-38.144	39.126
-38.094	39.156
-38.054	39.156
-38.034	39.196
-38.054	39.226
-38.064	39.266
-38.194	39.476
-38.214	39.536
-38.234	39.556
-38.244	39.606
-38.294	39.686
-38.304	39.726
-38.314	39.756
-38.334	39.766
-38.354	39.746
-38.374	39.756
-38.464	39.726
-38.484	39.706
-38.624	39.636
-38.724	39.576
-38.744	39.576
-38.764	39.556
POLYLINE BLACK
-37.334	38.646
-37.354	38.636
-37.474	38.686
-37.674	38.846
-37.784	38.956
-37.864	39.056
-38.004	39.336
-38.064	39.436
-38.114	39.516
-38.194	39.616
-38.414	39.816
-38.434	39.816
-38.494	39.866
-38.754	40.036
-38.794	40.046
-38.854	40.086
-38.954	40.216
-39.004	40.266
-39.154	40.466
-39.174	40.516
-39.244	40.616
-39.334	40.746
-39.374	40.756
-39.424	40.826
-39.484	40.866
-39.514	40.906
POLYLINE BLACK
-38.754	38.906
-38.794	38.916
-38.814	38.906
-38.874	38.926
-38.894	38.946
-38.934	38.956
-38.954	38.976
-38.954	39.116
-38.974	39.166
-38.974	39.196
-39.004	39.236
-39.004	39.256
-38.984	39.246
-38.944	39.256
-38.894	39.236
-38.784	39.266
-38.754	39.266
-38.714	39.256
-38.674	39.256
-38.654	39.266
-38.634	39.246
-38.604	38.996
-38.594	38.956
-38.574	38.866
-38.614	38.886
-38.664	38.886
-38.684	38.876
-38.764	38.906
-38.784	38.896
POLYLINE BLACK
-38.214	39.886
POLYLINE BLACK
-37.684	38.136
-37.814	38.216
-37.904	38.276
-37.944	38.286
-38.064	38.336
-38.324	38.546
-38.414	38.586
-38.424	38.616
-38.564	38.686
-38.584	38.706
-38.624	38.716
-38.724	38.796
-38.854	38.876
-38.934	38.926
-38.954	38.926
-38.994	38.956
-39.024	38.956
-39.054	38.986
-39.144	39.046
-39.184	39.086
-39.274	39.156
-39.504	39.406
-39.554	39.496
-39.584	39.556
-39.594	39.596
-39.624	39.686
-39.664	39.796
-39.674	39.836
-39.704	39.976
-39.754	40.186
-39.814	40.346
-39.864	40.406
POLYLINE GREEN
-50.342	43.535
-50.312	43.550
-50.297	43.595
-50.192	43.715
-50.147	43.790
-50.147	43.820
-49.997	43.940
-49.862	44.000
-49.667	44.135
-49.517	44.255
-49.427	44.330
-49.397	44.330
-49.367	44.345
-49.352	44.375
-49.247	44.420
-49.217	44.450
-49.187	44.450
-48.992	44.600
-48.902	44.765
-48.902	45.170
-48.887	45.230
-48.887	45.455
POLYLINE GREEN
-51.197	44.000
POLYLINE GREEN
-50.447	46.145
-50.507	46.145
-50.552	46.130
-50.747	46.130
-50.867	46.115
-51.002	46.025
-51.062	45.920
-51.152	45.845
-51.212	45.725
-51.227	45.650
-51.257	45.605
-51.287	45.500
-51.287	45.365
-51.272	45.305
-51.272	45.155
-51.287	45.125
-51.287	45.050
-51.317	44.930
-51.302	44.900
-51.302	44.855
-51.287	44.795
-51.257	44.765
-51.257	44.600
-51.227	44.570
-51.227	44.495
-51.212	44.435
-51.212	44.330
-51.242	44.210
-51.242	44.150
-51.212	44.090
POLYLINE BLACK
-47.717	46.490
-47.717	46.520
-47.807	46.640
POLYLINE BLACK
-47.822	46.280
-47.897	46.295
-47.957	46.340
POLYLINE BLACK
-48.107	45.905
-48.137	45.935
-48.167	46.040
POLYLINE BLACK
-48.317	45.680
-48.317	45.710
-48.347	45.740
-48.392	45.890
POLYLINE BLACK
-48.752	45.605
-48.752	45.680
-48.737	45.755
POLYLINE BLACK
-49.067	45.485
-49.067	45.515
-49.007	45.710
POLYLINE BLACK
-49.382	45.635
-49.352	45.695
POLYLINE BLACK
-49.667	45.740
-49.607	45.830
POLYLINE BLACK
-49.937	45.770
-49.937	45.740
-49.847	45.845
POLYLINE BLACK
-50.252	45.860
-50.192	45.920
-50.162	45.920
POLYLINE BLACK
-50.312	46.235
-50.327	46.205
-50.282	46.130
POLYLINE BLACK
-49.997	46.370
-49.997	46.220
POLYLINE BLACK
-49.652	46.325
-49.682	46.265
-49.682	46.220
POLYLINE BLACK
-49.382	46.280
-49.382	46.205
-49.412	46.145
POLYLINE BLACK
-49.037	46.385
-49.037	46.250
POLYLINE BLACK
-48.887	46.550
-48.827	46.475
-48.782	46.445
-48.767	46.400
POLYLINE BLACK
-48.797	46.775
-48.752	46.715
POLYLINE BLACK
-48.542	47.090
-48.527	46.940
POLYLINE BLACK
-48.347	47.120
-48.347	46.970
POLYLINE BLACK
-48.047	47.075
-48.077	46.940
POLYLINE BLACK
-48.107	47.075
-48.062	47.015
-48.032	47.045
-48.002	47.030
-47.927	47.045
-47.822	47.105
POLYLINE BLACK
-48.062	47.015
POLYLINE BLACK
-48.812	45.545
-48.707	45.545
-48.647	45.575
-48.602	45.575
-48.452	45.620
-48.317	45.620
-48.107	45.785
-47.957	45.890
-47.912	45.965
-47.912	45.995
-47.867	46.085
-47.822	46.250
-47.732	46.325
-47.687	46.400
-47.687	46.430
-47.657	46.490
-47.657	46.520
-47.522	46.670
POLYLINE BLACK
-47.912	46.640
POLYLINE BLACK
-48.902	46.490
-48.812	46.625
-48.812	46.685
-48.797	46.745
-48.797	46.775
-48.662	47.045
-48.602	47.105
-48.572	47.105
-48.512	47.150
-48.407	47.150
-48.347	47.165
-48.317	47.165
-48.257	47.135
-48.227	47.135
-48.137	47.060
-48.107	46.970
-48.062	46.910
-47.972	46.865
-47.942	46.805
-47.942	46.775
-47.927	46.715
-47.927	46.685
POLYLINE BLACK
-49.652	46.400
-49.622	46.400
-49.517	46.355
POLYLINE BLACK
-49.847	45.740
-49.787	45.710
-49.727	45.710
-49.652	45.650
-49.592	45.650
-49.472	45.620
-49.397	45.605
-49.337	45.575
-49.277	45.575
-49.187	45.515
-49.157	45.515
-49.067	45.470
-48.977	45.470
-48.917	45.485
-48.842	45.500
POLYLINE BLACK
-49.817	45.695
-49.907	45.665
-49.937	45.695
-50.012	45.695
-50.222	45.845
-50.357	46.055
-50.357	46.085
-50.342	46.145
-50.267	46.235
-50.177	46.295
-50.147	46.295
-50.012	46.355
-49.982	46.340
-49.922	46.370
-49.832	46.370
-49.772	46.355
-49.682	46.355
-49.652	46.370
-49.562	46.325
POLYLINE BLUE
-47.432	46.565
-47.462	46.625
-47.642	46.535
-47.882	46.475
-47.882	46.295
-47.942	46.115
-48.002	46.055
-48.122	46.085
-48.422	46.175
-48.482	46.145
-48.542	46.175
-48.482	45.845
-48.932	45.845
-49.052	45.815
-49.172	45.845
-49.292	45.845
-49.262	45.905
-49.052	45.995
-48.932	46.085
-48.932	46.085
-49.232	45.965
-49.292	45.905
-49.292	45.845
-48.962	45.695
-48.812	45.485
POLYLINE GREEN
-50.852	43.535
-50.852	43.535
-50.867	43.595
-50.867	43.625
-50.912	43.715
-50.942	43.730
-51.017	43.835
-51.152	43.895
-51.182	43.895
-51.212	43.910
-51.272	43.895
-51.392	43.820
-51.572	43.685
-51.707	43.535
-51.767	43.385
-51.827	43.325
-51.842	43.250
-51.842	43.160
-51.827	43.130
-51.827	43.085
-51.797	42.995
-51.677	42.890
-51.647	42.875
-51.602	42.875
-51.542	42.860
-51.347	42.845
-51.107	42.995
-51.017	43.070
-50.987	43.130
-50.987	43.175
-50.942	43.265
-50.942	43.295
-50.927	43.355
-50.927	43.385
-50.912	43.415
-50.912	43.610
-50.927	43.565
POLYLINE GREEN
-50.957	44.255
-51.062	44.420
POLYLINE GREEN
-51.002	44.720
-51.017	44.750
-51.077	44.795
-51.122	44.855
-51.152	44.960
-51.137	44.990
-51.107	45.005
POLYLINE GREEN
-51.122	45.650
-51.047	45.875
-50.972	45.965
-50.882	45.980
POLYLINE GREEN
-50.462	45.950
-50.492	45.920
-50.417	46.025
-50.357	46.070
-50.297	46.070
-50.147	46.010
POLYLINE GREEN
-50.462	45.380
-50.462	45.425
-50.477	45.455
-50.417	45.605
-50.342	45.620
-50.312	45.605
POLYLINE GREEN
-50.297	44.780
-50.462	44.855
-50.492	44.960
-50.462	45.035
POLYLINE GREEN
-48.557	48.005
-48.527	47.975
-48.647	47.690
POLYLINE GREEN
-48.812	48.560
-48.722	48.530
-48.632	48.455
POLYLINE GREEN
-49.247	48.380
-49.247	48.425
-49.172	48.515
-48.992	48.515
POLYLINE GREEN
-49.742	48.275
-49.802	48.260
-49.832	48.230
-49.847	48.155
-49.847	48.050
-49.787	48.005
POLYLINE GREEN
-49.787	47.465
-49.787	47.435
-49.802	47.405
-49.802	47.330
-49.787	47.270
-49.757	47.240
-49.667	47.240
POLYLINE GREEN
-49.187	47.225
-49.142	47.195
-49.112	47.195
-48.977	47.255
-48.887	47.345
POLYLINE GREEN
-49.502	46.880
-49.457	46.715
-49.427	46.685
-49.322	46.745
-49.217	46.925
POLYLINE GREEN
-49.892	48.455
-50.042	48.275
-50.087	48.170
-50.087	48.125
-50.102	48.095
-50.087	47.990
-50.012	47.810
-50.012	47.720
-49.982	47.600
-49.982	47.435
-50.042	47.270
-50.042	47.150
-49.982	46.955
-49.937	46.850
-49.847	46.730
-49.757	46.655
-49.697	46.550
-49.637	46.505
-49.607	46.460
-49.397	46.310
-49.367	46.310
-49.277	46.265
-49.232	46.265
-49.022	46.325
-48.932	46.385
-48.917	46.520
-48.917	46.550
-48.902	46.580
-48.902	46.715
-48.827	46.925
-48.767	46.985
-48.767	47.015
-48.557	47.255
-48.512	47.315
-48.452	47.315
-48.332	47.375
-48.257	47.435
-48.212	47.495
-48.212	47.555
-48.302	47.720
-48.332	47.750
-48.377	47.855
-48.377	47.885
-48.392	47.945
-48.392	47.990
-48.407	48.050
-48.407	48.200
-48.437	48.260
-48.437	48.305
-48.452	48.365
-48.452	48.455
-48.422	48.500
-48.422	48.530
-48.407	48.590
-48.407	48.635
-48.392	48.695
-48.392	48.830
POLYLINE GREEN
-49.067	47.630
-49.127	47.570
-49.157	47.570
-49.292	47.525
-49.487	47.540
-49.517	47.540
-49.547	47.615
-49.577	47.645
-49.592	47.810
-49.607	47.870
-49.607	47.945
-49.547	48.080
-49.517	48.110
-49.472	48.125
-49.412	48.200
-49.307	48.245
-49.277	48.245
-49.247	48.275
-49.217	48.275
-49.187	48.290
-49.022	48.230
-49.007	48.200
-48.947	48.170
-48.872	48.005
-48.872	47.945
-48.857	47.915
-48.902	47.765
-48.992	47.615
-49.022	47.615
-49.202	47.525
-49.247	47.510
POLYLINE GREEN
-49.352	44.600
-49.382	44.615
-49.577	44.570
-49.697	44.570
-49.862	44.630
-49.982	44.735
-50.057	44.855
-50.072	44.930
-50.102	44.990
-50.102	45.140
-50.072	45.260
-50.072	45.290
-49.982	45.410
-49.877	45.530
-49.802	45.575
-49.772	45.575
-49.667	45.605
-49.637	45.605
-49.577	45.620
-49.442	45.620
-49.247	45.545
-49.187	45.455
-49.172	45.410
-49.112	45.320
-49.067	45.185
-49.067	45.125
-49.052	45.065
-49.052	44.990
-49.127	44.870
-49.127	44.840
-49.142	44.810
-49.232	44.750
-49.292	44.645
-49.442	44.600
-49.472	44.600
-49.502	44.615
POLYLINE BLACK
-54.977	45.380
-54.977	45.245
-54.962	45.185
-54.962	45.155
-54.947	45.125
-54.947	45.020
-54.917	44.900
-54.917	44.840
-54.872	44.705
-54.872	44.660
-54.857	44.630
-54.857	44.585
-54.842	44.525
-54.842	44.450
-54.827	44.390
-54.827	44.360
-54.812	44.330
-54.812	44.255
-54.797	44.225
-54.797	44.150
-54.782	44.090
-54.782	44.045
-54.707	43.745
-54.677	43.655
-54.677	43.610
-54.617	43.475
-54.587	43.370
-54.497	43.160
-54.482	43.085
-54.272	42.650
-54.257	42.575
-54.197	42.440
-54.197	42.410
-54.167	42.350
-54.167	42.320
-54.122	42.230
-54.122	42.200
-54.092	42.140
-54.092	42.140
POLYLINE BLACK
-53.627	48.455
-53.627	48.425
-53.702	48.335
-53.882	48.200
-53.972	48.125
-54.017	48.050
-54.077	48.005
-54.107	47.930
-54.167	47.855
-54.197	47.840
-54.287	47.705
-54.317	47.675
-54.332	47.630
-54.467	47.480
-54.512	47.375
-54.572	47.285
-54.602	47.210
-54.632	47.180
-54.737	46.955
-54.737	46.895
-54.812	46.685
-54.812	46.655
-54.857	46.520
-54.857	46.490
-54.932	46.265
-54.932	46.190
-54.947	46.160
-54.947	45.530
-54.962	45.470
-54.962	45.350
-54.977	45.290
POLYLINE BLACK
-53.252	48.305
POLYLINE GREEN
-54.077	43.055
-54.047	43.055
-53.987	43.040
-53.852	43.040
-53.822	43.025
POLYLINE GREEN
-53.957	43.010
-54.077	42.800
-54.077	42.740
-54.017	42.680
-53.987	42.680
-53.897	42.605
-53.867	42.500
-53.867	42.470
-53.912	42.410
-54.002	42.335
-54.017	42.305
-53.927	42.140
-53.912	42.065
-53.927	42.005
-53.927	41.945
POLYLINE BLACK
-48.542	43.610
-48.572	43.580
-48.602	43.595
-48.662	43.565
-48.797	43.565
-48.857	43.535
-48.962	43.535
-49.082	43.490
-49.172	43.490
-49.232	43.460
-49.367	43.430
-49.397	43.445
-49.502	43.415
-49.592	43.400
-49.652	43.415
-49.682	43.415
-49.787	43.385
-50.057	43.385
-50.117	43.370
-50.147	43.385
-50.192	43.385
-50.312	43.415
-50.402	43.415
-50.462	43.445
-50.492	43.430
-50.492	43.370
-50.462	43.310
-50.462	43.235
-50.417	43.175
POLYLINE BLACK
-45.212	44.585
-45.152	44.585
-45.122	44.600
POLYLINE BLACK
-47.237	45.395
-47.222	45.260
-47.222	45.230
-47.192	45.200
-47.192	45.170
-47.132	45.185
-47.102	45.170
-47.057	45.170
-46.997	45.155
-46.937	45.155
-46.862	45.125
POLYLINE BLACK
-45.572	46.715
-45.602	46.715
-45.707	46.655
-45.767	46.655
-45.797	46.640
-45.842	46.640
-45.962	46.595
-46.022	46.595
-46.157	46.535
-46.187	46.535
-46.247	46.520
-46.277	46.520
-46.412	46.430
-46.442	46.430
-46.502	46.400
-46.532	46.400
-46.592	46.355
-46.622	46.355
-46.772	46.265
-46.802	46.265
-46.892	46.235
-47.012	46.160
-47.042	46.160
-47.132	46.115
-47.162	46.115
-47.312	45.995
-47.342	45.935
-47.342	45.785
-47.327	45.710
-47.327	45.680
-47.342	45.620
-47.312	45.500
-47.312	45.470
-47.297	45.410
-47.297	45.380
-47.222	45.260
POLYLINE GREEN
-55.652	58.610
-55.552	58.510
-55.532	58.430
-55.492	58.290
-55.452	58.010
-55.412	57.910
-55.272	57.770
-55.212	57.830
-55.112	58.050
-55.112	58.050
-55.112	57.990
-55.132	57.910
-55.092	57.710
-55.052	57.630
-54.692	58.730
POLYLINE GREEN
-56.832	58.650
-56.772	58.530
-56.752	58.430
-56.672	58.270
-56.672	58.150
-56.652	58.070
-56.592	57.790
-56.572	57.710
-56.512	57.630
-56.412	57.790
-56.312	58.130
-56.312	58.310
-56.232	58.510
-56.192	58.550
POLYLINE GREEN
-52.072	57.010
-51.932	57.150
-51.892	57.150
-51.872	57.070
-51.852	56.990
POLYLINE GREEN
-54.172	55.770
-54.112	55.850
-54.092	55.930
-54.012	56.150
-54.012	56.310
-53.992	56.390
-53.992	56.470
-53.972	56.550
-53.952	56.630
-53.912	56.730
-53.872	56.770
-53.752	56.570
-53.752	56.510
-53.732	56.430
-53.732	56.390
-53.692	56.370
-53.672	56.410
-53.632	56.390
-53.592	56.430
-53.532	56.430
-53.432	56.550
-53.432	56.210
-53.392	56.090
-53.352	56.090
-53.312	56.050
-53.232	56.090
-52.752	56.570
-52.612	56.710
-52.592	56.750
-52.512	56.770
-52.432	56.830
-52.352	56.830
-52.272	56.890
-52.232	56.890
-52.192	56.930
-52.152	56.910
-52.092	56.950
-52.052	56.950
-52.012	56.990
-51.932	57.010
-51.892	57.030
-51.852	57.010
-51.772	57.050
-51.572	56.950
-51.492	56.930
-51.352	56.810
-51.192	56.730
-51.012	56.690
-50.892	56.650
-50.852	56.610
-50.772	56.610
-50.652	56.550
POLYLINE BLACK
-53.272	52.590
-53.192	53.370
-53.192	53.570
-53.132	53.690
-53.112	53.870
-53.132	53.950
-53.152	54.030
-53.152	54.210
-53.172	54.310
-53.212	54.510
-53.272	54.630
-53.272	54.670
-53.392	54.830
-53.512	54.910
-53.532	54.950
-53.572	54.930
-53.652	55.010
-53.772	55.030
-53.892	55.110
-53.952	55.130
-53.992	55.110
-54.112	55.150
-54.212	55.250
-54.252	55.230
-54.392	55.390
-54.412	55.470
-54.452	55.510
-54.412	55.490
-54.372	55.530
-54.372	55.570
-54.232	55.670
-54.192	55.670
-54.152	55.710
-54.112	55.710
-54.072	55.750
-53.992	55.750
-53.952	55.770
-53.832	55.730
-53.792	55.750
-53.712	55.730
-53.672	55.750
-53.592	55.710
-53.432	55.770
-53.352	55.770
-53.272	55.830
-53.212	55.830
-53.172	55.810
-53.132	55.830
-53.092	55.810
-53.072	55.850
-53.032	55.850
-53.012	55.890
-52.852	55.890
-52.772	55.950
-52.772	55.950
-52.772	55.950
-52.772	55.950
-52.612	55.970
-52.532	55.990
-52.452	55.970
-52.092	56.070
-51.932	56.070
-51.872	56.090
-51.772	56.090
-51.552	56.130
-51.392	56.170
-51.092	56.310
-50.992	56.310
-50.952	56.350
-50.872	56.350
-50.792	56.410
-50.752	56.390
-50.632	56.470
-50.612	56.550
-50.612	56.730
-50.732	56.810
-50.812	56.970
-50.812	57.270
-50.792	57.350
-50.752	57.610
-50.712	57.810
-50.652	58.090
-50.652	58.410
-50.692	58.570
-50.812	58.610
-50.852	58.590
-50.992	58.610
-51.132	58.610
-51.212	58.630
-51.372	58.610
-51.492	58.610
-51.572	58.630
-51.612	58.630
-51.772	58.890
-51.792	58.970
-51.852	59.170
-51.872	59.270
-51.912	59.310
-51.932	59.390
-51.972	59.410
-52.172	59.110
-52.212	58.870
-52.312	58.770
-52.352	58.770
-52.372	58.730
-52.372	58.730
-52.372	58.730
-52.592	58.650
-52.632	58.670
-52.672	58.650
-52.752	58.670
-52.952	58.710
-52.992	58.750
-53.132	58.750
-53.212	58.770
-53.292	58.770
-53.452	58.810
-53.612	58.830
-53.772	58.810
-53.852	58.790
-53.892	58.810
-53.972	58.750
-54.032	58.750
-54.432	58.670
-54.672	58.650
-54.812	58.630
-54.972	58.630
-55.092	58.670
-55.252	58.710
-55.332	58.690
-55.352	58.650
-55.392	58.670
-55.432	58.630
-55.512	58.650
-55.592	58.590
-55.772	58.550
-55.992	58.490
-56.472	58.490
-56.552	58.510
-56.672	58.510
-56.852	58.550
-56.932	58.550
-57.052	58.590
-57.212	58.590
-57.332	58.550
-57.372	58.510
-57.372	58.470
-57.452	58.410
-57.552	58.370
-57.712	58.170
-57.732	58.090
-57.832	57.910
-57.832	57.470
-57.872	57.270
-57.872	57.150
-57.912	56.990
-57.912	56.730
-57.832	56.430
-57.792	56.250
-57.752	56.050
-57.752	55.930
-57.752	55.930
-57.752	55.930
-57.732	55.850
-57.692	55.710
-57.652	55.670
-57.632	55.490
-57.652	55.330
-57.632	55.250
-57.632	55.170
-57.592	55.190
-57.512	55.130
-57.292	55.070
-57.052	55.070
-57.012	55.090
-56.972	55.070
-56.812	55.110
-56.612	55.150
-56.532	55.150
POLYLINE BLACK
-56.652	55.090
-56.532	55.110
-56.352	55.110
-56.312	55.130
-56.032	55.090
-55.992	55.110
-55.812	55.050
-55.732	55.030
-55.492	54.950
-55.412	54.970
-55.212	54.930
-55.132	54.910
-55.092	54.870
-54.852	54.810
-54.812	54.770
-54.772	54.770
-54.472	54.470
-54.452	54.310
-54.452	54.210
-54.392	53.970
-54.412	53.890
-54.392	53.750
-54.432	53.550
-54.432	53.330
-54.372	53.150
-54.292	52.990
-54.232	52.730
-54.132	52.570
-54.052	52.550
-53.972	52.530
-53.892	52.530
-53.852	52.550
-53.692	52.510
-53.572	52.510
-53.532	52.490
-53.412	52.530
-53.292	52.490
-53.352	52.550
POLYLINE GREEN
-56.712	55.110
-56.592	55.110
-56.432	55.230
-56.372	55.290
-56.232	55.430
-56.132	55.590
-55.992	55.710
-55.952	55.710
-55.912	55.750
-55.792	55.730
-55.592	55.510
-55.572	55.430
-55.532	55.310
-55.532	55.250
-55.452	55.090
-55.392	55.030
-55.352	55.050
POLYLINE CONNECT
-55.952	55.670
-49.693	45.003
POLYLINE BLACK
-53.822	48.345
-53.782	48.385
-53.742	48.385
-53.442	48.565
-53.322	48.605
-53.242	48.665
-53.162	48.665
-52.982	48.625
-52.942	48.665
-52.782	48.665
-52.482	48.745
-52.402	48.705
-52.222	48.765
-52.002	48.765
-51.762	48.825
-51.682	48.805
-51.502	48.785
-51.422	48.785
-51.342	48.765
-51.282	48.765
-51.202	48.705
-51.122	48.685
-51.082	48.645
-51.002	48.625
-50.902	48.565
-50.822	48.545
-50.742	48.525
-50.642	48.485
-50.562	48.485
-50.342	48.385
-50.222	48.385
-50.182	48.365
-50.082	48.385
-49.982	48.405
-49.822	48.465
-49.722	48.485
-49.322	48.625
-49.242	48.645
-49.202	48.645
-49.162	48.685
-48.862	48.745
-48.762	48.745
-48.582	48.805
-48.482	48.805
-48.202	48.865
-48.102	48.885
-47.622	49.065
-47.542	49.085
-47.402	49.205
-47.282	49.205
-47.242	49.225
POLYLINE GREEN
-46.117	53.985
-46.312	53.670
-46.522	53.415
POLYLINE GREEN
-46.177	54.525
-46.447	54.030
-46.657	53.700
-46.672	53.640
POLYLINE GREEN
-46.132	55.245
-46.387	54.795
-46.717	54.270
-46.807	54.105
POLYLINE GREEN
-46.402	55.290
-46.537	55.035
-46.567	54.945
-46.897	54.360
-46.942	54.300
POLYLINE GREEN
-46.642	55.560
-46.762	55.305
-46.897	55.065
-47.002	54.915
-47.092	54.750
-47.197	54.600
-47.302	54.405
-47.332	54.315
POLYLINE GREEN
-47.182	55.410
-47.827	54.270
-47.857	54.240
POLYLINE GREEN
-47.542	55.245
-47.617	55.170
-47.857	54.795
-48.187	54.180
-48.277	53.985
-48.397	53.775
-48.487	53.670
POLYLINE GREEN
-47.962	55.140
-48.292	54.630
-48.547	54.120
-48.607	53.985
POLYLINE GREEN
-48.262	55.215
-48.262	55.170
-48.337	54.990
-48.337	54.960
-48.487	54.765
POLYLINE GREEN
-46.162	55.320
-46.222	55.305
-46.252	55.305
-46.282	55.290
-46.342	55.305
-46.387	55.365
-46.432	55.395
-46.477	55.455
-46.507	55.455
-46.612	55.575
-46.672	55.665
-46.747	55.755
-46.837	55.800
-46.867	55.800
-46.987	55.740
-47.017	55.710
-47.047	55.710
-47.107	55.665
-47.137	55.665
-47.227	55.605
-47.242	55.545
-47.242	55.515
-47.287	55.455
-47.347	55.410
-47.377	55.425
-47.467	55.380
-47.497	55.380
-47.557	55.335
-47.617	55.350
-47.647	55.350
-47.767	55.305
-47.797	55.320
-47.857	55.305
-47.917	55.335
-47.947	55.335
-48.037	55.380
-48.112	55.380
-48.202	55.350
-48.292	55.275
-48.322	55.275
-48.352	55.245
-48.382	55.260
-48.442	55.245
-48.502	55.245
-48.562	55.230
POLYLINE GREEN
-48.007	53.490
-48.037	53.550
-48.037	53.610
-48.007	53.685
-47.977	53.700
-47.962	53.805
-47.857	54.075
-47.857	54.105
-47.842	54.135
-47.812	54.135
-47.782	54.180
-47.707	54.195
-47.572	54.225
-47.542	54.255
-47.482	54.255
-47.377	54.285
-47.347	54.285
-47.257	54.255
-47.152	54.255
-47.032	54.165
-46.957	54.150
-46.897	54.105
-46.837	54.105
-46.792	54.045
-46.792	54.015
-46.762	53.955
-46.762	53.925
-46.747	53.865
-46.717	53.835
-46.702	53.700
-46.702	53.580
-46.717	53.520
-46.717	53.415
-46.687	53.385
-46.627	53.385
POLYLINE BLUE
-47.467	53.460
-47.497	53.400
-47.437	53.385
-47.347	53.415
-47.347	53.355
-47.242	53.385
-47.212	53.385
-47.077	53.430
-47.047	53.430
-47.062	53.400
-47.017	53.415
-46.987	53.445
-46.927	53.445
-46.972	53.385
-47.032	53.340
-47.062	53.355
-47.272	53.355
-47.422	53.415
-47.452	53.415
-47.482	53.430
-47.572	53.415
-47.677	53.415
-47.767	53.370
-47.617	53.385
-47.482	53.400
-47.332	53.415
POLYLINE BLUE
-47.557	53.490
-47.557	53.460
-47.587	53.430
POLYLINE BLUE
-47.692	53.460
-47.722	53.460
-47.782	53.430
POLYLINE BLUE
-47.827	53.430
-47.827	53.460
-47.797	53.490
-47.737	53.490
-47.587	53.445
-47.392	53.445
-47.332	53.430
-47.302	53.430
-47.272	53.445
-47.227	53.430
-47.092	53.475
-47.062	53.460
-47.002	53.475
-46.912	53.475
-46.882	53.445
-46.882	53.385
-46.867	53.325
POLYLINE BLACK
-48.577	53.520
-48.577	53.550
-48.592	53.610
-48.592	53.700
POLYLINE BLACK
-46.147	55.890
-46.147	56.520
-46.132	56.565
-46.132	56.625
-46.117	56.730
-46.117	57.345
-46.087	57.435
-46.087	57.480
-46.072	57.510
-46.072	57.690
-46.162	58.350
-46.177	58.410
-46.177	58.470
-46.237	58.665
-46.267	58.725
-46.267	58.755
-46.402	58.815
-46.462	58.785
-46.522	58.665
-46.522	58.545
-46.477	58.440
-46.507	58.350
-46.567	58.305
-46.582	58.260
-46.732	58.155
-46.762	58.155
-46.792	58.125
-46.822	58.125
-46.852	58.110
-46.882	58.125
-46.942	58.080
-46.972	58.095
-46.987	58.065
-47.017	58.065
-47.047	58.035
-47.107	58.065
-47.422	58.065
-47.482	58.050
-47.512	58.050
-47.572	58.065
-47.632	58.050
-47.677	58.050
-47.737	58.065
-47.797	58.065
-47.827	58.080
-47.857	58.065
-47.917	58.080
-47.947	58.080
-48.007	58.065
-48.037	58.080
-48.067	58.065
-48.127	58.095
-48.157	58.095
-48.217	58.080
-48.247	58.095
-48.277	58.065
-48.307	58.065
-48.397	57.975
-48.427	57.975
-48.502	57.870
-48.502	57.840
-48.517	57.780
-48.532	57.630
-48.562	57.555
-48.562	57.465
-48.592	57.285
-48.592	57.225
-48.637	57.045
-48.637	57.000
-48.682	56.835
-48.712	56.610
-48.712	56.475
-48.727	56.430
-48.727	56.295
-48.712	56.160
-48.652	55.950
-48.652	55.920
-48.637	55.890
-48.637	55.845
-48.622	55.815
-48.622	55.695
-48.577	55.485
-48.577	55.455
-48.562	55.395
-48.547	55.260
-48.547	54.510
-48.562	54.435
-48.562	53.580
POLYLINE BLACK
-48.607	53.490
-48.577	53.460
-48.547	53.460
-48.457	53.415
-48.322	53.430
-48.172	53.430
-48.067	53.460
-47.962	53.415
-47.782	53.370
-47.572	53.370
-47.497	53.355
-47.407	53.355
-47.227	53.325
-47.032	53.325
-47.002	53.340
-46.927	53.340
-46.837	53.355
-46.807	53.355
-46.777	53.340
-46.717	53.355
-46.627	53.355
-46.597	53.370
-46.537	53.355
-46.507	53.370
-46.477	53.355
-46.342	53.430
-46.237	53.595
-46.102	53.760
-46.102	53.835
-46.147	53.970
-46.147	54.030
-46.162	54.060
-46.162	54.135
-46.192	54.240
-46.192	54.345
-46.207	54.405
-46.207	54.660
-46.192	54.735
-46.192	54.990
-46.177	55.020
-46.177	55.230
-46.162	55.305
-46.162	55.845
POLYLINE CONNECT
-46.827	55.795
-46.589	48.532
POLYLINE BLUE
-43.537	47.975
-43.597	47.955
-43.837	48.055
-44.017	48.255
-44.077	48.315
-44.237	48.375
-44.317	48.375
-44.497	48.315
-44.537	48.275
-44.577	48.275
-44.697	48.175
-44.777	48.215
-44.817	48.295
-44.857	48.295
-44.737	48.415
-44.577	48.475
-44.597	48.395
-44.777	48.135
-44.677	48.115
-44.557	48.035
-44.497	48.035
-44.457	48.015
POLYLINE BLUE
-40.297	48.795
-40.477	48.735
-40.837	48.735
-41.157	48.695
-41.237	48.655
-41.257	48.575
-41.257	48.415
-41.337	48.335
-41.517	48.275
-41.817	48.215
-42.137	48.215
-42.397	48.035
-42.597	47.975
-42.757	47.935
-42.777	48.015
-42.597	48.195
-42.477	48.315
-42.657	48.035
-42.737	47.955
-42.737	47.915
-42.477	47.875
-42.297	47.775
-42.257	47.755
POLYLINE GREEN
-45.497	48.155
-45.377	48.055
-45.377	47.955
-45.397	47.915
POLYLINE GREEN
-46.737	48.955
-46.497	49.035
-46.357	49.015
-46.297	48.975
POLYLINE GREEN
-46.157	49.115
-46.057	49.095
-45.877	48.975
-45.797	48.855
POLYLINE GREEN
-46.877	48.295
-46.877	48.115
-46.817	48.015
-46.777	48.015
POLYLINE GREEN
-45.957	47.815
-45.897	47.675
-45.817	47.615
-45.737	47.635
-45.597	47.735
POLYLINE GREEN
-46.617	47.295
-46.437	47.175
-46.337	47.175
-46.257	47.215
POLYLINE GREEN
-47.177	47.555
-47.177	47.275
-47.117	47.215
-47.017	47.255
POLYLINE GREEN
-46.077	49.515
-46.037	49.495
-45.957	49.515
-45.717	49.555
-45.637	49.575
-45.597	49.575
-45.557	49.535
-45.497	49.535
-45.417	49.475
-45.257	49.155
-45.237	49.075
-45.257	49.035
-45.257	48.895
-45.277	48.795
-45.277	48.675
-45.037	48.295
-44.977	48.075
-44.957	47.995
-44.917	47.715
-44.817	47.315
-44.957	47.135
-45.037	47.075
-45.037	47.035
-45.177	46.955
-45.257	46.935
-45.437	46.855
-45.517	46.735
-45.637	46.735
-46.017	46.615
-46.157	46.595
-46.237	46.615
-46.477	46.615
-46.657	46.575
-46.897	46.575
-47.097	46.615
-47.297	46.635
-47.597	46.675
-47.677	46.715
-47.777	46.915
-47.797	46.995
-47.837	47.055
-47.857	47.235
-47.857	47.495
-47.897	47.595
-47.897	47.735
-47.797	47.995
-47.497	48.375
-47.417	48.615
-47.457	48.735
-47.397	48.895
-47.357	48.935
-47.357	48.975
-47.137	49.235
-47.037	49.295
POLYLINE BLACK
-44.917	48.095
-44.877	47.915
-44.877	47.675
-44.897	47.595
-44.777	47.555
-44.697	47.555
-44.637	47.575
-44.497	47.575
-44.377	47.535
-44.337	47.755
-44.377	47.975
-44.477	47.995
-44.557	47.995
-44.777	47.915
-44.817	47.875
-44.857	47.875
POLYLINE BLACK
-44.737	49.215
-44.917	48.775
-44.917	48.735
-44.537	48.575
-44.497	48.595
-44.477	48.675
-44.397	48.995
-44.397	49.035
-44.697	49.215
POLYLINE BLACK
-43.757	49.635
-43.757	49.555
-43.777	49.455
-43.777	49.395
-43.797	49.295
-43.797	49.215
-43.817	49.175
-43.757	49.095
-43.457	49.035
-43.317	48.995
-43.257	49.095
-43.197	49.335
-43.117	49.515
-43.117	49.555
-43.157	49.595
-43.217	49.595
-43.317	49.615
-43.517	49.615
-43.757	49.535
POLYLINE BLACK
-43.177	48.795
-43.237	48.615
-43.397	48.335
-43.317	48.275
-43.077	48.195
-42.957	48.195
-42.897	48.275
-42.757	48.575
-42.717	48.615
-42.717	48.655
-42.817	48.675
-42.977	48.755
-43.097	48.755
POLYLINE BLACK
-42.277	48.835
-42.397	49.035
-42.517	49.235
-42.577	49.315
-42.337	49.435
-42.237	49.495
-42.157	49.495
-42.097	49.415
-41.917	49.015
-41.917	48.975
-41.957	48.995
-42.097	48.955
-42.137	48.915
-42.197	48.915
-42.337	48.775
POLYLINE BLACK
-41.477	48.635
-41.337	49.235
-41.177	49.075
-41.117	48.975
-41.017	48.855
-41.317	48.635
-41.477	48.575
POLYLINE BLACK
-40.377	48.055
-40.877	47.935
-40.937	47.935
-41.117	47.855
-41.157	47.815
-41.637	47.655
-41.817	47.615
-41.977	47.595
-42.397	47.475
-42.537	47.435
-42.937	47.355
-43.097	47.335
-43.237	47.275
-43.377	47.275
-43.477	47.215
-43.757	47.115
-43.817	47.115
-43.937	47.075
-44.117	47.035
-44.337	46.975
-44.457	46.915
-44.517	46.915
-44.637	46.855
-44.717	46.855
-44.797	46.835
-44.937	46.835
-45.277	46.715
-45.577	46.695
-45.737	46.655
POLYLINE BLACK
-40.877	50.415
-40.877	50.295
POLYLINE BLACK
-41.297	50.375
-41.297	50.255
POLYLINE BLACK
-41.717	50.475
-41.757	50.295
POLYLINE BLACK
-42.037	50.675
-42.137	50.575
-42.137	50.535
-42.177	50.495
-42.177	50.455
POLYLINE BLACK
-42.297	50.835
-42.417	50.715
-42.457	50.695
POLYLINE BLACK
-42.517	50.995
-42.617	50.895
-42.697	50.815
-42.717	50.755
POLYLINE BLACK
-42.997	51.115
-42.997	51.075
-42.797	51.195
-42.697	51.215
-42.577	51.315
-42.417	51.395
-42.317	51.395
-42.237	51.415
-42.157	51.435
-42.037	51.495
-41.897	51.495
-41.597	51.595
-41.517	51.575
-41.377	51.655
-41.237	51.655
-41.117	51.715
-40.997	51.715
-40.877	51.755
-40.817	51.755
POLYLINE BLACK
-42.997	51.115
-42.977	51.055
-43.017	51.055
-43.077	50.975
-43.117	50.975
-43.277	50.795
-43.357	50.655
-43.397	50.655
-43.497	50.555
-43.617	50.495
-43.657	50.495
-43.697	50.455
-43.737	50.455
-43.777	50.415
-43.857	50.395
-43.897	50.375
-43.937	50.395
-44.077	50.315
-44.257	50.275
-44.557	50.195
-44.757	50.075
-44.837	50.055
-44.937	49.995
-45.017	49.995
-45.257	49.895
-45.357	49.875
-45.557	49.775
-45.657	49.775
-45.897	49.655
-45.997	49.635
-46.237	49.535
-46.317	49.515
-46.437	49.455
-46.517	49.435
-46.617	49.415
-46.697	49.355
-46.777	49.335
-46.957	49.275
-47.237	49.155
-47.257	49.115
POLYLINE BLACK
-40.657	50.375
-40.837	50.415
-40.997	50.395
-41.077	50.395
-41.117	50.375
-41.157	50.395
-41.237	50.375
-41.337	50.395
-41.417	50.415
-41.537	50.395
-41.617	50.415
-41.697	50.435
-41.737	50.455
-41.777	50.435
-41.817	50.495
-41.897	50.515
-41.977	50.575
-42.017	50.575
-42.297	50.775
-42.417	50.935
-42.677	51.155
-42.757	51.175
POLYLINE BLACK
-41.397	52.375
POLYLINE BLUE
-40.497	53.265
-40.417	53.285
-40.377	53.325
-40.197	53.345
-40.157	53.325
-40.077	53.345
-39.917	53.305
-39.837	53.285
-39.697	53.265
-39.657	53.285
-39.577	53.265
-39.417	53.265
-39.377	53.305
-39.297	53.325
-39.697	53.325
-39.797	53.305
-39.977	53.345
-40.057	53.345
-40.137	53.365
-40.237	53.365
-40.397	53.325
-40.457	53.325
-40.497	53.305
-40.557	53.325
-40.717	53.285
-40.757	53.285
-40.657	53.265
-40.577	53.245
-40.497	53.265
-40.457	53.125
-40.337	53.245
-40.337	53.205
-40.397	53.105
-40.177	53.225
-40.097	53.285
-40.057	53.245
-39.957	53.265
-39.877	53.285
-39.857	53.245
-39.877	53.165
-39.677	53.185
-39.457	53.185
-39.417	53.205
-39.377	53.185
-39.397	53.225
-39.497	53.245
-39.677	53.305
-39.957	53.305
-40.057	53.285
-40.157	53.285
-40.257	53.265
-40.337	53.265
-40.417	53.245
-39.937	53.245
-39.757	53.265
-39.597	53.225
-39.517	53.225
-39.437	53.205
POLYLINE BLACK
-41.797	58.485
-41.797	58.405
-41.917	58.205
-42.037	58.125
-42.117	58.105
-42.137	58.065
-42.177	58.065
-42.197	57.985
-42.157	57.985
-42.037	57.905
-41.997	57.905
-41.957	57.865
-41.917	57.865
-41.777	57.665
-41.737	57.485
-41.737	57.225
-41.717	57.145
-41.717	57.025
POLYLINE BLACK
-39.857	57.965
-39.797	57.885
-39.797	57.765
-39.777	57.725
-39.777	57.365
-39.757	57.285
-39.717	56.965
-39.697	56.885
-39.677	56.785
-39.657	56.705
-39.657	56.645
-39.537	56.185
-39.517	55.985
-39.497	55.885
-39.477	55.605
-39.477	55.405
-39.497	55.325
-39.497	55.105
-39.477	55.005
-39.437	54.845
-39.317	54.525
-39.297	54.425
-39.217	54.065
-39.217	53.765
-39.237	53.685
-39.237	53.265
-39.337	53.105
-39.497	53.065
-39.577	53.085
-39.697	53.125
-39.797	53.125
-40.017	53.185
-40.097	53.205
-40.177	53.225
-40.337	53.165
-40.377	53.185
-40.457	53.165
-40.557	53.165
-40.637	53.145
-40.757	53.205
-40.837	53.185
-40.917	53.205
-40.997	53.225
-41.077	53.205
-41.157	53.225
-41.237	53.225
-41.397	53.265
-41.517	53.485
-41.517	53.685
-41.537	53.725
-41.517	53.785
-41.737	54.145
-41.737	54.185
-41.797	54.285
-41.757	54.485
-41.757	54.545
-41.717	54.665
-41.717	54.725
-41.677	54.845
-41.677	55.265
-41.697	55.345
-41.697	55.525
-41.677	55.565
-41.697	55.605
-41.677	55.685
-41.677	55.765
-41.657	55.865
-41.637	56.045
-41.617	56.205
-41.617	56.465
-41.637	56.545
-41.637	56.645
-41.657	56.725
-41.657	56.785
-41.737	57.065
-41.737	57.125
-41.797	57.285
-41.857	57.565
-41.897	57.745
-41.877	57.825
-41.877	57.985
-41.837	58.105
-41.837	58.165
-41.777	58.405
-41.757	58.565
-41.737	58.685
-41.757	58.785
-41.737	58.865
-41.737	58.945
-41.677	59.145
-41.517	59.225
-41.397	59.225
-41.317	59.245
-41.237	59.265
-41.157	59.285
-41.097	59.285
-41.017	59.305
-40.757	59.365
-40.637	59.325
-40.557	59.345
-40.477	59.325
-40.417	59.345
-40.377	59.325
-40.337	59.345
-40.257	59.325
-40.177	59.325
-40.137	59.305
-40.097	59.325
-40.057	59.305
-40.017	59.325
-39.997	59.285
POLYLINE BLACK
-40.097	59.285
-40.017	59.265
-39.977	59.185
-39.937	59.165
-39.917	59.045
-39.937	58.965
-39.937	58.745
-39.957	58.665
-39.957	58.545
-39.937	58.465
-39.857	58.405
-39.817	58.405
-39.777	58.365
-39.697	58.385
-39.617	58.385
-39.577	58.365
-39.457	58.405
-39.297	58.425
-39.217	58.445
-39.177	58.405
-39.137	58.405
-39.057	58.325
-39.077	58.245
-39.077	58.165
-39.097	58.125
-39.177	58.105
-39.297	58.065
-39.377	58.085
-39.457	58.065
-39.537	58.085
-39.697	58.045
-39.777	58.025
-39.837	57.965
-39.857	57.885
-39.837	57.845
-39.837	57.885
POLYLINE CONNECT
-39.997	58.385
-40.700	50.530
POLYLINE BLUE
-36.967	50.085
-36.997	50.070
-37.072	50.085
-37.132	50.085
-37.177	50.070
-37.207	50.085
-37.297	50.025
-37.357	49.935
-37.357	49.905
-37.387	49.800
-37.387	49.770
-37.447	49.680
-37.567	49.680
-37.672	49.695
-37.732	49.695
-37.792	49.725
-37.957	49.725
-38.047	49.665
-38.122	49.575
-38.122	49.500
-38.092	49.380
-38.182	49.305
-38.272	49.260
-38.467	49.320
-38.497	49.350
-38.572	49.335
-38.602	49.335
-38.722	49.260
-38.782	49.215
-38.827	49.200
-38.857	49.155
-38.977	49.080
-39.007	49.080
-39.022	49.050
-39.022	49.080
-38.962	49.170
-38.767	49.365
-38.872	49.230
-38.932	49.185
-39.022	49.065
-39.022	49.035
-39.007	49.065
-38.932	49.065
-38.857	49.050
-38.722	49.065
-38.692	49.065
POLYLINE BLACK
-36.052	51.165
-35.902	51.015
POLYLINE BLACK
-36.292	51.015
-36.157	50.850
POLYLINE BLACK
-36.607	50.745
-36.547	50.700
-36.502	50.700
-36.472	50.655
POLYLINE BLACK
-36.937	50.595
-36.877	50.550
POLYLINE BLACK
-37.312	50.580
-37.252	50.535
POLYLINE BLACK
-37.657	50.595
-37.627	50.535
-37.627	50.505
POLYLINE BLACK
-37.957	50.565
-37.927	50.490
POLYLINE BLACK
-38.377	50.475
-38.302	50.385
POLYLINE BLACK
-38.677	50.520
-38.647	50.460
-38.647	50.430
POLYLINE BLACK
-38.932	50.595
-38.917	50.535
-38.917	50.445
POLYLINE BLACK
-39.262	50.550
-39.262	50.580
-39.232	50.520
-39.232	50.445
POLYLINE BLACK
-39.637	50.550
-39.592	50.490
-39.562	50.385
POLYLINE BLACK
-39.982	50.445
-39.922	50.310
POLYLINE BLACK
-40.297	50.355
-40.237	50.205
-40.237	50.130
POLYLINE BLACK
-40.672	50.355
-40.657	50.325
-40.627	50.310
-40.552	50.325
-40.522	50.325
-40.492	50.310
-40.432	50.325
-40.402	50.325
-40.342	50.355
-40.282	50.355
-40.252	50.385
-40.222	50.385
-40.192	50.415
-40.162	50.400
-40.072	50.445
-40.042	50.445
-40.012	50.430
-39.952	50.460
-39.892	50.460
-39.862	50.490
-39.832	50.490
-39.742	50.520
-39.712	50.490
-39.697	50.520
-39.637	50.505
-39.547	50.550
-39.517	50.550
-39.457	50.595
-39.337	50.595
-39.262	50.610
-39.232	50.580
-39.202	50.580
-39.142	50.595
-38.977	50.595
-38.917	50.565
-38.887	50.565
-38.722	50.505
-38.572	50.505
-38.542	50.535
-38.497	50.535
-38.467	50.520
-38.422	50.535
-38.302	50.610
-38.242	50.595
-38.182	50.595
-38.152	50.580
-38.092	50.595
-38.047	50.580
-37.987	50.595
-37.957	50.580
-37.777	50.580
-37.747	50.595
-37.687	50.580
-37.552	50.565
-37.522	50.565
-37.462	50.580
-37.327	50.580
-37.267	50.595
-37.132	50.595
-37.057	50.610
-37.027	50.640
-36.952	50.640
-36.892	50.655
-36.727	50.685
-36.697	50.685
-36.607	50.745
-36.547	50.745
-36.502	50.805
-36.457	50.805
-36.277	50.940
-36.217	51.030
-36.172	51.090
-36.052	51.195
-36.022	51.195
-35.962	51.240
-35.932	51.240
-35.842	51.285
-35.812	51.285
-35.632	51.375
-35.602	51.375
POLYLINE BLACK
-35.677	51.345
-35.737	51.210
-35.737	51.150
-35.752	51.105
POLYLINE BLACK
-35.272	51.270
-35.272	51.300
-35.332	51.150
-35.332	51.105
POLYLINE BLACK
-34.987	51.270
-34.987	51.165
POLYLINE BLACK
-35.002	50.430
-35.002	50.565
POLYLINE BLACK
-35.422	50.325
-35.422	50.505
-35.407	50.535
POLYLINE BLACK
-35.782	50.265
-35.782	50.415
-35.767	50.445
POLYLINE BLACK
-36.112	50.100
-36.112	50.145
-36.157	50.250
-36.157	50.280
POLYLINE BLACK
-36.487	49.965
-36.532	50.085
-36.532	50.130
POLYLINE BLACK
-36.817	49.710
-36.907	49.905
POLYLINE BLACK
-37.147	49.500
-37.192	49.560
-37.192	49.590
-37.237	49.680
POLYLINE BLACK
-37.492	49.260
-37.552	49.305
-37.627	49.395
POLYLINE BLACK
-37.777	49.005
-37.792	49.035
-37.852	49.080
-37.867	49.110
-37.897	49.125
POLYLINE BLACK
-34.852	50.400
-34.912	50.385
-35.002	50.385
-35.032	50.400
-35.062	50.370
-35.152	50.370
-35.182	50.355
-35.212	50.370
-35.272	50.340
-35.347	50.340
-35.527	50.280
-35.692	50.250
-35.722	50.250
-35.782	50.205
-35.812	50.205
-35.902	50.160
-35.932	50.160
-35.992	50.115
-36.022	50.115
-36.082	50.070
-36.157	50.055
-36.247	49.995
-36.277	49.995
-36.397	49.935
-36.457	49.890
-36.487	49.905
-36.592	49.845
-36.607	49.815
-36.682	49.785
-36.697	49.755
-36.727	49.755
-36.757	49.725
-36.787	49.725
-36.817	49.695
-36.847	49.695
-36.937	49.635
-36.952	49.605
-36.982	49.590
-37.027	49.590
-37.057	49.560
-37.072	49.515
-37.132	49.500
-37.252	49.305
-37.312	49.260
-37.342	49.260
-37.462	49.185
-37.522	49.125
-37.552	49.125
-37.582	49.095
-37.612	49.095
-37.732	49.005
-37.762	49.005
-37.942	48.885
-38.002	48.870
-38.032	48.840
-38.062	48.855
-38.077	48.825
-38.107	48.825
-38.137	48.795
POLYLINE BLACK
-34.807	51.285
-34.837	51.270
-34.897	51.285
-34.957	51.285
-35.017	51.300
-35.077	51.300
-35.182	51.330
-35.242	51.345
-35.422	51.345
-35.482	51.360
-35.512	51.345
-35.557	51.360
-35.587	51.345
-35.647	51.345
-35.767	51.375
-35.827	51.360
-35.917	51.360
-36.037	51.375
-36.067	51.375
-36.097	51.360
-36.247	51.405
-36.352	51.420
-36.412	51.450
-36.532	51.450
-36.682	51.510
-36.817	51.525
-36.862	51.525
-36.997	51.570
-37.147	51.570
-37.177	51.585
-37.267	51.585
-37.357	51.600
-37.432	51.600
-37.462	51.615
-37.537	51.615
-37.612	51.630
-37.717	51.630
-37.912	51.660
-38.002	51.660
-38.182	51.690
-38.617	51.690
-38.707	51.705
-38.797	51.705
-38.902	51.735
-38.962	51.720
-39.082	51.720
-39.112	51.735
-39.337	51.735
-39.412	51.720
-39.442	51.720
-39.502	51.705
-39.817	51.720
-39.982	51.765
-40.042	51.795
-40.192	51.795
-40.252	51.810
-40.327	51.810
-40.357	51.795
-40.387	51.810
-40.447	51.795
-40.552	51.795
-40.612	51.780
-40.732	51.780
-40.792	51.765
-40.852	51.765
-40.882	51.750
POLYLINE BLACK
-35.047	49.110
-35.227	49.110
-35.287	49.125
-35.347	49.110
-35.407	49.110
-35.467	49.125
-35.572	49.125
-35.602	49.110
-35.632	49.125
-35.692	49.110
-35.797	49.140
-35.857	49.110
-36.037	49.110
-36.217	49.065
-36.247	49.065
-36.307	49.080
-36.367	49.050
-36.502	49.050
-36.562	49.035
-36.697	49.035
-36.757	49.050
-36.832	49.035
-36.982	49.035
-37.012	49.005
-37.042	49.005
-37.147	49.035
-37.267	49.035
-37.327	49.005
-37.432	49.005
-37.597	48.930
-37.627	48.945
-37.762	48.885
-37.807	48.885
-37.942	48.825
-37.972	48.840
-38.002	48.825
-38.047	48.825
-38.122	48.795
-38.167	48.795
-38.197	48.765
-38.287	48.765
-38.407	48.690
-38.437	48.690
-38.467	48.660
-38.512	48.645
-38.542	48.615
-38.572	48.615
-38.602	48.585
-38.677	48.585
-38.737	48.570
-38.842	48.510
-38.947	48.465
-38.977	48.465
-39.082	48.420
-39.112	48.420
-39.172	48.405
-39.232	48.360
-39.262	48.360
-39.322	48.330
-39.457	48.315
-39.517	48.285
-39.577	48.285
-39.742	48.225
-39.832	48.225
-39.892	48.195
-39.922	48.195
-39.982	48.165
-40.012	48.180
-40.177	48.105
-40.207	48.120
-40.297	48.075
-40.327	48.075
-40.387	48.045
-40.357	48.075
POLYLINE BLACK
-35.092	47.925
POLYLINE BLACK
-36.037	48.630
POLYLINE BLACK
-35.767	47.595
POLYLINE BLACK
-35.752	47.205
-35.827	47.175
-35.857	47.145
-35.887	47.145
-35.887	47.175
-35.962	47.070
-36.007	47.085
-36.082	47.040
-36.127	46.950
POLYLINE BLACK
-32.962	47.985
POLYLINE BLACK
-32.827	48.375
-32.767	48.135
-32.752	48.180
-32.767	48.210
-32.767	48.210
-32.767	48.240
-32.797	48.255
-32.962	48.180
-32.992	48.135
POLYLINE BLACK
-33.007	48.150
POLYLINE BLACK
-34.012	48.810
POLYLINE BLACK
-34.612	51.165
-34.657	51.045
-34.702	50.985
POLYLINE BLACK
-34.297	51.030
-34.387	50.850
POLYLINE BLACK
-33.967	50.895
-34.027	50.895
-34.117	50.730
POLYLINE BLACK
-33.757	50.685
-33.892	50.610
-33.922	50.610
POLYLINE BLACK
-33.532	50.460
-33.727	50.400
-33.757	50.370
POLYLINE BLACK
-33.292	50.190
-33.442	50.085
-33.532	50.055
POLYLINE BLACK
-32.977	50.010
-33.127	49.890
POLYLINE BLACK
-32.722	49.860
-32.782	49.800
-32.812	49.740
-32.812	49.710
POLYLINE BLACK
-32.392	49.785
-32.422	49.725
-32.437	49.650
-32.467	49.590
POLYLINE BLACK
-32.137	49.785
-32.137	49.575
-32.152	49.515
POLYLINE BLACK
-32.512	49.320
-32.512	49.185
-32.527	49.155
POLYLINE BLACK
-32.197	49.275
-32.197	49.185
-32.212	49.155
POLYLINE BLACK
-32.542	49.335
-32.527	49.260
POLYLINE BLACK
-32.932	49.440
-32.902	49.275
POLYLINE BLACK
-33.202	49.575
-33.232	49.515
-33.232	49.410
POLYLINE BLACK
-33.502	49.725
-33.532	49.620
-33.532	49.590
POLYLINE BLACK
-33.787	50.055
-33.787	50.025
-33.832	49.860
-33.832	49.830
POLYLINE BLACK
-34.132	50.205
-34.162	50.010
POLYLINE BLACK
-34.402	50.355
-34.402	50.265
-34.417	50.160
POLYLINE BLACK
-34.672	50.535
-34.657	50.505
-34.717	50.310
POLYLINE BLACK
-32.247	49.060
-32.287	49.100
-32.367	49.080
-32.467	49.080
-32.627	49.140
-32.727	49.160
-32.887	49.220
-32.967	49.280
-33.047	49.280
-33.207	49.360
-33.247	49.360
-33.307	49.400
-33.427	49.420
-33.607	49.600
-33.647	49.600
-33.747	49.700
-34.147	50.020
-34.307	50.120
-34.347	50.120
-34.587	50.280
-34.707	50.360
-34.787	50.380
-34.907	50.440
POLYLINE BLACK
-32.127	49.760
-32.127	49.720
-32.247	49.720
-32.287	49.760
-32.407	49.760
-32.567	49.800
-32.607	49.840
-32.687	49.840
-32.887	49.940
-32.967	49.960
-33.047	50.020
-33.127	50.040
-33.327	50.180
-33.567	50.440
-33.827	50.760
-33.947	50.860
POLYLINE BLACK
-31.967	50.260
-32.227	50.260
-32.527	50.300
-32.647	50.280
-32.947	50.360
-33.207	50.520
-33.467	50.700
-33.607	50.740
-33.647	50.780
-33.787	50.780
-33.907	50.880
-33.947	50.880
-34.027	50.940
-34.207	51.020
-34.247	51.060
-34.327	51.080
-34.407	51.120
-34.467	51.120
-34.547	51.180
-34.627	51.180
-34.827	51.240
POLYLINE BLACK
-32.187	48.640
-32.267	48.620
-32.407	48.660
-32.667	48.720
-32.807	48.720
-32.927	48.760
-33.167	48.760
-33.247	48.740
-33.607	48.820
-33.787	48.820
-33.867	48.860
-34.007	48.860
-34.347	48.920
-34.447	48.940
-34.527	48.920
-34.707	48.960
-34.787	48.980
-34.867	49.040
-35.067	49.080
POLYLINE BLUE
-29.407	52.120
-29.327	52.140
-29.287	52.160
POLYLINE BLUE
-29.507	52.140
-29.427	52.200
POLYLINE BLUE
-29.767	52.140
-29.707	52.140
-29.627	52.180
-29.527	52.280
POLYLINE BLUE
-29.767	52.160
POLYLINE BLUE
-29.907	52.120
-29.787	52.180
POLYLINE BLUE
-30.067	52.140
-30.047	52.180
-29.987	52.200
-29.867	52.320
POLYLINE BLUE
-30.127	52.260
-29.987	52.260
-29.867	52.220
-29.687	52.220
-29.607	52.240
-29.527	52.240
-29.427	52.220
-29.347	52.240
-29.187	52.240
POLYLINE BLACK
-29.807	57.040
-29.727	56.880
-29.727	56.840
-29.647	56.760
-29.607	56.760
-29.567	56.720
-29.487	56.740
-29.427	56.640
-29.447	56.480
-29.427	56.400
-29.407	56.320
-29.407	56.220
-29.387	56.140
-29.527	55.780
-29.547	55.680
-29.567	55.640
-29.527	55.520
-29.527	55.360
-29.507	55.320
-29.527	55.240
-29.527	54.940
-29.547	54.860
-29.547	54.640
-29.607	54.440
-29.607	54.380
-29.667	54.220
-29.687	54.140
-29.747	53.880
-29.807	53.720
-29.807	53.380
-29.767	53.240
-29.747	53.020
-29.787	52.860
-29.827	52.820
-29.867	52.820
-30.007	52.520
-30.067	52.260
-30.087	52.180
-30.087	52.140
-30.007	52.080
-29.767	52.080
-29.687	52.100
-29.527	52.100
-29.487	52.120
-29.367	52.080
-29.287	52.060
-29.207	52.080
-29.167	52.240
-29.167	52.380
-29.227	52.620
-29.227	52.800
-29.207	52.900
-29.167	53.060
-29.087	53.180
-29.067	53.360
-29.047	53.440
-29.047	53.560
-29.027	53.640
-29.027	53.700
-28.987	53.860
-28.987	54.200
-29.007	54.260
-28.987	54.340
-28.987	55.020
-29.007	55.100
-29.007	55.320
-29.027	55.420
-29.027	55.840
-28.987	55.880
-28.967	55.980
-28.927	56.100
-28.947	56.180
-28.947	56.800
-28.827	56.840
POLYLINE BLACK
-29.727	56.940
POLYLINE BLACK
-29.827	56.820
-29.767	56.900
-29.747	56.980
-29.687	57.120
-29.627	57.200
-29.587	57.180
-29.527	57.280
-29.487	57.280
-29.447	57.320
-29.407	57.320
-29.327	57.400
-29.247	57.420
-29.207	57.400
-29.167	57.440
-29.087	57.460
-28.967	57.580
-28.947	57.660
-28.947	57.740
-28.887	57.900
-28.867	58.020
-28.727	58.160
-28.647	58.160
-28.547	58.060
-28.487	57.900
-28.487	57.820
-28.467	57.740
-28.467	57.660
-28.447	57.580
-28.447	57.500
-28.327	57.300
-28.327	57.260
-28.287	57.220
-28.287	57.120
-28.267	57.040
-28.267	56.960
-28.307	56.960
-28.427	56.860
-28.987	56.780
POLYLINE CONNECT
-29.657	56.810
-32.328	48.662
POLYLINE BLACK
-28.207	47.240
-28.087	47.360
POLYLINE BLACK
-28.347	47.400
-28.287	47.480
POLYLINE BLACK
-28.527	47.640
-28.447	47.680
POLYLINE BLACK
-28.687	47.760
-28.647	47.760
POLYLINE BLACK
-29.067	49.020
-29.147	48.960
POLYLINE BLACK
-28.907	48.780
-29.007	48.680
POLYLINE BLACK
-28.767	48.500
-28.787	48.460
POLYLINE BLACK
-28.567	48.200
-28.607	48.160
POLYLINE BLACK
-28.367	47.920
-28.447	47.860
POLYLINE BLACK
-28.127	47.720
-28.187	47.640
POLYLINE BLACK
-28.807	47.980
POLYLINE BLACK
-29.067	48.260
-28.987	48.280
-28.947	48.300
POLYLINE BLACK
-29.247	48.480
-29.167	48.480
-29.087	48.520
POLYLINE BLACK
-29.467	48.680
-29.387	48.740
POLYLINE BLACK
-29.607	48.820
-29.487	48.920
POLYLINE BLACK
-29.647	49.840
-29.647	49.800
-29.827	49.900
POLYLINE BLACK
-29.907	49.860
-29.907	49.780
POLYLINE BLACK
-30.227	49.860
-30.187	49.700
POLYLINE BLACK
-30.467	49.820
-30.447	49.740
-30.447	49.700
POLYLINE BLACK
-30.867	49.760
-30.867	49.680
-30.807	49.580
POLYLINE BLACK
-30.867	49.760
POLYLINE BLACK
-31.167	49.800
-31.167	49.620
POLYLINE BLACK
-31.507	49.680
-31.487	49.600
-31.467	49.500
POLYLINE BLACK
-31.747	49.620
-31.707	49.540
POLYLINE BLACK
-32.067	49.780
-31.947	49.540
-31.927	49.460
-31.947	49.420
POLYLINE BLACK
-29.827	49.220
-29.847	49.140
POLYLINE BLACK
-30.047	49.360
-30.047	49.280
-30.067	49.240
POLYLINE BLACK
-30.427	49.400
-30.407	49.280
POLYLINE BLACK
-30.747	49.340
-30.747	49.260
POLYLINE BLACK
-31.067	49.280
-31.047	49.200
-31.027	49.160
POLYLINE BLACK
-31.427	49.300
-31.367	49.080
POLYLINE BLACK
-31.827	49.240
-31.727	49.040
POLYLINE BLACK
-32.007	49.220
-31.987	49.080
POLYLINE BLACK
-29.647	49.820
-29.607	49.800
-29.647	49.800
-29.707	49.880
-29.747	49.860
-29.847	49.880
-29.967	49.880
-30.007	49.860
-30.127	49.900
-30.287	49.880
-30.487	49.840
-30.527	49.800
-30.627	49.800
-30.787	49.740
-30.907	49.740
-31.167	49.660
-31.207	49.700
-31.327	49.700
-31.407	49.720
-31.687	49.600
-31.767	49.580
-31.807	49.600
-31.847	49.580
-31.927	49.600
-32.007	49.600
-32.127	49.660
-32.167	49.640
POLYLINE BLACK
-28.247	47.260
-28.367	47.320
-28.767	47.740
-28.867	48.020
-28.987	48.140
-29.067	48.160
-29.287	48.400
-29.407	48.600
-29.727	48.900
-29.807	48.940
-29.807	48.980
-30.007	49.120
-30.047	49.100
-30.147	49.180
-30.187	49.160
-30.307	49.220
-30.387	49.240
-30.447	49.220
-30.527	49.240
-30.567	49.200
-30.727	49.160
-30.947	49.060
-31.027	49.060
-31.067	49.040
-31.187	49.080
-31.267	49.100
-31.347	49.080
-31.447	49.080
-31.727	48.960
-31.767	48.980
-31.847	48.960
-32.007	48.960
-32.047	49.000
-32.167	49.000
-32.307	49.040
POLYLINE BLACK
-29.507	49.820
-29.547	49.800
-29.667	49.840
-29.707	49.880
-29.827	49.900
-29.907	49.960
-29.947	49.960
-29.987	50.000
-30.027	50.000
-30.187	50.100
-30.267	50.100
-30.387	50.160
-30.427	50.160
-30.587	50.260
-30.667	50.260
-30.707	50.280
-30.787	50.260
-30.867	50.300
-30.967	50.280
-31.047	50.260
-31.087	50.280
-31.207	50.240
-31.287	50.260
-31.367	50.260
-31.407	50.240
-31.587	50.280
-31.627	50.300
-31.707	50.280
-31.747	50.300
-31.827	50.280
-31.907	50.280
-31.987	50.240
-32.027	50.260
-32.067	50.220
-32.107	50.240
-32.047	50.240
POLYLINE BLACK
-29.987	46.560
-30.147	46.660
-30.207	46.840
-30.327	47.040
-30.507	47.480
-30.527	47.560
-30.587	47.720
-30.627	47.760
-30.627	47.800
-30.687	47.880
-30.707	47.940
-30.787	47.980
-30.847	48.040
-31.047	48.180
-31.087	48.220
-31.127	48.200
-31.167	48.240
-31.247	48.240
-31.327	48.300
-31.387	48.300
-31.547	48.360
-31.627	48.380
-31.867	48.500
-31.907	48.540
-31.987	48.560
-32.027	48.600
-32.067	48.580
-32.267	48.700
-32.307	48.700
POLYLINE GREEN
-28.287	49.520
-28.447	49.580
-28.507	49.660
-28.447	49.740
POLYLINE GREEN
-27.747	50.040
-27.827	50.040
-27.927	49.940
-27.927	49.780
POLYLINE GREEN
-27.747	49.780
-27.847	49.760
-27.887	49.780
-27.927	49.760
-27.947	49.840
-27.927	49.880
POLYLINE GREEN
-27.067	49.840
-27.107	49.820
-27.167	49.860
-27.307	49.880
-27.347	49.960
-27.347	50.020
-27.287	50.080
POLYLINE GREEN
-26.427	50.080
-26.587	50.120
-26.707	50.240
-26.667	50.340
-26.627	50.380
POLYLINE GREEN
-25.907	50.220
-25.987	50.240
-26.067	50.240
-26.147	50.320
-26.047	50.440
POLYLINE GREEN
-25.227	50.400
-25.227	50.360
-25.307	50.400
-25.347	50.380
-25.447	50.480
-25.467	50.520
-25.427	50.600
POLYLINE GREEN
-24.687	50.500
-24.687	50.540
-24.867	50.580
-24.887	50.660
-24.887	50.760
-24.867	50.800
POLYLINE GREEN
-24.067	50.640
-24.167	50.660
-24.247	50.800
-24.247	50.920
-24.147	50.980
POLYLINE GREEN
-23.107	50.840
-23.187	50.900
-23.207	51.020
-23.147	51.120
POLYLINE GREEN
-22.627	50.900
-22.827	50.940
-22.867	50.980
-22.847	51.120
-22.807	51.160
POLYLINE GREEN
-22.227	51.060
-22.307	51.080
-22.347	51.180
-22.307	51.260
-22.267	51.280
POLYLINE GREEN
-21.627	51.180
-21.667	51.180
-21.807	51.320
-21.827	51.400
-21.767	51.440
POLYLINE BROWN
-21.787	49.300
-21.867	49.420
-21.867	49.560
-21.927	49.820
-21.927	50.040
-21.947	50.140
-21.987	50.340
-22.007	50.420
-22.007	50.580
-22.067	50.700
-22.087	50.820
-22.047	50.860
-21.967	50.860
-21.827	50.960
-21.667	50.960
-21.627	51.000
-21.427	51.040
-21.387	51.020
-21.247	51.200
-21.207	51.320
-21.227	51.420
-21.227	51.500
-21.267	51.620
-21.327	51.700
-21.567	51.700
-21.647	51.680
-21.727	51.700
-21.927	51.640
-22.167	51.520
-22.247	51.420
POLYLINE BROWN
-21.767	48.780
-21.847	48.840
-21.867	48.920
POLYLINE BROWN
-21.647	48.200
-21.647	48.280
-21.667	48.360
POLYLINE BROWN
-21.527	47.480
-21.527	47.680
POLYLINE BROWN
-21.527	46.500
-21.547	46.540
-21.527	46.640
POLYLINE BROWN
-21.607	45.880
-21.607	45.940
-21.527	46.200
POLYLINE BROWN
-21.807	45.540
-21.727	45.600
POLYLINE BROWN
-22.087	45.520
-22.047	45.500
POLYLINE BROWN
-22.287	45.740
POLYLINE BROWN
-22.407	46.060
-22.387	46.020
POLYLINE BROWN
-22.547	46.480
-22.527	46.300
POLYLINE BROWN
-22.707	46.660
POLYLINE BROWN
-22.747	47.140
-22.727	47.060
POLYLINE BROWN
-22.747	47.540
-22.707	47.420
POLYLINE BROWN
-22.807	48.060
-22.787	48.000
POLYLINE BROWN
-25.907	50.100
-25.807	50.160
-25.727	50.180
-25.647	50.200
-25.507	50.200
-25.347	50.260
-25.227	50.240
-25.147	50.260
-24.927	50.280
-24.707	50.340
-24.427	50.420
-24.387	50.460
-24.147	50.500
-24.087	50.480
-23.987	50.500
-23.827	50.540
-23.787	50.560
-23.707	50.540
-23.607	50.560
-23.527	50.620
-23.447	50.620
-23.367	50.660
-23.267	50.660
-22.987	50.740
-22.827	50.800
-22.747	50.620
-22.747	50.540
-22.727	50.500
-22.787	50.340
-22.787	50.220
-22.767	50.140
-22.747	49.980
-22.747	49.720
-22.767	49.640
-22.747	49.600
-22.767	49.520
-22.767	49.320
-22.787	49.240
-22.687	48.980
-22.647	48.840
-22.667	48.760
-22.687	48.600
-22.687	48.520
-22.707	48.440
-22.707	48.340
POLYLINE BROWN
-27.047	50.420
-26.967	50.420
-26.747	50.500
-26.667	50.520
-26.547	50.560
-26.487	50.600
-26.247	50.620
-26.107	50.660
-25.867	50.700
-25.827	50.720
-25.727	50.720
-25.627	50.740
-25.327	50.800
-24.947	50.900
-24.627	50.980
-24.467	51.040
-24.287	51.080
-24.167	51.120
-24.067	51.120
-23.787	51.220
-23.727	51.220
-23.647	51.240
-23.567	51.260
-23.487	51.280
-23.347	51.280
-23.267	51.300
-23.007	51.300
-22.907	51.280
-22.827	51.300
-22.567	51.360
-22.527	51.380
-22.427	51.380
-22.347	51.420
-22.307	51.400
-22.187	51.460
-22.107	51.460
-21.987	51.520
POLYLINE BLACK
-29.281	49.289
-29.274	49.303
-29.239	49.317
-29.225	49.317
POLYLINE BLACK
-29.190	49.128
-29.106	49.212
POLYLINE BLACK
-29.239	49.184
-29.204	49.226
-29.169	49.240
POLYLINE BLACK
-29.309	49.261
-29.295	49.261
-29.246	49.282
POLYLINE BLACK
-29.351	49.338
-29.295	49.366
-29.232	49.408
POLYLINE BLACK
-29.428	49.422
-29.414	49.422
-29.358	49.471
-29.330	49.485
-29.309	49.485
POLYLINE BLACK
-29.463	49.513
-29.463	49.527
-29.400	49.569
-29.386	49.569
POLYLINE BLACK
-29.533	49.597
-29.484	49.611
-29.477	49.625
-29.456	49.625
-29.442	49.632
POLYLINE BLACK
-29.127	49.177
-29.127	49.191
-29.211	49.282
-29.253	49.317
-29.260	49.338
-29.309	49.394
-29.337	49.457
-29.379	49.513
-29.456	49.618
-29.456	49.632
-29.484	49.674
POLYLINE BLACK
-29.117	49.224
-29.087	49.209
-28.937	49.299
-28.907	49.299
-28.802	49.344
-28.742	49.344
-28.667	49.359
-28.577	49.359
-28.517	49.374
-28.427	49.389
-28.022	49.479
-27.962	49.479
-27.932	49.494
-27.887	49.494
-27.647	49.569
-27.572	49.569
-27.212	49.674
-27.167	49.674
-27.032	49.719
-26.957	49.764
-26.837	49.779
-26.777	49.794
-26.732	49.824
-26.657	49.839
-26.507	49.884
-26.462	49.884
-26.192	49.989
-26.087	50.004
-25.862	50.079
-25.742	50.124
-25.712	50.124
POLYLINE BLACK
-29.672	49.899
-29.597	49.779
-29.537	49.689
-29.507	49.659
-29.447	49.704
-29.417	49.704
-29.342	49.749
-29.282	49.749
-29.222	49.779
-29.192	49.779
-29.072	49.839
-29.042	49.824
-28.982	49.869
-28.922	49.869
-28.802	49.914
-28.667	49.914
-28.532	49.959
-28.502	49.944
-28.337	49.974
-28.307	49.974
-28.277	49.989
-28.202	49.989
-28.127	50.019
-28.067	50.019
-27.887	50.094
-27.842	50.094
-27.812	50.124
-27.677	50.184
-27.602	50.184
-27.062	50.349
-27.017	50.349
-26.987	50.364
-26.942	50.364
POLYLINE BLACK
-27.947	47.574
-28.067	47.679
-28.097	47.694
-28.127	47.739
-28.187	47.784
-28.247	47.874
-28.397	48.054
-28.457	48.159
-28.637	48.384
-28.652	48.429
-28.682	48.444
-28.847	48.699
-28.892	48.804
-28.982	48.924
-29.012	48.984
-29.042	48.999
-29.132	49.149
-29.132	49.179
-29.072	49.149
-29.042	49.149
POLYLINE BLACK
-20.817	54.644
-20.802	54.704
-20.802	54.764
-20.772	54.854
-20.772	54.899
-20.742	54.989
-20.682	55.034
-20.667	55.064
-20.637	55.079
-20.592	55.139
-20.592	55.169
-20.622	55.199
-20.652	55.184
-20.682	55.199
-20.742	55.169
-20.772	55.169
-20.862	55.109
-20.892	55.109
-21.072	55.064
-21.102	55.064
-21.162	55.049
-21.192	55.049
-21.252	55.034
-21.312	55.034
-21.417	54.989
-21.447	55.004
-21.537	54.944
POLYLINE BLACK
-21.712	54.219
-21.672	54.199
-21.552	54.239
-21.472	54.179
-21.392	54.179
-21.352	54.199
-21.152	54.059
-21.112	53.839
-21.112	53.519
-21.132	53.419
-21.132	53.259
-21.112	53.179
-21.112	53.119
-21.092	53.019
-21.072	52.679
-21.072	52.339
-21.052	52.259
-21.052	51.559
-21.032	51.479
-21.032	51.399
-21.052	51.319
-21.052	50.719
-21.072	50.679
-21.052	50.599
-21.012	50.559
-20.972	50.579
-20.892	50.559
-20.772	50.599
-20.752	50.639
-20.672	50.639
-20.592	50.679
-20.552	50.799
-20.552	50.999
-20.612	51.199
-20.612	51.259
-20.672	51.499
-20.672	51.639
-20.632	51.799
-20.632	51.959
-20.612	52.099
-20.612	52.179
-20.632	52.259
-20.632	53.179
-20.652	53.319
-20.652	53.439
-20.672	53.479
-20.672	53.659
-20.692	53.739
-20.712	53.959
-20.712	54.159
-20.732	54.239
-20.732	54.319
-20.772	54.499
-20.772	54.579
-20.792	54.659
-20.792	54.699
POLYLINE BLACK
-22.812	53.939
-22.832	54.019
-22.872	54.179
-22.872	54.339
-22.732	54.479
-22.652	54.539
-22.572	54.539
-22.492	54.619
-22.412	54.639
-22.152	54.739
-21.872	54.819
-21.832	54.859
-21.712	54.879
-21.652	54.919
-21.532	54.939
-21.492	54.979
-21.412	54.959
POLYLINE BLACK
-21.612	54.179
-21.572	54.139
-21.692	54.199
-21.732	54.199
-21.892	54.059
-21.912	53.999
-21.952	53.999
-21.992	53.959
-21.992	53.839
-22.052	53.779
-22.332	53.699
-22.372	53.699
-22.412	53.739
-22.492	53.739
-22.532	53.759
-22.572	53.739
-22.652	53.799
-22.732	53.819
-22.832	53.919
-22.852	53.999
-22.852	54.039
POLYLINE BLACK
-21.272	54.139
-21.232	54.099
-21.192	54.099
-21.132	53.999
-21.132	53.719
-21.112	53.639
-21.132	53.299
-21.112	53.239
-21.132	53.159
-21.132	53.059
-21.112	52.979
-21.092	52.779
-21.072	52.699
-21.072	52.639
-21.052	52.559
-21.052	52.019
-21.072	51.919
-21.072	51.759
-21.092	51.679
-21.072	51.539
-21.132	51.339
-21.132	50.959
-21.152	50.879
-21.132	50.819
-21.152	50.779
-21.092	50.659
-21.092	50.619
POLYLINE BLACK
-21.692	54.119
-21.612	54.119
-21.572	54.099
-21.532	54.119
-21.492	54.099
-21.452	54.139
-21.252	54.139
POLYLINE GREEN
-21.732	54.159
-21.692	54.199
-21.652	54.359
-21.552	54.519
-21.472	54.559
-21.412	54.439
-21.392	54.359
-21.332	54.119
POLYLINE CONNECT
-21.452	54.589
-28.361	47.048
POLYLINE BLACK
-27.162	46.059
-27.152	46.079
POLYLINE BLACK
-27.292	46.279
-27.242	46.349
POLYLINE BLACK
-27.372	46.419
-27.312	46.499
POLYLINE BLACK
-27.492	46.609
-27.482	46.629
-27.442	46.639
-27.422	46.649
POLYLINE BLACK
-27.572	46.759
-27.552	46.759
-27.492	46.809
POLYLINE BLACK
-27.682	46.919
-27.662	46.939
-27.642	46.939
-27.622	46.959
POLYLINE BLACK
-27.742	47.049
-27.682	47.089
POLYLINE BLACK
-27.832	47.239
-27.812	47.239
-27.772	47.269
-27.752	47.269
POLYLINE BLACK
-27.892	47.339
-27.832	47.389
POLYLINE BLACK
-28.072	47.049
-27.982	47.139
POLYLINE BLACK
-27.922	46.859
-27.872	46.939
POLYLINE BLACK
-27.772	46.699
-27.762	46.739
-27.752	46.789
-27.732	46.809
POLYLINE BLACK
-27.672	46.549
-27.622	46.649
POLYLINE BLACK
-27.562	46.399
-27.562	46.419
-27.502	46.499
POLYLINE BLACK
-27.452	46.259
-27.402	46.359
POLYLINE BLACK
-27.282	46.099
-27.272	46.189
-27.262	46.209
POLYLINE BLACK
-27.072	45.999
-27.082	46.079
POLYLINE BLACK
-26.842	45.819
-26.862	45.829
-26.902	45.809
-26.962	45.849
-27.042	45.899
-27.082	45.909
-27.152	45.969
-27.182	45.999
-27.202	45.999
-27.222	46.019
-27.262	46.029
-27.342	46.089
-27.392	46.149
-27.482	46.279
-27.502	46.299
-27.522	46.299
-27.602	46.399
-27.632	46.469
-27.792	46.629
-27.862	46.719
-27.932	46.819
-27.992	46.899
-28.032	46.939
-28.122	47.029
-28.222	47.109
-28.232	47.139
-28.252	47.149
POLYLINE BLACK
-26.832	45.629
-26.832	45.629
-26.882	45.759
POLYLINE BLACK
-26.842	45.719
-26.892	45.819
-26.962	45.919
-27.042	46.029
-27.092	46.079
-27.192	46.209
-27.272	46.389
-27.362	46.519
-27.412	46.579
-27.452	46.649
-27.462	46.689
-27.472	46.729
-27.502	46.769
-27.522	46.819
-27.622	46.949
-27.712	47.099
-27.742	47.109
-27.812	47.259
-27.822	47.299
-27.852	47.389
-27.882	47.439
-27.942	47.559
POLYLINE BLACK
-26.862	44.989
-26.882	44.999
-26.902	44.989
-26.962	45.009
-26.982	44.999
-27.022	45.029
-27.172	45.059
-27.212	45.069
-27.272	45.099
-27.312	45.109
-27.412	45.189
-27.452	45.229
-27.542	45.349
-27.612	45.419
-27.672	45.499
-27.782	45.569
-27.882	45.639
-27.892	45.659
-27.942	45.669
-28.112	45.729
-28.292	45.889
-28.342	45.939
-28.492	46.039
-28.512	46.059
-28.532	46.059
-28.562	46.089
-28.592	46.109
-28.632	46.119
-28.662	46.149
-28.772	46.229
-28.862	46.269
-28.882	46.299
-28.922	46.309
-28.982	46.349
-29.002	46.349
-29.062	46.389
-29.202	46.409
-29.242	46.419
-29.302	46.419
-29.362	46.399
-29.382	46.409
-29.422	46.379
-29.452	46.379
-29.492	46.369
-29.532	46.369
-29.572	46.359
-29.662	46.359
-29.682	46.369
-29.732	46.369
-29.812	46.399
-29.852	46.389
-29.872	46.409
-29.902	46.409
-30.002	46.439
-30.062	46.479
-30.072	46.519
-30.062	46.559
-30.042	46.649
POLYLINE BLACK
-24.902	45.369
-24.922	45.359
-24.942	45.379
-24.982	45.389
-25.022	45.379
-25.092	45.379
-25.152	45.339
-25.172	45.349
-25.192	45.339
-25.232	45.369
-25.292	45.349
-25.362	45.349
-25.402	45.359
-25.462	45.359
-25.572	45.429
-25.612	45.419
-25.652	45.429
-25.712	45.429
-25.762	45.439
-25.842	45.449
-26.042	45.449
-26.082	45.459
-26.122	45.459
-26.272	45.499
-26.332	45.509
-26.352	45.529
-26.432	45.549
-26.492	45.569
-26.502	45.589
-26.522	45.569
-26.602	45.569
-26.692	45.449
-26.772	45.409
-26.782	45.389
-26.802	45.389
-26.812	45.409
-26.802	45.429
-26.822	45.489
-26.812	45.569
-26.822	45.609
-26.842	45.629
-26.862	45.629
-26.872	45.649
POLYLINE BLUE
-25.202	45.569
-25.192	45.549
-25.222	45.519
-25.242	45.589
-25.202	45.549
-25.202	45.549
-25.252	45.529
-25.272	45.549
-25.352	45.549
-25.512	45.569
POLYLINE BLUE
-25.562	45.559
-25.502	45.569
-25.462	45.559
-25.502	45.529
-25.452	45.559
-25.412	45.559
-25.422	45.519
-25.362	45.549
-25.332	45.549
-25.312	45.559
-25.322	45.519
POLYLINE BLUE
-25.542	45.559
-25.552	45.539
POLYLINE BLUE
-25.432	45.549
-25.472	45.539
POLYLINE BLUE
-25.272	45.559
-25.312	45.559
POLYLINE BLUE
-25.252	45.549
-25.272	45.529
POLYLINE BLUE
-25.132	45.619
-25.172	45.579
POLYLINE BLUE
-25.172	45.579
-25.202	45.569
POLYLINE BLUE
-25.242	45.589
-25.252	45.549
POLYLINE BLUE
-25.312	45.579
-25.302	45.559
-25.352	45.499
POLYLINE BLUE
-25.372	45.579
-25.402	45.529
POLYLINE BLUE
-25.402	45.609
-25.442	45.549
POLYLINE BLUE
-25.452	45.609
-25.452	45.589
-25.492	45.549
POLYLINE BLUE
-25.482	45.649
-25.492	45.609
-25.542	45.549
POLYLINE BLUE
-25.532	45.649
-25.582	45.569
POLYLINE BLUE
-25.582	45.609
-25.652	45.549
POLYLINE BLUE
-25.682	45.579
-25.682	45.599
-25.672	45.579
-25.592	45.609
-25.482	45.609
-25.462	45.619
-25.422	45.609
-25.382	45.609
-25.362	45.619
-25.342	45.599
-25.242	45.599
-25.222	45.589
-25.132	45.609
POLYLINE BLACK
-24.142	47.979
-24.222	47.829
-24.222	47.809
-24.242	47.789
-24.272	47.639
-24.292	47.619
-24.302	47.579
-24.352	47.489
-24.362	47.449
-24.372	47.409
-24.372	47.379
-24.432	47.259
-24.512	47.139
-24.592	47.039
-24.592	46.999
-24.602	46.929
-24.572	46.799
-24.572	46.759
-24.622	46.609
-24.672	46.479
-24.702	46.439
-24.752	46.289
-24.872	46.169
-24.952	46.039
-24.992	45.839
-25.002	45.799
-25.012	45.759
-25.042	45.689
-25.062	45.669
-25.072	45.599
-25.212	45.499
-25.252	45.489
-25.332	45.499
-25.392	45.499
-25.412	45.489
-25.432	45.499
-25.452	45.489
-25.492	45.499
-25.532	45.499
-25.572	45.509
-25.592	45.509
-25.612	45.529
-25.632	45.529
-25.662	45.589
-25.652	45.629
-25.652	45.699
-25.642	45.739
-25.632	45.779
-25.592	45.869
-25.532	45.949
-25.522	45.999
-25.482	46.059
-25.472	46.119
-25.452	46.159
-25.452	46.189
-25.422	46.249
-25.422	46.289
-25.362	46.439
-25.332	46.489
-25.332	46.509
-25.302	46.579
-25.272	46.629
-25.242	46.709
-25.242	46.789
-25.212	46.929
-25.092	47.139
-25.062	47.189
-24.942	47.329
-24.892	47.419
-24.882	47.469
-24.822	47.639
-24.752	47.749
-24.742	47.799
-24.672	47.889
-24.622	47.969
-24.602	48.069
-24.552	48.149
POLYLINE BLACK
-25.372	44.109
-25.472	44.129
-25.512	44.129
-25.532	44.149
-25.562	44.149
-25.642	44.199
-25.662	44.219
-25.682	44.219
-25.822	44.309
-25.912	44.329
-26.012	44.399
-26.112	44.499
-26.132	44.509
-26.172	44.579
-26.332	44.679
-26.422	44.689
-26.522	44.729
-26.542	44.749
-26.562	44.749
-26.622	44.789
-26.672	44.819
-26.702	44.859
-26.722	44.859
-26.802	44.909
-26.822	44.909
-26.842	44.939
-26.862	44.929
-26.882	44.949
-26.902	44.949
-26.942	44.989
POLYLINE BROWN
-24.702	43.049
-24.802	43.069
POLYLINE BROWN
-24.302	43.039
-24.322	43.059
-24.342	43.039
-24.432	43.049
POLYLINE BROWN
-24.382	43.879
-24.422	43.889
-24.462	43.889
-24.572	43.929
-24.642	43.929
POLYLINE BROWN
-23.952	43.859
-24.062	43.899
-24.082	43.899
-24.162	43.929
-24.202	43.939
POLYLINE BROWN
-23.452	43.939
-23.492	43.929
-23.542	43.919
-23.642	43.919
POLYLINE BROWN
-23.472	44.009
-23.562	44.029
POLYLINE BROWN
-23.202	43.989
-23.242	44.009
-23.272	44.009
-23.312	44.029
-23.342	44.029
POLYLINE BROWN
-22.772	43.809
-22.832	43.829
-22.872	43.829
-23.012	43.899
POLYLINE BROWN
-22.432	43.779
-22.472	43.799
-22.522	43.789
POLYLINE BROWN
-21.792	42.749
-21.802	42.769
-21.852	42.769
-22.032	42.809
-22.112	42.829
-22.182	42.809
-22.202	42.819
-22.272	42.809
-22.362	42.809
-22.422	42.829
-22.492	42.829
-22.562	42.839
-22.662	42.859
-22.682	42.869
-22.752	42.869
-22.912	42.909
-23.032	42.909
-23.162	42.929
-23.252	42.929
-23.372	42.959
-23.392	42.949
-23.492	42.969
-23.552	42.969
-23.602	42.979
-23.652	42.979
-23.712	42.999
-23.742	42.999
-23.782	43.009
-23.892	43.029
-23.942	43.019
-23.982	43.009
-24.102	43.009
-24.122	42.999
-24.192	43.019
POLYLINE BLUE
-24.801	47.166
-24.801	47.152
POLYLINE GREEN
-24.178	48.104
-24.171	48.090
-24.185	48.090
-24.199	48.083
-24.192	48.055
-24.192	48.027
-24.164	48.006
-24.150	48.013
-24.136	47.999
-24.094	47.999
-24.059	47.992
-24.045	47.992
-24.017	47.985
-23.968	47.999
-23.954	47.992
-23.940	47.999
-23.926	47.992
-23.898	47.999
-23.870	47.999
-23.842	47.992
-23.807	47.992
-23.779	47.985
-23.751	47.985
-23.723	47.978
-23.695	47.985
-23.660	47.985
-23.625	47.978
-23.562	47.985
-23.534	47.985
-23.506	47.992
-23.457	47.985
-23.436	47.985
-23.408	47.992
-23.380	47.985
-23.366	47.985
-23.338	47.992
-23.324	48.006
-23.310	48.006
-23.282	48.013
-23.240	48.048
-23.240	48.062
POLYLINE BLACK
-24.486	49.560
-24.486	49.546
-24.465	49.630
-24.465	49.672
-24.472	49.700
-24.472	49.735
-24.479	49.763
-24.479	49.805
-24.486	49.833
-24.486	49.889
-24.465	49.959
-24.444	49.987
-24.402	50.008
-24.164	50.015
-24.108	50.036
-24.066	50.064
-24.059	50.078
-24.045	50.078
-23.996	50.134
-23.996	50.148
-23.989	50.176
-23.989	50.309
-23.996	50.337
-23.968	50.379
-23.968	50.393
-23.940	50.442
-23.940	50.456
-23.877	50.554
-23.863	50.610
-23.863	50.624
-23.870	50.652
-23.863	50.715
-23.863	50.743
-23.856	50.771
-23.856	50.785
-23.842	50.834
-23.821	50.862
-23.821	50.876
-23.807	50.883
-23.793	50.918
-23.737	50.953
-23.716	50.953
-23.660	50.974
-23.646	50.988
-23.632	50.988
-23.604	50.995
-23.590	50.995
-23.562	50.981
-23.506	50.981
-23.492	50.967
-23.478	50.974
-23.471	50.960
-23.457	50.960
-23.429	50.932
-23.415	50.932
-23.373	50.876
-23.338	50.806
-23.338	50.722
-23.345	50.694
-23.345	50.568
-23.338	50.533
-23.338	50.470
-23.331	50.442
-23.331	50.379
-23.324	50.351
-23.324	50.337
-23.317	50.309
-23.317	50.246
-23.303	50.204
-23.296	50.127
-23.303	50.113
-23.303	50.022
-23.289	49.980
-23.289	49.931
-23.282	49.917
-23.282	49.882
-23.275	49.847
-23.275	49.805
-23.254	49.763
-23.254	49.749
-23.247	49.735
-23.247	49.714
-23.233	49.686
-23.233	49.672
-23.226	49.644
-23.226	49.630
-23.219	49.602
-23.219	49.588
-23.212	49.560
-23.212	49.525
-23.205	49.497
-23.205	49.406
-23.212	49.378
-23.212	49.252
-23.205	49.217
-23.205	49.140
-23.198	49.112
-23.198	49.098
-23.191	49.070
-23.191	48.923
POLYLINE BLACK
-24.493	48.769
-24.493	48.818
-24.500	48.832
-24.493	48.881
-24.493	48.937
-24.486	48.965
-24.486	49.077
-24.493	49.091
-24.493	49.266
-24.500	49.280
-24.500	49.329
-24.493	49.343
-24.493	49.378
-24.486	49.413
-24.486	49.441
-24.479	49.476
-24.479	49.532
-24.472	49.546
-24.458	49.553
POLYLINE BLACK
-24.570	48.118
-24.556	48.125
-24.528	48.174
-24.521	48.209
-24.493	48.265
-24.493	48.286
-24.486	48.314
-24.486	48.328
-24.479	48.356
-24.479	48.377
-24.472	48.405
-24.472	48.454
-24.479	48.489
-24.479	48.629
-24.486	48.657
-24.486	48.671
-24.493	48.699
-24.493	48.727
-24.500	48.748
-24.493	48.776
-24.493	48.804
POLYLINE BLACK
-23.254	48.041
-23.254	48.069
-23.226	48.160
-23.219	48.188
-23.212	48.223
-23.184	48.335
-23.184	48.363
-23.177	48.391
-23.177	48.475
-23.184	48.489
-23.177	48.503
-23.184	48.531
-23.184	48.559
-23.191	48.573
-23.191	48.713
-23.198	48.741
-23.198	48.783
-23.205	48.811
-23.205	48.853
-23.212	48.888
-23.212	48.902
-23.219	48.916
POLYLINE GREEN
-23.884	48.076
-23.814	48.048
-23.772	48.055
-23.758	48.062
-23.751	48.076
-23.737	48.076
-23.702	48.118
-23.646	48.188
-23.604	48.209
-23.604	48.223
-23.562	48.258
-23.548	48.258
-23.534	48.251
-23.520	48.258
-23.506	48.251
-23.478	48.209
-23.464	48.202
-23.457	48.188
-23.443	48.181
-23.436	48.160
-23.408	48.153
-23.394	48.153
-23.366	48.160
-23.352	48.153
-23.338	48.160
-23.310	48.139
-23.289	48.097
-23.275	48.083
-23.058	47.999
POLYLINE GREEN
-24.178	48.062
-24.164	48.090
-24.164	48.153
-24.157	48.181
-24.157	48.209
-24.178	48.251
-24.178	48.265
-24.206	48.321
-24.206	48.349
-24.213	48.384
-24.213	48.412
-24.206	48.440
-24.206	48.461
-24.178	48.531
-24.157	48.573
POLYLINE GREEN
-23.828	48.573
-23.807	48.531
-23.793	48.517
-23.793	48.503
-23.786	48.489
-23.758	48.468
-23.730	48.405
-23.730	48.349
-23.744	48.300
-23.758	48.258
-23.779	48.230
-23.807	48.216
-23.835	48.174
-23.863	48.153
-23.877	48.097
-23.877	48.055
-23.884	48.027
-23.884	48.013
POLYLINE GREEN
-24.003	48.755
-23.989	48.741
-23.975	48.748
-23.891	48.692
-23.863	48.650
-23.842	48.594
-23.842	48.580
-23.828	48.552
-23.828	48.531
POLYLINE GREEN
-24.003	48.748
-24.031	48.741
-24.059	48.741
-24.087	48.734
-24.150	48.664
-24.178	48.601
-24.178	48.587
-24.192	48.573
-24.192	48.538
POLYLINE CONNECT
-24.021	48.739
-25.205	44.532
POLYLINE BLACK
-24.741	44.129
-24.721	44.149
-24.701	44.149
-24.661	44.179
-24.631	44.179
POLYLINE BLACK
-24.641	44.309
-24.601	44.309
-24.511	44.249
POLYLINE BLACK
-23.561	44.309
-23.591	44.309
-23.661	44.289
POLYLINE BLACK
-23.741	44.419
-23.731	44.379
-23.741	44.359
POLYLINE BLACK
-23.931	44.449
-23.911	44.409
POLYLINE BLACK
-24.141	44.449
-24.131	44.389
POLYLINE BLACK
-24.431	44.399
-24.421	44.419
-24.361	44.359
POLYLINE BLACK
-24.721	44.259
-24.681	44.259
-24.641	44.239
POLYLINE BLACK
-23.681	44.189
-23.661	44.169
POLYLINE BLACK
-23.871	44.199
-23.821	44.139
POLYLINE BLACK
-24.101	44.199
-24.071	44.149
POLYLINE BLACK
-24.321	44.129
-24.291	44.099
POLYLINE BLACK
-24.521	44.129
-24.491	44.039
POLYLINE BLACK
-24.591	44.029
-24.591	44.009
-24.611	44.029
-24.631	44.029
-24.741	44.139
-24.751	44.209
-24.741	44.249
-24.641	44.349
-24.571	44.389
-24.541	44.389
-24.481	44.419
-24.301	44.459
-24.231	44.459
-24.181	44.469
-24.141	44.469
-24.121	44.459
-24.101	44.469
-24.051	44.459
-24.011	44.459
-23.951	44.449
-23.881	44.449
-23.771	44.409
-23.741	44.409
-23.721	44.419
-23.681	44.389
-23.641	44.379
-23.541	44.289
-23.531	44.199
-23.611	44.119
-23.661	44.109
-23.681	44.089
-23.721	44.089
POLYLINE GREEN
-24.901	45.009
-24.881	45.009
-24.851	44.969
POLYLINE GREEN
-24.931	45.259
-24.931	45.229
-24.921	45.209
-24.921	45.169
-24.901	45.079
-24.901	45.039
-24.971	44.929
POLYLINE GREEN
-25.221	44.539
-25.201	44.529
-25.141	44.419
POLYLINE GREEN
-25.221	44.859
-25.201	44.819
-25.181	44.699
-25.181	44.659
-25.171	44.619
-25.171	44.559
-25.251	44.499
-25.301	44.429
POLYLINE GREEN
-24.811	45.009
-24.811	44.989
-24.871	44.939
-24.951	44.919
-24.991	44.929
-25.041	44.999
-25.041	45.059
-25.021	45.099
-24.971	45.129
-24.911	45.129
-24.871	45.119
-24.831	45.109
-24.771	45.059
-24.771	45.019
POLYLINE GREEN
-25.101	44.339
-25.141	44.319
-25.191	44.319
-25.231	44.309
-25.301	44.309
-25.361	44.359
-25.361	44.389
-25.381	44.429
-25.381	44.519
-25.341	44.609
-25.261	44.689
-25.211	44.709
-25.171	44.739
-25.121	44.749
-25.101	44.729
-25.081	44.729
-24.991	44.639
-24.961	44.579
-24.951	44.499
-24.991	44.409
-24.991	44.389
-25.101	44.279
-25.131	44.259
-25.171	44.259
-25.201	44.269
-25.221	44.259
POLYLINE BROWN
-23.571	44.189
-23.621	44.199
-23.671	44.229
-23.711	44.239
POLYLINE BROWN
-21.861	43.769
-21.921	43.779
POLYLINE BLACK
-22.721	45.089
-22.781	45.109
-22.891	45.079
-22.951	45.079
-23.061	45.059
-23.151	45.069
-23.271	45.109
-23.431	45.149
-23.501	45.189
-23.541	45.199
-23.771	45.289
-23.881	45.299
-23.951	45.319
-24.071	45.309
-24.221	45.339
-24.371	45.359
-24.471	45.379
-24.531	45.369
-24.561	45.369
-24.661	45.389
-24.701	45.379
-24.741	45.389
-24.771	45.389
-24.811	45.399
-24.991	45.399
POLYLINE BLACK
-22.671	43.809
-22.721	43.859
-22.821	43.929
-22.971	44.079
-22.991	44.079
-23.011	44.099
-23.031	44.099
-23.081	44.149
-23.121	44.159
-23.141	44.149
-23.161	44.169
-23.221	44.169
-23.301	44.129
-23.321	44.129
-23.341	44.109
-23.361	44.119
-23.441	44.089
-23.531	44.119
-23.591	44.139
-23.751	44.139
-23.771	44.129
-23.791	44.139
-23.861	44.139
-23.931	44.119
-24.001	44.119
-24.021	44.109
-24.041	44.119
-24.061	44.099
-24.101	44.099
-24.171	44.059
-24.251	44.049
-24.291	44.059
-24.341	44.049
-24.371	44.059
-24.391	44.049
-24.411	44.059
-24.471	44.039
-24.501	44.049
-24.581	44.029
-24.721	44.009
-24.761	43.989
-24.821	43.979
-24.861	43.989
-24.951	43.969
-25.001	43.979
-25.041	43.979
-25.171	44.019
-25.211	44.029
-25.331	44.069
-25.351	44.089
-25.371	44.089
POLYLINE BROWN
-24.441	44.019
-24.591	44.039
POLYLINE BROWN
-23.061	44.119
POLYLINE BROWN
-22.131	43.759
-22.231	43.769
-22.251	43.779
POLYLINE BROWN
-21.801	43.769
-21.821	43.759
-21.871	43.789
-21.891	43.779
POLYLINE BROWN
-20.521	42.409
-20.541	42.409
-20.621	42.469
-20.661	42.479
-20.701	42.509
-20.721	42.509
-20.741	42.529
-20.821	42.549
-20.891	42.569
-20.931	42.569
-20.971	42.589
-21.041	42.599
-21.081	42.609
-21.161	42.619
-21.181	42.629
-21.241	42.619
-21.261	42.639
-21.341	42.639
-21.381	42.649
-21.461	42.649
-21.501	42.659
-21.541	42.649
-21.601	42.689
-21.641	42.699
-21.761	42.739
-21.801	42.739
-21.841	42.749
-21.861	42.729
POLYLINE BROWN
-18.571	43.149
-18.471	42.929
-18.451	42.909
-18.531	42.939
-18.611	42.959
-18.671	42.989
-18.721	42.999
-18.801	43.019
-18.841	43.019
-18.861	43.029
-18.951	43.009
-18.991	43.009
-19.011	42.999
-19.031	43.009
-19.081	42.999
-19.101	43.009
-19.141	43.009
-19.181	42.999
-19.231	42.999
-19.251	43.009
-19.311	42.989
-19.471	42.959
-19.541	42.939
-19.631	42.929
-19.721	42.919
-19.761	42.919
-19.801	42.929
-19.901	42.909
-19.961	42.909
-20.071	42.859
-20.081	42.829
-20.211	42.789
-20.231	42.799
-20.291	42.779
-20.311	42.789
-20.331	42.779
-20.351	42.789
-20.371	42.779
-20.361	42.739
-20.321	42.719
-20.291	42.689
-20.271	42.679
POLYLINE BROWN
-15.801	36.729
-15.841	36.779
-15.881	36.879
POLYLINE BROWN
-15.681	36.509
-15.741	36.589
POLYLINE BROWN
-15.491	36.139
-15.511	36.209
-15.571	36.269
POLYLINE BROWN
-15.281	35.899
-15.321	35.919
-15.361	35.979
POLYLINE BROWN
-15.151	35.629
-15.191	35.719
POLYLINE BROWN
-14.991	35.389
-14.991	35.419
-15.061	35.469
POLYLINE BROWN
-15.101	35.299
-15.091	35.279
POLYLINE BROWN
-15.261	35.459
-15.221	35.419
POLYLINE BROWN
-15.431	35.649
-15.371	35.599
-15.361	35.569
POLYLINE BROWN
-15.601	35.899
-15.601	35.879
-15.541	35.819
POLYLINE BROWN
-15.791	36.079
-15.731	36.029
POLYLINE BROWN
-15.931	36.259
-15.881	36.199
-15.871	36.169
POLYLINE BROWN
-16.041	36.429
-16.021	36.419
-15.991	36.369
-15.991	36.349
POLYLINE BLUE
-19.381	41.249
-19.501	41.399
-19.551	41.549
-19.561	41.609
-19.581	41.629
-19.601	41.609
-19.661	41.659
-19.701	41.659
-19.721	41.689
-19.721	41.709
-19.771	41.789
-19.771	41.899
-19.761	41.939
-19.771	41.959
-19.811	41.959
-19.871	41.979
-19.891	41.969
-19.911	41.989
-19.941	41.989
-20.001	42.019
-20.041	42.079
-20.061	42.159
-20.131	42.309
-20.151	42.329
-20.151	42.289
-20.131	42.209
-20.131	42.149
-20.121	42.109
-20.171	42.329
-20.171	42.349
-20.161	42.329
-20.111	42.309
-20.051	42.259
-20.031	42.259
-20.021	42.239
POLYLINE BLUE
-16.441	37.319
-16.581	37.429
-16.631	37.539
-16.631	37.649
-16.641	37.689
-16.641	37.729
-16.661	37.769
-16.721	37.769
-16.761	37.779
-16.801	37.769
-16.851	37.789
-16.901	37.839
-16.921	37.899
-16.921	38.089
-16.941	38.169
-16.981	38.199
-17.061	38.219
-17.121	38.259
-17.251	38.419
-17.291	38.489
-17.301	38.439
-17.291	38.339
-17.261	38.249
-17.241	38.229
-17.241	38.209
-17.321	38.489
-17.231	38.479
-17.181	38.449
-17.161	38.459
-17.141	38.439
POLYLINE BLACK
-15.931	36.859
-16.091	37.059
-16.211	37.239
-16.211	37.279
-16.291	37.359
-16.311	37.439
-16.551	37.839
-16.711	38.099
-16.811	38.199
-17.031	38.479
-17.251	38.819
-17.391	38.979
-17.391	39.019
-17.451	39.119
-17.591	39.259
-17.791	39.559
-17.971	39.819
-18.231	40.079
-18.291	40.179
-18.571	40.499
-18.791	40.799
-18.931	40.939
-19.111	41.159
-19.271	41.379
-19.331	41.479
-19.471	41.659
-19.531	41.719
-19.611	41.859
-19.791	42.059
-20.071	42.399
-20.251	42.599
-20.311	42.659
-20.351	42.759
POLYLINE BLACK
-20.611	42.639
-20.491	42.359
-20.231	42.059
-20.111	41.979
-19.911	41.739
-19.851	41.679
-19.711	41.479
-19.631	41.359
-19.631	41.299
-19.431	41.019
-19.411	40.959
-19.211	40.759
-19.031	40.499
-18.811	40.219
-18.811	40.179
-18.691	40.019
-18.611	39.879
-18.411	39.599
-18.371	39.499
-18.311	39.479
-18.251	39.399
-18.251	39.359
-18.151	39.239
-18.011	39.039
-17.851	38.839
-17.791	38.739
-17.571	38.439
-17.351	38.159
-17.311	38.079
-17.231	37.999
-17.071	37.799
-16.971	37.659
-16.911	37.599
-16.831	37.499
-16.831	37.459
-16.711	37.299
-16.651	37.199
-16.431	36.919
-16.431	36.879
-16.311	36.719
-16.091	36.499
-16.071	36.459
POLYLINE BLACK
-18.651	44.059
-18.611	44.099
-18.511	44.099
-18.431	44.119
POLYLINE BLACK
-18.551	43.279
-18.431	43.179
POLYLINE BLACK
-18.551	43.619
-18.511	43.639
-18.371	43.599
POLYLINE BLACK
-18.531	43.879
-18.371	43.879
POLYLINE BLACK
-18.751	44.079
-18.671	44.099
-18.631	44.099
POLYLINE BLACK
-18.651	44.459
-18.471	44.279
POLYLINE BLACK
-18.731	42.979
-18.611	43.179
-18.571	43.299
-18.571	43.479
-18.551	43.519
-18.571	43.599
-18.571	43.679
-18.551	43.759
-18.551	43.819
-18.571	43.899
-18.791	44.219
-18.851	44.279
-18.851	44.319
-18.751	44.419
-18.591	44.499
-18.471	44.519
-18.431	44.499
POLYLINE BLACK
-18.351	44.479
-18.511	44.519
-18.571	44.519
-18.851	44.599
-18.931	44.599
-18.991	44.619
-19.031	44.599
-19.291	44.659
-19.371	44.719
-19.511	44.739
-19.831	44.839
-20.011	44.879
-20.131	44.899
-20.311	44.879
-20.351	44.899
-20.731	44.899
-20.811	44.919
-21.071	44.919
-21.251	44.979
-21.311	44.959
-21.471	45.019
-21.511	44.999
-21.691	45.039
-21.871	45.039
-22.051	45.059
-22.191	45.059
-22.231	45.079
-22.371	45.059
-22.451	45.059
-22.551	45.079
-22.631	45.059
-22.711	45.079
-22.751	45.059
-22.791	45.079
POLYLINE BLACK
-19.031	43.059
-19.211	43.159
-19.291	43.159
-19.411	43.219
-19.531	43.239
-19.571	43.279
-19.651	43.299
-19.871	43.399
-19.971	43.399
-20.031	43.439
-20.251	43.479
-20.331	43.499
-20.431	43.499
-20.591	43.539
-20.771	43.559
-20.851	43.579
-20.951	43.579
-21.071	43.619
-21.171	43.619
-21.291	43.659
-21.391	43.679
-21.431	43.659
-21.491	43.679
-21.531	43.659
-21.611	43.679
-21.751	43.679
-21.831	43.659
-21.971	43.659
-22.051	43.679
-22.231	43.659
-22.391	43.659
-22.491	43.679
-22.571	43.699
-22.691	43.799
-22.731	43.799
POLYLINE GREEN
-17.941	43.094
-17.941	43.064
-18.031	43.004
-18.136	43.004
-18.166	43.034
-18.196	43.034
-18.256	43.094
-18.256	43.154
-18.226	43.214
-18.211	43.289
-18.121	43.349
-18.061	43.334
-18.031	43.349
-17.911	43.304
-17.911	43.274
-17.881	43.244
-17.881	43.169
-17.956	43.019
-18.016	43.019
POLYLINE GREEN
-17.326	47.024
-17.251	47.189
-17.251	47.249
-17.206	47.444
-17.206	47.504
-17.191	47.534
-17.191	47.579
-17.161	47.639
-17.071	47.609
-17.086	47.564
-17.041	47.474
-17.041	47.414
-17.026	47.354
-17.071	47.219
-17.071	47.159
-17.041	47.039
-16.996	46.979
POLYLINE BLACK
-17.461	46.394
-17.431	46.394
-17.371	46.409
-17.341	46.409
-17.221	46.469
-17.161	46.514
-17.131	46.499
-16.981	46.589
-16.966	46.619
-16.936	46.619
-16.846	46.694
-16.816	46.679
-16.741	46.799
-16.741	46.829
-16.726	46.889
-16.786	46.934
-17.026	46.934
-17.056	46.919
-17.116	46.934
-17.176	46.979
-17.236	46.979
-17.266	46.964
-17.296	46.979
-17.311	47.009
-17.401	47.009
-17.461	47.039
-17.491	47.039
POLYLINE BLACK
-17.356	45.359
-17.386	45.329
-17.446	45.329
-17.626	45.479
-17.671	45.569
-17.671	45.599
-17.656	45.659
-17.656	45.689
-17.626	45.779
-17.626	45.854
-17.551	46.064
-17.461	46.244
-17.461	46.274
-17.431	46.364
-17.431	46.439
-17.446	46.499
-17.446	46.529
-17.461	46.589
-17.461	46.724
-17.491	46.844
-17.491	46.949
-17.476	47.009
-17.476	47.099
-17.461	47.069
POLYLINE BLACK
-17.386	45.284
-17.356	45.284
-17.296	45.254
-17.266	45.269
-17.146	45.224
-17.116	45.239
-17.086	45.209
-17.026	45.239
-16.966	45.239
-16.936	45.254
-16.906	45.239
-16.756	45.284
-16.726	45.269
-16.696	45.284
-16.681	45.254
-16.666	45.284
-16.606	45.299
-16.576	45.299
-16.546	45.314
-16.471	45.524
-16.426	45.614
-16.426	45.644
-16.396	45.704
-16.396	46.034
-16.381	46.094
-16.381	46.304
-16.336	46.394
-16.336	46.424
-16.291	46.514
-16.291	46.574
-16.276	46.634
-16.276	46.919
-16.291	46.949
-16.291	46.994
-16.306	47.024
POLYLINE BLACK
-17.491	47.009
-17.491	47.174
-17.431	47.294
-17.431	47.354
-17.371	47.549
-17.341	47.609
-17.281	47.609
-17.221	47.654
-17.191	47.654
-17.161	47.669
-17.146	47.699
-17.146	47.669
-17.086	47.699
-17.056	47.699
-16.981	47.804
-16.951	47.834
-16.951	47.864
-16.906	48.044
-16.906	48.074
-16.891	48.104
-16.891	48.149
-16.861	48.209
-16.861	48.239
-16.681	48.614
-16.636	48.674
-16.576	48.839
-16.576	48.869
-16.546	48.929
-16.546	48.974
-16.516	49.004
-16.516	49.034
-16.471	49.169
-16.471	49.199
-16.426	49.289
-16.426	49.319
-16.366	49.469
-16.276	49.604
-16.156	49.709
-16.156	49.739
-16.096	49.784
-16.081	49.814
-16.021	49.784
-15.991	49.784
-15.961	49.799
-15.901	49.739
-15.901	49.649
-15.871	49.589
-15.871	49.529
-15.901	49.484
-15.901	49.454
-15.946	49.304
-15.991	49.154
-15.991	49.109
-16.006	49.049
-16.006	49.019
-16.021	48.959
-16.021	48.929
-16.081	48.779
-16.096	48.749
-16.126	48.734
-16.171	48.629
-16.171	48.524
-16.156	48.464
-16.156	48.404
-16.171	48.344
-16.156	48.299
-16.171	48.239
-16.171	48.119
-16.141	48.059
-16.141	47.954
-16.126	47.924
-16.126	47.684
-16.111	47.624
-16.111	47.459
-16.186	47.339
-16.276	47.279
-16.291	47.249
-16.261	47.189
-16.261	47.099
-16.276	47.069
-16.276	46.994
-16.261	46.934
POLYLINE CONNECT
-16.891	46.944
-18.720	43.781
POLYLINE BLACK
-16.411	43.794
-16.411	43.734
-16.471	43.734
-16.981	43.164
-16.981	43.164
-16.891	43.074
-16.501	42.864
-16.291	42.654
-16.141	42.564
-16.111	42.504
-15.931	42.774
-15.841	43.014
-15.661	43.284
-15.571	43.374
-15.811	43.524
-16.321	43.824
POLYLINE BLACK
-14.851	43.374
-14.851	43.284
-14.701	42.774
-14.611	42.504
-14.581	42.384
-14.401	42.444
-14.101	42.444
-13.981	42.414
-13.771	42.474
-13.801	42.624
-13.831	42.894
-13.861	43.014
-13.861	43.254
-13.891	43.344
-13.951	43.284
-14.131	43.344
-14.431	43.284
-14.701	43.254
-14.761	43.224
POLYLINE BLACK
-12.901	42.834
-12.901	42.714
-12.931	42.534
-12.931	41.874
-12.871	41.814
-12.721	41.844
-12.391	41.784
-12.121	41.784
-12.001	41.814
-11.971	41.964
-12.001	42.354
-11.971	42.474
-11.971	42.534
-12.031	42.504
-12.151	42.534
-12.331	42.564
-12.481	42.594
-12.661	42.594
-12.721	42.654
-12.781	42.624
POLYLINE BLACK
-10.711	41.514
-10.771	41.514
-10.981	41.754
-11.071	41.904
-11.131	41.934
-11.131	41.994
-11.011	42.024
-10.501	42.294
-10.291	41.904
-10.081	41.514
-10.291	41.484
-10.411	41.514
-10.951	41.514
POLYLINE BLACK
-18.361	44.454
-18.181	44.514
-18.061	44.484
-17.791	44.484
-17.731	44.454
-17.671	44.484
-17.551	44.454
-17.431	44.424
-17.371	44.454
-17.191	44.394
-17.071	44.364
-16.951	44.334
-16.471	44.244
-16.351	44.184
-16.231	44.214
-16.111	44.184
-15.961	44.154
-15.841	44.184
-15.631	44.124
-15.211	44.124
-15.091	44.154
-14.851	44.124
-13.891	44.124
-13.831	44.154
-13.681	44.124
-13.561	44.124
-13.441	44.094
-13.111	44.124
-13.051	44.124
-12.991	44.184
-12.751	44.154
-12.421	44.154
-12.361	44.124
-12.301	44.154
-12.121	44.094
-12.061	44.034
-11.821	44.064
-11.701	44.034
-11.581	44.064
-11.461	44.034
-11.341	44.034
-11.221	44.004
-11.041	44.004
-10.981	43.944
-10.801	43.944
-10.741	43.974
POLYLINE BLACK
-19.111	43.074
-19.051	43.104
-18.811	43.014
-18.751	43.044
-18.691	42.984
-18.571	42.984
-18.331	42.864
-18.091	42.804
-17.911	42.714
-17.791	42.684
-17.671	42.654
-17.371	42.594
-17.311	42.534
-17.221	42.534
-17.041	42.444
-16.951	42.444
-16.681	42.354
-16.561	42.324
-16.411	42.324
-16.051	42.144
-15.961	42.144
-15.721	41.994
-15.571	41.994
-15.241	41.844
-15.001	41.844
-14.791	41.784
-14.731	41.724
-14.611	41.724
-14.311	41.634
-14.191	41.604
-13.921	41.514
-13.651	41.394
-13.291	41.304
-13.021	41.214
-12.811	41.214
-12.631	41.124
-12.511	41.154
-12.391	41.154
-12.211	41.094
-11.911	41.034
POLYLINE BLACK
-1.471	39.864
-1.451	39.824
-1.211	39.824
-1.171	39.804
POLYLINE BLACK
1.589	35.304
1.589	35.244
1.509	34.924
1.689	34.884
1.949	34.764
1.989	34.724
1.989	34.784
2.129	35.284
1.709	35.384
1.629	35.404
1.569	35.424
POLYLINE BLACK
0.609	36.264
0.749	36.284
POLYLINE BLACK
0.589	36.304
0.749	35.784
0.749	35.724
0.769	35.644
0.769	35.604
1.109	35.604
1.289	35.584
1.329	35.564
1.349	35.664
1.289	35.964
1.249	36.264
1.209	36.364
1.129	36.344
0.829	36.304
0.789	36.244
POLYLINE BLACK
-0.351	38.084
-0.251	38.004
-0.231	37.944
0.329	37.264
0.429	37.284
0.729	37.504
0.969	37.704
1.009	37.704
0.749	38.064
0.489	38.524
0.449	38.524
0.349	38.464
0.269	38.444
0.129	38.364
-0.051	38.324
-0.231	38.244
-0.431	38.104
-0.571	37.964
POLYLINE BLACK
-1.451	39.844
-1.451	39.724
-1.271	39.064
-1.191	39.004
-1.091	39.004
-0.911	38.964
-0.691	38.904
-0.631	38.904
-0.511	38.864
-0.431	38.864
-0.411	38.964
-0.411	39.064
-0.431	39.144
-0.431	39.364
-0.451	39.464
-0.451	39.664
-0.731	39.764
-1.231	39.844
-1.231	39.804
POLYLINE BLACK
-2.611	42.144
-2.151	41.224
-1.771	41.444
-1.691	41.464
-1.391	41.644
-1.371	41.684
-1.571	41.944
-1.631	41.984
-1.751	42.144
-1.931	42.324
-2.011	42.444
-2.031	42.404
-2.071	42.404
-2.211	42.324
-2.431	42.204
-2.511	42.144
POLYLINE BLACK
-4.471	41.884
-4.331	41.184
-4.331	41.084
-3.851	41.084
-3.511	40.964
-3.471	40.944
-3.431	41.104
-3.431	41.264
-3.451	41.524
-3.451	41.664
-3.431	41.864
-3.431	41.904
-3.771	41.884
-4.371	41.964
-4.471	41.944
POLYLINE BLACK
-5.691	43.624
-5.431	43.064
-5.271	42.724
-4.991	42.984
-4.931	43.004
-4.791	43.124
-4.691	43.184
-4.651	43.184
-4.631	43.284
-4.611	43.424
-4.651	43.744
-4.711	43.864
-4.811	43.824
-4.991	43.824
-5.271	43.764
-5.531	43.684
-5.611	43.624
POLYLINE BLACK
-7.171	42.424
-6.971	41.864
-6.951	41.784
-6.911	41.744
-6.771	41.744
-6.251	41.944
-6.151	41.984
-6.071	41.984
-6.031	42.004
-6.071	42.204
-6.231	42.604
-6.271	42.624
-6.371	42.624
-6.991	42.464
POLYLINE BLACK
-8.111	43.804
-8.031	43.704
-7.931	43.444
-7.911	43.204
-7.911	43.104
-7.891	43.024
-7.891	42.964
-7.671	43.024
-7.371	43.004
-7.311	43.064
-7.311	43.404
-7.351	43.884
-7.451	43.884
-7.811	43.804
-8.071	43.784
-8.151	43.724
POLYLINE BLACK
-8.691	41.964
-8.731	41.944
-8.911	41.984
-9.091	42.104
-9.111	42.144
-9.031	42.284
-8.951	42.584
-8.931	42.684
-8.851	42.704
-8.671	42.664
-8.571	42.664
-8.431	42.624
-8.251	42.644
-8.171	42.644
-8.291	42.344
-8.471	42.024
-8.551	41.964
-8.671	42.024
-8.771	42.044
POLYLINE BLACK
4.039	29.344
4.039	29.384
4.049	29.424
4.049	29.764
4.059	29.824
4.059	29.914
4.069	29.954
4.079	29.994
4.079	29.974
4.149	29.874
4.189	29.794
4.249	29.514
4.279	29.424
4.309	29.384
4.309	29.364
4.229	29.394
4.209	29.384
4.189	29.394
4.149	29.384
4.049	29.364
4.029	29.374
4.009	29.364
POLYLINE BLACK
4.659	29.394
4.739	29.294
4.819	29.234
4.839	29.234
4.879	29.194
5.189	28.614
5.129	28.514
5.109	28.494
5.069	28.484
4.989	28.444
4.969	28.454
4.929	28.444
4.889	28.454
4.829	28.434
4.779	28.434
4.759	28.424
4.719	28.434
4.619	28.454
4.539	28.484
4.499	28.524
4.449	28.524
4.389	28.574
4.369	28.574
4.259	28.684
4.129	28.814
4.019	28.924
3.999	28.974
3.949	29.034
POLYLINE BLACK
3.909	29.054
3.769	29.244
3.719	29.334
3.669	29.444
3.659	29.494
3.629	29.574
3.619	29.624
3.579	29.744
3.519	29.934
POLYLINE BLACK
5.109	30.574
5.139	30.464
5.139	30.414
5.099	30.314
5.009	30.194
4.959	30.084
4.929	30.044
4.899	29.994
4.809	29.894
4.779	29.864
4.759	29.854
4.729	29.804
4.679	29.744
4.629	29.664
4.629	29.634
4.609	29.574
4.609	29.474
4.649	29.374
POLYLINE BLACK
4.199	31.624
4.069	31.754
3.989	31.834
POLYLINE BLACK
5.109	30.544
5.069	30.584
5.039	30.634
5.009	30.684
4.929	30.784
4.869	30.884
4.779	30.974
4.769	31.004
4.729	31.034
4.639	31.164
4.359	31.444
4.299	31.484
4.169	31.624
4.139	31.634
3.959	31.824
POLYLINE BLACK
3.259	31.044
3.409	30.774
3.419	30.734
3.429	30.694
3.429	30.614
3.439	30.544
3.449	30.434
3.469	30.344
3.469	30.314
3.479	30.274
3.479	30.214
3.499	30.124
3.499	30.084
3.539	29.964
3.549	29.924
3.569	29.864
POLYLINE GREEN
3.624	31.169
3.684	31.034
3.714	31.004
POLYLINE GREEN
3.594	31.364
3.609	31.304
3.609	31.124
3.564	31.034
POLYLINE GREEN
2.079	34.094
2.109	34.064
2.169	33.854
2.199	33.794
POLYLINE GREEN
2.004	34.484
2.004	34.454
2.064	34.184
2.064	34.124
2.079	34.094
1.989	33.959
1.929	33.839
POLYLINE GREEN
1.479	33.854
1.554	33.704
1.644	33.584
POLYLINE GREEN
1.464	34.214
1.464	33.974
1.479	33.854
1.479	33.794
1.449	33.779
1.419	33.734
1.254	33.584
POLYLINE GREEN
1.794	33.134
1.839	33.029
1.854	33.059
1.839	33.119
1.809	33.269
1.749	33.494
POLYLINE GREEN
1.944	32.999
POLYLINE GREEN
1.719	32.864
1.764	32.999
1.824	33.014
1.884	32.999
1.974	32.894
2.004	32.879
2.004	32.849
POLYLINE BROWN
3.354	31.004
3.324	31.034
3.264	31.034
3.234	31.049
3.204	31.034
3.099	31.094
3.009	31.154
2.979	31.154
2.964	31.199
2.814	31.319
2.694	31.409
2.649	31.409
2.559	31.484
2.439	31.544
2.259	31.679
2.169	31.739
2.139	31.739
2.109	31.769
POLYLINE BROWN
4.029	31.799
3.939	31.844
3.909	31.829
3.849	31.859
3.819	31.859
3.789	31.904
3.759	31.904
3.669	31.949
3.639	31.949
3.609	31.979
3.579	31.979
3.549	32.009
3.474	32.009
3.414	32.024
3.384	32.054
3.324	32.054
3.204	32.114
3.174	32.114
2.994	32.219
2.979	32.249
2.889	32.309
2.829	32.354
POLYLINE BROWN
1.629	29.624
1.529	29.424
POLYLINE BROWN
1.529	29.644
1.529	29.524
POLYLINE BROWN
1.709	29.884
1.689	29.804
1.629	29.684
POLYLINE BROWN
1.529	29.904
1.529	29.704
POLYLINE BROWN
1.769	30.004
1.769	29.924
POLYLINE BLACK
8.349	35.784
8.399	35.774
8.439	35.784
8.479	35.774
8.549	35.794
8.579	35.844
8.599	35.844
8.619	35.934
8.639	35.994
8.639	36.054
8.609	36.144
8.609	36.214
8.599	36.254
8.599	36.304
8.589	36.344
8.569	36.434
8.499	36.584
8.439	36.664
8.389	36.694
8.369	36.744
8.329	36.784
8.309	36.834
8.249	36.884
8.249	36.904
8.169	37.004
8.129	36.944
8.049	36.884
8.019	36.854
7.999	36.854
7.959	36.814
7.939	36.814
7.899	36.754
7.899	36.704
7.889	36.654
7.869	36.574
7.819	36.514
7.799	36.464
7.779	36.464
7.749	36.434
7.659	36.384
7.639	36.394
7.559	36.344
7.489	36.324
7.369	36.304
7.329	36.294
7.289	36.304
7.229	36.284
7.199	36.284
7.159	36.294
7.099	36.274
7.109	36.294
POLYLINE BLACK
8.069	35.794
8.069	35.774
8.029	35.774
7.979	35.784
7.789	35.784
7.699	35.794
7.669	35.794
7.629	35.784
7.579	35.794
7.539	35.784
7.499	35.794
7.459	35.784
7.429	35.784
7.349	35.804
7.299	35.804
7.279	35.794
7.259	35.814
7.169	35.814
7.059	35.864
6.999	35.874
6.949	35.954
6.949	36.144
7.039	36.234
7.079	36.244
POLYLINE GREEN
8.234	35.974
8.234	36.039
8.249	36.074
8.259	36.074
8.269	36.084
8.299	36.064
8.314	36.044
8.324	35.999
8.334	35.989
8.334	35.979
POLYLINE BLACK
8.329	35.999
8.309	36.004
8.274	35.994
8.244	35.994
8.204	35.979
8.189	35.979
8.169	35.969
8.129	35.969
8.109	35.979
8.074	35.974
8.064	35.969
8.059	35.949
8.059	35.784
8.079	35.779
8.094	35.779
8.104	35.774
8.124	35.779
8.184	35.779
8.234	35.764
8.279	35.764
8.299	35.759
8.319	35.764
8.349	35.764
8.359	35.759
8.359	35.809
8.349	35.849
8.349	35.874
8.344	35.904
8.344	35.924
8.339	35.949
8.339	35.989
8.319	35.984
8.309	35.989
8.294	35.984
POLYLINE CONNECT
8.289	36.074
1.832	33.130
POLYLINE BROWN
2.884	32.289
2.824	32.379
2.794	32.409
2.794	32.439
2.764	32.499
2.764	32.559
2.794	32.649
2.854	32.694
2.869	32.724
2.899	32.739
2.959	32.814
2.989	32.814
3.079	32.874
3.154	32.964
3.154	32.994
3.184	33.024
3.184	33.054
3.214	33.114
3.214	33.279
3.199	33.339
3.199	33.369
3.184	33.399
3.184	33.504
3.169	33.564
3.169	33.594
3.154	33.654
3.154	33.684
3.124	33.744
3.124	33.774
3.094	33.834
3.094	33.804
POLYLINE BROWN
1.759	30.069
1.759	30.069
1.759	30.234
1.789	30.294
1.789	30.324
1.819	30.444
1.819	30.489
1.864	30.579
1.864	30.624
1.879	30.684
1.879	30.804
1.894	30.864
1.894	30.939
1.909	30.999
1.909	31.059
1.924	31.119
1.924	31.149
1.939	31.179
1.939	31.224
1.984	31.374
1.999	31.434
1.999	31.464
2.029	31.599
2.029	31.629
2.044	31.689
2.044	31.719
2.059	31.779
2.149	31.659
2.179	31.599
2.179	31.569
POLYLINE BROWN
1.474	33.039
1.534	32.949
1.534	32.889
1.549	32.829
1.549	32.724
1.564	32.664
1.549	32.604
1.549	32.244
1.534	32.184
1.534	32.049
1.519	31.899
1.519	31.704
1.504	31.674
1.504	31.539
1.519	31.479
1.519	31.389
1.534	31.284
1.534	31.239
1.549	31.179
1.549	30.909
1.534	30.849
1.549	30.789
1.549	30.609
1.534	30.579
1.549	30.549
1.549	30.474
1.534	30.414
1.534	30.249
1.549	30.189
1.549	30.069
1.534	30.009
1.534	29.979
POLYLINE BLACK
1.474	32.994
1.399	33.129
1.399	33.159
1.324	33.279
1.249	33.399
1.174	33.564
1.144	33.594
1.129	33.669
0.814	34.089
0.634	34.359
0.469	34.584
0.424	34.689
0.394	34.719
0.139	35.274
0.094	35.334
0.064	35.409
0.064	35.454
-0.041	35.664
-0.251	36.204
-0.476	36.564
-0.551	36.699
-0.581	36.729
-0.611	36.804
-0.686	36.924
-0.701	36.969
-0.836	37.149
-0.911	37.269
-0.926	37.314
-0.971	37.374
POLYLINE BLACK
3.199	36.159
POLYLINE BLACK
3.424	36.174
POLYLINE BLACK
3.784	36.144
POLYLINE BLACK
4.369	36.339
POLYLINE BLACK
4.699	36.549
POLYLINE BLACK
4.429	38.034
POLYLINE BLACK
4.204	38.109
POLYLINE BLACK
3.544	36.369
POLYLINE BLACK
3.334	36.399
3.364	36.369
POLYLINE BLACK
3.079	36.474
POLYLINE BLACK
2.554	36.699
POLYLINE BLACK
2.989	36.204
POLYLINE ORANGE
3.861	36.920
POLYLINE BLACK
3.119	33.749
3.074	33.809
3.074	33.854
2.954	34.109
2.924	34.214
2.864	34.379
2.789	34.664
2.789	34.694
2.774	34.724
2.759	34.829
2.714	34.919
2.714	34.949
2.654	35.069
2.624	35.099
2.594	35.189
2.534	35.294
2.444	35.519
2.234	35.969
2.204	35.999
2.039	36.374
1.979	36.464
1.559	37.304
1.544	37.349
1.499	37.409
1.454	37.514
1.454	37.544
1.394	37.649
1.184	38.099
1.184	38.129
1.154	38.189
1.139	38.264
1.079	38.459
1.049	38.579
1.049	38.609
1.004	38.744
1.004	38.774
0.944	38.909
POLYLINE GREEN
2.674	42.179
2.664	42.219
2.644	42.299
2.694	42.469
2.694	42.509
2.684	42.549
2.694	42.569
POLYLINE GREEN
2.894	42.249
2.834	42.319
2.804	42.389
2.804	42.419
2.814	42.459
2.814	42.489
2.824	42.529
2.844	42.629
2.844	42.659
2.834	42.699
2.804	42.739
2.804	42.759
POLYLINE GREEN
2.994	41.989
2.984	42.029
2.954	42.079
2.924	42.199
2.934	42.239
2.994	42.349
2.994	42.389
3.004	42.429
3.004	42.499
2.954	42.649
2.954	42.719
2.934	42.779
2.944	42.819
2.934	42.869
2.934	42.929
3.014	43.049
3.024	43.159
3.014	43.179
POLYLINE GREEN
3.044	43.299
3.044	43.159
3.054	43.089
3.054	42.929
3.064	42.879
3.064	42.809
3.074	42.789
3.064	42.749
3.064	42.669
3.054	42.619
3.054	42.279
3.064	42.209
3.064	42.069
3.034	41.969
2.994	41.929
2.964	41.899
2.944	41.859
2.904	41.849
2.904	41.869
2.874	41.919
2.824	42.059
2.814	42.099
2.784	42.209
2.764	42.219
2.724	42.169
2.724	42.149
2.704	42.129
2.684	42.149
2.644	42.139
2.604	42.149
2.564	42.159
2.514	42.219
POLYLINE BLACK
3.594	43.459
3.564	43.489
3.544	43.669
3.544	43.739
3.534	43.789
3.534	43.929
3.514	43.949
3.514	43.989
3.504	44.029
3.504	44.069
3.484	44.149
3.484	44.199
3.474	44.239
3.444	44.209
3.344	44.039
3.344	44.009
3.334	43.969
3.314	43.809
3.294	43.749
3.294	43.719
3.284	43.679
3.294	43.639
3.284	43.589
3.284	43.509
3.274	43.489
3.234	43.479
3.104	43.389
3.074	43.379
2.974	43.259
2.964	43.219
2.904	43.149
2.884	43.109
2.884	43.039
2.874	42.999
2.864	42.929
2.824	42.809
2.754	42.709
2.724	42.649
2.694	42.639
2.684	42.609
2.624	42.569
2.534	42.439
2.534	42.419
2.454	42.259
2.464	42.219
2.544	42.129
2.584	42.039
2.594	41.979
2.464	41.859
2.444	41.859
2.384	41.809
2.324	41.789
2.264	41.739
2.184	41.679
2.114	41.559
POLYLINE BLACK
4.054	40.809
4.094	40.799
4.134	40.809
4.174	40.829
4.234	40.809
4.294	40.829
4.314	40.849
4.354	40.859
4.404	40.909
4.404	40.969
4.384	41.059
4.394	41.109
4.384	41.149
4.384	41.189
4.324	41.319
4.264	41.379
4.264	41.399
4.224	41.459
4.234	41.479
4.184	41.629
4.144	41.649
4.104	41.729
4.104	41.809
4.094	41.849
4.034	41.889
4.004	41.929
4.004	41.949
3.974	41.989
3.894	42.229
3.894	42.269
3.884	42.339
3.884	42.409
3.874	42.449
3.884	42.529
3.884	42.729
3.844	42.809
3.814	42.959
3.814	43.039
3.804	43.089
3.804	43.329
3.784	43.389
3.764	43.389
3.714	43.419
3.674	43.429
3.594	43.439
3.534	43.439
3.514	43.419
POLYLINE BLACK
4.154	40.829
4.104	40.779
4.014	40.759
3.954	40.759
3.854	40.789
3.784	40.789
3.684	40.829
3.614	40.829
3.574	40.849
3.534	40.839
3.494	40.859
3.434	40.839
3.334	40.819
3.314	40.839
3.204	40.829
3.164	40.829
3.114	40.839
3.074	40.839
3.034	40.829
2.934	40.859
2.904	40.859
2.884	40.849
2.844	40.859
2.824	40.859
2.814	40.879
2.774	40.869
2.694	40.889
2.654	40.869
2.614	40.889
2.574	40.879
2.484	40.879
2.464	40.889
2.444	40.879
2.404	40.889
2.324	40.899
2.284	40.909
2.244	40.919
2.164	40.919
2.104	40.939
2.064	40.939
2.024	40.949
1.904	40.959
1.804	40.989
1.764	40.999
1.754	41.019
1.734	41.009
1.724	41.049
1.704	41.069
1.754	41.159
1.754	41.239
1.784	41.269
1.874	41.349
1.914	41.379
1.934	41.379
1.964	41.419
1.984	41.419
2.024	41.459
2.024	41.479
2.064	41.499
2.104	41.599
POLYLINE GREEN
2.744	40.869
2.764	40.859
2.834	40.939
POLYLINE GREEN
3.404	40.839
3.324	40.889
3.304	40.909
POLYLINE GREEN
2.834	40.879
2.864	40.919
2.904	41.139
2.914	41.219
2.914	41.289
2.924	41.329
2.924	41.369
2.944	41.449
2.954	41.489
3.014	41.589
3.044	41.629
3.084	41.619
3.114	41.589
3.134	41.579
3.154	41.529
3.174	41.509
3.194	41.379
3.194	41.339
3.204	41.299
3.254	41.089
3.254	41.059
3.304	40.919
3.334	40.879
POLYLINE CONNECT
3.084	41.639
0.048	37.668
POLYLINE BLACK
-0.936	37.299
-1.016	37.419
-1.016	37.459
-1.056	37.559
-1.236	37.839
-1.376	38.019
-1.556	38.199
-1.696	38.419
-1.756	38.479
-1.836	38.599
-1.976	38.779
-2.556	39.379
-2.636	39.499
-2.896	39.759
-3.056	39.879
-3.156	39.979
-3.196	39.999
POLYLINE BLACK
1.144	38.599
1.044	38.719
0.724	39.359
0.544	39.879
0.544	39.939
0.344	40.459
0.344	40.519
0.004	41.339
-0.176	41.619
-0.216	41.719
-0.316	41.879
-0.356	41.899
POLYLINE BLACK
-0.716	49.339
-0.716	49.299
-0.796	49.249
-0.836	49.249
POLYLINE BLACK
-0.706	49.299
-0.676	49.329
-0.626	49.409
-0.626	49.449
-0.586	49.549
-0.566	49.569
-0.506	49.499
-0.476	49.439
-0.466	49.399
-0.386	49.249
-0.346	49.249
-0.326	49.239
-0.296	49.259
-0.276	49.259
POLYLINE BLACK
-0.656	49.279
-0.736	49.249
-0.776	49.259
-0.816	49.249
-0.896	49.259
-0.916	49.249
-0.936	49.259
-1.016	49.239
-1.106	49.229
-1.146	49.239
-1.166	49.229
-1.186	49.239
-1.226	49.229
-1.246	49.249
-1.306	49.229
-1.346	49.239
-1.386	49.239
-1.426	49.229
-1.466	49.189
-1.476	49.119
-1.476	48.989
-1.486	48.949
-1.496	48.899
-1.486	48.879
-1.496	48.859
-1.486	48.809
-1.496	48.779
-1.446	48.629
-1.396	48.569
-1.366	48.499
-1.366	48.469
-1.336	48.409
-1.326	48.369
-1.316	48.329
-1.326	48.289
-1.316	48.269
-1.326	48.219
-1.276	48.049
-1.256	47.939
-1.256	47.869
-1.246	47.829
-1.276	47.719
-1.286	47.679
-1.286	47.589
-1.296	47.549
-1.306	47.459
-1.306	47.339
-1.346	47.199
-1.346	47.119
-1.376	47.029
-1.406	46.949
-1.406	46.869
-1.416	46.829
-1.416	46.769
-1.426	46.729
-1.426	46.689
-1.446	46.609
-1.446	46.589
POLYLINE BLACK
-0.466	49.269
-0.466	49.289
-0.536	49.389
-0.566	49.469
-0.566	49.489
-0.576	49.449
-0.576	49.349
-0.606	49.259
-0.646	49.259
-0.666	49.269
POLYLINE BLACK
1.504	46.499
1.484	46.559
1.484	46.589
1.474	46.629
1.474	46.669
1.454	46.729
1.404	46.809
1.324	46.839
1.274	46.919
1.254	46.969
1.224	46.999
1.234	47.039
1.234	47.289
1.274	47.369
1.274	47.389
1.294	47.419
1.294	47.459
1.304	47.509
1.234	47.679
1.154	47.739
1.114	47.749
1.084	47.779
0.984	47.829
0.964	47.819
0.944	47.839
0.904	47.839
0.864	47.869
0.824	47.869
0.794	47.909
0.794	47.889
0.724	47.959
0.684	48.049
0.664	48.129
0.644	48.149
0.644	48.199
0.634	48.219
0.654	48.209
0.664	48.249
0.644	48.329
0.664	48.409
0.654	48.499
0.644	48.539
0.624	48.639
0.614	48.659
0.614	48.699
0.554	48.899
0.534	48.919
0.524	48.959
0.464	49.039
0.444	49.039
0.424	49.089
0.404	49.109
0.364	49.119
0.264	49.169
0.174	49.229
0.134	49.229
0.114	49.249
-0.016	49.259
-0.056	49.269
-0.096	49.269
-0.136	49.259
-0.176	49.269
-0.216	49.259
-0.236	49.269
-0.256	49.249
-0.346	49.259
-0.506	49.259
-0.526	49.249
POLYLINE BLACK
-1.386	46.089
-1.446	46.089
-1.476	46.159
-1.476	46.189
-1.496	46.209
-1.496	46.239
-1.516	46.329
-1.516	46.489
-1.486	46.549
-1.486	46.569
-1.456	46.619
-1.446	46.659
POLYLINE BLACK
-1.366	46.079
-1.326	46.069
-1.286	46.059
-1.236	46.069
-1.196	46.069
-1.136	46.049
-1.076	46.039
-1.056	46.049
-0.966	46.029
-0.816	46.019
-0.716	46.019
-0.626	46.029
-0.606	46.019
-0.566	46.029
-0.506	46.039
-0.436	46.019
-0.396	46.029
-0.346	46.019
0.174	46.019
0.344	46.039
0.394	46.049
0.434	46.049
0.484	46.059
0.514	46.059
0.574	46.079
0.664	46.069
0.704	46.079
0.754	46.069
0.794	46.079
0.834	46.069
0.874	46.079
0.904	46.079
0.984	46.059
1.004	46.069
1.064	46.039
1.114	46.049
1.174	46.039
1.194	46.049
1.234	46.029
1.254	46.039
1.294	46.029
1.314	46.039
1.404	46.019
1.444	46.029
1.494	46.079
1.514	46.159
1.534	46.269
1.534	46.339
1.514	46.419
1.514	46.449
1.504	46.419
POLYLINE CONNECT
-0.301	46.454
-1.278	41.038
POLYLINE BLACK
-6.331	46.174
-6.251	45.974
-6.351	45.974
-6.471	45.894
POLYLINE BLACK
-6.451	45.894
-6.411	45.854
-6.371	45.554
-6.351	45.394
-6.351	45.234
-6.331	45.154
-6.331	45.114
-6.211	45.414
-6.191	45.494
-6.111	45.834
-6.071	45.874
-6.071	45.914
-6.111	45.894
-6.191	45.914
-6.231	45.894
-6.271	45.914
-6.351	45.894
POLYLINE BLACK
-5.471	44.614
-5.611	44.754
-5.671	44.894
-5.711	44.934
-5.751	45.234
-5.771	45.314
-5.771	45.554
-5.651	45.954
-5.611	46.074
-5.571	46.134
-5.551	46.214
-5.451	46.314
-5.391	46.314
POLYLINE BLACK
-6.671	46.134
-6.791	45.974
-6.831	45.874
-7.011	45.594
-7.311	45.254
-7.451	45.054
-7.471	44.974
-7.591	44.814
-7.731	44.694
-7.831	44.594
-7.891	44.534
-7.931	44.514
POLYLINE BLACK
-5.991	44.614
-6.031	44.654
-6.151	44.614
-6.311	44.634
-6.391	44.634
-6.551	44.694
-6.691	44.694
-6.791	44.714
-6.911	44.734
-6.991	44.714
-7.031	44.714
POLYLINE GREEN
-6.111	46.234
-6.151	46.234
-6.191	46.194
-6.231	46.214
-6.271	46.194
-6.411	46.254
-6.511	46.374
-6.491	46.414
POLYLINE GREEN
-5.811	46.414
-5.891	46.334
-5.931	46.334
-6.031	46.394
-6.111	46.474
-6.171	46.554
-6.191	46.634
POLYLINE GREEN
-4.631	46.914
-4.631	46.874
-4.871	46.754
-4.951	46.774
-5.031	46.814
-5.011	46.894
-4.911	47.014
POLYLINE GREEN
-5.411	46.514
-5.491	46.534
-5.571	46.574
-5.711	46.754
POLYLINE GREEN
-5.111	46.594
-5.191	46.594
-5.331	46.654
-5.431	46.774
-5.411	46.854
-5.291	46.974
POLYLINE GREEN
-4.691	46.754
-4.831	47.034
POLYLINE GREEN
-4.411	47.034
-4.451	47.014
-4.491	47.034
-4.531	47.014
-4.571	47.034
-4.571	47.114
POLYLINE BLACK
-4.891	46.514
-4.851	46.514
-4.771	46.574
-4.731	46.574
-4.691	46.614
-4.611	46.614
-4.471	46.774
-4.331	46.914
-4.091	47.014
-4.011	47.074
-3.971	47.074
-4.031	47.134
-4.191	47.174
-4.291	47.174
-4.371	47.194
-4.531	47.234
-4.671	47.254
-4.871	47.254
-4.951	47.194
POLYLINE BLACK
-6.731	46.174
-6.731	46.094
-6.771	46.114
-6.931	46.034
-6.971	46.054
-7.131	46.014
-7.211	46.014
-7.291	46.054
-7.351	46.054
-7.511	46.174
-7.651	46.254
-7.671	46.354
-7.431	46.594
-7.391	46.654
-7.311	46.654
-7.231	46.734
POLYLINE BLACK
-5.451	46.314
-5.251	46.354
-5.111	46.394
-5.051	46.434
-4.851	46.474
-4.771	46.494
POLYLINE BLACK
-7.411	46.614
-7.371	46.594
-7.131	46.674
-7.051	46.714
-6.851	46.754
-6.691	46.834
-6.431	46.874
-6.311	46.874
-6.231	46.914
-6.071	46.934
-5.971	46.974
-5.851	46.994
-5.511	47.054
-5.311	47.094
-5.191	47.094
-4.871	47.154
POLYLINE BLACK
-0.391	41.934
-0.531	42.054
-0.751	42.194
-0.971	42.294
-1.091	42.314
-1.191	42.374
-1.231	42.374
-1.331	42.434
-1.431	42.474
-1.551	42.574
-1.591	42.574
-1.731	42.634
-2.011	42.814
-2.311	42.954
-2.611	43.194
-2.731	43.314
-2.791	43.334
-2.951	43.494
-3.431	43.794
-3.631	43.894
-3.851	44.034
-4.071	44.134
-4.231	44.234
-4.271	44.234
-4.411	44.314
-4.591	44.354
-4.631	44.394
-4.711	44.394
-4.891	44.454
-4.991	44.454
-5.311	44.534
-5.471	44.514
-5.571	44.514
-5.651	44.534
-5.791	44.534
-5.951	44.574
-6.111	44.574
-6.231	44.614
-6.271	44.614
POLYLINE BLACK
-3.131	39.914
-3.191	39.994
-3.271	40.014
-3.531	40.174
-3.691	40.214
-3.811	40.254
-3.891	40.274
-4.051	40.334
-4.111	40.334
-4.271	40.434
-4.351	40.454
-4.551	40.554
-4.631	40.574
-4.671	40.594
-4.711	40.574
-4.811	40.654
-4.971	40.694
-5.011	40.734
-5.171	40.734
-5.471	40.834
-5.751	40.874
-5.791	40.914
-5.911	40.914
-6.011	40.974
-6.091	40.974
-6.551	41.094
-6.671	41.094
-6.791	41.134
-6.911	41.094
-6.951	41.114
POLYLINE BLACK
-8.191	40.854
-8.211	40.934
-8.211	40.974
POLYLINE BLACK
-8.771	40.734
-8.771	40.814
-8.791	40.874
POLYLINE BLACK
-8.331	40.794
-8.351	40.934
POLYLINE BLACK
-8.551	40.774
-8.571	40.934
POLYLINE BLACK
-8.771	40.774
-8.791	40.854
POLYLINE BLACK
-8.931	40.654
-8.971	40.814
POLYLINE BLACK
-8.191	40.334
-8.191	40.494
-8.211	40.574
-8.191	40.654
-8.071	40.814
POLYLINE BLACK
-8.831	40.294
-8.951	40.574
-8.991	40.554
-9.031	40.594
-9.131	40.594
POLYLINE BLACK
-10.291	40.254
-10.191	40.354
-10.051	40.434
-10.011	40.414
-9.971	40.454
-9.891	40.454
-9.791	40.474
-9.711	40.474
-9.611	40.494
-9.531	40.514
-9.351	40.574
-9.251	40.574
-9.091	40.614
-8.991	40.634
-8.911	40.654
-8.831	40.654
-8.651	40.714
-8.591	40.714
-8.311	40.794
-8.231	40.794
-7.951	40.834
-7.791	40.854
-7.731	40.854
-7.651	40.874
-7.571	40.874
-7.351	40.934
-7.151	40.974
-7.071	40.994
-6.991	41.014
-6.911	41.034
-6.711	41.074
POLYLINE BLACK
-7.071	44.594
-7.311	44.494
-7.391	44.514
-7.471	44.514
-7.691	44.454
-7.771	44.454
-7.851	44.414
-7.911	44.414
-8.031	44.374
-8.111	44.374
-8.191	44.354
-8.331	44.354
-8.511	44.294
-8.671	44.294
-8.751	44.254
-8.791	44.274
-8.891	44.254
-9.111	44.254
-9.271	44.194
-9.371	44.194
-9.531	44.154
-9.591	44.154
-9.931	44.074
-10.011	44.054
-10.311	44.054
-10.431	44.014
-10.531	44.034
-10.611	43.994
-10.651	44.014
-10.771	43.974
-10.851	43.974
-10.891	43.994
-10.931	43.954
-10.971	43.954
-10.971	43.914
POLYLINE GREEN
-10.891	43.634
-10.891	43.824
-10.901	43.924
-10.901	43.994
-10.921	44.074
POLYLINE GREEN
-11.031	43.414
-11.021	43.394
-11.011	43.434
-10.951	43.524
-10.931	43.574
-10.891	43.634
-10.831	43.534
-10.791	43.394
-10.771	43.374
POLYLINE ORANGE
-10.801	43.594
-10.811	43.554
-10.881	43.494
-10.981	43.444
-11.001	43.454
-11.051	43.444
-11.091	43.444
-11.121	43.484
-11.121	43.534
-11.081	43.654
-11.041	43.714
-10.961	43.784
-10.841	43.864
-10.781	43.864
-10.731	43.814
-10.721	43.774
-10.721	43.714
-10.771	43.604
-10.811	43.544
-10.851	43.514
POLYLINE BLACK
-11.831	41.704
POLYLINE BLACK
-9.621	40.384
POLYLINE BLACK
-8.541	39.414
-8.561	39.414
-8.601	39.454
-8.641	39.464
-8.681	39.474
-8.761	39.474
-8.831	39.484
-8.871	39.494
-8.931	39.524
-8.951	39.524
-9.091	39.614
-9.111	39.614
-9.211	39.694
-9.321	39.794
-9.441	39.834
-9.531	39.884
-9.571	39.884
-9.631	39.924
-9.671	39.934
-9.711	39.964
-9.731	39.964
-9.751	39.984
-9.791	39.994
-9.901	40.044
-9.941	40.054
-10.101	40.144
-10.141	40.154
-10.201	40.194
-10.241	40.194
-10.271	40.224
-10.321	40.284
POLYLINE BLACK
-11.866	41.194
-11.866	41.164
-11.881	41.104
-11.791	40.909
-11.641	40.684
-11.506	40.459
-11.386	40.279
-11.266	40.084
-11.266	40.054
-11.176	39.979
-11.146	39.904
-11.116	39.889
-10.951	39.679
-10.786	39.484
-10.741	39.424
-10.696	39.409
-10.546	39.229
-10.396	39.109
-10.291	39.019
-10.276	38.989
-10.096	38.839
-10.081	38.794
-9.901	38.629
-9.856	38.614
-9.751	38.494
-9.736	38.449
-9.586	38.329
-9.391	38.074
-9.361	38.014
-9.301	37.969
-9.211	37.834
-9.121	37.774
-9.106	37.744
-9.076	37.729
-9.001	37.624
-8.971	37.609
-8.926	37.549
-8.851	37.504
-8.821	37.504
POLYLINE GREEN
3.578	33.469
3.578	33.441
3.550	33.413
3.522	33.413
3.508	33.399
3.494	33.399
3.480	33.392
3.466	33.399
3.438	33.385
3.410	33.385
3.382	33.378
3.368	33.378
3.354	33.392
3.298	33.378
3.256	33.350
3.242	33.343
POLYLINE BLACK
3.186	32.937
3.403	32.965
3.417	32.979
3.473	33.000
3.529	33.007
3.620	33.007
3.655	33.014
3.669	33.014
3.683	33.021
3.802	33.021
3.872	33.000
3.935	32.972
4.047	32.909
4.096	32.874
4.173	32.776
4.208	32.748
4.222	32.720
4.222	32.706
4.194	32.685
4.145	32.706
4.117	32.706
4.103	32.713
4.089	32.706
4.075	32.720
4.047	32.713
4.033	32.713
4.005	32.699
3.893	32.699
3.865	32.678
3.851	32.685
3.823	32.678
3.809	32.678
3.718	32.643
3.690	32.601
3.690	32.587
3.683	32.559
3.683	32.545
3.669	32.503
3.669	32.482
3.655	32.440
3.627	32.398
3.627	32.384
3.599	32.328
3.557	32.293
3.522	32.230
3.522	32.216
3.508	32.209
3.508	32.195
3.487	32.153
3.487	32.139
3.473	32.125
POLYLINE GREEN
3.501	34.519
3.515	34.463
3.515	34.449
3.522	34.435
3.522	34.414
3.536	34.358
3.536	34.337
3.543	34.309
3.543	34.295
3.550	34.267
3.550	34.253
3.557	34.225
3.557	34.197
3.564	34.169
3.571	34.120
3.578	34.092
3.578	34.050
3.585	34.036
3.585	34.015
3.599	33.987
3.599	33.959
3.606	33.931
3.606	33.917
3.620	33.861
3.697	33.875
3.711	33.924
3.711	33.952
3.718	33.980
3.718	34.008
3.732	34.064
3.732	34.078
3.746	34.134
3.746	34.169
3.753	34.197
3.753	34.239
3.760	34.267
3.760	34.330
3.767	34.358
3.767	34.491
3.774	34.519
3.774	34.547
3.781	34.561
3.781	34.582
POLYLINE GREEN
3.830	33.028
3.774	33.070
3.732	33.154
3.732	33.168
3.725	33.196
3.725	33.518
3.704	33.560
3.676	33.588
3.662	33.588
3.634	33.595
3.606	33.574
3.585	33.518
3.585	33.343
3.592	33.315
3.592	33.266
3.599	33.238
3.599	33.196
3.592	33.168
3.592	33.147
3.543	33.049
3.522	33.021
POLYLINE GREEN
3.459	32.174
3.473	32.167
3.515	32.195
3.550	32.265
3.578	32.307
3.599	32.349
3.606	32.412
3.606	32.433
3.627	32.489
3.627	32.503
3.648	32.545
3.676	32.587
3.676	32.650
3.683	32.664
3.697	32.664
3.711	32.678
3.725	32.678
3.739	32.671
3.774	32.685
3.802	32.685
3.858	32.699
3.928	32.699
3.956	32.692
3.984	32.692
4.012	32.685
4.082	32.685
4.096	32.692
4.124	32.685
4.152	32.706
4.166	32.734
4.166	32.748
4.173	32.776
4.173	32.790
4.152	32.832
4.103	32.888
4.047	32.916
4.019	32.916
3.977	32.944
3.949	32.944
3.900	33.000
3.886	33.000
3.879	33.014
3.823	33.014
3.809	33.007
3.795	33.014
3.767	33.007
3.739	33.007
3.725	33.014
3.697	33.007
3.669	33.014
3.634	33.021
3.606	33.014
3.564	33.014
3.550	33.007
3.515	33.007
3.487	33.000
3.459	33.007
3.438	33.007
3.424	33.000
3.396	33.007
3.368	33.007
3.340	33.000
3.319	33.007
3.291	33.000
3.263	33.000
3.249	32.993
3.221	33.000
3.207	32.993
POLYLINE BLACK
4.726	33.637
4.733	33.623
4.733	33.602
4.740	33.574
4.740	33.546
4.747	33.518
4.747	33.497
4.761	33.462
4.768	33.413
4.775	33.385
4.775	33.357
4.782	33.322
4.789	33.259
4.789	33.189
4.796	33.154
4.796	33.084
4.789	33.070
4.789	33.021
4.768	32.951
4.754	32.909
4.754	32.874
4.747	32.846
4.747	32.818
4.740	32.783
4.740	32.713
4.747	32.685
4.747	32.671
4.761	32.636
4.761	32.622
4.775	32.594
4.775	32.573
4.817	32.510
4.817	32.489
4.845	32.440
4.845	32.426
4.852	32.398
4.852	32.384
4.824	32.328
4.824	32.314
4.803	32.258
4.803	32.244
4.796	32.230
4.796	32.209
4.782	32.181
4.782	32.167
4.768	32.167
4.761	32.132
4.719	32.118
POLYLINE BLACK
3.795	34.575
3.830	34.547
3.844	34.547
3.872	34.540
3.907	34.540
3.935	34.526
3.963	34.526
4.005	34.498
4.089	34.428
4.180	34.330
4.264	34.197
4.278	34.148
4.278	34.134
4.299	34.085
4.299	34.071
4.369	33.924
4.369	33.910
4.404	33.847
4.453	33.805
4.509	33.763
4.537	33.749
4.558	33.749
4.600	33.728
4.628	33.728
4.642	33.721
4.712	33.637
4.740	33.595
4.740	33.595
POLYLINE BLACK
3.249	33.637
3.249	33.693
3.256	33.707
3.256	33.784
3.263	33.847
3.263	33.875
3.270	33.903
3.270	33.924
3.284	33.952
3.284	33.980
3.291	33.994
3.291	34.015
3.305	34.043
3.305	34.064
3.319	34.120
3.319	34.162
3.326	34.176
3.326	34.197
3.354	34.267
3.403	34.372
3.424	34.400
3.424	34.414
3.480	34.477
3.536	34.505
3.564	34.526
3.578	34.526
3.669	34.561
3.767	34.561
3.795	34.568
3.851	34.540
3.865	34.540
3.879	34.533
POLYLINE BLACK
3.277	33.630
POLYLINE BLACK
3.207	32.209
3.193	32.209
3.165	32.314
3.165	32.440
3.172	32.454
3.165	32.482
3.172	32.510
3.172	32.692
3.179	32.720
3.179	32.811
3.186	32.839
3.186	32.937
3.193	32.993
3.193	33.140
3.200	33.168
3.200	33.203
3.214	33.245
3.214	33.266
3.242	33.350
3.242	33.413
3.249	33.427
3.249	33.462
3.256	33.490
3.256	33.567
3.263	33.595
3.263	33.637
POLYLINE BLACK
4.705	32.090
4.691	32.090
4.663	32.083
4.635	32.090
4.621	32.090
4.593	32.097
4.565	32.090
4.530	32.104
4.460	32.104
4.425	32.111
4.376	32.111
4.341	32.097
4.313	32.097
4.271	32.111
4.257	32.104
4.222	32.111
4.194	32.104
4.166	32.104
4.131	32.118
4.033	32.118
3.998	32.111
3.949	32.111
3.921	32.104
3.774	32.104
3.760	32.097
3.739	32.097
3.725	32.090
3.711	32.097
3.690	32.090
3.662	32.097
3.613	32.097
3.585	32.104
3.515	32.104
3.501	32.097
3.396	32.097
3.382	32.090
3.354	32.104
3.326	32.097
3.312	32.097
3.284	32.111
3.270	32.111
3.242	32.132
3.221	32.167
3.207	32.174
POLYLINE CONNECT
3.634	33.596
-8.748	38.003
POLYLINE BLACK
-8.126	39.106
-8.136	39.066
-8.196	38.976
POLYLINE BLACK
-8.266	39.206
-8.316	39.106
POLYLINE BLACK
-8.366	39.306
-8.416	39.196
-8.416	39.176
POLYLINE BLACK
-8.506	39.356
-8.496	39.316
-8.516	39.276
POLYLINE BLACK
-8.076	40.176
-8.076	40.196
-8.116	40.256
-8.126	40.336
-8.126	40.426
-8.116	40.466
POLYLINE BLACK
-8.546	39.416
-8.566	39.476
-8.586	39.496
-8.586	39.536
-8.606	39.626
-8.626	39.706
-8.656	39.796
-8.716	40.036
-8.716	40.086
-8.756	40.186
-8.756	40.216
-8.816	40.316
POLYLINE BLACK
-7.966	39.026
-8.086	39.536
-8.086	39.626
-8.076	39.676
-8.086	39.716
-8.076	39.756
-8.076	39.926
-8.086	39.966
-8.086	40.096
-8.096	40.136
-8.096	40.206
POLYLINE BLACK
-7.966	39.006
POLYLINE BLACK
-7.996	39.106
POLYLINE BLACK
-7.976	38.966
-8.006	38.996
-8.146	39.116
-8.216	39.156
-8.376	39.306
-8.416	39.316
-8.456	39.356
-8.496	39.366
-8.586	39.436
-8.606	39.446
POLYLINE BLACK
-7.886	37.551
-7.736	37.176
-7.646	37.176
-7.391	37.251
-7.331	37.266
-7.226	37.266
-7.211	37.296
-7.286	37.461
-7.316	37.491
-7.316	37.521
-7.406	37.656
-7.511	37.641
-7.586	37.641
-7.796	37.581
-7.871	37.521
POLYLINE BLACK
-4.946	34.851
-4.886	34.506
-4.871	34.476
-4.811	34.446
-4.766	34.461
-4.496	34.461
-4.466	34.446
-4.436	34.521
-4.436	34.881
-4.451	34.941
-4.511	34.971
-4.841	34.971
-4.871	34.956
POLYLINE BLACK
-5.201	35.706
-5.171	35.601
-5.141	35.346
-5.111	35.241
-5.021	35.241
-4.871	35.286
-4.766	35.286
-4.736	35.301
-4.706	35.286
-4.691	35.316
-4.796	35.661
-4.826	35.721
-4.841	35.796
-4.991	35.796
-5.111	35.736
POLYLINE BLACK
-6.356	35.691
-6.326	35.661
-6.176	35.331
-6.146	35.316
-6.041	35.376
-5.786	35.511
-5.741	35.571
-5.846	35.781
-5.951	35.916
-5.981	35.931
-6.251	35.706
-6.281	35.676
POLYLINE BLACK
-6.341	36.726
-6.341	36.726
-6.431	36.411
-6.416	36.381
-6.176	36.261
-6.056	36.216
-6.026	36.186
-5.996	36.201
-5.921	36.411
-5.921	36.486
-5.906	36.546
-5.906	36.681
-5.951	36.681
-6.011	36.726
-6.296	36.831
-6.431	36.846
POLYLINE BLACK
-7.301	36.801
-7.181	36.456
-7.181	36.426
-7.166	36.396
-7.106	36.396
-6.956	36.441
-6.896	36.441
-6.746	36.486
-6.761	36.591
-6.806	36.786
-6.806	36.831
-6.836	36.891
-6.866	36.891
-6.926	36.921
-7.121	36.876
-7.181	36.846
-7.256	36.771
POLYLINE BROWN
-7.301	38.391
-7.391	38.451
-7.721	38.766
-7.931	38.946
-7.961	38.961
-7.976	38.991
-8.036	39.036
POLYLINE BROWN
-7.346	38.436
POLYLINE BROWN
-8.381	36.996
-8.441	37.086
-8.501	37.131
-8.591	37.251
-8.681	37.311
-8.786	37.446
-8.846	37.491
-8.891	37.551
-8.921	37.566
-9.011	37.686
POLYLINE BROWN
-8.366	36.981
-8.306	36.891
-8.006	36.651
-7.886	36.576
-7.706	36.456
-7.676	36.441
-7.631	36.381
-7.571	36.336
-7.496	36.246
-7.436	36.231
-7.331	36.111
-7.091	35.916
-7.016	35.826
-6.986	35.781
-6.806	35.616
-6.761	35.556
-6.641	35.451
-6.506	35.301
-6.476	35.301
-6.326	35.181
-6.311	35.151
-5.906	34.836
-5.846	34.791
-5.816	34.791
-5.786	34.776
-5.771	34.746
-5.741	34.746
-5.651	34.686
-5.591	34.686
-5.531	34.641
-5.501	34.641
-5.456	34.581
-5.381	34.551
-5.306	34.461
-5.276	34.461
-5.231	34.401
-5.141	34.341
-5.081	34.266
-4.991	34.191
-4.946	34.131
-4.871	34.071
-4.841	34.071
POLYLINE BROWN
-5.031	33.746
-5.011	33.766
-5.001	33.806
-4.961	33.966
-4.961	34.026
-4.991	34.116
-5.071	34.246
-5.161	34.346
-5.191	34.376
-5.211	34.376
-5.261	34.426
-5.331	34.476
-5.351	34.476
-5.481	34.586
-5.501	34.586
-5.561	34.626
-5.581	34.626
POLYLINE BROWN
-4.751	33.396
-4.721	33.366
-4.681	33.376
-4.641	33.366
-4.621	33.356
-4.601	33.376
-4.581	33.356
-4.541	33.346
-4.481	33.326
-4.461	33.306
-4.421	33.296
-4.361	33.276
-4.321	33.236
-4.281	33.226
-4.201	33.166
-4.181	33.186
-4.141	33.176
-4.121	33.186
-4.081	33.176
-4.011	33.246
-3.961	33.306
-3.921	33.396
-3.921	33.436
-3.861	33.606
-3.831	33.756
-3.811	33.816
-3.811	33.846
-3.801	33.886
-3.781	33.996
-3.771	34.086
-3.761	34.176
-3.761	34.446
-3.771	34.486
-3.781	34.526
-3.851	34.776
-3.901	34.866
-3.921	34.906
POLYLINE BLACK
-7.331	38.421
-7.316	38.376
-7.241	38.331
-7.211	38.286
-7.151	38.241
-7.031	38.106
-7.001	38.091
-6.746	37.791
-6.656	37.716
-6.506	37.551
-6.461	37.521
-6.191	37.236
-6.041	37.101
-6.026	37.071
-5.981	37.056
-5.966	37.026
-5.801	36.891
-5.711	36.786
-5.651	36.741
-5.621	36.696
-5.531	36.636
-5.321	36.411
-5.246	36.351
-5.036	36.111
-4.706	35.796
-4.616	35.676
-4.436	35.511
-4.241	35.286
-3.956	34.911
-3.896	34.821
POLYLINE BLACK
-4.991	34.341
POLYLINE BLACK
-5.069	33.332
-5.055	33.339
-5.013	33.395
POLYLINE BLACK
-5.125	33.430
-5.069	33.472
POLYLINE BLACK
-5.139	33.605
-5.125	33.605
-5.083	33.570
-5.069	33.563
POLYLINE BLACK
-4.978	33.724
-4.943	33.682
-4.943	33.668
-4.929	33.654
-4.929	33.640
-4.922	33.626
POLYLINE BLACK
-4.796	33.738
-4.796	33.696
-4.789	33.668
-4.789	33.654
POLYLINE BLACK
-4.628	33.759
-4.628	33.773
-4.642	33.738
-4.663	33.717
POLYLINE BLACK
-4.551	33.612
-4.607	33.612
-4.621	33.605
POLYLINE BLACK
-4.600	33.451
-4.628	33.479
-4.642	33.479
-4.670	33.493
POLYLINE BLACK
-4.740	33.367
-4.768	33.423
POLYLINE BLACK
-4.901	33.283
-4.901	33.311
-4.915	33.346
-4.915	33.360
-4.922	33.374
POLYLINE BLACK
-4.782	33.332
-4.873	33.297
-4.887	33.297
-4.929	33.283
-4.957	33.290
-4.971	33.290
-4.985	33.283
-4.999	33.297
-5.027	33.297
-5.097	33.360
-5.111	33.388
-5.111	33.402
-5.132	33.444
-5.132	33.472
-5.139	33.486
-5.139	33.535
-5.125	33.577
-5.125	33.598
-5.104	33.626
-5.020	33.689
-5.006	33.689
-4.929	33.724
-4.887	33.724
-4.873	33.731
-4.824	33.731
-4.761	33.745
-4.733	33.745
-4.698	33.759
-4.677	33.759
-4.635	33.780
-4.607	33.773
-4.579	33.731
-4.565	33.703
-4.565	33.689
-4.558	33.661
-4.558	33.598
-4.565	33.570
-4.572	33.521
-4.586	33.493
-4.586	33.479
-4.614	33.423
-4.649	33.381
-4.663	33.381
-4.719	33.346
-4.733	33.346
-4.782	33.332
-4.796	33.332
-4.838	33.304
POLYLINE BROWN
-4.488	29.394
-4.488	29.414
POLYLINE BROWN
-4.748	29.394
-4.748	29.414
POLYLINE BROWN
-4.958	29.254
-4.998	29.364
POLYLINE BROWN
-4.918	28.984
-4.998	28.984
POLYLINE BROWN
-4.748	28.934
-4.758	28.904
POLYLINE BROWN
-4.408	29.284
-4.408	29.264
-4.428	29.274
-4.558	29.264
-4.628	29.274
-4.748	29.264
-4.828	29.244
-4.858	29.194
-4.888	29.164
-4.898	29.114
-4.878	29.014
-4.828	29.014
POLYLINE BROWN
-4.318	28.974
-4.408	28.974
-4.488	28.954
-4.658	28.964
POLYLINE BROWN
-3.938	28.854
-3.918	28.824
-3.918	28.744
POLYLINE BROWN
-4.098	28.874
-4.108	28.834
POLYLINE BROWN
-4.428	28.864
-4.458	28.824
POLYLINE BROWN
-4.108	28.834
POLYLINE BROWN
-3.658	28.794
-3.668	28.774
POLYLINE BROWN
-3.258	28.754
-3.278	28.714
POLYLINE BROWN
-2.928	28.764
-2.928	28.714
-2.938	28.674
POLYLINE BROWN
-3.058	29.244
-3.048	29.264
POLYLINE BROWN
-3.298	29.264
-3.278	29.304
POLYLINE BROWN
-3.638	29.274
-3.628	29.344
POLYLINE BROWN
-4.058	29.324
-4.058	29.344
-4.038	29.374
POLYLINE BROWN
-4.298	29.324
-4.298	29.394
POLYLINE BROWN
-2.768	29.224
-2.768	29.194
-2.748	29.144
-2.798	29.114
-2.818	29.124
-2.918	29.114
-3.048	29.134
-3.088	29.124
-3.178	29.134
-3.218	29.134
-3.278	29.144
-3.318	29.144
-3.368	29.164
-3.468	29.154
-3.578	29.164
-3.618	29.174
-3.638	29.194
-3.758	29.194
-3.818	29.214
-3.888	29.214
-3.928	29.224
-4.108	29.204
-4.208	29.214
-4.348	29.204
-4.418	29.214
POLYLINE BROWN
-2.768	28.794
-2.798	28.794
-2.838	28.804
-2.878	28.794
-2.928	28.804
-3.118	28.794
-3.138	28.794
-3.228	28.834
-3.448	28.854
-3.538	28.874
-3.608	28.874
-3.708	28.884
-3.758	28.874
-3.778	28.884
-3.908	28.884
-4.018	28.904
-4.108	28.894
-4.208	28.904
-4.298	28.914
POLYLINE BROWN
-2.568	28.694
-2.568	28.674
POLYLINE BROWN
-2.668	28.814
-2.728	28.764
POLYLINE BROWN
-2.628	29.064
-2.678	29.104
POLYLINE BROWN
-2.378	29.174
-2.398	29.214
POLYLINE BROWN
-1.998	29.064
-2.008	29.114
POLYLINE BROWN
-1.578	29.034
-1.588	29.134
POLYLINE BROWN
-1.248	28.974
-1.268	28.994
-1.268	29.124
POLYLINE BROWN
-0.958	28.864
-0.938	28.934
POLYLINE BROWN
-0.918	28.614
-0.888	28.614
-0.868	28.604
POLYLINE BROWN
-1.088	28.524
-1.048	28.484
POLYLINE BROWN
-1.368	28.524
-1.358	28.484
POLYLINE BROWN
-1.658	28.564
-1.658	28.524
POLYLINE BROWN
-1.998	28.584
-1.988	28.544
-1.988	28.514
POLYLINE BROWN
-2.268	28.634
-2.268	28.574
-2.278	28.554
POLYLINE BROWN
-1.058	28.674
-1.078	28.594
-1.198	28.594
-1.238	28.574
-1.278	28.594
-1.358	28.574
-1.538	28.554
-1.838	28.614
-1.918	28.634
-2.078	28.634
-2.278	28.694
-2.458	28.714
-2.578	28.814
-2.578	28.934
-2.498	28.994
-2.458	28.994
-2.418	29.034
-2.258	29.034
-2.178	29.014
-1.978	28.974
-1.838	28.974
-1.658	28.934
-1.458	28.934
-1.318	28.894
-1.238	28.894
-1.178	28.834
-1.138	28.834
-1.058	28.774
-1.018	28.774
-0.978	28.714
-0.998	28.634
-1.078	28.574
-1.238	28.554
POLYLINE BLACK
-0.548	28.624
-0.448	28.364
-0.488	28.364
-0.568	28.264
-0.608	28.204
-0.658	28.144
-0.788	27.924
-0.788	27.904
-0.858	27.784
-0.918	27.684
-0.958	27.604
-0.958	27.574
-0.968	27.534
-0.968	27.514
-0.988	27.494
-0.988	27.444
-0.998	27.404
-1.038	27.214
-1.058	27.134
-1.078	27.074
-1.078	26.984
POLYLINE BLACK
-0.198	26.644
-0.228	26.694
-0.238	26.734
-0.268	26.844
-0.298	26.974
-0.328	27.064
-0.328	27.084
-0.348	27.124
-0.348	27.154
-0.398	27.304
-0.438	27.474
-0.438	27.634
-0.428	27.714
-0.428	27.764
-0.418	27.804
-0.418	27.854
-0.408	27.944
-0.398	28.034
-0.388	28.074
-0.398	28.114
-0.388	28.184
-0.398	28.224
-0.418	28.334
-0.428	28.374
POLYLINE BLACK
1.362	26.574
1.362	26.654
1.332	26.804
1.322	26.904
1.262	27.174
1.232	27.264
1.202	27.384
1.182	27.414
1.112	27.624
1.012	27.844
0.942	27.954
0.872	28.104
0.852	28.154
0.712	28.324
0.532	28.514
0.492	28.584
0.422	28.684
0.382	28.724
0.352	28.754
0.262	28.824
0.222	28.844
POLYLINE BROWN
1.092	25.384
1.092	25.364
1.172	25.444
1.212	25.514
1.262	25.584
1.262	25.604
1.292	25.644
1.362	25.804
1.382	25.894
1.402	25.974
1.402	26.214
1.392	26.254
1.392	26.334
1.372	26.424
1.372	26.494
1.362	26.534
1.362	26.564
POLYLINE BROWN
1.112	25.334
1.072	25.324
0.952	25.324
0.862	25.344
0.692	25.464
0.562	25.574
0.332	25.864
0.182	26.044
0.092	26.154
0.002	26.284
-0.028	26.334
-0.058	26.374
-0.058	26.394
-0.158	26.544
-0.198	26.624
POLYLINE BLACK
-0.498	28.774
-0.518	28.714
-0.518	28.674
-0.538	28.634
-0.548	28.554
-0.608	28.414
-0.608	28.394
-0.568	28.384
-0.478	28.354
-0.448	28.354
-0.348	28.324
-0.298	28.404
-0.298	28.434
-0.258	28.554
-0.258	28.594
-0.248	28.644
-0.238	28.704
-0.268	28.734
-0.308	28.754
-0.348	28.744
-0.438	28.774
-0.458	28.764
-0.498	28.794
POLYLINE BLACK
-0.573	28.844
-0.543	28.814
-0.408	28.799
-0.243	28.799
-0.183	28.784
-0.078	28.814
-0.018	28.799
0.012	28.829
0.042	28.829
0.102	28.814
0.132	28.829
0.192	28.814
0.222	28.784
0.282	28.799
0.312	28.784
POLYLINE ORANGE
4.032	25.724
4.047	25.664
4.047	25.589
4.062	25.529
4.077	25.364
4.092	25.319
4.092	25.229
4.107	25.154
4.107	25.064
4.122	24.989
POLYLINE ORANGE
3.717	25.724
3.747	25.709
3.792	25.709
3.822	25.724
3.912	25.724
4.077	25.754
4.167	25.739
4.212	25.754
4.332	25.754
4.422	25.724
POLYLINE ORANGE
3.132	25.319
3.207	25.319
3.237	25.334
3.357	25.349
3.612	25.424
3.687	25.424
POLYLINE ORANGE
2.952	24.974
3.012	25.109
3.042	25.139
3.072	25.214
3.117	25.274
3.147	25.349
3.177	25.379
3.237	25.544
3.237	25.574
3.282	25.634
3.402	25.409
3.477	25.214
3.477	25.184
3.492	25.154
3.492	25.109
3.522	24.974
POLYLINE ORANGE
2.532	25.634
2.652	25.709
2.727	25.739
2.772	25.739
2.907	25.784
2.922	25.724
2.922	25.694
2.862	25.604
2.757	25.484
2.697	25.454
2.667	25.454
2.577	25.424
2.757	25.454
2.877	25.379
2.892	25.319
2.892	25.259
2.832	25.094
2.802	25.034
2.667	25.004
2.577	25.004
2.502	24.974
POLYLINE ORANGE
2.547	25.619
2.547	25.424
2.562	25.394
2.562	25.289
2.577	25.169
2.562	25.109
2.547	25.004
POLYLINE ORANGE
5.607	26.234
5.607	26.204
5.577	26.204
5.637	26.189
5.787	26.189
5.817	26.174
5.847	26.189
5.877	26.174
POLYLINE ORANGE
5.607	26.399
5.607	26.429
5.547	26.429
5.487	26.399
5.457	26.399
5.382	26.279
5.382	26.219
5.367	26.189
5.367	26.114
5.397	26.024
5.427	25.994
5.457	25.994
5.517	26.039
5.592	26.054
5.622	26.069
5.622	26.099
5.652	26.069
5.682	25.904
POLYLINE ORANGE
4.767	26.069
4.782	26.144
4.782	26.204
4.812	26.324
4.812	26.354
4.827	26.384
4.962	26.159
4.962	26.129
4.992	26.099
4.992	26.069
5.022	26.039
5.052	26.144
5.112	26.234
5.142	26.339
5.157	26.399
POLYLINE ORANGE
4.572	26.474
4.557	26.399
4.557	26.189
4.542	26.114
4.542	26.054
POLYLINE ORANGE
3.747	26.444
3.777	26.429
3.912	26.459
4.017	26.489
4.167	26.489
4.287	26.504
4.392	26.504
POLYLINE ORANGE
3.927	26.399
3.987	26.174
3.987	26.129
4.002	26.069
4.002	26.009
POLYLINE ORANGE
3.582	26.429
3.567	26.474
3.492	26.474
3.372	26.429
3.357	26.369
3.492	26.204
3.537	26.144
3.522	26.114
3.417	26.069
3.237	26.069
3.192	26.054
POLYLINE ORANGE
2.877	26.009
2.817	26.054
2.742	26.189
2.742	26.219
2.727	26.249
2.772	26.309
2.907	26.384
2.967	26.384
3.057	26.309
3.087	26.249
3.087	26.114
3.072	26.084
3.042	26.084
3.012	26.039
2.982	26.039
2.952	26.024
2.892	26.039
2.817	26.039
POLYLINE ORANGE
2.382	26.009
2.352	26.039
2.322	26.039
2.217	26.174
2.217	26.249
2.232	26.309
2.292	26.384
2.352	26.414
2.382	26.414
2.472	26.354
2.532	26.294
2.577	26.159
2.577	26.129
2.442	25.979
2.412	25.964
2.382	25.979
POLYLINE ORANGE
1.632	26.444
1.662	26.429
1.872	26.519
1.902	26.519
1.932	26.534
1.962	26.519
1.992	26.534
2.082	26.504
2.142	26.414
2.142	26.309
2.052	26.249
2.022	26.249
1.962	26.234
1.902	26.264
1.872	26.264
1.842	26.294
1.842	26.249
1.887	26.189
1.962	26.009
2.022	25.919
POLYLINE ORANGE
1.752	26.414
1.752	26.384
1.767	26.354
1.767	26.189
1.782	26.114
1.782	25.904
POLYLINE ORANGE
0.897	25.034
1.077	25.154
1.122	25.169
1.137	25.199
1.377	25.409
1.392	25.469
1.467	25.589
1.497	25.649
1.497	25.679
1.557	25.814
1.662	25.934
POLYLINE BLACK
-1.803	25.784
-1.773	25.769
-1.758	25.724
-1.668	25.649
-1.548	25.499
-1.443	25.469
-1.203	25.334
-1.128	25.304
-0.978	25.169
-0.888	25.109
-0.813	25.079
-0.693	24.974
-0.603	24.914
-0.513	24.884
-0.153	24.674
0.072	24.539
0.132	24.539
0.162	24.524
0.207	24.524
0.267	24.509
0.297	24.509
0.327	24.524
0.462	24.524
0.522	24.509
0.582	24.509
0.612	24.539
0.717	24.539
0.897	24.434
0.927	24.434
0.957	24.419
1.107	24.539
1.122	24.569
1.182	24.614
1.182	24.644
1.197	24.704
1.197	24.734
1.242	24.884
1.212	25.004
1.212	25.049
1.197	25.109
1.197	25.139
1.047	25.319
0.957	25.379
0.867	25.454
0.837	25.454
0.657	25.544
0.627	25.544
0.522	25.664
0.507	25.694
0.387	25.799
0.312	25.814
0.282	25.844
0.132	25.889
0.102	25.889
0.042	25.934
0.012	25.934
-0.108	26.039
-0.153	26.099
-0.378	26.264
-0.603	26.429
-1.098	26.999
-1.128	27.014
POLYLINE BLACK
-4.743	28.559
-4.743	28.349
-4.683	28.139
-4.518	27.929
-4.398	27.779
-4.308	27.644
-4.263	27.629
-4.233	27.554
-4.158	27.434
-4.113	27.374
-3.888	27.239
-3.873	27.209
-3.768	27.134
-3.678	26.999
-3.483	26.894
-3.453	26.894
-3.288	26.819
-3.258	26.819
-3.153	26.759
-3.003	26.639
-2.988	26.609
-2.928	26.564
-2.778	26.384
-2.718	26.339
-2.688	26.234
-2.688	26.204
-2.628	26.159
-2.568	26.174
-2.478	26.099
-2.403	25.994
-2.298	25.874
-2.208	25.829
-2.043	25.859
-1.923	25.919
-1.863	25.874
-1.743	25.724
POLYLINE BLACK
-4.878	29.639
-4.878	29.609
-4.773	29.279
-4.743	29.159
-4.743	29.099
-4.728	29.039
-4.728	28.979
-4.713	28.859
-4.713	28.829
-4.698	28.769
-4.698	28.739
-4.713	28.709
-4.713	28.574
-4.728	28.514
-4.728	28.484
-4.743	28.424
-4.743	28.394
-4.773	28.304
POLYLINE BLACK
-0.528	28.799
-0.513	28.769
-0.543	28.769
-0.603	28.784
-0.663	28.769
-0.753	28.769
-0.813	28.784
-0.858	28.784
-0.888	28.814
-0.948	28.799
-1.068	28.874
-1.098	28.859
-1.248	28.949
-1.278	28.949
-1.308	28.979
-1.338	28.979
-1.368	28.994
-1.413	28.994
-1.473	29.024
-1.503	29.024
-1.533	29.039
-1.578	29.039
-1.668	29.084
-1.698	29.084
-1.728	29.099
-1.833	29.099
-1.863	29.114
-1.893	29.099
-2.043	29.144
-2.118	29.144
-2.178	29.159
-2.313	29.159
-2.478	29.204
-2.508	29.204
-2.568	29.234
-2.613	29.234
-2.673	29.279
-2.703	29.279
-2.793	29.309
-2.823	29.339
-2.853	29.339
-2.883	29.369
-2.958	29.384
-2.988	29.384
-3.138	29.459
-3.258	29.564
-3.258	29.594
-3.318	29.654
POLYLINE BLACK
-5.433	27.629
-5.463	27.749
-5.478	27.884
-5.478	27.914
-5.493	27.974
-5.493	28.034
-5.508	28.064
-5.508	28.139
-5.523	28.169
-5.523	28.334
-5.553	28.394
-5.553	28.454
-5.583	28.514
-5.583	28.559
-5.628	28.649
-5.628	28.679
-5.718	28.874
-5.928	28.994
-5.988	29.009
-6.018	29.009
-6.108	29.054
-6.138	29.054
-6.198	29.084
-6.228	29.084
-6.288	29.114
-6.363	29.099
-6.423	29.144
-6.468	29.144
-6.588	29.234
-6.648	29.249
-6.828	29.369
-7.068	29.474
-7.158	29.474
-7.218	29.489
-7.248	29.474
-7.308	29.489
-7.353	29.489
-7.413	29.504
-7.473	29.504
-7.668	29.564
-7.698	29.564
-7.758	29.579
-7.788	29.579
-7.848	29.594
-7.878	29.594
-7.938	29.609
-8.163	29.609
-8.223	29.594
-8.283	29.594
-8.313	29.579
-8.373	29.594
-8.388	29.564
-8.448	29.579
-8.508	29.564
-8.538	29.564
-8.688	29.504
-8.718	29.489
-8.733	29.459
-8.763	29.444
-8.823	29.354
-8.913	29.294
-8.943	29.294
-9.063	29.204
-9.093	29.204
-9.183	29.129
-9.228	29.114
-9.243	29.084
-9.303	29.054
-9.348	29.054
-9.408	29.009
-9.438	29.009
-9.498	28.994
-9.558	28.994
-9.678	28.964
-9.708	28.964
-9.738	28.979
-9.813	28.949
-9.843	28.919
-9.873	28.919
-9.888	28.889
-9.978	28.829
-9.963	28.754
-9.963	28.664
-9.948	28.604
-9.948	28.184
-9.933	28.124
-9.933	28.094
-9.903	27.974
-9.903	27.884
-9.858	27.794
-9.828	27.779
-9.813	27.749
-9.753	27.734
-9.723	27.704
-9.633	27.704
-9.558	27.689
-9.498	27.719
-9.378	27.689
-9.348	27.704
-9.303	27.704
-9.243	27.674
-9.183	27.674
-9.078	27.629
-9.048	27.644
-8.988	27.629
-8.958	27.629
-8.898	27.614
-8.703	27.614
-8.673	27.599
-8.628	27.599
-8.598	27.614
-8.553	27.614
-8.493	27.599
-8.463	27.599
-8.403	27.614
-8.313	27.584
-8.253	27.599
-8.193	27.554
-8.013	27.554
-7.983	27.569
-7.953	27.539
-7.953	27.569
-7.833	27.599
-7.743	27.599
-7.713	27.614
-7.683	27.599
-7.653	27.629
-7.593	27.614
-7.533	27.644
-7.458	27.644
-7.398	27.659
-7.368	27.659
-7.338	27.674
-7.278	27.659
-7.203	27.659
-7.113	27.629
-6.888	27.629
-6.783	27.599
-6.753	27.599
-6.723	27.584
-6.543	27.584
-6.513	27.569
-6.483	27.584
-6.453	27.569
-6.378	27.569
-6.303	27.554
-6.273	27.554
-6.243	27.569
-5.808	27.569
-5.778	27.584
-5.733	27.584
-5.703	27.569
-5.643	27.584
-5.568	27.599
-5.538	27.614
-5.508	27.599
-5.418	27.644
-5.403	27.704
POLYLINE CONNECT
-8.113	27.574
-3.537	31.651
POLYLINE BLACK
-2.503	31.864
-2.533	31.894
-2.563	31.894
-2.683	31.969
-2.788	31.999
POLYLINE BLACK
-4.288	30.214
-4.288	30.184
-4.318	30.214
-4.378	30.394
POLYLINE BLACK
-4.213	30.199
-4.273	30.274
-4.348	30.529
POLYLINE BLACK
-4.168	30.229
-4.258	30.364
-4.273	30.409
POLYLINE BLACK
-4.318	30.124
-4.333	30.289
-4.363	30.454
POLYLINE BLACK
-4.333	30.169
-4.408	30.409
-4.408	30.604
POLYLINE BLACK
-4.213	30.259
-4.288	30.394
-4.333	30.529
POLYLINE BLACK
-4.213	30.259
-4.303	30.424
-4.333	30.514
-4.378	30.589
-4.408	30.679
POLYLINE BLACK
-4.183	30.184
-4.258	30.484
-4.333	30.634
POLYLINE BLACK
-4.273	30.184
-4.333	30.319
-4.423	30.664
POLYLINE BLACK
-4.303	30.199
-4.348	30.289
-4.363	30.379
-4.393	30.439
-4.393	30.484
-4.483	30.754
POLYLINE BLACK
-2.218	31.849
-2.248	31.834
-2.518	31.924
POLYLINE BLACK
-2.278	31.954
-2.413	32.029
-2.443	32.014
-2.518	32.029
-2.593	32.014
POLYLINE BLACK
-2.188	32.014
-2.218	31.999
-2.263	31.999
-2.308	32.014
-2.428	32.014
-2.563	32.059
-2.593	32.059
POLYLINE BLACK
-2.353	31.864
-2.293	31.834
-2.188	31.834
POLYLINE BLACK
-2.458	31.879
-2.428	31.849
-2.293	31.819
-2.188	31.789
POLYLINE BLACK
-2.548	32.089
-2.338	32.029
-2.248	32.014
POLYLINE BLACK
-2.458	32.044
-2.188	31.954
POLYLINE BLACK
-2.593	32.119
-2.443	32.074
-2.398	32.074
-2.323	32.044
-2.233	32.059
-2.188	32.044
POLYLINE BLACK
-2.668	32.044
-2.593	31.984
-2.383	31.909
-2.233	31.879
POLYLINE BLACK
-2.713	32.029
-2.698	31.999
-2.428	31.804
-2.353	31.789
POLYLINE BLACK
-2.878	32.044
-2.848	32.044
-2.803	32.014
-2.683	31.984
-2.533	31.894
-2.413	31.849
POLYLINE BLACK
-2.848	32.059
-2.728	31.999
-2.548	31.954
-2.308	31.849
POLYLINE BLACK
-2.848	32.089
-2.773	32.044
-2.458	31.984
-2.323	31.969
-2.293	31.954
-2.233	31.954
POLYLINE BLACK
-2.773	32.959
-2.773	32.914
-2.653	32.644
-2.653	32.599
-2.623	32.539
-2.353	32.659
-2.383	32.974
-2.413	32.989
-2.578	32.974
-2.623	32.959
POLYLINE BLACK
-2.983	31.144
-2.953	31.084
-2.923	30.979
-2.893	30.919
-2.893	30.889
-2.878	30.859
-2.713	30.874
-2.608	30.919
-2.578	30.949
-2.533	30.949
-2.473	30.964
-2.458	31.009
-2.533	31.219
-2.593	31.234
-2.713	31.234
-2.878	31.204
-2.998	31.144
POLYLINE BLACK
-2.218	32.029
-2.278	32.044
-2.308	32.044
-2.368	32.059
-2.398	32.059
-2.428	32.074
-2.473	32.074
-2.503	32.089
-2.533	32.074
-2.728	32.074
-2.788	32.104
-2.818	32.089
-2.998	32.104
-3.028	32.089
-3.028	32.119
-3.013	32.089
-2.893	32.014
-2.803	31.939
-2.773	31.939
-2.713	31.894
-2.608	31.864
-2.578	31.834
-2.548	31.834
-2.488	31.819
-2.413	31.774
-2.353	31.774
-2.293	31.744
-2.203	31.744
-2.173	31.864
-2.173	31.924
-2.158	31.954
-2.158	31.999
-2.143	32.059
POLYLINE BLACK
-4.138	30.214
-4.228	30.139
-4.288	30.094
-4.348	30.094
-4.228	30.124
-4.168	30.124
-4.078	30.169
-4.168	30.169
-4.228	30.139
-4.258	30.139
-4.363	30.094
POLYLINE BLACK
-4.348	29.989
-4.393	30.049
-4.408	30.184
-4.423	30.274
-4.423	30.349
-4.453	30.484
-4.453	30.514
-4.468	30.574
-4.483	30.664
-4.498	30.724
-4.498	30.754
-4.528	30.874
-4.468	30.784
-4.303	30.544
-4.213	30.349
-4.213	30.319
-4.183	30.289
-4.108	30.124
-4.168	30.139
-4.258	30.139
-4.318	30.124
-4.348	30.124
-4.378	30.109
POLYLINE BLACK
-5.263	31.384
-5.203	31.129
-5.203	31.039
-5.188	31.009
-5.128	30.994
-4.978	31.039
-4.828	31.069
-4.768	31.099
-4.738	31.099
-4.708	31.114
-4.723	31.189
-4.828	31.429
-4.858	31.474
-4.918	31.489
-5.053	31.444
-5.233	31.429
-5.308	31.399
POLYLINE BLACK
-4.813	31.984
-4.873	32.179
-4.903	32.239
-4.933	32.374
-4.963	32.344
-5.023	32.344
-5.068	32.329
-5.128	32.344
-5.293	32.284
-5.323	32.284
-5.353	32.269
-5.368	32.239
-5.278	31.999
-5.218	31.849
-5.218	31.819
-5.113	31.819
-5.053	31.849
-4.843	31.909
-4.753	31.939
POLYLINE BLACK
-4.228	31.864
-4.258	31.864
-4.438	32.014
-4.558	32.074
-4.618	32.074
-4.648	32.104
-4.798	31.789
-4.873	31.669
-4.738	31.549
-4.618	31.474
-4.513	31.429
-4.483	31.504
-4.408	31.594
-4.333	31.744
-4.333	31.789
-4.303	31.849
-4.303	31.879
POLYLINE BLACK
-4.318	32.074
-4.288	32.044
-4.213	31.879
-4.213	31.804
-4.183	31.699
-4.183	31.564
-4.168	31.534
-4.108	31.579
-4.078	31.579
-4.018	31.609
-3.853	31.639
-3.823	31.639
-3.778	31.699
-3.778	31.849
-3.763	31.879
-3.778	31.954
-3.778	32.134
-3.838	32.134
-3.898	32.119
-4.003	32.119
-4.123	32.074
-4.153	32.089
-4.213	32.044
-4.243	32.059
POLYLINE BLACK
-3.703	33.364
-3.748	33.394
-3.898	33.394
-4.018	33.379
-4.483	33.274
-4.483	33.139
-4.468	32.974
-4.468	32.419
-3.973	32.404
-3.823	32.374
-3.748	32.374
-3.553	32.344
-3.508	32.719
-3.493	32.749
-3.493	32.824
-3.478	32.854
-3.478	33.004
-3.463	33.154
-3.418	33.319
-3.538	33.334
-3.733	33.334
POLYLINE BLACK
-5.623	34.339
-5.623	34.369
-5.593	34.369
-5.533	34.399
-5.503	34.384
-5.428	34.399
-5.398	34.384
-5.368	34.399
-5.308	34.369
-5.278	34.384
-5.203	34.384
-5.143	34.399
-5.083	34.369
-5.023	34.369
-4.738	34.279
-4.708	34.279
-4.573	34.234
-4.498	34.219
-4.378	34.159
-4.258	34.144
-4.198	34.129
-4.168	34.129
-4.138	34.099
-3.973	34.069
-3.913	34.024
-3.853	34.024
-3.493	33.859
-3.223	33.724
-3.163	33.679
-3.133	33.679
-3.073	33.634
-3.013	33.634
-2.893	33.559
-2.833	33.559
-2.728	33.514
-2.698	33.484
-2.668	33.484
-2.578	33.424
-2.563	33.394
POLYLINE BLACK
-7.003	34.219
-6.913	34.159
-6.883	34.159
-6.868	34.129
-6.808	34.129
-6.748	34.099
-6.703	34.099
-6.643	34.069
-6.613	34.084
-6.583	34.054
-6.553	34.054
-6.523	34.039
-6.463	34.069
-6.328	34.084
-6.268	34.099
-6.238	34.099
-6.178	34.114
-6.118	34.114
-6.013	34.159
-5.983	34.159
-5.863	34.219
-5.743	34.294
-5.713	34.309
-5.698	34.339
-5.668	34.339
-5.608	34.384
POLYLINE BLACK
-4.813	29.659
-4.813	29.614
-4.843	29.614
-4.963	29.689
-5.128	29.824
-5.143	29.854
-5.323	30.004
-5.353	30.049
-5.383	30.049
-5.398	30.094
-5.638	30.289
-5.728	30.349
-5.953	30.604
-5.998	30.679
-6.133	30.784
-6.253	30.949
-6.508	31.249
-6.688	31.399
-6.778	31.474
-6.823	31.489
-6.883	31.534
-6.928	31.609
-6.958	31.624
-6.988	31.669
-7.018	31.684
-7.318	32.029
-7.363	32.104
-7.393	32.119
-7.483	32.284
-7.558	32.374
-7.633	32.464
-7.648	32.509
-7.723	32.629
-7.768	32.734
-7.768	32.779
-7.798	32.839
-7.798	32.869
-7.963	33.079
-7.963	33.109
POLYLINE BLACK
-0.928	31.654
-0.928	31.624
-0.778	31.414
-0.568	31.264
-0.523	31.204
-0.478	31.174
-0.358	31.024
-0.268	30.919
-0.238	30.904
-0.238	30.874
-0.208	30.844
-0.208	30.814
-0.193	30.784
-0.238	30.724
-0.268	30.709
-0.298	30.724
-0.358	30.709
-0.523	30.769
-0.613	30.799
-0.688	30.799
-0.748	30.829
-0.853	30.829
-0.913	30.814
-0.943	30.814
-1.003	30.829
-1.063	30.829
-1.168	30.874
-1.198	30.874
-1.258	30.889
-1.363	30.889
-1.423	30.919
-1.558	30.919
-1.618	30.934
-1.678	30.919
-1.738	30.919
-1.798	30.904
-1.858	30.859
POLYLINE BLACK
-2.668	33.544
-2.653	33.514
-2.623	33.499
-2.533	33.364
-2.353	33.124
-2.308	33.094
-2.218	32.959
-2.188	32.884
-2.098	32.779
-1.828	32.419
-1.753	32.314
-1.678	32.224
-1.588	32.149
-1.513	32.059
-1.483	32.044
-1.438	31.984
-1.138	31.744
-1.018	31.654
-0.973	31.594
-0.913	31.549
POLYLINE BLACK
-4.648	29.389
-4.693	29.449
-4.858	29.554
-4.888	29.554
POLYLINE BLACK
-3.283	29.674
-3.283	29.734
-3.223	29.869
-3.148	29.899
-2.998	30.034
-2.788	30.139
-2.698	30.214
-2.548	30.319
-2.488	30.364
-2.428	30.439
-2.308	30.514
-2.278	30.559
-2.218	30.559
-2.038	30.679
-1.918	30.754
-1.873	30.769
-1.753	30.859
-1.723	30.859
-1.663	30.904
POLYLINE BLACK
-7.928	32.974
-8.038	33.084
-8.058	33.134
-8.118	33.234
-8.138	33.274
-8.138	33.304
-8.198	33.404
-8.228	33.494
-8.278	33.624
-8.378	33.784
POLYLINE BLACK
-7.028	34.184
-7.028	34.164
-7.068	34.194
-7.088	34.194
-7.128	34.224
-7.168	34.234
-7.288	34.274
-7.388	34.294
-7.408	34.304
-7.438	34.294
-7.478	34.304
-7.538	34.304
-7.598	34.334
-7.638	34.334
-7.658	34.354
-7.698	34.354
-7.738	34.384
POLYLINE BLACK
-10.428	31.799
-10.388	31.814
-10.363	31.844
-10.353	31.849
-10.338	31.869
-10.338	31.889
-10.333	31.914
-10.333	32.009
-10.323	32.049
-10.308	32.069
-10.293	32.104
-10.273	32.134
-10.273	32.149
-10.248	32.204
-10.248	32.214
-10.193	32.329
-10.193	32.339
-10.178	32.379
-10.178	32.394
-10.163	32.424
-10.163	32.434
-10.153	32.454
-10.153	32.464
-10.128	32.509
-10.108	32.569
-10.083	32.599
-10.053	32.664
-10.043	32.674
-10.038	32.699
-10.023	32.734
-10.023	32.764
-10.018	32.774
-10.023	32.784
-10.023	32.784
-10.023	32.799
-10.028	32.819
-10.028	32.849
-10.033	32.869
-10.033	32.914
-10.023	32.954
-10.023	32.964
-10.018	32.984
-10.018	32.984
-10.023	32.994
-10.023	32.994
-10.023	32.984
-10.038	33.004
-10.058	33.014
-10.068	33.014
-10.088	33.019
-10.098	33.029
-10.118	33.029
-10.128	33.034
-10.148	33.024
-10.168	33.029
-10.178	33.029
-10.198	33.024
-10.208	33.024
-10.228	33.019
-10.248	33.019
-10.268	33.009
-10.278	33.009
-10.283	32.999
-10.293	32.999
-10.303	32.994
-10.308	32.984
-10.318	32.984
-10.333	32.964
-10.343	32.964
-10.368	32.934
-10.368	32.924
-10.378	32.899
-10.378	32.889
-10.393	32.829
-10.393	32.809
-10.403	32.769
-10.403	32.759
-10.418	32.739
-10.418	32.724
-10.428	32.704
-10.428	32.694
-10.448	32.674
-10.448	32.664
-10.478	32.624
-10.478	32.614
-10.498	32.599
-10.518	32.559
-10.528	32.549
-10.528	32.539
-10.578	32.464
-10.588	32.459
-10.608	32.429
-10.613	32.414
-10.633	32.399
-10.668	32.359
-10.678	32.354
-10.713	32.314
-10.728	32.294
-10.738	32.289
-10.768	32.249
-10.783	32.229
-10.913	31.999
-10.913	31.979
-10.908	31.959
-10.913	31.939
-10.913	31.889
-10.918	31.879
-10.913	31.859
-10.913	31.849
-10.908	31.839
-10.898	31.839
-10.868	31.849
POLYLINE BLACK
-10.423	31.809
-10.443	31.804
-10.453	31.804
-10.473	31.799
-10.503	31.799
-10.523	31.794
-10.533	31.799
-10.553	31.794
-10.573	31.799
-10.593	31.794
-10.618	31.794
-10.638	31.799
-10.658	31.794
-10.678	31.799
-10.703	31.799
-10.743	31.809
-10.758	31.804
-10.778	31.814
-10.788	31.814
-10.798	31.819
-10.818	31.809
-10.838	31.819
-10.868	31.819
-10.888	31.834
-10.898	31.829
-10.918	31.834
POLYLINE CONNECT
-10.168	32.994
-7.849	33.067
POLYLINE GREEN
-9.308	37.304
POLYLINE GREEN
-9.438	35.034
-9.458	35.034
-9.498	35.074
-9.568	35.004
-9.568	34.944
-9.518	34.894
POLYLINE GREEN
-9.368	35.534
-9.428	35.564
-9.488	35.534
-9.498	35.504
-9.488	35.464
POLYLINE GREEN
-10.098	35.834
-10.088	35.804
-10.148	35.794
-10.168	35.774
-10.178	35.734
-10.168	35.684
POLYLINE GREEN
-10.088	35.804
POLYLINE GREEN
-7.948	36.334
-7.948	36.294
-7.968	36.254
-7.938	36.224
-7.868	36.234
POLYLINE GREEN
-8.068	36.774
-8.098	36.724
-8.108	36.664
-8.068	36.634
-8.048	36.634
POLYLINE GREEN
-8.218	36.544
-8.218	36.454
-8.208	36.414
-8.178	36.394
-8.108	36.394
-7.998	36.434
POLYLINE GREEN
-8.438	36.844
-8.458	36.824
-8.458	36.804
-8.488	36.774
-8.498	36.744
-8.478	36.704
-8.428	36.694
-8.388	36.704
-8.368	36.704
POLYLINE GREEN
-7.808	36.024
-7.848	36.034
-7.868	36.054
-7.938	36.084
-8.108	36.194
-8.128	36.214
-8.218	36.264
-8.358	36.354
-8.438	36.424
-8.588	36.694
-8.628	36.834
-8.668	36.984
-8.668	37.034
POLYLINE BROWN
-8.028	35.034
-7.998	35.074
POLYLINE BROWN
-8.288	35.114
-8.268	35.164
POLYLINE BROWN
-8.748	35.304
-8.718	35.364
POLYLINE BROWN
-9.138	35.514
-9.098	35.574
POLYLINE BROWN
-9.448	35.694
-9.398	35.774
POLYLINE BROWN
-9.718	35.794
-9.668	35.874
POLYLINE BROWN
-9.898	35.884
-9.888	35.904
POLYLINE BROWN
-10.028	36.134
-9.918	36.054
-9.828	36.004
-9.728	35.974
-9.658	35.934
-9.538	35.884
-9.278	35.754
-9.208	35.714
-9.138	35.684
-9.098	35.654
-9.078	35.654
-9.028	35.634
-8.988	35.604
-8.918	35.574
-8.898	35.554
-8.858	35.544
-8.768	35.474
-8.688	35.444
-8.668	35.424
-8.638	35.424
-8.438	35.344
-8.358	35.304
-8.328	35.304
-8.118	35.184
-8.078	35.174
-7.988	35.114
-7.968	35.114
-7.838	35.024
POLYLINE BROWN
-10.498	35.614
POLYLINE BROWN
-8.298	33.744
-8.298	33.724
-8.338	33.714
-8.418	33.764
-8.488	33.854
-8.638	34.004
-8.688	34.034
-9.068	34.404
-9.188	34.504
-9.288	34.564
-9.388	34.624
-9.528	34.694
-9.578	34.724
-9.618	34.734
-9.718	34.804
-9.878	34.934
-9.908	34.964
-9.958	34.994
-9.968	35.014
-9.998	35.024
-10.008	35.044
-10.058	35.074
-10.088	35.104
-10.208	35.224
-10.248	35.284
-10.288	35.324
-10.328	35.384
-10.418	35.474
-10.438	35.524
-10.468	35.554
-10.508	35.614
POLYLINE BROWN
-7.808	35.264
-7.798	35.214
-7.818	35.134
-7.818	35.084
-7.828	35.044
-7.808	35.004
-7.748	34.984
-7.688	34.944
-7.648	34.954
-7.638	34.934
-7.638	34.954
-7.598	34.924
-7.578	34.924
-7.548	34.884
-7.568	34.804
-7.638	34.704
-7.698	34.654
-7.718	34.644
-7.728	34.604
-7.768	34.544
-7.778	34.494
-7.808	34.434
-7.798	34.394
-7.678	34.304
-7.668	34.284
POLYLINE BROWN
-7.888	36.794
-7.838	36.754
-7.818	36.644
-7.818	36.564
-7.798	36.454
-7.798	36.384
-7.788	36.344
-7.788	36.274
-7.778	36.194
-7.778	36.064
-7.788	36.024
-7.788	35.934
-7.778	35.884
-7.778	35.704
-7.768	35.634
-7.768	35.394
-7.758	35.354
-7.758	35.174
POLYLINE BROWN
-10.228	36.134
-10.188	36.204
POLYLINE BROWN
-10.348	36.274
-10.308	36.304
-10.278	36.314
POLYLINE BROWN
-10.478	36.584
-10.458	36.564
-10.438	36.564
-10.418	36.584
POLYLINE BROWN
-10.518	36.804
-10.478	36.834
-10.458	36.834
POLYLINE BROWN
-10.558	37.044
-10.518	37.044
POLYLINE BROWN
-10.588	37.294
-10.528	37.294
-10.508	37.304
POLYLINE BROWN
-10.608	37.524
-10.608	37.504
-10.588	37.514
POLYLINE BROWN
-10.638	37.814
-10.578	37.784
-10.528	37.734
-10.438	37.704
-10.288	37.654
-10.148	37.594
-10.108	37.584
-10.018	37.534
-9.908	37.504
-9.868	37.474
-9.728	37.454
-9.668	37.424
-9.618	37.424
-9.458	37.364
-9.368	37.344
-9.308	37.314
-9.288	37.314
-9.028	37.234
-8.978	37.224
-8.908	37.174
-8.868	37.164
-8.818	37.134
-8.678	37.094
-8.428	36.984
-8.408	36.984
-8.308	36.934
-8.258	36.904
-8.188	36.894
-8.128	36.854
-7.918	36.774
-7.858	36.754
POLYLINE GREEN
-10.568	36.224
-10.548	36.244
-10.578	36.284
-10.578	36.314
-10.598	36.374
-10.548	36.434
-10.508	36.444
-10.488	36.434
-10.468	36.444
-10.428	36.414
-10.408	36.414
-10.348	36.364
POLYLINE BLACK
-10.618	37.814
-10.678	37.844
-10.728	37.854
-10.768	37.884
-10.808	37.894
-10.898	37.914
-10.978	37.944
-10.998	37.964
-11.038	37.974
-11.078	38.004
-11.118	38.014
-11.178	38.044
-11.218	38.054
-11.298	38.084
-11.338	38.084
-11.428	38.114
-11.468	38.104
-11.528	38.134
-11.548	38.124
-11.588	38.134
-11.628	38.144
-11.688	38.164
-11.728	38.154
-11.788	38.164
-11.828	38.154
-11.878	38.164
-11.918	38.154
-11.958	38.164
-11.978	38.164
-11.998	38.184
-12.038	38.184
-12.108	38.204
-12.148	38.214
-12.208	38.234
-12.228	38.234
-12.358	38.304
-12.378	38.304
-12.418	38.334
-12.498	38.354
-12.518	38.364
-12.538	38.354
-12.558	38.364
-12.578	38.354
-12.668	38.374
-12.708	38.374
-12.748	38.384
-12.788	38.374
-12.808	38.384
-12.848	38.374
-12.868	38.394
-12.908	38.384
-12.948	38.394
-13.028	38.364
-13.048	38.364
-13.068	38.334
-13.088	38.344
-13.158	38.314
POLYLINE BROWN
-10.028	36.144
-10.218	36.364
-10.228	36.394
-10.258	36.424
-10.308	36.514
-10.348	36.634
-10.368	36.744
-10.388	36.844
-10.418	36.984
-10.418	37.024
-10.428	37.074
-10.428	37.334
-10.438	37.384
-10.458	37.504
-10.488	37.564
-10.498	37.604
-10.538	37.694
-10.588	37.754
-10.618	37.814
-10.628	37.794
-10.668	37.834
POLYLINE BROWN
-10.508	35.574
-10.538	35.694
-10.598	35.834
-10.628	35.884
-10.688	35.984
-10.818	36.114
-10.898	36.174
-10.938	36.184
-11.048	36.294
-11.108	36.334
-11.138	36.364
-11.278	36.454
-11.298	36.454
-11.338	36.484
-11.418	36.504
POLYLINE GREEN
-13.698	40.049
-13.698	40.074
-13.693	40.084
-13.693	40.109
-13.688	40.119
-13.688	40.144
-13.683	40.164
-13.683	40.189
-13.678	40.209
-13.678	40.254
POLYLINE GREEN
-13.643	39.834
-13.653	39.869
-13.653	39.894
-13.663	39.954
-13.663	39.994
-13.653	40.034
POLYLINE GREEN
-13.673	39.809
-13.673	39.824
-13.678	39.844
-13.683	39.869
-13.683	39.919
-13.688	39.949
-13.688	39.974
-13.678	40.039
-13.678	40.074
-13.673	40.114
POLYLINE GREEN
-13.718	39.824
-13.718	39.934
-13.713	39.964
-13.718	39.994
-13.718	40.059
POLYLINE GREEN
-13.743	39.839
-13.743	39.864
-13.738	39.884
-13.738	40.039
-13.733	40.049
POLYLINE GREEN
-13.653	40.274
-13.648	40.249
-13.653	40.239
-13.648	40.229
-13.653	40.209
-13.653	40.179
-13.658	40.159
-13.658	40.139
-13.663	40.119
-13.663	40.099
-13.658	40.089
-13.658	40.074
-13.638	40.034
-13.638	40.024
-13.623	39.994
-13.623	39.984
-13.618	39.964
-13.618	39.924
-13.613	39.914
-13.613	39.829
-13.608	39.809
POLYLINE GREEN
-13.718	40.294
-13.713	40.279
-13.703	40.274
-13.698	40.249
-13.698	40.239
-13.703	40.219
-13.703	40.189
-13.708	40.179
-13.703	40.169
-13.713	40.139
-13.713	40.114
-13.728	40.084
-13.748	40.054
-13.763	40.034
-13.763	39.949
-13.758	39.929
-13.758	39.834
POLYLINE GREEN
-14.078	39.884
-14.078	39.894
-14.073	39.904
-14.073	39.994
-14.068	40.024
POLYLINE GREEN
-14.013	39.899
-14.013	39.909
-14.018	39.919
-14.013	39.944
-14.013	39.964
-14.008	39.984
-14.008	39.999
-14.003	40.019
-14.003	40.054
POLYLINE GREEN
-14.013	39.859
-14.023	39.884
-14.023	39.904
-14.028	39.914
-14.028	39.954
-14.033	39.984
-14.033	39.999
-14.038	40.019
-14.038	40.054
-14.043	40.074
-14.043	40.084
-14.048	40.104
-14.048	40.139
-14.053	40.159
-14.053	40.169
-14.058	40.189
-14.058	40.219
-14.063	40.229
POLYLINE GREEN
-14.063	39.844
-14.063	39.864
-14.053	39.889
-14.053	39.899
-14.043	39.914
-14.028	39.974
-14.018	40.014
-14.008	40.084
-13.998	40.104
POLYLINE GREEN
-14.093	39.859
-14.093	39.889
-14.088	39.914
-14.088	39.939
-14.078	40.004
-14.063	40.049
-14.063	40.079
POLYLINE GREEN
-14.138	39.849
-14.133	39.859
-14.133	39.884
-14.123	39.939
-14.118	39.949
-14.118	39.964
-14.108	39.974
-14.108	39.984
-14.078	40.034
-14.063	40.064
-14.063	40.074
-14.058	40.084
-14.058	40.099
-14.053	40.109
POLYLINE GREEN
-14.158	39.839
-14.168	39.864
-14.168	39.879
POLYLINE GREEN
-13.993	39.849
-13.993	39.879
-14.003	39.909
POLYLINE GREEN
-13.983	39.869
-13.983	39.946
-13.976	39.974
-13.976	39.995
-13.983	40.023
-13.983	40.065
-14.004	40.107
-14.018	40.121
-14.018	40.135
-14.032	40.163
-14.032	40.191
-14.025	40.212
-14.011	40.212
POLYLINE GREEN
-14.172	39.862
-14.158	39.918
-14.158	39.946
-14.151	39.960
-14.151	39.981
-14.116	40.051
-14.102	40.058
-14.088	40.093
-14.067	40.121
-14.081	40.177
-14.081	40.191
-14.088	40.219
POLYLINE BLACK
-13.423	39.834
-13.451	39.834
-13.479	39.827
-13.521	39.827
-13.535	39.820
-13.563	39.834
-13.591	39.827
-13.605	39.827
-13.619	39.820
-13.647	39.827
-13.661	39.820
-13.689	39.827
-13.724	39.827
-13.738	39.820
-13.808	39.848
-13.822	39.841
-13.836	39.848
-13.864	39.834
-14.011	39.834
-14.025	39.827
-14.053	39.841
-14.067	39.834
-14.095	39.848
-14.158	39.841
-14.200	39.841
-14.221	39.848
-14.249	39.834
-14.263	39.834
-14.291	39.827
-14.305	39.827
-14.319	39.834
-14.347	39.827
-14.375	39.841
-14.396	39.841
-14.424	39.848
-14.438	39.848
-14.466	39.855
-14.501	39.841
-14.515	39.848
-14.550	39.848
-14.578	39.841
-14.592	39.841
-14.620	39.834
-14.648	39.841
-14.662	39.855
-14.676	39.848
-14.718	39.869
-14.746	39.932
-14.746	39.960
-14.718	39.981
-14.697	40.009
-14.683	40.009
-14.662	40.037
-14.620	40.058
-14.592	40.079
-14.578	40.079
-14.550	40.093
-14.536	40.093
-14.494	40.114
-14.480	40.114
-14.452	40.128
-14.438	40.114
-14.424	40.128
-14.368	40.107
-14.319	40.114
-14.305	40.107
-14.277	40.121
-14.263	40.121
-14.221	40.156
-14.158	40.184
-14.130	40.184
-14.116	40.198
-14.088	40.198
-14.053	40.212
-14.032	40.212
-13.969	40.233
-13.955	40.247
-13.934	40.247
-13.906	40.261
-13.892	40.261
-13.878	40.275
-13.850	40.275
-13.822	40.268
-13.794	40.282
-13.773	40.282
-13.745	40.275
-13.654	40.261
-13.626	40.261
-13.605	40.247
-13.528	40.247
-13.486	40.268
-13.458	40.261
-13.444	40.268
-13.430	40.261
-13.409	40.261
-13.381	40.247
-13.367	40.247
-13.339	40.240
-13.325	40.240
-13.311	40.226
-13.283	40.226
-13.255	40.219
-13.241	40.205
-13.227	40.205
-13.171	40.184
-13.150	40.184
-13.122	40.163
-13.073	40.072
-13.073	40.051
-13.059	40.023
-13.059	40.009
-13.045	39.967
-13.059	39.939
-13.059	39.925
-13.087	39.925
-13.115	39.918
-13.143	39.897
-13.150	39.876
-13.164	39.869
-13.171	39.855
-13.199	39.848
-13.213	39.834
-13.227	39.841
-13.255	39.827
-13.346	39.827
-13.374	39.834
-13.402	39.834
-13.430	39.841
-13.444	39.841
POLYLINE CONNECT
-13.408	39.848
-12.684	37.139
POLYLINE GREEN
-10.568	37.438
-10.558	37.418
-10.598	37.408
-10.638	37.418
-10.688	37.418
-10.708	37.428
-10.768	37.408
-10.788	37.388
-10.788	37.278
-10.658	37.148
POLYLINE GREEN
-11.018	36.898
-11.058	36.898
-11.088	36.888
-11.108	36.898
-11.148	36.888
-11.188	36.878
-11.228	36.858
-11.238	36.818
-11.228	36.778
-11.168	36.728
POLYLINE GREEN
-11.458	37.708
-11.518	37.688
-11.578	37.648
-11.598	37.578
-11.578	37.518
-11.498	37.448
-11.418	37.408
POLYLINE GREEN
-11.718	37.188
-11.668	37.118
-11.698	37.078
-11.788	37.048
-11.858	37.008
-11.868	36.968
-11.778	36.898
-11.718	36.868
POLYLINE GREEN
-12.188	37.538
-12.348	37.438
-12.358	37.418
-12.308	37.348
-12.178	37.288
POLYLINE GREEN
-12.558	38.238
-12.578	38.218
-12.608	38.218
-12.648	38.188
-12.688	38.178
-12.698	38.128
-12.668	38.048
-12.608	38.008
-12.588	37.988
POLYLINE BLACK
-12.928	38.468
-12.928	38.318
-12.938	38.268
-12.938	38.208
-12.948	38.188
-12.938	38.168
-12.948	38.128
-12.948	38.098
-12.938	38.058
-12.938	38.018
-12.928	37.978
-12.928	37.938
-12.898	37.868
-12.868	37.828
-12.828	37.758
-12.818	37.718
-12.798	37.638
-12.798	37.488
-12.808	37.448
-12.828	37.348
-12.838	37.308
-12.838	37.268
-12.848	37.238
-12.838	37.198
-12.838	37.138
-12.818	37.078
-12.788	37.038
-12.788	37.008
-12.758	36.948
-12.748	36.908
-12.718	36.808
-12.718	36.778
-12.748	36.748
POLYLINE GREEN
-14.248	37.798
-14.158	37.708
-14.148	37.658
POLYLINE GREEN
-14.298	38.088
-14.278	37.998
-14.278	37.888
-14.248	37.808
-14.248	37.778
-14.308	37.678
-14.368	37.618
POLYLINE GREEN
-14.428	38.198
-14.408	38.198
-14.308	38.078
-14.288	38.038
-14.238	38.088
-14.168	38.178
-14.148	38.198
POLYLINE BLACK
-11.388	36.478
-11.428	36.488
-11.598	36.558
-11.638	36.558
-11.728	36.578
-11.778	36.578
-11.828	36.568
-11.888	36.568
-11.988	36.598
-12.038	36.598
-12.188	36.648
-12.248	36.658
-12.368	36.698
-12.468	36.718
-12.548	36.748
-12.648	36.748
POLYLINE BLACK
-14.298	37.768
-14.278	37.768
-14.218	37.728
-14.178	37.718
POLYLINE BLACK
-14.198	38.008
-14.178	37.988
-14.178	37.968
-14.128	37.958
-14.068	37.938
POLYLINE BLACK
-14.298	37.738
-14.268	37.698
-14.228	37.688
POLYLINE BLACK
-14.428	37.418
-14.388	37.418
-14.348	37.408
POLYLINE BLACK
-14.538	37.108
-14.528	37.088
-14.418	37.088
POLYLINE BLACK
-14.578	36.798
-14.538	36.808
POLYLINE BLACK
-14.618	36.488
-14.598	36.508
-14.558	36.508
POLYLINE BLACK
-14.638	36.218
-14.618	36.208
-14.578	36.218
POLYLINE BLACK
-14.278	37.268
-14.308	37.318
-14.268	37.258
-14.248	37.348
-14.228	37.408
-14.228	37.428
-14.188	37.488
-14.178	37.528
-14.108	37.668
-14.098	37.718
-14.038	37.848
-14.028	37.888
-13.968	37.988
-13.868	38.138
-13.848	38.138
-13.828	38.158
-13.808	38.158
-13.748	38.208
-13.728	38.218
POLYLINE BLACK
-14.368	37.428
POLYLINE BLACK
-15.698	37.748
-15.568	37.858
-15.478	37.918
-15.378	38.038
-15.348	38.068
-15.288	38.118
-15.248	38.128
-15.188	38.178
-15.078	38.228
-15.058	38.228
-14.958	38.288
-14.918	38.298
-14.878	38.298
-14.818	38.328
-14.778	38.318
-14.738	38.328
-14.698	38.328
-14.658	38.318
-14.618	38.318
-14.578	38.308
-14.558	38.308
-14.538	38.288
-14.498	38.278
-14.468	38.258
-14.448	38.268
-14.248	38.198
-14.208	38.208
-14.148	38.178
-14.108	38.198
-14.058	38.188
-13.998	38.198
-13.958	38.188
-13.928	38.198
-13.888	38.178
-13.838	38.188
-13.798	38.188
-13.778	38.178
-13.738	38.188
-13.668	38.188
-13.628	38.178
-13.608	38.188
-13.568	38.178
-13.548	38.198
-13.458	38.208
-13.438	38.198
-13.388	38.218
-13.368	38.208
-13.288	38.248
-13.248	38.248
-13.208	38.278
-13.168	38.288
-13.118	38.308
-13.098	38.328
-13.078	38.328
POLYLINE BLACK
-13.278	35.838
-13.268	35.948
-13.198	36.128
-13.198	36.188
-13.188	36.238
-13.178	36.278
-13.138	36.358
-13.118	36.368
-13.108	36.398
-13.038	36.468
-12.978	36.548
-12.908	36.618
-12.898	36.638
-12.858	36.648
-12.838	36.668
-12.798	36.678
-12.778	36.698
-12.758	36.688
-12.738	36.698
-12.658	36.698
-12.598	36.738
-12.578	36.728
-12.538	36.738
POLYLINE BLACK
-14.598	34.988
-14.588	35.028
-14.568	35.048
-14.558	35.088
-14.498	35.138
-14.468	35.188
-14.388	35.258
-14.388	35.288
-14.298	35.388
-14.268	35.438
-14.228	35.458
-14.178	35.538
-14.088	35.628
-14.008	35.708
-13.858	35.768
-13.818	35.768
-13.718	35.798
-13.698	35.788
-13.658	35.798
-13.618	35.798
-13.448	35.758
-13.368	35.758
-13.328	35.768
-13.328	35.788
-13.318	35.768
-13.268	35.818
POLYLINE BLACK
-9.968	35.238
-9.968	35.218
-10.008	35.228
-10.068	35.248
-10.168	35.318
-10.248	35.368
-10.298	35.458
-10.348	35.548
-10.358	35.588
-10.388	35.648
-10.408	35.748
-10.408	35.808
-10.398	35.878
-10.418	35.968
-10.458	36.028
-10.528	36.128
-10.538	36.148
-10.558	36.138
-10.618	36.178
-10.658	36.168
-10.758	36.228
-10.798	36.238
-10.808	36.258
-10.808	36.238
POLYLINE BLACK
-9.098	37.088
-9.118	37.088
-9.158	37.118
-9.198	37.108
-9.218	37.108
-9.238	37.088
-9.278	37.078
-9.318	37.048
-9.358	37.038
-9.418	37.018
-9.438	36.998
-9.478	36.988
-9.578	36.928
-9.598	36.908
-9.638	36.898
-9.698	36.848
-9.718	36.858
-9.778	36.818
-9.818	36.818
-9.878	36.788
-9.918	36.778
-9.998	36.758
-10.038	36.768
-10.128	36.758
-10.288	36.688
-10.368	36.668
-10.408	36.658
-10.428	36.638
-10.488	36.628
-10.528	36.598
-10.548	36.608
-10.588	36.598
-10.608	36.598
-10.628	36.578
-10.658	36.578
-10.778	36.538
-10.818	36.528
-10.898	36.508
-10.938	36.508
-10.958	36.498
-10.978	36.518
-11.018	36.488
-11.058	36.498
-11.058	36.478
-11.088	36.438
-11.098	36.368
-11.088	36.328
-11.028	36.298
-11.008	36.298
-10.988	36.278
-10.948	36.278
-10.888	36.248
-10.848	36.238
-10.818	36.198
POLYLINE BLACK
-8.868	36.108
-8.848	36.128
-8.858	36.168
-8.858	36.218
-8.878	36.298
-8.888	36.388
-8.878	36.408
-8.888	36.448
-8.888	36.488
-8.898	36.528
-8.898	36.608
-8.888	36.628
-8.898	36.668
-8.898	36.688
-8.828	36.788
-8.838	36.868
-8.858	36.958
-8.908	36.998
-8.948	37.008
-9.048	37.048
-9.068	37.078
-9.088	37.078
-9.148	37.128
POLYLINE BLACK
-8.628	34.798
-8.668	34.818
-8.698	34.818
-8.778	34.868
-8.808	34.998
-8.858	35.078
-8.898	35.088
-8.978	35.128
-9.018	35.128
-9.068	35.158
-9.128	35.158
-9.168	35.168
-9.208	35.168
POLYLINE BLACK
-8.858	35.998
-8.948	36.008
-9.068	36.008
-9.248	36.028
-9.358	36.048
-9.378	36.038
-9.508	36.038
-9.548	36.028
-9.598	36.038
-9.678	36.028
-9.738	36.038
-9.758	36.058
-9.868	36.068
-9.888	36.078
-9.908	36.068
-9.928	36.088
-9.948	36.018
-9.948	35.928
-9.968	35.838
-9.968	35.758
-9.978	35.688
-9.978	35.358
-9.968	35.318
-9.938	35.168
-9.898	35.178
-9.838	35.198
-9.798	35.188
-9.678	35.198
-9.568	35.198
-9.518	35.218
-9.378	35.218
-9.278	35.188
-9.188	35.178
-9.118	35.168
-9.058	35.168
-8.868	35.108
-8.828	35.108
-8.788	35.078
-8.798	35.158
-8.798	35.258
-8.818	35.348
-8.818	35.418
-8.828	35.488
-8.838	35.568
-8.848	35.668
-8.858	35.708
-8.878	35.848
-8.878	35.998
POLYLINE BLACK
-8.658	34.798
-8.618	34.788
-8.558	34.788
-8.488	34.798
-8.468	34.788
-8.448	34.798
-8.428	34.788
-8.388	34.798
-8.368	34.788
-8.318	34.858
-8.318	34.938
-8.328	34.978
-8.328	35.108
-8.338	35.148
-8.338	35.188
-8.438	35.398
-8.448	35.448
-8.508	35.548
-8.548	35.608
-8.588	35.678
-8.668	35.748
-8.728	35.808
-8.818	35.958
-8.818	36.028
-8.808	36.068
-8.808	36.158
-8.818	36.198
POLYLINE CONNECT
-8.893	36.253
-14.521	35.673
POLYLINE GREEN
-20.098	32.668
-20.083	32.608
-20.088	32.598
POLYLINE GREEN
-20.188	32.908
-20.168	32.858
-20.168	32.843
-20.158	32.793
-20.123	32.708
-20.128	32.683
-20.128	32.673
-20.133	32.653
-20.133	32.618
-20.128	32.608
POLYLINE GREEN
-20.128	32.923
-20.113	32.898
-20.108	32.873
-20.088	32.828
-20.088	32.818
-20.078	32.793
-20.078	32.743
-20.068	32.723
-20.063	32.678
-20.068	32.633
-20.068	32.593
POLYLINE GREEN
-20.153	33.338
-20.153	33.233
-20.143	33.173
-20.143	33.158
-20.138	33.148
-20.138	33.113
-20.133	33.083
-20.133	33.038
-20.148	33.008
-20.148	32.993
-20.153	32.983
-20.148	32.963
-20.148	32.928
-20.143	32.918
-20.143	32.838
-20.138	32.828
-20.138	32.803
-20.128	32.783
-20.128	32.728
POLYLINE GREEN
-20.188	33.018
-20.193	33.038
-20.193	33.138
-20.188	33.148
-20.188	33.173
-20.198	33.193
-20.203	33.228
-20.203	33.253
-20.198	33.273
-20.198	33.288
-20.193	33.298
POLYLINE GREEN
-20.193	32.963
-20.223	33.008
-20.233	33.053
-20.233	33.118
-20.238	33.133
-20.248	33.143
-20.248	33.163
-20.253	33.173
-20.253	33.263
POLYLINE GREEN
-20.113	32.633
-20.123	32.643
-20.123	32.698
-20.118	32.728
-20.118	32.753
-20.123	32.763
-20.123	32.778
-20.138	32.798
-20.153	32.838
-20.153	32.853
-20.188	32.903
-20.193	32.938
-20.193	32.968
POLYLINE GREEN
-20.188	32.628
-20.198	32.658
-20.203	32.698
-20.213	32.753
-20.213	32.798
-20.208	32.828
-20.208	32.838
-20.203	32.848
-20.203	32.863
-20.198	32.883
-20.198	32.893
POLYLINE GREEN
-20.283	33.263
-20.283	33.253
-20.278	33.233
-20.278	33.123
-20.273	33.113
-20.273	33.098
-20.258	33.058
-20.258	33.048
-20.243	33.028
-20.243	33.018
-20.238	32.998
-20.238	32.978
-20.233	32.968
-20.233	32.953
-20.228	32.933
-20.228	32.923
-20.223	32.903
-20.223	32.848
-20.228	32.838
-20.223	32.818
-20.228	32.798
-20.228	32.788
-20.243	32.748
-20.243	32.738
-20.248	32.728
-20.248	32.713
-20.253	32.693
-20.253	32.683
-20.233	32.613
-20.228	32.603
POLYLINE GREEN
-20.073	32.598
-20.073	32.628
-20.068	32.648
-20.068	32.663
-20.063	32.683
-20.063	32.738
-20.068	32.758
-20.068	32.778
-20.073	32.803
-20.073	32.813
-20.078	32.833
-20.078	32.853
-20.088	32.873
-20.088	32.883
-20.103	32.913
-20.133	32.953
-20.148	32.973
-20.158	32.978
-20.163	32.998
-20.163	33.028
-20.153	33.048
-20.153	33.058
-20.148	33.078
-20.148	33.088
-20.138	33.128
-20.138	33.238
-20.133	33.258
-20.133	33.293
-20.138	33.313
-20.138	33.343
POLYLINE BLACK
-20.148	32.603
-20.168	32.663
-20.148	32.593
-20.158	32.593
-20.168	32.588
-20.188	32.593
-20.198	32.588
-20.218	32.593
-20.238	32.588
-20.293	32.588
-20.313	32.593
-20.343	32.593
-20.363	32.588
-20.403	32.598
-20.413	32.608
-20.433	32.608
-20.453	32.623
-20.468	32.623
-20.488	32.618
-20.518	32.633
-20.528	32.633
-20.553	32.663
-20.598	32.723
-20.608	32.728
-20.618	32.748
-20.648	32.768
-20.668	32.768
-20.698	32.788
-20.708	32.788
-20.713	32.803
-20.763	32.828
-20.768	32.838
-20.793	32.848
-20.803	32.848
-20.823	32.863
-20.843	32.858
-20.853	32.858
-20.873	32.868
-20.883	32.863
-20.893	32.868
-20.903	32.888
-20.898	32.908
-20.898	32.918
-20.868	32.958
-20.858	32.958
-20.828	32.983
-20.818	32.983
-20.743	33.033
-20.713	33.053
POLYLINE BLACK
-20.193	32.568
-19.958	32.563
-19.938	32.558
-19.918	32.563
-19.793	32.563
-19.783	32.568
-19.773	32.563
-19.743	32.568
-19.733	32.568
-19.703	32.588
-19.683	32.618
-19.673	32.658
-19.668	32.733
-19.678	32.773
-19.683	32.823
-19.683	32.853
-19.688	32.898
-19.688	32.918
-19.698	32.958
-19.698	32.978
-19.703	32.988
-19.703	33.018
-19.708	33.028
-19.718	33.108
-19.718	33.168
-19.713	33.193
-19.713	33.228
-19.723	33.268
-19.723	33.288
-19.728	33.308
-19.728	33.328
-19.733	33.353
-19.733	33.363
-19.738	33.383
-19.738	33.393
-19.748	33.413
-19.748	33.423
-19.753	33.433
-19.763	33.428
-19.773	33.438
-19.783	33.438
-19.793	33.443
-19.808	33.443
-19.848	33.433
-19.858	33.433
-19.878	33.428
-19.898	33.428
-19.923	33.418
-19.933	33.418
-19.963	33.398
-19.973	33.398
-20.003	33.383
-20.013	33.383
-20.043	33.363
-20.063	33.358
-20.083	33.358
-20.118	33.338
-20.138	33.338
-20.158	33.323
-20.168	33.323
-20.208	33.298
-20.213	33.288
-20.243	33.273
-20.253	33.263
-20.263	33.268
-20.273	33.258
-20.308	33.248
-20.318	33.233
-20.328	33.233
-20.378	33.208
-20.408	33.188
-20.428	33.178
-20.438	33.178
-20.468	33.163
-20.488	33.163
-20.518	33.143
-20.528	33.143
-20.548	33.133
-20.558	33.133
-20.598	33.118
-20.658	33.078
-20.668	33.078
-20.698	33.058
-20.708	33.058
-20.738	33.033
-20.748	33.038
-20.753	33.028
-20.763	33.023
-20.788	32.993
POLYLINE CONNECT
-20.153	32.953
-17.896	32.674
POLYLINE BLACK
-16.043	35.883
-16.033	35.903
-16.073	35.983
-16.093	36.093
-16.093	36.153
-16.053	36.233
-16.033	36.313
-16.003	36.373
-15.943	36.413
-15.913	36.453
-15.913	36.493
-15.883	36.553
-15.883	36.603
-15.873	36.643
-15.873	36.913
-15.863	36.953
-15.863	37.003
-15.853	37.083
-15.853	37.193
-15.833	37.273
-15.833	37.423
-15.823	37.473
-15.823	37.513
-15.783	37.613
-15.703	37.683
-15.673	37.713
-15.663	37.693
POLYLINE BLACK
-14.463	35.663
-14.463	36.033
-14.453	36.073
-14.453	36.113
-14.443	36.153
-14.433	36.193
-14.453	36.273
-14.453	36.443
-14.443	36.493
-14.443	36.573
-14.433	36.613
-14.433	36.743
-14.423	36.783
-14.413	36.823
-14.373	36.903
-14.353	36.983
-14.323	37.043
-14.303	37.193
-14.293	37.253
-14.273	37.273
-14.263	37.313
POLYLINE ORANGE
-12.133	33.958
-12.158	33.948
-12.203	33.948
-12.233	33.938
-12.248	33.938
-12.258	33.943
-12.268	33.933
POLYLINE ORANGE
-11.983	34.013
-11.978	34.023
-11.938	34.033
-11.873	34.033
-11.853	34.038
-11.823	34.013
-11.818	34.003
-11.818	33.988
-11.828	33.963
-11.893	33.928
-11.938	33.928
-11.883	33.858
-11.848	33.808
-11.813	33.763
POLYLINE ORANGE
-11.993	34.003
-11.973	33.958
-11.968	33.918
-11.963	33.908
-11.963	33.803
-11.968	33.793
-11.968	33.778
POLYLINE ORANGE
-12.228	33.818
-12.218	33.813
-12.203	33.818
-12.188	33.818
-12.178	33.823
-12.158	33.823
-12.118	33.833
-12.108	33.828
-12.098	33.833
-12.073	33.828
POLYLINE ORANGE
-12.253	34.018
-12.253	34.008
-12.233	34.008
-12.173	34.023
-12.158	34.023
-12.128	34.028
-12.103	34.028
POLYLINE ORANGE
-12.263	34.013
-12.268	33.988
-12.268	33.973
-12.258	33.938
-12.258	33.913
-12.253	33.903
-12.253	33.838
-12.248	33.818
-12.248	33.793
POLYLINE ORANGE
-12.483	34.008
-12.443	33.998
-12.433	33.998
-12.408	33.988
-12.398	33.988
-12.368	33.963
-12.368	33.918
-12.388	33.873
-12.413	33.843
-12.478	33.798
POLYLINE ORANGE
-12.503	33.988
-12.493	33.968
-12.493	33.953
-12.483	33.928
-12.478	33.873
-12.478	33.843
-12.483	33.828
-12.483	33.778
POLYLINE ORANGE
-12.723	33.988
-12.723	33.963
-12.718	33.943
-12.718	33.903
-12.713	33.883
-12.713	33.828
-12.708	33.808
-12.673	33.798
-12.663	33.803
-12.648	33.798
-12.583	33.798
-12.573	33.793
POLYLINE ORANGE
-12.923	33.973
-12.923	33.923
-12.918	33.898
-12.918	33.883
-12.913	33.863
-12.913	33.838
-12.898	33.808
-12.873	33.818
-12.853	33.838
-12.848	33.853
-12.833	33.873
-12.823	33.898
-12.813	33.958
-12.813	33.978
-12.818	33.988
-12.818	34.013
POLYLINE ORANGE
-13.038	33.793
-13.043	33.783
-13.053	33.783
-13.063	33.788
-13.078	33.788
-13.088	33.793
-13.103	33.793
-13.128	33.803
-13.163	33.843
-13.168	33.858
-13.158	33.883
-13.108	33.918
-13.083	33.923
-13.073	33.918
-13.053	33.923
-13.038	33.918
-13.013	33.883
-13.013	33.858
-13.018	33.833
-13.043	33.798
-13.068	33.788
-13.078	33.788
POLYLINE ORANGE
-13.363	33.923
-13.328	33.943
-13.313	33.958
-13.298	33.958
-13.263	33.973
-13.233	33.973
-13.223	33.968
-13.218	33.958
-13.218	33.943
-13.243	33.898
-13.268	33.873
-13.278	33.873
-13.308	33.853
-13.258	33.853
-13.238	33.843
-13.218	33.818
-13.218	33.808
-13.248	33.778
-13.283	33.768
-13.293	33.763
-13.318	33.763
POLYLINE ORANGE
-13.358	33.943
-13.343	33.903
-13.343	33.888
-13.333	33.868
-13.333	33.838
-13.328	33.823
-13.328	33.758
-13.333	33.748
-13.333	33.733
POLYLINE ORANGE
-12.508	34.308
-12.478	34.333
-12.448	34.348
-12.413	34.348
-12.373	34.313
-12.373	34.293
-12.378	34.278
-12.398	34.248
-12.423	34.228
-12.443	34.228
-12.453	34.223
-12.443	34.223
-12.408	34.178
-12.393	34.168
-12.363	34.133
-12.348	34.113
POLYLINE ORANGE
-12.513	34.328
-12.513	34.318
-12.503	34.298
-12.498	34.273
-12.488	34.238
-12.488	34.183
-12.493	34.163
-12.493	34.138
POLYLINE ORANGE
-12.683	34.148
-12.673	34.148
-12.663	34.153
-12.648	34.153
-12.623	34.163
-12.578	34.163
-12.568	34.168
POLYLINE ORANGE
-12.688	34.238
-12.678	34.233
-12.668	34.238
-12.653	34.238
-12.643	34.243
-12.618	34.243
POLYLINE ORANGE
-12.703	34.333
-12.693	34.328
-12.678	34.333
-12.668	34.328
-12.643	34.333
-12.618	34.328
POLYLINE ORANGE
-12.718	34.313
-12.718	34.288
-12.713	34.263
-12.713	34.143
-12.718	34.133
POLYLINE ORANGE
-12.938	34.303
-12.928	34.303
-12.918	34.308
-12.903	34.308
-12.893	34.303
-12.868	34.303
-12.828	34.268
-12.813	34.243
-12.813	34.223
-12.828	34.188
-12.858	34.163
-12.903	34.133
POLYLINE ORANGE
-12.928	34.283
-12.928	34.263
-12.918	34.238
-12.918	34.228
-12.913	34.218
-12.913	34.183
-12.908	34.158
-12.908	34.133
POLYLINE ORANGE
-13.173	34.118
-13.178	34.143
-13.178	34.188
-13.173	34.213
-13.173	34.223
-13.168	34.233
-13.168	34.263
-13.163	34.283
-13.108	34.208
-13.078	34.138
-13.078	34.128
-13.073	34.118
-13.063	34.138
-13.053	34.203
-13.048	34.218
-13.048	34.233
-13.033	34.283
POLYLINE ORANGE
-13.353	34.283
-13.353	34.258
-13.348	34.238
-13.343	34.193
-13.343	34.173
-13.338	34.153
-13.338	34.143
-13.328	34.123
-13.318	34.118
-13.303	34.118
-13.273	34.133
-13.248	34.163
-13.248	34.178
-13.238	34.213
-13.238	34.243
-13.248	34.288
-13.248	34.298
POLYLINE ORANGE
-11.758	34.553
-11.753	34.563
-11.753	34.578
-11.748	34.588
-11.748	34.628
-11.743	34.643
-11.743	34.658
-11.728	34.698
-11.728	34.708
-11.718	34.703
-11.678	34.608
-11.678	34.598
-11.673	34.588
-11.673	34.573
-11.663	34.553
-11.663	34.553
-11.658	34.563
-11.658	34.578
-11.653	34.588
-11.653	34.643
-11.648	34.653
-11.648	34.673
-11.638	34.698
-11.638	34.728
POLYLINE ORANGE
-11.978	34.698
-11.953	34.638
-11.953	34.623
-11.933	34.558
-11.928	34.548
-11.903	34.598
-11.893	34.628
-11.883	34.638
-11.883	34.648
-11.873	34.648
-11.863	34.623
-11.863	34.613
-11.858	34.603
-11.858	34.588
-11.848	34.568
-11.838	34.573
-11.813	34.643
-11.813	34.653
-11.803	34.678
-11.803	34.693
-11.793	34.713
POLYLINE ORANGE
-12.073	34.533
-12.113	34.568
-12.123	34.578
-12.133	34.603
-12.133	34.638
-12.113	34.668
-12.068	34.698
-12.048	34.688
-12.033	34.658
-12.033	34.603
-12.043	34.578
-12.043	34.568
-12.073	34.548
-12.088	34.543
POLYLINE ORANGE
-12.353	34.703
-12.343	34.703
-12.333	34.713
-12.318	34.713
-12.298	34.718
-12.273	34.718
-12.253	34.723
-12.233	34.723
-12.223	34.713
-12.208	34.708
-12.188	34.693
-12.183	34.683
-12.183	34.638
-12.193	34.613
-12.203	34.603
-12.208	34.588
-12.248	34.558
-12.258	34.558
-12.293	34.543
-12.303	34.548
POLYLINE ORANGE
-12.363	34.713
-12.328	34.638
-12.303	34.538
-12.308	34.518
POLYLINE ORANGE
-12.818	34.568
-12.808	34.568
-12.788	34.573
-12.768	34.573
-12.723	34.578
-12.708	34.578
-12.683	34.588
-12.673	34.588
POLYLINE ORANGE
-12.823	34.638
-12.778	34.653
-12.758	34.648
-12.748	34.648
POLYLINE ORANGE
-12.863	34.708
-12.838	34.713
-12.813	34.718
-12.753	34.718
POLYLINE ORANGE
-12.858	34.708
-12.858	34.698
-12.853	34.688
-12.853	34.673
-12.838	34.613
-12.838	34.603
-12.833	34.593
-12.833	34.528
POLYLINE ORANGE
-13.068	34.693
-13.068	34.683
-13.063	34.663
-13.063	34.638
-13.058	34.613
-13.058	34.553
-13.053	34.533
-13.013	34.523
-12.998	34.523
-12.968	34.533
-12.953	34.533
-12.938	34.543
-12.893	34.548
POLYLINE ORANGE
-13.188	34.528
-13.208	34.528
-13.238	34.548
-13.253	34.573
-13.258	34.618
-13.248	34.643
-13.218	34.663
-13.198	34.668
-13.188	34.668
-13.148	34.638
-13.133	34.618
-13.128	34.593
-13.128	34.583
-13.133	34.573
-13.133	34.558
-13.138	34.548
-13.148	34.543
-13.153	34.533
-13.173	34.528
POLYLINE ORANGE
-13.308	34.688
-13.308	34.668
-13.303	34.643
-13.303	34.553
-13.298	34.533
-13.298	34.523
POLYLINE ORANGE
-13.423	34.593
-13.398	34.593
-13.378	34.603
-13.353	34.598
-13.333	34.608
-13.323	34.608
POLYLINE ORANGE
-13.433	34.663
-13.418	34.623
-13.418	34.613
-13.403	34.558
-13.403	34.513
-13.408	34.493
POLYLINE ORANGE
-15.698	35.068
-15.563	35.023
-15.263	34.903
-14.963	34.828
-14.348	34.648
-14.108	34.588
-14.063	34.558
-13.973	34.543
-13.808	34.483
-13.763	34.453
-13.733	34.453
-13.598	34.393
-13.568	34.393
-13.538	34.378
POLYLINE BLACK
-15.575	34.837
-15.589	34.844
-15.610	34.886
-15.624	34.900
POLYLINE BLACK
-15.400	34.984
-15.414	34.984
-15.442	34.991
-15.470	34.991
-15.505	34.998
POLYLINE BLACK
-15.358	35.082
-15.330	35.124
-15.316	35.138
-15.316	35.152
-15.302	35.166
POLYLINE BLACK
-15.400	35.117
POLYLINE BLACK
-15.498	35.152
-15.498	35.215
-15.477	35.243
POLYLINE BLACK
-15.659	35.152
-15.659	35.166
-15.652	35.194
-15.652	35.208
POLYLINE BLACK
-15.736	35.047
-15.757	35.075
-15.778	35.124
-15.778	35.138
-15.785	35.166
POLYLINE BLACK
-15.778	34.963
-15.792	34.956
-15.806	34.977
-15.848	34.998
POLYLINE BLACK
-15.778	34.858
-15.820	34.823
-15.855	34.823
POLYLINE BLACK
-15.673	34.858
-15.673	34.802
-15.680	34.788
POLYLINE BLACK
-15.715	34.795
-15.701	34.746
-15.729	34.746
-15.743	34.753
-15.757	34.746
-15.806	34.746
-15.834	34.753
-15.862	34.774
-15.883	34.809
-15.883	34.935
-15.862	34.991
-15.862	35.005
-15.841	35.054
-15.799	35.110
-15.778	35.138
-15.764	35.173
-15.743	35.201
-15.687	35.236
-15.673	35.236
-15.659	35.243
-15.561	35.243
-15.547	35.236
-15.519	35.243
-15.484	35.243
-15.428	35.229
-15.414	35.229
-15.386	35.222
-15.372	35.222
-15.330	35.187
-15.274	35.110
-15.267	35.082
-15.267	35.068
POLYLINE BLACK
-15.120	35.236
-15.162	35.201
-15.183	35.187
-15.225	35.138
-15.344	35.040
-15.463	34.928
-15.526	34.858
-15.561	34.830
-15.568	34.816
-15.736	34.662
-15.792	34.613
-15.799	34.599
-15.785	34.578
-15.729	34.438
-15.708	34.368
-15.687	34.340
-15.659	34.249
-15.631	34.186
-15.540	34.298
-15.365	34.431
-15.351	34.452
-15.197	34.564
-15.092	34.620
-15.078	34.620
-15.036	34.655
-14.959	34.683
-14.945	34.697
-14.959	34.725
-14.966	34.767
-14.980	34.802
-14.987	34.837
-15.001	34.851
-15.008	34.879
-15.022	34.893
-15.043	34.963
-15.085	35.054
-15.092	35.089
-15.106	35.117
-15.113	35.166
-15.127	35.194
-15.127	35.208
POLYLINE BLACK
-14.854	35.152
-14.826	35.194
-14.784	35.285
-14.770	35.299
-14.742	35.383
-14.665	35.565
-14.665	35.586
-14.630	35.649
-14.630	35.663
-14.609	35.705
-14.595	35.719
-14.581	35.768
-14.567	35.796
-14.553	35.803
-14.532	35.845
-14.532	35.866
-14.490	35.922
-14.476	35.950
-14.553	35.978
-14.567	35.978
-14.602	35.992
-14.616	35.992
-14.644	36.006
-14.672	36.006
-14.714	36.027
-14.763	36.027
-14.833	36.055
-14.847	36.069
-14.861	36.069
-14.882	36.083
-14.896	36.083
-14.938	36.111
-14.994	36.132
-15.043	36.160
-15.078	36.167
-15.106	36.181
-15.134	36.181
-15.176	36.202
-15.211	36.202
-15.239	36.216
-15.253	36.216
-15.302	36.237
-15.316	36.237
-15.344	36.244
-15.344	36.216
-15.407	36.118
-15.561	35.985
-15.603	35.936
-15.729	35.838
-15.736	35.824
-15.792	35.775
-15.841	35.705
-15.848	35.684
-15.876	35.642
-15.869	35.628
-15.841	35.628
-15.813	35.607
-15.792	35.607
-15.750	35.586
-15.736	35.586
-15.624	35.537
-15.582	35.509
-15.512	35.474
-15.484	35.467
-15.470	35.453
-15.435	35.439
-15.309	35.355
-15.281	35.334
-15.232	35.320
-15.183	35.299
-15.169	35.285
-15.120	35.264
-15.099	35.264
-15.071	35.257
-15.057	35.243
-15.022	35.236
-14.973	35.215
-14.959	35.201
-14.945	35.201
-14.917	35.187
-14.903	35.187
-14.896	35.173
-14.882	35.173
-14.840	35.145
POLYLINE BLACK
-16.982	34.095
-16.975	34.081
-16.975	34.074
-16.961	34.109
-16.912	34.165
-16.821	34.305
-16.793	34.347
-16.737	34.424
-16.667	34.494
-16.639	34.508
-16.618	34.536
-16.590	34.550
-16.569	34.585
-16.555	34.585
-16.492	34.634
-16.457	34.676
-16.373	34.746
-16.289	34.809
-16.268	34.816
-16.240	34.844
-16.191	34.865
-16.170	34.893
-16.142	34.914
-16.051	35.019
-15.995	35.082
-15.988	35.103
-15.953	35.145
-15.939	35.152
-15.890	35.208
-15.876	35.215
-15.869	35.236
-15.855	35.236
-15.820	35.278
-15.806	35.278
-15.736	35.327
-15.736	35.341
-15.722	35.369
-15.722	35.383
-15.729	35.411
-15.771	35.467
-15.778	35.481
-15.792	35.488
-15.806	35.523
-15.841	35.565
-15.862	35.593
-15.862	35.607
-15.925	35.691
-16.023	35.817
-16.065	35.873
-16.079	35.873
POLYLINE BLACK
-16.975	34.074
POLYLINE BLACK
-16.548	33.647
-16.548	33.577
-16.436	33.633
-16.408	33.633
-16.380	33.640
-16.366	33.640
-16.352	33.647
-16.303	33.647
-16.268	33.654
-16.240	33.654
-16.226	33.647
-16.212	33.661
-16.191	33.661
-16.163	33.647
-16.121	33.647
-16.079	33.633
-16.065	33.640
-16.037	33.633
-16.023	33.633
-15.995	33.626
-15.981	33.626
-15.953	33.619
-15.932	33.619
-15.904	33.605
-15.862	33.605
-15.820	33.577
-15.806	33.577
-15.750	33.549
-15.708	33.549
-15.680	33.542
-15.652	33.542
-15.638	33.549
-15.610	33.535
-15.596	33.542
-15.568	33.535
-15.540	33.535
-15.512	33.549
-15.498	33.549
-15.470	33.563
-15.456	33.563
-15.386	33.619
-15.379	33.633
-15.365	33.633
-15.323	33.661
-15.323	33.675
-15.281	33.703
-15.267	33.703
-15.260	33.717
-15.232	33.738
-15.218	33.738
-15.190	33.794
-15.176	33.801
-15.155	33.843
-15.071	33.955
-15.050	34.004
-14.966	34.130
-14.938	34.186
-14.868	34.291
-14.833	34.347
-14.770	34.431
-14.756	34.473
-14.742	34.487
-14.714	34.557
-14.700	34.571
-14.700	34.585
-14.637	34.711
-14.637	34.725
-14.623	34.753
-14.623	34.774
-14.574	34.879
-14.574	34.893
-14.567	34.907
-14.567	34.928
-14.553	34.984
-14.553	34.998
-14.546	35.026
-14.546	35.054
-14.539	35.089
-14.539	35.117
-14.525	35.187
-14.525	35.201
-14.518	35.229
-14.518	35.257
-14.504	35.313
-14.504	35.327
-14.497	35.355
-14.497	35.432
-14.490	35.460
-14.497	35.488
-14.497	35.593
-14.511	35.635
-14.511	35.656
-14.518	35.670
-14.518	35.705
-14.525	35.733
-14.518	35.719
POLYLINE BLACK
-17.388	32.800
-17.395	32.814
-17.311	32.954
-17.283	32.975
-17.234	33.031
-17.157	33.094
-17.143	33.115
-17.129	33.122
-17.115	33.143
-17.010	33.206
-16.996	33.206
-16.947	33.248
-16.863	33.311
-16.800	33.360
-16.779	33.367
-16.653	33.472
-16.583	33.528
-16.576	33.542
-16.562	33.542
-16.492	33.598
-16.478	33.598
-16.464	33.605
POLYLINE BLACK
-17.689	33.185
-17.689	33.171
-17.675	33.171
-17.640	33.213
-17.626	33.220
-17.528	33.346
-17.521	33.360
-17.479	33.395
-17.451	33.437
-17.381	33.521
-17.325	33.556
-17.311	33.556
-17.283	33.584
-17.269	33.619
-17.220	33.675
-17.192	33.696
-17.185	33.717
-17.108	33.815
-17.087	33.843
-17.038	33.948
-17.038	33.962
-17.017	33.990
-17.017	34.004
-17.010	34.032
-17.010	34.046
-16.996	34.074
POLYLINE GREEN
-18.004	33.241
-18.032	33.227
-18.025	33.199
-18.025	33.185
-18.004	33.157
-17.976	33.157
-17.962	33.171
-17.948	33.164
-17.913	33.206
-17.892	33.262
POLYLINE GREEN
-18.158	33.724
-18.179	33.682
-18.172	33.668
-18.172	33.647
-18.144	33.605
-18.116	33.584
-18.088	33.591
-18.032	33.647
-18.018	33.696
-18.011	33.710
POLYLINE GREEN
-18.312	33.346
-18.319	33.332
-18.319	33.311
-18.284	33.241
-18.270	33.227
-18.242	33.227
-18.207	33.255
-18.165	33.325
POLYLINE GREEN
-18.382	32.856
-18.382	32.842
-18.375	32.828
-18.375	32.807
-18.368	32.793
-18.340	32.786
-18.270	32.814
-18.242	32.835
-18.221	32.884
POLYLINE GREEN
-18.410	32.191
-18.410	32.177
-18.403	32.163
-18.347	32.135
-18.319	32.135
-18.228	32.191
-18.221	32.205
-18.221	32.226
-18.214	32.240
-18.214	32.261
POLYLINE GREEN
-17.885	32.877
-17.885	32.905
-17.850	32.975
-17.815	33.017
POLYLINE GREEN
-17.878	32.891
-17.892	32.891
-17.899	32.905
-17.927	32.919
-17.941	32.919
-17.990	32.954
POLYLINE GREEN
-17.857	32.562
-17.857	32.548
-17.815	32.485
-17.787	32.443
POLYLINE GREEN
-17.885	32.891
-17.892	32.877
-17.885	32.849
-17.885	32.814
-17.878	32.786
-17.878	32.730
-17.871	32.702
-17.871	32.611
-17.864	32.583
-17.878	32.527
-17.878	32.513
-17.934	32.471
-17.955	32.443
POLYLINE BLACK
-17.367	32.702
-17.360	32.688
-17.402	32.716
-17.416	32.744
-17.416	32.786
-17.409	32.807
-17.353	32.849
-17.346	32.863
-17.332	32.863
-17.318	32.870
POLYLINE BLACK
-17.899	33.542
POLYLINE BLACK
-17.395	32.737
-17.388	32.723
POLYLINE BLACK
-18.641	32.142
-18.655	32.156
-18.648	32.184
-18.648	32.212
-18.641	32.240
-18.627	32.261
-18.627	32.275
-18.599	32.345
-18.564	32.401
-18.543	32.429
-18.543	32.450
-18.564	32.506
-18.564	32.520
-18.578	32.548
-18.578	32.562
-18.641	32.646
-18.641	32.660
-18.648	32.688
-18.648	32.751
-18.641	32.779
-18.641	32.807
-18.627	32.870
-18.627	32.884
-18.634	32.912
-18.634	32.926
-18.613	32.982
-18.613	32.996
-18.606	33.024
-18.606	33.115
-18.599	33.129
-18.599	33.150
-18.585	33.192
-18.571	33.213
-18.571	33.227
-18.515	33.304
-18.501	33.332
-18.501	33.346
-18.473	33.409
-18.473	33.423
-18.459	33.451
-18.459	33.465
-18.445	33.479
-18.417	33.542
-18.417	33.556
-18.389	33.626
-18.368	33.654
-18.368	33.675
-18.298	33.738
-18.291	33.759
-18.277	33.752
-18.221	33.787
-18.207	33.787
-18.151	33.815
-18.123	33.808
-18.095	33.808
-18.067	33.801
-18.011	33.801
-17.955	33.780
-17.906	33.717
-17.906	33.703
-17.899	33.675
-17.906	33.647
-17.906	33.514
-17.899	33.500
-17.906	33.472
-17.906	33.437
-17.899	33.409
-17.899	33.395
-17.885	33.367
-17.885	33.353
-17.857	33.297
-17.857	33.283
-17.829	33.227
-17.815	33.213
-17.808	33.192
-17.766	33.164
-17.710	33.136
-17.696	33.122
-17.682	33.122
-17.668	33.115
-17.654	33.122
POLYLINE BLACK
-18.725	32.646
POLYLINE BLACK
-18.627	32.149
POLYLINE GREEN
-17.630	32.112
-17.630	32.072
-17.570	31.972
-17.550	31.952
-17.530	31.972
-17.510	31.962
-17.460	32.022
-17.420	32.082
-17.420	32.132
-17.410	32.152
POLYLINE GREEN
-18.060	31.692
-18.060	31.632
-18.010	31.552
-17.950	31.552
-17.890	31.572
-17.800	31.662
-17.780	31.692
-17.770	31.732
POLYLINE GREEN
-17.810	31.162
-17.750	31.062
-17.710	31.032
-17.640	31.102
-17.600	31.192
POLYLINE GREEN
-18.110	30.632
-18.110	30.562
-18.080	30.462
-18.030	30.432
-17.990	30.432
-17.910	30.472
-17.890	30.522
-17.860	30.562
POLYLINE GREEN
-17.820	30.022
-17.790	29.932
-17.740	29.882
-17.720	29.882
-17.660	29.932
-17.630	30.022
-17.620	30.042
POLYLINE GREEN
-18.080	29.572
-18.060	29.512
-18.000	29.472
-17.980	29.482
-17.960	29.472
-17.890	29.512
-17.850	29.582
POLYLINE BLACK
-19.561	29.486
-19.554	29.458
-19.526	29.451
-19.512	29.451
-19.484	29.444
-19.456	29.444
-19.400	29.423
-19.386	29.388
-19.372	29.381
-19.358	29.353
-19.358	29.339
-19.337	29.255
-19.330	29.220
-19.309	29.164
-19.309	29.150
-19.288	29.122
-19.288	29.108
-19.260	29.066
-19.218	29.010
-19.190	28.989
-19.176	28.989
-19.169	28.968
-19.155	28.982
-19.141	28.982
-19.134	28.968
-19.127	28.982
-19.113	28.968
-19.106	28.982
-19.092	28.982
-19.078	28.989
-19.064	28.982
-19.008	28.996
-18.952	28.996
-18.945	28.982
-18.945	28.996
-18.931	28.996
-18.903	29.003
-18.875	29.003
-18.805	29.031
-18.798	29.094
-18.784	29.122
-18.784	29.136
-18.777	29.164
-18.777	29.262
-18.770	29.290
-18.770	29.311
-18.756	29.367
-18.756	29.395
-18.714	29.542
-18.707	29.556
-18.707	29.577
-18.693	29.605
-18.686	29.640
-18.672	29.668
-18.672	29.696
-18.658	29.724
-18.658	29.752
-18.651	29.780
-18.651	29.815
-18.644	29.843
-18.644	29.878
-18.637	29.892
-18.644	29.920
-18.644	29.976
-18.651	30.004
-18.651	30.032
-18.665	30.074
-18.693	30.095
-18.707	30.095
-18.721	30.102
-18.728	30.116
-18.798	30.179
-18.847	30.235
-18.868	30.284
-18.945	30.389
-18.959	30.424
-18.987	30.466
-19.001	30.466
-19.043	30.494
-19.099	30.515
-19.113	30.515
-19.183	30.536
-19.253	30.564
-19.267	30.564
-19.281	30.571
-19.295	30.564
-19.351	30.578
-19.435	30.557
-19.463	30.543
-19.477	30.543
-19.554	30.480
-19.589	30.438
-19.589	30.403
-19.617	30.333
-19.561	30.144
-19.561	30.102
-19.547	30.018
-19.554	30.004
-19.533	29.927
-19.561	29.724
-19.540	29.521
-19.505	29.416
POLYLINE CONNECT
-19.530	30.045
-18.346	30.082
POLYLINE BLACK
-18.130	29.045
-18.160	29.075
-18.200	29.135
-18.200	29.155
-18.230	29.205
-18.240	29.245
-18.280	29.335
-18.290	29.425
-18.320	29.555
-18.330	29.625
-18.330	29.655
-18.340	29.695
-18.360	29.805
-18.380	29.915
-18.380	30.085
-18.370	30.125
-18.370	30.475
-18.380	30.525
-18.380	30.705
-18.400	30.765
-18.410	30.805
-18.420	30.845
-18.420	30.885
-18.410	30.915
-18.420	30.955
-18.420	31.015
-18.360	31.145
-18.350	31.185
-18.310	31.305
-18.310	31.425
-18.320	31.465
-18.330	31.545
-18.330	31.575
-18.370	31.695
-18.390	31.685
-18.420	31.715
-18.460	31.725
-18.570	31.845
-18.650	32.015
-18.660	32.055
-18.690	32.145
POLYLINE BLACK
-17.490	29.935
-17.490	30.075
-17.500	30.115
-17.500	30.325
-17.480	30.405
-17.470	30.495
-17.450	30.585
-17.430	30.715
-17.420	30.755
-17.370	30.945
-17.370	30.995
-17.360	31.035
-17.350	31.155
-17.340	31.235
-17.340	31.265
-17.310	31.375
-17.310	31.405
-17.300	31.445
-17.290	31.535
-17.280	31.625
-17.270	31.675
-17.260	31.715
-17.260	31.745
-17.240	31.805
-17.230	31.895
-17.230	31.935
-17.220	31.975
-17.220	32.065
-17.240	32.105
-17.230	32.145
-17.230	32.225
-17.270	32.375
-17.330	32.545
-17.380	32.665
-17.450	32.765
POLYLINE GREEN
-15.330	24.565
-15.320	24.525
-15.280	24.495
-15.260	24.495
-15.230	24.515
-15.200	24.565
-15.180	24.585
POLYLINE GREEN
-15.270	24.085
-15.250	24.065
-15.250	24.045
-15.190	23.985
-15.150	23.965
-15.100	24.015
-15.070	24.055
-15.050	24.155
-15.030	24.195
POLYLINE GREEN
-15.950	23.915
-15.800	23.865
-15.590	23.705
-15.500	23.685
-15.410	23.645
-15.350	23.645
-15.330	23.635
-15.290	23.635
-15.150	23.675
-14.960	23.825
-14.900	23.905
-14.840	23.945
-14.820	24.005
-14.820	24.045
-14.810	24.065
-14.820	24.105
-14.820	24.155
-14.850	24.235
-14.850	24.265
-14.860	24.285
POLYLINE GREEN
-15.530	24.275
-15.500	24.365
-15.500	24.405
-15.520	24.455
POLYLINE GREEN
-15.790	24.385
-15.770	24.355
-15.770	24.335
-15.700	24.245
-15.650	24.235
-15.610	24.235
-15.540	24.265
-15.520	24.285
-15.490	24.285
POLYLINE GREEN
-15.630	24.745
-15.550	24.675
-15.510	24.705
-15.490	24.695
-15.480	24.735
-15.440	24.765
-15.440	24.785
-15.420	24.805
POLYLINE GREEN
-16.150	24.915
-16.130	24.875
-16.040	24.845
-16.000	24.955
-16.000	24.975
POLYLINE GREEN
-15.870	25.245
-15.810	25.195
-15.700	25.145
-15.680	25.145
-15.620	25.265
POLYLINE GREEN
-16.490	25.495
-16.430	25.435
-16.350	25.395
-16.270	25.455
-16.240	25.495
-16.230	25.555
POLYLINE GREEN
-16.600	26.045
-16.490	25.935
-16.450	25.915
-16.390	25.975
-16.350	26.085
POLYLINE GREEN
-16.850	26.385
-16.840	26.325
-16.780	26.275
-16.710	26.365
-16.690	26.445
POLYLINE GREEN
-16.970	26.905
-16.990	26.905
-16.980	26.865
-16.930	26.805
-16.880	26.815
-16.820	26.905
POLYLINE GREEN
-17.170	27.335
-17.020	27.235
-16.980	27.245
-16.950	27.275
-16.930	27.325
-16.910	27.345
POLYLINE GREEN
-17.180	27.795
-17.120	27.745
-17.080	27.735
-17.060	27.725
-17.020	27.755
-17.000	27.825
-17.000	27.865
POLYLINE GREEN
-17.360	28.015
-17.260	27.955
-17.240	27.955
-17.200	28.015
-17.170	28.085
POLYLINE GREEN
-17.260	28.325
-17.160	28.245
-17.080	28.265
-17.060	28.335
-17.050	28.375
POLYLINE GREEN
-17.490	28.505
-17.470	28.445
-17.430	28.415
-17.390	28.405
-17.370	28.425
-17.370	28.445
-17.320	28.535
POLYLINE GREEN
-17.460	28.785
-17.380	28.725
-17.340	28.725
-17.300	28.815
POLYLINE GREEN
-17.570	29.055
-17.570	28.985
-17.510	28.945
-17.480	28.945
-17.440	28.955
-17.400	29.025
POLYLINE BLACK
-16.815	25.615
-16.860	25.765
-16.860	25.825
-16.875	25.855
-16.875	25.930
-16.920	26.080
-16.950	26.140
-16.950	26.170
-17.010	26.260
-17.010	26.290
-17.025	26.320
-17.025	26.365
-17.070	26.455
-17.070	26.485
-17.130	26.680
-17.130	26.755
-17.145	26.815
-17.160	26.950
-17.190	27.010
-17.190	27.040
-17.235	27.220
-17.250	27.385
-17.295	27.535
-17.355	27.760
-17.355	27.805
-17.370	27.865
-17.370	27.895
-17.415	28.045
-17.430	28.105
-17.430	28.135
-17.460	28.195
-17.460	28.225
-17.505	28.330
-17.505	28.360
-17.565	28.510
-17.565	28.570
-17.580	28.630
-17.580	28.660
POLYLINE BLACK
-16.830	25.690
POLYLINE BLACK
-16.830	25.690
POLYLINE BLACK
-16.920	25.675
POLYLINE BLACK
-17.346	29.284
-17.360	29.284
-17.381	29.256
-17.430	29.151
POLYLINE BLACK
-17.493	29.361
-17.486	29.312
-17.479	29.284
-17.479	29.256
-17.486	29.235
POLYLINE BLACK
-17.703	29.319
-17.633	29.263
-17.584	29.193
POLYLINE BLACK
-17.738	29.158
-17.661	29.116
-17.647	29.116
POLYLINE BLACK
-17.773	29.018
-17.759	29.018
-17.731	29.004
-17.696	29.011
-17.668	29.004
-17.661	28.990
POLYLINE BLACK
-17.353	29.284
-17.367	29.298
-17.367	29.312
-17.437	29.368
-17.465	29.368
-17.493	29.375
-17.507	29.375
-17.535	29.361
-17.549	29.361
-17.612	29.340
-17.696	29.270
-17.731	29.228
-17.738	29.207
-17.766	29.165
-17.766	29.151
-17.773	29.137
-17.773	29.088
-17.766	29.074
-17.766	29.039
-17.759	29.011
-17.759	28.997
-17.731	28.934
-17.731	28.920
-17.703	28.878
-17.696	28.864
-17.682	28.857
POLYLINE BLACK
-17.230	29.105
-17.210	29.065
-17.300	29.155
-17.310	29.195
-17.330	29.215
-17.360	29.365
-17.370	29.405
-17.380	29.445
-17.380	29.475
-17.400	29.535
-17.400	29.565
-17.410	29.605
-17.440	29.765
-17.460	29.875
-17.460	29.915
-17.470	29.955
POLYLINE BLACK
-17.550	28.595
-17.580	28.655
-17.600	28.735
-17.650	28.855
-17.750	28.915
-17.790	28.905
-17.810	28.895
-17.830	28.905
-17.870	28.885
-17.910	28.895
-17.950	28.885
-17.990	28.885
-18.030	28.915
-18.050	28.915
-18.100	28.995
-18.110	29.065
POLYLINE BLACK
-15.460	29.645
-15.455	29.670
-15.445	29.690
-15.445	29.700
-15.430	29.730
-15.430	29.740
-15.425	29.760
-15.425	29.855
-15.440	29.895
-15.455	29.935
-15.455	29.945
-15.480	29.990
-15.480	30.000
-15.500	30.015
-15.510	30.030
-15.540	30.050
-15.570	30.080
-15.570	30.090
-15.640	30.155
-15.670	30.200
-15.695	30.215
-15.720	30.250
-15.730	30.255
-15.735	30.270
-15.760	30.300
-15.800	30.330
-15.805	30.345
-15.845	30.395
-15.865	30.425
-15.875	30.450
-15.895	30.480
-15.920	30.520
POLYLINE BLACK
-15.460	29.665
-15.455	29.640
-15.475	29.635
-15.480	29.625
-15.510	29.615
-15.530	29.620
-15.550	29.615
-15.570	29.615
-15.590	29.620
-15.600	29.620
-15.620	29.625
-15.650	29.625
-15.670	29.630
-15.680	29.625
-15.690	29.630
-15.700	29.620
-15.710	29.625
-15.750	29.610
-15.760	29.605
-15.770	29.610
-15.790	29.605
-15.800	29.605
-15.820	29.610
-15.860	29.610
-15.890	29.625
-15.895	29.635
-15.915	29.640
-15.945	29.640
-15.955	29.645
-15.965	29.640
-15.995	29.655
-16.005	29.655
-16.030	29.685
-16.070	29.695
-16.080	29.695
-16.090	29.700
-16.100	29.695
-16.110	29.700
-16.130	29.695
-16.160	29.705
-16.180	29.720
-16.205	29.765
-16.205	29.785
-16.220	29.815
-16.220	29.840
-16.215	29.860
-16.205	29.870
-16.205	29.880
-16.185	29.910
-16.175	29.930
-16.175	29.940
-16.170	29.960
-16.170	29.970
-16.160	30.000
-16.160	30.075
-16.165	30.095
-16.165	30.170
-16.155	30.210
-16.145	30.220
-16.140	30.255
-16.130	30.295
-16.130	30.305
-16.115	30.355
-16.095	30.400
-16.055	30.440
-16.050	30.450
-16.040	30.455
-16.035	30.470
-15.995	30.505
-15.975	30.505
-15.935	30.515
-15.915	30.505
POLYLINE CONNECT
-15.450	29.640
-17.220	29.051
POLYLINE BLACK
-16.365	26.355
-16.245	26.070
-16.305	26.115
-16.365	26.235
-16.485	26.415
-16.500	26.460
-16.575	26.580
-16.575	26.610
-16.710	26.880
-16.710	26.910
-16.740	26.970
-16.740	27.000
-16.800	27.225
-16.800	27.285
-16.815	27.345
-16.815	27.375
-16.845	27.480
-16.860	27.555
-16.875	27.615
-16.875	27.645
-16.890	27.705
-16.890	27.780
-16.920	27.900
-16.920	27.930
-16.935	27.990
-16.935	28.035
-16.950	28.065
-16.950	28.140
-16.980	28.260
-16.995	28.335
-17.070	28.575
-17.220	28.935
-17.265	29.010
-17.265	29.040
-17.310	29.130
POLYLINE BLACK
-15.675	26.730
POLYLINE BLACK
-14.879	28.508
-14.879	28.522
-14.893	28.522
-14.907	28.529
-14.921	28.522
-14.935	28.529
-14.963	28.522
-14.991	28.522
-15.019	28.508
-15.075	28.508
-15.089	28.515
-15.138	28.515
-15.166	28.494
-15.180	28.494
-15.208	28.473
-15.229	28.431
-15.236	28.368
-15.236	28.354
-15.222	28.326
-15.222	28.291
-15.229	28.277
-15.222	28.249
-15.222	28.235
-15.243	28.179
-15.243	28.158
-15.264	28.102
-15.264	28.088
-15.292	28.011
-15.292	27.997
-15.299	27.969
-15.299	27.906
-15.285	27.850
-15.285	27.829
-15.264	27.759
-15.250	27.731
-15.243	27.696
-15.229	27.654
-15.201	27.612
-15.187	27.563
-15.117	27.409
-15.089	27.367
-15.033	27.290
-14.998	27.248
-14.963	27.185
-14.921	27.129
-14.886	27.087
-14.816	27.024
-14.809	26.996
-14.774	26.933
-14.774	26.919
-14.760	26.863
-14.760	26.786
-14.767	26.772
-14.767	26.709
-14.760	26.681
-14.760	26.667
-14.753	26.639
POLYLINE BLACK
-14.291	25.939
-14.305	25.925
-14.333	25.925
-14.361	25.939
-14.375	25.932
-14.403	25.946
-14.459	25.946
-14.487	25.953
-14.501	25.953
-14.557	25.988
-14.564	26.016
-14.557	26.044
-14.557	26.058
-14.536	26.142
-14.536	26.156
-14.564	26.212
-14.585	26.240
-14.627	26.268
-14.662	26.331
-14.690	26.352
-14.718	26.401
-14.718	26.415
-14.732	26.443
-14.732	26.457
-14.746	26.485
-14.746	26.499
-14.760	26.527
-14.767	26.576
-14.781	26.632
-14.781	26.646
-14.788	26.660
POLYLINE BLACK
-14.256	25.862
POLYLINE BLACK
-14.046	26.380
-14.060	26.394
-14.095	26.471
-14.116	26.499
-14.123	26.534
-14.137	26.562
-14.137	26.576
-14.151	26.590
-14.151	26.604
-14.186	26.716
-14.228	26.821
-14.249	26.863
-14.270	26.891
-14.270	26.912
-14.326	27.031
-14.354	27.073
-14.417	27.220
-14.417	27.234
-14.459	27.374
-14.480	27.423
-14.487	27.458
-14.536	27.556
-14.571	27.647
-14.571	27.661
-14.592	27.745
-14.599	27.794
-14.599	27.829
-14.606	27.857
-14.606	27.871
-14.613	27.885
-14.613	27.920
-14.627	27.976
-14.627	27.990
-14.641	28.018
-14.641	28.039
-14.662	28.095
-14.662	28.109
-14.690	28.200
-14.739	28.305
-14.739	28.319
-14.753	28.333
-14.753	28.347
-14.781	28.389
-14.781	28.403
-14.809	28.424
-14.823	28.459
-14.851	28.480
-14.879	28.522
POLYLINE BLACK
-14.333	25.911
-14.319	25.911
-14.263	25.925
-14.249	25.925
-14.235	25.932
-14.221	25.925
-14.207	25.932
-14.179	25.925
-14.165	25.925
-14.123	25.939
-14.088	25.995
-14.067	26.044
-14.067	26.058
-14.046	26.100
-14.046	26.135
-14.039	26.163
-14.039	26.247
-14.046	26.282
-14.046	26.310
-14.060	26.352
POLYLINE CONNECT
-14.290	26.312
-15.957	25.649
POLYLINE BLACK
-15.806	25.859
-15.785	25.824
-15.799	25.838
-15.855	25.838
-15.869	25.831
-15.890	25.831
-15.918	25.824
-15.932	25.824
-15.974	25.796
-15.988	25.796
-16.002	25.803
-16.016	25.789
-16.044	25.796
-16.079	25.796
-16.107	25.817
-16.121	25.817
-16.163	25.873
-16.212	25.957
-16.247	26.013
POLYLINE BLACK
-14.483	23.850
-14.553	23.955
-14.637	24.081
-14.644	24.102
-14.728	24.221
-14.812	24.340
-14.826	24.354
-14.833	24.375
-14.903	24.480
-14.966	24.585
-14.980	24.620
-15.001	24.648
-15.050	24.739
-15.260	25.005
-15.344	25.117
-15.351	25.138
-15.379	25.180
-15.421	25.278
-15.435	25.292
-15.435	25.306
-15.449	25.320
-15.463	25.355
-15.505	25.418
-15.533	25.446
-15.554	25.488
-15.610	25.558
-15.694	25.684
-15.701	25.705
-15.722	25.733
-15.722	25.747
-15.743	25.775
-15.743	25.789
-15.757	25.810
-15.757	25.824
-15.771	25.838
-15.764	25.817
POLYLINE BLACK
-15.778	23.318
-15.778	23.290
-15.778	23.290
-15.792	23.318
-15.792	23.332
-15.806	23.360
-15.806	23.374
-15.820	23.402
-15.820	23.416
-15.841	23.465
-15.841	23.479
-15.862	23.535
-15.862	23.556
-15.876	23.598
-15.876	23.619
-15.897	23.668
-15.897	23.682
-15.925	23.773
-15.925	23.787
-15.939	23.815
-15.939	23.829
-15.960	23.885
-15.960	23.906
-16.002	23.997
-16.002	24.011
-16.023	24.060
-16.023	24.074
-16.044	24.102
-16.044	24.116
-16.065	24.144
-16.065	24.158
-16.079	24.172
-16.079	24.186
-16.107	24.228
-16.114	24.263
-16.135	24.305
-16.135	24.319
-16.149	24.333
-16.149	24.347
-16.170	24.403
-16.170	24.417
-16.184	24.445
-16.184	24.459
-16.198	24.494
-16.198	24.508
-16.212	24.536
-16.212	24.557
-16.268	24.669
-16.268	24.683
-16.289	24.732
-16.289	24.746
-16.303	24.760
-16.303	24.774
-16.310	24.802
-16.331	24.830
-16.345	24.830
-16.352	24.851
-16.380	24.893
-16.401	24.942
-16.415	24.956
-16.464	25.061
-16.513	25.117
-16.520	25.138
-16.555	25.180
-16.583	25.201
-16.611	25.243
-16.681	25.299
-16.695	25.299
-16.737	25.327
-16.751	25.362
-16.779	25.404
-16.793	25.432
-16.793	25.446
-16.807	25.502
-16.814	25.565
-16.814	25.593
-16.821	25.621
POLYLINE BLACK
-15.778	23.297
POLYLINE GREEN
-12.891	24.198
-12.891	24.226
-12.898	24.268
-12.898	24.289
-12.905	24.317
-12.905	24.331
-12.912	24.345
-12.912	24.380
POLYLINE GREEN
-12.919	24.261
-12.933	24.261
-12.954	24.289
-12.954	24.415
-12.961	24.443
-12.961	24.457
-12.968	24.471
-12.968	24.506
-12.975	24.534
-12.975	24.562
POLYLINE GREEN
-12.982	24.275
-12.996	24.275
-13.010	24.282
-13.024	24.310
-13.024	24.331
-13.038	24.359
-13.038	24.443
-13.010	24.520
-13.010	24.618
-13.017	24.646
POLYLINE GREEN
-12.772	24.072
-12.772	24.058
-12.800	24.100
-12.856	24.184
-12.884	24.205
-12.912	24.205
-12.940	24.191
-12.968	24.198
-12.982	24.198
-13.010	24.219
-13.024	24.212
-13.038	24.219
-13.038	24.247
-13.052	24.261
-13.052	24.275
-13.066	24.331
-13.066	24.464
-13.073	24.492
-13.073	24.534
-13.045	24.611
-13.045	24.625
-13.038	24.653
-13.038	24.695
-13.045	24.723
-13.045	24.737
-13.052	24.751
POLYLINE BLACK
-12.492	23.645
-12.478	23.659
-12.478	23.743
-12.492	23.764
-12.492	23.778
-12.520	23.848
-12.562	23.904
-12.632	23.939
-12.646	23.939
-12.730	24.016
-12.751	24.044
-12.765	24.051
-12.807	24.149
-12.807	24.163
-12.835	24.205
-12.856	24.275
-12.891	24.394
-12.891	24.408
-12.919	24.471
-12.919	24.485
-12.954	24.541
-12.954	24.555
-12.975	24.583
-12.975	24.597
-13.024	24.702
-13.038	24.716
-13.045	24.751
-13.087	24.835
-13.115	24.877
-13.136	24.919
-13.136	24.933
-13.164	24.975
-13.206	25.031
POLYLINE BLACK
-12.478	23.624
-12.492	23.631
-12.520	23.617
-12.534	23.617
-12.548	23.624
-12.562	23.617
-12.576	23.624
-12.604	23.617
-12.709	23.617
-12.751	23.603
-12.765	23.610
-12.828	23.603
-12.884	23.603
-12.898	23.617
-12.926	23.617
-12.940	23.610
-12.968	23.617
-13.010	23.617
-13.024	23.610
-13.038	23.617
-13.052	23.610
-13.080	23.617
-13.108	23.617
-13.136	23.624
-13.164	23.610
-13.192	23.624
-13.206	23.617
-13.262	23.638
-13.276	23.638
-13.304	23.645
-13.332	23.645
-13.346	23.652
-13.367	23.652
-13.381	23.645
-13.395	23.666
-13.437	23.666
-13.465	23.673
-13.493	23.659
-13.521	23.659
-13.535	23.666
-13.549	23.652
-13.563	23.659
-13.570	23.673
-13.640	23.729
-13.654	23.771
-13.654	23.862
-13.682	23.904
-13.689	23.925
-13.717	23.967
-13.745	24.030
-13.745	24.044
-13.759	24.100
-13.759	24.149
-13.766	24.177
-13.766	24.191
-13.759	24.219
-13.759	24.247
-13.724	24.324
-13.682	24.380
-13.675	24.408
-13.675	24.394
-13.675	24.394
-13.675	24.394
-13.675	24.394
-13.675	24.415
-13.640	24.471
-13.640	24.485
-13.577	24.583
-13.514	24.667
-13.465	24.779
-13.465	24.779
-13.451	24.807
-13.444	24.842
-13.430	24.870
-13.430	24.884
-13.423	24.912
-13.416	24.975
-13.416	25.108
-13.423	25.136
-13.423	25.234
-13.416	25.262
-13.402	25.269
-13.332	25.213
-13.304	25.171
-13.262	25.108
-13.234	25.066
-13.192	25.010
-13.185	24.996
POLYLINE CONNECT
-12.968	24.176
-14.942	23.513
POLYLINE BLACK
-14.068	22.906
-14.138	23.006
-14.158	23.056
-14.218	23.156
-14.268	23.346
-14.268	23.376
-14.338	23.546
-14.348	23.586
-14.448	23.796
POLYLINE BLACK
-15.798	22.636
-15.788	22.596
-15.628	22.716
-15.588	22.776
-15.568	22.886
-15.568	22.946
-15.578	22.986
-15.598	23.066
-15.668	23.196
-15.698	23.226
-15.718	23.226
-15.758	23.266
POLYLINE BLACK
-13.148	20.756
-13.223	20.996
-13.298	21.176
-13.598	21.776
-13.598	21.806
-13.838	22.301
-13.943	22.481
-14.063	22.781
-14.123	22.916
POLYLINE BLACK
-14.276	20.327
-14.290	20.355
-14.290	20.376
-14.297	20.404
-14.332	20.523
-14.360	20.628
-14.374	20.656
-14.374	20.677
-14.388	20.705
-14.416	20.803
-14.444	20.894
-14.521	21.118
-14.542	21.160
-14.556	21.209
-14.591	21.307
-14.626	21.384
-14.626	21.398
-14.647	21.440
-14.647	21.461
-14.745	21.685
-14.759	21.699
-14.801	21.790
-14.815	21.804
-14.815	21.818
-14.864	21.895
-14.906	21.986
-14.927	22.014
-14.941	22.014
-14.983	22.049
-14.997	22.049
-15.011	22.056
-15.095	22.056
-15.123	22.049
-15.137	22.021
POLYLINE GREEN
-15.788	22.497
-15.774	22.490
-15.774	22.511
-15.767	22.539
-15.767	22.595
-15.774	22.623
-15.774	22.637
-15.767	22.665
-15.767	22.679
-15.774	22.693
-15.774	22.742
-15.781	22.756
POLYLINE GREEN
-15.823	22.413
-15.774	22.469
-15.760	22.476
-15.753	22.462
-15.711	22.427
POLYLINE GREEN
-15.634	22.462
-15.676	22.406
-15.767	22.364
-15.781	22.364
-15.823	22.385
-15.865	22.420
-15.879	22.455
-15.879	22.483
-15.823	22.560
-15.809	22.560
-15.788	22.588
-15.760	22.581
-15.746	22.588
-15.662	22.539
-15.648	22.525
-15.641	22.504
-15.620	22.476
-15.620	22.448
-15.634	22.420
-15.662	22.399
-15.676	22.399
-15.683	22.385
-15.711	22.371
-15.739	22.385
-15.774	22.364
POLYLINE BLACK
-16.012	22.336
-15.977	22.378
-15.935	22.406
-15.900	22.448
-15.879	22.490
-15.865	22.504
-15.865	22.518
-15.851	22.525
-15.844	22.546
-15.830	22.546
-15.788	22.581
-15.774	22.574
POLYLINE BLACK
-15.081	22.042
-15.123	22.042
-15.193	22.014
-15.207	22.014
-15.263	21.972
-15.291	21.958
-15.312	21.930
-15.326	21.930
-15.368	21.895
-15.382	21.895
POLYLINE BLACK
-16.374	20.052
-16.374	20.080
-16.388	20.094
-16.388	20.129
-16.395	20.143
-16.395	20.164
-16.409	20.206
POLYLINE GREEN
-16.738	20.129
-16.766	20.143
-16.808	20.143
-16.822	20.136
-16.836	20.143
-16.892	20.115
-16.920	20.122
-16.934	20.122
-16.948	20.143
-16.962	20.150
-16.969	20.164
-16.962	20.192
-16.962	20.248
-16.948	20.311
-16.941	20.381
-16.941	20.437
-16.927	20.451
POLYLINE GREEN
-16.906	19.919
-16.913	19.905
-16.906	19.814
POLYLINE GREEN
-16.899	19.961
-16.906	19.912
-16.906	19.863
-16.899	19.849
POLYLINE GREEN
-16.920	19.926
-16.920	19.821
POLYLINE GREEN
-16.920	20.052
-16.920	19.877
POLYLINE GREEN
-16.941	20.038
-16.955	20.010
-16.969	19.919
-16.969	19.856
POLYLINE GREEN
-16.899	20.010
-16.899	19.975
-16.885	19.849
-16.885	19.821
POLYLINE GREEN
-16.906	19.996
-16.906	19.947
-16.913	19.884
-16.913	19.793
-16.906	19.765
POLYLINE GREEN
-16.885	20.003
-16.885	19.968
-16.892	19.940
-16.892	19.821
-16.906	19.709
POLYLINE GREEN
-16.892	20.045
-16.892	19.961
-16.885	19.933
-16.885	19.772
POLYLINE GREEN
-16.927	20.010
-16.927	19.982
-16.955	19.877
-16.962	19.814
POLYLINE GREEN
-16.969	19.940
-16.969	20.003
-16.955	20.031
-16.955	20.045
-16.927	20.066
-16.885	20.031
-16.864	19.989
-16.864	19.961
-16.871	19.933
-16.871	19.863
-16.864	19.835
-16.864	19.779
-16.857	19.751
-16.857	19.716
-16.850	19.702
POLYLINE GREEN
-16.750	20.124
-16.750	20.104
-16.810	20.064
-16.830	20.064
-16.850	20.044
-16.890	20.044
-16.910	20.064
-16.920	20.144
-16.920	20.254
-16.900	20.314
POLYLINE GREEN
-16.430	20.244
-16.440	20.314
POLYLINE GREEN
-16.570	20.224
-16.600	20.334
-16.600	20.394
POLYLINE GREEN
-16.640	20.204
-16.660	20.284
-16.660	20.334
-16.650	20.354
POLYLINE GREEN
-16.760	20.114
-16.760	20.144
-16.790	20.204
-16.790	20.254
-16.800	20.274
-16.790	20.294
POLYLINE GREEN
-16.480	20.284
-16.500	20.354
-16.510	20.424
-16.510	20.534
-16.520	20.574
-16.520	20.614
-16.510	20.654
-16.510	20.684
POLYLINE GREEN
-16.600	20.294
-16.620	20.374
-16.620	20.444
-16.600	20.554
-16.600	20.604
-16.590	20.654
-16.600	20.694
-16.590	20.954
POLYLINE GREEN
-16.660	20.244
-16.730	20.334
-16.730	20.444
-16.720	20.514
-16.730	20.604
-16.730	20.674
-16.710	20.754
-16.710	20.794
-16.690	20.864
-16.690	20.894
-16.700	20.934
-16.710	21.044
POLYLINE GREEN
-16.790	20.224
-16.810	20.214
-16.840	20.254
-16.830	20.354
-16.820	20.444
-16.810	20.494
-16.810	20.554
-16.820	20.604
-16.820	20.674
-16.800	20.744
-16.810	20.784
-16.810	20.894
-16.780	20.944
-16.780	20.964
-16.750	21.054
-16.750	21.184
-16.830	21.374
-16.840	21.444
POLYLINE GREEN
-16.350	20.194
-16.430	20.214
-16.450	20.234
-16.470	20.214
-16.490	20.224
-16.530	20.214
-16.550	20.214
-16.560	20.194
-16.600	20.194
-16.680	20.124
-16.780	20.084
-16.790	20.104
-16.850	20.104
-16.910	20.144
-16.920	20.194
-16.970	20.334
-16.970	20.484
-16.960	20.524
-16.960	20.554
-16.940	20.634
-16.910	20.774
-16.890	20.914
-16.890	21.074
-16.910	21.164
-16.910	21.204
-16.920	21.254
-16.920	21.484
-16.930	21.524
-16.920	21.564
-16.920	21.924
-16.910	21.944
POLYLINE BLACK
-16.690	19.674
-16.730	19.674
-16.750	19.684
-16.770	19.664
-16.830	19.664
-16.890	19.694
-16.970	19.834
-16.980	19.874
-17.000	19.934
-17.100	19.994
-17.140	20.024
-17.200	20.024
-17.240	20.034
-17.280	20.034
-17.340	20.014
-17.360	20.014
-17.380	20.064
-17.420	20.104
-17.430	20.144
-17.450	20.164
-17.450	20.184
POLYLINE BLACK
-16.870	21.664
-16.830	21.624
-16.870	21.634
-16.900	21.694
-16.900	21.734
-16.910	21.774
-16.910	21.804
-16.920	21.844
-16.950	21.974
-17.050	22.064
-17.070	22.164
-17.070	22.204
-17.130	22.404
-17.150	22.464
-17.150	22.494
-17.160	22.534
-17.160	22.584
-17.170	22.624
-17.170	22.644
-17.240	22.714
-17.330	22.734
-17.380	22.744
-17.440	22.744
-17.520	22.714
-17.600	22.654
-17.600	22.594
-17.580	22.554
-17.580	22.524
-17.550	22.444
-17.550	22.404
-17.540	22.364
-17.520	22.344
-17.500	22.264
-17.530	22.174
-17.540	22.134
-17.570	22.094
-17.640	22.064
-17.710	21.964
-17.800	21.784
-17.800	21.754
-17.820	21.694
-17.840	21.584
-17.860	21.384
-17.880	21.294
-17.890	21.204
-17.900	21.124
-17.900	20.964
-17.880	20.874
-17.880	20.784
-17.860	20.704
-17.850	20.664
-17.790	20.474
-17.770	20.454
-17.760	20.414
-17.720	20.324
-17.620	20.204
-17.600	20.204
-17.560	20.174
-17.540	20.184
-17.480	20.164
-17.440	20.094
-17.430	20.054
POLYLINE BLACK
-16.390	20.154
-16.380	20.134
-16.370	20.154
-16.380	20.194
-16.390	20.234
-16.440	20.394
-16.440	20.444
-16.450	20.484
-16.470	20.504
-16.490	20.644
-16.510	20.734
-16.540	20.874
-16.590	21.014
-16.680	21.204
-16.680	21.234
-16.720	21.294
-16.740	21.354
-16.740	21.384
-16.800	21.484
-16.810	21.504
-16.810	21.504
-16.820	21.524
-16.860	21.534
-16.920	21.574
POLYLINE BLACK
-16.750	19.614
-16.710	19.644
-16.610	19.664
-16.590	19.674
-16.550	19.654
-16.530	19.664
-16.490	19.654
-16.450	19.654
-16.380	19.724
-16.370	19.764
-16.350	19.824
-16.350	19.894
-16.360	19.934
-16.360	19.994
-16.390	20.094
POLYLINE CONNECT
-16.720	20.049
-13.465	20.648
POLYLINE BLACK
-12.355	19.224
-12.385	19.254
-12.385	19.284
-12.430	19.344
-12.430	19.374
-12.550	19.524
-12.550	19.554
-12.580	19.584
-12.580	19.614
-12.610	19.644
-12.805	20.079
-12.820	20.139
-12.880	20.229
-12.880	20.259
-12.970	20.409
-12.970	20.439
-13.000	20.484
-13.000	20.514
-13.060	20.619
-13.060	20.649
-13.075	20.709
-13.105	20.739
-13.105	20.769
POLYLINE BLACK
-14.335	18.429
-14.365	18.444
-14.410	18.549
-14.410	18.579
-14.440	18.699
-14.440	18.729
-14.455	18.789
-14.455	18.849
-14.470	18.909
-14.470	19.254
-14.455	19.314
-14.455	19.449
-14.425	19.509
-14.425	19.539
-14.365	19.659
-14.365	19.689
-14.335	19.749
-14.335	19.779
-14.305	19.839
-14.305	19.869
-14.290	19.929
-14.290	19.959
-14.275	20.019
-14.275	20.184
-14.260	20.214
-14.275	20.274
-14.275	20.304
-14.260	20.364
POLYLINE BLACK
-14.080	18.984
POLYLINE BLACK
-13.975	19.524
-13.990	19.554
POLYLINE BLACK
-14.380	18.399
-14.380	18.429
-14.365	18.489
-14.215	18.609
-14.170	18.669
-14.080	18.729
-13.840	18.894
-13.825	18.924
-13.795	18.924
-13.735	18.954
-13.735	18.984
-13.705	19.044
-13.705	19.134
-13.765	19.299
-13.825	19.389
-13.855	19.389
-13.915	19.419
-13.945	19.479
-13.975	19.494
-14.005	19.479
-14.065	19.494
-14.125	19.479
-14.275	19.479
-14.305	19.449
-14.335	19.464
-14.365	19.434
-14.425	19.434
-14.440	19.389
-14.470	19.404
-14.500	19.389
-14.530	19.404
-14.545	19.359
POLYLINE BLACK
-19.295	18.389
-19.315	18.379
-19.335	18.399
-19.375	18.389
-19.435	18.389
-19.475	18.399
-19.515	18.389
-19.555	18.389
-19.595	18.399
-19.655	18.389
-19.755	18.419
POLYLINE BLACK
-18.855	18.639
-18.955	18.739
-18.995	18.749
-19.125	18.879
-19.135	18.919
-19.155	18.939
-19.165	18.979
-19.195	19.039
-19.195	19.089
-19.205	19.139
-19.225	19.239
-19.225	19.369
-19.235	19.409
-19.255	19.429
-19.255	19.429
-19.385	19.569
-19.425	19.629
-19.435	19.669
-19.445	19.719
-19.465	19.739
-19.475	19.779
-19.495	19.839
-19.515	19.919
-19.565	20.109
-19.585	20.189
-19.755	20.509
-19.815	20.659
-19.905	20.809
-19.995	21.009
-19.995	21.049
-20.025	21.109
-20.025	21.139
-20.065	21.219
-20.065	21.249
-20.095	21.329
-20.095	21.349
POLYLINE BLACK
-20.925	18.649
-20.925	18.679
-20.935	18.699
-20.845	18.899
-20.815	18.949
-20.745	19.049
-20.705	19.059
-20.605	19.159
-20.585	19.159
-20.555	19.199
-20.525	19.209
-20.525	19.229
-20.475	19.289
-20.425	19.389
-20.415	19.429
-20.395	19.509
-20.395	19.639
-20.485	19.779
-20.545	19.799
-20.645	19.879
-20.685	19.919
-20.735	20.009
-20.745	20.049
-20.755	20.099
-20.785	20.139
-20.805	20.219
-20.815	20.259
-20.835	20.279
-20.835	20.319
-20.855	20.379
-20.855	20.409
-20.865	20.429
-20.855	20.469
-20.835	20.549
-20.765	20.639
-20.765	20.669
-20.745	20.709
-20.745	20.739
-20.675	20.929
-20.665	20.969
-20.655	21.009
-20.645	21.059
-20.625	21.079
-20.625	21.059
-20.585	21.089
-20.535	21.089
-20.415	21.139
-20.365	21.189
-20.335	21.219
-20.215	21.429
-20.195	21.429
-20.145	21.369
-20.075	21.189
POLYLINE BLACK
-19.575	18.399
-19.665	18.409
-19.705	18.409
-19.745	18.399
-19.825	18.399
-19.895	18.389
-19.935	18.399
-19.985	18.389
-20.075	18.389
-20.115	18.399
-20.175	18.389
-20.215	18.399
-20.235	18.389
-20.255	18.409
-20.545	18.409
-20.585	18.419
-20.625	18.409
-20.715	18.409
-20.815	18.439
-20.835	18.459
-20.855	18.459
-20.875	18.479
-20.875	18.499
-20.915	18.539
-20.925	18.579
-20.935	18.659
POLYLINE BLACK
-19.185	18.349
-19.245	18.369
-19.295	18.359
-19.335	18.369
-19.375	18.349
-19.415	18.359
-19.495	18.359
-19.515	18.349
-19.535	18.359
-19.575	18.349
-19.615	18.349
-19.655	18.359
POLYLINE BLACK
-19.125	18.369
-19.155	18.429
-19.155	18.449
-19.215	18.529
-19.255	18.539
-19.295	18.519
-19.315	18.459
-19.315	18.419
-19.325	18.369
-19.325	18.329
POLYLINE BLACK
-18.995	18.129
-19.085	18.229
-19.095	18.269
-19.235	18.379
-19.255	18.379
-19.265	18.359
-19.245	18.369
-19.225	18.359
POLYLINE BLACK
-18.005	17.499
-18.045	17.529
-18.095	17.559
-18.165	17.639
-18.185	17.689
-18.265	17.779
-18.355	17.929
-18.495	18.119
-18.555	18.209
-18.615	18.259
-18.615	18.279
-18.695	18.399
-18.715	18.419
-18.715	18.439
-18.735	18.459
-18.735	18.489
-18.805	18.559
-18.845	18.569
-18.905	18.589
-18.915	18.609
POLYLINE BLACK
-19.035	18.119
-18.905	17.919
-18.895	17.879
-18.835	17.709
-18.825	17.669
-18.785	17.539
-18.775	17.499
-18.665	17.339
-18.615	17.259
-18.555	17.219
POLYLINE CONNECT
-19.290	18.519
-12.604	18.999
POLYLINE BROWN
-11.790	18.579
-11.895	18.699
-11.925	18.714
-11.955	18.759
-12.045	18.834
-12.060	18.864
-12.090	18.879
-12.210	19.029
-12.270	19.074
-12.435	19.284
POLYLINE BROWN
-11.622	17.245
-11.601	17.231
POLYLINE BROWN
-11.629	17.406
-11.601	17.413
-11.552	17.399
-11.503	17.399
POLYLINE BROWN
-11.622	17.588
-11.629	17.574
-11.538	17.574
-11.510	17.581
-11.496	17.574
POLYLINE BROWN
-11.643	17.721
-11.615	17.707
-11.552	17.700
-11.510	17.700
POLYLINE BROWN
-11.657	17.945
-11.566	17.980
-11.552	17.980
POLYLINE BROWN
-11.685	18.106
-11.671	18.106
-11.580	18.141
-11.559	18.141
POLYLINE BROWN
-11.741	18.197
-11.727	18.190
-11.664	18.218
POLYLINE BROWN
-11.776	18.372
-11.825	18.428
POLYLINE BROWN
-11.776	18.183
-11.783	18.197
-11.909	18.281
-11.937	18.309
POLYLINE BROWN
-11.818	17.980
-11.846	17.987
-11.881	18.015
-11.916	18.029
-11.930	18.043
-11.944	18.043
-11.958	18.057
-11.972	18.057
POLYLINE BROWN
-11.769	17.679
-11.804	17.700
-11.846	17.693
-11.909	17.707
-11.937	17.721
POLYLINE BROWN
-11.790	17.616
-11.748	17.518
-11.776	17.518
-11.825	17.511
-11.867	17.511
-11.895	17.518
-11.909	17.511
POLYLINE BROWN
-11.699	17.329
-11.713	17.329
-11.741	17.308
-11.755	17.308
-11.832	17.273
-11.846	17.273
POLYLINE BROWN
-11.622	17.252
-11.643	17.238
-11.657	17.203
-11.720	17.154
-11.741	17.126
POLYLINE BROWN
-11.727	18.505
-11.713	18.498
-11.727	18.512
-11.741	18.512
-11.769	18.505
-11.783	18.491
-11.797	18.491
-11.825	18.449
-11.839	18.400
-11.853	18.386
-11.853	18.372
-11.881	18.316
-11.881	18.295
-11.909	18.204
-11.916	18.155
-11.923	18.127
-11.923	18.099
-11.930	18.085
-11.930	18.064
-11.937	18.036
-11.937	18.022
-11.944	17.994
-11.958	17.896
-11.965	17.833
-11.965	17.777
-11.944	17.693
-11.944	17.672
-11.888	17.455
-11.888	17.441
-11.874	17.399
-11.874	17.378
-11.804	17.245
-11.734	17.161
-11.664	17.105
-11.594	17.063
-11.566	17.070
POLYLINE BROWN
-11.538	17.091
-11.531	17.119
-11.531	17.133
-11.524	17.161
-11.524	17.175
-11.517	17.203
-11.517	17.245
-11.503	17.301
-11.496	17.364
-11.489	17.392
-11.489	17.483
-11.482	17.497
-11.489	17.525
-11.482	17.574
-11.482	17.630
-11.489	17.644
-11.489	17.721
-11.496	17.770
-11.496	17.784
-11.510	17.840
-11.517	17.903
-11.517	17.917
-11.524	17.945
-11.524	17.987
-11.531	18.015
-11.531	18.029
-11.559	18.120
-11.622	18.246
-11.622	18.260
-11.650	18.302
-11.664	18.337
-11.678	18.351
-11.678	18.365
-11.706	18.421
-11.720	18.435
-11.720	18.449
-11.734	18.463
-11.734	18.477
-11.748	18.491
POLYLINE BROWN
-11.510	16.650
-11.503	16.678
-11.503	16.692
-11.510	16.720
-11.517	16.783
-11.517	16.818
-11.524	16.846
-11.524	16.958
-11.517	16.972
-11.524	16.986
-11.517	17.014
-11.524	17.042
-11.524	17.077
-11.531	17.105
-11.531	17.119
POLYLINE BLACK
-12.315	16.097
-12.308	16.083
-12.364	16.118
-12.378	16.132
-12.392	16.132
-12.434	16.167
-12.448	16.167
-12.462	16.181
-12.490	16.181
-12.518	16.202
-12.546	16.202
-12.574	16.216
-12.588	16.216
-12.616	16.223
-12.630	16.223
-12.644	16.230
-12.665	16.230
-12.693	16.244
-12.707	16.244
-12.735	16.258
-12.749	16.258
-12.777	16.265
-12.812	16.265
-12.854	16.286
-12.868	16.286
-12.882	16.279
-12.910	16.307
-12.952	16.307
-13.008	16.335
-13.022	16.335
-13.050	16.363
-13.064	16.363
-13.050	16.356
POLYLINE BLACK
-11.055	13.549
-11.097	13.570
-11.104	13.584
-11.118	13.591
-11.153	13.654
-11.167	13.668
-11.174	13.703
-11.202	13.759
-11.202	13.773
-11.223	13.808
-11.223	13.822
-11.251	13.878
-11.251	13.899
-11.265	13.913
-11.272	13.948
-11.314	14.032
-11.314	14.046
-11.328	14.060
-11.328	14.074
-11.349	14.116
-11.356	14.151
-11.370	14.179
-11.370	14.207
-11.433	14.354
-11.433	14.368
-11.454	14.396
-11.454	14.410
-11.496	14.501
-11.524	14.543
-11.573	14.648
-11.601	14.690
-11.615	14.725
-11.671	14.802
-11.699	14.844
-11.734	14.886
-11.748	14.921
-11.776	14.963
-11.832	15.068
-11.853	15.096
-11.860	15.117
-11.895	15.159
-11.923	15.201
-11.930	15.236
-11.944	15.264
-11.951	15.299
-11.979	15.390
-12.021	15.495
-12.049	15.579
-12.049	15.593
-12.112	15.733
-12.126	15.740
-12.161	15.817
-12.182	15.845
-12.182	15.859
-12.203	15.908
-12.224	15.936
-12.231	15.957
-12.287	16.041
-12.294	16.055
-12.308	16.062
-12.329	16.097
-12.343	16.104
-12.350	16.118
-12.364	16.111
-12.392	16.125
-12.420	16.125
-12.448	16.132
-12.462	16.132
-12.476	16.139
-12.476	16.125
POLYLINE BLACK
-12.252	16.258
-12.266	16.251
-12.287	16.209
-12.329	16.146
POLYLINE BLACK
-12.112	16.258
-12.112	16.216
-12.105	16.202
-12.105	16.153
-12.098	16.139
POLYLINE BLACK
-11.916	16.265
-11.923	16.251
-11.923	16.230
-11.958	16.160
POLYLINE BLACK
-11.762	16.272
-11.748	16.279
-11.741	16.244
-11.741	16.230
-11.769	16.188
POLYLINE BLACK
-11.349	15.733
-11.377	15.747
-11.391	15.747
-11.461	15.775
-11.489	15.796
-11.503	15.796
-11.552	15.852
-11.580	15.908
-11.580	15.922
-11.636	16.034
-11.636	16.048
-11.650	16.062
-11.664	16.097
-11.713	16.153
-11.755	16.181
-11.769	16.195
POLYLINE BLACK
-10.411	14.067
-10.460	14.123
-10.474	14.158
-10.516	14.214
-10.516	14.228
-10.530	14.249
-10.530	14.263
-10.579	14.375
-10.593	14.389
-10.614	14.438
-10.628	14.452
-10.670	14.536
-10.684	14.550
-10.796	14.774
-10.866	14.900
-10.880	14.914
-10.880	14.928
-10.915	14.970
-10.922	14.991
-10.943	15.019
-10.978	15.103
-11.006	15.145
-11.020	15.173
POLYLINE BLACK
-11.258	15.866
-11.251	15.838
-11.251	15.782
-11.237	15.754
-11.237	15.733
-11.230	15.705
-11.230	15.691
-11.223	15.663
-11.223	15.649
-11.209	15.614
-11.209	15.600
-11.202	15.586
-11.202	15.565
-11.160	15.460
-11.125	15.411
-11.125	15.397
-11.097	15.355
-11.097	15.341
-11.048	15.243
-11.041	15.208
-11.027	15.180
-11.027	15.166
-11.013	15.138
-11.013	15.124
-11.006	15.096
POLYLINE BLACK
-11.363	15.852
-11.363	15.824
-11.377	15.775
-11.377	15.761
-11.391	15.726
POLYLINE BLACK
-11.412	15.922
-11.447	15.866
-11.503	15.810
POLYLINE BLACK
-11.482	16.020
-11.510	15.999
-11.580	15.915
POLYLINE BLACK
-11.552	16.104
-11.622	16.048
-11.643	16.006
POLYLINE BLACK
-11.664	16.188
-11.664	16.160
-11.685	16.118
-11.685	16.104
POLYLINE BLACK
-11.938	16.146
-11.978	16.146
-12.038	16.126
-12.078	16.126
-12.098	16.116
-12.148	16.126
-12.188	16.116
-12.228	16.126
-12.268	16.116
-12.308	16.126
-12.358	16.116
-12.378	16.126
-12.408	16.106
POLYLINE BLACK
-11.608	16.076
-11.628	16.076
-11.728	16.156
-11.848	16.186
-11.888	16.176
-11.928	16.166
-11.968	16.156
-11.988	16.136
-12.028	16.126
-12.078	16.096
-12.118	16.086
-12.158	16.066
-12.158	16.046
POLYLINE BLACK
-11.658	16.246
-11.648	16.206
-11.668	16.166
POLYLINE BLACK
-11.398	15.716
-11.378	15.726
-11.338	15.716
-11.298	15.706
-11.268	15.786
-11.268	15.826
-11.258	15.866
-11.258	15.906
-11.288	16.016
-11.328	16.136
-11.368	16.256
-11.368	16.296
-11.428	16.486
-11.448	16.566
-11.508	16.696
POLYLINE BLACK
-15.238	16.006
-15.308	16.076
-15.428	16.266
-15.458	16.306
-15.498	16.416
-15.498	16.446
-15.558	16.656
-15.658	16.876
-15.668	16.916
-15.688	16.936
-15.698	16.986
-15.738	17.066
-15.748	17.106
-15.768	17.156
-15.798	17.196
-15.918	17.456
-15.948	17.496
-15.988	17.586
-16.028	17.626
-16.058	17.676
-16.158	17.796
-16.218	17.846
POLYLINE BLACK
-15.598	15.796
-15.638	15.776
-15.698	15.806
-15.738	15.816
-15.808	15.886
-15.848	15.976
-15.868	15.996
-15.878	16.036
-15.948	16.216
-15.968	16.326
-15.978	16.366
-16.018	16.506
-16.078	16.676
-16.078	16.716
-16.088	16.786
-16.108	16.876
-16.138	16.966
-16.138	16.996
-16.158	17.056
-16.158	17.086
-16.208	17.196
-16.218	17.236
-16.288	17.476
-16.318	17.596
-16.358	17.726
-16.358	17.806
-16.328	17.836
-16.268	17.816
-16.248	17.796
-16.228	17.806
-16.158	17.776
POLYLINE BLACK
-15.598	15.776
POLYLINE BLACK
-14.808	14.576
-14.828	14.566
-14.848	14.586
-14.888	14.596
-14.998	14.686
-15.088	14.776
-15.108	14.826
-15.168	14.926
-15.198	15.006
-15.208	15.046
-15.268	15.256
-15.268	15.296
-15.298	15.376
-15.298	15.416
-15.348	15.526
-15.358	15.566
-15.408	15.646
-15.488	15.706
-15.508	15.706
-15.528	15.726
-15.588	15.736
-15.688	15.816
-15.708	15.816
-15.718	15.836
POLYLINE BLACK
-14.848	14.536
-14.828	14.536
-14.778	14.596
-14.778	14.636
-14.858	14.896
-14.908	15.086
-14.908	15.116
-14.958	15.256
-14.958	15.306
-14.968	15.346
-14.978	15.386
-15.048	15.596
-15.068	15.676
-15.088	15.726
-15.168	15.826
-15.188	15.836
-15.188	15.856
-15.208	15.876
-15.208	15.896
-15.228	15.916
-15.238	15.956
-15.248	15.976
-15.248	15.976
POLYLINE CONNECT
-15.278	15.836
-11.810	16.281
POLYLINE BLACK
-9.863	10.156
-9.863	10.066
-9.833	10.006
-9.833	9.976
-9.773	9.811
-9.773	9.781
-9.758	9.751
-9.728	9.736
POLYLINE BLACK
-10.418	14.041
-10.388	13.936
-10.328	13.816
-10.298	13.786
-10.298	13.756
-10.238	13.636
-10.223	13.561
-10.118	13.336
-9.968	13.126
-9.863	12.961
-9.773	12.781
-9.698	12.661
-9.563	12.436
-9.518	12.331
-9.443	12.241
-9.443	12.211
-9.413	12.181
-9.383	12.076
-9.293	11.896
-9.278	11.821
-9.233	11.731
-9.233	11.686
-9.203	11.626
-9.203	11.596
-9.173	11.566
-9.173	11.536
-9.158	11.476
-9.128	11.431
-9.128	11.401
-9.068	11.206
-9.023	11.116
-9.023	11.086
-8.993	11.056
-8.963	10.951
-8.828	10.651
-8.768	10.561
-8.723	10.456
-8.663	10.366
POLYLINE BLACK
-8.663	10.516
POLYLINE BLACK
-9.788	9.946
-9.818	9.961
-9.968	10.216
-9.998	10.321
-10.043	10.486
-10.043	10.546
-10.073	10.651
-10.073	10.681
-10.088	10.741
-10.088	10.801
-10.103	10.876
-10.103	10.936
-10.148	11.086
-10.208	11.251
-10.223	11.326
-10.358	11.716
-10.433	11.926
-10.433	11.956
-10.478	12.046
-10.478	12.091
-10.508	12.151
-10.523	12.226
-10.643	12.496
-10.643	12.526
-10.703	12.661
-10.703	12.691
-10.733	12.751
-10.748	12.826
-10.823	13.006
-10.823	13.036
-10.973	13.366
-10.973	13.396
-11.018	13.471
-11.018	13.501
-11.078	13.591
POLYLINE BLACK
-13.088	12.281
-13.088	12.261
-13.008	12.251
-12.968	12.241
-12.908	12.261
-12.868	12.251
-12.808	12.271
-12.788	12.251
-12.688	12.271
-12.648	12.281
-12.608	12.341
-12.588	12.441
-12.608	12.561
-12.638	12.621
-12.648	12.661
-12.688	12.751
-12.758	12.851
POLYLINE BLACK
-13.328	12.781
-13.318	12.721
-13.278	12.681
-13.278	12.661
-13.248	12.621
-13.248	12.561
-13.258	12.521
-13.258	12.391
-13.168	12.251
-13.128	12.241
-13.108	12.231
-13.098	12.251
-13.098	12.231
POLYLINE BLACK
-13.328	12.791
-13.348	12.771
-13.368	12.771
-13.438	12.871
-13.438	12.891
-13.478	12.961
-13.508	12.991
-13.648	13.281
-13.658	13.321
-13.698	13.491
-13.698	13.511
POLYLINE BLACK
-12.748	12.761
-12.788	12.841
-12.808	12.941
-12.818	13.021
-12.818	13.051
-12.828	13.091
-12.858	13.211
-12.888	13.291
-12.908	13.381
-12.928	13.461
-12.938	13.501
-12.968	13.651
-12.988	13.691
-13.018	13.721
-13.038	13.761
-13.118	13.841
-13.158	13.901
-13.218	13.941
-13.338	13.961
-13.358	13.951
-13.398	13.961
-13.418	13.981
-13.398	13.981
POLYLINE BLACK
-13.688	13.401
-13.728	13.491
-13.738	13.571
-13.738	13.651
-13.728	13.721
-13.728	13.781
-13.718	13.821
-13.718	13.881
-13.728	13.921
-13.728	14.031
-13.678	14.161
-13.628	14.211
-13.608	14.221
-13.588	14.201
-13.568	14.201
-13.538	14.151
-13.488	14.101
-13.458	13.991
-13.438	13.971
-13.418	13.971
-13.378	13.941
POLYLINE CONNECT
-13.248	12.731
-10.761	13.722
POLYLINE BROWN
-7.278	8.621
-7.068	8.231
-7.038	8.201
POLYLINE BROWN
-7.518	8.681
-7.473	8.591
POLYLINE BROWN
-7.833	8.981
-7.743	8.921
-7.728	8.891
POLYLINE BROWN
-8.118	9.401
-7.998	9.251
POLYLINE BROWN
-8.373	9.791
-8.298	9.641
-8.268	9.611
POLYLINE BROWN
-8.538	7.976
-8.508	7.931
POLYLINE BROWN
-8.703	8.381
-8.703	8.351
-8.658	8.261
POLYLINE BROWN
-8.898	8.771
-8.898	8.741
-8.853	8.651
POLYLINE BROWN
-8.973	9.101
-8.973	9.026
-8.958	8.996
POLYLINE BROWN
-8.703	8.351
-8.718	8.321
POLYLINE BROWN
-8.838	8.696
POLYLINE BROWN
-9.033	9.101
POLYLINE BROWN
-8.478	9.581
-8.508	9.581
-8.538	9.566
POLYLINE BROWN
-8.508	9.701
-8.598	9.701
-8.658	9.671
POLYLINE BROWN
-8.508	9.911
-8.538	9.926
-8.643	9.881
-8.673	9.881
-8.763	9.821
POLYLINE BROWN
-8.793	10.016
-8.778	9.986
-8.793	9.956
-8.778	9.896
POLYLINE BROWN
-9.138	9.821
-9.018	9.746
POLYLINE BROWN
-9.243	9.536
-9.228	9.566
-9.153	9.566
-9.093	9.596
POLYLINE BROWN
-9.048	9.446
-9.003	9.506
-8.973	9.521
POLYLINE BROWN
-9.243	9.641
-9.243	9.611
-9.258	9.671
-9.258	9.701
-9.183	9.821
-9.048	9.926
-8.898	9.971
-8.868	10.001
-8.688	10.031
-8.658	10.046
-8.583	10.046
-8.523	10.031
-8.448	10.031
POLYLINE BROWN
-8.478	9.326
-8.448	9.431
-8.433	9.506
-8.448	9.581
-8.478	9.776
-8.553	9.956
-8.553	9.986
POLYLINE BROWN
-9.303	9.626
-9.318	9.596
-9.288	9.596
-9.138	9.461
-8.988	9.341
-8.973	9.311
-8.913	9.281
-8.868	9.221
POLYLINE BLACK
-8.733	9.221
-8.733	9.251
-8.763	9.371
POLYLINE BLACK
-8.523	9.491
-8.448	9.371
-8.418	9.311
POLYLINE BLACK
-8.808	9.386
-8.778	9.326
-8.778	9.296
-8.748	9.266
POLYLINE BLACK
-9.078	9.341
-9.033	9.251
-9.033	9.206
-9.003	9.086
POLYLINE BLACK
-9.078	9.271
-9.038	9.271
-9.038	9.231
POLYLINE BLACK
-9.038	9.331
-9.018	9.291
POLYLINE BLACK
-9.238	9.031
-9.298	9.171
POLYLINE BLACK
-8.238	9.291
-8.318	9.311
-8.398	9.291
-8.538	9.291
-8.658	9.231
-8.838	9.191
-9.018	9.111
-9.098	9.091
-9.138	9.071
-9.178	9.091
-9.258	9.031
-9.298	9.031
-9.318	8.971
-9.298	8.891
-9.298	8.691
-9.278	8.611
-9.278	8.391
-9.258	8.311
-9.258	8.191
-9.178	8.171
-9.038	8.171
-8.918	8.151
-8.558	8.231
-8.418	8.231
-8.378	8.251
-8.238	8.251
-8.038	8.291
-7.958	8.291
-8.018	8.451
-8.038	8.551
-8.058	8.631
-8.098	8.811
-8.118	8.891
-8.158	9.071
-8.198	9.231
-8.198	9.271
POLYLINE BLACK
-11.388	6.611
-11.428	6.601
-11.508	6.601
-11.548	6.611
-11.568	6.601
-11.668	6.661
-11.688	6.661
-11.708	6.681
-11.728	6.681
-11.728	6.621
-11.748	6.541
-11.758	6.461
-11.758	6.401
-11.768	6.361
-11.768	6.331
-11.828	6.211
-11.898	6.151
-11.938	6.121
-11.958	6.121
POLYLINE BLACK
-11.848	8.711
-11.768	8.631
-11.738	8.541
-11.738	8.501
-11.728	8.461
-11.738	8.421
-11.778	8.361
-11.848	8.261
-11.878	8.231
-11.898	8.231
-11.968	8.161
-12.028	8.121
-12.128	8.101
-12.148	8.101
-12.158	8.081
-12.218	8.071
-12.258	8.011
-12.258	7.991
-12.228	7.951
-12.148	7.941
-12.068	7.921
-12.008	7.881
-11.958	7.831
-11.818	7.771
-11.718	7.611
-11.678	7.491
-11.658	7.451
-11.658	7.421
-11.628	7.361
-11.618	7.321
-11.548	7.151
-11.488	7.021
-11.388	6.641
-11.388	6.581
POLYLINE BLACK
-13.588	10.111
-13.578	10.071
-13.558	10.031
POLYLINE BLACK
-12.888	7.921
-12.878	7.961
-12.888	8.001
-12.898	8.041
-12.918	8.121
-12.938	8.211
-12.978	8.331
-12.988	8.401
-12.968	8.461
-12.888	8.571
-12.798	8.661
-12.778	8.671
-12.768	8.701
-12.658	8.751
-12.558	8.771
-12.518	8.781
-12.398	8.781
-12.358	8.801
-12.298	8.781
-12.238	8.781
-12.198	8.771
-12.158	8.761
-12.088	8.751
-12.048	8.751
-12.028	8.761
-11.988	8.731
-11.968	8.741
-11.908	8.721
-11.828	8.671
-11.828	8.651
POLYLINE BLACK
-11.938	6.131
-11.978	6.121
-12.058	6.131
-12.118	6.131
-12.158	6.121
-12.218	6.141
-12.258	6.141
-12.298	6.151
-12.368	6.221
-12.408	6.301
-12.428	6.401
-12.438	6.441
-12.468	6.521
-12.498	6.651
-12.528	6.781
-12.548	6.801
-12.568	6.881
-12.608	6.951
-12.688	7.181
-12.688	7.211
-12.708	7.251
-12.708	7.281
-12.738	7.361
-12.738	7.391
-12.758	7.451
-12.758	7.501
-12.768	7.571
-12.768	7.601
-12.778	7.641
-12.778	7.681
-12.798	7.721
-12.798	7.751
-12.838	7.811
-12.848	7.851
-12.868	7.911
POLYLINE CONNECT
-12.283	7.996
-9.169	10.128
POLYLINE BLACK
-9.828	9.831
-9.768	9.681
-9.768	9.651
-9.708	9.486
-9.708	9.426
-9.663	9.291
-9.663	9.231
-9.468	8.781
-9.468	8.751
-9.393	8.586
-9.393	8.556
-9.348	8.451
-9.348	8.391
-9.318	8.301
-9.318	8.256
-9.288	8.121
-9.288	8.091
-9.258	7.971
-9.258	7.911
-9.243	7.881
-9.243	7.836
-9.198	7.686
-9.198	7.656
-9.138	7.521
-9.138	7.476
-9.093	7.386
-9.093	7.356
-9.033	7.161
-9.033	6.891
POLYLINE BLACK
-7.653	8.121
-7.713	8.166
-7.758	8.271
-7.758	8.331
-7.833	8.571
-7.908	8.766
-7.908	8.796
-7.968	8.946
-7.968	8.976
-8.028	9.096
-8.043	9.171
-8.253	9.606
-8.328	9.696
-8.358	9.771
-8.478	9.936
-8.538	10.041
-8.748	10.386
-8.778	10.446
POLYLINE BLUE
-9.513	11.196
-9.483	11.196
POLYLINE BLUE
-9.438	11.076
POLYLINE BLUE
-9.573	11.106
-9.543	11.076
POLYLINE BLUE
-5.763	5.961
-5.793	5.931
-5.853	5.946
-5.913	5.946
-5.943	6.051
-5.943	6.081
-6.003	6.171
-6.093	6.201
-6.153	6.246
-6.168	6.276
-6.138	6.336
-6.213	6.426
-6.273	6.471
-6.273	6.501
-6.333	6.336
-6.258	6.486
-6.198	6.471
-6.078	6.396
-6.048	6.411
-6.018	6.381
POLYLINE BLUE
-4.773	5.256
-4.818	5.196
-4.908	5.196
-4.968	5.241
-5.058	5.436
-5.148	5.496
-5.238	5.496
-5.298	5.451
-5.328	5.451
-5.418	5.511
-5.418	5.556
-5.478	5.706
-5.553	5.736
-5.613	5.781
-5.643	5.781
-5.673	5.721
-5.673	5.586
-5.643	5.526
-5.643	5.781
-5.628	5.841
-5.598	5.826
-5.538	5.841
-5.418	5.841
-5.373	5.826
POLYLINE BLACK
-5.883	5.961
-5.883	5.931
-5.928	5.856
-5.988	5.826
-6.018	5.826
-6.078	5.781
-6.198	5.781
-6.318	5.841
-6.408	5.916
-6.453	6.021
-6.513	6.111
-6.528	6.246
-6.543	6.306
-6.543	6.591
-6.483	6.741
-6.348	6.846
POLYLINE BLACK
-7.413	7.881
-7.593	7.626
POLYLINE BLACK
-7.098	7.566
-7.218	7.416
-7.278	7.356
POLYLINE BLACK
-6.708	7.311
-6.708	7.281
-6.783	7.161
-6.858	7.056
POLYLINE BLACK
-6.288	7.056
-6.378	6.921
-6.498	6.801
POLYLINE BLACK
-6.033	6.771
-6.033	6.741
-6.198	6.546
-6.228	6.486
POLYLINE BLACK
-4.998	1.566
-5.088	1.641
-5.313	1.911
-5.388	2.016
-5.553	2.151
-5.673	2.286
-5.808	2.391
-5.883	2.481
-5.958	2.541
-5.988	2.586
-6.033	2.616
-6.063	2.661
-6.138	2.721
-6.453	3.096
-6.588	3.261
-6.948	3.696
-7.008	3.756
-7.083	3.861
-7.128	3.891
-7.353	4.176
-7.398	4.236
-7.428	4.251
-7.563	4.431
-7.593	4.506
-7.728	4.671
-7.863	4.851
-8.103	5.196
-8.178	5.346
-8.208	5.376
-8.223	5.421
-8.283	5.481
-8.343	5.616
-8.373	5.646
-8.748	6.426
-8.808	6.486
-8.838	6.591
-8.868	6.621
-8.868	6.651
-9.018	6.891
-9.018	6.921
-9.033	6.951
POLYLINE BLACK
-6.258	5.196
-6.258	5.166
-6.393	4.971
-6.453	4.881
-6.453	4.851
-6.468	4.791
-6.468	4.506
-6.438	4.446
-6.438	4.416
-6.303	4.146
-6.198	4.056
-6.168	3.981
-6.078	3.906
-5.928	3.726
-5.883	3.621
-5.808	3.531
-5.553	3.156
-5.493	3.036
-5.373	2.856
-5.253	2.631
-4.878	2.031
-4.878	2.001
-4.788	1.806
-4.758	1.776
-4.758	1.746
POLYLINE BLACK
-5.748	6.711
-5.748	6.576
-5.733	6.546
-5.748	6.381
-5.793	6.216
-5.793	6.171
-5.823	6.111
-5.823	6.081
-5.868	5.976
-5.868	5.946
-5.943	5.781
-5.943	5.751
-5.988	5.691
-6.138	5.361
-6.138	5.301
-6.198	5.181
-6.198	5.151
-6.213	5.121
POLYLINE BLACK
-7.638	8.061
-7.638	8.031
-7.443	7.821
-7.413	7.821
-7.338	7.716
-7.128	7.581
-7.038	7.506
-6.933	7.446
-6.813	7.371
-6.783	7.341
-6.753	7.341
-6.693	7.296
-6.648	7.281
-6.588	7.221
-6.528	7.206
-6.468	7.131
-6.318	6.996
-6.273	6.981
-6.213	6.921
-6.168	6.906
-6.003	6.756
-5.973	6.756
-5.913	6.696
-5.883	6.711
-5.763	6.636
-5.703	6.606
-5.673	6.606
-5.583	6.531
-5.553	6.531
-5.523	6.501
-5.493	6.501
-5.373	6.441
-5.343	6.411
-5.313	6.411
-5.298	6.381
-5.238	6.336
-5.208	6.336
-5.193	6.306
-5.013	6.216
-4.923	6.141
-4.893	6.126
-4.848	6.066
-4.848	6.066
-4.848	6.066
-4.848	6.066
-4.833	6.006
-4.683	5.811
-4.563	5.661
-4.473	5.496
-4.473	5.466
-4.458	5.436
-4.458	5.391
POLYLINE BROWN
-3.813	9.051
POLYLINE BROWN
-4.353	4.686
-4.263	4.731
-4.233	4.731
-4.203	4.761
-4.173	4.761
-4.083	4.821
-4.068	4.851
-3.978	4.911
-3.978	4.956
-3.963	5.016
-3.963	5.046
-3.978	5.106
-3.978	5.136
-3.993	5.166
-3.993	5.211
-4.083	5.361
-4.113	5.376
-4.263	5.676
-4.383	5.811
-4.443	5.961
-4.548	6.111
-4.653	6.231
-4.713	6.276
-4.743	6.351
-4.893	6.456
POLYLINE BROWN
-4.398	4.701
-4.398	4.671
-4.428	4.671
-4.458	4.641
-4.488	4.641
-4.518	4.611
-4.563	4.626
-4.623	4.611
-4.773	4.611
-4.803	4.596
-4.863	4.611
-4.878	4.641
-4.938	4.656
-4.968	4.656
-5.028	4.686
-5.058	4.686
-5.118	4.746
-5.163	4.746
-5.253	4.776
-5.403	4.896
-5.433	4.896
-5.493	4.926
-5.523	4.926
-5.673	4.986
-5.853	5.046
-5.883	5.031
-6.003	5.106
-6.063	5.106
-6.123	5.121
POLYLINE BLACK
-13.013	16.301
-13.053	16.321
-13.073	16.351
-13.113	16.361
-13.213	16.461
-13.383	16.681
-13.593	17.031
-13.713	17.251
-13.763	17.331
-13.793	17.381
-13.843	17.451
-13.883	17.551
-14.063	17.821
-14.143	17.941
-14.163	17.991
-14.273	18.141
-14.303	18.181
-14.333	18.231
-14.363	18.261
-14.433	18.371
POLYLINE BLACK
-12.383	17.751
-12.323	17.651
-12.163	17.511
-11.983	17.301
-11.883	17.201
POLYLINE GREEN
-12.813	18.901
-12.723	18.751
-12.713	18.731
POLYLINE GREEN
-12.813	19.141
-12.803	19.101
-12.803	18.991
-12.793	18.921
-12.793	18.881
-12.913	18.751
POLYLINE BLACK
-12.613	18.011
-12.633	18.111
-12.633	18.151
-12.643	18.221
-12.643	18.261
-12.633	18.311
-12.623	18.351
-12.613	18.391
-12.613	18.441
-12.603	18.481
-12.583	18.611
-12.583	18.651
-12.543	18.801
-12.533	18.871
-12.543	18.911
-12.543	19.091
-12.553	19.111
POLYLINE BLACK
-12.496	20.459
-12.489	20.424
-12.475	20.431
-12.475	20.445
-12.468	20.473
-12.468	20.711
-12.475	20.739
-12.475	20.774
-12.482	20.788
-12.482	20.823
-12.489	20.851
-12.489	20.914
-12.517	20.977
-12.517	21.019
-12.524	21.047
-12.524	21.061
-12.531	21.089
-12.531	21.089
-12.531	21.089
-12.531	21.103
-12.503	21.215
-12.503	21.250
-12.496	21.278
-12.496	21.355
-12.503	21.383
-12.503	21.411
-12.517	21.460
-12.517	21.586
-12.510	21.621
-12.510	21.698
-12.503	21.726
-12.503	21.845
-12.517	21.873
-12.524	21.908
-12.538	21.936
POLYLINE BLACK
-12.475	20.410
POLYLINE BLACK
-12.377	22.440
-12.356	22.412
-12.342	22.412
-12.328	22.419
-12.293	22.377
-12.293	22.363
-12.279	22.321
-12.265	22.307
-12.251	22.307
-12.209	22.286
-12.181	22.293
-12.153	22.286
-12.139	22.286
-12.111	22.258
-12.097	22.258
-12.055	22.188
-12.055	22.174
-12.034	22.132
-12.013	22.104
-12.013	22.055
-11.992	21.999
-11.992	21.971
-12.020	21.929
-12.020	21.915
-12.041	21.873
-12.041	21.845
-12.048	21.817
-12.048	21.782
POLYLINE BLACK
-12.552	21.929
-12.524	21.880
-12.524	21.943
-12.531	21.971
-12.531	21.985
-12.573	22.041
-12.587	22.090
-12.587	22.104
-12.608	22.146
-12.608	22.160
-12.622	22.181
-12.622	22.195
-12.629	22.209
-12.615	22.237
-12.601	22.237
-12.559	22.251
-12.538	22.251
-12.510	22.258
-12.482	22.258
-12.454	22.272
-12.440	22.272
-12.412	22.293
-12.384	22.335
-12.384	22.349
-12.356	22.391
-12.356	22.405
-12.349	22.419
POLYLINE BLACK
-12.335	20.480
-12.307	20.417
-12.293	20.417
-12.286	20.438
-12.258	20.480
-12.237	20.536
-12.237	20.620
-12.230	20.655
-12.230	20.697
-12.223	20.711
-12.223	20.732
-12.216	20.760
-12.216	20.774
-12.195	20.830
-12.195	20.844
-12.188	20.872
-12.188	20.872
-12.188	20.872
-12.188	20.991
-12.223	21.299
-12.223	21.327
-12.230	21.355
-12.230	21.474
-12.202	21.544
-12.174	21.614
-12.146	21.656
-12.132	21.663
-12.118	21.684
-12.104	21.691
-12.097	21.705
-12.083	21.712
-12.062	21.740
-12.062	21.824
-12.055	21.810
-12.055	21.824
POLYLINE BLACK
-12.489	20.389
-12.433	20.347
-12.426	20.333
-12.391	20.333
-12.377	20.326
-12.363	20.333
-12.349	20.326
-12.342	20.361
-12.307	20.417
POLYLINE CONNECT
-12.499	21.884
-11.266	18.812
POLYLINE BLACK
-11.719	19.143
-11.705	19.115
-11.705	19.080
-11.712	19.052
-11.782	19.003
POLYLINE BLACK
-11.726	19.101
-11.740	19.108
-11.754	19.136
-11.775	19.150
-11.803	19.199
-11.803	19.213
-11.824	19.269
-11.824	19.297
-11.817	19.318
-11.803	19.304
-11.775	19.318
-11.761	19.318
-11.747	19.325
-11.733	19.311
-11.677	19.311
-11.649	19.304
-11.635	19.304
-11.607	19.290
-11.537	19.353
-11.537	19.367
POLYLINE BLACK
-10.809	20.174
-10.789	20.154
-10.829	19.984
-10.879	19.874
-10.879	19.854
-10.909	19.814
-10.919	19.774
-10.959	19.654
-10.979	19.624
-10.989	19.584
-11.019	19.544
-11.029	19.484
-11.049	19.454
-11.049	19.434
-11.069	19.414
-11.089	19.334
-11.129	19.254
-11.129	19.224
-11.159	19.164
-11.169	19.124
-11.199	19.054
-11.249	19.004
-11.269	18.954
-11.289	18.934
-11.289	18.914
-11.309	18.894
POLYLINE BLACK
-9.599	19.164
-9.609	19.144
-9.649	19.154
-9.749	19.124
-9.839	19.114
-9.919	19.094
-9.939	19.114
-9.999	19.094
-10.029	19.094
-10.109	19.074
-10.149	19.074
-10.199	19.064
-10.259	19.064
-10.399	19.044
-10.439	19.034
-10.489	19.044
-10.549	19.024
-10.589	19.014
-10.629	19.024
-10.709	19.014
-10.749	19.014
-10.819	19.004
-10.899	18.994
POLYLINE BLACK
-12.149	18.039
-12.149	18.029
-12.209	18.004
POLYLINE BLACK
-11.539	17.849
-11.519	17.844
-11.489	17.864
-11.479	17.869
-11.474	17.859
-11.464	17.854
-11.454	17.834
-11.454	17.779
-11.459	17.759
-11.459	17.749
-11.464	17.729
-11.464	17.729
-11.464	17.739
-11.444	17.789
-11.414	17.834
-11.404	17.839
-11.394	17.854
-11.384	17.844
-11.379	17.819
-11.374	17.799
-11.374	17.744
-11.379	17.719
-11.379	17.739
-11.364	17.779
-11.314	17.844
-11.304	17.849
-11.299	17.859
-11.299	17.849
-11.284	17.839
-11.269	17.804
-11.269	17.789
-11.264	17.769
-11.264	17.724
-11.269	17.704
-11.269	17.694
-11.274	17.684
POLYLINE BLACK
-11.734	17.919
-11.724	17.919
-11.669	17.964
-11.659	17.964
-11.639	17.969
-11.619	17.939
-11.619	17.924
-11.609	17.894
-11.614	17.884
-11.614	17.864
-11.639	17.814
-11.679	17.774
-11.709	17.759
-11.719	17.749
-11.719	17.739
-11.694	17.739
-11.649	17.734
-11.609	17.734
-11.589	17.729
-11.579	17.729
POLYLINE BLACK
-11.829	17.934
-11.829	17.944
-11.854	17.954
-11.884	17.954
-11.909	17.959
-11.919	17.959
-11.929	17.954
-11.944	17.934
-11.969	17.924
-11.979	17.904
-11.979	17.854
-11.969	17.824
-11.934	17.784
-11.894	17.754
-11.884	17.759
-11.874	17.754
-11.814	17.764
-11.804	17.769
POLYLINE BLACK
-12.184	18.019
-12.179	18.009
-12.204	18.019
-12.234	18.004
POLYLINE BLACK
-12.169	18.109
-12.169	18.099
-12.214	18.084
POLYLINE BLACK
-12.189	18.174
-12.224	18.134
-12.244	18.114
POLYLINE BLACK
-12.234	18.239
-12.234	18.209
-12.254	18.179
POLYLINE BLACK
-12.339	18.259
-12.334	18.244
-12.319	18.224
-12.319	18.179
-12.324	18.169
POLYLINE BLACK
-12.164	17.979
-12.154	17.974
-12.144	17.994
-12.144	18.104
-12.154	18.139
-12.184	18.179
-12.194	18.184
-12.214	18.214
-12.224	18.224
-12.234	18.224
-12.279	18.239
-12.299	18.239
-12.359	18.224
-12.379	18.224
-12.394	18.219
POLYLINE BLACK
-11.259	18.779
-11.299	18.759
-11.309	18.729
-11.369	18.689
-11.489	18.549
-11.589	18.469
-11.819	18.279
-11.919	18.189
-12.009	18.109
-12.029	18.109
-12.029	18.079
-12.059	18.049
-12.089	18.029
-12.099	17.989
-12.219	17.909
-12.239	17.889
-12.259	17.889
-12.279	17.869
-12.299	17.869
-12.349	17.819
-12.369	17.819
-12.379	17.799
POLYLINE BLACK
-12.619	18.019
-12.559	18.049
-12.389	18.189
-12.349	18.229
-12.279	18.319
-12.209	18.389
-12.179	18.399
-12.039	18.559
-12.009	18.609
-11.969	18.669
-11.909	18.729
-11.839	18.829
-11.829	18.879
-11.729	19.049
-11.649	19.149
POLYLINE BLACK
-8.409	17.459
-8.379	17.389
-8.249	17.309
-8.229	17.289
-8.189	17.279
-8.179	17.259
-8.159	17.259
-8.139	17.239
-8.099	17.229
-8.059	17.199
-8.009	17.189
-7.929	17.149
-7.899	17.179
-7.829	17.249
POLYLINE BLACK
-7.409	16.439
-7.439	16.469
-7.449	16.519
-7.499	16.549
-7.529	16.599
-7.609	16.669
-7.639	16.679
-7.709	16.749
-7.859	16.869
-7.869	16.889
-7.939	16.929
-8.099	17.029
-8.189	17.069
-8.289	17.149
-8.309	17.139
-8.379	17.209
-8.479	17.279
-8.499	17.279
-8.519	17.299
-8.559	17.309
-8.579	17.329
-8.599	17.329
-8.599	17.329
POLYLINE BLACK
-8.839	17.479
-8.809	17.449
-8.739	17.419
-8.659	17.369
-8.629	17.369
-8.589	17.349
POLYLINE BLACK
-8.049	17.259
-7.999	17.209
-7.909	17.189
-7.889	17.199
POLYLINE BLACK
-8.239	17.349
-8.159	17.269
-8.139	17.259
POLYLINE BLACK
-8.669	17.589
-8.579	17.519
-8.479	17.469
POLYLINE BLACK
-9.169	17.879
-8.969	17.759
POLYLINE BLACK
-9.589	18.059
-9.549	18.049
-9.459	17.989
POLYLINE BLACK
-10.149	18.449
-10.119	18.369
-9.999	18.289
-9.909	18.249
-9.869	18.219
POLYLINE BLACK
-10.479	18.579
-10.349	18.519
-10.309	18.479
POLYLINE BLACK
-10.809	18.729
-10.609	18.609
POLYLINE BLACK
-10.759	18.559
-10.829	18.599
-10.839	18.619
-10.909	18.639
-10.919	18.659
POLYLINE BLACK
-10.189	18.209
-10.199	18.239
-10.269	18.289
-10.309	18.329
-10.339	18.339
POLYLINE BLACK
-9.639	17.949
-9.629	17.919
-9.769	18.039
POLYLINE BLACK
-9.009	17.599
-9.029	17.599
-9.139	17.669
POLYLINE BLACK
-7.849	17.099
-7.849	17.159
-7.779	17.289
-7.759	17.299
-7.759	17.319
-7.719	17.359
-7.709	17.399
-7.659	17.489
-7.609	17.569
-7.489	17.819
-7.419	17.919
-7.419	17.939
-7.389	17.979
-7.349	18.049
-7.339	18.129
POLYLINE BLACK
-11.079	18.829
-11.049	18.769
-11.029	18.689
-11.069	18.709
-11.079	18.729
-11.119	18.729
-11.179	18.769
-11.279	18.789
-11.419	18.649
POLYLINE BLACK
-10.829	19.019
-10.819	18.999
-10.899	18.989
-10.939	18.999
-10.999	18.969
-11.019	18.969
-11.069	18.919
-11.079	18.879
-10.979	18.829
-10.929	18.779
-10.839	18.739
POLYLINE BLACK
-9.329	20.889
-9.239	20.719
-9.249	20.699
-9.269	20.699
-9.299	20.739
-9.299	20.779
-9.309	20.819
-9.309	20.859
-9.329	20.939
-9.329	21.089
-9.369	21.149
-9.439	21.179
-9.499	21.209
-9.599	21.219
-9.639	21.209
-9.659	21.219
-9.819	21.199
-9.939	21.229
-10.019	21.249
-10.109	21.289
-10.279	21.399
-10.349	21.469
-10.429	21.529
-10.579	21.699
-10.549	21.689
-10.429	21.709
-10.269	21.669
-10.119	21.669
-10.079	21.679
-10.059	21.669
-9.859	21.679
-9.739	21.659
-9.699	21.669
-9.529	21.639
-9.409	21.639
-9.219	21.629
-9.049	21.629
-9.059	21.639
POLYLINE BLACK
-9.079	21.649
-9.059	21.509
-9.059	21.309
-9.049	21.269
-9.049	21.199
-9.039	21.159
-9.039	20.779
-9.049	20.739
-9.059	20.699
-9.099	20.689
-9.119	20.689
-9.139	20.669
-9.159	20.679
-9.159	20.659
-9.169	20.679
-9.169	20.659
-9.219	20.719
-9.239	20.699
-9.299	20.689
POLYLINE CONNECT
-9.119	21.369
-10.234	20.497
POLYLINE BLACK
-7.649	18.699
-7.479	18.349
-7.459	18.329
-7.479	18.319
-7.559	18.389
-7.619	18.429
-7.639	18.449
-7.659	18.449
-7.729	18.509
-7.789	18.549
-7.819	18.549
-7.899	18.609
-7.919	18.609
-8.069	18.729
-8.139	18.769
-8.219	18.839
-8.449	18.959
-8.489	18.969
-8.539	18.999
-8.639	19.059
-8.759	19.149
-8.859	19.249
-8.909	19.269
-8.949	19.299
-8.999	19.319
-9.079	19.389
-9.099	19.389
-9.209	19.469
-9.229	19.469
-9.309	19.539
-9.549	19.659
-9.569	19.659
-9.609	19.699
-9.649	19.699
-9.709	19.739
-9.729	19.759
-9.809	19.779
-9.829	19.809
-9.869	19.809
-9.909	19.829
-9.919	19.849
-9.939	19.849
-10.039	19.909
-10.059	19.909
-10.079	19.929
-10.099	19.929
-10.279	20.069
-10.399	20.189
-10.419	20.179
-10.449	20.209
-10.469	20.209
-10.489	20.229
-10.509	20.219
-10.569	20.259
-10.589	20.239
-10.629	20.259
-10.649	20.239
-10.689	20.239
-10.689	20.239
-10.689	20.219
-10.749	20.169
-10.749	20.149
-10.779	20.109
-10.809	19.969
-10.829	19.889
-10.839	19.849
-10.839	19.829
-10.869	19.779
-10.869	19.739
-10.899	19.699
-10.899	19.649
POLYLINE BLACK
-7.469	18.829
-7.419	18.729
-7.479	18.749
-7.519	18.779
-7.549	18.779
-7.629	18.809
-7.779	18.929
-7.819	18.939
-7.979	19.039
-8.059	19.059
-8.119	19.099
-8.169	19.109
-8.289	19.209
-8.309	19.209
-8.369	19.269
-8.389	19.269
-8.499	19.379
-8.609	19.459
-8.829	19.659
-8.869	19.699
-8.969	19.769
-9.059	19.869
-9.079	19.869
-9.169	19.949
-9.269	20.029
-9.289	20.049
-9.329	20.059
-9.549	20.159
POLYLINE BLACK
-10.189	20.499
-10.169	20.479
-10.169	20.499
-10.269	20.569
-10.319	20.579
-10.379	20.619
-10.399	20.639
-10.459	20.649
-10.509	20.699
-10.599	20.739
-10.619	20.729
-10.699	20.769
-10.739	20.759
-10.759	20.779
-10.779	20.779
-10.819	20.809
-10.849	20.779
-10.859	20.729
-10.919	20.619
-10.929	20.579
-11.029	20.439
-11.039	20.399
-11.049	20.369
-11.099	20.319
-11.149	20.189
-11.199	20.089
-11.229	20.049
-11.239	20.009
-11.249	19.959
-11.269	19.939
-11.279	19.899
-11.359	19.729
-11.369	19.689
-11.419	19.609
-11.449	19.559
-11.479	19.509
-11.549	19.339
-11.579	19.259
-11.599	19.249
-11.599	19.229
-11.629	19.179
-11.649	19.139
POLYLINE BLACK
-7.369	19.659
-7.359	19.639
-7.419	19.589
-7.559	19.489
-7.619	19.439
-7.659	19.429
-7.719	19.389
-7.779	19.379
-7.819	19.389
-7.859	19.399
-7.999	19.479
-8.019	19.499
-8.059	19.509
-8.099	19.539
-8.139	19.549
-8.159	19.569
-8.199	19.569
-8.239	19.599
-8.499	19.719
-8.549	19.749
-8.569	19.749
-8.609	19.789
-8.659	19.789
-8.789	19.879
-9.039	19.989
-9.129	20.009
-9.219	20.029
-9.299	20.049
-9.379	20.079
-9.409	20.079
-9.549	20.139
-9.569	20.159
-9.609	20.169
-9.679	20.209
-9.719	20.219
-9.799	20.269
-9.839	20.279
-9.889	20.309
-9.909	20.309
-9.989	20.369
-10.059	20.399
-10.099	20.439
-10.139	20.449
-10.199	20.469
-10.219	20.489
-10.259	20.499
-10.329	20.529
-10.359	20.529
-10.409	20.579
-10.429	20.579
-10.449	20.599
-10.469	20.599
-10.499	20.619
-10.519	20.619
-10.579	20.679
-10.749	20.779
POLYLINE BLACK
-7.299	18.189
-7.299	18.169
-7.379	18.219
-7.459	18.269
-7.549	18.289
-7.609	18.319
-7.629	18.309
-7.649	18.329
-7.689	18.339
-7.709	18.359
-7.759	18.369
-7.859	18.429
-7.949	18.459
-7.969	18.479
-8.009	18.489
-8.099	18.519
-8.119	18.539
-8.149	18.539
-8.279	18.609
-8.379	18.669
-8.429	18.679
-8.509	18.709
-8.539	18.709
-8.599	18.739
-8.649	18.729
-8.709	18.779
-8.799	18.809
-8.869	18.849
-8.909	18.859
-8.989	18.909
-9.029	18.959
-9.229	19.049
-9.309	19.069
-9.339	19.109
-9.449	19.149
-9.469	19.169
-9.609	19.189
-9.619	19.169
-9.639	19.169
-9.659	19.109
POLYLINE BLACK
-6.299	20.209
-6.309	20.169
-6.389	20.039
-6.479	19.949
-6.509	19.899
-6.559	19.819
-6.589	19.729
-6.659	19.629
-6.679	19.579
-6.709	19.529
-6.769	19.409
-6.779	19.339
-6.809	19.299
-6.809	19.279
-6.849	19.219
-6.859	19.179
-6.909	19.099
-6.939	19.009
-6.969	18.969
-6.979	18.929
-7.049	18.719
-7.049	18.679
-7.059	18.629
-7.059	18.609
-7.099	18.579
-7.179	18.589
-7.199	18.579
-7.279	18.609
-7.319	18.639
-7.359	18.649
-7.419	18.689
-7.439	18.689
-7.459	18.719
-7.479	18.719
POLYLINE BLACK
-5.869	20.479
-5.889	20.499
-5.909	20.499
-6.039	20.629
-6.089	20.679
-6.169	20.739
-6.179	20.759
-6.199	20.759
-6.359	20.889
-6.379	20.889
-6.429	20.919
-6.459	20.949
-6.479	20.959
-6.489	20.919
-6.489	20.879
-6.469	20.829
-6.449	20.809
-6.449	20.789
-6.369	20.669
-6.319	20.539
-6.229	20.369
-6.229	20.329
-6.209	20.259
-6.209	20.279
-6.249	20.269
-6.309	20.269
-6.349	20.249
-6.359	20.229
-6.399	20.219
-6.479	20.189
-6.499	20.169
-6.539	20.169
-6.649	20.119
-6.669	20.119
-6.699	20.089
-6.739	20.059
-6.799	20.079
-6.899	19.979
-7.059	19.849
-7.189	19.719
-7.379	19.599
-7.419	19.589
-7.559	19.499
-7.599	19.489
-7.639	19.469
-7.659	19.479
-7.699	19.459
-7.719	19.479
-7.809	19.499
-7.889	19.549
POLYLINE BLACK
-6.749	17.919
-6.709	17.839
-6.709	17.779
-6.719	17.729
-6.729	17.679
-6.749	17.619
-6.829	17.499
-6.869	17.409
-6.879	17.369
-6.899	17.349
-6.939	17.339
-7.019	17.239
-7.049	17.209
-7.089	17.149
-7.099	17.109
-7.179	16.989
-7.249	16.919
-7.269	16.799
-7.309	16.739
-7.359	16.659
-7.389	16.629
-7.399	16.579
POLYLINE BLACK
-6.639	18.219
-6.619	18.159
-6.639	18.069
-6.659	18.049
-6.669	17.999
-6.699	17.919
-6.689	17.839
-6.679	17.799
-6.659	17.759
-6.659	17.729
-6.639	17.709
-6.629	17.669
-6.579	17.619
-6.569	17.579
-6.539	17.509
-6.509	17.469
-6.509	17.449
-6.479	17.399
POLYLINE BLACK
-6.969	16.089
-6.929	16.049
-6.879	16.029
-6.779	15.909
POLYLINE BLACK
-7.369	16.609
-7.379	16.629
-7.319	16.479
-7.229	16.429
-7.129	16.359
-7.099	16.319
POLYLINE BLACK
-4.689	17.079
-4.669	17.059
-4.669	17.079
-4.759	17.199
-4.839	17.349
-4.959	17.579
-4.969	17.619
-5.009	17.689
-5.129	17.959
-5.189	18.049
-5.189	18.069
-5.219	18.109
-5.299	18.259
-5.329	18.339
-5.509	18.599
-5.589	18.709
-5.669	18.819
-5.679	18.849
-5.839	19.009
-5.869	19.059
-6.009	19.189
-6.109	19.289
-6.179	19.359
-6.239	19.399
-6.269	19.439
-6.329	19.299
-6.339	19.259
-6.349	19.209
-6.369	19.109
-6.409	18.929
-6.439	18.839
-6.459	18.749
-6.489	18.669
-6.509	18.589
-6.589	18.309
-6.589	18.269
-6.609	18.229
POLYLINE BLACK
-6.849	17.769
-6.889	17.799
POLYLINE BLACK
-6.649	17.569
-6.679	17.559
-6.729	17.609
POLYLINE BLACK
-6.279	17.319
-6.279	17.319
-6.359	17.389
POLYLINE BLACK
-7.289	16.459
POLYLINE BLACK
-7.289	16.419
POLYLINE BLACK
-7.059	16.199
-7.119	16.279
POLYLINE BLACK
-6.819	15.979
-6.839	16.029
POLYLINE BLACK
-6.669	15.829
-6.549	15.709
-6.549	15.689
-6.599	15.739
POLYLINE BLACK
-6.359	15.539
-6.379	15.539
POLYLINE BLACK
-6.309	15.509
POLYLINE BLACK
-5.909	15.499
-5.949	15.479
-5.989	15.489
-6.029	15.479
-6.059	15.489
-6.099	15.479
POLYLINE BLACK
-5.929	15.539
POLYLINE BLACK
-3.869	17.429
-3.949	17.509
-4.049	17.659
-4.119	17.759
-4.169	17.849
-4.359	18.109
-4.469	18.279
-4.529	18.349
-4.599	18.449
-4.609	18.479
-4.639	18.509
-4.799	18.709
-4.839	18.749
-4.869	18.799
-4.989	18.969
-5.129	19.159
-5.189	19.269
-5.229	19.329
-5.409	19.649
-5.439	19.699
-5.499	19.829
-5.499	19.859
-5.559	19.989
-5.679	20.129
-5.709	20.199
-5.829	20.359
-5.899	20.459
POLYLINE BLACK
-5.724	16.783
-5.703	16.748
-5.668	16.741
-5.640	16.741
-5.605	16.727
-5.563	16.734
-5.521	16.734
-5.500	16.741
-5.472	16.727
-5.437	16.727
-5.381	16.748
-5.325	16.790
-5.318	16.804
-5.283	16.811
-5.269	16.811
-5.241	16.839
-5.227	16.839
-5.199	16.846
-5.185	16.860
-5.171	16.860
-5.143	16.867
-5.122	16.860
-5.094	16.874
-5.080	16.867
-5.052	16.874
-5.038	16.874
-5.010	16.888
-4.989	16.888
-4.961	16.902
-4.933	16.902
-4.905	16.923
-4.863	16.923
-4.835	16.937
-4.793	16.937
-4.779	16.951
-4.765	16.944
-4.723	16.972
-4.709	16.965
-4.667	16.993
-4.653	17.000
-4.646	17.014
-4.632	17.021
-4.632	17.021
-4.632	17.091
POLYLINE BLACK
-5.892	16.860
-5.878	16.860
-5.836	16.832
-5.808	16.811
POLYLINE BLACK
-5.871	16.888
POLYLINE BLACK
-5.969	16.979
-5.955	16.958
-5.941	16.951
POLYLINE BLACK
-6.011	16.986
POLYLINE BLACK
-6.025	17.119
-5.997	17.098
-5.969	17.049
POLYLINE BLACK
-6.599	16.741
-6.613	16.748
POLYLINE BLACK
-6.529	16.671
-6.536	16.685
POLYLINE BLACK
-5.948	15.390
-5.962	15.376
POLYLINE BLACK
-4.338	16.090
-4.408	16.139
-4.443	16.139
-4.457	16.146
-4.485	16.139
-4.499	16.139
-4.604	16.111
-4.618	16.111
-4.646	16.104
-4.723	16.104
-4.737	16.090
-4.793	16.090
-4.821	16.076
-4.835	16.076
-4.877	16.048
-4.933	16.027
-4.947	16.027
-4.982	16.013
-4.996	16.013
-5.010	15.999
-5.024	15.999
-5.066	15.978
-5.101	15.971
-5.143	15.950
-5.157	15.950
-5.199	15.936
-5.262	15.894
-5.290	15.873
-5.325	15.866
-5.360	15.824
-5.367	15.810
-5.437	15.754
-5.465	15.754
-5.500	15.740
-5.514	15.726
-5.542	15.726
-5.556	15.712
-5.633	15.677
-5.640	15.663
-5.682	15.635
-5.696	15.635
-5.710	15.628
-5.759	15.572
-5.759	15.558
-5.801	15.516
-5.815	15.516
-5.843	15.495
-5.857	15.495
-5.864	15.481
POLYLINE BLACK
-0.723	17.362
-0.779	17.341
-0.793	17.341
-0.821	17.334
-0.835	17.334
-0.849	17.327
-0.870	17.327
-0.898	17.313
-0.912	17.313
-0.954	17.299
-0.961	17.285
-0.975	17.285
-1.031	17.236
-1.045	17.236
-1.059	17.222
-1.073	17.222
-1.129	17.194
-1.143	17.194
-1.171	17.180
-1.206	17.173
-1.220	17.180
-1.234	17.173
-1.262	17.180
-1.304	17.152
-1.318	17.152
-1.360	17.124
-1.374	17.131
-1.437	17.103
-1.479	17.103
-1.493	17.089
-1.507	17.089
-1.570	17.061
-1.591	17.061
-1.640	17.040
-1.661	17.040
-1.724	17.012
-1.738	17.012
-1.766	16.998
-1.780	16.998
-1.857	16.949
-1.864	16.935
-1.906	16.900
-1.927	16.893
-1.983	16.851
-2.004	16.844
-2.060	16.802
-2.151	16.760
-2.165	16.746
-2.186	16.739
-2.200	16.725
-2.214	16.725
-2.221	16.704
-2.235	16.690
-2.249	16.690
-2.256	16.676
-2.270	16.683
-2.305	16.683
-2.347	16.655
-2.389	16.634
-2.403	16.620
-2.417	16.620
-2.431	16.613
POLYLINE BLACK
-0.240	17.117
-0.282	17.082
-0.296	17.089
-0.324	17.075
-0.338	17.075
-0.352	17.061
-0.366	17.061
-0.408	17.033
-0.422	17.033
-0.450	17.019
-0.478	17.019
-0.492	17.005
-0.541	17.005
-0.555	17.012
-0.590	16.998
-0.604	16.998
-0.667	16.963
-0.681	16.963
-0.709	16.942
-0.723	16.942
-0.779	16.900
-0.800	16.893
-0.814	16.879
-0.842	16.879
-0.884	16.851
-0.912	16.837
-0.926	16.837
-0.940	16.830
-0.961	16.830
-1.073	16.795
-1.122	16.788
-1.164	16.767
-1.178	16.767
-1.269	16.739
-1.283	16.725
-1.297	16.725
-1.360	16.690
-1.402	16.669
-1.416	16.669
-1.430	16.662
-1.451	16.662
-1.479	16.648
-1.493	16.648
-1.542	16.634
-1.556	16.634
-1.570	16.620
-1.584	16.620
-1.626	16.592
-1.675	16.585
-1.689	16.578
-1.724	16.578
-1.759	16.564
-1.794	16.571
-1.822	16.557
-1.836	16.564
-1.878	16.543
-1.927	16.543
-2.011	16.522
-2.039	16.522
-2.053	16.529
-2.088	16.515
-2.130	16.515
-2.144	16.522
-2.172	16.515
-2.186	16.515
-2.200	16.508
-2.214	16.515
-2.242	16.508
-2.256	16.508
-2.270	16.501
-2.305	16.501
-2.361	16.473
-2.375	16.473
-2.403	16.480
-2.417	16.480
-2.431	16.466
-2.445	16.473
POLYLINE BLACK
0.334	17.565
0.348	17.537
0.348	17.523
0.383	17.446
0.439	17.362
0.453	17.355
0.488	17.299
0.509	17.271
0.537	17.257
0.558	17.229
0.558	17.229
0.558	17.243
0.551	17.229
0.607	17.152
0.607	17.138
0.621	17.117
0.621	17.103
0.635	17.075
0.635	17.061
0.642	17.033
0.649	16.970
0.677	16.928
0.691	16.921
0.691	16.907
0.705	16.851
0.705	16.816
0.698	16.788
0.698	16.774
0.691	16.746
0.663	16.704
0.642	16.662
0.607	16.648
0.565	16.648
0.537	16.641
0.509	16.641
0.453	16.662
0.439	16.662
0.425	16.676
0.383	16.676
0.390	16.711
0.411	16.753
0.411	16.816
0.404	16.844
0.404	16.872
0.397	16.900
0.397	16.900
0.383	16.914
0.383	16.928
0.327	17.012
0.327	17.012
0.327	16.998
0.306	16.998
0.250	17.012
0.236	17.012
0.194	17.047
0.187	17.061
0.173	17.061
0.145	17.082
0.124	17.082
0.054	17.110
0.040	17.096
-0.002	17.096
-0.030	17.103
-0.072	17.103
-0.086	17.110
-0.100	17.096
-0.114	17.096
-0.170	17.124
-0.198	17.117
-0.212	17.117
-0.254	17.103
-0.261	17.089
POLYLINE BLACK
-0.730	17.327
-0.716	17.327
-0.709	17.341
-0.681	17.341
-0.639	17.355
-0.618	17.355
-0.576	17.376
-0.548	17.376
-0.534	17.390
-0.506	17.390
-0.464	17.411
-0.450	17.411
-0.422	17.425
-0.401	17.425
-0.359	17.446
-0.345	17.446
-0.331	17.439
-0.317	17.453
-0.303	17.446
-0.303	17.474
-0.296	17.502
-0.296	17.523
-0.324	17.579
-0.338	17.593
-0.345	17.642
-0.366	17.684
-0.366	17.698
-0.387	17.782
-0.387	17.803
-0.394	17.831
-0.394	17.845
-0.387	17.859
-0.394	17.887
-0.394	17.915
-0.408	17.971
-0.408	17.985
-0.415	18.013
-0.422	18.076
-0.429	18.104
-0.429	18.146
-0.436	18.174
-0.436	18.188
-0.429	18.216
-0.429	18.265
-0.415	18.293
-0.415	18.349
-0.408	18.377
-0.408	18.377
-0.408	18.419
-0.422	18.461
-0.394	18.482
-0.303	18.454
-0.289	18.433
-0.275	18.433
-0.268	18.419
-0.254	18.419
-0.240	18.384
-0.226	18.377
-0.198	18.335
-0.184	18.328
-0.184	18.314
-0.114	18.251
-0.079	18.209
-0.051	18.188
-0.044	18.174
-0.030	18.174
-0.016	18.153
0.012	18.139
0.026	18.111
0.033	18.125
0.033	18.111
0.047	18.111
0.075	18.097
0.089	18.097
0.145	18.069
0.187	18.034
0.243	17.943
0.243	17.929
0.257	17.901
0.257	17.887
0.264	17.859
0.257	17.831
0.264	17.796
0.264	17.754
0.271	17.726
0.271	17.698
0.278	17.670
0.278	17.642
0.292	17.614
0.292	17.586
0.320	17.516
0.327	17.502
POLYLINE CONNECT
-0.266	17.450
-4.557	17.049
POLYLINE BLACK
-6.276	15.390
-6.196	15.200
-6.196	15.170
-6.186	15.150
-6.186	15.170
-6.116	15.280
-6.046	15.140
-6.026	15.120
-5.916	15.310
-5.896	15.330
POLYLINE BLACK
-6.376	15.090
-6.446	15.100
-6.506	15.170
-6.516	15.220
-6.506	15.260
-6.426	15.340
-6.336	15.280
-6.316	15.220
-6.306	15.180
-6.336	15.130
-6.376	15.100
POLYLINE BLACK
-6.786	15.280
-6.786	15.240
-6.746	15.150
-6.726	15.060
-6.676	15.060
-6.656	15.070
-6.526	15.070
POLYLINE BLACK
-6.326	17.180
-6.266	17.070
-6.256	17.030
-6.236	16.990
-6.236	16.960
-6.216	16.940
-6.216	16.990
-6.166	17.110
-6.166	17.130
-6.126	17.090
-6.066	17.000
-6.026	17.120
-6.006	17.210
-6.006	17.260
-5.996	17.280
POLYLINE BLACK
-6.416	16.890
-6.456	16.890
-6.546	16.980
-6.496	17.060
-6.436	17.080
-6.396	17.070
-6.376	17.070
-6.346	17.030
-6.356	16.990
-6.416	16.930
POLYLINE BLACK
-6.786	17.000
-6.786	16.980
-6.806	16.970
-6.806	16.950
-6.746	16.850
-6.716	16.790
-6.716	16.760
-6.696	16.740
-6.696	16.720
-6.516	16.850
POLYLINE BLACK
-5.866	16.200
-5.846	16.180
-5.826	16.190
-5.806	16.180
-5.796	16.200
-5.756	16.200
-5.636	16.270
-5.506	16.320
-5.436	16.350
-5.286	16.440
-5.266	16.430
-5.126	16.520
-5.116	16.540
-5.106	16.500
-5.086	16.400
-5.086	16.340
-5.076	16.300
-5.076	16.280
-5.166	16.250
-5.206	16.260
-5.286	16.250
-5.326	16.250
-5.346	16.240
-5.386	16.250
-5.436	16.240
-5.456	16.250
-5.476	16.240
-5.516	16.250
-5.556	16.240
-5.636	16.240
-5.676	16.230
-5.746	16.230
-5.766	16.210
-5.806	16.220
-5.846	16.200
POLYLINE BLACK
-3.366	14.060
-3.436	14.160
-3.506	14.310
-3.506	14.340
-3.586	14.470
-3.606	14.530
-3.646	14.590
-3.736	14.800
-3.766	14.910
-3.836	15.150
-3.876	15.260
-3.936	15.390
-4.036	15.550
-4.196	15.900
-4.256	16.000
-4.296	16.060
-4.316	16.070
-4.326	16.120
POLYLINE BLACK
-3.506	14.000
-3.486	13.950
-3.466	13.940
-3.416	13.990
-3.386	14.040
POLYLINE BLACK
-2.586	14.980
-2.686	15.030
-2.776	15.120
-2.796	15.170
-2.836	15.210
-2.846	15.250
-2.866	15.320
-2.886	15.340
-2.906	15.430
-2.926	15.470
-2.926	15.500
-2.966	15.580
-2.976	15.620
-3.076	15.830
-3.076	15.860
-3.096	15.880
-3.096	15.900
-3.226	16.150
-3.246	16.170
-3.256	16.210
-3.366	16.450
-3.376	16.490
-3.436	16.630
-3.446	16.680
-3.476	16.750
-3.476	16.780
-3.546	16.910
-3.616	17.010
-3.686	17.090
-3.726	17.160
-3.896	17.420
-3.876	17.400
POLYLINE BLACK
-4.076	12.950
-4.066	12.910
-4.056	12.930
-4.056	12.910
-4.036	12.890
-4.026	12.850
-3.996	12.770
-3.916	12.700
-3.896	12.690
-3.776	12.790
-3.736	12.850
-3.646	12.930
-3.516	13.060
-3.506	13.080
-3.486	13.080
-3.426	13.120
-3.396	13.130
-3.386	13.160
-3.346	13.170
-3.336	13.190
-3.376	13.180
-3.486	13.160
-3.526	13.160
-3.566	13.130
-3.616	13.120
-3.766	13.060
-3.806	13.050
-3.866	13.030
-3.886	13.010
-3.906	13.020
-4.026	12.940
-4.046	12.940
POLYLINE BLACK
-2.686	12.830
-2.686	12.830
-2.746	12.890
-2.906	12.910
-3.146	12.850
-3.226	12.790
-3.266	12.790
-3.286	12.750
-3.326	12.750
-3.466	12.610
-3.546	12.590
-3.686	12.490
-3.786	12.450
-3.866	12.370
-3.946	12.370
-4.106	12.330
-4.146	12.330
-4.186	12.370
-4.226	12.370
-4.366	12.570
-4.406	12.710
-4.406	12.790
-4.286	13.030
-4.226	13.090
-4.086	13.310
-3.666	13.730
-3.526	13.930
-3.466	13.990
POLYLINE BLACK
0.772	14.664
0.752	14.654
0.712	14.684
0.702	14.724
0.672	14.784
0.692	14.874
0.702	14.894
0.702	14.894
0.672	14.974
0.652	14.994
0.642	15.054
0.592	15.144
0.612	15.204
0.672	15.264
0.832	15.334
0.982	15.364
1.002	15.354
1.062	15.364
1.222	15.324
1.282	15.284
1.302	15.284
1.372	15.114
1.362	15.074
1.292	15.004
1.292	14.964
1.242	14.854
1.162	14.794
1.162	14.764
POLYLINE BLACK
0.792	14.644
0.852	14.624
0.872	14.634
0.892	14.624
0.932	14.634
0.952	14.624
0.992	14.634
1.032	14.634
1.092	14.654
1.152	14.724
1.182	14.794
1.202	14.814
POLYLINE GRAY
-0.158	15.184
-0.148	15.164
-0.128	15.164
-0.098	15.084
-0.028	14.874
-0.008	14.824
0.012	14.804
0.012	14.784
0.062	14.704
0.082	14.654
0.122	14.614
0.132	14.574
0.372	14.644
0.452	14.694
0.472	14.694
0.502	14.734
0.502	14.754
0.442	14.784
0.412	14.784
0.392	14.774
0.372	14.784
0.452	14.794
0.492	14.804
0.512	14.784
0.512	14.714
0.462	14.584
POLYLINE GRAY
-0.718	16.554
-0.658	16.464
-0.638	16.394
-0.558	16.274
-0.478	16.094
-0.458	16.074
-0.448	16.034
-0.408	15.974
POLYLINE BLACK
5.092	14.974
5.072	14.994
5.032	14.994
4.992	14.984
4.952	14.994
4.912	14.984
4.892	15.004
4.872	14.984
4.852	14.994
4.832	14.984
4.732	15.014
4.712	15.034
4.692	15.034
4.642	15.094
4.602	15.154
4.602	15.354
4.612	15.394
4.632	15.484
4.692	15.584
4.732	15.604
4.752	15.594
4.772	15.604
4.792	15.594
4.832	15.614
4.892	15.594
4.912	15.614
4.932	15.594
4.972	15.614
4.992	15.604
5.052	15.624
5.112	15.624
5.232	15.574
5.252	15.554
5.292	15.544
5.312	15.524
5.312	15.384
5.322	15.344
5.262	15.244
5.262	15.134
5.212	15.034
5.172	15.014
5.162	14.994
5.142	14.994
5.122	14.974
5.102	14.984
5.062	14.964
5.022	14.974
4.982	14.964
POLYLINE CONNECT
4.822	15.414
2.229	16.594
POLYLINE BLACK
1.757	13.334
1.712	13.439
1.682	13.454
POLYLINE BLACK
2.282	13.079
2.402	12.764
2.402	12.764
2.462	12.869
2.477	12.899
2.507	12.899
2.567	12.764
2.567	12.734
2.777	13.094
2.777	13.124
POLYLINE BLACK
2.042	12.749
2.012	12.749
1.922	12.824
1.907	12.899
1.982	13.019
2.042	13.064
2.102	13.064
2.162	13.019
2.162	12.989
2.192	12.929
2.177	12.869
2.102	12.779
2.072	12.764
POLYLINE BLACK
1.577	13.034
1.592	12.974
1.592	12.779
1.622	12.749
1.652	12.749
1.787	12.779
1.847	12.779
POLYLINE BLACK
2.087	13.349
2.057	13.349
2.027	13.424
2.087	13.559
2.147	13.604
2.222	13.574
2.297	13.454
2.297	13.424
2.237	13.334
2.207	13.334
2.177	13.319
2.132	13.334
2.072	13.304
POLYLINE BLACK
1.712	13.454
1.712	13.514
1.697	13.544
1.712	13.604
1.817	13.634
1.877	13.589
1.877	13.559
1.922	13.499
1.922	13.454
1.907	13.394
1.877	13.394
1.817	13.379
1.772	13.379
1.742	13.364
1.727	13.394
POLYLINE BLACK
1.727	13.349
POLYLINE BLACK
1.262	13.619
1.292	13.604
1.322	13.634
1.532	13.634
1.637	13.619
POLYLINE BLACK
1.457	13.604
1.457	13.544
1.472	13.484
1.472	13.379
1.487	13.319
POLYLINE BLACK
1.682	13.934
1.682	13.829
POLYLINE BLACK
1.937	14.414
1.937	14.384
1.907	14.369
1.862	14.279
1.847	14.204
POLYLINE BLACK
2.747	14.519
2.732	14.399
POLYLINE BLACK
2.597	13.844
2.582	13.769
2.537	13.709
POLYLINE BLACK
2.627	14.219
2.642	14.189
2.642	14.144
2.627	14.114
POLYLINE BLACK
2.777	14.429
POLYLINE BLACK
1.712	14.054
POLYLINE BLACK
1.847	14.294
POLYLINE BLACK
2.042	14.654
2.012	14.624
2.012	14.594
POLYLINE BLACK
1.907	16.004
1.907	15.974
1.937	15.959
1.997	15.974
2.012	15.944
2.102	15.869
2.147	15.809
2.147	15.779
2.162	15.719
2.162	15.569
2.192	15.509
2.177	15.449
2.177	15.419
2.162	15.359
2.162	15.254
2.132	15.134
2.132	15.029
2.102	14.969
2.102	14.939
2.087	14.879
2.087	14.849
POLYLINE BLACK
2.747	14.819
2.792	14.759
2.822	14.684
2.852	14.654
2.852	14.984
2.792	15.344
2.747	15.539
2.702	15.629
2.702	15.659
2.582	15.929
2.552	15.959
2.552	15.989
2.462	16.169
2.372	16.289
2.297	16.409
2.267	16.484
2.237	16.499
2.207	16.559
POLYLINE BLACK
-2.668	15.014
-2.563	14.984
-2.293	15.089
-2.263	15.089
-1.858	15.269
-1.453	15.434
-1.408	15.434
-1.273	15.524
-1.123	15.554
-1.018	15.599
-0.958	15.644
-0.688	15.779
-0.628	15.824
-0.403	15.899
0.167	16.229
0.242	16.259
0.452	16.394
0.602	16.469
0.662	16.529
1.157	16.739
1.397	16.844
1.682	16.874
1.802	16.874
1.862	16.829
1.892	16.829
2.117	16.694
2.132	16.664
2.252	16.559
POLYLINE BLACK
1.952	16.004
1.892	16.034
1.862	16.034
1.832	16.049
1.712	15.989
1.682	15.989
1.622	15.944
1.532	15.959
1.472	15.914
1.397	15.914
1.337	15.884
1.142	15.839
0.737	15.659
0.707	15.659
0.677	15.629
0.617	15.629
0.227	15.434
-0.253	15.134
-0.283	15.134
-0.313	15.104
-0.613	14.954
-0.733	14.864
-1.138	14.609
-1.543	14.264
-1.618	14.144
-1.648	14.009
POLYLINE BLACK
5.522	19.929
5.537	19.899
5.597	19.854
5.627	19.854
5.702	19.824
5.762	19.839
5.837	19.809
5.897	19.824
5.972	19.824
6.002	19.839
6.062	19.794
6.122	19.824
6.182	19.824
6.242	19.839
6.317	19.839
6.437	19.884
6.467	19.854
6.527	19.854
6.587	19.839
6.647	19.839
6.692	19.779
6.752	19.779
6.782	19.764
6.782	19.704
6.722	19.584
6.617	19.434
6.467	19.344
6.452	19.314
6.422	19.314
6.362	19.224
6.362	19.104
6.347	19.074
6.467	18.924
6.512	18.864
6.512	18.834
6.527	18.774
6.527	18.714
6.497	18.699
6.482	18.669
6.422	18.654
6.272	18.654
6.242	18.669
6.167	18.654
6.107	18.669
6.017	18.669
5.867	18.729
5.717	18.804
5.657	18.924
5.582	19.044
5.582	19.074
5.552	19.134
5.552	19.164
5.522	19.224
5.522	19.254
5.402	19.359
5.312	19.404
5.267	19.464
5.237	19.464
5.207	19.494
5.177	19.494
5.087	19.554
5.072	19.584
4.982	19.644
4.952	19.704
4.922	19.719
4.907	19.749
POLYLINE BLACK
4.907	19.749
4.907	19.719
4.847	19.839
4.757	19.974
4.757	20.004
4.727	20.034
4.637	20.274
4.637	20.304
4.607	20.364
4.607	20.394
4.517	20.604
4.517	20.634
4.442	20.784
4.412	20.814
4.397	20.859
4.367	20.889
4.352	20.934
4.217	21.099
4.112	21.234
4.082	21.249
4.052	21.294
3.992	21.339
3.962	21.384
3.932	21.399
3.887	21.534
3.887	21.579
3.857	21.714
3.857	21.744
3.782	21.939
3.782	21.969
3.752	22.029
3.752	22.059
3.647	22.284
3.647	22.344
3.587	22.479
3.587	22.509
3.542	22.659
3.497	22.809
3.467	22.869
3.467	22.929
3.452	22.959
3.452	23.004
3.437	23.064
3.437	23.124
3.467	23.184
3.467	23.244
3.482	23.214
3.557	23.244
3.647	23.184
3.722	23.094
3.827	22.914
3.887	22.869
3.977	22.644
4.022	22.554
4.022	22.524
4.082	22.404
4.082	22.374
4.127	22.314
4.127	22.284
4.157	22.254
4.157	22.224
4.232	22.074
4.262	22.044
4.307	21.909
4.337	21.879
4.337	21.849
4.382	21.759
4.382	21.714
4.427	21.624
4.427	21.594
4.502	21.474
4.592	21.294
4.682	21.159
4.832	20.934
4.877	20.874
4.907	20.859
4.937	20.799
4.967	20.784
5.072	20.634
5.192	20.484
5.192	20.454
5.252	20.364
5.267	20.319
5.297	20.304
5.357	20.199
5.357	20.169
5.417	20.049
5.417	20.019
5.477	19.914
5.507	19.914
POLYLINE CONNECT
5.417	19.809
-2.965	14.383
POLYLINE BLACK
0.287	10.559
0.287	10.579
0.257	10.629
0.247	10.669
0.177	10.739
0.157	10.749
POLYLINE BLACK
0.237	10.589
0.257	10.579
0.257	10.599
0.157	10.669
POLYLINE BLACK
0.227	10.649
0.227	10.649
0.157	10.749
0.107	10.799
0.107	10.949
0.227	11.089
0.247	11.099
0.307	11.079
0.387	11.089
0.427	11.089
0.447	11.109
0.507	11.109
0.577	11.119
0.597	11.109
0.637	11.119
0.677	11.129
0.697	11.119
0.717	11.129
0.737	11.119
0.757	11.129
0.887	11.089
0.917	11.029
0.927	10.949
0.927	10.889
0.917	10.849
0.917	10.799
0.897	10.759
0.897	10.729
0.877	10.689
POLYLINE BLACK
0.897	10.799
0.897	10.729
0.877	10.669
0.867	10.609
0.837	10.569
0.837	10.549
0.817	10.539
0.787	10.489
0.667	10.429
0.617	10.439
0.557	10.419
0.517	10.429
0.477	10.439
0.397	10.459
0.377	10.479
0.357	10.479
0.307	10.589
0.307	10.609
POLYLINE BLACK
0.007	10.969
POLYLINE BLACK
4.437	9.099
4.437	9.079
4.507	9.089
4.547	9.089
4.567	9.079
4.607	9.089
4.647	9.089
4.687	9.099
4.717	9.099
4.757	9.109
4.837	9.109
4.877	9.119
4.917	9.119
4.957	9.129
4.977	9.129
4.987	9.159
5.007	9.139
5.017	9.159
5.057	9.169
5.077	9.189
5.097	9.189
5.097	9.229
5.107	9.269
5.107	9.329
5.097	9.369
5.097	9.399
5.037	9.499
5.027	9.539
5.047	9.599
5.007	9.609
4.967	9.639
4.927	9.629
4.887	9.629
4.837	9.619
4.797	9.609
4.777	9.599
4.757	9.609
4.737	9.599
4.677	9.629
4.657	9.619
4.617	9.639
4.537	9.619
4.497	9.619
4.417	9.649
4.357	9.689
4.297	9.689
4.277	9.709
4.247	9.709
4.187	9.729
4.067	9.689
3.957	9.699
3.947	9.679
3.927	9.689
3.907	9.669
3.887	9.679
3.847	9.649
3.667	9.579
3.587	9.559
3.507	9.539
3.487	9.519
3.427	9.519
3.337	9.489
3.297	9.489
3.237	9.459
3.207	9.459
3.147	9.439
3.107	9.449
3.087	9.439
3.067	9.459
2.987	9.439
2.947	9.439
2.907	9.419
2.877	9.379
2.867	9.319
2.917	9.239
2.957	9.239
2.977	9.249
3.087	9.219
3.257	9.209
3.317	9.189
3.367	9.189
3.437	9.199
3.457	9.189
3.527	9.209
3.567	9.199
3.647	9.189
3.687	9.179
3.757	9.159
3.797	9.129
3.837	9.129
3.877	9.119
3.917	9.119
3.937	9.129
3.977	9.109
4.007	9.109
4.027	9.119
4.087	9.099
4.127	9.099
4.167	9.089
4.187	9.099
4.227	9.079
4.267	9.089
4.317	9.069
4.357	9.079
4.417	9.069
4.437	9.089
4.457	9.069
POLYLINE CONNECT
4.487	9.379
4.501	11.405
POLYLINE CONNECT
0.507	10.839
0.430	12.616
POLYLINE BLACK
7.427	11.179
7.457	11.139
7.507	10.979
7.537	11.009
7.597	11.109
7.647	10.989
7.747	11.189
7.777	11.229
7.787	11.279
7.807	11.299
POLYLINE BLACK
7.287	10.949
7.247	10.959
7.177	11.029
7.177	11.069
7.227	11.139
7.287	11.139
7.337	11.089
7.347	11.069
7.307	10.969
7.247	10.929
POLYLINE BLACK
6.917	11.159
6.927	11.069
6.927	10.939
6.967	10.929
7.097	10.929
POLYLINE BLACK
7.357	11.559
7.317	11.569
7.277	11.659
7.297	11.729
7.317	11.749
7.407	11.749
7.427	11.729
7.427	11.699
7.437	11.659
7.397	11.569
7.357	11.529
7.327	11.519
POLYLINE BLACK
7.127	11.549
7.107	11.539
7.047	11.599
7.047	11.639
7.067	11.679
7.127	11.719
7.187	11.679
7.197	11.639
7.197	11.609
7.147	11.509
7.127	11.489
POLYLINE BLACK
6.747	11.679
6.867	11.699
6.927	11.719
POLYLINE BLACK
6.877	11.699
6.887	11.659
6.907	11.579
6.917	11.539
6.917	11.489
POLYLINE BLACK
6.377	11.429
6.377	11.429
6.377	11.429
6.247	11.529
6.177	11.559
6.107	11.639
5.997	11.809
5.917	11.889
5.807	12.019
5.707	12.119
5.687	12.169
5.647	12.199
5.617	12.249
5.587	12.279
5.507	12.379
5.467	12.439
5.327	12.579
5.247	12.709
5.187	12.779
5.117	12.889
POLYLINE BLACK
4.257	10.889
4.267	10.849
4.307	10.849
4.347	10.859
4.397	10.859
4.467	10.869
4.557	10.869
4.607	10.879
4.667	10.879
4.737	10.859
4.787	10.869
4.837	10.869
4.857	10.859
4.957	10.879
4.997	10.869
5.047	10.869
5.157	10.899
5.187	10.889
5.237	10.899
5.307	10.909
5.337	10.899
5.427	10.929
5.597	10.939
5.677	10.939
5.727	10.949
5.767	10.949
5.817	10.939
5.877	10.959
5.917	10.959
6.087	11.009
6.107	11.019
6.127	11.009
6.247	11.049
6.307	11.089
6.367	11.089
6.387	11.109
6.407	11.109
POLYLINE BLACK
4.847	12.999
4.857	13.079
4.857	13.179
4.897	13.179
4.917	13.169
4.937	13.179
5.017	13.159
5.097	13.089
5.107	12.999
5.107	12.939
5.087	12.859
POLYLINE BLACK
4.827	12.999
4.837	12.979
4.817	12.919
4.817	12.889
4.747	12.819
4.717	12.789
4.617	12.699
4.487	12.579
4.387	12.519
4.357	12.519
4.217	12.419
4.197	12.429
4.177	12.399
4.137	12.399
4.117	12.409
4.037	12.369
3.997	12.359
3.937	12.339
3.897	12.329
3.847	12.319
3.827	12.329
3.787	12.319
3.767	12.319
POLYLINE BLACK
1.467	12.539
1.507	12.519
1.527	12.529
1.597	12.489
1.717	12.469
1.767	12.459
1.857	12.449
1.917	12.449
1.937	12.439
2.017	12.449
2.037	12.439
2.087	12.439
2.107	12.429
2.137	12.439
2.157	12.429
2.177	12.439
2.217	12.439
2.257	12.419
2.287	12.419
2.307	12.399
2.367	12.409
2.507	12.389
2.557	12.379
2.647	12.369
2.667	12.359
2.687	12.369
2.777	12.349
2.837	12.349
2.877	12.339
2.987	12.339
3.027	12.329
3.067	12.339
3.107	12.339
3.157	12.349
3.207	12.349
3.227	12.339
3.247	12.349
3.267	12.339
3.337	12.359
3.357	12.349
3.387	12.359
3.427	12.349
3.567	12.349
3.637	12.339
3.677	12.339
3.727	12.329
3.797	12.329
3.937	12.359
3.957	12.359
POLYLINE BLACK
4.267	10.879
4.297	10.839
4.257	10.849
4.237	10.859
4.197	10.849
4.127	10.859
4.087	10.849
4.007	10.849
3.967	10.839
3.857	10.879
3.807	10.909
3.767	10.919
3.717	10.939
3.697	10.929
3.627	10.979
3.577	10.989
3.417	11.039
3.317	11.059
3.277	11.069
3.237	11.059
3.217	11.079
3.117	11.089
2.987	11.149
2.947	11.159
2.797	11.209
2.757	11.229
2.717	11.219
2.697	11.239
2.667	11.239
2.527	11.279
2.487	11.289
2.357	11.359
2.207	11.409
2.187	11.429
1.957	11.519
1.837	11.559
1.647	11.659
1.557	11.689
1.347	11.829
1.207	11.949
1.187	11.949
1.127	11.999
1.027	12.049
1.007	12.049
0.947	12.079
0.867	12.099
0.787	12.129
0.717	12.139
0.677	12.129
0.617	12.129
0.577	12.119
0.537	12.109
0.497	12.119
0.437	12.119
0.397	12.109
POLYLINE BLACK
-1.213	10.819
-1.193	10.809
-1.043	10.899
-1.013	10.969
-0.873	11.129
-0.733	11.319
-0.683	11.369
-0.603	11.479
-0.563	11.549
-0.493	11.619
-0.423	11.689
-0.363	11.729
-0.263	11.799
-0.133	11.869
0.007	11.959
0.027	11.959
0.087	12.009
0.147	12.039
0.187	12.049
0.207	12.069
0.227	12.059
0.347	12.109
0.397	12.109
0.457	12.129
0.477	12.129
POLYLINE BLACK
1.567	12.509
1.587	12.489
1.517	12.489
1.477	12.519
1.447	12.519
1.357	12.559
1.337	12.559
1.317	12.579
1.277	12.589
1.207	12.609
1.177	12.609
1.157	12.629
1.117	12.639
0.887	12.699
0.817	12.719
0.777	12.729
0.757	12.739
0.737	12.729
0.677	12.759
0.597	12.759
0.567	12.779
0.527	12.779
0.507	12.789
POLYLINE BLACK
-1.643	14.109
-1.633	14.029
-1.653	13.929
-1.673	13.809
-1.673	13.749
-1.683	13.709
-1.683	13.659
-1.693	13.609
-1.693	13.439
-1.673	13.349
-1.673	13.309
-1.663	13.259
-1.663	13.219
-1.653	13.179
-1.663	13.129
-1.663	13.089
-1.713	12.949
-1.723	12.839
-1.723	12.739
-1.733	12.699
-1.733	12.659
-1.743	12.619
-1.743	12.279
-1.733	12.259
-1.743	12.239
-1.733	12.169
-1.733	12.129
-1.723	12.089
-1.723	12.049
-1.683	11.929
-1.663	11.909
-1.623	11.919
-1.603	11.909
-1.583	11.919
-1.543	11.909
-1.483	11.909
-1.463	11.929
-1.443	11.929
-1.413	11.969
-1.373	11.979
-1.313	12.019
-1.303	12.039
-1.283	12.039
-1.153	12.169
-1.143	12.199
-1.003	12.299
-0.963	12.309
-0.923	12.349
-0.863	12.389
-0.723	12.489
-0.703	12.489
-0.683	12.509
-0.643	12.519
-0.563	12.569
-0.523	12.569
-0.443	12.619
-0.403	12.629
-0.303	12.669
-0.283	12.689
-0.243	12.689
-0.223	12.709
-0.163	12.709
-0.103	12.729
-0.073	12.729
-0.033	12.739
0.007	12.749
0.027	12.769
0.067	12.759
0.097	12.759
0.117	12.769
0.137	12.759
0.177	12.769
0.217	12.769
0.327	12.789
0.407	12.789
0.427	12.779
0.447	12.789
0.507	12.769
0.527	12.779
0.567	12.749
0.567	12.769
POLYLINE BLACK
-1.813	12.099
-1.823	12.059
-1.983	12.039
-2.023	12.039
-2.113	12.059
-2.203	12.049
-2.243	12.059
-2.343	12.039
-2.373	12.109
-2.393	12.319
-2.453	12.709
-2.553	13.129
-2.563	13.149
-2.533	13.149
-2.313	13.069
-2.183	13.039
-2.093	13.059
-1.983	13.059
-1.863	13.089
-1.813	13.109
-1.813	12.979
-1.823	12.929
-1.823	12.819
-1.813	12.719
-1.813	12.659
-1.803	12.549
-1.793	12.529
-1.793	12.239
-1.803	12.189
-1.823	12.109
-1.833	12.069
-1.833	12.049
POLYLINE BLACK
-1.893	10.849
-1.903	10.829
-1.953	10.819
-1.973	10.799
-2.143	10.719
-2.253	10.709
-2.293	10.699
-2.333	10.689
-2.413	10.819
-2.453	11.039
-2.453	11.079
-2.463	11.119
-2.463	11.199
-2.473	11.239
-2.473	11.269
-2.433	11.269
-2.373	11.289
-2.333	11.329
-2.253	11.369
-2.083	11.509
-2.023	11.549
-1.973	11.569
-1.953	11.589
-1.933	11.569
-1.913	11.419
-1.913	11.289
-1.923	11.159
-1.943	11.039
-1.953	10.939
-1.963	10.869
POLYLINE BLACK
-2.393	11.689
-2.383	11.669
-2.363	11.739
-2.393	11.939
-2.463	12.099
-2.483	12.189
-2.493	12.239
-2.513	12.409
-2.523	12.459
-2.533	12.559
-2.573	12.679
-2.663	12.809
-2.813	12.999
-2.933	13.239
-2.963	13.289
-3.043	13.399
-3.073	13.469
-3.133	13.569
-3.343	13.999
-3.383	14.059
POLYLINE BLACK
-1.332	10.602
-1.409	10.623
-1.423	10.623
-1.472	10.644
-1.486	10.644
-1.528	10.665
-1.542	10.665
-1.612	10.700
-1.626	10.700
-1.654	10.728
-1.668	10.728
-1.710	10.763
-1.724	10.763
-1.766	10.784
-1.780	10.798
-1.780	10.784
-1.836	10.707
-1.885	10.644
-1.892	10.623
-1.927	10.581
-1.955	10.518
-2.032	10.413
-2.067	10.371
-2.130	10.301
-2.158	10.259
-2.172	10.252
POLYLINE BLACK
-2.326	10.308
POLYLINE BLACK
-2.214	10.245
-2.200	10.231
-2.186	10.238
-2.137	10.217
-2.088	10.210
-2.018	10.182
-1.913	10.161
-1.836	10.133
-1.822	10.119
-1.731	10.077
-1.717	10.063
-1.703	10.063
-1.703	10.049
-1.696	10.063
-1.682	10.070
-1.654	10.133
-1.514	10.343
-1.493	10.357
-1.486	10.378
-1.465	10.392
-1.388	10.518
-1.325	10.595
-1.283	10.658
-1.227	10.728
-1.220	10.742
-1.192	10.763
-1.150	10.819
POLYLINE BLACK
-2.718	9.293
-2.704	9.293
-2.697	9.314
-2.662	9.356
-2.641	9.363
-2.641	9.384
-2.613	9.426
-2.613	9.461
-2.557	9.545
-2.557	9.559
-2.543	9.587
-2.543	9.601
-2.508	9.601
-2.466	9.615
-2.438	9.608
-2.424	9.608
-2.396	9.601
-2.382	9.601
-2.340	9.587
-2.340	9.601
-2.291	9.706
-2.277	9.713
-2.235	9.769
-2.116	9.902
-2.060	9.979
-1.983	10.063
-1.948	10.105
-1.955	10.119
-2.053	10.161
-2.067	10.154
-2.074	10.168
-2.102	10.175
-2.116	10.175
POLYLINE BLACK
-2.668	11.092
-2.668	11.062
-2.648	11.042
-2.608	11.172
-2.568	11.212
-2.538	11.282
-2.498	11.342
-2.428	11.472
-2.418	11.512
-2.398	11.582
-2.378	11.662
-2.358	11.682
-2.358	11.702
-2.318	11.742
POLYLINE BLUE
-2.327	8.938
-2.313	8.910
-2.313	8.889
-2.285	8.882
-2.187	8.826
POLYLINE BLUE
-1.466	8.812
-1.487	8.826
-1.501	8.854
-1.543	8.868
-1.564	8.868
-1.592	8.875
-1.620	8.861
-1.655	8.812
-1.662	8.791
-1.704	8.763
-1.753	8.784
-1.823	8.840
-1.858	8.882
-1.886	8.896
-1.914	8.889
-1.928	8.889
-1.949	8.861
-1.963	8.826
-1.977	8.826
-1.991	8.812
-2.005	8.812
-2.019	8.826
-2.040	8.826
-2.124	8.903
-2.138	8.903
-2.180	8.917
-2.201	8.917
-2.257	8.931
-2.278	8.945
-2.292	8.945
-2.320	8.952
-2.348	8.952
-2.334	8.959
-2.313	8.959
-2.236	8.987
-2.222	8.987
-2.208	9.001
-2.173	9.008
-2.159	9.008
POLYLINE BLACK
-2.929	8.658
-2.929	8.644
-2.943	8.630
-2.985	8.644
-3.013	8.672
POLYLINE BLACK
-2.894	8.770
-2.894	8.756
-2.936	8.756
-2.950	8.770
-2.964	8.770
-2.978	8.777
POLYLINE BLACK
-2.852	8.847
-2.866	8.847
-2.894	8.854
-2.915	8.854
-2.943	8.861
POLYLINE BLACK
-2.817	8.966
-2.824	8.952
-2.880	8.980
-2.894	8.980
POLYLINE BLACK
-2.789	9.057
-2.803	9.050
-2.859	9.085
POLYLINE BLACK
-2.747	9.190
-2.754	9.176
-2.810	9.211
POLYLINE BLACK
-2.698	9.288
-2.698	9.274
-2.754	9.120
-2.782	9.050
POLYLINE BLACK
-2.698	9.323
-2.726	9.323
-2.754	9.330
POLYLINE BLACK
-2.621	9.470
-2.621	9.456
-2.614	9.442
-2.642	9.442
-2.670	9.449
POLYLINE BLACK
-2.607	9.624
-2.600	9.610
-2.621	9.568
POLYLINE BLACK
-2.705	9.708
-2.684	9.673
-2.684	9.645
-2.691	9.617
-2.691	9.603
POLYLINE BLACK
-2.796	9.792
POLYLINE BLACK
-2.523	9.589
-2.523	9.575
-2.551	9.596
-2.565	9.596
-2.607	9.624
-2.635	9.645
-2.656	9.645
-2.698	9.673
-2.726	9.666
-2.754	9.694
-2.768	9.694
-2.810	9.715
-2.817	9.729
-2.810	9.757
-2.810	9.778
-2.768	9.862
-2.733	9.904
-2.719	9.939
-2.684	9.981
-2.621	10.093
-2.600	10.163
-2.579	10.212
-2.579	10.226
-2.537	10.317
-2.537	10.331
-2.509	10.373
-2.509	10.394
-2.502	10.380
-2.446	10.366
-2.432	10.366
-2.390	10.331
-2.306	10.289
-2.292	10.289
-2.278	10.268
-2.236	10.240
-2.222	10.226
-2.208	10.226
-2.180	10.205
-2.166	10.205
-2.152	10.191
-2.138	10.191
-2.124	10.177
-2.131	10.191
-2.131	10.177
POLYLINE BLACK
-2.838	9.715
-2.824	9.715
-2.796	9.694
-2.726	9.680
POLYLINE BLACK
-2.880	9.575
-2.852	9.561
-2.824	9.561
-2.796	9.540
-2.782	9.540
POLYLINE BLACK
-2.943	9.463
-2.901	9.428
-2.866	9.414
POLYLINE BLACK
-3.069	9.295
-3.034	9.323
-2.957	9.435
POLYLINE BLACK
-2.985	9.450
-2.975	9.400
-2.925	9.450
-2.865	9.590
-2.815	9.660
-2.815	9.730
-2.775	9.810
POLYLINE BLACK
-2.675	11.050
-2.635	11.020
-2.615	11.030
-2.615	10.990
-2.665	10.820
-2.745	10.650
-2.775	10.600
-2.805	10.510
-2.835	10.470
-2.885	10.330
-2.895	10.290
-2.945	10.180
-2.945	10.150
-2.985	10.090
-2.995	10.040
-3.055	9.910
-3.065	9.870
-3.145	9.670
-3.265	9.410
-3.335	9.310
-3.345	9.270
POLYLINE BLACK
-2.905	8.810
-2.865	8.780
-2.715	8.780
-2.675	8.770
-2.605	8.770
-2.565	8.780
-2.415	8.780
-2.385	8.770
-2.335	8.780
-2.235	8.780
-2.195	8.770
-2.145	8.770
-2.055	8.740
-2.025	8.740
-1.955	8.700
-1.885	8.700
-1.825	8.670
-1.735	8.650
-1.695	8.630
-1.645	8.630
-1.575	8.590
-1.535	8.600
-1.495	8.600
-1.405	8.580
-1.385	8.590
-1.345	8.580
-1.275	8.590
-1.235	8.580
-1.195	8.600
-1.155	8.590
-1.115	8.580
-1.025	8.560
-0.995	8.590
-0.945	8.640
-0.905	8.780
-0.895	8.820
-0.895	8.970
-0.915	9.060
-0.935	9.060
-0.955	9.080
-0.995	9.090
-1.035	9.080
-1.055	9.080
-1.105	9.000
-1.145	8.990
-1.165	8.990
-1.185	9.010
-1.205	9.000
-1.285	9.020
-1.305	9.000
-1.325	9.000
-1.345	9.020
-1.405	9.000
-1.515	9.050
-1.545	9.050
-1.655	9.090
-1.695	9.080
-1.805	9.080
-1.845	9.090
-1.945	9.110
-1.985	9.120
-2.025	9.130
-2.045	9.120
-2.125	9.160
-2.165	9.160
-2.205	9.170
-2.235	9.170
-2.255	9.180
-2.295	9.170
-2.315	9.190
-2.355	9.190
-2.485	9.220
-2.525	9.220
-2.565	9.240
-2.605	9.230
-2.635	9.240
-2.655	9.230
-2.675	9.250
-2.715	9.260
-2.745	9.290
-2.745	9.270
-2.735	9.290
POLYLINE BLACK
-2.985	9.100
POLYLINE BLACK
1.194	6.935
1.194	6.921
1.187	6.907
1.159	6.900
1.145	6.900
1.131	6.893
1.117	6.907
1.103	6.907
1.089	6.900
1.075	6.914
1.047	6.907
1.019	6.886
1.012	6.872
1.026	6.844
1.026	6.704
1.012	6.676
1.012	6.662
0.998	6.648
0.956	6.648
0.942	6.655
0.928	6.641
0.914	6.641
0.886	6.648
0.872	6.641
0.858	6.648
0.844	6.641
0.816	6.648
0.802	6.648
0.774	6.655
0.746	6.655
0.718	6.669
0.704	6.669
0.690	6.662
0.662	6.669
0.648	6.683
0.634	6.683
0.606	6.690
0.592	6.683
0.564	6.697
0.543	6.725
0.536	6.760
0.536	6.802
0.529	6.823
0.536	6.851
0.536	6.879
0.529	6.907
0.529	6.921
0.543	6.949
0.543	6.963
0.585	7.026
0.592	7.040
0.592	7.061
0.585	7.089
0.585	7.131
0.599	7.166
0.634	7.208
0.711	7.243
0.739	7.264
0.823	7.285
0.851	7.292
0.879	7.278
0.893	7.278
0.921	7.285
0.935	7.285
0.984	7.264
0.998	7.271
1.068	7.243
1.082	7.250
1.110	7.243
1.152	7.243
1.208	7.222
1.222	7.208
1.222	7.026
1.215	6.998
1.215	6.984
1.208	6.956
1.208	6.942
1.194	6.914
1.194	6.900
POLYLINE CONNECT
1.012	6.927
-3.442	8.236
POLYLINE BLACK
-3.072	9.288
-3.058	9.288
-3.030	9.281
-3.016	9.281
-2.988	9.274
-2.974	9.274
-2.960	9.267
POLYLINE BLACK
-3.128	9.176
-3.100	9.169
-3.065	9.169
-3.051	9.176
-3.023	9.155
POLYLINE BLACK
-3.170	9.099
-3.170	9.085
-3.156	9.071
-3.149	9.092
-3.128	9.120
-3.086	9.211
-3.086	9.225
-3.058	9.295
-3.044	9.309
-3.044	9.323
-3.030	9.351
POLYLINE BLACK
-3.205	8.980
-3.149	8.966
-3.121	8.966
-3.107	8.959
POLYLINE BLACK
-3.170	9.057
-3.163	9.043
-3.149	9.036
-3.086	9.036
-3.058	9.029
POLYLINE BLACK
-3.247	8.889
-3.233	8.889
-3.219	8.875
-3.191	8.875
-3.177	8.868
-3.163	8.875
POLYLINE BLACK
-3.282	8.770
-3.282	8.749
-3.275	8.735
-3.191	8.735
POLYLINE BLACK
-3.212	8.609
-3.219	8.581
-3.219	8.567
-3.226	8.553
-3.226	8.532
POLYLINE BLACK
-3.086	8.630
-3.086	8.616
-3.079	8.602
-3.079	8.581
-3.093	8.525
POLYLINE BLACK
-3.037	8.518
-3.030	8.504
-3.058	8.518
-3.072	8.511
POLYLINE BLACK
-3.078	8.557
-3.058	8.517
-3.068	8.497
-3.088	8.507
-3.108	8.497
-3.128	8.517
-3.148	8.507
-3.168	8.517
-3.188	8.507
-3.228	8.517
-3.288	8.527
-3.308	8.547
-3.318	8.617
-3.308	8.657
-3.258	8.717
-3.248	8.767
-3.178	8.977
-3.098	9.107
POLYLINE BLACK
-3.898	8.547
-3.898	8.517
-3.868	8.557
-3.818	8.567
-3.718	8.707
-3.698	8.717
-3.658	8.787
-3.568	8.897
-3.518	8.917
-3.508	8.957
-3.478	9.007
-3.478	9.027
-3.448	9.077
-3.398	9.177
-3.348	9.237
-3.348	9.257
-3.318	9.297
POLYLINE BLACK
-3.198	8.147
-3.178	8.207
-3.178	8.257
-3.128	8.367
-3.048	8.427
-3.008	8.517
-2.978	8.547
-2.908	8.657
-2.908	8.697
-2.858	8.847
-2.838	8.867
-2.828	8.907
-2.788	9.017
-2.758	9.057
POLYLINE BLACK
-4.338	8.077
-4.308	8.007
-4.268	7.997
-4.138	8.107
-4.058	8.197
-4.048	8.247
-4.018	8.277
-3.958	8.377
-3.888	8.487
POLYLINE BLACK
-3.228	8.167
-3.168	8.117
-3.088	8.107
-3.048	8.107
-2.998	8.127
-2.978	8.117
-2.958	8.127
-2.928	8.117
-2.868	8.137
-2.838	8.117
-2.758	8.127
-2.718	8.117
-2.668	8.097
-2.508	8.097
-2.488	8.107
-2.468	8.097
-2.438	8.107
-2.398	8.097
-2.098	8.097
-2.078	8.107
-2.028	8.097
-1.978	8.087
-1.938	8.097
-1.898	8.097
-1.858	8.107
-1.808	8.107
-1.718	8.127
-1.648	8.137
-1.588	8.107
-1.548	8.097
-1.468	8.077
-1.448	8.087
-1.408	8.057
-1.388	8.067
-1.328	8.047
-1.288	8.037
-1.268	8.047
-1.248	8.037
POLYLINE BROWN
1.472	-9.768
1.502	-9.828
1.502	-9.768
1.442	-9.708
1.472	-9.768
1.412	-9.798
POLYLINE BROWN
1.532	-10.068
1.562	-10.128
1.502	-10.158
1.562	-10.158
1.562	-10.098
POLYLINE BROWN
1.502	-10.158
POLYLINE BROWN
1.442	-9.858
POLYLINE BROWN
0.782	-10.368
0.842	-10.308
0.872	-10.158
0.962	-10.038
0.992	-9.888
1.082	-9.708
1.112	-9.588
POLYLINE BROWN
0.782	-9.678
0.872	-9.798
1.172	-10.428
POLYLINE BROWN
-1.648	-8.358
-1.543	-8.448
-1.363	-8.658
-1.348	-8.703
-1.258	-8.793
-1.228	-8.793
POLYLINE BROWN
-1.663	-8.493
-1.633	-8.478
-1.543	-8.343
-1.423	-8.208
-1.258	-8.088
POLYLINE BROWN
-1.753	-7.938
-1.753	-8.013
-1.693	-8.223
-1.693	-8.253
-1.678	-8.283
-1.678	-8.358
-1.663	-8.433
-1.663	-8.508
-1.648	-8.568
-1.648	-8.838
POLYLINE BROWN
21.607	-10.588
21.847	-10.848
21.907	-11.108
21.907	-11.688
21.887	-11.788
21.887	-11.848
21.707	-12.148
21.567	-12.268
21.487	-12.308
21.467	-12.348
POLYLINE BROWN
20.947	-10.868
20.947	-10.848
20.947	-11.308
20.927	-11.448
20.907	-11.688
20.947	-11.768
21.007	-11.808
21.067	-11.808
21.147	-11.848
21.487	-11.848
POLYLINE BROWN
20.007	-10.888
20.027	-10.968
20.047	-11.208
20.047	-11.428
20.027	-11.508
20.027	-11.568
20.007	-11.648
20.087	-11.728
20.387	-11.808
20.627	-11.828
20.667	-11.848
POLYLINE BROWN
19.227	-11.528
19.227	-11.488
19.327	-11.508
19.447	-11.468
19.547	-11.488
19.627	-11.488
POLYLINE BROWN
19.067	-11.828
19.087	-11.728
19.087	-11.648
19.167	-11.288
19.187	-11.028
19.227	-10.908
19.427	-11.248
19.567	-11.588
19.587	-11.668
19.647	-11.828
POLYLINE BROWN
18.047	-11.788
18.087	-11.748
18.107	-11.628
18.187	-11.328
18.187	-11.248
18.267	-10.928
18.287	-10.888
18.307	-10.968
18.387	-11.168
18.427	-11.208
18.427	-11.248
18.507	-11.168
18.627	-10.888
18.627	-10.848
18.687	-10.948
18.687	-11.028
18.787	-11.468
18.807	-11.688
18.807	-11.748
POLYLINE BROWN
17.227	-10.888
17.267	-10.908
17.367	-10.848
17.447	-10.848
17.507	-10.828
17.667	-10.888
17.807	-10.988
17.907	-11.148
17.927	-11.248
17.827	-11.448
17.607	-11.648
17.507	-11.688
17.427	-11.748
POLYLINE BROWN
17.267	-10.868
17.307	-10.968
17.327	-11.368
17.347	-11.548
17.347	-11.708
17.367	-11.748
POLYLINE BROWN
16.527	-11.568
16.567	-11.588
16.627	-11.568
16.727	-11.588
16.847	-11.548
POLYLINE BROWN
16.347	-11.828
16.387	-11.848
16.427	-11.788
16.427	-11.748
16.467	-11.688
16.647	-10.768
16.887	-11.328
16.947	-11.628
16.967	-11.888
16.987	-11.948
POLYLINE BROWN
15.687	-10.988
15.727	-10.888
15.907	-10.788
15.987	-10.768
16.087	-10.768
16.167	-10.828
16.187	-10.948
16.187	-11.068
16.087	-11.188
15.907	-11.248
16.187	-11.668
16.267	-11.868
POLYLINE BROWN
15.747	-10.868
15.767	-10.948
15.847	-11.388
15.847	-11.468
15.867	-11.568
15.867	-11.928
POLYLINE BROWN
14.087	-11.848
14.167	-11.668
14.407	-11.248
14.587	-11.028
POLYLINE BROWN
13.927	-11.108
14.067	-11.268
14.127	-11.368
14.227	-11.508
POLYLINE BROWN
13.067	-11.768
13.087	-11.668
13.087	-11.288
13.127	-11.188
13.227	-11.308
13.367	-11.548
13.467	-11.728
13.507	-11.768
13.527	-11.688
13.627	-11.368
13.627	-11.288
13.687	-11.088
POLYLINE BROWN
12.607	-11.748
12.567	-11.768
12.467	-11.728
12.407	-11.648
12.387	-11.548
12.387	-11.448
12.407	-11.348
12.547	-11.248
12.587	-11.248
12.727	-11.148
12.827	-11.268
12.887	-11.368
12.907	-11.568
12.727	-11.748
POLYLINE BROWN
11.547	-11.148
11.547	-11.188
11.627	-11.148
11.747	-11.168
11.887	-11.148
11.947	-11.168
12.067	-11.128
12.167	-11.148
12.227	-11.148
12.307	-11.168
POLYLINE BROWN
11.867	-11.148
11.967	-11.528
11.987	-11.648
12.047	-11.888
POLYLINE BROWN
11.647	-12.228
11.647	-12.228
11.427	-11.968
11.347	-11.888
11.247	-11.668
11.227	-11.588
11.207	-11.488
11.207	-11.308
11.367	-10.868
11.447	-10.768
POLYLINE BROWN
9.647	-11.248
9.687	-11.208
9.687	-11.168
9.787	-11.108
9.887	-11.088
9.987	-11.068
10.107	-11.088
10.247	-11.208
10.267	-11.348
10.167	-11.448
10.007	-11.508
9.827	-11.448
10.027	-11.588
10.227	-11.808
10.407	-12.148
POLYLINE BROWN
9.727	-11.208
9.787	-11.708
9.847	-11.988
9.847	-12.068
POLYLINE BROWN
9.027	-12.028
8.987	-12.068
9.047	-12.028
9.127	-12.048
9.367	-12.048
9.447	-12.068
9.627	-12.068
POLYLINE BROWN
9.067	-11.528
9.187	-11.568
9.247	-11.568
POLYLINE BROWN
8.887	-11.148
8.927	-11.128
9.027	-11.148
9.207	-11.168
9.267	-11.148
POLYLINE BROWN
8.907	-11.108
8.947	-11.268
8.967	-11.608
8.987	-11.708
9.007	-11.948
9.027	-12.028
POLYLINE BROWN
8.547	-11.068
8.487	-11.068
8.307	-11.128
8.067	-11.408
8.027	-11.588
8.027	-11.708
8.067	-11.888
8.167	-12.008
8.247	-11.988
8.347	-11.948
8.467	-11.848
8.487	-11.948
8.527	-12.068
8.267	-11.728
8.247	-11.688
8.347	-11.668
8.447	-11.668
8.567	-11.708
8.687	-11.688
8.727	-11.688
POLYLINE BROWN
7.067	-11.228
7.147	-11.208
7.327	-11.208
7.607	-11.288
7.647	-11.288
7.787	-11.388
7.827	-11.488
7.787	-11.648
7.727	-11.788
7.587	-11.928
7.367	-12.068
POLYLINE BROWN
7.147	-11.188
7.187	-11.428
7.187	-11.568
7.287	-12.148
POLYLINE BROWN
6.347	-11.748
6.367	-11.788
6.447	-11.768
6.787	-11.768
6.927	-11.748
6.987	-11.748
POLYLINE BROWN
6.247	-12.208
6.267	-12.248
6.307	-12.188
6.327	-12.088
6.407	-11.688
6.447	-11.448
6.547	-11.188
6.727	-11.568
6.867	-11.988
6.927	-12.088
6.967	-12.168
POLYLINE BROWN
5.387	-11.288
5.427	-11.368
5.467	-11.388
5.647	-11.288
5.727	-11.268
5.847	-11.208
5.927	-11.228
5.987	-11.228
6.047	-11.308
6.027	-11.388
5.987	-11.488
5.867	-11.588
5.787	-11.628
6.107	-11.748
6.147	-11.788
6.147	-12.008
6.047	-12.068
5.827	-12.128
5.787	-12.108
5.687	-12.128
POLYLINE BROWN
5.507	-11.308
5.587	-11.428
5.707	-11.828
5.727	-12.168
5.747	-12.228
5.707	-12.368
POLYLINE BROWN
3.967	-11.488
3.947	-11.528
4.007	-11.808
4.027	-12.028
4.027	-12.088
4.047	-12.188
4.047	-12.368
POLYLINE BROWN
3.987	-11.608
4.027	-11.888
4.027	-12.108
POLYLINE BROWN
3.567	-11.928
3.647	-11.948
3.747	-11.948
3.887	-11.968
4.207	-11.968
4.307	-11.988
POLYLINE BROWN
15.847	-9.708
15.927	-9.368
15.927	-9.168
15.947	-8.988
15.967	-8.908
16.027	-8.988
16.187	-9.468
16.227	-9.648
16.247	-9.688
16.367	-9.388
16.427	-9.128
16.487	-8.908
16.487	-8.848
16.507	-8.748
POLYLINE BROWN
15.247	-9.448
15.287	-9.468
15.407	-9.428
15.507	-9.428
15.647	-9.408
POLYLINE BROWN
15.147	-9.728
15.267	-9.428
15.407	-8.888
15.467	-8.988
15.627	-9.408
15.647	-9.528
15.667	-9.608
POLYLINE BROWN
14.327	-9.728
14.367	-9.628
14.427	-9.208
14.487	-9.028
14.527	-9.148
14.587	-9.328
14.627	-9.328
14.907	-8.888
14.927	-8.968
14.967	-9.308
14.987	-9.408
14.987	-9.588
POLYLINE BROWN
13.667	-8.948
13.667	-9.148
13.647	-9.248
13.647	-9.368
13.627	-9.508
13.627	-9.688
13.667	-9.788
13.747	-9.768
13.807	-9.788
13.907	-9.768
14.147	-9.728
14.187	-9.708
POLYLINE BROWN
13.307	-8.908
13.387	-9.148
13.387	-9.308
13.407	-9.408
13.407	-9.488
13.427	-9.588
13.407	-9.728
POLYLINE BROWN
12.247	-8.908
12.247	-8.948
12.307	-9.028
12.327	-9.128
12.447	-9.548
12.447	-9.608
12.467	-9.688
12.467	-9.728
12.507	-9.728
12.567	-9.648
12.727	-9.268
12.787	-9.468
12.827	-9.708
12.887	-9.608
13.207	-8.948
POLYLINE BROWN
10.347	-9.888
10.427	-9.908
10.507	-9.888
10.767	-9.848
10.947	-9.808
11.047	-9.828
POLYLINE BROWN
10.247	-9.028
10.307	-9.188
10.367	-9.608
10.367	-9.868
10.387	-9.908
10.387	-9.988
POLYLINE BROWN
9.587	-9.088
9.627	-9.228
9.627	-9.308
9.647	-9.408
9.647	-9.508
9.667	-9.628
9.707	-9.788
9.787	-9.908
9.907	-9.788
9.947	-9.628
9.947	-9.528
9.967	-9.348
9.967	-9.248
9.947	-9.208
9.947	-9.108
9.927	-9.028
9.907	-8.948
9.887	-8.908
POLYLINE BROWN
9.007	-9.648
9.067	-9.668
9.147	-9.608
9.287	-9.588
POLYLINE BROWN
8.827	-10.028
8.887	-9.948
8.987	-9.528
8.987	-9.408
9.027	-9.108
9.047	-9.068
9.087	-9.168
9.147	-9.248
9.247	-9.448
9.327	-9.788
9.387	-9.968
9.387	-10.028
POLYLINE BROWN
8.267	-9.048
8.387	-8.968
8.527	-8.968
8.627	-8.948
8.707	-8.968
8.807	-9.188
8.787	-9.268
8.747	-9.368
8.527	-9.508
8.487	-9.528
8.427	-9.508
8.387	-9.528
8.347	-9.508
POLYLINE BROWN
8.287	-9.068
8.347	-9.148
8.367	-9.388
8.387	-9.448
8.407	-9.708
8.447	-9.948
8.447	-10.028
POLYLINE BROWN
6.727	-10.068
6.687	-10.088
6.587	-9.988
6.567	-9.948
POLYLINE BROWN
6.507	-9.228
6.547	-9.428
6.547	-9.528
6.567	-9.668
6.567	-9.968
6.647	-9.788
6.767	-9.688
6.807	-9.668
6.887	-9.728
6.887	-9.908
6.747	-10.048
6.667	-10.088
7.007	-9.868
7.027	-9.828
7.047	-9.908
7.067	-10.008
7.127	-10.068
7.267	-9.868
7.287	-9.828
7.287	-9.988
7.407	-10.548
7.407	-10.668
7.387	-10.748
7.287	-10.808
7.067	-10.808
6.907	-10.788
POLYLINE BROWN
5.067	-10.168
5.087	-10.208
5.127	-10.208
5.267	-10.108
5.347	-10.088
5.387	-10.048
POLYLINE BROWN
5.367	-9.408
5.387	-9.368
5.147	-9.408
5.047	-9.448
4.847	-9.668
4.747	-9.968
4.767	-10.088
4.947	-10.248
5.127	-10.268
POLYLINE BROWN
4.387	-9.408
3.947	-9.568
3.847	-9.728
3.847	-9.948
3.907	-10.108
4.067	-10.228
4.147	-10.248
4.247	-10.228
POLYLINE BROWN
3.307	-9.308
3.387	-9.428
3.387	-9.468
3.207	-9.548
3.027	-9.688
3.007	-9.748
3.067	-9.828
3.307	-9.948
3.347	-9.948
3.507	-10.088
3.387	-10.208
3.287	-10.268
3.127	-10.268
2.947	-10.188
POLYLINE BROWN
2.507	-8.288
POLYLINE BROWN
1.927	-9.568
1.967	-9.748
2.027	-9.948
2.027	-10.048
2.067	-10.228
2.087	-10.328
2.127	-10.268
2.147	-10.168
2.287	-9.888
2.287	-9.848
2.347	-9.968
2.387	-10.248
2.427	-10.328
2.627	-9.868
2.747	-9.528
POLYLINE BROWN
0.407	-10.448
0.367	-10.428
0.287	-10.448
0.107	-10.308
0.027	-10.188
0.027	-10.048
0.127	-9.848
0.207	-9.788
0.347	-9.768
0.567	-9.808
0.647	-9.848
0.707	-10.028
0.667	-10.188
0.547	-10.368
0.507	-10.408
POLYLINE BROWN
-0.833	-9.788
-0.793	-9.808
-0.613	-9.748
-0.493	-9.748
-0.233	-9.668
-0.173	-9.668
POLYLINE BROWN
-0.513	-9.788
-0.453	-9.888
-0.433	-9.928
-0.433	-10.008
-0.413	-10.048
-0.393	-10.388
-0.393	-10.468
POLYLINE BROWN
-0.973	-9.728
-0.953	-9.768
-1.073	-9.768
-1.313	-9.848
-1.413	-9.948
-1.293	-10.048
-1.113	-10.108
-1.053	-10.108
-0.953	-10.228
-0.953	-10.328
-1.073	-10.428
-1.213	-10.448
-1.293	-10.468
-1.333	-10.448
POLYLINE BROWN
-1.853	-9.768
-1.793	-9.848
-1.773	-10.048
-1.773	-10.468
POLYLINE BROWN
-2.413	-9.888
-2.373	-9.848
-2.313	-9.848
-2.193	-9.808
-2.093	-9.808
-2.013	-9.848
-1.953	-9.968
-1.953	-10.148
-2.013	-10.308
-2.213	-10.508
-2.253	-10.528
POLYLINE BROWN
-2.353	-9.888
-2.353	-9.988
-2.333	-10.088
-2.333	-10.268
-2.313	-10.408
-2.313	-10.588
POLYLINE BROWN
7.487	-7.868
7.667	-7.888
7.767	-7.848
POLYLINE BROWN
7.687	-7.448
7.647	-7.408
7.527	-7.408
7.427	-7.428
7.227	-7.668
7.207	-7.848
7.267	-7.988
7.347	-8.068
7.567	-8.068
7.667	-7.968
7.707	-8.008
7.687	-8.148
POLYLINE BROWN
6.567	-8.108
6.667	-8.128
6.747	-8.108
7.047	-8.028
POLYLINE BROWN
6.687	-7.768
6.787	-7.788
6.827	-7.768
POLYLINE BROWN
6.507	-7.528
6.527	-7.568
6.627	-7.528
6.687	-7.528
6.787	-7.488
6.887	-7.488
POLYLINE BROWN
6.527	-7.488
6.567	-7.648
6.567	-8.128
POLYLINE BROWN
5.907	-7.448
5.927	-7.708
5.947	-7.808
5.947	-7.888
5.927	-7.988
5.907	-8.168
5.987	-8.148
6.107	-8.128
6.367	-8.048
POLYLINE BROWN
5.127	-7.588
5.267	-7.608
5.327	-7.608
5.607	-7.508
5.687	-7.508
POLYLINE BROWN
5.387	-7.568
5.427	-7.808
5.447	-8.108
5.447	-8.268
POLYLINE BROWN
4.647	-8.288
4.567	-8.308
4.467	-8.188
4.427	-7.988
4.427	-7.928
4.447	-7.828
4.527	-7.748
4.627	-7.688
4.707	-7.688
4.907	-7.888
4.927	-8.068
4.887	-8.168
4.747	-8.348
4.647	-8.408
POLYLINE BROWN
3.907	-8.288
3.907	-8.328
3.787	-8.328
3.667	-8.188
3.607	-8.088
3.587	-8.008
3.607	-7.908
3.687	-7.788
3.887	-7.688
4.047	-7.688
4.107	-7.748
4.127	-7.828
4.127	-7.988
4.107	-8.068
4.087	-8.148
3.967	-8.268
3.927	-8.288
POLYLINE BROWN
3.147	-7.908
3.167	-7.948
3.267	-7.948
3.347	-7.908
POLYLINE BROWN
2.967	-7.668
3.007	-7.648
3.047	-7.668
3.167	-7.608
3.307	-7.588
3.487	-7.628
POLYLINE BROWN
3.047	-7.688
3.087	-7.668
3.147	-7.968
3.167	-8.308
3.167	-8.408
POLYLINE BROWN
2.187	-8.268
2.187	-8.308
POLYLINE BROWN
2.207	-7.928
POLYLINE BROWN
1.687	-7.748
1.707	-7.828
1.707	-7.928
1.727	-8.028
1.727	-8.488
1.707	-8.588
1.707	-8.648
POLYLINE BROWN
1.207	-8.228
1.247	-8.268
1.587	-8.148
POLYLINE BROWN
1.267	-7.828
1.307	-7.868
1.307	-8.028
1.327	-8.148
1.327	-8.448
1.307	-8.528
1.307	-8.588
POLYLINE BROWN
0.947	-7.748
0.947	-7.788
0.827	-7.768
0.647	-7.828
0.527	-7.968
0.487	-8.088
0.487	-8.268
0.567	-8.468
0.667	-8.528
0.747	-8.548
0.927	-8.548
POLYLINE BROWN
-0.533	-7.908
-0.453	-7.928
0.027	-7.848
0.207	-7.788
0.307	-7.788
POLYLINE BROWN
-0.193	-7.948
-0.133	-8.108
-0.133	-8.508
-0.173	-8.648
POLYLINE BROWN
-1.033	-8.688
-0.993	-8.728
-0.913	-8.708
-0.693	-8.708
-0.573	-8.668
POLYLINE BROWN
-0.993	-8.328
-0.893	-8.348
-0.813	-8.328
POLYLINE BROWN
-1.093	-8.028
-0.993	-8.048
-0.833	-8.008
-0.753	-8.008
-0.693	-7.988
POLYLINE BROWN
-1.053	-8.048
-1.053	-8.108
-0.973	-8.488
-0.973	-8.668
-0.953	-8.788
-0.953	-8.828
POLYLINE BROWN
-1.973	-8.008
-1.973	-8.068
-1.993	-8.108
-2.133	-8.108
-2.313	-8.168
-2.313	-8.268
-2.193	-8.368
-2.013	-8.448
-1.913	-8.568
-1.933	-8.688
-2.053	-8.788
-2.133	-8.808
-2.333	-8.808
-2.413	-8.768
POLYLINE BROWN
5.467	-5.088
5.507	-5.088
5.707	-5.308
5.767	-5.528
5.767	-5.628
5.787	-5.668
5.787	-5.848
5.707	-6.088
5.707	-6.148
5.667	-6.248
5.347	-6.548
POLYLINE BROWN
5.007	-5.548
5.047	-5.548
5.187	-5.448
5.327	-5.448
5.387	-5.508
5.407	-5.608
5.407	-5.688
5.327	-5.808
5.207	-5.908
5.087	-5.928
POLYLINE BROWN
5.087	-5.548
5.087	-6.228
5.107	-6.328
POLYLINE BROWN
4.627	-5.468
4.667	-5.508
4.667	-5.568
4.727	-5.828
4.727	-6.028
4.747	-6.248
POLYLINE BROWN
3.867	-5.448
3.967	-5.468
4.067	-5.468
4.247	-5.528
4.327	-5.608
4.347	-5.688
4.227	-5.828
4.107	-5.888
4.067	-5.888
4.267	-6.048
4.387	-6.288
4.387	-6.348
4.407	-6.388
POLYLINE BROWN
3.867	-5.428
3.887	-5.528
3.967	-6.068
3.967	-6.308
3.947	-6.368
POLYLINE BROWN
2.707	-5.408
2.867	-5.488
3.047	-5.508
3.207	-5.508
3.347	-5.488
3.467	-5.508
3.567	-5.488
3.727	-5.488
3.787	-5.468
POLYLINE BROWN
3.207	-5.468
3.207	-5.548
3.267	-5.888
3.267	-5.968
3.287	-6.008
3.287	-6.408
POLYLINE BROWN
0.767	-5.648
1.027	-5.648
1.167	-5.608
1.247	-5.608
1.447	-5.528
1.507	-5.528
1.647	-5.468
1.747	-5.488
1.827	-5.488
POLYLINE BROWN
1.287	-5.648
1.347	-5.788
1.347	-5.848
1.447	-6.268
1.467	-6.528
POLYLINE BROWN
0.607	-5.468
0.667	-5.568
0.587	-5.588
0.327	-5.628
0.227	-5.728
0.287	-5.828
0.547	-5.988
0.647	-6.048
0.767	-6.168
0.787	-6.248
0.707	-6.368
0.367	-6.488
0.267	-6.488
POLYLINE BROWN
-0.633	-5.648
-0.333	-5.608
-0.293	-5.588
-0.213	-5.608
-0.113	-5.748
-0.133	-5.848
-0.293	-5.968
-0.433	-6.008
-0.473	-5.988
-0.233	-6.228
-0.113	-6.468
-0.093	-6.528
POLYLINE BROWN
-0.573	-5.668
-0.513	-5.968
-0.473	-6.288
-0.473	-6.528
POLYLINE BROWN
-0.913	-5.568
-0.893	-5.728
-0.893	-5.888
-0.873	-5.988
-0.853	-6.208
-0.833	-6.308
-0.853	-6.448
POLYLINE BROWN
-1.353	-6.028
-1.313	-6.068
-1.193	-6.068
-1.093	-6.048
POLYLINE BROWN
-1.473	-5.588
-1.453	-5.668
-1.453	-5.708
-1.413	-5.728
-1.253	-5.668
-1.073	-5.668
-1.013	-5.688
POLYLINE BROWN
-1.393	-5.848
-1.393	-6.088
-1.373	-6.168
-1.373	-6.368
-1.353	-6.508
-1.353	-6.568
POLYLINE BROWN
-1.513	-5.528
-1.593	-5.548
-1.773	-5.668
-1.873	-5.788
-1.953	-5.948
-1.973	-6.128
-1.993	-6.308
-1.993	-6.408
-1.973	-6.488
-1.933	-6.648
-1.873	-6.708
-1.673	-6.868
-1.633	-6.928
-1.533	-6.988
-1.453	-7.008
POLYLINE BROWN
4.387	-4.928
4.507	-4.788
4.567	-4.648
4.647	-4.528
4.787	-4.208
4.887	-3.888
4.967	-3.728
4.967	-3.688
POLYLINE BROWN
4.187	-3.748
4.307	-3.868
4.367	-3.988
4.467	-4.088
4.627	-4.468
4.667	-4.508
POLYLINE BROWN
3.287	-4.788
3.307	-4.828
3.387	-4.788
3.487	-4.788
3.687	-4.728
3.747	-4.748
3.827	-4.728
3.927	-4.748
3.967	-4.728
POLYLINE BROWN
3.287	-4.248
3.367	-4.228
3.647	-4.288
3.687	-4.288
POLYLINE BROWN
3.087	-3.768
3.427	-3.768
3.547	-3.748
3.627	-3.748
3.767	-3.728
POLYLINE BROWN
3.067	-3.828
3.127	-4.008
3.167	-4.128
3.167	-4.208
3.227	-4.448
3.227	-4.568
3.247	-4.628
3.247	-4.788
3.267	-4.868
POLYLINE BROWN
2.287	-3.728
2.367	-4.068
2.427	-4.288
2.427	-4.368
2.467	-4.468
2.467	-4.548
2.527	-4.768
2.687	-4.188
2.687	-4.108
2.727	-3.908
2.747	-3.828
2.767	-3.788
POLYLINE BROWN
1.367	-4.028
1.587	-3.828
1.687	-3.788
1.727	-3.748
1.867	-3.748
1.967	-3.808
2.007	-3.888
2.007	-3.948
1.887	-4.068
1.827	-4.108
1.747	-4.128
1.667	-4.148
1.687	-4.228
1.887	-4.468
1.947	-4.588
2.007	-4.688
2.087	-4.888
POLYLINE BROWN
1.367	-3.868
1.427	-3.968
1.487	-4.208
1.527	-4.648
1.527	-4.728
1.567	-4.928
POLYLINE BROWN
0.667	-3.828
0.687	-3.908
0.707	-4.108
0.707	-4.488
0.767	-4.708
0.887	-4.808
1.067	-4.688
1.187	-4.508
1.227	-4.388
1.227	-4.288
1.247	-4.228
1.147	-3.928
1.067	-3.748
POLYLINE BROWN
0.307	-3.948
0.247	-3.908
0.167	-3.928
0.127	-3.928
-0.113	-4.048
-0.173	-4.128
-0.173	-4.188
0.027	-4.388
0.307	-4.588
0.447	-4.748
0.447	-4.788
0.347	-4.868
0.247	-4.868
0.127	-4.888
-0.033	-4.908
-0.213	-4.848
-0.313	-4.788
POLYLINE BROWN
-1.013	-4.448
-1.013	-4.868
-1.033	-4.908
-0.893	-4.948
-0.713	-4.968
-0.613	-4.948
-0.513	-4.928
POLYLINE BROWN
-1.073	-4.408
-0.973	-4.428
-0.893	-4.408
-0.713	-4.368
POLYLINE BROWN
-1.153	-3.948
-1.153	-3.988
-1.113	-4.008
-1.053	-3.968
-0.933	-3.948
-0.773	-3.908
-0.713	-3.908
POLYLINE BROWN
-1.213	-4.048
-1.113	-4.268
-1.053	-4.488
-1.053	-4.608
-1.033	-4.688
POLYLINE BROWN
-2.013	-3.988
-2.013	-3.988
-1.833	-3.908
-1.793	-3.928
-1.653	-3.888
-1.513	-4.028
-1.493	-4.128
-1.533	-4.168
-1.533	-4.208
-1.593	-4.308
-1.913	-4.448
-1.953	-4.428
-1.673	-4.628
-1.353	-4.948
-1.333	-5.008
POLYLINE BROWN
-2.033	-3.988
-2.093	-4.108
-2.053	-4.308
-2.033	-4.508
-2.013	-4.608
-2.013	-4.668
-1.993	-4.748
-1.993	-4.888
-1.973	-4.968
-1.973	-5.008
POLYLINE BROWN
4.087	-2.428
3.947	-2.428
3.807	-2.468
3.707	-2.548
3.667	-2.748
3.767	-2.848
3.967	-2.928
4.087	-3.128
4.047	-3.228
4.007	-3.268
3.927	-3.268
3.747	-3.308
3.567	-3.288
POLYLINE BROWN
2.547	-3.288
2.547	-3.188
2.567	-3.148
2.567	-3.068
2.547	-2.968
2.547	-2.748
2.567	-2.648
2.567	-2.588
2.607	-2.468
2.747	-2.708
3.007	-3.288
3.007	-3.148
3.027	-3.068
3.027	-2.968
3.047	-2.848
3.047	-2.608
3.087	-2.468
POLYLINE BROWN
2.007	-3.208
1.787	-3.128
1.707	-2.888
1.807	-2.728
1.907	-2.668
2.067	-2.668
2.207	-2.808
2.247	-2.868
2.247	-2.948
2.167	-3.128
2.007	-3.228
POLYLINE BROWN
0.827	-2.548
0.967	-2.528
1.147	-2.588
1.327	-2.788
1.367	-2.908
1.347	-3.028
1.087	-3.208
0.987	-3.228
0.907	-3.228
0.827	-3.188
POLYLINE BROWN
0.827	-2.528
0.867	-2.568
0.867	-2.668
0.887	-2.748
0.887	-2.988
0.907	-3.168
POLYLINE BROWN
-0.013	-2.608
0.007	-2.708
0.007	-2.968
-0.013	-3.088
-0.053	-3.248
-0.033	-3.288
0.047	-3.288
0.127	-3.308
0.327	-3.308
0.407	-3.248
POLYLINE BROWN
-0.513	-2.668
-0.453	-2.748
-0.413	-3.008
-0.413	-3.328
POLYLINE BROWN
-1.433	-2.648
-1.413	-2.748
-1.353	-2.928
-1.333	-3.088
-1.273	-3.388
-1.253	-3.468
-1.253	-3.408
-1.133	-3.048
-1.033	-3.208
-0.973	-3.348
-0.933	-3.348
-0.713	-2.788
-0.673	-2.748
POLYLINE BROWN
-1.673	-2.608
-1.753	-2.628
-1.853	-2.608
-1.933	-2.608
-2.033	-2.648
-2.153	-2.828
-2.153	-2.928
-2.053	-3.048
-1.953	-3.108
-1.853	-3.108
-1.713	-3.268
-1.773	-3.348
-1.833	-3.368
-1.873	-3.428
-2.013	-3.428
-2.093	-3.488
-2.173	-3.468
-2.213	-3.488
POLYLINE BLACK
-0.733	6.442
-0.733	6.532
-0.778	6.637
-0.778	6.667
-0.808	6.697
-0.808	6.727
-0.838	6.757
-0.838	6.787
-0.853	6.847
-0.853	6.952
-0.838	7.012
-0.838	7.102
-0.883	7.252
-0.883	7.297
-0.928	7.417
-0.928	7.462
-1.018	7.687
-1.018	7.717
-1.063	7.777
-1.063	7.822
-1.153	8.032
-1.273	8.107
POLYLINE BROWN
-4.228	7.882
POLYLINE BROWN
-4.423	7.657
POLYLINE BROWN
-4.678	7.477
POLYLINE BROWN
-4.873	7.312
POLYLINE BROWN
-5.128	7.207
-5.113	7.177
POLYLINE BROWN
-5.398	7.117
-5.383	7.087
POLYLINE BROWN
-5.683	6.952
POLYLINE BROWN
-5.968	6.862
-5.938	6.847
POLYLINE BROWN
-6.313	6.862
-6.298	6.832
POLYLINE BROWN
-6.613	7.012
POLYLINE BROWN
-6.853	7.207
POLYLINE BROWN
-7.063	7.462
-7.048	7.432
POLYLINE BROWN
-7.258	7.627
POLYLINE BROWN
-7.498	7.792
-7.498	7.762
POLYLINE BROWN
-4.213	7.957
-4.243	7.957
-4.288	7.897
-4.348	7.852
-4.453	7.732
-4.573	7.657
-4.693	7.567
-4.873	7.432
-4.903	7.372
-5.143	7.252
-5.188	7.252
-5.248	7.207
-5.278	7.207
-5.338	7.177
-5.368	7.177
-5.428	7.147
-5.458	7.147
-5.623	7.087
-5.653	7.087
-5.743	7.042
-5.773	7.042
-5.923	6.982
-5.998	6.967
-6.028	6.952
-6.058	6.967
-6.088	6.952
-6.193	6.982
-6.253	7.012
-6.283	7.012
-6.373	7.072
-6.403	7.072
-6.463	7.147
-6.553	7.207
-6.763	7.372
-6.913	7.537
-7.003	7.597
-7.183	7.747
-7.333	7.837
-7.348	7.882
-7.408	7.927
-7.408	7.897
POLYLINE BLACK
-7.678	8.212
-7.603	7.987
-7.468	8.047
-7.438	8.077
-7.408	8.077
-7.378	8.107
-7.348	8.107
-7.318	8.122
-7.273	8.182
-7.108	8.287
-7.078	8.287
-7.048	8.317
-7.018	8.317
-6.988	8.332
-6.973	8.362
-6.853	8.422
-6.733	8.422
-6.673	8.407
-6.613	8.407
-6.553	8.392
-6.478	8.392
-6.418	8.377
-6.388	8.377
-6.328	8.362
-6.268	8.362
-6.208	8.332
-6.133	8.317
-5.863	8.107
-5.773	8.047
-5.683	7.972
-5.533	7.852
-5.368	7.747
-5.338	7.747
-5.218	7.657
-5.158	7.657
-5.098	7.687
-5.038	7.687
-4.873	7.747
-4.813	7.777
-4.783	7.762
-4.723	7.807
-4.693	7.807
-4.543	7.897
-4.468	7.912
-4.378	7.972
-4.348	7.972
-4.258	8.017
-4.168	8.017
POLYLINE BLACK
-7.738	8.317
POLYLINE BLACK
-7.738	8.167
-7.723	8.137
POLYLINE BLACK
-7.738	8.182
POLYLINE BLACK
-7.543	8.332
POLYLINE BLACK
-6.718	8.227
POLYLINE BLACK
-3.868	5.362
POLYLINE BLACK
-4.003	4.867
-4.048	4.777
-4.228	4.657
-4.258	4.657
-4.318	4.627
-4.348	4.627
-4.408	4.642
-4.438	4.672
-4.468	4.672
-4.558	4.747
-4.648	4.897
-4.648	4.987
-4.588	5.152
-4.528	5.242
-4.498	5.257
-4.453	5.317
POLYLINE BLACK
-2.668	4.402
-2.728	4.357
-2.758	4.357
-2.818	4.387
-2.848	4.387
-3.058	4.462
-3.118	4.492
-3.148	4.492
-3.208	4.522
-3.238	4.507
-3.343	4.552
-3.373	4.582
-3.403	4.582
-3.523	4.642
-3.553	4.642
-3.613	4.657
-3.733	4.747
-3.763	4.747
-3.808	4.777
-3.838	4.777
-3.898	4.822
-3.928	4.822
-3.958	4.837
POLYLINE BROWN
-1.438	0.937
-1.408	0.937
-1.228	1.072
-1.063	1.177
-0.973	1.267
-0.928	1.282
-0.898	1.312
-0.883	1.357
-0.718	1.552
-0.688	1.567
-0.673	1.612
-0.613	1.657
-0.598	1.687
-0.568	1.702
POLYLINE BROWN
-1.228	0.622
-1.228	0.577
-1.198	0.577
-1.033	0.757
-0.958	0.802
-0.913	0.862
POLYLINE BROWN
-0.238	1.192
-0.223	1.222
POLYLINE BROWN
-0.253	1.342
-0.223	1.267
-0.163	1.177
-0.163	1.132
-0.148	1.102
POLYLINE BROWN
-0.268	1.402
-0.283	1.432
-0.313	1.447
-0.343	1.432
-0.388	1.327
-0.388	1.297
-0.403	1.267
-0.403	1.177
-0.358	1.057
-0.283	1.012
-0.193	1.087
-0.178	1.117
-0.178	1.162
POLYLINE BROWN
-0.538	1.357
-0.508	1.297
-0.448	1.027
-0.418	0.952
-0.388	0.922
POLYLINE BROWN
-0.688	1.042
-0.643	0.982
-0.553	0.922
-0.478	0.922
POLYLINE BROWN
-0.688	1.042
-0.658	0.952
-0.658	0.907
-0.613	0.817
-0.613	0.787
-0.583	0.727
POLYLINE BROWN
-0.808	0.922
-0.808	0.892
-0.763	0.757
-0.748	0.667
-0.718	0.577
POLYLINE BROWN
-1.168	0.532
-1.153	0.607
-1.138	0.667
-1.108	0.712
POLYLINE BROWN
-1.063	0.697
-0.928	0.382
-0.898	0.352
POLYLINE BROWN
-1.258	0.172
-1.258	0.202
-1.228	0.277
POLYLINE BROWN
-1.258	0.427
-1.228	0.217
-1.213	0.187
-1.243	0.217
-1.333	0.517
-1.333	0.562
-1.348	0.622
-1.318	0.607
-1.243	0.502
-1.123	0.217
-1.093	0.187
POLYLINE BROWN
-1.693	0.217
-1.633	0.142
-1.603	0.052
-1.573	0.022
-1.543	-0.068
-1.558	-0.038
-1.558	0.007
-1.603	0.157
-1.603	0.217
-1.618	0.292
-1.618	0.442
-1.603	0.502
-1.543	0.397
-1.543	0.367
-1.528	0.337
-1.543	0.307
-1.543	0.232
-1.573	0.172
-1.558	0.142
-1.483	0.112
-1.348	0.022
-1.303	0.007
POLYLINE BROWN
-2.068	0.082
-2.068	0.112
-1.993	0.217
POLYLINE BROWN
-2.188	0.382
-2.203	0.427
-2.263	0.472
-2.323	0.427
-2.353	0.367
-2.368	0.232
-2.368	0.187
-2.353	0.157
-2.353	0.082
-2.308	-0.083
-2.233	-0.173
-2.188	-0.203
-2.158	-0.203
-2.128	-0.218
-2.068	-0.203
-1.978	-0.128
-1.948	-0.083
-1.948	-0.053
-1.933	0.007
-1.933	0.007
-1.843	-0.188
POLYLINE BROWN
-0.883	2.017
-0.823	2.002
-0.733	2.047
-0.703	2.047
-0.628	2.107
-0.568	2.107
-0.448	2.137
-0.403	2.032
-0.388	1.777
-0.373	1.717
-0.373	1.552
-0.403	1.567
-0.433	1.612
-0.508	1.657
-0.673	1.837
-0.718	1.867
-0.733	1.912
-0.793	2.002
-0.748	1.987
-0.583	1.822
POLYLINE BROWN
-0.208	2.887
-0.208	2.857
-0.163	2.827
POLYLINE BROWN
-0.313	2.842
-0.328	2.812
-0.268	2.722
-0.238	2.692
-0.208	2.692
POLYLINE BROWN
-0.343	2.767
-0.403	2.752
-0.433	2.767
-0.313	2.617
-0.253	2.587
POLYLINE BROWN
-0.088	2.797
-0.028	2.812
POLYLINE BROWN
-0.493	2.782
-0.523	2.752
-0.523	2.782
-0.448	2.872
-0.298	2.977
-0.238	2.947
-0.208	2.902
-0.178	2.887
-0.148	2.827
-0.088	2.782
-0.193	2.662
-0.253	2.572
-0.133	2.737
-0.103	2.767
-0.103	2.797
-0.073	2.782
-0.088	2.812
POLYLINE BROWN
-0.508	2.842
-0.493	2.812
-0.493	2.767
-0.553	2.767
-0.583	2.782
-0.583	2.752
-0.523	2.707
-0.478	2.647
-0.448	2.632
-0.403	2.572
-0.373	2.572
-0.313	2.542
-0.283	2.542
POLYLINE BROWN
-0.493	2.872
-0.478	2.812
-0.493	2.782
-0.493	2.782
POLYLINE BLACK
-0.163	2.482
-0.163	2.422
-0.223	2.407
-0.253	2.437
-0.313	2.422
-0.403	2.467
-0.433	2.467
-0.583	2.542
-0.673	2.617
-0.703	2.617
-0.868	2.737
-0.883	2.767
-0.913	2.767
-0.943	2.797
-0.973	2.797
-1.093	2.887
-1.273	3.022
-1.423	3.127
-1.438	3.157
-1.528	3.217
-1.678	3.352
-1.693	3.382
-1.723	3.397
-1.738	3.427
-1.948	3.607
-2.098	3.742
-2.233	3.892
-2.263	3.907
-2.293	3.967
-2.353	4.012
-2.638	4.387
-2.593	4.387
POLYLINE BLACK
-2.218	5.122
-2.188	5.047
-2.143	4.987
-2.113	4.912
-2.023	4.837
-1.933	4.717
-1.903	4.702
-1.873	4.657
-1.843	4.642
-1.663	4.432
-1.633	4.417
-1.468	4.222
-1.438	4.207
-1.393	4.132
-1.183	3.952
-1.093	3.892
-1.078	3.862
-0.928	3.757
-0.853	3.667
-0.703	3.547
-0.628	3.457
-0.538	3.397
-0.448	3.322
-0.433	3.292
-0.388	3.277
-0.373	3.247
-0.313	3.202
-0.268	3.142
-0.058	2.992
0.017	2.902
0.017	2.812
0.032	2.782
-0.043	2.647
-0.043	2.617
-0.088	2.557
-0.118	2.542
-0.118	2.512
-0.148	2.467
-0.178	2.467
-0.238	2.422
POLYLINE BLACK
-2.323	5.137
-2.293	5.047
-2.263	5.017
-2.263	4.987
-2.233	4.972
-2.143	5.047
-2.113	5.047
-2.053	5.062
-2.008	5.122
-1.978	5.122
-1.768	5.272
-1.633	5.422
-1.423	5.587
-1.393	5.587
-1.243	5.722
-1.093	5.797
-1.063	5.797
-1.048	5.827
POLYLINE BLUE
0.068	4.667
0.075	4.681
0.033	4.758
0.019	4.758
0.005	4.772
-0.009	4.765
-0.065	4.786
-0.079	4.800
-0.093	4.800
-0.100	4.821
-0.086	4.877
-0.065	4.905
-0.065	4.919
-0.037	4.996
-0.037	5.010
-0.058	5.038
-0.072	5.038
-0.100	5.052
-0.149	5.052
-0.177	5.031
-0.191	5.031
-0.219	5.052
-0.247	5.045
-0.289	5.080
-0.303	5.108
-0.303	5.143
-0.282	5.192
-0.261	5.220
-0.261	5.248
-0.296	5.318
-0.373	5.423
-0.401	5.444
-0.408	5.472
-0.359	5.451
-0.310	5.409
-0.296	5.409
-0.282	5.402
-0.275	5.388
-0.261	5.381
-0.240	5.332
-0.282	5.374
-0.303	5.381
-0.331	5.416
-0.387	5.444
-0.415	5.465
-0.450	5.479
-0.450	5.465
-0.429	5.437
-0.415	5.374
-0.415	5.332
-0.408	5.311
-0.415	5.283
-0.415	5.269
POLYLINE BLACK
4.466	2.386
4.506	2.306
4.546	2.316
4.586	2.286
4.626	2.286
4.666	2.296
4.706	2.306
4.726	2.296
4.766	2.306
4.836	2.296
4.876	2.296
4.936	2.316
4.956	2.336
4.966	2.426
4.946	2.526
4.936	2.606
4.936	2.646
4.926	2.716
4.926	2.786
4.916	2.866
4.916	3.016
4.926	3.056
4.926	3.146
4.936	3.196
4.936	3.236
4.946	3.276
4.946	3.516
4.956	3.576
4.946	3.596
4.956	3.616
POLYLINE BLACK
4.836	3.356
4.876	3.366
4.896	3.356
4.936	3.466
4.946	3.506
4.956	3.546
4.956	3.606
4.966	3.626
4.946	3.696
POLYLINE BLACK
4.356	3.776
4.426	3.686
4.446	3.626
4.466	3.636
4.476	3.676
4.486	3.746
4.466	3.806
4.436	3.846
4.446	3.906
4.426	3.896
4.346	3.956
4.316	4.016
4.306	4.056
4.436	4.146
4.476	4.146
4.486	4.186
4.546	4.316
4.546	4.376
4.576	4.496
4.616	4.606
4.646	4.646
4.646	4.736
4.686	4.846
4.776	4.966
4.786	4.996
4.806	5.006
4.806	5.026
4.856	5.056
4.926	5.156
4.966	5.196
4.986	5.176
5.006	5.186
5.066	5.156
5.076	5.126
5.106	5.096
5.056	4.976
5.036	4.876
5.036	4.766
4.996	4.686
4.996	4.616
POLYLINE BLACK
4.426	3.676
4.436	3.656
4.396	3.766
POLYLINE BLACK
4.446	3.626
POLYLINE BLACK
4.926	3.696
4.946	3.656
4.966	3.796
4.966	3.856
5.026	3.996
5.076	4.046
5.096	4.106
5.096	4.146
5.086	4.166
5.066	4.156
5.046	4.176
5.026	4.156
5.016	4.196
5.016	4.266
5.026	4.286
5.016	4.326
5.006	4.406
5.006	4.536
5.016	4.576
5.026	4.616
5.016	4.656
5.016	4.806
5.006	4.826
5.016	4.846
5.006	4.886
5.006	4.946
4.996	4.996
4.986	4.976
5.006	4.996
POLYLINE BLACK
4.356	2.486
4.346	2.506
4.336	2.466
4.336	2.276
4.376	2.286
4.436	2.266
4.476	2.266
4.496	2.256
4.536	2.276
4.546	2.346
4.546	2.526
4.556	2.596
4.556	2.696
4.566	2.736
4.566	2.786
4.576	2.826
4.586	2.906
4.586	2.966
4.576	2.986
4.596	3.076
4.596	3.116
4.606	3.156
4.606	3.216
4.616	3.256
4.616	3.296
4.626	3.316
4.626	3.316
4.626	3.336
4.646	3.336
4.666	3.356
4.706	3.346
4.746	3.346
4.766	3.366
4.786	3.346
4.826	3.356
4.906	3.336
POLYLINE BLACK
4.486	3.626
4.446	3.616
4.416	3.566
4.416	3.516
4.406	3.466
4.406	3.316
4.416	3.276
4.416	3.116
4.406	3.016
4.406	2.976
4.396	2.936
4.396	2.736
4.386	2.666
4.386	2.516
4.376	2.476
POLYLINE CONNECT
4.946	3.656
-0.776	6.379
POLYLINE BLACK
0.136	4.036
0.196	3.916
0.256	3.876
0.276	3.876
0.316	3.846
0.356	3.846
0.386	3.876
0.476	3.886
0.556	3.936
0.586	3.996
0.586	4.036
0.566	4.096
0.566	4.146
0.506	4.366
0.506	4.396
0.496	4.436
0.486	4.476
0.456	4.536
0.406	4.586
0.346	4.686
0.336	4.726
0.306	4.766
0.286	4.836
0.236	4.896
0.146	5.046
0.106	5.086
0.096	5.126
0.036	5.306
0.066	5.336
0.106	5.346
0.216	5.436
0.236	5.466
0.346	5.526
0.476	5.616
0.536	5.666
0.586	5.676
0.646	5.716
0.576	5.716
0.506	5.696
0.466	5.706
0.356	5.686
0.316	5.676
0.276	5.666
0.186	5.646
0.126	5.626
0.106	5.606
0.076	5.606
0.036	5.596
0.006	5.566
-0.054	5.536
-0.074	5.536
-0.094	5.516
-0.144	5.566
-0.144	5.566
-0.214	5.646
-0.234	5.696
-0.294	5.756
-0.344	5.846
-0.394	5.906
-0.424	5.976
-0.514	6.086
-0.584	6.186
-0.714	6.336
-0.724	6.356
-0.764	6.366
POLYLINE BLACK
0.266	3.826
0.166	3.986
0.036	4.246
-0.064	4.396
-0.184	4.656
-0.414	5.126
-0.524	5.286
-0.554	5.326
-0.564	5.356
-0.584	5.356
-0.884	5.686
-0.994	5.836
-1.004	5.866
-1.064	5.916
POLYLINE BLACK
-0.124	3.026
-0.224	3.046
-0.264	3.066
-0.304	3.056
-0.364	3.076
-0.404	3.116
-0.444	3.126
-0.554	3.176
-0.684	3.266
-0.764	3.326
-0.814	3.416
-0.884	3.546
-0.904	3.626
-0.934	3.676
-1.004	3.826
-1.004	3.886
-1.034	4.026
-1.044	4.116
-1.054	4.156
-1.054	4.376
-1.044	4.416
-1.024	4.576
-0.994	4.666
-0.994	4.696
-0.984	4.736
-0.984	4.756
-0.964	4.776
-0.944	4.866
-0.914	4.976
-0.784	5.186
-0.734	5.236
-0.674	5.296
-0.584	5.386
-0.514	5.416
-0.404	5.496
-0.314	5.536
-0.284	5.536
-0.164	5.596
-0.134	5.596
0.006	5.646
0.096	5.646
0.186	5.676
0.216	5.676
0.256	5.696
0.326	5.686
0.366	5.706
0.456	5.706
POLYLINE BLACK
0.266	5.686
0.306	5.696
0.326	5.676
0.356	5.686
0.396	5.676
0.436	5.676
0.476	5.666
0.586	5.646
0.626	5.656
0.646	5.646
0.686	5.656
0.726	5.656
0.766	5.646
0.796	5.646
0.976	5.586
1.036	5.536
1.056	5.536
1.076	5.516
1.106	5.516
1.226	5.436
1.296	5.366
1.346	5.296
1.386	5.256
1.526	5.056
1.586	4.916
1.596	4.866
1.666	4.656
1.676	4.566
1.686	4.526
1.686	4.476
1.696	4.426
1.696	4.366
1.706	4.316
1.706	4.256
1.716	4.216
1.716	4.086
1.706	4.036
1.696	3.996
1.666	3.886
1.626	3.716
1.536	3.506
1.486	3.446
1.456	3.396
1.386	3.326
1.376	3.296
1.156	3.106
1.116	3.076
1.096	3.076
1.076	3.046
1.056	3.046
0.956	2.986
0.816	2.946
0.796	2.956
0.776	2.926
0.736	2.936
0.716	2.926
0.696	2.936
0.616	2.916
0.576	2.906
0.476	2.926
POLYLINE BLACK
0.666	3.286
0.836	3.336
0.976	3.476
1.056	3.526
1.076	3.526
1.146	3.616
1.186	3.656
1.276	3.866
1.286	3.906
1.316	4.026
1.316	4.216
1.306	4.256
1.306	4.286
1.276	4.406
1.206	4.576
1.196	4.616
1.066	4.866
1.006	4.956
0.976	5.006
0.856	5.116
0.776	5.166
0.746	5.166
0.706	5.196
0.606	5.216
0.536	5.226
0.456	5.236
0.416	5.226
0.336	5.236
0.306	5.226
0.256	5.236
0.216	5.226
0.196	5.216
POLYLINE BLACK
0.046	3.346
-0.104	3.056
-0.124	3.036
POLYLINE BLACK
-0.034	3.546
POLYLINE BLACK
0.666	3.316
0.676	3.286
0.606	3.106
0.596	3.066
0.566	3.026
0.556	2.986
0.546	2.966
0.556	2.946
POLYLINE BLACK
0.361	3.991
0.366	4.001
0.361	4.016
0.336	4.046
0.336	4.061
0.306	4.111
0.296	4.136
0.296	4.151
0.281	4.181
0.281	4.191
0.256	4.246
0.256	4.256
0.231	4.321
0.231	4.331
0.216	4.361
0.216	4.376
0.201	4.421
0.201	4.441
0.186	4.496
0.186	4.506
0.171	4.556
POLYLINE BLACK
0.556	4.031
0.576	4.041
0.691	4.281
0.711	4.311
0.721	4.336
0.756	4.376
0.776	4.421
0.791	4.441
0.856	4.576
0.876	4.606
0.896	4.636
0.911	4.671
POLYLINE BLACK
0.371	3.991
0.376	3.981
0.386	3.976
0.406	3.986
0.416	3.986
0.436	3.996
0.446	3.991
0.476	4.011
0.486	4.011
0.506	4.016
0.526	4.016
0.556	4.026
POLYLINE BLACK
0.166	4.546
0.196	4.531
0.236	4.531
0.256	4.536
0.301	4.536
0.321	4.541
0.331	4.541
0.366	4.551
0.396	4.551
0.411	4.561
0.441	4.566
0.451	4.566
0.476	4.576
0.531	4.576
0.551	4.586
0.566	4.586
0.576	4.591
0.611	4.591
0.641	4.606
0.651	4.606
0.681	4.616
0.696	4.616
0.706	4.626
0.716	4.621
0.741	4.631
0.761	4.631
0.781	4.636
0.796	4.636
0.816	4.641
0.826	4.641
0.876	4.656
POLYLINE BLACK
-0.020	3.355
-0.060	3.365
-0.080	3.355
-0.120	3.395
-0.160	3.405
-0.280	3.505
-0.300	3.535
-0.320	3.535
-0.450	3.675
-0.530	3.795
-0.530	3.855
-0.600	4.065
-0.600	4.305
-0.590	4.345
-0.590	4.465
-0.580	4.545
-0.560	4.625
-0.510	4.755
-0.330	4.985
-0.110	5.165
0.010	5.235
0.030	5.235
0.080	5.265
0.100	5.255
0.140	5.265
0.180	5.275
0.220	5.285
0.280	5.265
0.330	5.275

ELEVATION
STATIONS
2.982	-0.104	1.1
5.215	-0.460	1.2
6.528	-2.744	1.3
9.336	-4.061	1.4
13.748	-5.006	1.5
15.975	-5.920	1.6
17.037	-5.704	1.7
18.996	-5.306	1.8
20.004	-5.303	1.9
23.055	-4.993	1.10
22.415	-5.080	1.11
26.663	-3.593	1.12
23.714	-5.667	1.13
28.721	-3.894	1.14
26.160	-6.012	1.15
29.707	-6.405	1.16
32.082	-6.799	1.17
35.906	-8.134	1.18
37.882	-8.702	1.19
40.262	-10.421	1.20
41.847	-11.709	1.21
13.748	-5.006	2.0
17.430	-6.762	2.1
20.703	-8.637	2.2
24.634	-10.452	2.3
27.400	-10.665	2.4
30.232	-12.021	2.5
32.092	-11.809	2.6
34.341	-12.017	2.7
36.023	-11.651	2.8
35.435	-11.932	2.9
37.800	-11.759	2.10
38.562	-10.945	2.11
42.084	-11.184	2.12
43.611	-9.934	2.13
45.994	-9.796	2.14
46.827	-9.989	2.15
51.342	-9.405	2.16
53.647	-9.804	2.17
56.276	-10.137	2.18
57.069	-9.872	2.19
58.834	-9.457	2.20
60.553	-9.236	2.21
63.439	-8.853	2.22
64.747	-8.094	2.23
69.285	-8.746	2.24
71.904	-6.881	2.25
75.863	-5.694	2.26
75.744	-3.766	2.27
71.801	-9.916	2.28
72.388	-10.589	2.29
77.838	-13.714	2.30
78.992	-12.684	2.31
81.202	-12.192	2.32
85.710	-16.196	2.33
83.415	-15.285	2.34
86.013	-16.217	2.35
90.001	-14.252	2.36
96.263	-12.134	2.37
99.885	-10.641	2.38
104.761	-9.284	2.39
107.442	-7.354	2.40
108.878	-6.802	2.41
109.597	-5.808	2.42
93.699	-17.671	2.43
94.612	-18.963	2.44
97.910	-17.952	2.45
94.612	-18.963	2.46
98.373	-20.550	2.47
99.982	-20.341	2.48
100.304	-17.894	2.49
102.118	-16.926	2.50
104.400	-16.240	2.51
107.192	-16.502	2.52
114.892	-14.321	2.53
110.127	-17.080	2.54
112.792	-17.760	2.55
118.720	-18.930	2.56
120.349	-23.359	2.57
126.595	-22.925	2.58
131.295	-25.469	2.59
134.747	-26.609	2.60
139.694	-30.250	2.61
140.457	-30.955	2.62
70.813	-22.613	4.0
74.015	-22.558	4.1
80.875	-24.406	4.2
85.014	-25.325	4.3
104.761	-9.284	5.0
106.307	-9.087	5.1
107.401	-7.726	5.2
111.381	-6.871	5.3
114.653	-5.330	5.4
117.825	-4.620	5.5
121.077	-3.467	5.6
122.464	-3.765	5.7
128.104	-0.962	5.8
131.295	-25.469	6.0
134.508	-26.290	6.1
139.432	-29.156	6.2
142.473	-29.706	6.3
140.457	-30.955	6.4
148.980	-32.028	6.5
155.174	-33.096	6.6
162.776	-34.047	6.7
165.325	-34.430	6.8
172.079	-35.200	6.9
174.161	-35.393	6.10
181.948	-34.443	6.11
SHOTS
140.457	-30.955	140.457	-30.955
174.161	-35.393	181.948	-34.443
181.948	-34.443	174.163	-35.463
181.948	-34.443	178.096	-35.626
181.948	-34.443	177.964	-35.223
181.948	-34.443	182.454	-34.333
181.948	-34.443	184.549	-33.971
181.948	-34.443	184.177	-35.165
181.948	-34.443	182.205	-34.480
181.948	-34.443	177.685	-34.786
181.948	-34.443	177.962	-34.757
181.948	-34.443	181.970	-31.223
181.948	-34.443	181.839	-35.446
172.079	-35.200	174.161	-35.393
174.161	-35.393	172.046	-35.242
174.161	-35.393	174.356	-35.582
174.161	-35.393	174.071	-36.538
174.161	-35.393	172.125	-30.337
165.325	-34.430	172.079	-35.200
172.079	-35.200	165.344	-34.481
172.079	-35.200	172.413	-35.326
172.079	-35.200	172.910	-31.939
172.079	-35.200	171.945	-36.463
162.776	-34.047	165.325	-34.430
165.325	-34.430	162.775	-34.035
165.325	-34.430	165.264	-34.453
165.325	-34.430	165.784	-29.326
165.325	-34.430	165.308	-35.490
155.174	-33.096	162.776	-34.047
162.776	-34.047	155.186	-33.123
162.776	-34.047	163.442	-34.106
162.776	-34.047	162.797	-35.271
162.776	-34.047	162.954	-28.149
148.980	-32.028	155.174	-33.096
155.174	-33.096	149.001	-32.044
155.174	-33.096	155.261	-33.223
155.174	-33.096	155.050	-34.542
155.174	-33.096	155.181	-33.086
155.174	-33.096	155.726	-29.136
146.852	-30.954	148.980	-32.028
148.980	-32.028	146.854	-30.984
148.980	-32.028	148.805	-32.018
148.980	-32.028	149.127	-31.993
148.980	-32.028	149.437	-26.814
148.980	-32.028	149.030	-33.556
142.473	-29.706	146.852	-30.954
146.852	-30.954	142.501	-29.725
146.852	-30.954	147.048	-30.977
146.852	-30.954	146.798	-30.979
146.852	-30.954	146.737	-25.440
146.852	-30.954	147.169	-33.400
139.432	-29.156	142.473	-29.706
142.473	-29.706	139.422	-29.158
142.473	-29.706	142.654	-29.854
142.473	-29.706	142.463	-30.632
142.473	-29.706	142.079	-29.747
142.473	-29.706	142.485	-29.385
134.508	-26.290	139.432	-29.156
139.432	-29.156	134.477	-26.312
139.432	-29.156	140.136	-29.181
139.432	-29.156	139.612	-27.956
139.432	-29.156	139.348	-29.148
139.432	-29.156	139.574	-30.287
131.295	-25.469	134.508	-26.290
134.508	-26.290	131.347	-25.484
134.508	-26.290	134.997	-26.441
134.508	-26.290	133.847	-26.295
134.508	-26.290	132.160	-26.847
134.508	-26.290	136.041	-27.153
131.295	-25.469	131.295	-25.469
139.694	-30.250	140.457	-30.955
134.747	-26.609	139.694	-30.250
139.694	-30.250	139.898	-30.310
139.694	-30.250	139.884	-25.985
139.694	-30.250	139.706	-33.489
131.295	-25.469	134.747	-26.609
134.747	-26.609	132.613	-25.008
134.747	-26.609	134.545	-24.572
134.747	-26.609	137.054	-24.964
134.747	-26.609	140.073	-25.552
134.747	-26.609	132.905	-27.309
134.747	-26.609	132.237	-27.180
134.747	-26.609	138.548	-28.963
122.464	-3.765	128.104	-0.962
128.104	-0.962	128.115	-0.876
128.104	-0.962	128.114	-0.906
128.104	-0.962	128.101	-0.776
128.104	-0.962	128.130	-1.311
121.077	-3.467	122.464	-3.765
122.464	-3.765	121.075	-3.486
122.464	-3.765	122.989	-2.779
122.464	-3.765	123.626	-3.522
122.464	-3.765	122.397	-2.878
122.464	-3.765	122.463	-4.210
117.825	-4.620	121.077	-3.467
121.077	-3.467	117.785	-4.635
121.077	-3.467	122.443	-3.838
121.077	-3.467	121.092	-4.027
121.077	-3.467	120.855	-3.504
121.077	-3.467	119.071	-4.229
121.077	-3.467	124.926	-3.264
121.077	-3.467	123.208	-3.025
121.077	-3.467	122.343	-3.001
121.077	-3.467	122.590	-3.417
114.653	-5.330	117.825	-4.620
117.825	-4.620	114.633	-5.372
117.825	-4.620	117.821	-4.373
117.825	-4.620	117.551	-4.524
117.825	-4.620	117.771	-4.846
117.825	-4.620	117.757	-5.382
111.381	-6.871	114.653	-5.330
114.653	-5.330	111.382	-6.895
114.653	-5.330	114.777	-5.297
114.653	-5.330	113.964	-5.497
114.653	-5.330	114.777	-6.215
114.653	-5.330	115.158	-5.609
107.401	-7.726	111.381	-6.871
111.381	-6.871	107.372	-7.760
111.381	-6.871	107.380	-7.776
111.381	-6.871	112.672	-6.411
111.381	-6.871	110.871	-6.975
111.381	-6.871	111.394	-6.462
111.381	-6.871	111.361	-7.309
111.381	-6.871	110.615	-7.028
111.381	-6.871	110.299	-7.227
106.307	-9.087	107.401	-7.726
107.401	-7.726	106.309	-9.107
107.401	-7.726	107.337	-7.724
107.401	-7.726	107.563	-8.593
107.401	-7.726	107.272	-7.047
104.761	-9.284	106.307	-9.087
106.307	-9.087	106.673	-9.007
106.307	-9.087	106.249	-8.700
106.307	-9.087	106.283	-9.818
106.307	-9.087	106.750	-8.693
106.307	-9.087	106.597	-8.651
104.761	-9.284	104.761	-9.284
80.875	-24.406	85.014	-25.325
85.014	-25.325	80.899	-24.430
85.014	-25.325	84.932	-22.168
85.014	-25.325	85.030	-26.090
74.015	-22.558	80.875	-24.406
80.875	-24.406	74.007	-22.625
80.875	-24.406	80.740	-24.393
80.875	-24.406	81.046	-21.537
80.875	-24.406	80.679	-25.204
70.813	-22.613	74.015	-22.558
74.015	-22.558	70.796	-22.636
74.015	-22.558	74.055	-22.527
74.015	-22.558	73.890	-24.016
74.015	-22.558	74.072	-20.155
70.813	-22.613	70.813	-22.613
70.813	-22.613	70.938	-22.618
70.813	-22.613	70.761	-23.369
70.813	-22.613	70.981	-19.882
126.595	-22.925	131.295	-25.469
131.295	-25.469	133.148	-24.591
131.295	-25.469	131.267	-25.369
131.295	-25.469	131.569	-22.482
131.295	-25.469	131.271	-26.141
131.295	-25.469	129.221	-28.654
131.295	-25.469	129.031	-24.082
131.295	-25.469	129.499	-24.870
131.295	-25.469	130.021	-24.337
131.295	-25.469	132.674	-25.194
131.295	-25.469	136.440	-25.801
131.295	-25.469	136.183	-25.785
131.295	-25.469	128.839	-24.163
120.349	-23.359	126.595	-22.925
126.595	-22.925	126.776	-22.823
126.595	-22.925	127.009	-20.484
126.595	-22.925	126.713	-22.887
126.595	-22.925	126.504	-23.663
126.595	-22.925	122.953	-25.334
118.720	-18.930	120.349	-23.359
120.349	-23.359	119.963	-17.860
120.349	-23.359	118.897	-23.209
120.349	-23.359	120.698	-23.361
120.349	-23.359	120.330	-24.112
112.792	-17.760	118.720	-18.930
118.720	-18.930	121.245	-19.363
118.720	-18.930	118.917	-18.061
118.720	-18.930	119.215	-24.346
118.720	-18.930	118.269	-18.983
110.127	-17.080	112.792	-17.760
112.792	-17.760	112.950	-17.692
112.792	-17.760	113.136	-17.738
112.792	-17.760	113.007	-16.787
112.792	-17.760	113.134	-22.336
112.792	-17.760	113.318	-15.839
107.192	-16.502	110.127	-17.080
110.127	-17.080	109.868	-16.713
110.127	-17.080	109.765	-21.899
110.127	-17.080	110.426	-15.756
107.192	-16.502	114.892	-14.321
104.400	-16.240	107.192	-16.502
107.192	-16.502	105.903	-16.837
107.192	-16.502	107.170	-15.839
107.192	-16.502	107.166	-17.606
107.192	-16.502	106.514	-16.559
102.118	-16.926	104.400	-16.240
104.400	-16.240	104.357	-15.895
104.400	-16.240	104.562	-16.177
104.400	-16.240	104.841	-16.650
104.400	-16.240	104.824	-20.214
100.304	-17.894	102.118	-16.926
102.118	-16.926	102.119	-16.240
102.118	-16.926	101.936	-16.876
102.118	-16.926	102.082	-17.680
97.910	-17.952	100.304	-17.894
100.304	-17.894	100.482	-15.656
100.304	-17.894	100.357	-17.909
100.304	-17.894	100.126	-17.754
100.304	-17.894	100.336	-18.600
100.304	-17.894	99.070	-21.159
98.373	-20.550	99.982	-20.341
99.982	-20.341	99.954	-20.413
99.982	-20.341	100.005	-19.924
99.982	-20.341	100.046	-21.044
99.982	-20.341	106.130	-20.200
99.982	-20.341	108.834	-20.296
94.612	-18.963	98.373	-20.550
98.373	-20.550	98.653	-19.459
98.373	-20.550	98.679	-21.131
98.373	-20.550	98.936	-20.528
94.612	-18.963	94.612	-18.963
94.612	-18.963	94.767	-18.550
94.612	-18.963	95.346	-18.235
93.699	-17.671	97.910	-17.952
97.910	-17.952	97.945	-17.939
97.910	-17.952	97.795	-18.861
97.910	-17.952	97.862	-15.837
97.910	-17.952	97.627	-16.579
97.910	-17.952	97.528	-17.909
93.699	-17.671	94.612	-18.963
86.013	-16.217	93.699	-17.671
93.699	-17.671	93.467	-14.853
93.699	-17.671	93.482	-17.585
93.699	-17.671	93.927	-17.546
93.699	-17.671	93.949	-19.355
108.878	-6.802	109.597	-5.808
109.597	-5.808	109.474	-5.528
109.597	-5.808	109.284	-5.790
109.597	-5.808	109.711	-5.682
109.597	-5.808	109.993	-5.314
107.442	-7.354	108.878	-6.802
108.878	-6.802	108.815	-5.630
108.878	-6.802	108.694	-6.571
108.878	-6.802	108.394	-6.618
104.761	-9.284	107.442	-7.354
107.442	-7.354	107.375	-6.954
107.442	-7.354	107.110	-7.151
107.442	-7.354	107.397	-7.274
99.885	-10.641	104.761	-9.284
104.761	-9.284	104.855	-8.483
104.761	-9.284	104.731	-9.298
104.761	-9.284	105.053	-9.247
104.761	-9.284	104.775	-9.596
104.761	-9.284	103.849	-8.722
104.761	-9.284	105.814	-8.684
104.761	-9.284	105.962	-8.754
104.761	-9.284	107.006	-8.910
96.263	-12.134	99.885	-10.641
99.885	-10.641	99.752	-8.108
99.885	-10.641	99.813	-8.927
99.885	-10.641	99.918	-11.473
99.885	-10.641	99.912	-10.599
99.885	-10.641	99.481	-10.822
90.001	-14.252	96.263	-12.134
96.263	-12.134	96.336	-9.367
96.263	-12.134	96.289	-11.948
96.263	-12.134	95.579	-12.052
96.263	-12.134	96.212	-12.629
86.013	-16.217	90.001	-14.252
90.001	-14.252	90.959	-14.151
90.001	-14.252	89.701	-11.793
90.001	-14.252	89.802	-14.094
90.001	-14.252	89.984	-14.632
90.001	-14.252	90.265	-10.911
83.415	-15.285	86.013	-16.217
86.013	-16.217	85.299	-12.737
86.013	-16.217	86.299	-16.038
86.013	-16.217	84.876	-16.133
78.992	-12.684	83.415	-15.285
83.415	-15.285	81.688	-15.086
83.415	-15.285	83.009	-13.684
83.415	-15.285	83.137	-15.989
81.202	-12.192	85.710	-16.196
78.992	-12.684	81.202	-12.192
81.202	-12.192	81.178	-12.749
81.202	-12.192	81.144	-12.205
81.202	-12.192	81.181	-11.813
81.202	-12.192	81.272	-12.945
77.838	-13.714	78.992	-12.684
78.992	-12.684	80.098	-12.625
78.992	-12.684	80.384	-12.568
78.992	-12.684	78.835	-11.720
78.992	-12.684	78.896	-12.649
78.992	-12.684	78.955	-14.181
72.388	-10.589	77.838	-13.714
77.838	-13.714	78.194	-11.852
77.838	-13.714	78.254	-13.578
77.838	-13.714	77.705	-13.679
77.838	-13.714	77.866	-14.140
71.801	-9.916	72.388	-10.589
72.388	-10.589	72.611	-9.978
72.388	-10.589	72.189	-10.568
72.388	-10.589	72.992	-10.570
72.388	-10.589	72.447	-11.735
72.388	-10.589	72.989	-11.003
69.285	-8.746	71.801	-9.916
71.801	-9.916	71.663	-7.937
71.801	-9.916	71.602	-11.068
71.801	-9.916	71.394	-9.989
71.904	-6.881	75.744	-3.766
75.744	-3.766	76.115	-3.427
75.744	-3.766	77.460	-2.584
75.744	-3.766	75.956	-3.229
75.744	-3.766	77.373	-2.717
71.904	-6.881	75.863	-5.694
75.863	-5.694	75.847	-5.698
75.863	-5.694	75.865	-5.132
75.863	-5.694	75.268	-5.147
75.863	-5.694	75.980	-6.207
75.863	-5.694	78.591	-4.818
69.285	-8.746	71.904	-6.881
71.904	-6.881	72.340	-6.793
71.904	-6.881	71.521	-4.474
71.904	-6.881	72.018	-6.022
71.904	-6.881	71.572	-6.820
71.904	-6.881	73.968	-4.420
64.747	-8.094	69.285	-8.746
69.285	-8.746	68.501	-8.055
69.285	-8.746	69.124	-7.314
69.285	-8.746	71.690	-7.802
69.285	-8.746	71.809	-7.167
69.285	-8.746	71.316	-7.067
69.285	-8.746	70.587	-6.808
69.285	-8.746	71.228	-6.248
69.285	-8.746	70.453	-6.734
69.285	-8.746	66.485	-8.289
63.439	-8.853	64.747	-8.094
64.747	-8.094	64.800	-8.127
64.747	-8.094	64.757	-9.309
64.747	-8.094	64.494	-8.033
64.747	-8.094	64.745	-7.695
64.747	-8.094	63.821	-9.268
60.553	-9.236	63.439	-8.853
63.439	-8.853	63.283	-7.554
63.439	-8.853	63.933	-8.852
63.439	-8.853	63.464	-9.254
63.439	-8.853	61.727	-8.767
63.439	-8.853	59.646	-9.511
58.834	-9.457	60.553	-9.236
60.553	-9.236	60.255	-9.184
60.553	-9.236	60.542	-8.050
60.553	-9.236	60.547	-9.482
57.069	-9.872	58.834	-9.457
58.834	-9.457	58.889	-9.413
58.834	-9.457	59.040	-7.995
58.834	-9.457	59.051	-9.471
56.276	-10.137	57.069	-9.872
57.069	-9.872	57.734	-9.778
57.069	-9.872	57.378	-9.718
57.069	-9.872	57.088	-9.471
53.647	-9.804	56.276	-10.137
56.276	-10.137	57.550	-9.904
56.276	-10.137	56.249	-9.736
56.276	-10.137	56.158	-10.043
56.276	-10.137	56.359	-10.646
51.342	-9.405	53.647	-9.804
53.647	-9.804	55.077	-9.867
53.647	-9.804	53.458	-8.601
46.827	-9.989	51.342	-9.405
51.342	-9.405	48.442	-9.581
51.342	-9.405	48.370	-9.300
51.342	-9.405	51.220	-9.492
51.342	-9.405	51.079	-8.547
51.342	-9.405	51.266	-10.917
51.342	-9.405	49.184	-9.783
51.342	-9.405	50.244	-9.341
45.994	-9.796	46.827	-9.989
46.827	-9.989	47.064	-9.949
46.827	-9.989	46.699	-9.914
46.827	-9.989	46.826	-10.401
46.827	-9.989	46.773	-9.588
46.827	-9.989	47.253	-9.982
43.611	-9.934	45.994	-9.796
45.994	-9.796	46.564	-10.146
45.994	-9.796	46.005	-10.386
45.994	-9.796	45.900	-9.311
42.084	-11.184	43.611	-9.934
43.611	-9.934	43.020	-9.953
43.611	-9.934	43.647	-9.476
43.611	-9.934	43.819	-10.951
38.562	-10.945	42.084	-11.184
42.084	-11.184	42.472	-11.033
42.084	-11.184	42.170	-10.305
37.800	-11.759	38.562	-10.945
38.562	-10.945	38.170	-10.924
38.562	-10.945	38.446	-9.534
38.562	-10.945	38.673	-11.914
35.435	-11.932	37.800	-11.759
37.800	-11.759	37.718	-11.755
37.800	-11.759	37.797	-12.190
37.800	-11.759	38.186	-11.754
37.800	-11.759	38.490	-9.579
34.341	-12.017	35.435	-11.932
35.435	-11.932	35.413	-12.501
35.435	-11.932	35.677	-11.874
35.435	-11.932	35.438	-11.101
35.435	-11.932	35.344	-12.134
34.341	-12.017	36.023	-11.651
36.023	-11.651	35.455	-11.705
36.023	-11.651	35.925	-12.460
36.023	-11.651	35.596	-10.772
32.092	-11.809	34.341	-12.017
34.341	-12.017	34.301	-12.519
34.341	-12.017	34.588	-12.081
34.341	-12.017	35.023	-10.607
30.232	-12.021	32.092	-11.809
32.092	-11.809	31.983	-11.796
32.092	-11.809	31.922	-11.752
32.092	-11.809	32.085	-12.266
32.092	-11.809	31.646	-11.345
32.092	-11.809	31.882	-9.327
27.400	-10.665	30.232	-12.021
30.232	-12.021	30.232	-11.997
30.232	-12.021	30.207	-12.247
30.232	-12.021	29.440	-9.282
30.232	-12.021	29.566	-11.958
30.232	-12.021	28.070	-12.210
30.232	-12.021	29.504	-12.379
24.634	-10.452	27.400	-10.665
27.400	-10.665	27.617	-12.025
27.400	-10.665	27.369	-10.732
27.400	-10.665	27.775	-8.717
20.703	-8.637	24.634	-10.452
24.634	-10.452	24.752	-9.285
24.634	-10.452	24.731	-10.442
24.634	-10.452	24.640	-10.430
24.634	-10.452	24.633	-10.935
24.634	-10.452	24.612	-10.434
17.430	-6.762	20.703	-8.637
20.703	-8.637	20.526	-8.731
20.703	-8.637	20.658	-10.552
20.703	-8.637	20.824	-8.632
20.703	-8.637	20.661	-7.901
20.703	-8.637	20.822	-10.030
20.703	-8.637	19.700	-9.333
13.748	-5.006	17.430	-6.762
17.430	-6.762	16.745	-6.875
17.430	-6.762	17.353	-6.306
17.430	-6.762	17.189	-8.254
17.430	-6.762	13.244	-6.966
17.430	-6.762	14.594	-7.491
17.430	-6.762	15.291	-7.614
17.430	-6.762	12.617	-7.981
13.748	-5.006	13.748	-5.006
13.748	-5.006	13.842	-4.999
13.748	-5.006	13.852	-4.345
13.748	-5.006	13.722	-4.934
13.748	-5.006	13.700	-5.565
13.748	-5.006	17.420	-6.718
13.748	-5.006	17.597	-6.807
40.262	-10.421	41.847	-11.709
41.847	-11.709	40.253	-10.433
41.847	-11.709	40.528	-11.330
41.847	-11.709	41.886	-11.917
41.847	-11.709	42.113	-11.686
41.847	-11.709	40.730	-8.852
37.882	-8.702	40.262	-10.421
40.262	-10.421	37.864	-8.699
40.262	-10.421	39.317	-10.209
40.262	-10.421	39.372	-10.200
40.262	-10.421	40.036	-8.888
40.262	-10.421	40.313	-12.037
35.906	-8.134	37.882	-8.702
37.882	-8.702	35.918	-8.134
37.882	-8.702	37.851	-8.176
37.882	-8.702	37.893	-10.242
37.882	-8.702	37.937	-8.811
32.082	-6.799	35.906	-8.134
35.906	-8.134	32.077	-6.806
35.906	-8.134	34.878	-7.805
35.906	-8.134	36.206	-8.105
35.906	-8.134	35.983	-7.880
35.906	-8.134	35.940	-8.817
29.707	-6.405	32.082	-6.799
32.082	-6.799	29.710	-6.404
32.082	-6.799	31.556	-8.256
32.082	-6.799	32.860	-7.015
32.082	-6.799	31.678	-7.068
32.082	-6.799	31.670	-6.643
32.082	-6.799	32.510	-7.468
26.160	-6.012	29.707	-6.405
29.707	-6.405	26.150	-6.004
29.707	-6.405	29.605	-6.460
29.707	-6.405	29.577	-7.025
29.707	-6.405	30.412	-6.376
29.707	-6.405	30.471	-4.898
29.707	-6.405	30.208	-5.773
29.707	-6.405	30.541	-6.315
23.055	-4.993	26.160	-6.012
26.160	-6.012	23.064	-5.013
26.160	-6.012	26.137	-6.189
26.160	-6.012	26.164	-5.327
26.160	-6.012	26.098	-6.811
26.160	-6.012	25.882	-6.970
26.160	-6.012	25.285	-5.839
23.714	-5.667	28.721	-3.894
28.721	-3.894	23.238	-5.853
28.721	-3.894	28.225	-4.009
28.721	-3.894	28.559	-4.332
28.721	-3.894	28.659	-3.695
28.721	-3.894	28.486	-3.598
28.721	-3.894	28.093	-4.091
23.055	-4.993	23.714	-5.667
23.714	-5.667	23.056	-5.001
23.714	-5.667	24.108	-4.963
23.714	-5.667	24.029	-5.387
23.714	-5.667	23.924	-5.875
23.714	-5.667	23.527	-5.416
22.415	-5.080	26.663	-3.593
26.663	-3.593	26.641	-3.348
26.663	-3.593	26.688	-3.854
26.663	-3.593	26.649	-3.402
26.663	-3.593	25.789	-3.789
26.663	-3.593	26.568	-3.658
26.663	-3.593	28.458	-3.200
20.004	-5.303	22.415	-5.080
22.415	-5.080	20.003	-5.308
22.415	-5.080	22.023	-4.900
22.415	-5.080	22.529	-5.154
22.415	-5.080	22.102	-4.755
22.415	-5.080	22.394	-5.477
22.415	-5.080	25.486	-4.067
20.004	-5.303	23.055	-4.993
23.055	-4.993	19.994	-5.329
23.055	-4.993	22.914	-5.008
23.055	-4.993	23.076	-6.107
23.055	-4.993	22.261	-5.287
23.055	-4.993	22.869	-5.677
23.055	-4.993	21.655	-2.060
18.996	-5.306	20.004	-5.303
20.004	-5.303	18.980	-5.311
20.004	-5.303	20.170	-4.871
20.004	-5.303	19.851	-5.392
20.004	-5.303	19.949	-5.752
20.004	-5.303	21.416	-4.928
17.037	-5.704	18.996	-5.306
18.996	-5.306	17.029	-5.694
18.996	-5.306	19.896	-5.498
18.996	-5.306	19.046	-5.154
18.996	-5.306	19.307	-6.392
18.996	-5.306	19.285	-5.300
15.975	-5.920	17.037	-5.704
17.037	-5.704	15.972	-5.935
17.037	-5.704	17.279	-4.973
17.037	-5.704	16.655	-9.789
17.037	-5.704	17.022	-6.410
17.037	-5.704	17.045	-5.897
17.037	-5.704	17.371	-5.121
13.748	-5.006	15.975	-5.920
15.975	-5.920	13.778	-5.015
15.975	-5.920	16.018	-5.573
15.975	-5.920	15.920	-6.211
15.975	-5.920	15.828	-5.928
15.975	-5.920	16.057	-5.915
9.336	-4.061	13.748	-5.006
13.748	-5.006	9.338	-4.059
13.748	-5.006	10.722	-4.667
13.748	-5.006	10.994	-4.998
13.748	-5.006	8.315	-3.723
13.748	-5.006	12.386	-5.277
13.748	-5.006	12.889	-5.323
13.748	-5.006	13.745	-5.173
13.748	-5.006	14.063	-5.172
13.748	-5.006	14.468	-6.163
13.748	-5.006	15.215	-4.731
13.748	-5.006	17.589	-4.135
13.748	-5.006	13.786	-4.318
13.748	-5.006	13.546	-5.510
6.528	-2.744	9.336	-4.061
9.336	-4.061	6.521	-2.727
9.336	-4.061	9.264	-4.068
9.336	-4.061	9.237	-3.481
9.336	-4.061	9.276	-5.376
9.336	-4.061	9.325	-2.567
5.215	-0.460	6.528	-2.744
6.528	-2.744	6.417	-2.549
6.528	-2.744	5.233	-0.454
6.528	-2.744	6.329	-1.831
6.528	-2.744	6.568	-2.677
6.528	-2.744	6.281	-2.681
6.528	-2.744	6.385	-3.186
0.000	0.000	5.215	-0.460
5.215	-0.460	-0.001	0.002
5.215	-0.460	3.331	-0.358
5.215	-0.460	7.127	-0.421
5.215	-0.460	4.087	-0.464
5.215	-0.460	4.941	-0.443
5.215	-0.460	5.543	-0.499
5.215	-0.460	6.611	-0.541
5.215	-0.460	3.979	-1.816
5.215	-0.460	6.434	-1.812
5.215	-0.460	4.543	-1.845
5.215	-0.460	5.887	-1.847
0.000	0.000	2.982	-0.104
POLYLINE BLACK
182.026	-31.336
182.146	-31.336
182.266	-31.366
182.566	-31.336
182.626	-31.366
182.836	-31.336
182.986	-31.366
183.226	-31.396
183.346	-31.396
183.406	-31.456
183.646	-31.426
183.826	-31.486
183.886	-31.456
POLYLINE BLACK
182.626	-35.476
182.746	-35.536
182.806	-35.506
183.016	-35.566
183.106	-35.536
183.226	-35.566
183.346	-35.596
183.466	-35.626
183.586	-35.596
POLYLINE BLACK
182.356	-36.526
182.356	-36.586
182.476	-36.616
182.686	-36.556
182.806	-36.556
182.926	-36.616
183.076	-36.586
183.196	-36.616
183.376	-36.556
183.436	-36.586
183.646	-36.556
POLYLINE BLACK
181.036	-35.566
181.036	-35.386
181.006	-35.236
180.946	-34.996
180.826	-34.636
180.886	-34.606
181.006	-34.636
181.066	-34.636
181.126	-34.576
181.336	-34.576
181.516	-34.516
181.696	-34.516
181.756	-34.546
181.876	-34.516
182.116	-34.546
182.356	-34.516
182.476	-34.546
182.596	-34.546
182.656	-34.606
182.686	-34.846
182.686	-35.176
182.716	-35.296
182.716	-35.476
182.446	-35.476
POLYLINE BLACK
182.536	-35.476
182.476	-35.446
182.356	-35.476
182.176	-35.476
182.056	-35.506
181.936	-35.506
181.816	-35.536
181.696	-35.566
181.636	-35.536
181.516	-35.566
181.396	-35.596
181.276	-35.566
181.156	-35.596
181.036	-35.626
180.856	-35.596
180.796	-35.626
180.676	-35.596
180.496	-35.596
180.376	-35.566
180.256	-35.566
180.196	-35.536
178.456	-35.626
POLYLINE BLACK
174.046	-36.376
174.046	-36.436
174.106	-36.466
174.166	-36.436
174.346	-36.496
174.466	-36.526
174.526	-36.496
174.586	-36.526
174.646	-36.496
174.766	-36.526
175.006	-36.556
175.336	-36.556
175.396	-36.526
175.456	-36.556
175.516	-36.496
175.576	-36.556
175.906	-36.466
176.026	-36.466
176.146	-36.436
176.566	-36.436
176.836	-36.496
177.046	-36.496
177.286	-36.436
177.376	-36.436
177.496	-36.406
177.946	-36.406
178.066	-36.436
178.366	-36.436
178.696	-36.496
178.966	-36.466
179.236	-36.436
179.386	-36.466
179.626	-36.466
179.716	-36.436
179.836	-36.466
179.956	-36.406
180.016	-36.436
180.166	-36.406
180.436	-36.466
180.556	-36.436
180.676	-36.436
180.736	-36.466
180.826	-36.436
180.946	-36.466
181.006	-36.466
181.066	-36.526
181.186	-36.526
181.246	-36.586
181.576	-36.616
181.876	-36.616
181.936	-36.586
182.116	-36.646
182.176	-36.616
182.236	-36.646
182.356	-36.616
182.476	-36.586
182.536	-36.616
POLYLINE BLACK
182.116	-31.276
182.056	-31.216
181.936	-31.276
181.816	-31.246
181.696	-31.276
181.576	-31.246
181.396	-31.246
181.276	-31.216
181.036	-31.216
180.886	-31.186
180.616	-31.156
180.496	-31.156
180.286	-31.126
180.196	-31.126
180.076	-31.096
179.956	-31.126
179.836	-31.096
179.716	-31.096
179.506	-31.066
179.266	-31.066
178.876	-30.946
178.666	-30.946
178.276	-30.856
178.156	-30.856
178.066	-30.826
177.886	-30.916
177.766	-30.886
177.616	-30.856
177.496	-30.856
177.376	-30.826
177.166	-30.826
176.776	-30.736
176.566	-30.736
176.446	-30.676
176.296	-30.676
175.816	-30.526
175.666	-30.526
175.486	-30.436
175.156	-30.376
175.036	-30.346
174.976	-30.286
174.856	-30.286
174.556	-30.196
174.346	-30.196
174.166	-30.136
174.046	-30.166
173.986	-30.136
POLYLINE BLACK
174.136	-36.376
174.046	-36.376
173.986	-36.406
173.866	-36.376
173.746	-36.346
173.566	-36.286
173.356	-36.286
173.236	-36.256
173.116	-36.256
172.906	-36.286
172.726	-36.286
172.516	-36.316
172.006	-36.316
171.886	-36.346
171.496	-36.256
171.376	-36.286
171.166	-36.226
171.016	-36.226
170.896	-36.196
170.836	-36.226
170.716	-36.166
170.656	-36.196
170.536	-36.166
170.296	-36.106
170.176	-36.076
170.116	-36.106
169.996	-36.016
169.876	-35.986
169.816	-35.956
169.756	-35.986
169.486	-35.896
169.336	-35.896
169.216	-35.866
169.066	-35.866
168.946	-35.896
168.826	-35.926
168.736	-35.956
168.496	-35.836
168.346	-35.866
168.226	-35.836
167.926	-35.776
167.296	-35.566
167.176	-35.536
167.026	-35.476
166.756	-35.446
166.696	-35.416
166.636	-35.446
166.306	-35.386
165.916	-35.446
165.796	-35.416
165.436	-35.416
165.376	-35.386
165.256	-35.416
165.136	-35.386
165.016	-35.356
POLYLINE BLACK
172.936	-30.136
173.056	-30.256
173.176	-30.256
173.296	-30.226
173.446	-30.256
173.506	-30.196
173.596	-30.196
173.716	-30.166
173.836	-30.196
174.076	-30.166
174.226	-30.166
174.346	-30.136
POLYLINE BLACK
165.706	-29.146
165.736	-29.266
166.036	-29.416
166.156	-29.416
166.306	-29.446
166.426	-29.446
166.486	-29.416
166.666	-29.476
166.936	-29.476
166.996	-29.446
167.056	-29.476
167.176	-29.446
167.326	-29.446
167.476	-29.476
167.986	-29.476
168.196	-29.536
168.376	-29.536
168.646	-29.656
169.006	-29.746
169.336	-29.896
169.546	-29.896
169.636	-29.866
169.696	-29.896
169.816	-29.836
170.026	-29.836
170.146	-29.806
170.356	-29.806
170.416	-29.866
170.536	-29.896
171.106	-30.016
171.376	-30.106
171.466	-30.076
171.526	-30.106
171.676	-30.076
171.796	-30.106
172.066	-30.046
172.186	-30.076
172.396	-30.076
172.516	-30.136
172.666	-30.106
173.176	-30.286
POLYLINE BLACK
162.976	-28.216
163.096	-28.276
163.216	-28.246
163.336	-28.246
163.396	-28.216
163.456	-28.246
163.516	-28.216
163.576	-28.276
163.696	-28.306
163.756	-28.366
163.816	-28.366
163.876	-28.426
163.996	-28.456
164.206	-28.546
164.266	-28.516
164.386	-28.546
164.476	-28.666
164.476	-28.726
164.716	-28.936
164.836	-28.966
164.956	-29.086
165.076	-29.116
165.256	-29.236
165.376	-29.236
165.616	-29.326
165.736	-29.266
165.886	-29.296
POLYLINE BLACK
165.256	-35.236
165.256	-35.296
165.136	-35.326
164.896	-35.326
164.836	-35.296
164.746	-35.326
164.626	-35.296
164.476	-35.326
164.416	-35.296
164.176	-35.296
164.026	-35.266
163.546	-35.266
163.306	-35.326
163.126	-35.326
162.946	-35.236
162.886	-35.236
162.826	-35.176
162.706	-35.176
POLYLINE BLACK
154.996	-34.016
155.146	-34.416
155.346	-34.366
155.546	-34.416
155.646	-34.366
155.746	-34.416
155.996	-34.366
156.196	-34.316
156.496	-34.416
156.696	-34.366
156.946	-34.416
157.146	-34.466
157.546	-34.566
157.946	-34.566
158.446	-34.716
158.696	-34.716
159.096	-34.866
159.296	-34.816
159.696	-34.766
160.046	-34.766
160.146	-34.816
160.246	-34.766
160.596	-34.866
160.996	-34.766
161.396	-34.766
161.796	-34.966
162.096	-34.966
162.196	-35.066
162.396	-35.016
162.496	-35.116
162.696	-35.116
162.896	-35.216
POLYLINE BLACK
149.596	-26.666
149.646	-26.766
149.746	-26.766
149.846	-26.866
150.046	-26.916
150.246	-27.016
150.496	-27.016
150.796	-27.166
151.096	-27.166
151.396	-27.316
151.896	-27.416
151.996	-27.316
152.246	-27.416
152.446	-27.366
152.646	-27.416
153.096	-27.416
153.196	-27.466
153.546	-27.366
153.746	-27.316
154.346	-27.716
154.546	-27.766
154.746	-27.816
155.246	-27.716
155.346	-27.766
155.446	-27.716
155.746	-27.816
155.846	-27.766
156.046	-27.816
156.196	-27.766
156.596	-27.916
156.796	-27.966
157.346	-28.116
157.896	-28.116
158.146	-28.066
158.246	-28.116
158.546	-28.066
158.996	-28.066
159.446	-28.266
159.646	-28.316
159.846	-28.466
160.246	-28.466
160.346	-28.516
160.596	-28.466
161.396	-28.466
161.746	-28.366
161.946	-28.416
162.296	-28.316
162.596	-28.316
163.046	-28.116
163.196	-28.266
POLYLINE BLACK
151.466	-33.666
151.546	-33.826
151.566	-33.966
151.546	-34.046
151.546	-34.126
151.526	-34.206
151.526	-34.326
151.606	-34.386
151.646	-34.366
151.686	-34.406
151.726	-34.386
151.826	-34.486
151.906	-34.506
151.986	-34.486
152.146	-34.486
152.246	-34.466
152.326	-34.466
152.446	-34.426
152.606	-34.446
152.686	-34.446
152.866	-34.406
153.006	-34.406
153.046	-34.426
153.086	-34.406
153.246	-34.466
153.426	-34.406
153.486	-34.406
153.566	-34.426
153.646	-34.406
153.746	-34.426
153.826	-34.406
153.926	-34.406
153.966	-34.386
154.046	-34.406
154.206	-34.426
154.346	-34.406
154.426	-34.426
154.606	-34.426
154.686	-34.406
155.046	-34.486
POLYLINE BLACK
149.026	-33.406
149.066	-33.446
149.146	-33.446
149.226	-33.466
149.346	-33.466
149.606	-33.566
149.866	-33.646
149.946	-33.626
150.006	-33.626
150.166	-33.666
150.266	-33.666
150.346	-33.686
150.426	-33.706
150.466	-33.686
150.746	-33.786
150.786	-33.746
150.906	-33.726
150.946	-33.746
151.066	-33.706
151.146	-33.726
151.186	-33.766
151.266	-33.746
151.306	-33.766
151.386	-33.746
151.466	-33.726
151.546	-33.766
POLYLINE BROWN
148.966	-33.466
148.886	-33.486
148.706	-33.466
148.566	-33.486
148.406	-33.446
148.226	-33.446
148.146	-33.466
148.086	-33.466
148.006	-33.446
147.886	-33.446
147.806	-33.406
147.766	-33.426
147.686	-33.366
147.606	-33.366
147.406	-33.286
147.326	-33.306
147.226	-33.246
147.106	-33.246
147.066	-33.226
POLYLINE BROWN
149.566	-26.766
149.326	-26.686
149.006	-26.626
148.766	-26.546
148.686	-26.526
148.546	-26.466
148.166	-26.186
148.126	-26.146
148.086	-26.146
148.006	-26.066
147.906	-26.046
147.826	-26.006
147.686	-25.826
147.426	-25.666
147.346	-25.646
147.226	-25.566
147.146	-25.546
147.006	-25.406
146.906	-25.346
146.786	-25.326
146.746	-25.366
POLYLINE GREEN
147.166	-31.226
147.086	-31.206
147.006	-31.226
146.846	-31.146
146.706	-31.166
146.366	-31.226
146.286	-31.246
146.246	-31.326
146.266	-31.406
146.306	-31.606
146.386	-31.606
146.466	-31.626
146.566	-31.626
146.646	-31.646
146.686	-31.626
146.806	-31.666
146.886	-31.646
146.966	-31.666
147.086	-31.626
147.326	-31.626
147.386	-31.606
147.466	-31.626
147.526	-31.606
147.606	-31.626
147.646	-31.626
147.666	-31.526
147.666	-31.266
147.586	-31.266
147.506	-31.226
147.286	-31.286
147.246	-31.266
147.166	-31.306
147.086	-31.266
POLYLINE GREEN
146.566	-31.286
146.566	-31.186
146.646	-31.026
146.766	-30.946
146.846	-30.946
146.926	-30.906
147.006	-30.966
147.046	-30.966
147.166	-31.146
147.166	-31.266
147.086	-31.246
146.626	-31.246
146.586	-31.226
146.566	-31.266
146.546	-31.226
POLYLINE BROWN
147.186	-33.306
147.146	-33.286
147.106	-33.306
147.066	-33.266
146.986	-33.266
146.826	-33.226
146.706	-33.226
146.626	-33.206
146.546	-33.206
146.386	-33.146
146.306	-33.126
146.246	-33.066
146.186	-32.846
146.186	-32.606
146.206	-32.526
146.206	-32.346
146.166	-32.226
146.086	-32.166
146.006	-32.146
145.926	-32.126
145.806	-32.106
145.686	-31.986
145.606	-31.866
145.586	-31.786
145.406	-31.346
145.166	-31.066
145.066	-31.006
145.026	-31.026
144.946	-31.006
144.866	-31.026
144.786	-31.026
144.686	-31.006
144.606	-31.006
144.426	-30.906
144.366	-30.906
144.106	-30.786
144.026	-30.726
143.946	-30.706
143.766	-30.646
143.506	-30.646
143.426	-30.626
143.366	-30.626
143.286	-30.646
143.166	-30.646
143.126	-30.626
143.066	-30.646
142.786	-30.566
142.566	-30.506
142.486	-30.506
142.386	-30.446
POLYLINE BROWN
143.506	-25.106
143.626	-25.166
143.706	-25.166
143.806	-25.146
144.006	-25.146
144.086	-25.126
144.266	-25.146
144.346	-25.126
144.426	-25.146
144.506	-25.146
144.666	-25.186
144.906	-25.146
145.026	-25.126
145.066	-25.146
145.146	-25.126
145.186	-25.146
145.226	-25.126
145.306	-25.146
145.386	-25.126
145.466	-25.146
145.546	-25.146
145.626	-25.166
145.906	-25.386
146.026	-25.386
146.106	-25.406
146.186	-25.386
146.606	-25.386
146.686	-25.406
146.726	-25.386
146.806	-25.406
146.926	-25.426
POLYLINE BROWN
143.986	-29.426
143.986	-29.466
144.146	-29.506
144.186	-29.546
144.266	-29.546
144.346	-29.566
144.426	-29.566
144.486	-29.506
144.606	-29.466
144.766	-29.306
144.806	-29.186
144.826	-29.026
144.826	-28.866
144.806	-28.766
144.826	-28.686
144.826	-28.606
144.586	-28.366
144.546	-28.366
144.406	-28.206
144.366	-28.086
144.286	-27.966
144.106	-27.906
144.066	-27.906
143.906	-27.706
143.666	-27.526
143.626	-27.526
143.426	-27.346
POLYLINE BROWN
143.486	-28.526
POLYLINE BROWN
142.506	-29.166
142.606	-29.326
142.686	-29.326
142.886	-29.386
142.966	-29.386
143.026	-29.406
143.106	-29.386
143.306	-29.506
143.466	-29.506
143.546	-29.526
143.626	-29.506
143.726	-29.486
143.806	-29.486
143.886	-29.466
144.046	-29.506
POLYLINE BROWN
142.486	-29.186
142.566	-29.306
142.326	-29.306
142.286	-29.266
142.246	-29.266
142.166	-29.206
142.006	-29.166
141.926	-29.146
141.886	-29.166
141.766	-29.066
141.686	-29.026
141.626	-29.026
141.506	-28.986
141.426	-28.986
141.306	-28.926
141.226	-28.926
141.086	-28.886
140.926	-28.746
140.866	-28.706
140.846	-28.646
140.786	-28.626
140.686	-28.506
140.386	-28.366
140.306	-28.306
140.166	-28.246
140.066	-28.146
139.906	-28.066
139.866	-28.066
139.826	-28.026
139.746	-28.026
139.666	-27.966
139.586	-27.966
139.446	-27.926
POLYLINE BROWN
139.586	-30.186
139.826	-30.306
139.906	-30.326
139.946	-30.346
140.026	-30.326
140.146	-30.326
140.226	-30.346
140.266	-30.326
140.406	-30.326
140.606	-30.366
141.026	-30.406
141.106	-30.446
141.166	-30.426
141.246	-30.486
141.406	-30.486
141.586	-30.526
141.686	-30.546
141.726	-30.526
141.806	-30.546
141.846	-30.526
141.926	-30.546
142.366	-30.546
142.446	-30.566
142.486	-30.566
POLYLINE BROWN
134.706	-26.206
134.706	-26.206
134.626	-26.166
134.506	-26.206
134.346	-26.226
134.266	-26.226
134.226	-26.266
134.106	-26.266
134.026	-26.246
133.806	-26.286
133.766	-26.266
133.646	-26.306
133.526	-26.266
133.446	-26.286
133.326	-26.246
133.266	-26.246
133.186	-26.226
133.026	-26.206
132.906	-26.246
132.826	-26.226
132.566	-26.086
POLYLINE BROWN
139.606	-27.906
139.486	-27.946
139.366	-27.906
139.326	-27.866
138.806	-27.626
138.766	-27.626
138.526	-27.546
138.346	-27.546
138.166	-27.526
138.046	-27.486
137.886	-27.446
137.826	-27.406
137.746	-27.406
137.626	-27.326
137.466	-27.186
137.406	-27.166
137.206	-27.006
137.086	-26.966
136.786	-26.906
136.606	-26.826
136.526	-26.826
136.406	-26.746
136.326	-26.726
135.926	-26.506
135.766	-26.486
135.726	-26.486
135.686	-26.446
135.606	-26.426
135.566	-26.386
135.366	-26.346
135.286	-26.326
135.286	-26.286
135.126	-26.266
135.086	-26.266
135.066	-26.226
135.066	-26.266
135.046	-26.226
134.966	-26.226
134.846	-26.286
134.766	-26.286
134.646	-26.246
134.666	-26.286
POLYLINE BROWN
139.506	-30.266
139.206	-30.166
139.046	-30.146
139.006	-30.146
138.966	-30.106
138.846	-30.106
138.546	-30.026
138.206	-29.826
138.146	-29.806
138.066	-29.826
137.986	-29.806
137.846	-29.826
137.526	-29.566
137.366	-29.466
137.306	-29.466
137.086	-29.306
136.866	-29.086
136.786	-29.006
136.626	-28.906
136.546	-28.906
136.426	-28.866
136.346	-28.886
136.246	-28.866
136.066	-28.906
POLYLINE BROWN
131.606	-28.626
131.686	-28.606
131.826	-28.606
131.906	-28.586
131.986	-28.586
132.026	-28.566
132.106	-28.586
132.286	-28.586
132.326	-28.606
132.406	-28.586
132.506	-28.606
132.706	-28.606
132.786	-28.626
132.966	-28.586
133.046	-28.606
133.206	-28.606
133.286	-28.586
133.386	-28.586
133.426	-28.546
133.586	-28.506
133.806	-28.606
133.986	-28.586
134.206	-28.486
134.366	-28.466
134.446	-28.466
134.526	-28.486
134.606	-28.466
134.686	-28.466
134.766	-28.446
134.806	-28.446
134.866	-28.486
134.946	-28.466
135.026	-28.466
135.106	-28.486
135.226	-28.446
135.266	-28.466
135.306	-28.446
135.386	-28.466
135.586	-28.626
135.666	-28.806
135.746	-28.826
135.966	-28.786
136.126	-28.826
136.266	-28.886
POLYLINE GREEN
134.566	-27.006
134.606	-27.006
134.766	-26.906
134.786	-26.806
134.846	-26.686
134.846	-26.646
134.886	-26.606
135.006	-26.666
135.126	-26.866
135.146	-26.946
135.206	-27.066
135.326	-27.166
POLYLINE BLACK
139.666	-33.386
139.686	-33.426
139.606	-33.386
139.486	-33.206
139.466	-33.106
139.426	-32.986
139.426	-32.926
139.406	-32.826
139.366	-32.586
139.366	-32.526
139.326	-32.346
139.326	-32.266
139.306	-32.186
139.306	-31.126
139.326	-31.026
139.326	-30.866
139.346	-30.786
139.346	-30.566
139.326	-30.486
139.286	-30.266
139.266	-30.086
139.246	-29.986
139.246	-29.906
139.166	-29.606
139.086	-29.446
139.066	-29.366
138.906	-29.166
138.766	-29.046
138.646	-28.986
138.486	-28.946
138.406	-28.886
138.326	-28.866
138.206	-28.826
138.106	-28.826
138.026	-28.806
137.986	-28.766
137.906	-28.766
137.666	-28.626
137.586	-28.546
137.506	-28.526
137.306	-28.406
137.266	-28.406
137.226	-28.366
137.186	-28.366
137.066	-28.286
137.026	-28.306
136.906	-28.226
136.826	-28.206
136.706	-28.146
136.666	-28.146
136.566	-28.046
136.566	-28.046
136.466	-27.946
136.346	-27.826
136.066	-27.626
135.746	-27.386
135.546	-27.266
135.426	-27.166
135.306	-27.126
135.266	-27.126
135.246	-27.086
135.166	-27.086
135.086	-27.066
135.006	-27.086
134.926	-27.066
134.886	-27.086
134.806	-27.066
134.686	-27.066
134.606	-27.046
134.606	-27.086
134.586	-27.046
134.506	-27.026
134.186	-26.946
134.066	-26.926
134.026	-26.886
133.986	-26.886
133.946	-26.846
133.906	-26.866
133.726	-26.786
133.606	-26.766
133.566	-26.726
133.486	-26.726
133.326	-26.606
133.286	-26.606
133.086	-26.486
132.966	-26.406
132.906	-26.346
132.626	-26.126
132.586	-26.126
POLYLINE BLACK
139.926	-25.926
139.866	-25.966
139.626	-25.866
139.466	-25.706
139.406	-25.566
139.326	-25.446
139.266	-25.306
139.226	-25.266
139.226	-25.226
138.966	-24.806
138.746	-24.466
138.646	-24.286
138.486	-24.066
138.446	-23.966
138.306	-23.766
138.046	-23.446
137.986	-23.346
137.786	-23.166
POLYLINE BLACK
131.586	-22.446
131.606	-22.486
131.646	-22.486
131.706	-22.566
131.746	-22.566
131.786	-22.606
131.986	-22.646
132.186	-22.726
132.266	-22.706
132.306	-22.726
132.346	-22.706
132.466	-22.746
132.626	-22.726
132.706	-22.726
132.746	-22.706
132.786	-22.726
132.966	-22.686
133.046	-22.686
133.086	-22.706
133.126	-22.686
133.206	-22.706
133.306	-22.706
133.346	-22.686
133.426	-22.706
133.606	-22.706
133.686	-22.726
133.766	-22.706
133.906	-22.746
133.986	-22.746
134.206	-22.806
134.286	-22.826
134.366	-22.826
134.446	-22.846
134.546	-22.846
134.706	-22.886
134.806	-22.886
134.966	-22.846
135.006	-22.866
135.066	-22.846
135.146	-22.866
135.306	-22.846
135.486	-22.826
135.646	-22.806
135.686	-22.826
135.766	-22.806
135.846	-22.806
135.886	-22.786
135.966	-22.806
136.206	-22.766
136.286	-22.746
136.406	-22.726
136.486	-22.746
136.686	-22.706
136.826	-22.746
136.906	-22.746
137.146	-22.866
137.226	-22.886
137.366	-22.966
137.406	-22.966
137.666	-23.126
137.786	-23.266
POLYLINE BLACK
128.776	-1.021
128.716	-1.051
128.686	-1.051
128.581	-1.096
128.536	-1.156
128.461	-1.171
POLYLINE BLACK
128.341	-0.991
128.326	-0.931
128.326	-0.826
128.311	-0.796
128.341	-0.781
128.416	-0.811
128.521	-0.811
128.551	-0.796
128.596	-0.796
128.686	-0.766
128.716	-0.886
128.716	-1.051
128.701	-1.111
128.701	-1.141
POLYLINE BLACK
128.206	-1.231
128.206	-1.036
128.191	-0.961
128.266	-0.961
128.326	-0.976
128.401	-0.976
128.461	-0.961
128.491	-0.961
128.491	-1.036
128.506	-1.096
128.506	-1.231
POLYLINE BLACK
128.026	-1.336
128.041	-1.366
128.071	-1.366
128.236	-1.276
128.326	-1.216
128.401	-1.186
128.431	-1.156
128.626	-1.066
POLYLINE BLACK
127.981	-0.796
128.011	-0.796
128.071	-0.751
128.446	-0.586
128.506	-0.586
128.536	-0.556
128.566	-0.556
128.626	-0.541
POLYLINE BLACK
128.101	-1.306
128.071	-1.366
127.951	-1.426
127.921	-1.456
127.891	-1.456
127.831	-1.486
127.756	-1.501
127.696	-1.531
127.666	-1.531
127.546	-1.606
127.456	-1.666
127.411	-1.666
127.321	-1.756
127.261	-1.756
127.141	-1.831
127.051	-1.891
126.991	-1.891
126.961	-1.921
126.931	-1.921
126.721	-1.996
126.616	-2.056
126.526	-2.101
126.496	-2.101
126.436	-2.131
126.406	-2.131
126.346	-2.161
126.301	-2.161
126.181	-2.251
126.151	-2.251
126.031	-2.326
126.001	-2.326
125.896	-2.386
125.866	-2.386
125.746	-2.446
125.716	-2.446
125.611	-2.521
125.596	-2.551
125.506	-2.581
125.446	-2.641
125.416	-2.641
125.386	-2.656
125.356	-2.701
125.191	-2.806
125.161	-2.836
125.131	-2.836
124.981	-2.956
124.906	-2.986
124.876	-3.016
124.846	-3.016
124.726	-3.091
124.681	-3.091
124.546	-3.151
124.426	-3.226
124.246	-3.331
124.216	-3.331
124.156	-3.376
124.126	-3.376
124.021	-3.466
123.901	-3.541
123.856	-3.556
123.766	-3.616
123.736	-3.616
123.451	-3.766
123.421	-3.796
123.376	-3.811
123.316	-3.871
123.286	-3.871
123.226	-3.901
123.196	-3.901
123.136	-3.946
123.106	-3.931
122.896	-4.051
122.866	-4.051
122.821	-4.111
122.761	-4.126
122.731	-4.156
122.701	-4.141
122.641	-4.186
122.521	-4.186
POLYLINE BLACK
122.851	-2.821
122.881	-2.836
122.941	-2.821
123.031	-2.746
123.076	-2.746
123.241	-2.671
123.286	-2.671
123.346	-2.656
123.376	-2.656
123.661	-2.551
123.691	-2.551
123.826	-2.506
123.871	-2.506
124.036	-2.446
124.081	-2.446
124.186	-2.401
124.216	-2.401
124.261	-2.371
124.306	-2.371
124.546	-2.251
124.606	-2.236
124.741	-2.161
124.816	-2.146
125.026	-2.041
125.131	-2.011
125.371	-1.921
125.461	-1.876
125.536	-1.876
125.581	-1.846
125.656	-1.831
125.686	-1.801
125.716	-1.801
125.971	-1.696
126.031	-1.651
126.151	-1.591
126.181	-1.591
126.241	-1.546
126.271	-1.546
126.406	-1.471
126.436	-1.471
126.466	-1.441
126.556	-1.396
126.586	-1.396
126.661	-1.351
126.706	-1.351
126.736	-1.321
126.781	-1.321
126.811	-1.291
127.066	-1.186
127.096	-1.156
127.126	-1.156
127.171	-1.126
127.201	-1.126
127.261	-1.081
127.336	-1.066
127.456	-0.991
127.486	-0.991
127.681	-0.871
127.786	-0.826
127.816	-0.826
127.876	-0.796
127.966	-0.796
127.996	-0.811
128.056	-0.796
128.086	-0.796
128.146	-0.811
POLYLINE BLACK
121.006	-4.066
122.476	-4.231
122.626	-4.186
POLYLINE BLACK
117.841	-4.336
117.871	-4.351
118.006	-4.321
118.051	-4.321
118.111	-4.291
118.141	-4.291
118.816	-4.021
118.891	-4.006
118.966	-3.961
119.011	-3.961
119.071	-3.916
119.221	-3.871
119.371	-3.826
119.401	-3.826
119.506	-3.781
119.536	-3.781
119.566	-3.766
119.611	-3.766
119.716	-3.736
119.776	-3.736
119.881	-3.691
119.911	-3.691
120.001	-3.661
120.046	-3.661
120.181	-3.601
120.241	-3.601
120.301	-3.571
120.376	-3.556
120.451	-3.526
120.496	-3.526
120.556	-3.511
120.601	-3.511
120.691	-3.451
120.751	-3.466
120.886	-3.466
120.946	-3.451
120.976	-3.451
121.066	-3.406
121.096	-3.406
121.186	-3.376
121.231	-3.376
121.321	-3.316
121.351	-3.316
121.441	-3.271
121.471	-3.271
121.666	-3.196
121.696	-3.166
121.771	-3.151
121.801	-3.151
121.891	-3.091
121.996	-3.076
122.056	-3.076
122.116	-3.046
122.251	-3.046
122.281	-3.031
122.386	-3.016
122.641	-2.971
122.941	-2.866
122.971	-2.866
123.001	-2.851
POLYLINE BLACK
117.706	-5.236
117.706	-5.296
117.796	-5.266
117.841	-5.266
117.931	-5.221
117.961	-5.221
117.991	-5.236
118.156	-5.191
118.186	-5.206
118.246	-5.176
118.306	-5.176
118.471	-5.116
118.546	-5.101
118.606	-5.071
118.636	-5.071
118.726	-5.011
118.771	-5.011
119.011	-4.891
119.056	-4.891
119.146	-4.831
119.176	-4.831
119.251	-4.771
119.281	-4.771
119.446	-4.696
119.551	-4.621
119.581	-4.621
119.641	-4.576
119.671	-4.576
119.731	-4.546
119.806	-4.546
119.926	-4.471
120.151	-4.366
120.226	-4.366
120.286	-4.321
120.316	-4.321
120.406	-4.261
120.541	-4.231
120.631	-4.201
120.721	-4.141
120.781	-4.141
121.021	-4.081
121.051	-4.081
POLYLINE BLACK
117.826	-4.351
117.766	-4.396
117.736	-4.396
117.706	-4.426
117.571	-4.456
117.511	-4.471
117.436	-4.486
117.316	-4.516
117.271	-4.516
117.211	-4.546
117.166	-4.546
117.106	-4.576
117.076	-4.576
117.016	-4.591
116.941	-4.591
116.911	-4.576
116.836	-4.591
116.731	-4.636
116.656	-4.636
116.551	-4.666
116.521	-4.696
116.476	-4.696
116.446	-4.681
116.341	-4.711
116.176	-4.786
116.101	-4.786
115.996	-4.846
115.951	-4.846
115.921	-4.876
115.846	-4.891
115.681	-4.966
115.651	-4.966
115.591	-4.996
115.561	-4.996
115.456	-5.041
115.366	-5.041
115.171	-5.101
115.141	-5.101
115.021	-5.131
114.991	-5.161
114.946	-5.161
114.676	-5.236
114.556	-5.311
114.556	-5.341
POLYLINE BLACK
114.766	-6.181
114.796	-6.181
114.811	-6.151
114.871	-6.136
114.931	-6.091
114.976	-6.091
115.036	-6.046
115.111	-6.016
115.156	-6.016
115.246	-5.971
115.276	-5.971
115.336	-5.941
115.411	-5.941
115.531	-5.866
115.561	-5.866
115.621	-5.851
115.651	-5.851
115.711	-5.836
115.756	-5.836
115.816	-5.791
115.951	-5.761
116.011	-5.746
116.101	-5.746
116.161	-5.716
116.191	-5.716
116.221	-5.701
116.266	-5.716
116.356	-5.671
116.431	-5.671
116.491	-5.641
116.521	-5.641
116.671	-5.581
116.701	-5.566
116.746	-5.566
116.806	-5.536
116.881	-5.536
117.001	-5.506
117.106	-5.506
117.166	-5.491
117.301	-5.461
117.376	-5.446
117.466	-5.386
117.511	-5.386
117.631	-5.356
117.721	-5.356
POLYLINE BROWN
114.721	-5.281
114.661	-5.281
114.601	-5.311
114.541	-5.311
114.451	-5.356
114.421	-5.356
114.361	-5.386
114.301	-5.386
114.241	-5.416
114.106	-5.446
114.046	-5.461
114.016	-5.491
113.986	-5.491
113.836	-5.551
113.776	-5.536
113.686	-5.596
113.656	-5.596
113.551	-5.671
113.521	-5.671
113.266	-5.776
113.236	-5.776
113.086	-5.821
112.966	-5.881
112.936	-5.881
112.861	-5.941
112.831	-5.941
112.771	-5.971
112.741	-5.971
112.621	-6.046
112.501	-6.106
112.471	-6.106
112.306	-6.211
112.276	-6.211
112.171	-6.256
112.141	-6.286
112.081	-6.286
112.021	-6.301
111.991	-6.331
111.931	-6.331
111.871	-6.361
111.841	-6.361
111.811	-6.376
111.781	-6.361
111.661	-6.436
111.631	-6.436
111.601	-6.451
111.586	-6.481
111.481	-6.526
111.451	-6.511
111.421	-6.526
111.391	-6.511
111.361	-6.541
POLYLINE BROWN
111.286	-7.366
111.361	-7.351
111.466	-7.306
111.541	-7.291
111.706	-7.231
111.736	-7.231
111.886	-7.171
112.021	-7.126
112.096	-7.081
112.156	-7.081
112.216	-7.051
112.321	-7.036
112.351	-7.006
112.426	-6.991
112.561	-6.931
112.591	-6.931
113.146	-6.706
113.221	-6.691
113.356	-6.616
113.431	-6.601
113.596	-6.556
113.656	-6.556
113.686	-6.526
113.761	-6.526
113.791	-6.511
113.896	-6.496
114.046	-6.451
114.106	-6.451
114.181	-6.421
114.211	-6.391
114.241	-6.391
114.271	-6.406
114.391	-6.346
114.421	-6.361
114.481	-6.316
114.541	-6.316
114.601	-6.271
114.631	-6.271
114.751	-6.196
114.751	-6.226
POLYLINE BROWN
111.421	-7.336
111.391	-7.336
111.301	-7.396
111.271	-7.396
111.211	-7.426
111.136	-7.441
111.076	-7.456
111.046	-7.486
111.016	-7.486
110.806	-7.561
110.776	-7.561
110.716	-7.576
110.671	-7.576
110.611	-7.606
110.581	-7.606
110.521	-7.621
110.491	-7.621
110.461	-7.636
110.356	-7.636
110.326	-7.666
110.266	-7.666
110.146	-7.696
110.116	-7.696
110.056	-7.741
110.026	-7.741
109.936	-7.801
109.891	-7.801
109.771	-7.846
109.711	-7.891
109.681	-7.891
109.621	-7.921
109.456	-7.951
109.426	-7.981
109.396	-7.981
109.246	-8.041
109.216	-8.026
109.141	-8.086
109.111	-8.086
108.946	-8.146
108.916	-8.146
108.856	-8.176
108.826	-8.161
108.766	-8.191
108.721	-8.191
108.661	-8.221
108.631	-8.221
108.571	-8.251
108.526	-8.251
108.331	-8.341
108.301	-8.341
108.241	-8.371
108.166	-8.386
108.106	-8.416
108.076	-8.416
108.016	-8.446
107.986	-8.446
107.896	-8.491
107.866	-8.491
107.626	-8.581
POLYLINE BROWN
107.296	-7.051
107.356	-7.021
107.416	-7.021
107.476	-7.006
107.611	-7.006
107.641	-6.991
107.716	-6.991
107.776	-6.961
107.806	-6.961
107.866	-6.946
107.911	-6.946
107.971	-6.916
108.031	-6.916
108.061	-6.901
108.091	-6.916
108.166	-6.916
108.196	-6.901
108.256	-6.916
108.286	-6.916
108.346	-6.901
108.391	-6.901
108.451	-6.916
108.511	-6.916
108.571	-6.901
108.601	-6.901
108.631	-6.916
108.691	-6.901
108.736	-6.901
108.766	-6.886
108.826	-6.916
108.886	-6.886
109.051	-6.856
109.081	-6.841
109.231	-6.841
109.291	-6.811
109.396	-6.811
109.426	-6.796
109.561	-6.796
109.606	-6.781
109.636	-6.796
109.771	-6.796
109.801	-6.781
109.981	-6.781
110.041	-6.766
110.206	-6.736
110.251	-6.736
110.476	-6.661
110.536	-6.676
110.701	-6.631
110.821	-6.586
110.896	-6.586
110.926	-6.556
111.031	-6.556
111.091	-6.541
111.136	-6.556
111.196	-6.541
111.256	-6.541
111.316	-6.526
111.376	-6.526
111.496	-6.496
111.526	-6.511
POLYLINE BROWN
107.641	-8.566
107.491	-8.626
107.461	-8.626
107.401	-8.641
107.371	-8.671
107.341	-8.671
107.281	-8.701
107.251	-8.701
107.161	-8.776
107.026	-9.001
107.026	-9.031
106.996	-9.091
106.996	-9.121
106.966	-9.181
106.966	-9.211
106.951	-9.271
POLYLINE BROWN
106.246	-8.536
106.261	-8.626
106.231	-8.641
106.141	-8.761
106.141	-8.791
106.111	-8.821
106.096	-8.896
106.081	-8.956
106.081	-9.166
106.096	-9.226
106.096	-9.286
106.111	-9.316
106.111	-9.391
106.156	-9.541
106.156	-9.586
106.231	-9.706
106.351	-9.781
106.381	-9.781
106.501	-9.736
106.531	-9.751
106.561	-9.721
106.591	-9.736
106.621	-9.706
106.651	-9.706
106.681	-9.691
106.696	-9.661
106.726	-9.661
106.786	-9.616
106.846	-9.526
106.906	-9.481
106.906	-9.451
106.936	-9.421
106.936	-9.361
106.951	-9.301
106.951	-9.046
106.921	-8.941
106.846	-8.821
106.771	-8.731
106.621	-8.611
106.591	-8.581
106.561	-8.581
106.411	-8.536
106.351	-8.566
106.291	-8.566
106.231	-8.626
106.201	-8.626
106.186	-8.671
POLYLINE BROWN
106.141	-8.521
POLYLINE BROWN
106.231	-8.671
106.351	-8.491
106.411	-8.266
106.411	-8.236
106.426	-8.176
106.426	-8.146
106.441	-8.086
106.441	-7.891
106.456	-7.831
106.456	-7.756
106.486	-7.636
106.636	-7.336
106.666	-7.306
106.696	-7.306
106.756	-7.231
106.906	-7.171
106.936	-7.171
107.041	-7.126
107.071	-7.126
107.101	-7.096
107.131	-7.111
107.161	-7.096
107.191	-7.111
107.221	-7.081
107.311	-7.081
107.341	-7.066
POLYLINE GREEN
25.229	-25.988
25.229	-26.033
25.199	-26.033
25.169	-26.018
25.109	-26.033
25.064	-26.033
24.974	-26.078
24.914	-26.063
24.854	-26.078
24.824	-26.063
24.749	-26.063
24.629	-26.033
24.569	-26.033
24.539	-26.018
24.494	-26.018
24.464	-26.003
24.434	-26.018
24.374	-26.003
24.284	-26.003
24.254	-25.988
24.224	-26.003
24.149	-25.988
24.119	-25.988
24.059	-25.958
24.029	-25.973
23.969	-25.943
23.909	-25.958
23.849	-25.943
23.819	-25.913
POLYLINE GREEN
23.684	-25.853
23.714	-25.883
23.774	-25.853
23.864	-25.853
23.894	-25.838
23.939	-25.838
24.059	-25.733
24.089	-25.718
24.104	-25.688
24.134	-25.673
24.179	-25.613
24.209	-25.598
24.269	-25.508
24.299	-25.478
24.299	-25.448
24.419	-25.343
24.509	-25.298
24.569	-25.298
24.629	-25.313
24.659	-25.313
24.689	-25.298
24.719	-25.313
24.734	-25.343
24.794	-25.388
24.839	-25.478
24.839	-25.508
24.869	-25.568
24.869	-25.598
24.899	-25.658
24.899	-25.688
24.989	-25.868
25.109	-25.973
25.139	-25.973
25.199	-25.988
25.229	-25.988
POLYLINE BLACK
24.719	-26.093
22.619	-25.763
22.499	-25.703
22.439	-25.733
22.019	-25.583
21.899	-25.553
21.659	-25.463
21.599	-25.403
21.479	-25.373
21.359	-25.343
21.239	-25.313
21.179	-25.283
21.119	-25.313
20.729	-25.193
20.429	-25.193
POLYLINE BLACK
24.629	-22.193
24.569	-22.253
24.329	-22.313
24.089	-22.223
23.969	-22.253
23.549	-22.163
23.399	-22.163
23.219	-22.073
23.099	-22.073
22.979	-21.983
22.859	-21.983
22.529	-21.863
22.409	-21.833
22.289	-21.863
22.169	-21.833
22.019	-21.773
21.899	-21.803
21.779	-21.773
21.659	-21.773
21.539	-21.743
21.419	-21.713
21.119	-21.623
20.999	-21.593
20.879	-21.563
20.519	-21.563
POLYLINE BLACK
20.519	-25.163
20.459	-25.193
20.279	-25.103
20.159	-25.103
20.039	-25.043
19.949	-25.043
19.589	-24.923
19.379	-24.863
19.229	-24.833
19.109	-24.803
18.989	-24.773
18.629	-24.713
18.509	-24.713
18.299	-24.683
18.149	-24.653
18.029	-24.623
17.909	-24.593
17.369	-24.473
17.279	-24.473
16.679	-24.323
16.559	-24.293
16.409	-24.323
16.229	-24.263
16.079	-24.293
15.929	-24.263
15.809	-24.263
15.689	-24.293
15.389	-24.293
15.269	-24.263
15.119	-24.263
14.939	-24.173
14.849	-24.173
14.729	-24.143
14.459	-24.143
14.069	-24.023
13.949	-23.993
13.829	-23.963
13.469	-23.903
13.349	-23.933
POLYLINE BLACK
20.819	-21.533
20.699	-21.563
20.639	-21.503
20.489	-21.503
20.309	-21.443
20.219	-21.443
19.979	-21.353
19.919	-21.383
19.709	-21.353
19.589	-21.353
19.469	-21.293
19.319	-21.323
19.229	-21.323
19.109	-21.293
18.839	-21.293
18.569	-21.233
18.359	-21.233
18.209	-21.203
17.939	-21.203
17.639	-21.083
17.549	-21.083
17.069	-20.933
16.949	-20.903
16.829	-20.873
16.709	-20.843
16.499	-20.783
16.439	-20.723
16.079	-20.663
15.959	-20.663
15.479	-20.483
15.329	-20.453
15.209	-20.453
14.789	-20.363
14.459	-20.363
14.339	-20.303
14.279	-20.333
14.099	-20.273
13.919	-20.273
13.799	-20.243
13.679	-20.243
13.619	-20.273
POLYLINE BLACK
10.544	-19.898
10.604	-19.898
10.679	-19.913
10.754	-19.913
10.874	-19.943
10.949	-19.943
11.024	-19.958
11.204	-19.988
11.384	-19.988
11.429	-20.003
11.504	-19.988
11.534	-19.988
11.564	-19.973
11.699	-20.003
11.789	-20.003
11.819	-19.988
11.954	-20.033
12.029	-20.033
12.059	-20.048
12.254	-20.048
12.314	-20.063
12.359	-20.063
12.389	-20.078
12.464	-20.078
12.554	-20.108
12.659	-20.108
12.734	-20.123
12.869	-20.123
12.899	-20.138
12.944	-20.138
13.004	-20.153
13.109	-20.153
13.169	-20.168
13.214	-20.168
13.304	-20.198
13.364	-20.183
13.424	-20.183
13.454	-20.198
13.514	-20.183
13.559	-20.183
13.589	-20.168
13.649	-20.183
POLYLINE BLACK
10.259	-23.333
10.289	-23.333
10.379	-23.363
10.439	-23.348
10.499	-23.363
10.589	-23.333
10.664	-23.333
10.724	-23.318
10.769	-23.318
10.829	-23.303
10.964	-23.303
11.024	-23.288
11.054	-23.288
11.084	-23.303
11.174	-23.303
11.309	-23.348
11.339	-23.333
11.399	-23.348
11.429	-23.333
11.489	-23.348
11.519	-23.333
11.744	-23.333
11.774	-23.318
11.954	-23.363
12.014	-23.408
12.044	-23.408
12.164	-23.498
12.164	-23.528
12.194	-23.648
12.194	-23.753
12.254	-23.918
12.374	-23.978
12.434	-23.978
12.509	-23.993
12.539	-23.993
12.599	-23.978
12.659	-23.978
12.719	-23.993
12.884	-23.963
13.004	-23.963
13.034	-23.948
13.079	-23.948
13.109	-23.963
13.139	-23.948
13.169	-23.963
13.229	-23.948
13.259	-23.948
13.319	-23.978
13.349	-23.978
13.379	-23.963
13.409	-23.978
13.469	-23.963
POLYLINE BLACK
130.192	-26.089
130.012	-26.119
129.982	-26.134
129.907	-26.224
129.937	-26.344
130.027	-26.479
130.027	-26.554
130.042	-26.614
130.027	-26.719
130.027	-26.824
130.057	-26.884
130.357	-27.124
130.567	-27.124
130.597	-27.109
130.807	-27.094
130.957	-27.034
131.062	-27.004
131.137	-27.094
131.152	-27.139
131.212	-27.184
131.317	-27.214
131.422	-27.184
131.497	-27.169
131.527	-27.139
131.632	-27.139
131.767	-27.079
131.842	-27.079
131.992	-27.049
132.022	-27.049
132.082	-27.034
132.247	-27.034
132.307	-27.019
132.337	-27.019
132.367	-27.004
132.427	-27.019
132.457	-27.019
132.517	-27.004
132.547	-27.004
132.682	-26.914
132.742	-26.794
132.712	-26.614
132.697	-26.584
132.697	-26.539
132.682	-26.509
132.682	-26.434
132.667	-26.404
132.667	-26.359
132.637	-26.254
132.577	-26.104
132.382	-25.999
132.352	-25.999
132.232	-25.969
132.097	-25.969
131.977	-25.999
131.902	-25.999
POLYLINE BLACK
131.962	-25.999
131.962	-26.029
131.902	-26.059
131.872	-26.059
131.812	-26.029
131.737	-26.029
131.587	-25.984
131.542	-25.999
131.512	-25.984
131.482	-25.999
131.437	-25.984
131.287	-26.044
131.152	-26.044
131.092	-26.074
131.062	-26.074
131.002	-26.089
130.897	-26.089
130.837	-26.074
130.642	-26.044
130.417	-26.059
130.357	-26.089
130.327	-26.059
130.327	-26.089
130.207	-26.134
130.177	-26.164
130.087	-26.164
POLYLINE GREEN
130.762	-26.029
130.777	-26.059
130.807	-26.074
130.927	-25.999
130.987	-25.864
130.987	-25.834
131.062	-25.624
131.122	-25.534
131.152	-25.519
131.167	-25.489
131.317	-25.414
131.467	-25.414
131.587	-25.519
131.587	-25.549
131.617	-25.579
131.617	-25.609
131.647	-25.639
131.647	-25.669
131.692	-25.759
131.692	-25.789
131.782	-25.984
131.812	-26.014
131.842	-26.014
131.857	-26.044
131.917	-26.059
POLYLINE BLACK
119.032	-17.944
119.032	-18.004
119.152	-18.004
119.392	-18.064
119.572	-18.064
119.842	-18.124
119.962	-18.124
120.232	-18.214
120.352	-18.244
120.802	-18.454
120.952	-18.454
121.102	-18.604
121.282	-18.604
121.492	-18.724
121.612	-18.754
121.942	-18.874
122.062	-18.964
122.542	-19.144
123.082	-19.324
123.292	-19.474
123.352	-19.474
123.412	-19.534
123.532	-19.534
123.862	-19.684
123.982	-19.684
124.402	-19.804
124.732	-19.894
124.882	-19.894
125.152	-19.984
125.302	-20.014
125.632	-20.104
125.932	-20.164
126.112	-20.224
126.172	-20.194
126.652	-20.344
126.772	-20.374
127.012	-20.524
127.132	-20.554
127.582	-20.764
127.822	-20.824
127.942	-20.854
128.062	-20.944
128.182	-20.944
128.302	-21.034
128.362	-21.034
128.452	-21.124
128.602	-21.214
128.722	-21.244
128.842	-21.274
129.292	-21.544
130.012	-21.874
130.102	-21.874
130.342	-22.024
130.402	-22.024
130.522	-22.144
130.642	-22.174
130.732	-22.234
130.912	-22.264
130.972	-22.324
131.212	-22.384
131.392	-22.444
131.452	-22.504
131.572	-22.534
POLYLINE BLACK
131.602	-28.654
131.482	-28.624
131.302	-28.624
131.182	-28.654
131.062	-28.624
130.822	-28.594
130.702	-28.624
130.582	-28.654
130.222	-28.564
129.832	-28.264
129.772	-28.084
129.622	-27.934
129.592	-27.694
129.592	-27.544
129.562	-27.424
129.502	-27.364
129.442	-27.364
129.322	-27.274
129.052	-27.214
128.932	-27.154
128.872	-27.184
128.752	-27.094
128.722	-26.854
128.692	-26.584
128.632	-26.464
128.362	-26.224
128.212	-26.134
128.062	-26.014
127.942	-25.984
127.762	-25.924
127.462	-25.684
126.982	-25.204
126.922	-25.174
126.862	-25.204
126.742	-25.144
POLYLINE BLACK
126.682	-25.114
126.562	-25.084
126.442	-25.114
126.262	-25.114
126.142	-25.084
126.022	-25.084
125.962	-25.114
125.902	-25.084
125.782	-25.114
125.662	-25.114
125.482	-25.174
125.362	-25.144
125.272	-25.114
125.212	-25.144
124.912	-24.964
124.612	-24.964
124.372	-24.874
124.252	-24.844
124.102	-24.814
123.982	-24.814
123.832	-24.784
123.712	-24.814
123.622	-24.784
123.562	-24.814
123.472	-24.784
123.352	-24.814
123.202	-24.784
122.812	-24.784
122.662	-24.754
122.572	-24.754
122.302	-24.664
122.182	-24.574
121.912	-24.454
121.792	-24.424
121.672	-24.364
121.582	-24.364
121.402	-24.304
121.282	-24.304
121.042	-24.244
120.892	-24.244
120.712	-24.184
120.592	-24.214
120.472	-24.154
120.412	-24.184
POLYLINE BLACK
119.152	-24.124
119.182	-24.184
119.302	-24.214
119.422	-24.184
119.632	-24.184
119.692	-24.214
119.812	-24.184
119.872	-24.214
119.992	-24.184
120.232	-24.214
120.352	-24.244
120.472	-24.214
POLYLINE BLACK
118.852	-17.944
119.032	-18.004
119.152	-18.004
119.272	-18.034
119.392	-18.004
119.542	-18.004
119.602	-18.034
119.842	-17.974
120.022	-17.974
POLYLINE BLACK
119.062	-18.004
118.942	-17.974
118.792	-17.974
118.312	-17.854
118.192	-17.764
118.102	-17.764
117.652	-17.614
117.352	-17.434
116.782	-17.164
116.722	-17.164
116.512	-17.044
116.422	-17.044
116.362	-16.984
116.302	-16.984
116.242	-16.924
116.092	-16.894
115.792	-16.714
115.642	-16.684
115.372	-16.564
115.192	-16.414
114.802	-16.234
114.682	-16.204
114.352	-16.054
114.262	-16.054
113.902	-15.934
113.782	-15.844
113.722	-15.874
113.602	-15.814
113.452	-15.814
113.392	-15.784
POLYLINE BLACK
119.122	-24.124
118.702	-24.064
118.642	-24.094
118.402	-24.034
118.102	-24.034
117.982	-24.064
117.862	-24.034
117.532	-24.064
117.472	-24.034
117.322	-24.064
117.262	-24.034
117.202	-24.064
116.452	-23.854
116.362	-23.854
116.242	-23.824
116.152	-23.824
115.732	-23.674
115.642	-23.674
115.372	-23.554
115.312	-23.494
115.072	-23.434
114.742	-23.254
114.622	-23.224
114.112	-22.864
114.052	-22.864
113.872	-22.714
113.572	-22.504
113.392	-22.324
113.212	-22.234
113.092	-22.234
112.912	-22.174
112.732	-22.144
112.582	-22.204
112.462	-22.174
112.312	-22.174
112.102	-22.114
112.042	-22.144
111.862	-22.114
111.712	-22.114
111.592	-22.144
111.292	-22.114
111.172	-22.084
110.992	-22.084
110.722	-21.994
110.602	-21.964
110.452	-21.904
110.392	-21.844
110.212	-21.844
110.092	-21.754
109.972	-21.724
109.852	-21.694
109.792	-21.694
POLYLINE BLACK
117.952	-24.094
117.892	-24.124
117.832	-24.064
POLYLINE BLACK
119.212	-24.214
119.092	-24.244
118.972	-24.214
118.912	-24.184
118.792	-24.214
POLYLINE BLACK
113.312	-22.184
POLYLINE BLACK
112.652	-22.104
112.692	-22.104
POLYLINE BLACK
111.892	-21.924
111.992	-21.904
POLYLINE BLACK
110.952	-21.864
111.012	-21.824
111.132	-21.824
POLYLINE BLACK
110.092	-21.784
110.172	-21.804
110.292	-21.804
POLYLINE BLACK
112.692	-18.084
112.732	-18.124
POLYLINE BLACK
112.232	-18.004
112.292	-18.004
POLYLINE BLACK
111.492	-17.964
111.632	-17.924
111.672	-17.944
POLYLINE BLACK
110.372	-17.824
110.412	-17.864
110.452	-17.844
110.532	-17.864
110.612	-17.884
110.712	-17.864
POLYLINE BLACK
109.632	-17.744
109.712	-17.724
109.752	-17.744
109.812	-17.724
109.912	-17.744
POLYLINE BLACK
108.912	-17.584
109.152	-17.524
109.212	-17.524
POLYLINE BLACK
107.912	-17.604
108.052	-17.524
108.132	-17.544
108.232	-17.504
108.292	-17.504
108.372	-17.484
108.492	-17.504
POLYLINE BLACK
107.312	-17.484
107.392	-17.484
107.472	-17.524
POLYLINE BLACK
110.192	-15.844
110.352	-15.864
110.392	-15.844
110.472	-15.864
110.652	-15.824
110.932	-15.884
111.112	-15.844
111.152	-15.864
111.372	-15.864
111.592	-15.844
111.692	-15.844
111.752	-15.864
112.032	-15.864
112.172	-15.904
112.212	-15.884
112.412	-15.924
112.552	-15.904
112.592	-15.924
112.812	-15.844
112.992	-15.844
113.072	-15.824
113.232	-15.824
113.292	-15.804
113.412	-15.844
113.492	-15.824
113.572	-15.844
113.652	-15.864
POLYLINE BLACK
111.392	-14.684
111.472	-14.664
111.812	-14.604
111.912	-14.604
111.992	-14.584
112.092	-14.564
112.332	-14.464
112.452	-14.444
112.532	-14.444
112.712	-14.384
112.852	-14.404
112.992	-14.364
113.032	-14.384
113.192	-14.304
113.292	-14.244
113.452	-14.184
113.492	-14.204
113.632	-14.164
113.672	-14.184
113.752	-14.164
113.892	-14.184
113.932	-14.164
113.972	-14.184
114.072	-14.164
114.152	-14.144
114.472	-14.084
114.572	-14.024
114.672	-14.024
114.832	-13.924
115.012	-13.924
115.252	-13.784
115.312	-13.784
115.392	-13.724
115.432	-13.724
115.512	-13.664
115.692	-13.624
115.772	-13.564
115.812	-13.564
115.892	-13.504
116.152	-13.564
116.312	-13.684
116.352	-13.804
116.332	-13.884
116.272	-13.964
116.232	-14.064
115.932	-14.344
115.772	-14.464
115.712	-14.464
115.612	-14.524
115.572	-14.544
115.532	-14.524
115.452	-14.544
115.372	-14.544
115.192	-14.584
115.072	-14.604
115.032	-14.584
114.912	-14.624
114.872	-14.664
114.772	-14.684
114.692	-14.724
POLYLINE BLACK
107.772	-16.484
107.772	-16.524
107.832	-16.524
108.352	-16.384
108.512	-16.344
108.792	-16.244
108.872	-16.224
108.932	-16.184
109.012	-16.164
109.132	-16.204
109.172	-16.184
109.312	-16.204
109.412	-16.144
109.592	-16.124
109.892	-16.044
109.952	-16.044
110.132	-16.004
110.232	-16.004
110.272	-16.024
110.652	-15.904
110.832	-15.824
110.972	-15.824
111.072	-15.804
111.112	-15.824
111.352	-15.744
111.492	-15.664
111.652	-15.624
111.752	-15.584
111.852	-15.604
111.952	-15.604
112.172	-15.544
112.292	-15.484
112.332	-15.484
112.612	-15.284
112.712	-15.224
112.932	-15.204
112.992	-15.204
113.332	-15.124
113.512	-15.064
113.552	-15.064
113.652	-15.004
113.792	-14.964
113.832	-14.964
113.872	-14.924
113.932	-14.924
114.192	-14.804
114.352	-14.784
114.452	-14.724
114.572	-14.664
114.632	-14.664
114.732	-14.644
114.772	-14.644
POLYLINE BLACK
107.372	-15.984
POLYLINE BLACK
107.592	-15.904
107.672	-15.884
107.752	-15.884
107.932	-15.804
107.972	-15.804
108.012	-15.764
108.132	-15.764
108.212	-15.784
108.272	-15.784
108.512	-15.624
108.832	-15.524
108.912	-15.504
108.992	-15.484
109.232	-15.484
109.552	-15.404
109.612	-15.404
109.832	-15.264
109.912	-15.264
110.032	-15.204
110.092	-15.204
110.332	-15.084
110.412	-15.064
110.592	-15.004
110.692	-14.984
110.772	-14.924
111.032	-14.864
111.192	-14.804
111.372	-14.704
111.452	-14.724
111.592	-14.784
POLYLINE BLACK
107.592	-15.944
POLYLINE BLACK
107.592	-16.524
107.432	-16.524
107.312	-16.444
107.192	-16.284
107.212	-16.164
107.392	-15.984
107.552	-15.944
107.632	-15.964
107.712	-15.984
107.872	-16.184
107.892	-16.364
107.872	-16.444
107.712	-16.584
107.632	-16.564
107.552	-16.584
107.512	-16.604
POLYLINE BLACK
107.132	-15.744
107.112	-15.704
107.292	-15.724
107.372	-15.704
107.472	-15.724
107.552	-15.744
107.712	-15.684
107.792	-15.684
107.912	-15.724
108.172	-15.744
108.272	-15.764
108.332	-15.764
108.432	-15.784
108.512	-15.784
108.592	-15.824
108.732	-15.824
108.872	-15.884
109.032	-15.844
109.072	-15.864
109.152	-15.844
109.292	-15.844
109.472	-15.884
109.732	-15.884
109.912	-15.924
110.032	-15.924
110.372	-15.784
110.412	-15.784
110.512	-15.724
POLYLINE BLACK
103.072	-21.024
103.032	-21.044
102.852	-20.984
102.812	-20.984
POLYLINE BLACK
104.232	-21.144
104.052	-21.064
103.972	-21.064
POLYLINE BLACK
105.552	-21.224
105.392	-21.184
POLYLINE BLACK
107.212	-21.424
107.012	-21.444
POLYLINE BLACK
107.952	-21.604
107.872	-21.584
107.832	-21.544
POLYLINE BLACK
108.952	-21.684
108.872	-21.664
108.732	-21.624
POLYLINE BLACK
109.912	-21.784
109.832	-21.764
109.792	-21.764
POLYLINE BLACK
109.912	-21.784
POLYLINE BLACK
103.532	-17.344
103.652	-17.404
103.872	-17.784
103.972	-18.264
103.972	-18.724
103.992	-18.824
103.992	-19.184
104.012	-19.284
104.032	-19.464
104.072	-19.544
104.072	-19.604
104.092	-19.684
104.092	-19.764
104.112	-19.844
104.112	-19.964
104.172	-20.124
104.172	-20.184
104.312	-20.344
104.392	-20.364
104.432	-20.384
104.512	-20.364
104.672	-20.384
104.752	-20.364
104.832	-20.384
104.912	-20.344
POLYLINE GREEN
104.152	-16.664
104.212	-16.604
104.352	-16.364
104.492	-16.204
104.532	-16.204
104.612	-16.364
104.632	-16.544
104.672	-16.664
POLYLINE BLACK
104.032	-17.204
104.052	-17.044
104.052	-16.704
104.132	-16.684
104.212	-16.684
104.432	-16.624
104.472	-16.664
104.512	-16.624
104.592	-16.644
104.672	-16.584
104.712	-16.584
104.792	-16.744
104.812	-16.924
104.832	-17.004
104.812	-17.184
104.792	-17.304
POLYLINE BLACK
107.252	-15.764
107.172	-15.724
107.032	-15.744
106.972	-15.744
106.792	-15.804
106.492	-15.804
106.352	-15.784
106.032	-15.824
105.892	-15.824
105.712	-15.784
105.592	-15.824
105.492	-15.824
105.372	-15.784
105.252	-15.784
105.112	-15.764
105.052	-15.784
104.972	-15.764
104.892	-15.744
104.852	-15.784
104.732	-15.784
104.652	-15.804
104.572	-15.804
104.492	-15.824
104.332	-15.824
104.292	-15.844
POLYLINE BLACK
107.152	-17.504
107.072	-17.504
106.952	-17.404
106.832	-17.404
106.692	-17.384
106.612	-17.404
106.532	-17.384
106.452	-17.404
106.192	-17.344
106.112	-17.364
105.872	-17.304
105.832	-17.284
105.792	-17.304
105.712	-17.244
105.592	-17.244
105.552	-17.224
105.472	-17.244
105.392	-17.204
105.312	-17.224
105.152	-17.204
104.992	-17.244
104.912	-17.244
104.792	-17.184
104.532	-17.184
104.452	-17.204
104.412	-17.204
104.372	-17.164
104.292	-17.184
104.252	-17.164
104.212	-17.184
104.132	-17.164
104.052	-17.184
POLYLINE BLACK
104.392	-15.844
104.352	-15.884
104.052	-15.884
103.912	-15.924
103.732	-15.924
103.552	-15.964
103.432	-16.004
103.372	-16.004
103.292	-16.044
103.232	-16.044
103.072	-16.124
102.992	-16.144
102.852	-16.184
102.772	-16.204
102.592	-16.284
102.552	-16.284
102.512	-16.324
102.432	-16.324
102.352	-16.344
101.992	-16.224
101.912	-16.244
101.612	-16.144
101.512	-16.084
101.332	-16.004
101.252	-15.944
101.172	-15.924
101.012	-15.864
100.912	-15.844
100.792	-15.784
100.472	-15.704
100.412	-15.744
100.332	-15.724
100.172	-15.764
100.112	-15.764
100.032	-15.784
99.872	-15.804
99.772	-15.824
99.612	-15.884
99.532	-15.864
99.292	-15.864
99.192	-15.844
98.952	-15.804
98.812	-15.804
98.732	-15.824
98.332	-15.824
98.292	-15.804
98.212	-15.824
98.172	-15.804
98.072	-15.844
97.972	-15.824
97.912	-15.824
97.792	-15.784
97.732	-15.804
POLYLINE BLACK
102.052	-17.724
102.092	-17.684
102.132	-17.684
102.212	-17.624
102.272	-17.624
102.432	-17.584
102.612	-17.564
102.692	-17.544
102.732	-17.504
102.812	-17.484
102.852	-17.444
103.092	-17.404
103.272	-17.324
103.352	-17.344
103.412	-17.344
103.532	-17.304
103.612	-17.324
103.732	-17.284
103.812	-17.284
103.892	-17.244
103.972	-17.264
104.052	-17.264
104.072	-17.224
104.112	-17.224
POLYLINE BLACK
100.452	-18.504
100.892	-18.284
100.992	-18.264
101.192	-18.124
101.232	-18.124
101.392	-18.004
101.472	-17.984
101.732	-17.844
101.972	-17.724
102.052	-17.724
102.072	-17.684
102.112	-17.704
POLYLINE BLACK
100.052	-19.624
100.052	-19.664
99.992	-19.544
99.992	-19.444
100.032	-19.324
100.032	-19.224
100.112	-18.984
100.192	-18.864
100.192	-18.824
100.292	-18.684
100.432	-18.544
100.472	-18.564
100.572	-18.464
100.652	-18.464
POLYLINE BLACK
98.652	-20.984
98.792	-20.984
98.912	-20.944
99.152	-20.944
99.252	-20.924
99.292	-20.944
99.372	-20.924
99.452	-20.944
99.492	-20.924
99.532	-20.964
99.612	-20.964
99.732	-21.004
99.772	-20.984
99.592	-20.984
99.512	-21.004
99.312	-20.984
99.172	-20.984
99.032	-20.944
98.992	-20.964
98.912	-20.944
98.832	-20.964
98.832	-20.964
98.972	-20.964
99.132	-20.984
99.192	-20.984
99.392	-21.044
99.452	-21.024
99.572	-21.064
POLYLINE BLACK
99.152	-19.524
99.132	-19.564
POLYLINE BLACK
98.612	-18.744
98.772	-18.784
98.852	-18.764
98.892	-18.804
98.932	-18.784
99.012	-18.804
99.112	-18.784
99.232	-18.764
99.272	-18.784
99.432	-18.744
99.512	-18.764
99.632	-18.764
99.672	-18.784
99.672	-18.904
99.592	-19.024
99.592	-19.084
99.492	-19.204
99.452	-19.204
99.452	-19.264
99.412	-19.344
99.372	-19.344
99.092	-19.624
POLYLINE BLACK
97.772	-18.724
97.852	-18.744
97.972	-18.744
98.012	-18.764
98.052	-18.744
98.132	-18.764
98.292	-18.764
98.452	-18.804
98.532	-18.784
98.652	-18.804
98.692	-18.784
POLYLINE BLACK
97.852	-15.804
97.712	-15.764
97.612	-15.784
97.472	-15.764
97.332	-15.784
97.272	-15.784
97.192	-15.764
97.012	-15.764
96.952	-15.724
96.852	-15.744
96.472	-15.624
96.412	-15.584
96.252	-15.564
96.132	-15.504
95.872	-15.464
95.792	-15.444
95.612	-15.404
95.492	-15.384
95.272	-15.364
95.112	-15.324
94.992	-15.304
94.812	-15.244
94.772	-15.264
94.692	-15.204
94.652	-15.204
94.512	-15.104
94.432	-15.124
94.172	-14.984
93.992	-14.964
93.872	-14.884
93.792	-14.904
93.672	-14.844
93.552	-14.844
93.392	-14.804
93.352	-14.804
POLYLINE BLACK
95.412	-18.344
95.372	-18.364
95.332	-18.344
95.252	-18.364
94.952	-18.324
94.872	-18.304
94.832	-18.304
94.792	-18.264
94.712	-18.284
94.632	-18.284
94.572	-18.244
94.292	-18.184
94.212	-18.184
94.012	-18.124
93.992	-18.084
93.952	-18.104
93.772	-17.924
93.772	-17.844
93.852	-17.864
94.012	-17.784
94.032	-17.744
94.072	-17.784
94.152	-17.764
94.192	-17.824
94.272	-17.824
94.312	-17.844
94.352	-17.824
94.392	-17.864
94.432	-17.844
94.512	-17.864
94.672	-17.884
94.712	-17.864
94.792	-17.884
94.872	-17.884
94.952	-17.924
95.192	-17.944
95.312	-18.004
95.392	-18.024
95.572	-18.064
95.612	-18.104
95.712	-18.124
95.792	-18.184
95.872	-18.204
96.012	-18.264
96.172	-18.344
96.232	-18.344
96.712	-18.544
96.792	-18.564
96.852	-18.584
96.892	-18.564
97.052	-18.644
97.112	-18.644
97.472	-18.764
97.552	-18.744
97.632	-18.764
97.832	-18.764
97.872	-18.744
POLYLINE BLACK
98.692	-19.444
98.512	-19.404
98.392	-19.364
98.352	-19.384
98.172	-19.344
98.012	-19.304
97.972	-19.284
97.932	-19.304
97.812	-19.244
97.732	-19.224
97.632	-19.204
97.592	-19.164
97.512	-19.164
97.092	-19.044
96.912	-18.984
96.832	-18.984
96.732	-18.924
96.652	-18.904
96.492	-18.844
96.452	-18.864
96.292	-18.764
96.212	-18.764
96.092	-18.704
96.012	-18.684
95.712	-18.564
95.672	-18.564
95.552	-18.484
95.512	-18.484
95.452	-18.424
95.372	-18.364
95.332	-18.364
95.312	-18.324
POLYLINE BLACK
100.072	-19.884
99.992	-19.904
99.912	-19.924
99.832	-19.904
99.732	-19.904
99.652	-19.884
99.312	-19.804
99.032	-19.664
98.992	-19.664
98.892	-19.604
98.632	-19.444
98.592	-19.444
POLYLINE BLACK
102.512	-19.884
102.432	-19.904
102.252	-19.884
102.212	-19.904
102.072	-19.884
101.892	-19.864
101.812	-19.884
101.732	-19.864
101.672	-19.864
101.492	-19.924
101.392	-19.904
101.272	-19.944
101.132	-19.924
101.052	-19.924
100.992	-19.944
100.952	-19.924
100.872	-19.944
100.612	-19.944
100.492	-19.984
100.352	-19.984
100.272	-19.964
100.072	-19.964
100.032	-19.944
99.992	-19.964
POLYLINE BLACK
100.132	-20.884
100.172	-20.964
100.332	-20.964
100.492	-20.924
100.712	-20.924
100.792	-20.904
100.872	-20.924
100.932	-20.904
101.012	-20.924
101.192	-20.944
101.432	-20.944
101.512	-20.964
101.572	-20.964
101.672	-20.984
101.812	-20.984
101.892	-21.004
102.132	-21.004
102.272	-21.024
102.352	-21.004
POLYLINE BLACK
93.892	-19.204
93.972	-19.224
94.112	-19.224
94.232	-19.264
94.352	-19.264
94.432	-19.284
94.612	-19.304
94.772	-19.384
94.852	-19.464
94.972	-19.504
95.052	-19.584
95.152	-19.624
95.212	-19.624
95.392	-19.684
95.552	-19.804
95.632	-19.824
95.772	-19.884
96.012	-20.104
96.132	-20.164
96.192	-20.164
96.232	-20.204
96.292	-20.204
96.352	-20.244
96.512	-20.244
96.792	-20.344
97.012	-20.464
97.092	-20.484
97.252	-20.544
97.312	-20.544
97.392	-20.564
97.472	-20.584
97.512	-20.624
97.592	-20.624
97.792	-20.744
97.892	-20.804
97.932	-20.804
98.092	-20.904
98.232	-20.904
98.392	-20.944
98.492	-20.944
98.652	-21.004
98.732	-20.964
98.852	-21.024
99.032	-21.024
99.132	-21.044
99.292	-21.004
99.432	-20.984
99.512	-21.004
99.672	-20.984
99.872	-20.984
99.952	-21.004
100.052	-20.984
100.132	-21.004
100.212	-21.004
POLYLINE BLACK
88.572	-17.044
88.452	-16.984
88.372	-16.964
88.292	-16.944
88.192	-16.924
88.072	-16.864
87.992	-16.844
87.772	-16.784
87.672	-16.784
87.552	-16.744
87.452	-16.744
87.292	-16.684
87.172	-16.664
87.012	-16.524
86.912	-16.464
86.852	-16.404
86.692	-16.384
86.632	-16.384
86.552	-16.404
86.352	-16.364
86.152	-16.224
86.032	-16.184
86.012	-16.224
POLYLINE BLACK
93.892	-19.284
93.732	-19.184
93.592	-19.124
93.512	-19.064
93.432	-19.064
93.292	-19.024
93.212	-19.004
92.452	-18.744
92.312	-18.724
92.272	-18.684
92.112	-18.644
91.872	-18.564
91.792	-18.544
91.572	-18.464
91.492	-18.464
91.312	-18.404
91.012	-18.304
90.892	-18.184
90.812	-18.124
90.732	-18.104
90.572	-18.024
90.492	-18.004
90.452	-17.964
90.372	-17.944
90.292	-17.884
90.252	-17.884
90.212	-17.844
90.132	-17.844
89.992	-17.764
89.912	-17.744
89.812	-17.684
89.772	-17.704
89.732	-17.664
89.652	-17.644
89.572	-17.624
89.472	-17.524
88.892	-17.204
88.772	-17.184
88.652	-17.104
88.572	-17.104
POLYLINE BLACK
93.432	-14.864
93.392	-14.824
93.232	-14.804
93.192	-14.824
93.092	-14.804
93.012	-14.784
92.672	-14.704
92.592	-14.684
92.472	-14.644
92.392	-14.664
92.292	-14.664
92.212	-14.644
92.092	-14.624
92.052	-14.664
91.912	-14.644
91.832	-14.624
91.752	-14.644
91.652	-14.604
91.612	-14.624
91.472	-14.604
91.392	-14.604
91.292	-14.584
91.152	-14.584
91.072	-14.564
90.952	-14.564
90.772	-14.524
90.512	-14.504
90.412	-14.484
90.272	-14.484
90.192	-14.464
90.092	-14.444
90.052	-14.464
89.872	-14.424
89.572	-14.344
89.532	-14.304
89.472	-14.304
89.392	-14.244
89.072	-14.124
88.712	-13.984
88.492	-13.904
88.412	-13.884
88.232	-13.744
88.132	-13.684
88.092	-13.644
88.052	-13.644
87.912	-13.544
87.752	-13.504
87.552	-13.444
87.512	-13.444
87.312	-13.324
87.272	-13.324
87.232	-13.284
87.132	-13.264
87.012	-13.164
86.592	-12.924
85.932	-12.664
POLYLINE BROWN
109.707	-5.874
109.747	-5.854
109.787	-5.874
109.907	-5.814
110.007	-5.794
110.047	-5.774
110.087	-5.794
110.167	-5.674
110.187	-5.554
110.127	-5.434
110.007	-5.374
109.927	-5.374
109.847	-5.394
109.727	-5.374
109.587	-5.414
POLYLINE BROWN
108.927	-6.874
109.007	-6.814
109.067	-6.814
109.307	-6.654
109.387	-6.534
109.407	-6.454
109.467	-6.294
109.467	-6.154
109.607	-5.874
109.647	-5.834
109.687	-5.834
109.727	-5.794
109.767	-5.814
POLYLINE BROWN
107.347	-6.894
107.527	-6.874
108.007	-6.774
108.047	-6.774
108.127	-6.714
108.167	-6.714
108.567	-6.314
108.627	-6.194
108.647	-6.094
108.747	-5.814
108.747	-5.754
108.847	-5.594
109.127	-5.454
109.227	-5.454
109.307	-5.434
109.507	-5.394
109.667	-5.374
109.707	-5.394
POLYLINE BROWN
107.407	-7.574
107.447	-7.594
107.487	-7.554
107.587	-7.534
107.687	-7.514
107.767	-7.454
107.807	-7.474
108.107	-7.374
108.307	-7.274
108.507	-7.154
108.607	-7.094
108.687	-7.074
108.887	-6.934
108.967	-6.914
109.067	-6.894
POLYLINE BROWN
105.807	-8.034
105.867	-8.034
106.007	-7.894
106.387	-7.654
106.427	-7.674
106.627	-7.374
106.767	-7.234
106.947	-7.114
107.087	-6.974
107.187	-6.974
107.267	-6.934
107.347	-6.954
107.427	-6.934
107.507	-6.914
POLYLINE BROWN
105.967	-7.934
105.927	-7.934
105.787	-8.074
105.687	-8.094
105.567	-8.134
105.487	-8.194
105.447	-8.174
105.287	-8.254
105.207	-8.274
105.127	-8.294
104.967	-8.334
104.807	-8.414
104.767	-8.374
104.767	-8.414
104.687	-8.434
104.427	-8.114
104.367	-7.994
104.347	-7.914
104.227	-7.834
104.187	-7.834
104.127	-7.774
104.007	-7.674
103.867	-7.654
103.787	-7.674
103.627	-7.694
103.467	-7.634
103.387	-7.634
103.307	-7.614
103.267	-7.634
103.167	-7.614
102.927	-7.654
102.727	-7.714
102.627	-7.714
102.467	-7.774
102.347	-7.754
102.267	-7.774
102.207	-7.774
102.127	-7.794
101.987	-7.794
101.907	-7.814
101.827	-7.814
101.767	-7.834
101.727	-7.814
101.607	-7.854
101.527	-7.854
101.347	-7.914
101.267	-7.914
101.167	-7.934
101.067	-7.934
100.927	-7.974
100.847	-7.954
100.707	-7.954
100.587	-7.994
100.407	-8.014
100.347	-8.014
100.267	-8.074
100.147	-8.074
100.107	-8.114
100.027	-8.094
99.987	-8.134
99.947	-8.114
99.827	-8.154
99.807	-8.194
POLYLINE BROWN
107.467	-7.554
107.447	-7.634
107.327	-7.674
107.147	-7.854
106.987	-8.134
106.987	-8.234
106.927	-8.434
106.727	-8.634
106.687	-8.634
106.667	-8.674
106.627	-8.674
106.507	-8.754
106.427	-8.894
106.347	-8.914
106.307	-8.974
106.227	-8.994
106.067	-9.034
105.967	-9.054
105.927	-9.074
105.887	-9.054
105.527	-9.194
105.447	-9.214
105.407	-9.254
105.327	-9.274
105.247	-9.354
104.707	-9.594
104.667	-9.634
104.587	-9.654
104.487	-9.694
104.447	-9.734
104.367	-9.734
104.207	-9.814
104.127	-9.834
103.887	-9.954
103.747	-9.974
103.667	-10.034
103.527	-10.074
103.367	-10.114
103.287	-10.154
103.227	-10.154
103.087	-10.214
103.007	-10.274
102.867	-10.314
102.787	-10.334
102.447	-10.454
102.367	-10.514
102.307	-10.514
102.067	-10.594
101.987	-10.614
101.927	-10.614
101.647	-10.714
101.547	-10.734
101.307	-10.834
101.267	-10.874
101.167	-10.874
101.047	-10.934
101.007	-10.934
100.887	-11.014
100.847	-10.994
100.587	-11.114
100.507	-11.134
100.347	-11.214
100.227	-11.214
100.187	-11.254
100.067	-11.254
99.887	-11.294
99.687	-11.414
POLYLINE BROWN
99.787	-8.054
99.707	-8.134
99.447	-8.254
99.407	-8.294
99.307	-8.314
99.227	-8.374
99.167	-8.374
98.967	-8.434
98.927	-8.474
98.747	-8.494
98.607	-8.554
98.507	-8.614
98.387	-8.654
98.307	-8.674
98.227	-8.734
98.127	-8.734
97.827	-8.914
97.527	-9.034
97.487	-9.034
97.447	-9.074
97.367	-9.074
97.207	-9.154
97.147	-9.154
97.067	-9.214
96.967	-9.234
96.807	-9.294
96.747	-9.294
96.667	-9.314
96.627	-9.354
96.467	-9.394
96.327	-9.454
POLYLINE BROWN
96.127	-12.534
96.207	-12.534
96.327	-12.474
96.387	-12.474
96.627	-12.354
96.687	-12.354
97.047	-12.214
97.127	-12.194
97.247	-12.154
97.387	-12.154
97.807	-12.034
97.987	-11.994
98.067	-11.974
98.167	-11.894
98.467	-11.834
98.547	-11.814
98.807	-11.714
98.867	-11.714
99.127	-11.554
99.307	-11.514
99.407	-11.494
99.447	-11.494
99.487	-11.454
99.607	-11.454
99.807	-11.394
99.867	-11.394
99.947	-11.374
99.967	-11.334
POLYLINE BROWN
96.367	-9.334
96.267	-9.434
96.087	-9.514
95.887	-9.634
95.807	-9.694
95.727	-9.714
95.507	-9.814
95.427	-9.834
94.867	-10.074
94.787	-10.094
94.427	-10.214
94.287	-10.294
94.207	-10.314
94.007	-10.414
93.967	-10.454
93.887	-10.474
93.527	-10.654
93.347	-10.674
93.167	-10.734
93.087	-10.754
93.007	-10.814
92.907	-10.834
92.567	-10.994
92.507	-10.994
92.347	-11.054
92.247	-11.114
91.987	-11.174
91.927	-11.214
91.647	-11.274
91.567	-11.294
91.487	-11.314
91.407	-11.334
91.227	-11.374
91.167	-11.374
91.047	-11.434
90.907	-11.434
90.767	-11.474
90.687	-11.494
90.567	-11.534
90.467	-11.554
90.387	-11.594
90.347	-11.574
89.907	-11.754
89.747	-11.794
POLYLINE BROWN
89.967	-14.534
90.007	-14.554
90.027	-14.514
90.127	-14.474
90.187	-14.474
90.467	-14.354
90.587	-14.274
90.727	-14.214
90.827	-14.214
90.907	-14.174
90.967	-14.194
91.087	-14.154
91.147	-14.154
91.227	-14.134
91.327	-14.134
91.427	-14.074
91.627	-14.034
91.787	-13.994
91.867	-13.954
91.927	-13.954
92.007	-13.934
92.167	-13.914
92.247	-13.854
92.487	-13.794
92.947	-13.694
93.027	-13.694
93.207	-13.634
93.287	-13.614
93.327	-13.594
93.427	-13.594
93.547	-13.554
93.587	-13.514
93.667	-13.494
94.107	-13.314
94.207	-13.254
94.387	-13.194
94.547	-13.114
94.607	-13.114
94.687	-13.054
95.307	-12.834
95.367	-12.834
95.447	-12.814
95.527	-12.794
96.047	-12.614
96.107	-12.614
96.407	-12.514
96.507	-12.514
POLYLINE BROWN
86.187	-16.234
86.227	-16.254
86.467	-16.174
86.507	-16.134
86.587	-16.134
86.847	-16.014
86.947	-15.994
87.187	-15.874
87.447	-15.834
87.547	-15.774
87.627	-15.754
87.887	-15.654
87.947	-15.654
88.147	-15.574
88.247	-15.514
88.407	-15.434
88.627	-15.294
88.907	-15.154
88.947	-15.154
89.267	-14.934
89.307	-14.934
89.407	-14.854
89.487	-14.834
89.687	-14.694
89.727	-14.654
89.827	-14.634
89.907	-14.574
89.987	-14.554
90.027	-14.534
POLYLINE BROWN
86.107	-12.514
86.107	-12.554
86.187	-12.554
86.227	-12.574
86.447	-12.494
86.727	-12.434
87.027	-12.294
87.267	-12.294
87.387	-12.254
87.587	-12.234
87.767	-12.154
87.807	-12.174
87.867	-12.154
88.007	-12.154
88.147	-12.114
88.267	-12.054
88.367	-12.054
88.467	-11.994
88.547	-11.974
88.667	-11.934
88.727	-11.934
88.847	-11.894
89.027	-11.894
89.167	-11.874
89.247	-11.894
89.307	-11.894
89.487	-11.834
89.567	-11.774
89.767	-11.714
89.847	-11.714
89.927	-11.694
POLYLINE GRAY
85.997	-12.019
86.027	-12.049
86.042	-11.989
86.042	-11.989
86.072	-12.079
86.027	-12.229
86.012	-12.289
86.012	-12.499
86.027	-12.529
86.027	-12.724
86.012	-12.784
86.012	-12.814
86.027	-12.874
86.027	-13.054
86.042	-13.114
86.042	-13.369
86.027	-13.429
86.027	-13.519
86.012	-13.594
86.012	-13.624
86.027	-13.684
86.027	-13.744
86.042	-13.804
86.042	-14.734
86.027	-14.794
86.027	-14.929
86.042	-14.989
86.042	-15.124
86.027	-15.184
86.027	-15.244
86.042	-15.274
86.027	-15.334
86.027	-15.364
86.042	-15.394
86.027	-15.424
86.042	-15.499
86.042	-15.679
86.057	-15.739
86.057	-16.099
86.072	-16.174
86.072	-16.429
86.087	-16.489
86.087	-16.954
86.072	-16.984
86.087	-17.044
86.072	-17.074
86.087	-17.104
POLYLINE BLACK
85.817	-12.649
85.757	-12.634
85.697	-12.634
85.652	-12.619
85.622	-12.634
85.562	-12.604
85.532	-12.604
85.502	-12.589
85.427	-12.604
85.097	-12.604
85.067	-12.619
POLYLINE GREEN
85.937	-16.279
85.937	-16.219
85.967	-16.159
85.967	-16.129
86.057	-16.069
86.087	-16.084
86.087	-16.114
86.117	-16.174
86.117	-16.204
86.132	-16.264
86.117	-16.294
86.117	-16.264
86.087	-16.204
86.087	-16.174
86.042	-16.054
86.042	-16.009
86.012	-15.994
85.982	-16.009
85.937	-16.099
85.937	-16.129
85.922	-16.189
85.922	-16.294
POLYLINE BLACK
83.247	-15.754
83.247	-15.794
83.287	-15.814
83.407	-15.774
83.567	-15.814
83.647	-15.814
83.687	-15.854
83.807	-15.854
83.887	-15.874
84.047	-15.974
84.247	-16.014
84.367	-16.054
84.647	-16.094
84.867	-16.154
84.907	-16.134
85.027	-16.174
85.107	-16.174
85.267	-16.214
85.367	-16.214
85.407	-16.254
85.447	-16.234
85.487	-16.254
85.567	-16.234
85.727	-16.294
86.167	-16.294
86.227	-16.254
POLYLINE BLACK
83.687	-13.514
83.687	-13.514
83.707	-13.554
83.787	-13.534
83.827	-13.494
83.907	-13.514
83.947	-13.494
84.067	-13.534
84.207	-13.694
84.327	-13.974
84.327	-14.034
84.407	-14.314
84.427	-14.494
84.427	-14.574
84.447	-14.654
84.447	-14.754
84.427	-14.834
84.447	-14.994
84.447	-15.374
84.407	-15.614
84.387	-15.694
84.327	-15.874
84.267	-15.934
84.187	-15.954
84.147	-15.914
84.067	-15.914
POLYLINE BLACK
84.167	-15.914
84.127	-15.914
84.087	-15.874
84.007	-15.854
83.907	-15.694
83.867	-15.514
83.727	-15.034
83.727	-14.954
83.707	-14.874
83.707	-14.774
83.687	-14.634
83.687	-14.374
83.667	-14.294
83.667	-13.954
83.687	-13.874
83.707	-13.654
83.727	-13.574
POLYLINE BLACK
85.967	-16.194
86.047	-16.194
86.187	-16.154
86.227	-16.174
86.267	-16.154
86.307	-16.174
86.387	-16.154
86.467	-16.174
86.547	-16.154
86.607	-16.174
86.687	-16.154
POLYLINE BLACK
83.247	-13.694
83.327	-13.694
83.387	-13.674
83.487	-13.694
83.627	-13.674
83.707	-13.594
83.747	-13.594
83.807	-13.514
83.927	-13.114
84.007	-12.894
84.007	-12.854
84.207	-12.734
84.327	-12.674
84.387	-12.674
84.467	-12.634
84.967	-12.634
85.187	-12.614
85.247	-12.614
85.347	-12.634
POLYLINE BLACK
83.707	-12.034
POLYLINE BLACK
83.387	-11.934
POLYLINE BLACK
83.087	-11.914
POLYLINE BLACK
82.747	-11.854
POLYLINE BLACK
82.327	-11.694
POLYLINE BLACK
83.387	-13.254
POLYLINE BLACK
82.807	-13.074
POLYLINE BLACK
82.507	-12.994
POLYLINE BLACK
81.967	-11.794
81.947	-11.874
81.927	-11.954
81.827	-12.254
81.807	-12.374
81.807	-12.674
81.827	-12.754
81.827	-12.814
81.887	-12.974
81.947	-13.014
82.107	-12.974
82.207	-12.954
82.367	-12.794
82.387	-12.694
82.387	-12.474
82.327	-12.254
82.327	-12.194
82.207	-11.954
82.127	-11.874
82.087	-11.874
POLYLINE BLACK
81.107	-11.734
81.127	-11.774
81.167	-11.754
81.207	-11.774
81.267	-11.754
81.307	-11.774
81.347	-11.754
81.427	-11.774
81.507	-11.774
81.647	-11.754
81.827	-11.794
81.967	-11.834
POLYLINE BLACK
80.247	-12.874
80.327	-12.854
80.467	-12.834
80.547	-12.854
80.687	-12.854
80.967	-12.934
81.087	-12.974
81.187	-12.974
81.347	-13.034
81.427	-13.014
81.727	-13.014
81.787	-12.994
POLYLINE BLACK
79.947	-11.854
79.987	-11.894
80.167	-11.874
80.347	-11.854
80.387	-11.814
80.487	-11.814
80.567	-11.834
80.667	-11.834
80.707	-11.814
80.767	-11.834
80.807	-11.814
80.867	-11.834
80.947	-11.814
80.987	-11.834
81.067	-11.814
81.167	-11.814
81.207	-11.834
POLYLINE BLACK
80.127	-12.874
80.047	-12.854
79.927	-12.774
79.827	-12.654
79.747	-12.474
79.727	-12.394
79.687	-12.214
79.687	-12.094
79.767	-11.974
79.847	-11.994
79.927	-11.974
80.027	-11.994
80.307	-12.314
80.367	-12.434
80.367	-12.534
80.387	-12.614
80.387	-12.694
80.367	-12.794
80.207	-12.894
80.147	-12.894
80.107	-12.914
POLYLINE BLACK
83.207	-13.694
83.027	-13.674
82.807	-13.614
82.727	-13.554
82.627	-13.534
82.447	-13.454
82.367	-13.434
82.187	-13.354
81.667	-13.014
81.547	-12.934
81.467	-12.914
81.367	-12.854
81.307	-12.854
81.107	-12.714
81.027	-12.654
80.987	-12.654
80.927	-12.614
80.827	-12.594
79.047	-11.694
78.827	-11.654
78.747	-11.634
78.707	-11.614
78.647	-11.634
78.607	-11.594
POLYLINE BLACK
86.107	-16.274
85.967	-16.254
85.887	-16.274
85.747	-16.254
85.707	-16.274
85.627	-16.254
85.527	-16.234
85.487	-16.254
85.347	-16.254
85.167	-16.214
84.987	-16.194
84.887	-16.174
84.787	-16.154
84.707	-16.134
84.627	-16.134
84.407	-16.074
84.287	-16.074
84.207	-16.054
84.027	-16.014
83.947	-15.994
83.867	-15.994
83.787	-15.974
83.607	-15.954
83.487	-15.914
83.387	-15.894
83.267	-15.854
83.167	-15.854
83.127	-15.814
83.047	-15.814
POLYLINE BLACK
83.347	-15.914
83.227	-15.914
83.007	-15.834
82.927	-15.814
82.567	-15.674
82.487	-15.654
82.187	-15.474
82.067	-15.394
81.927	-15.254
81.847	-15.234
81.747	-15.134
81.607	-15.094
81.507	-15.034
81.267	-14.894
81.187	-14.874
81.047	-14.754
80.947	-14.734
80.867	-14.674
80.807	-14.674
80.587	-14.534
80.487	-14.514
80.387	-14.494
80.347	-14.454
80.307	-14.454
80.247	-14.414
80.167	-14.414
79.987	-14.334
79.907	-14.334
79.827	-14.274
79.747	-14.274
79.447	-14.174
79.387	-14.174
79.267	-14.134
79.187	-14.134
78.947	-14.054
78.907	-14.054
POLYLINE BLACK
78.867	-11.654
78.787	-11.674
78.687	-11.734
78.467	-11.794
78.387	-11.814
78.227	-11.834
78.067	-11.834
77.987	-11.874
77.947	-11.854
77.767	-11.894
77.587	-11.934
77.387	-11.894
77.327	-11.894
77.287	-11.914
76.967	-11.854
76.847	-11.854
76.707	-11.814
76.607	-11.814
75.987	-11.614
75.687	-11.514
75.507	-11.474
75.427	-11.454
75.227	-11.374
75.107	-11.294
74.947	-11.254
74.867	-11.194
74.687	-11.134
74.627	-11.134
74.427	-11.034
74.367	-11.034
74.147	-10.914
74.067	-10.894
73.807	-10.814
73.767	-10.774
73.567	-10.734
73.487	-10.714
73.227	-10.574
73.147	-10.554
73.107	-10.514
72.987	-10.514
POLYLINE BLACK
78.987	-14.114
78.867	-14.154
78.787	-14.174
78.747	-14.154
78.707	-14.174
78.667	-14.154
78.587	-14.174
78.467	-14.174
78.387	-14.194
78.287	-14.174
78.247	-14.194
78.127	-14.154
78.047	-14.154
77.807	-14.054
77.727	-14.054
77.547	-13.974
77.447	-13.954
77.287	-13.894
77.207	-13.874
77.087	-13.814
77.007	-13.814
76.907	-13.754
76.707	-13.654
76.607	-13.654
76.467	-13.574
76.387	-13.554
76.307	-13.534
76.267	-13.534
76.087	-13.414
75.987	-13.394
75.747	-13.234
75.627	-13.194
75.507	-13.094
75.467	-13.094
75.427	-13.054
75.387	-13.054
75.287	-12.994
75.047	-12.874
75.007	-12.874
74.947	-12.834
74.867	-12.814
74.727	-12.734
74.647	-12.714
74.147	-12.454
74.067	-12.434
73.887	-12.294
73.807	-12.274
73.687	-12.194
73.587	-12.134
73.467	-12.074
73.427	-12.074
73.227	-11.934
73.187	-11.934
73.107	-11.874
72.947	-11.834
72.847	-11.814
72.767	-11.754
72.607	-11.754
72.487	-11.674
72.447	-11.674
POLYLINE BLACK
72.427	-9.374
72.387	-9.354
72.347	-9.394
72.227	-9.414
72.187	-9.454
72.107	-9.474
71.947	-9.554
71.887	-9.634
71.887	-9.714
71.967	-9.834
72.087	-9.934
72.207	-9.974
72.327	-9.994
72.407	-10.074
72.447	-10.054
72.527	-10.114
72.567	-10.114
72.847	-10.334
72.987	-10.514
73.067	-10.574
73.107	-10.674
POLYLINE BLACK
70.887	-9.914
70.887	-9.954
70.967	-9.934
71.047	-9.914
71.107	-9.894
71.347	-9.974
71.387	-9.994
71.487	-10.214
71.507	-10.294
71.527	-10.374
71.527	-10.514
71.547	-10.594
71.607	-10.874
71.847	-11.174
72.087	-11.374
72.167	-11.394
72.307	-11.554
72.387	-11.674
72.547	-11.774
POLYLINE BLACK
72.467	-6.714
72.467	-6.754
72.527	-6.754
72.567	-6.734
72.647	-6.754
72.767	-6.714
72.947	-6.694
73.227	-6.654
73.267	-6.634
73.347	-6.634
73.627	-6.554
73.867	-6.454
74.007	-6.454
74.547	-6.314
74.647	-6.314
74.687	-6.294
74.727	-6.314
74.807	-6.294
74.867	-6.294
74.967	-6.314
75.127	-6.314
75.227	-6.334
75.347	-6.334
75.427	-6.314
75.567	-6.314
75.727	-6.234
75.787	-6.234
76.027	-6.134
76.107	-6.114
76.307	-6.054
76.387	-6.034
76.467	-6.014
76.547	-5.994
76.707	-5.874
76.887	-5.834
77.047	-5.754
77.127	-5.754
77.207	-5.694
77.387	-5.634
77.447	-5.634
77.647	-5.534
77.687	-5.534
77.787	-5.474
77.947	-5.394
78.027	-5.374
78.207	-5.314
78.247	-5.274
78.327	-5.254
78.487	-5.154
78.627	-4.994
78.647	-4.874
78.627	-4.794
78.587	-4.754
78.427	-4.754
78.267	-4.794
78.207	-4.794
78.127	-4.814
78.047	-4.834
77.927	-4.814
77.727	-4.894
77.647	-4.874
77.547	-4.894
77.467	-4.874
77.347	-4.914
77.207	-4.914
77.167	-4.934
77.087	-4.914
76.807	-4.954
76.767	-4.954
76.667	-5.014
76.427	-5.054
76.207	-5.134
76.127	-5.114
75.967	-5.134
75.887	-5.134
75.807	-5.154
75.727	-5.154
75.627	-5.174
75.547	-5.154
75.467	-5.174
75.427	-5.154
75.347	-5.174
75.227	-5.194
75.187	-5.174
75.107	-5.194
75.047	-5.134
75.067	-5.054
75.167	-4.794
75.387	-4.514
75.567	-4.254
75.667	-4.094
75.727	-3.954
75.787	-3.874
75.807	-3.794
75.907	-3.714
75.947	-3.714
76.027	-3.654
76.067	-3.654
76.627	-3.354
76.747	-3.234
76.887	-3.154
77.087	-2.974
77.147	-2.874
77.487	-2.534
77.507	-2.454
77.387	-2.414
77.287	-2.414
77.207	-2.434
77.167	-2.434
76.807	-2.714
76.567	-2.914
76.447	-2.994
76.407	-3.034
76.367	-3.034
76.287	-3.094
76.247	-3.094
76.147	-3.154
76.067	-3.174
75.987	-3.234
75.907	-3.254
75.827	-3.294
75.767	-3.374
POLYLINE BLACK
69.107	-7.174
70.307	-6.654
70.587	-6.434
70.707	-6.214
70.767	-6.134
70.967	-5.994
71.167	-5.674
71.347	-5.034
71.407	-4.654
71.607	-4.534
72.067	-4.534
72.167	-4.554
72.307	-4.554
72.407	-4.534
72.547	-4.554
72.747	-4.514
72.847	-4.514
73.647	-4.414
73.707	-4.374
73.787	-4.374
74.307	-4.174
74.767	-3.934
75.227	-3.614
75.367	-3.574
75.407	-3.534
75.547	-3.514
75.727	-3.434
75.907	-3.394
76.067	-3.314
POLYLINE BLACK
69.322	-8.639
69.367	-8.789
69.427	-8.774
69.457	-8.774
69.517	-8.744
69.547	-8.744
69.652	-8.714
69.682	-8.684
69.712	-8.684
69.907	-8.594
69.937	-8.564
69.967	-8.564
70.132	-8.519
70.162	-8.489
70.192	-8.489
70.297	-8.444
70.327	-8.414
70.432	-8.384
70.552	-8.354
70.627	-8.354
70.717	-8.324
70.792	-8.324
70.957	-8.264
71.062	-8.189
71.107	-8.174
71.197	-8.099
71.407	-7.934
71.467	-7.889
71.497	-7.889
71.587	-7.814
71.647	-7.784
71.752	-7.619
71.752	-7.484
71.782	-7.394
71.782	-7.289
71.797	-7.229
71.797	-7.184
71.872	-7.034
71.902	-7.019
71.947	-6.959
72.067	-6.899
72.142	-6.899
72.247	-6.869
72.322	-6.869
72.382	-6.839
72.427	-6.839
72.577	-6.794
POLYLINE BLACK
69.127	-7.289
69.097	-7.274
69.007	-7.304
68.962	-7.304
68.737	-7.379
68.512	-7.409
68.422	-7.439
68.317	-7.454
68.137	-7.499
67.867	-7.589
67.672	-7.619
67.552	-7.679
67.372	-7.709
67.312	-7.724
67.222	-7.724
67.087	-7.754
66.937	-7.754
66.907	-7.769
66.802	-7.769
66.772	-7.784
66.742	-7.769
66.397	-7.769
66.307	-7.799
66.052	-7.799
65.992	-7.814
65.962	-7.814
65.857	-7.844
65.827	-7.844
65.767	-7.859
65.692	-7.874
65.662	-7.889
65.602	-7.874
65.572	-7.874
65.542	-7.889
65.407	-7.889
65.347	-7.919
65.317	-7.919
65.257	-7.904
65.227	-7.904
65.197	-7.919
65.167	-7.889
65.137	-7.904
65.107	-7.889
65.062	-7.919
64.972	-7.889
64.912	-7.904
64.882	-7.934
64.852	-7.934
64.792	-7.979
64.732	-7.979
POLYLINE BLACK
69.292	-8.804
69.232	-8.849
69.172	-8.834
69.142	-8.849
69.007	-8.849
68.917	-8.879
68.857	-8.849
68.782	-8.849
68.722	-8.864
68.692	-8.894
68.632	-8.894
68.467	-8.939
68.437	-8.939
68.377	-8.954
68.317	-8.954
68.287	-8.984
68.242	-8.984
68.182	-8.999
68.152	-8.999
68.092	-9.014
68.002	-9.014
67.807	-9.059
67.732	-9.074
67.672	-9.104
67.522	-9.119
67.477	-9.119
67.447	-9.134
67.372	-9.134
67.297	-9.149
67.267	-9.149
67.207	-9.164
67.057	-9.164
67.027	-9.149
66.967	-9.164
66.937	-9.149
66.862	-9.149
66.832	-9.164
66.802	-9.149
66.727	-9.164
66.622	-9.164
66.562	-9.149
66.532	-9.164
66.487	-9.164
66.457	-9.149
66.382	-9.149
66.322	-9.164
66.052	-9.164
66.022	-9.194
65.947	-9.194
65.917	-9.179
65.887	-9.194
65.752	-9.194
65.722	-9.179
65.662	-9.194
65.572	-9.194
65.542	-9.209
65.467	-9.209
65.407	-9.239
65.332	-9.239
65.302	-9.254
65.197	-9.254
65.137	-9.269
65.107	-9.269
65.047	-9.284
64.972	-9.284
64.942	-9.299
64.912	-9.284
64.852	-9.299
64.792	-9.269
64.762	-9.299
POLYLINE BLACK
64.802	-8.044
64.722	-8.064
64.702	-8.054
64.682	-8.074
64.662	-8.064
64.642	-8.074
64.602	-8.044
64.582	-8.044
64.572	-8.024
64.552	-8.024
64.512	-7.954
64.502	-7.914
64.452	-7.744
64.402	-7.624
64.332	-7.564
64.282	-7.564
64.242	-7.554
64.202	-7.544
64.162	-7.534
64.072	-7.524
64.022	-7.534
63.982	-7.524
63.952	-7.524
63.932	-7.534
63.882	-7.524
63.792	-7.524
63.742	-7.514
63.682	-7.514
63.642	-7.504
63.612	-7.504
63.572	-7.514
63.512	-7.514
63.472	-7.524
63.382	-7.524
63.322	-7.554
63.272	-7.554
63.232	-7.584
POLYLINE BLACK
64.762	-9.244
64.722	-9.254
64.632	-9.254
64.592	-9.264
64.452	-9.264
POLYLINE BLACK
60.502	-8.004
60.562	-8.024
60.622	-8.034
60.682	-8.024
60.752	-8.044
60.792	-8.034
60.872	-8.034
60.962	-8.024
61.022	-8.024
61.042	-8.034
61.062	-8.024
61.202	-8.024
61.222	-8.014
61.322	-8.014
61.412	-7.984
61.442	-7.984
61.482	-7.974
61.542	-7.974
61.962	-7.844
62.002	-7.834
62.142	-7.804
62.172	-7.784
62.222	-7.774
62.312	-7.724
62.422	-7.724
62.522	-7.684
62.582	-7.684
62.692	-7.674
62.752	-7.664
62.822	-7.644
62.872	-7.644
63.032	-7.604
63.072	-7.604
63.142	-7.594
63.182	-7.594
63.252	-7.574
63.312	-7.564
63.362	-7.574
POLYLINE BLACK
60.492	-9.384
60.502	-9.454
60.542	-9.474
60.572	-9.474
60.612	-9.464
60.802	-9.464
60.862	-9.444
60.912	-9.444
60.972	-9.434
61.022	-9.424
61.062	-9.404
61.092	-9.404
61.132	-9.394
61.172	-9.404
61.222	-9.394
61.292	-9.394
61.372	-9.374
61.422	-9.384
61.502	-9.384
61.542	-9.374
61.642	-9.374
61.662	-9.384
61.712	-9.374
61.732	-9.384
61.792	-9.374
61.892	-9.374
61.942	-9.384
61.982	-9.384
62.042	-9.364
62.152	-9.364
62.202	-9.354
62.302	-9.354
62.462	-9.324
62.552	-9.294
62.592	-9.294
62.642	-9.284
62.722	-9.284
62.832	-9.254
62.852	-9.254
62.882	-9.234
62.932	-9.244
62.972	-9.254
62.992	-9.244
63.042	-9.244
63.082	-9.224
63.222	-9.224
63.272	-9.214
63.322	-9.224
63.362	-9.214
63.402	-9.224
63.442	-9.214
63.492	-9.224
63.812	-9.224
63.832	-9.234
63.872	-9.234
63.932	-9.224
63.972	-9.234
64.002	-9.244
64.112	-9.244
64.152	-9.254
64.182	-9.254
64.222	-9.274
64.242	-9.264
64.272	-9.274
64.312	-9.264
64.382	-9.264
64.492	-9.294
64.522	-9.294
POLYLINE BLACK
60.432	-9.314
POLYLINE BLACK
54.792	-10.034
54.802	-10.054
54.852	-10.074
54.982	-10.184
55.002	-10.184
55.102	-10.244
55.202	-10.324
55.222	-10.324
55.292	-10.434
55.372	-10.564
55.462	-10.654
55.502	-10.684
55.522	-10.684
POLYLINE BLACK
52.202	-10.764
52.242	-10.764
52.282	-10.734
52.302	-10.744
52.352	-10.724
52.392	-10.694
52.502	-10.634
52.672	-10.454
52.752	-10.324
52.852	-10.224
52.962	-10.144
53.012	-10.124
53.032	-10.104
53.052	-10.104
53.102	-10.074
53.332	-9.964
53.412	-9.914
53.502	-9.894
53.542	-9.884
53.582	-9.884
53.602	-9.864
53.642	-9.874
53.662	-9.864
53.682	-9.874
53.702	-9.864
53.732	-9.884
53.792	-9.884
53.832	-9.894
53.872	-9.884
53.932	-9.894
53.992	-9.874
54.072	-9.894
54.112	-9.904
54.132	-9.894
54.342	-9.964
54.402	-9.964
54.442	-9.974
54.522	-9.984
54.562	-9.984
54.602	-9.994
54.662	-9.994
54.672	-10.014
54.712	-10.014
54.722	-10.034
54.762	-10.034
54.802	-10.064
54.822	-10.064
54.832	-10.084
54.852	-10.084
POLYLINE GREEN
55.652	-9.784
55.642	-9.904
55.652	-9.984
55.662	-10.164
55.692	-10.414
55.702	-10.434
55.702	-10.484
55.712	-10.504
55.712	-10.554
55.722	-10.604
55.722	-10.674
55.732	-10.734
POLYLINE GREEN
55.572	-10.004
55.562	-10.214
55.562	-10.484
55.572	-10.524
55.572	-10.604
55.592	-10.694
POLYLINE GREEN
55.602	-10.034
55.582	-9.844
55.582	-9.764
55.602	-9.674
POLYLINE GREEN
55.492	-10.044
55.492	-10.014
55.522	-9.894
55.572	-9.664
55.582	-9.614
POLYLINE GREEN
55.652	-10.074
55.642	-9.964
55.642	-9.714
55.632	-9.624
POLYLINE GREEN
55.722	-10.594
55.712	-10.554
55.702	-10.384
55.702	-10.144
55.712	-10.024
55.702	-9.974
55.702	-9.954
POLYLINE GREEN
55.652	-10.664
55.642	-10.594
55.622	-10.474
55.612	-10.424
55.612	-9.994
POLYLINE GREEN
55.532	-10.624
55.522	-10.574
55.522	-10.494
55.512	-10.464
55.512	-10.304
55.502	-10.214
55.512	-10.194
55.512	-10.024
POLYLINE GREEN
55.772	-10.644
55.772	-10.484
55.762	-10.444
55.762	-9.974
55.742	-9.914
55.742	-9.864
55.682	-9.724
55.652	-9.644
55.642	-9.564
55.642	-9.384
55.632	-9.344
55.632	-9.364
POLYLINE GREEN
55.452	-10.654
55.452	-10.574
55.442	-10.474
55.442	-10.434
55.432	-10.394
55.432	-10.314
55.422	-10.264
55.422	-10.184
55.412	-10.144
55.412	-9.964
55.442	-9.904
55.452	-9.864
55.512	-9.764
55.512	-9.714
55.542	-9.614
55.562	-9.514
55.562	-9.454
55.572	-9.404
55.562	-9.364
55.572	-9.324
55.482	-9.244
POLYLINE GREEN
57.282	-9.384
POLYLINE GREEN
57.312	-9.814
57.312	-9.664
57.302	-9.514
57.302	-9.404
POLYLINE GREEN
57.242	-9.794
57.242	-9.794
57.242	-9.734
57.262	-9.544
57.262	-9.444
POLYLINE GREEN
57.342	-9.754
57.352	-9.714
57.352	-9.584
57.342	-9.544
57.342	-9.504
57.312	-9.424
57.312	-9.354
57.302	-9.314
57.302	-9.284
POLYLINE GREEN
57.212	-9.714
57.222	-9.804
57.212	-9.734
57.212	-9.654
57.252	-9.534
57.262	-9.444
57.262	-9.334
57.272	-9.284
57.272	-9.264
POLYLINE GREEN
58.582	-9.574
58.522	-9.354
58.522	-9.274
POLYLINE GREEN
58.542	-9.624
58.552	-9.584
58.552	-9.354
58.542	-9.234
58.542	-9.194
POLYLINE GREEN
58.492	-9.604
58.482	-9.564
58.482	-9.494
58.492	-9.454
58.492	-9.304
58.512	-9.154
POLYLINE GREEN
58.612	-9.574
58.612	-9.514
58.602	-9.474
58.602	-9.414
58.592	-9.374
58.592	-9.304
58.582	-9.254
58.582	-9.214
58.572	-9.174
58.532	-9.114
POLYLINE GREEN
58.442	-9.614
58.452	-9.574
58.452	-9.514
58.432	-9.434
58.442	-9.354
58.462	-9.274
58.482	-9.194
58.492	-9.154
58.482	-9.114
POLYLINE BLACK
57.182	-9.274
57.172	-9.364
57.232	-9.364
57.272	-9.354
57.312	-9.344
57.402	-9.314
57.522	-9.284
57.562	-9.284
57.622	-9.264
57.672	-9.274
57.712	-9.264
57.752	-9.254
57.772	-9.264
57.862	-9.234
57.882	-9.244
57.942	-9.224
58.082	-9.224
58.102	-9.234
58.272	-9.194
58.322	-9.194
58.422	-9.164
58.452	-9.164
58.492	-9.134
58.512	-9.134
58.622	-9.034
58.652	-9.004
58.702	-8.814
58.712	-8.724
58.742	-8.574
58.752	-8.464
58.762	-8.374
58.782	-8.254
58.862	-8.064
58.982	-7.994
59.052	-7.984
POLYLINE BLACK
60.542	-9.474
60.482	-9.484
60.442	-9.474
60.372	-9.494
60.302	-9.494
60.262	-9.504
60.172	-9.514
60.072	-9.534
60.002	-9.544
59.982	-9.534
59.932	-9.544
59.892	-9.534
59.872	-9.544
59.832	-9.534
59.742	-9.534
59.702	-9.554
59.642	-9.534
59.602	-9.544
59.562	-9.534
59.542	-9.544
59.432	-9.514
59.392	-9.524
59.352	-9.504
59.312	-9.514
59.262	-9.504
59.222	-9.504
59.202	-9.514
59.182	-9.504
59.142	-9.514
59.102	-9.514
59.082	-9.504
59.012	-9.514
58.972	-9.514
58.952	-9.504
58.932	-9.514
58.892	-9.504
58.812	-9.504
58.792	-9.524
POLYLINE BLACK
60.642	-8.054
60.592	-8.054
60.552	-8.044
60.492	-8.044
60.452	-8.034
60.432	-8.054
60.412	-8.034
60.212	-8.034
60.172	-8.024
60.082	-8.044
60.032	-8.044
59.992	-8.054
59.882	-8.054
59.862	-8.064
59.772	-8.044
59.742	-8.044
59.702	-8.054
59.592	-8.054
59.572	-8.044
59.552	-8.054
59.472	-8.034
59.422	-8.034
59.402	-8.024
59.382	-8.034
59.292	-8.004
59.252	-8.004
59.212	-7.994
59.162	-7.984
59.122	-7.994
59.102	-7.994
59.082	-8.014
59.022	-8.014
58.912	-8.044
POLYLINE BLACK
56.302	-10.614
56.402	-10.594
56.512	-10.594
56.672	-10.544
56.712	-10.554
56.752	-10.544
56.792	-10.534
56.832	-10.524
56.872	-10.514
56.952	-10.284
56.962	-10.204
56.962	-10.134
56.972	-10.094
56.972	-10.034
57.012	-9.914
57.062	-9.864
57.162	-9.844
57.182	-9.854
57.202	-9.844
57.222	-9.854
57.262	-9.844
57.322	-9.844
57.392	-9.824
57.492	-9.824
57.542	-9.814
57.622	-9.804
57.712	-9.794
57.752	-9.784
57.792	-9.784
57.842	-9.764
57.962	-9.744
58.012	-9.744
58.082	-9.724
58.142	-9.724
58.192	-9.714
58.212	-9.694
58.302	-9.684
58.422	-9.654
58.462	-9.644
58.572	-9.604
58.592	-9.584
58.632	-9.594
58.672	-9.584
58.692	-9.564
58.732	-9.554
58.772	-9.544
58.792	-9.524
58.832	-9.524
58.862	-9.514
58.882	-9.524
58.892	-9.504
POLYLINE BLACK
57.147	-9.059
POLYLINE BLACK
57.132	-9.374
57.132	-9.404
57.027	-9.464
56.907	-9.524
56.877	-9.524
56.787	-9.584
56.757	-9.584
56.697	-9.599
56.622	-9.614
56.562	-9.629
56.532	-9.614
56.382	-9.659
56.352	-9.659
56.322	-9.689
56.217	-9.689
56.157	-9.659
56.127	-9.659
56.067	-9.629
56.037	-9.629
55.947	-9.599
55.797	-9.479
55.782	-9.449
55.647	-9.359
55.557	-9.359
55.482	-9.329
55.437	-9.329
55.377	-9.344
55.317	-9.344
55.212	-9.314
55.182	-9.284
55.152	-9.284
54.747	-8.999
54.597	-8.924
54.567	-8.924
54.222	-8.759
54.147	-8.759
54.012	-8.729
53.982	-8.729
53.892	-8.684
53.862	-8.684
53.832	-8.699
53.787	-8.699
53.727	-8.669
53.607	-8.669
53.547	-8.639
53.472	-8.639
53.412	-8.654
53.307	-8.654
53.247	-8.639
POLYLINE BLACK
50.322	-10.034
50.367	-10.094
50.367	-10.124
50.412	-10.319
50.412	-10.349
50.397	-10.409
50.412	-10.454
50.397	-10.514
50.367	-10.514
50.202	-10.469
50.082	-10.514
50.052	-10.499
49.977	-10.499
49.872	-10.529
49.677	-10.529
49.647	-10.544
49.587	-10.529
49.512	-10.559
49.482	-10.544
49.422	-10.559
49.392	-10.559
49.332	-10.529
POLYLINE BLACK
50.352	-10.154
50.187	-10.154
50.037	-10.184
49.977	-10.184
49.947	-10.169
49.902	-10.169
49.782	-10.199
49.737	-10.199
49.677	-10.184
49.602	-10.184
49.542	-10.199
49.482	-10.184
49.437	-10.184
49.347	-10.139
49.257	-10.139
49.182	-10.289
49.182	-10.319
49.167	-10.349
49.167	-10.394
49.152	-10.454
POLYLINE BLACK
52.032	-10.694
52.032	-10.574
52.047	-10.544
52.047	-10.469
52.062	-10.439
52.062	-9.914
52.047	-9.854
52.047	-9.809
52.002	-9.629
52.002	-9.599
51.987	-9.539
51.957	-9.509
51.927	-9.539
51.897	-9.524
51.807	-9.554
51.777	-9.539
51.702	-9.554
51.672	-9.584
51.642	-9.569
51.567	-9.599
POLYLINE BLACK
51.762	-9.554
51.732	-9.539
51.672	-9.554
51.642	-9.539
51.597	-9.539
51.537	-9.569
51.507	-9.569
51.447	-9.554
51.327	-9.554
51.282	-9.569
51.192	-9.554
51.147	-9.554
51.087	-9.539
50.982	-9.539
50.952	-9.554
50.922	-9.539
50.862	-9.554
50.802	-9.554
50.727	-9.539
50.667	-9.539
50.607	-9.509
50.577	-9.509
50.577	-9.479
50.487	-9.689
50.487	-9.719
50.457	-9.809
50.457	-10.064
50.442	-10.124
50.442	-10.229
50.427	-10.289
50.427	-10.349
50.412	-10.409
50.412	-10.589
50.427	-10.649
50.412	-10.679
50.427	-10.739
50.427	-10.769
POLYLINE BLACK
56.277	-10.439
56.337	-10.649
56.277	-10.649
56.247	-10.664
56.172	-10.664
56.037	-10.694
55.977	-10.694
55.917	-10.709
55.857	-10.694
55.827	-10.694
55.797	-10.709
55.767	-10.694
55.692	-10.709
55.632	-10.694
55.542	-10.694
55.467	-10.679
55.407	-10.679
55.377	-10.664
55.272	-10.664
55.212	-10.679
55.152	-10.679
55.092	-10.709
55.062	-10.694
54.987	-10.709
54.882	-10.709
54.822	-10.724
54.717	-10.724
54.612	-10.754
54.567	-10.739
54.417	-10.769
54.237	-10.799
54.207	-10.799
54.147	-10.784
54.072	-10.784
54.012	-10.769
53.787	-10.769
53.547	-10.709
53.277	-10.709
53.247	-10.694
53.112	-10.739
53.067	-10.739
53.037	-10.724
52.992	-10.724
52.782	-10.784
52.707	-10.784
52.677	-10.799
52.647	-10.784
52.512	-10.814
52.437	-10.814
52.407	-10.799
52.227	-10.799
52.197	-10.784
52.122	-10.784
52.062	-10.769
51.957	-10.769
51.927	-10.754
51.882	-10.754
51.822	-10.739
51.762	-10.754
51.672	-10.754
51.522	-10.814
51.432	-10.814
51.402	-10.829
51.357	-10.829
51.327	-10.859
51.267	-10.844
51.207	-10.874
POLYLINE BLACK
51.102	-8.579
51.162	-8.564
51.222	-8.519
51.402	-8.549
51.912	-8.549
52.092	-8.564
52.722	-8.564
52.782	-8.594
52.902	-8.609
53.067	-8.639
53.127	-8.669
53.202	-8.669
53.352	-8.729
53.427	-8.729
53.487	-8.744
53.517	-8.729
53.577	-8.759
POLYLINE BLACK
46.677	-9.479
46.692	-9.539
46.722	-9.539
46.782	-9.554
46.872	-9.554
46.917	-9.584
46.947	-9.584
46.977	-9.569
47.007	-9.584
47.157	-9.569
47.217	-9.539
47.322	-9.539
47.382	-9.524
47.412	-9.524
47.472	-9.509
47.517	-9.524
47.577	-9.509
47.607	-9.479
47.637	-9.479
47.697	-9.464
47.757	-9.464
47.817	-9.449
47.877	-9.449
47.922	-9.464
47.982	-9.449
48.087	-9.449
48.207	-9.404
48.252	-9.404
48.282	-9.374
48.312	-9.374
48.402	-9.329
48.567	-9.299
48.597	-9.269
48.687	-9.269
48.747	-9.284
48.792	-9.269
48.882	-9.299
48.942	-9.284
49.017	-9.299
49.047	-9.299
49.167	-9.269
49.197	-9.269
49.257	-9.254
49.422	-9.254
49.452	-9.269
49.587	-9.239
49.617	-9.239
50.007	-9.059
50.052	-8.999
50.082	-8.984
50.127	-8.984
50.277	-8.894
50.307	-8.864
50.337	-8.864
50.427	-8.819
50.457	-8.819
50.532	-8.789
50.592	-8.744
50.622	-8.744
50.652	-8.714
50.727	-8.699
50.757	-8.669
50.817	-8.669
50.937	-8.609
51.102	-8.609
51.162	-8.624
51.222	-8.624
51.282	-8.639
POLYLINE BLACK
51.237	-10.889
51.177	-10.904
51.147	-10.904
51.087	-10.934
51.057	-10.934
50.997	-10.919
50.877	-10.919
50.817	-10.889
50.757	-10.889
50.697	-10.874
50.667	-10.874
50.637	-10.859
50.577	-10.874
50.517	-10.844
50.487	-10.844
50.367	-10.814
50.277	-10.814
50.217	-10.769
50.187	-10.769
50.067	-10.709
50.037	-10.709
49.917	-10.649
49.797	-10.559
49.737	-10.544
49.647	-10.544
49.617	-10.529
49.587	-10.544
49.467	-10.514
49.437	-10.484
49.407	-10.499
49.347	-10.484
49.317	-10.484
49.257	-10.469
49.197	-10.469
49.137	-10.454
49.107	-10.469
49.047	-10.454
48.987	-10.454
48.927	-10.424
48.867	-10.439
48.807	-10.424
48.777	-10.424
48.717	-10.409
48.687	-10.424
48.627	-10.409
48.597	-10.409
48.507	-10.379
48.477	-10.394
48.447	-10.379
48.387	-10.394
48.357	-10.379
48.327	-10.394
48.267	-10.379
48.207	-10.379
48.162	-10.364
48.132	-10.379
48.102	-10.364
48.072	-10.379
48.012	-10.364
47.847	-10.364
47.727	-10.394
47.667	-10.379
47.547	-10.379
47.517	-10.394
47.457	-10.379
47.397	-10.394
47.322	-10.394
47.292	-10.379
47.202	-10.424
47.142	-10.409
47.082	-10.439
47.022	-10.424
46.992	-10.424
46.932	-10.454
46.902	-10.454
POLYLINE BLACK
46.917	-9.539
46.887	-9.539
46.857	-9.554
46.827	-9.539
46.692	-9.539
46.632	-9.494
46.602	-9.509
46.542	-9.494
46.512	-9.494
46.392	-9.449
46.332	-9.404
46.302	-9.404
46.212	-9.359
46.182	-9.359
46.122	-9.344
46.092	-9.359
46.047	-9.359
46.017	-9.329
45.987	-9.329
45.927	-9.299
45.807	-9.299
45.747	-9.269
45.522	-9.269
45.462	-9.299
45.357	-9.299
45.297	-9.329
45.252	-9.329
45.222	-9.344
45.162	-9.329
45.102	-9.359
45.072	-9.344
45.012	-9.359
44.937	-9.359
44.877	-9.344
44.817	-9.344
44.787	-9.329
44.757	-9.344
44.622	-9.344
44.562	-9.359
44.397	-9.359
44.337	-9.374
44.307	-9.359
44.247	-9.374
44.217	-9.374
44.097	-9.404
43.992	-9.404
43.932	-9.434
43.902	-9.419
43.887	-9.449
43.857	-9.449
43.827	-9.434
43.797	-9.464
43.767	-9.449
43.737	-9.479
43.707	-9.479
43.617	-9.509
43.587	-9.539
43.557	-9.539
43.407	-9.629
43.377	-9.629
43.362	-9.674
43.302	-9.719
43.287	-9.749
43.227	-9.764
43.167	-9.824
43.137	-9.824
43.107	-9.839
43.062	-9.899
42.972	-9.959
42.942	-9.959
42.912	-9.989
42.882	-9.989
42.852	-10.019
42.822	-10.019
42.777	-10.079
42.747	-10.079
42.687	-10.109
42.657	-10.109
42.567	-10.154
42.537	-10.154
42.477	-10.169
42.417	-10.169
42.327	-10.199
42.267	-10.184
42.237	-10.184
42.177	-10.214
42.147	-10.214
42.117	-10.244
42.087	-10.214
41.967	-10.289
41.937	-10.289
POLYLINE BLACK
42.102	-11.099
42.117	-11.189
42.177	-11.189
42.237	-11.219
42.267	-11.204
42.327	-11.219
42.357	-11.219
42.417	-11.189
42.447	-11.204
42.522	-11.204
42.552	-11.189
42.582	-11.204
42.642	-11.189
42.702	-11.189
42.732	-11.174
42.762	-11.204
42.792	-11.174
42.822	-11.204
42.852	-11.204
42.882	-11.189
42.912	-11.204
42.942	-11.174
42.972	-11.174
43.002	-11.189
43.032	-11.159
43.062	-11.174
43.122	-11.159
43.152	-11.159
43.212	-11.174
43.272	-11.144
43.302	-11.144
43.362	-11.114
43.392	-11.114
43.542	-11.054
43.632	-10.994
43.647	-10.964
43.707	-10.934
43.797	-10.934
43.917	-10.904
43.992	-10.784
43.992	-10.724
44.037	-10.619
44.037	-10.589
44.082	-10.499
44.082	-10.469
44.112	-10.409
44.202	-10.364
44.232	-10.364
44.262	-10.334
44.322	-10.334
44.352	-10.319
44.382	-10.334
44.532	-10.289
44.682	-10.289
44.742	-10.304
44.832	-10.304
44.862	-10.289
45.027	-10.289
45.192	-10.334
45.327	-10.304
45.402	-10.319
45.507	-10.304
45.657	-10.349
45.762	-10.349
45.822	-10.379
45.927	-10.379
45.957	-10.364
46.017	-10.379
46.122	-10.379
46.182	-10.394
46.452	-10.394
46.497	-10.409
46.557	-10.394
46.587	-10.394
46.722	-10.424
46.947	-10.439
POLYLINE BLACK
42.102	-11.174
POLYLINE BLACK
42.102	-11.159
42.162	-11.129
42.222	-11.129
42.282	-11.114
42.312	-11.114
POLYLINE BROWN
42.162	-10.244
42.102	-10.244
42.042	-10.259
42.012	-10.244
41.952	-10.274
41.877	-10.274
41.847	-10.259
41.787	-10.274
41.757	-10.274
41.727	-10.289
41.652	-10.289
41.592	-10.304
41.562	-10.304
41.502	-10.319
41.382	-10.319
41.322	-10.304
41.217	-10.304
41.157	-10.289
41.082	-10.274
40.977	-10.229
40.947	-10.229
40.812	-10.154
40.722	-10.154
40.662	-10.109
40.527	-10.094
40.437	-10.049
40.362	-10.034
40.197	-9.959
40.167	-9.959
40.107	-9.929
40.077	-9.929
40.032	-9.899
39.972	-9.899
39.807	-9.869
39.687	-9.869
39.657	-9.854
39.612	-9.854
39.477	-9.794
39.447	-9.794
39.417	-9.764
39.357	-9.764
39.297	-9.719
39.222	-9.689
39.192	-9.659
39.132	-9.659
39.042	-9.614
39.012	-9.614
38.817	-9.539
38.787	-9.539
38.727	-9.524
38.697	-9.524
38.637	-9.509
38.532	-9.509
38.367	-9.554
38.337	-9.584
POLYLINE BROWN
38.577	-11.759
38.607	-11.759
38.667	-11.744
38.832	-11.744
38.892	-11.729
38.922	-11.729
39.072	-11.669
39.102	-11.669
39.132	-11.639
39.207	-11.639
39.297	-11.594
39.327	-11.594
39.387	-11.564
39.477	-11.564
39.612	-11.534
39.732	-11.519
39.852	-11.534
40.047	-11.474
40.137	-11.474
40.302	-11.399
40.362	-11.414
40.557	-11.384
40.692	-11.384
40.812	-11.354
40.842	-11.369
40.902	-11.354
40.977	-11.354
41.037	-11.339
41.097	-11.339
41.172	-11.324
41.322	-11.324
41.397	-11.294
41.472	-11.294
41.502	-11.279
41.547	-11.294
41.652	-11.249
41.727	-11.249
41.757	-11.264
41.787	-11.249
41.847	-11.264
42.162	-11.264
42.222	-11.279
42.252	-11.279
POLYLINE BROWN
38.382	-9.539
38.397	-9.599
38.457	-9.599
38.487	-9.584
38.532	-9.584
38.592	-9.554
38.622	-9.554
38.712	-9.509
POLYLINE BROWN
37.692	-12.149
37.842	-12.074
37.872	-12.074
37.902	-12.044
37.977	-12.029
38.037	-11.984
38.067	-11.984
38.127	-11.954
38.157	-11.954
38.262	-11.909
38.292	-11.909
38.322	-11.879
38.352	-11.879
38.382	-11.864
38.412	-11.879
38.472	-11.849
38.532	-11.849
38.547	-11.819
38.607	-11.834
POLYLINE BLACK
37.782	-12.119
37.722	-12.134
37.692	-12.134
37.632	-12.149
37.602	-12.179
37.572	-12.179
37.482	-12.224
37.437	-12.224
37.317	-12.284
37.242	-12.299
36.957	-12.374
36.927	-12.374
36.867	-12.389
36.672	-12.389
36.642	-12.374
36.582	-12.389
36.492	-12.389
36.432	-12.404
36.102	-12.404
36.042	-12.419
35.922	-12.389
35.862	-12.389
35.802	-12.374
35.772	-12.374
POLYLINE BLACK
34.227	-12.449
34.257	-12.464
34.362	-12.434
34.392	-12.449
34.467	-12.449
34.617	-12.419
34.677	-12.434
35.082	-12.434
35.292	-12.449
35.352	-12.434
35.412	-12.434
35.472	-12.449
35.562	-12.449
35.622	-12.419
35.742	-12.449
35.772	-12.419
35.802	-12.434
35.862	-12.419
35.892	-12.419
35.952	-12.404
35.982	-12.404
POLYLINE BLACK
35.622	-10.739
35.637	-10.784
35.697	-10.799
35.727	-10.799
35.922	-10.754
35.952	-10.754
35.982	-10.769
36.042	-10.769
36.177	-10.739
36.237	-10.754
36.267	-10.754
36.327	-10.739
36.357	-10.739
36.417	-10.709
36.447	-10.724
36.642	-10.619
36.702	-10.619
36.882	-10.484
37.047	-10.424
37.092	-10.364
37.137	-10.349
37.227	-10.289
37.257	-10.289
37.467	-10.154
37.692	-10.004
37.812	-9.929
37.827	-9.899
37.902	-9.884
38.052	-9.764
38.097	-9.764
38.127	-9.734
38.157	-9.734
38.322	-9.644
38.412	-9.644
38.472	-9.629
38.532	-9.629
POLYLINE BLACK
33.867	-10.379
33.897	-10.409
33.927	-10.409
34.017	-10.454
34.047	-10.454
34.107	-10.499
34.182	-10.499
34.212	-10.529
34.242	-10.529
34.272	-10.544
34.302	-10.529
34.362	-10.544
34.392	-10.544
34.452	-10.574
34.572	-10.574
34.632	-10.589
34.662	-10.619
34.722	-10.619
34.782	-10.604
34.812	-10.604
34.842	-10.634
34.917	-10.634
35.007	-10.694
35.037	-10.694
35.067	-10.709
35.082	-10.739
35.127	-10.739
35.217	-10.799
35.247	-10.799
35.307	-10.814
35.337	-10.814
35.397	-10.829
35.472	-10.814
35.502	-10.829
35.532	-10.814
35.592	-10.829
35.622	-10.829
35.742	-10.769
POLYLINE BLACK
33.957	-10.184
34.017	-10.364
33.957	-10.424
33.837	-10.394
33.477	-10.394
33.297	-10.304
33.237	-10.304
33.057	-10.154
32.997	-10.154
32.427	-9.284
32.187	-9.134
31.977	-9.134
31.917	-9.104
31.797	-9.134
31.557	-9.104
31.497	-9.134
31.287	-9.104
31.167	-9.134
31.047	-9.104
30.867	-9.104
30.747	-9.134
30.627	-9.134
30.507	-9.164
30.237	-9.164
30.117	-9.224
29.997	-9.194
29.937	-9.224
29.877	-9.194
29.757	-9.224
29.637	-9.224
29.487	-9.284
POLYLINE BLACK
33.867	-9.854
POLYLINE BLACK
34.437	-12.374
34.437	-12.434
34.257	-12.404
34.197	-12.434
34.077	-12.404
34.017	-12.434
33.957	-12.404
33.897	-12.434
33.777	-12.374
33.657	-12.404
33.537	-12.374
33.477	-12.404
33.357	-12.374
33.117	-12.404
32.697	-12.404
32.637	-12.434
32.457	-12.344
32.337	-12.314
32.217	-12.284
31.977	-12.254
31.827	-12.254
31.707	-12.224
31.587	-12.254
31.467	-12.224
31.407	-12.254
31.167	-12.194
31.047	-12.194
30.987	-12.224
30.927	-12.194
30.867	-12.254
30.747	-12.194
30.507	-12.254
30.147	-12.104
POLYLINE BLACK
30.177	-9.224
30.117	-9.194
30.057	-9.224
29.937	-9.194
29.817	-9.194
29.757	-9.224
29.697	-9.194
29.517	-9.254
29.457	-9.224
29.397	-9.254
29.277	-9.224
29.217	-9.224
POLYLINE BLACK
29.487	-9.224
29.307	-9.164
29.127	-9.164
28.887	-9.224
28.767	-9.224
28.497	-9.134
28.377	-9.014
28.317	-9.014
28.167	-8.864
28.047	-8.774
27.927	-8.744
27.807	-8.654
27.627	-8.654
27.567	-8.714
27.267	-8.774
27.207	-8.834
27.087	-8.864
26.907	-8.924
26.607	-8.924
26.487	-9.014
26.427	-9.014
26.247	-9.134
26.127	-9.164
25.887	-9.224
25.767	-9.224
25.647	-9.254
25.527	-9.284
25.287	-9.224
25.167	-9.194
25.107	-9.254
24.987	-9.224
24.927	-9.164
24.777	-9.194
24.597	-9.194
24.477	-9.224
POLYLINE BLACK
29.547	-13.634
29.517	-13.844
29.517	-13.964
POLYLINE BLACK
27.987	-13.784
27.957	-13.964
POLYLINE BLACK
28.017	-13.334
28.047	-13.454
28.077	-13.574
POLYLINE BLACK
29.517	-13.844
29.547	-13.904
POLYLINE BLACK
29.547	-13.304
29.547	-13.424
POLYLINE BLACK
29.427	-11.864
29.577	-12.314
29.577	-13.064
29.607	-13.184
POLYLINE BLACK
28.017	-12.224
28.107	-12.644
28.107	-12.914
28.077	-13.124
28.077	-13.184
POLYLINE BLACK
28.347	-11.414
POLYLINE BLACK
24.477	-10.664
24.537	-10.874
24.897	-10.874
24.957	-10.904
25.077	-10.874
25.257	-10.874
25.377	-10.904
25.797	-10.964
25.977	-10.964
26.037	-11.024
26.097	-10.994
26.157	-11.054
26.217	-11.024
26.397	-11.084
26.517	-11.084
26.697	-11.144
26.877	-11.144
26.997	-11.174
27.207	-11.384
27.297	-11.564
27.357	-11.864
27.567	-12.104
27.687	-12.134
27.927	-12.224
28.047	-12.224
28.107	-12.254
28.167	-12.194
28.227	-12.254
28.347	-12.224
28.467	-12.254
28.617	-12.284
28.857	-12.224
28.917	-12.224
28.977	-12.284
29.097	-12.254
29.517	-12.254
29.577	-12.224
29.697	-12.254
29.937	-12.224
30.177	-12.254
30.237	-12.254
POLYLINE BLACK
20.877	-7.574
20.967	-7.754
21.267	-7.964
21.387	-7.964
21.447	-8.024
21.567	-8.024
21.687	-8.054
21.747	-8.114
21.867	-8.114
21.987	-8.144
22.047	-8.204
22.167	-8.174
22.347	-8.294
22.467	-8.294
22.647	-8.384
22.767	-8.414
23.067	-8.564
23.127	-8.564
23.247	-8.684
23.457	-8.774
23.697	-8.924
23.757	-8.924
23.847	-8.984
23.907	-8.984
23.937	-9.044
24.057	-9.044
24.327	-9.134
24.447	-9.164
24.567	-9.224
24.627	-9.194
24.987	-9.314
25.047	-9.314
POLYLINE BLACK
24.627	-10.814
24.597	-10.874
24.417	-10.844
24.387	-10.784
24.267	-10.754
24.207	-10.784
24.087	-10.754
23.907	-10.754
23.787	-10.724
23.667	-10.724
23.547	-10.694
23.187	-10.604
23.067	-10.574
23.007	-10.574
22.947	-10.514
22.827	-10.484
22.767	-10.454
22.557	-10.514
22.287	-10.514
22.227	-10.484
22.107	-10.514
21.987	-10.484
21.927	-10.454
21.867	-10.484
21.747	-10.424
21.687	-10.454
21.567	-10.424
21.387	-10.424
21.267	-10.454
21.057	-10.424
20.997	-10.454
20.937	-10.424
20.907	-10.484
POLYLINE BROWN
20.547	-7.794
20.707	-7.794
20.787	-7.814
20.867	-7.814
20.907	-7.794
20.987	-7.814
21.107	-7.834
POLYLINE BROWN
19.707	-10.654
19.807	-10.594
19.967	-10.534
20.087	-10.534
20.167	-10.514
20.267	-10.514
20.347	-10.494
20.427	-10.474
20.467	-10.494
20.587	-10.454
20.627	-10.474
20.707	-10.454
20.787	-10.474
20.907	-10.474
20.947	-10.454
21.027	-10.474
21.147	-10.474
21.187	-10.454
21.227	-10.474
POLYLINE BROWN
19.647	-10.654
19.647	-10.594
19.687	-10.594
POLYLINE BROWN
19.347	-11.034
19.347	-10.914
19.387	-10.874
POLYLINE BROWN
19.107	-11.354
19.147	-11.254
POLYLINE BROWN
18.087	-10.694
POLYLINE BROWN
18.407	-10.414
POLYLINE BROWN
18.727	-10.114
18.587	-10.174
POLYLINE BROWN
19.347	-9.114
19.427	-9.134
19.587	-9.254
19.647	-9.454
19.587	-9.574
19.587	-9.634
19.387	-9.794
19.347	-9.794
19.287	-9.854
19.247	-9.854
19.127	-9.934
18.867	-10.054
18.827	-10.054
POLYLINE BROWN
17.247	-8.054
17.367	-8.074
17.487	-8.034
17.567	-8.054
17.687	-8.054
17.887	-8.114
17.927	-8.154
POLYLINE BROWN
18.407	-8.234
18.527	-8.414
18.607	-8.614
18.547	-8.834
18.487	-8.974
18.487	-9.034
18.387	-9.294
18.407	-9.334
18.447	-9.314
18.567	-9.354
18.767	-9.414
18.947	-9.494
19.027	-9.514
19.247	-9.574
19.267	-9.614
19.267	-9.534
19.307	-9.414
19.307	-9.354
19.387	-9.114
19.407	-9.034
19.467	-8.794
19.427	-8.754
19.387	-8.774
19.187	-8.734
18.847	-8.634
18.627	-8.594
18.547	-8.594
POLYLINE BROWN
18.927	-8.714
18.887	-8.754
18.847	-8.734
18.427	-8.834
18.327	-8.834
18.247	-8.914
18.167	-8.914
18.047	-8.954
18.007	-8.814
17.947	-8.494
17.947	-8.354
17.927	-8.274
17.907	-8.094
17.907	-8.014
18.147	-7.954
18.267	-7.914
18.327	-7.914
18.507	-7.854
18.667	-7.814
18.807	-8.174
18.887	-8.394
18.927	-8.574
18.947	-8.654
18.947	-8.734
18.867	-8.734
18.827	-8.754
POLYLINE BROWN
20.647	-7.814
20.667	-7.854
20.507	-7.834
20.427	-7.854
20.227	-7.854
20.147	-7.874
19.987	-7.874
19.887	-7.894
19.607	-7.894
19.567	-7.874
19.527	-7.894
19.487	-7.874
19.447	-7.894
19.367	-7.854
19.267	-7.634
19.227	-7.434
19.227	-7.174
19.147	-6.974
18.947	-6.934
18.787	-6.934
18.747	-6.914
18.707	-6.934
18.587	-6.894
18.507	-6.914
18.427	-6.894
18.347	-6.874
18.307	-6.894
18.187	-6.814
18.127	-6.634
18.007	-6.214
17.847	-6.114
17.767	-6.134
17.687	-6.134
17.647	-6.114
17.527	-6.154
17.447	-6.134
17.367	-6.154
17.287	-6.154
17.027	-6.234
POLYLINE BROWN
17.487	-6.174
17.447	-6.194
17.327	-6.154
17.247	-6.174
17.047	-6.114
16.987	-6.134
16.907	-6.114
16.647	-6.114
16.587	-6.094
16.547	-6.114
16.327	-6.054
16.247	-6.054
16.207	-6.014
15.927	-5.914
15.887	-5.874
15.707	-5.814
15.487	-5.734
15.447	-5.694
15.407	-5.694
15.187	-5.454
15.047	-5.274
14.947	-5.074
14.907	-5.034
14.787	-4.794
14.567	-4.514
14.407	-4.374
14.247	-4.274
14.167	-4.274
14.087	-4.234
14.027	-4.234
13.947	-4.214
13.767	-4.194
13.687	-4.214
13.587	-4.334
13.567	-4.434
POLYLINE BROWN
13.667	-5.574
13.707	-5.614
13.787	-5.594
13.907	-5.634
13.947	-5.614
13.987	-5.634
14.087	-5.614
14.167	-5.634
14.207	-5.634
14.247	-5.674
14.287	-5.654
14.507	-5.874
14.587	-6.054
14.587	-6.134
14.647	-6.254
14.687	-6.454
14.687	-6.534
14.707	-6.634
14.707	-7.094
14.747	-7.254
14.747	-7.374
14.887	-7.714
14.867	-7.754
15.067	-7.914
15.167	-8.014
15.287	-8.054
15.587	-8.054
15.627	-8.034
16.007	-8.054
16.087	-8.074
17.327	-8.074
POLYLINE RED
39.536	-11.171
39.536	-11.171
39.543	-11.136
39.571	-11.129
39.578	-11.157
39.550	-11.178
39.543	-11.164
39.557	-11.129
39.564	-11.157
39.557	-11.171
39.557	-11.143
39.571	-11.136
39.585	-11.143
39.585	-11.157
39.578	-11.143
POLYLINE RED
39.920	-10.950
39.950	-10.980
39.995	-11.115
40.010	-11.250
40.010	-11.340
POLYLINE RED
39.590	-11.040
39.650	-11.010
39.680	-11.010
39.740	-10.965
39.770	-10.995
39.785	-11.070
39.755	-11.130
39.725	-11.130
39.650	-11.235
39.680	-11.220
39.740	-11.235
39.815	-11.220
39.845	-11.235
POLYLINE RED
39.530	-11.160
39.560	-11.160
39.590	-11.190
POLYLINE RED
39.380	-11.025
39.425	-11.130
39.425	-11.190
39.440	-11.250
39.440	-11.280
39.455	-11.310
POLYLINE RED
39.365	-11.775
39.545	-11.625
39.605	-11.580
39.650	-11.520
39.710	-11.475
39.725	-11.445
POLYLINE RED
39.440	-11.460
39.650	-11.655
39.680	-11.715
39.710	-11.730
POLYLINE GREEN
39.305	-12.015
39.335	-12.045
39.335	-12.015
39.410	-11.925
39.455	-11.760
39.455	-11.730
39.470	-11.670
39.500	-11.640
39.560	-11.655
39.650	-11.775
39.740	-12.000
39.830	-12.045
39.860	-12.045
POLYLINE BROWN
35.705	-10.605
35.735	-10.605
35.765	-10.560
35.885	-10.500
35.990	-10.545
36.020	-10.575
36.020	-10.665
35.975	-10.770
35.945	-10.800
35.840	-10.845
36.140	-11.220
POLYLINE BROWN
35.750	-10.635
35.780	-10.650
35.810	-10.725
35.810	-10.770
35.855	-10.875
35.855	-10.905
35.870	-10.935
35.870	-11.010
35.885	-11.070
35.885	-11.145
POLYLINE BROWN
35.255	-11.070
35.285	-11.070
35.315	-11.085
35.390	-11.070
35.465	-11.070
35.495	-11.055
35.570	-11.055
POLYLINE BROWN
35.300	-10.830
35.360	-10.845
35.390	-10.845
35.420	-10.860
POLYLINE BROWN
35.180	-10.680
35.195	-10.650
35.300	-10.605
35.345	-10.605
35.420	-10.590
35.480	-10.590
POLYLINE BROWN
35.225	-10.665
35.285	-10.815
35.345	-11.085
POLYLINE BROWN
34.760	-10.650
34.790	-10.650
34.865	-10.620
34.895	-10.635
34.925	-10.620
35.015	-10.695
35.060	-10.800
35.060	-10.845
35.090	-10.905
35.030	-10.995
34.955	-11.025
34.925	-11.055
34.865	-11.010
POLYLINE BROWN
34.850	-10.695
34.880	-10.740
34.880	-10.815
34.895	-10.905
34.895	-10.965
34.910	-10.995
POLYLINE BROWN
34.415	-10.650
34.445	-10.650
34.475	-10.635
34.580	-10.635
34.700	-10.740
34.700	-10.785
34.730	-10.860
34.670	-10.980
34.535	-11.085
POLYLINE BROWN
34.460	-10.635
34.505	-10.785
34.505	-10.830
34.520	-10.860
34.535	-11.040
34.535	-11.085
POLYLINE BROWN
33.995	-10.965
34.025	-10.995
34.115	-10.935
34.190	-10.935
34.250	-10.905
34.280	-10.905
POLYLINE BROWN
33.980	-11.160
33.995	-11.100
33.995	-11.055
34.010	-11.025
34.010	-10.980
34.085	-10.680
34.145	-10.725
34.190	-10.815
34.190	-10.845
34.220	-10.875
34.220	-10.920
34.310	-11.130
34.310	-11.160
POLYLINE BROWN
33.440	-10.635
33.440	-10.695
33.455	-10.785
33.455	-10.815
33.470	-10.875
33.470	-10.905
33.485	-10.935
33.485	-11.010
33.500	-11.040
33.500	-11.115
33.515	-11.175
33.530	-11.145
33.740	-11.145
33.875	-11.160
POLYLINE BROWN
36.155	-9.750
36.140	-9.780
36.080	-9.765
36.005	-9.780
35.870	-9.825
35.870	-9.870
36.020	-10.005
36.050	-10.050
36.095	-10.065
36.125	-10.095
36.155	-10.200
36.140	-10.275
36.035	-10.305
35.900	-10.305
POLYLINE BROWN
35.330	-9.795
35.375	-9.810
35.510	-9.750
35.540	-9.720
35.615	-9.810
35.630	-9.855
35.465	-9.990
35.525	-9.990
35.570	-10.020
35.660	-10.140
35.645	-10.185
35.555	-10.260
35.525	-10.260
35.450	-10.290
POLYLINE BROWN
35.390	-9.825
35.435	-10.050
35.450	-10.170
35.465	-10.230
POLYLINE BROWN
35.135	-10.170
35.105	-10.200
35.045	-10.200
34.940	-10.125
34.910	-10.050
34.910	-9.975
34.940	-9.900
34.970	-9.870
35.105	-9.870
35.165	-9.885
35.210	-9.915
35.255	-10.020
35.255	-10.050
35.195	-10.140
35.150	-10.155
35.090	-10.200
35.015	-10.215
POLYLINE BROWN
34.805	-9.840
34.670	-9.840
34.550	-9.930
34.535	-9.960
34.535	-10.005
34.580	-10.110
34.655	-10.155
34.685	-10.155
34.715	-10.185
34.760	-10.185
34.790	-10.200
POLYLINE BROWN
33.965	-9.990
34.040	-10.005
34.145	-10.005
34.235	-9.975
POLYLINE BROWN
33.965	-10.200
33.965	-10.230
34.010	-10.125
34.010	-10.080
34.040	-10.005
34.070	-9.975
34.070	-9.930
34.115	-9.870
34.115	-9.825
34.130	-9.795
34.190	-9.840
34.250	-9.945
34.340	-10.125
34.400	-10.260
34.400	-10.290
POLYLINE BROWN
33.635	-9.765
33.740	-9.885
33.770	-9.990
33.770	-10.125
33.740	-10.185
33.605	-10.245
33.545	-10.245
POLYLINE BROWN
33.425	-9.765
33.485	-9.780
33.710	-9.780
33.755	-9.795
33.785	-9.780
33.860	-9.780
POLYLINE BROWN
38.570	-11.760
38.570	-11.760
38.465	-11.745
38.435	-11.715
38.330	-11.700
38.270	-11.655
38.240	-11.655
38.150	-11.595
38.105	-11.595
38.075	-11.565
37.730	-11.415
37.550	-11.325
37.385	-11.250
37.280	-11.205
37.250	-11.205
37.205	-11.175
37.175	-11.175
37.115	-11.145
37.040	-11.130
36.860	-11.010
36.725	-10.950
36.695	-10.950
36.560	-10.890
36.530	-10.860
POLYLINE BROWN
38.495	-11.505
38.555	-11.595
38.660	-11.805
38.660	-11.805
38.525	-11.865
38.360	-11.985
POLYLINE BLACK
40.260	-12.075
40.380	-12.075
40.500	-12.015
40.620	-12.015
40.700	-11.995
40.740	-11.995
40.880	-11.835
40.900	-11.755
40.880	-11.595
40.840	-11.555
40.840	-11.495
40.740	-11.395
40.680	-11.275
40.620	-11.215
40.600	-11.135
40.560	-11.095
40.560	-11.055
40.500	-10.975
40.500	-10.935
40.440	-10.835
40.420	-10.755
40.300	-10.435
40.300	-10.375
40.240	-10.215
40.280	-10.015
40.300	-9.935
40.320	-9.855
40.360	-9.815
40.380	-9.735
40.440	-9.555
40.500	-9.475
40.520	-9.335
40.540	-9.015
40.560	-8.835
40.480	-8.815
40.280	-8.855
40.200	-8.815
39.880	-8.755
39.560	-8.735
39.100	-8.595
38.900	-8.475
38.780	-8.415
38.700	-8.395
38.640	-8.355
38.560	-8.355
38.500	-8.315
38.420	-8.295
38.340	-8.255
38.300	-8.275
38.220	-8.215
38.100	-8.215
37.920	-8.175
37.840	-8.155
37.800	-8.195
POLYLINE BLACK
39.260	-12.035
39.300	-12.115
39.460	-12.095
39.520	-12.115
39.600	-12.095
39.920	-12.095
39.960	-12.075
40.040	-12.095
40.260	-12.035
40.340	-11.995
POLYLINE BLACK
37.720	-10.275
37.800	-10.275
37.840	-10.315
37.940	-10.335
38.260	-10.495
38.480	-10.635
38.740	-10.915
38.820	-11.075
38.840	-11.155
38.940	-11.415
39.000	-11.495
39.020	-11.575
39.040	-11.655
39.040	-11.695
POLYLINE BLACK
38.820	-11.575
38.880	-11.715
38.920	-11.735
39.060	-11.615
POLYLINE BLACK
38.500	-12.175
38.680	-12.015
POLYLINE BLACK
38.060	-12.575
38.100	-12.515
38.200	-12.475
38.240	-12.435
POLYLINE BLACK
39.220	-12.235
39.340	-12.015
POLYLINE BLACK
38.880	-12.555
39.000	-12.455
POLYLINE BLACK
38.540	-12.815
38.580	-12.895
38.620	-12.915
38.700	-12.835
38.740	-12.815
38.760	-12.755
POLYLINE BLACK
37.860	-8.275
37.740	-8.215
37.660	-8.195
37.620	-8.215
37.480	-8.175
37.400	-8.175
37.260	-8.135
37.100	-8.095
37.060	-8.115
36.760	-8.035
36.680	-8.055
36.600	-7.995
36.520	-7.995
36.420	-8.015
36.340	-7.995
36.220	-7.995
36.140	-7.975
36.060	-7.995
35.980	-7.935
35.940	-7.955
35.860	-7.935
POLYLINE BLACK
37.840	-10.295
37.760	-10.295
37.640	-10.215
37.620	-10.175
37.560	-10.155
37.480	-10.075
37.300	-9.895
37.200	-9.795
36.900	-9.635
36.880	-9.575
36.700	-9.475
36.600	-9.375
36.380	-9.235
36.280	-9.135
36.200	-9.075
36.120	-9.055
35.920	-8.935
35.840	-8.915
35.680	-8.855
35.600	-8.875
POLYLINE BLACK
35.960	-7.875
35.960	-7.915
35.880	-7.915
35.840	-7.875
35.760	-7.855
35.720	-7.815
35.660	-7.815
35.580	-7.795
35.500	-7.775
35.320	-7.715
35.240	-7.655
35.160	-7.655
34.920	-7.555
34.860	-7.555
34.680	-7.495
34.560	-7.455
34.480	-7.395
34.380	-7.375
34.140	-7.255
34.080	-7.255
34.000	-7.215
33.960	-7.235
33.880	-7.195
33.820	-7.195
33.440	-7.055
33.360	-7.095
33.320	-7.055
33.240	-7.055
33.060	-7.015
32.980	-6.935
32.900	-6.935
32.820	-6.915
32.740	-6.855
32.660	-6.855
32.420	-6.755
32.380	-6.775
32.340	-6.735
32.260	-6.735
32.240	-6.695
32.160	-6.695
32.000	-6.635
31.960	-6.655
POLYLINE BLACK
29.300	-6.855
29.320	-7.055
29.440	-7.095
29.520	-7.095
29.640	-7.155
29.680	-7.155
29.840	-7.255
29.920	-7.275
29.960	-7.315
30.040	-7.315
30.100	-7.395
30.140	-7.375
30.540	-7.615
30.600	-7.715
30.680	-7.735
30.820	-7.815
31.160	-8.155
31.340	-8.255
31.580	-8.335
31.740	-8.375
31.780	-8.375
31.820	-8.415
31.900	-8.395
32.260	-8.495
32.380	-8.515
32.420	-8.555
32.460	-8.535
32.580	-8.575
32.760	-8.595
32.860	-8.615
32.940	-8.595
33.280	-8.655
33.380	-8.655
33.460	-8.635
33.560	-8.655
33.620	-8.655
33.780	-8.695
33.940	-8.695
34.040	-8.715
34.320	-8.715
34.440	-8.755
34.580	-8.735
34.660	-8.735
34.800	-8.775
35.000	-8.815
35.180	-8.895
35.260	-8.875
35.460	-8.915
35.540	-8.915
35.700	-8.975
35.780	-8.955
35.900	-8.995
POLYLINE BLACK
32.080	-6.595
32.120	-6.695
32.040	-6.695
31.920	-6.655
31.840	-6.575
31.800	-6.575
31.760	-6.535
31.720	-6.555
31.600	-6.475
31.560	-6.475
31.520	-6.435
31.480	-6.435
31.400	-6.375
31.320	-6.355
31.120	-6.235
31.100	-6.195
31.060	-6.195
30.960	-6.075
30.940	-5.995
30.940	-5.695
30.960	-5.615
30.960	-5.475
31.020	-5.315
31.020	-5.155
31.040	-5.095
30.980	-4.975
30.980	-4.935
30.900	-4.915
30.760	-4.895
30.560	-4.855
30.400	-4.895
30.340	-4.895
30.180	-4.975
30.100	-4.995
30.060	-4.975
29.980	-5.015
29.900	-4.975
29.860	-4.995
29.780	-4.955
29.740	-4.995
29.700	-4.975
29.620	-4.995
POLYLINE BLACK
32.100	-6.635
POLYLINE BLACK
28.840	-4.195
28.920	-4.075
28.940	-3.975
28.920	-3.895
28.780	-3.715
28.740	-3.735
28.720	-3.695
28.680	-3.715
POLYLINE BLACK
28.860	-4.115
28.880	-4.155
28.820	-4.195
28.780	-4.195
28.580	-4.355
28.500	-4.375
28.420	-4.415
28.320	-4.415
28.100	-4.495
27.780	-4.555
27.620	-4.615
27.520	-4.615
27.300	-4.675
27.120	-4.735
27.040	-4.735
26.860	-4.795
26.740	-4.855
26.680	-4.855
26.600	-4.875
26.520	-4.935
26.440	-4.955
25.660	-5.275
25.580	-5.335
25.440	-5.355
25.360	-5.415
25.280	-5.415
25.100	-5.535
25.060	-5.535
24.940	-5.635
24.840	-5.635
24.760	-5.675
24.700	-5.735
24.640	-5.735
24.600	-5.775
24.520	-5.795
24.440	-5.835
24.340	-5.835
24.220	-5.895
24.140	-5.895
24.060	-5.915
24.000	-5.915
23.960	-5.955
23.920	-5.955
POLYLINE BLACK
23.720	-5.175
28.700	-3.695
POLYLINE BLACK
23.920	-5.835
23.920	-5.875
23.960	-5.915
23.800	-5.955
23.720	-5.975
23.640	-5.995
23.380	-5.995
23.340	-5.955
23.300	-5.975
23.240	-5.895
23.240	-5.715
23.260	-5.615
23.500	-5.335
23.540	-5.335
23.660	-5.215
23.740	-5.215
23.780	-5.235
23.860	-5.215
23.940	-5.255
24.000	-5.255
24.080	-5.275
24.120	-5.275
24.260	-5.475
24.320	-5.755
24.320	-5.815
24.220	-5.875
24.200	-5.915
24.100	-5.975
24.000	-5.995
23.900	-6.015
23.760	-6.035
POLYLINE BLACK
25.080	-4.295
25.000	-4.355
24.900	-4.355
24.700	-4.415
24.440	-4.575
24.360	-4.595
23.960	-4.795
23.920	-4.795
23.700	-4.955
23.360	-5.135
23.320	-5.175
23.200	-5.215
23.160	-5.255
23.080	-5.275
22.940	-5.375
POLYLINE BLACK
22.440	-4.695
22.480	-4.735
22.520	-4.735
22.660	-4.615
22.740	-4.595
23.100	-4.475
23.180	-4.455
23.220	-4.415
23.360	-4.415
23.500	-4.335
23.580	-4.355
23.660	-4.315
23.700	-4.335
23.980	-4.255
24.240	-4.155
24.280	-4.095
24.520	-3.995
24.760	-3.915
24.840	-3.855
25.040	-3.815
25.100	-3.815
25.180	-3.795
25.260	-3.735
25.360	-3.735
25.460	-3.715
25.520	-3.675
25.700	-3.655
25.860	-3.615
25.960	-3.615
26.180	-3.555
26.260	-3.555
26.520	-3.455
26.620	-3.455
26.780	-3.355
26.860	-3.355
26.980	-3.315
27.040	-3.315
27.180	-3.255
27.400	-3.195
27.540	-3.195
27.800	-3.115
27.900	-3.135
28.080	-3.155
28.200	-3.155
28.240	-3.195
28.400	-3.175
28.480	-3.175
28.480	-3.295
28.420	-3.395
28.300	-3.475
28.200	-3.455
28.120	-3.515
27.960	-3.535
27.900	-3.535
27.740	-3.575
27.420	-3.655
27.120	-3.695
27.000	-3.755
26.760	-3.815
25.260	-4.295
25.100	-4.375
POLYLINE BLACK
22.500	-5.375
22.520	-5.415
22.440	-5.435
22.320	-5.375
22.260	-5.255
22.240	-5.175
22.220	-5.095
22.220	-5.015
22.260	-4.895
22.460	-4.735
22.580	-4.715
22.680	-4.715
22.720	-4.695
22.960	-4.795
23.020	-4.875
23.060	-5.075
23.040	-5.155
23.040	-5.255
23.000	-5.335
22.780	-5.435
22.620	-5.455
22.540	-5.455
22.460	-5.475
22.360	-5.455
POLYLINE BLACK
22.980	-5.915
23.080	-6.075
23.160	-6.055
23.240	-6.075
23.280	-6.055
23.360	-6.115
23.440	-6.095
23.520	-6.115
23.680	-6.155
23.720	-6.135
23.800	-6.195
23.920	-6.195
24.280	-6.295
24.380	-6.315
24.460	-6.315
24.620	-6.395
24.680	-6.395
24.780	-6.455
24.920	-6.495
25.240	-6.555
25.420	-6.575
25.560	-6.655
25.640	-6.675
25.760	-6.735
25.800	-6.715
25.880	-6.735
25.960	-6.755
26.060	-6.795
26.140	-6.775
26.320	-6.815
26.500	-6.795
26.700	-6.815
26.780	-6.835
26.940	-6.795
27.040	-6.815
27.260	-6.855
27.520	-6.855
27.620	-6.875
27.660	-6.855
27.840	-6.895
27.920	-6.895
28.060	-6.935
28.200	-6.935
28.380	-6.995
28.460	-7.015
28.640	-7.035
28.720	-7.035
28.840	-7.075
29.060	-7.015
29.100	-7.035
29.180	-7.015
29.260	-7.035
29.440	-7.015
29.520	-7.015
29.620	-6.995
29.680	-6.995
29.760	-7.015
POLYLINE BLACK
29.700	-4.955
29.740	-4.995
29.700	-4.975
29.660	-4.995
29.620	-4.975
29.520	-5.035
29.360	-5.035
29.180	-5.075
29.100	-5.135
29.020	-5.155
28.820	-5.215
28.700	-5.215
28.600	-5.235
28.440	-5.255
28.320	-5.255
28.220	-5.295
28.120	-5.295
28.080	-5.335
27.940	-5.335
27.860	-5.375
27.700	-5.375
27.660	-5.395
27.580	-5.395
27.540	-5.435
27.320	-5.495
27.160	-5.495
27.060	-5.475
27.020	-5.475
26.940	-5.415
26.860	-5.415
26.820	-5.435
26.740	-5.395
26.660	-5.415
26.580	-5.375
26.480	-5.395
26.400	-5.375
26.280	-5.375
26.240	-5.355
26.200	-5.375
26.080	-5.335
26.000	-5.335
25.880	-5.295
25.820	-5.295
25.740	-5.275
25.620	-5.275
25.540	-5.255
25.480	-5.275
25.400	-5.255
25.300	-5.235
25.220	-5.215
24.880	-5.215
24.840	-5.175
24.760	-5.175
24.660	-5.135
24.620	-5.155
24.500	-5.075
24.420	-5.075
24.060	-4.875
23.980	-4.855
23.860	-4.815
POLYLINE BLACK
17.380	-4.855
17.600	-4.895
17.780	-4.875
17.960	-4.875
18.000	-4.855
18.120	-4.895
18.240	-4.875
18.320	-4.915
18.420	-4.895
18.620	-4.955
18.720	-5.015
18.880	-5.115
18.960	-5.115
19.040	-5.135
19.160	-5.135
19.300	-5.115
19.380	-5.115
19.560	-5.055
19.640	-5.055
19.800	-4.935
19.840	-4.955
19.920	-4.935
19.940	-4.875
19.980	-4.895
20.040	-4.855
20.380	-4.855
20.420	-4.835
20.580	-4.835
20.660	-4.815
20.720	-4.815
20.800	-4.795
20.880	-4.815
21.060	-4.775
21.140	-4.775
21.220	-4.755
21.340	-4.755
21.380	-4.775
21.480	-4.755
21.600	-4.775
21.880	-4.775
21.920	-4.795
22.000	-4.775
22.040	-4.795
22.060	-4.755
22.140	-4.755
22.220	-4.735
22.260	-4.695
22.300	-4.715
22.360	-4.655
22.400	-4.555
22.460	-4.475
22.460	-4.215
22.300	-3.935
22.260	-3.895
22.260	-3.855
22.200	-3.755
22.160	-3.635
22.040	-3.435
21.940	-3.215
21.840	-3.055
21.820	-2.975
21.720	-2.675
21.620	-2.415
21.620	-2.315
21.600	-2.235
21.600	-2.115
21.640	-2.115
21.940	-2.315
21.980	-2.415
22.120	-2.615
22.340	-3.015
22.460	-3.235
22.640	-3.515
22.780	-3.815
22.800	-3.895
22.980	-4.235
23.140	-4.355
23.240	-4.455
23.340	-4.535
23.380	-4.535
23.500	-4.635
23.580	-4.655
23.680	-4.755
23.760	-4.775
23.800	-4.815
23.920	-4.835
POLYLINE BLACK
17.280	-6.175
17.300	-6.255
17.380	-6.275
17.520	-6.235
17.640	-6.255
17.680	-6.235
17.760	-6.255
18.200	-6.255
18.340	-6.275
18.620	-6.255
18.840	-6.315
18.920	-6.335
19.040	-6.375
19.120	-6.355
19.240	-6.355
19.360	-6.395
19.540	-6.215
19.780	-5.835
19.820	-5.795
19.980	-5.775
20.020	-5.775
20.100	-5.715
20.140	-5.735
20.180	-5.715
20.220	-5.735
20.300	-5.695
20.380	-5.735
20.440	-5.715
20.600	-5.775
20.680	-5.775
20.720	-5.755
20.760	-5.775
20.800	-5.755
20.840	-5.775
20.920	-5.755
21.000	-5.775
21.140	-5.755
21.260	-5.755
21.420	-5.715
21.500	-5.715
21.800	-5.655
21.880	-5.615
21.940	-5.635
22.020	-5.575
22.140	-5.575
22.180	-5.555
22.220	-5.575
22.280	-5.515
22.360	-5.495
22.440	-5.515
22.480	-5.475
22.540	-5.555
22.620	-5.575
22.800	-5.775
22.880	-5.895
22.880	-5.935
23.000	-6.035
23.000	-6.075
23.020	-6.035
23.100	-6.055
23.220	-6.055
23.260	-6.035
POLYLINE BLACK
16.070	-6.255
16.100	-6.315
16.160	-6.285
16.250	-6.375
16.250	-6.705
16.220	-6.825
16.220	-7.035
16.190	-7.155
16.190	-8.235
16.220	-8.535
16.190	-8.655
16.220	-8.925
16.220	-9.375
16.250	-9.495
16.250	-9.705
16.370	-9.885
16.490	-9.855
16.550	-9.915
16.670	-9.885
16.820	-9.855
16.940	-9.885
17.240	-9.825
17.270	-9.495
17.300	-9.225
17.300	-8.565
17.330	-8.445
17.330	-8.145
17.300	-8.025
17.300	-7.875
17.270	-7.725
17.270	-7.275
17.240	-7.125
17.240	-6.525
17.210	-6.465
17.300	-6.225
17.420	-6.195
POLYLINE BLACK
13.520	-5.655
13.550	-5.715
13.670	-5.745
13.910	-5.835
14.000	-5.835
14.120	-5.895
14.180	-5.865
14.420	-5.955
14.480	-5.925
14.660	-5.985
15.050	-5.985
15.170	-6.045
15.290	-6.015
15.470	-6.075
15.650	-6.225
15.710	-6.225
15.770	-6.285
15.800	-6.225
15.980	-6.285
16.040	-6.225
16.100	-6.225
16.160	-6.165
16.220	-6.165
16.250	-6.225
POLYLINE BLACK
13.670	-4.185
13.760	-4.335
13.880	-4.365
14.000	-4.365
14.120	-4.395
14.180	-4.365
14.360	-4.455
14.690	-4.515
14.750	-4.575
14.870	-4.575
15.020	-4.635
15.080	-4.605
15.200	-4.635
15.260	-4.695
15.590	-4.755
15.800	-4.755
15.920	-4.785
16.040	-4.785
16.190	-4.815
16.370	-4.815
16.430	-4.785
16.610	-4.845
16.730	-4.815
16.850	-4.845
16.970	-4.875
17.090	-4.845
17.210	-4.875
17.330	-4.845
17.390	-4.875
POLYLINE BLACK
13.580	-4.275
POLYLINE BLACK
13.790	-4.275
13.790	-4.335
13.670	-4.275
13.580	-4.275
13.340	-4.185
13.220	-4.215
13.160	-4.155
13.100	-4.185
12.980	-4.155
12.770	-4.155
12.590	-4.095
12.470	-4.095
12.350	-4.065
12.230	-4.035
11.960	-3.975
11.900	-3.945
11.810	-3.975
11.750	-3.915
11.480	-3.915
11.210	-3.825
11.150	-3.855
11.030	-3.825
10.910	-3.855
10.700	-3.795
10.490	-3.855
10.190	-3.855
10.130	-3.825
10.010	-3.855
9.890	-3.825
9.770	-3.825
9.650	-3.735
9.590	-3.765
9.440	-3.435
9.410	-3.165
9.410	-2.835
9.320	-2.655
POLYLINE BLACK
13.760	-5.685
13.520	-5.595
13.460	-5.625
13.340	-5.595
13.130	-5.565
13.010	-5.595
12.770	-5.565
12.500	-5.565
12.380	-5.535
12.050	-5.505
11.570	-5.445
11.450	-5.415
11.240	-5.445
11.090	-5.445
10.880	-5.415
10.700	-5.415
10.490	-5.355
10.280	-5.355
10.040	-5.295
9.980	-5.235
9.860	-5.265
9.560	-5.205
9.410	-5.235
9.230	-5.235
9.170	-5.265
POLYLINE BLACK
6.480	-3.235
6.500	-3.275
6.580	-3.295
6.620	-3.275
6.660	-3.295
6.740	-3.275
6.860	-3.295
6.960	-3.355
7.080	-3.415
7.100	-3.475
7.240	-3.535
7.280	-3.575
7.600	-3.575
7.720	-3.655
7.800	-3.635
7.860	-3.635
8.100	-3.795
8.140	-3.835
8.200	-3.835
8.440	-3.975
8.480	-4.015
8.560	-4.035
8.640	-4.055
8.800	-4.095
8.840	-4.075
8.980	-4.235
8.980	-4.415
8.960	-4.495
8.940	-4.695
8.960	-4.795
8.980	-4.975
9.020	-5.055
9.020	-5.155
9.060	-5.195
9.080	-5.275
9.120	-5.355
9.160	-5.375
9.200	-5.355
9.240	-5.395
9.320	-5.375
9.400	-5.395
9.520	-5.375
POLYLINE BLACK
6.460	-2.135
6.500	-2.155
6.540	-2.135
6.640	-2.195
6.900	-2.315
6.940	-2.315
6.980	-2.355
7.060	-2.375
7.140	-2.395
7.220	-2.375
7.300	-2.375
7.480	-2.415
7.620	-2.395
7.740	-2.435
7.960	-2.435
8.040	-2.455
8.140	-2.475
8.220	-2.535
8.360	-2.535
8.460	-2.555
8.680	-2.555
8.760	-2.535
8.940	-2.535
9.040	-2.515
9.120	-2.555
9.260	-2.555
9.340	-2.575
9.420	-2.575
9.480	-2.655
POLYLINE BLACK
6.500	-1.995
6.520	-2.095
6.580	-2.115
6.600	-2.155
6.640	-2.155
6.780	-2.315
6.800	-2.355
6.840	-2.335
POLYLINE BLACK
4.060	-2.295
4.120	-2.355
4.200	-2.395
4.340	-2.395
4.420	-2.375
4.540	-2.415
4.620	-2.435
4.700	-2.415
4.740	-2.455
4.780	-2.455
4.960	-2.615
5.100	-2.695
5.280	-2.735
5.360	-2.715
5.540	-2.755
5.660	-2.875
5.840	-3.135
6.020	-3.315
6.100	-3.315
6.260	-3.275
6.340	-3.255
6.380	-3.275
6.460	-3.215
6.680	-3.195
6.720	-3.175
POLYLINE BLACK
6.500	-1.975
6.480	-2.055
6.480	-2.135
6.460	-2.235
POLYLINE BLACK
3.920	-1.975
4.020	-2.075
4.020	-2.135
4.080	-2.255
POLYLINE BLACK
7.280	-1.815
7.200	-1.815
7.100	-1.795
7.020	-1.795
6.980	-1.775
6.760	-1.835
6.660	-1.855
6.420	-1.935
6.380	-1.975
6.140	-1.975
6.040	-1.995
5.820	-2.015
5.760	-2.015
5.720	-2.035
5.680	-2.015
5.580	-2.055
5.440	-2.035
5.040	-2.075
4.940	-2.075
4.800	-2.055
4.640	-2.055
4.560	-2.035
4.420	-2.035
4.240	-1.995
4.100	-1.995
4.020	-1.975
3.360	-1.975
3.240	-1.935
3.240	-1.935
3.240	-1.795
3.180	-1.615
3.180	-1.535
3.100	-1.175
3.080	-1.075
3.040	-0.895
2.980	-0.695
2.980	-0.535
2.920	-0.255
2.920	0.185
2.940	0.385
2.940	0.485
2.960	0.605
2.940	0.705
2.960	0.765
2.940	0.865
2.960	1.005
2.960	1.285
2.940	1.405
2.940	1.805
2.960	1.945
3.020	2.365
3.020	2.745
3.000	2.785
3.020	2.845
3.000	2.925
3.000	3.185
3.160	3.225
3.380	3.245
3.440	3.245
3.600	3.285
3.780	3.285
3.900	3.325
4.140	3.345
4.280	3.325
4.600	3.325
4.680	3.305
4.740	3.325
4.820	3.305
5.240	3.305
5.360	3.285
5.640	3.285
5.760	3.265
5.860	3.265
5.940	3.245
6.140	3.245
6.260	3.205
6.320	3.205
6.460	3.165
6.540	3.185
6.680	3.125
6.760	3.105
6.960	2.965
7.060	2.845
7.080	2.745
7.100	2.645
7.140	2.425
7.240	1.965
7.340	1.565
7.440	1.165
7.440	1.105
7.560	0.625
7.560	0.525
7.600	0.285
7.600	0.025
7.620	-0.075
7.600	-0.175
7.600	-0.875
7.580	-0.975
7.580	-1.135
7.560	-1.215
7.540	-1.415
7.500	-1.575
7.300	-1.915
7.220	-2.035
7.220	-2.075
