TRIP
DATE 2017-07-08 
DECLINATION     0.00
DATA
21.25	22.0	0.00	0.00	0.000	>
22.0		7.51	1.90	1.324	>
22.0		188.17	-0.13	0.429	>
22.0		300.04	82.68	2.838	>
22.0		40.46	-64.79	1.972	>
22.0	22.1	330.13	-24.52	2.072	>
22.1		182.33	2.20	2.366	>
22.1		176.72	-69.81	1.973	>
22.1		169.57	66.96	4.190	>
22.1	22.2	230.52	-4.75	2.389	>
22.2		354.84	6.14	0.514	>
22.2		289.07	81.96	4.092	>
22.2		295.74	-74.64	3.729	>
22.2		49.25	-73.71	1.972	>
22.2	22.3	272.53	-37.21	3.560	>
22.3		85.42	0.44	2.992	>
22.3		100.12	78.23	4.018	>
22.3		55.16	70.21	6.689	>
22.3		59.02	-70.59	1.607	>
22.3		48.14	3.39	1.809	>
22.3		37.38	-28.39	2.629	>
22.3		131.47	-1.64	2.195	>
22.3		178.13	5.06	0.986	>
22.3	22.4	158.43	4.27	2.376	>
22.4		309.36	-6.47	1.295	>
22.4		311.95	-52.37	2.092	>
22.4		353.50	78.78	9.225	>
22.4	22.5	249.09	-5.27	3.177	>
22.5		25.19	-1.54	0.559	>
22.5		331.94	51.12	0.410	>
22.5		55.02	79.41	2.476	>
22.5		100.54	-8.39	2.049	>
22.5		78.36	-7.41	2.180	>
22.5		259.93	-83.51	1.518	>
22.5	22.6	279.32	-8.78	4.649	>
22.6		24.20	6.72	1.341	>
22.6		210.71	33.63	0.684	>
22.6		350.20	70.17	2.564	>
22.6		15.51	-52.00	1.561	>
22.6	22.7	307.21	-10.04	3.970	>
22.7		43.90	11.33	1.731	>
22.7		317.37	61.15	7.362	>
22.7		218.03	16.59	1.089	>
22.7		40.83	-48.34	0.205	>
22.7	22.8	310.98	-6.94	7.543	>
22.8		215.77	3.54	1.263	>
22.8		192.38	79.33	6.776	>
22.8		181.88	-84.38	1.552	>
22.8		183.87	-82.77	1.529	>
22.8		50.91	7.00	0.665	>
22.8	22.9	266.16	-14.29	5.873	>
22.9		15.91	3.43	1.188	>
22.9		99.34	62.80	5.471	>
22.9		137.84	47.35	4.811	>
22.9		99.91	-11.78	1.264	>
22.9		137.28	-11.08	1.904	>
22.9		354.50	-83.24	1.597	>
22.9	22.11	164.87	-9.92	5.136	>
22.11		271.29	-0.16	0.709	>
22.11		107.88	69.98	8.658	>
22.11		157.72	79.37	3.117	>
22.9	22.10	143.04	17.48	3.690	>
22.10		251.92	-1.34	1.579	>
22.10		63.19	42.97	0.560	>
22.10		107.05	88.05	2.307	>
22.10		259.04	-53.79	4.033	>
22.11	22.12	186.26	-15.34	2.816	>
22.12		92.92	-2.51	0.708	>
22.12		67.09	61.10	9.935	>
22.12		109.13	77.64	1.825	>
22.12		240.49	-79.07	3.308	>
22.12	22.13	148.82	-54.41	2.237	>
22.13		247.06	0.85	0.608	>
22.13		84.05	36.61	0.421	>
22.13		163.52	72.96	0.601	>
22.13		112.90	75.57	2.867	>
22.13		234.78	-59.01	2.708	>
22.13	22.14	181.10	-25.71	3.575	>
22.14		88.24	70.10	3.735	>
22.14		73.84	6.02	0.791	>
22.14		253.76	-75.64	1.961	>
22.14	22.15	165.70	-9.94	4.731	>
22.15		281.91	-0.60	0.674	>
22.15		75.51	68.94	2.880	>
22.15		350.07	75.56	0.652	>
22.15		247.47	-64.25	0.234	>
22.15		245.82	-70.31	2.007	>
22.15	22.16	172.32	-17.80	3.812	>
22.16		61.58	73.48	1.603	>
22.16		266.57	77.99	0.482	>
22.16		260.09	9.10	0.600	>
22.16		239.28	-57.84	1.971	>
22.16		327.52	-23.35	3.063	>
22.16	22.17	182.57	-7.84	2.816	>
22.17		115.60	86.41	0.850	>
22.17		291.66	52.40	0.377	>
22.17		278.31	-6.44	0.445	>
22.17		241.61	-62.19	2.312	>
22.17	22.18	197.12	-2.40	2.914	>
22.18		85.23	-1.02	0.505	>
22.18		56.87	70.37	0.931	>
22.18		73.38	59.56	0.276	>
22.18		331.55	-80.55	1.740	>
22.18		309.90	-79.90	1.769	>
22.18	22.19	159.16	-7.67	1.963	>
22.19		264.07	2.77	0.475	>
22.19		307.29	80.45	0.825	>
22.19		291.80	-72.78	1.564	>
22.19	22.20	231.79	8.36	4.659	>
22.20		158.55	8.01	0.395	>
22.20		342.60	-1.69	3.285	>
22.20		24.21	71.34	4.048	>
22.20		351.62	-49.21	2.751	>
22.20		356.23	-54.92	2.434	>
22.20		48.15	-5.71	3.840	>
22.20		13.94	-7.30	2.502	>
22.20		68.51	-5.85	4.408	>
22.20		55.71	-10.73	2.970	>
22.20		56.62	17.40	2.885	>
22.20		347.85	46.61	5.389	>

PLAN
STATIONS
-217.010	66.286	22.0
-217.949	67.921	22.1
-219.787	66.407	22.2
-222.620	66.532	22.3
-221.749	64.329	22.4
-224.704	63.200	22.5
-229.238	63.944	22.6
-232.351	66.308	22.7
-238.004	71.218	22.8
-243.682	70.837	22.9
-241.566	68.025	22.10
-242.361	65.953	22.11
-242.657	63.253	22.12
-241.983	62.139	22.13
-242.045	58.919	22.14
-240.894	54.403	22.15
-240.409	50.806	22.16
-240.534	48.019	22.17
-241.391	45.237	22.18
-240.699	43.419	22.19
-244.321	40.568	22.20
SHOTS
-240.699	43.419	-244.321	40.568
-244.321	40.568	-244.178	40.204
-244.321	40.568	-245.303	43.701
-244.321	40.568	-243.790	41.749
-244.321	40.568	-244.583	42.346
-244.321	40.568	-244.413	41.964
-244.321	40.568	-241.475	43.117
-244.321	40.568	-243.723	42.977
-244.321	40.568	-240.241	42.174
-244.321	40.568	-241.910	42.212
-244.321	40.568	-242.022	42.083
-244.321	40.568	-245.100	44.187
-241.391	45.237	-240.699	43.419
-240.699	43.419	-241.171	43.370
-240.699	43.419	-240.808	43.502
-240.699	43.419	-241.129	43.591
-240.534	48.019	-241.391	45.237
-241.391	45.237	-240.888	45.279
-241.391	45.237	-241.129	45.408
-241.391	45.237	-241.257	45.277
-241.391	45.237	-241.527	45.488
-241.391	45.237	-241.629	45.436
-240.409	50.806	-240.534	48.019
-240.534	48.019	-240.486	47.996
-240.534	48.019	-240.748	48.104
-240.534	48.019	-240.972	48.083
-240.534	48.019	-241.483	47.506
-240.894	54.403	-240.409	50.806
-240.409	50.806	-240.008	51.023
-240.409	50.806	-240.509	50.800
-240.409	50.806	-240.993	50.704
-240.409	50.806	-241.311	50.270
-240.409	50.806	-241.919	53.178
-242.045	58.919	-240.894	54.403
-240.894	54.403	-241.553	54.542
-240.894	54.403	-239.892	54.662
-240.894	54.403	-240.922	54.563
-240.894	54.403	-240.988	54.364
-240.894	54.403	-241.511	54.126
-241.983	62.139	-242.045	58.919
-242.045	58.919	-240.774	58.958
-242.045	58.919	-241.289	59.138
-242.045	58.919	-242.512	58.783
-242.657	63.253	-241.983	62.139
-241.983	62.139	-242.543	61.902
-241.983	62.139	-241.647	62.174
-241.983	62.139	-241.933	61.970
-241.983	62.139	-241.325	61.861
-241.983	62.139	-243.122	61.335
-242.361	65.953	-242.657	63.253
-242.657	63.253	-241.951	63.217
-242.657	63.253	-238.235	65.122
-242.657	63.253	-242.288	63.125
-242.657	63.253	-243.203	62.944
-243.682	70.837	-241.566	68.025
-241.566	68.025	-243.067	67.535
-241.566	68.025	-241.200	68.210
-241.566	68.025	-241.491	68.002
-241.566	68.025	-243.905	67.572
-243.682	70.837	-242.361	65.953
-242.361	65.953	-243.070	65.969
-242.361	65.953	-239.540	65.043
-242.361	65.953	-242.143	65.421
-238.004	71.218	-243.682	70.837
-243.682	70.837	-243.357	71.977
-243.682	70.837	-241.214	70.431
-243.682	70.837	-241.494	68.421
-243.682	70.837	-242.463	70.624
-243.682	70.837	-242.414	69.464
-243.682	70.837	-243.700	71.024
-232.351	66.308	-238.004	71.218
-238.004	71.218	-238.741	70.195
-238.004	71.218	-238.273	69.992
-238.004	71.218	-238.009	71.066
-238.004	71.218	-238.017	71.026
-238.004	71.218	-237.492	71.634
-229.238	63.944	-232.351	66.308
-232.351	66.308	-231.174	67.531
-232.351	66.308	-234.757	68.922
-232.351	66.308	-232.994	65.486
-232.351	66.308	-232.262	66.411
-224.704	63.200	-229.238	63.944
-229.238	63.944	-228.692	65.159
-229.238	63.944	-229.529	63.454
-229.238	63.944	-229.386	64.801
-229.238	63.944	-228.981	64.870
-221.749	64.329	-224.704	63.200
-224.704	63.200	-224.466	63.706
-224.704	63.200	-224.825	63.427
-224.704	63.200	-224.331	63.461
-224.704	63.200	-222.711	62.829
-224.704	63.200	-222.587	63.636
-224.704	63.200	-224.873	63.170
-222.620	66.532	-221.749	64.329
-221.749	64.329	-222.744	65.145
-221.749	64.329	-222.699	65.183
-221.749	64.329	-221.952	66.112
-219.787	66.407	-222.620	66.532
-222.620	66.532	-219.638	66.771
-222.620	66.532	-221.813	66.388
-222.620	66.532	-220.761	67.826
-222.620	66.532	-222.162	66.807
-222.620	66.532	-221.275	67.737
-222.620	66.532	-221.216	68.370
-222.620	66.532	-220.976	65.079
-222.620	66.532	-222.588	65.550
-217.949	67.921	-219.787	66.407
-219.787	66.407	-219.833	66.916
-219.787	66.407	-220.328	66.594
-219.787	66.407	-220.677	66.836
-219.787	66.407	-219.368	66.768
-217.010	66.286	-217.949	67.921
-217.949	67.921	-218.045	65.559
-217.949	67.921	-217.910	67.241
-217.949	67.921	-217.652	66.308
-217.010	66.286	-217.010	66.286
-217.010	66.286	-216.837	67.598
-217.010	66.286	-217.071	65.861
-217.010	66.286	-217.323	66.467
-217.010	66.286	-216.465	66.925
POLYLINE GREEN
-241.907	42.869
-241.847	42.989
-241.757	43.064
-241.652	43.109
-241.562	43.109
POLYLINE GREEN
-241.577	43.094
-241.667	43.094
-241.817	43.004
-241.847	42.944
-241.847	42.914
-241.862	42.854
-241.862	42.764
-241.877	42.704
-241.877	42.614
-241.892	42.569
-241.967	42.479
-242.012	42.419
-242.012	42.179
-242.057	42.074
-242.132	41.984
-242.147	41.924
-242.147	41.819
-242.162	41.789
-242.192	41.774
-242.252	41.684
-242.282	41.669
-242.357	41.519
-242.372	41.444
-242.387	41.414
-242.447	41.369
-242.492	41.279
-242.477	41.219
-242.507	41.174
-242.537	41.159
-242.582	41.099
-242.582	41.069
-242.552	41.009
-242.552	40.979
-242.522	40.889
-242.432	40.814
-242.372	40.814
-242.342	40.784
-242.267	40.769
POLYLINE BLACK
-240.302	42.284
-240.242	42.119
-240.242	42.089
-240.227	42.059
-240.227	41.714
-240.242	41.654
-240.242	41.594
-240.257	41.564
-240.257	41.519
-240.287	41.489
-240.287	41.459
-240.332	41.354
-240.452	41.279
-240.482	41.279
-240.512	41.249
-240.542	41.249
-240.572	41.219
-240.647	41.189
-240.677	41.204
-240.857	41.144
-240.887	41.144
-240.917	41.129
-240.992	41.129
-241.052	41.114
-241.082	41.114
-241.142	41.084
-241.202	41.084
-241.322	41.009
-241.502	40.964
-241.562	40.964
-241.667	40.919
-241.697	40.919
-241.787	40.859
-241.847	40.874
-241.877	40.859
-241.952	40.859
-241.982	40.844
-242.012	40.859
-242.102	40.814
-242.177	40.829
-242.237	40.829
-242.297	40.814
-242.327	40.814
-242.387	40.784
-242.417	40.784
-242.477	40.754
-242.537	40.754
-242.567	40.769
-242.642	40.754
-242.747	40.739
-242.807	40.769
-242.837	40.769
-242.897	40.739
-242.987	40.739
-243.047	40.724
-243.092	40.724
-243.302	40.649
-243.362	40.604
-243.422	40.604
-243.497	40.589
-243.617	40.589
-243.677	40.574
-243.752	40.574
-243.842	40.514
-243.857	40.484
-243.917	40.454
-243.947	40.454
-244.007	40.424
-244.022	40.394
-244.052	40.394
-244.082	40.379
-244.112	40.394
-244.202	40.349
-244.217	40.319
POLYLINE BLACK
-240.632	43.484
-240.617	43.454
-240.632	43.424
-240.617	43.364
-240.617	43.334
-240.587	43.244
-240.587	43.169
-240.557	43.064
-240.527	43.034
-240.527	43.004
-240.437	42.869
-240.437	42.839
-240.392	42.689
-240.392	42.524
-240.317	42.434
-240.287	42.374
-240.287	42.344
POLYLINE BLACK
-243.617	43.019
-243.557	43.049
-243.512	43.049
-243.452	43.064
-243.272	43.064
-243.182	43.034
-243.152	43.049
-243.122	43.019
-243.092	43.019
-243.062	43.004
-243.002	43.034
-242.897	43.034
-242.777	43.079
-242.492	43.079
-242.462	43.064
-242.432	43.079
-242.402	43.064
-242.342	43.079
-242.237	43.049
-242.072	43.049
-242.042	43.034
-242.012	43.049
-241.982	43.034
-241.952	43.064
-241.892	43.064
-241.847	43.079
-241.817	43.109
-241.787	43.109
-241.727	43.094
-241.697	43.094
-241.667	43.109
-241.577	43.079
-241.517	43.094
-241.487	43.124
-241.487	43.094
-241.367	43.244
-241.277	43.304
-241.247	43.364
-241.247	43.394
-241.262	43.454
-241.262	43.679
POLYLINE BLACK
-241.232	43.409
-241.172	43.544
-241.172	43.784
-241.187	43.844
-241.202	43.949
-241.232	43.979
-241.247	44.054
-241.292	44.144
-241.292	44.204
-241.307	44.234
-241.307	44.279
-241.337	44.399
-241.337	44.429
-241.352	44.459
-241.352	44.534
-241.382	44.594
-241.412	44.759
-241.412	44.954
-241.427	45.014
-241.427	45.044
-241.457	45.104
-241.457	45.134
-241.472	45.164
-241.472	45.239
-241.487	45.299
-241.487	45.359
POLYLINE BLACK
-240.887	45.374
-240.872	45.344
-240.887	45.314
-240.872	45.254
-240.887	45.194
-240.887	45.029
-240.797	44.834
-240.797	44.804
-240.767	44.744
-240.767	44.699
-240.722	44.594
-240.722	44.564
-240.677	44.399
-240.677	44.339
-240.647	44.279
-240.647	43.994
-240.617	43.889
-240.587	43.859
-240.572	43.724
-240.572	43.664
-240.587	43.634
-240.572	43.574
-240.572	43.409
-240.632	43.319
POLYLINE BLACK
-240.407	48.014
-240.407	47.984
-240.437	47.879
-240.452	47.669
-240.467	47.639
-240.467	47.594
-240.482	47.534
-240.482	47.444
-240.497	47.384
-240.497	47.354
-240.512	47.294
-240.512	47.204
-240.617	46.979
-240.617	46.949
-240.632	46.889
-240.632	46.829
-240.647	46.769
-240.647	46.709
-240.662	46.634
-240.662	46.604
-240.677	46.544
-240.677	46.184
-240.707	46.124
-240.707	46.094
-240.737	46.034
-240.752	45.959
-240.812	45.824
-240.812	45.734
-240.827	45.674
-240.827	45.599
-240.857	45.569
-240.872	45.449
-240.902	45.359
-240.887	45.299
-240.887	45.239
-240.902	45.164
POLYLINE BLACK
-241.187	46.904
-241.187	46.844
-241.202	46.814
-241.202	46.769
-241.232	46.709
-241.232	46.679
-241.262	46.619
-241.262	46.589
-241.277	46.559
-241.277	46.514
-241.322	46.364
-241.322	46.274
POLYLINE BLACK
-241.307	46.304
-241.322	46.244
-241.322	46.184
-241.367	46.064
-241.367	45.989
-241.382	45.929
-241.382	45.899
-241.397	45.839
-241.397	45.704
-241.382	45.674
-241.412	45.584
-241.412	45.509
-241.427	45.449
-241.427	45.299
-241.442	45.239
-241.442	45.179
POLYLINE BLACK
-241.247	46.664
-241.247	46.529
-241.277	46.439
POLYLINE BLACK
-240.992	48.104
-240.992	47.999
-241.007	47.939
-241.007	47.849
-241.067	47.579
-241.067	47.549
-241.097	47.489
-241.097	47.384
-241.127	47.219
-241.127	47.174
-241.142	47.114
-241.142	47.084
-241.157	47.054
-241.157	47.009
-241.202	46.844
POLYLINE BLACK
-240.092	50.804
-240.077	50.549
-240.077	50.264
-240.092	50.234
-240.092	50.129
-240.107	50.099
-240.107	49.964
-240.122	49.889
-240.122	49.799
-240.137	49.739
-240.137	49.709
-240.152	49.679
-240.152	49.634
-240.182	49.574
-240.182	49.514
-240.212	49.454
-240.212	49.424
-240.272	49.289
-240.272	49.259
-240.317	49.199
-240.317	49.169
-240.347	49.049
-240.302	48.869
-240.302	48.764
-240.317	48.704
-240.317	48.584
-240.332	48.509
-240.332	48.479
-240.362	48.374
-240.362	48.314
-240.422	48.149
-240.407	47.954
POLYLINE BLACK
-240.992	50.489
-240.992	50.414
-240.977	50.354
-240.977	50.279
-240.932	50.099
-240.917	49.964
-240.917	49.919
-240.902	49.859
-240.902	49.784
-240.917	49.724
-240.917	49.559
-240.902	49.499
-240.872	49.334
-240.872	49.079
-240.887	49.019
-240.887	48.989
-240.872	48.959
-240.872	48.824
-240.857	48.764
-240.857	48.689
-240.872	48.629
-240.872	48.539
-240.887	48.479
-240.887	48.449
-240.902	48.389
-240.902	48.344
-240.917	48.284
-240.947	48.104
-240.932	48.044
POLYLINE BLACK
-240.257	54.479
-240.257	54.344
-240.197	54.194
-240.197	54.104
-240.167	53.984
-240.167	53.714
-240.152	53.654
-240.152	53.594
-240.167	53.534
-240.167	53.429
-240.182	53.399
-240.182	53.174
-240.197	53.144
-240.197	53.039
-240.212	53.009
-240.212	52.904
-240.227	52.844
-240.227	52.274
-240.212	52.244
-240.212	52.199
-240.197	52.139
-240.197	52.094
-240.152	52.004
-240.137	51.869
-240.137	51.809
-240.152	51.749
-240.152	51.584
-240.137	51.524
-240.137	51.494
-240.077	51.359
-240.077	51.329
-240.062	51.269
-240.062	51.194
-240.077	51.134
-240.077	51.104
-240.092	51.074
-240.077	51.014
-240.077	50.984
-240.062	50.954
-240.062	50.789
-240.047	50.729
POLYLINE BLACK
-241.487	54.494
-241.487	54.359
-241.502	54.269
-241.502	53.684
-241.517	53.624
-241.517	53.594
-241.547	53.564
-241.547	53.459
-241.562	53.399
-241.562	53.309
-241.592	53.249
-241.592	53.219
-241.652	53.159
-241.682	53.054
-241.697	52.964
-241.682	52.814
-241.682	52.709
-241.652	52.649
-241.652	52.619
-241.607	52.469
-241.547	52.274
-241.487	52.124
-241.472	52.049
-241.412	51.884
-241.382	51.734
-241.352	51.629
-241.262	51.509
-241.142	51.269
-241.082	51.104
-241.082	51.074
-241.037	50.954
-241.037	50.909
-240.977	50.789
-240.977	50.759
-240.962	50.699
-240.962	50.654
-240.947	50.624
-240.962	50.564
-240.962	50.534
-240.977	50.474
-240.977	50.444
POLYLINE BLACK
-241.307	59.144
-241.277	59.084
-241.202	58.709
-241.202	58.619
-241.187	58.574
-241.172	58.439
-241.112	58.139
-241.097	58.079
-241.097	58.034
-241.067	57.929
-241.067	57.809
-240.977	57.464
-240.977	57.434
-240.932	57.329
-240.932	57.224
-240.917	57.164
-240.917	57.014
-240.902	56.984
-240.902	56.939
-240.872	56.879
-240.857	56.804
-240.827	56.744
-240.827	56.714
-240.797	56.684
-240.692	56.474
-240.692	56.444
-240.662	56.384
-240.647	56.249
-240.647	56.114
-240.662	56.054
-240.662	55.919
-240.602	55.739
-240.602	55.709
-240.587	55.649
-240.587	55.529
-240.572	55.499
-240.572	55.454
-240.482	55.229
-240.287	54.914
-240.257	54.794
-240.257	54.764
-240.242	54.734
-240.242	54.689
-240.227	54.629
-240.227	54.569
-240.242	54.509
-240.227	54.374
POLYLINE BLACK
-242.192	58.949
-242.162	58.784
-242.162	58.739
-242.147	58.709
-242.147	58.559
-242.132	58.529
-242.132	58.424
-242.117	58.364
-242.102	58.229
-242.057	58.094
-242.042	58.019
-241.967	57.734
-241.967	57.674
-241.952	57.644
-241.952	57.599
-241.922	57.509
-241.922	57.434
-241.907	57.374
-241.907	57.164
-241.922	57.104
-241.922	57.029
-241.937	56.999
-241.937	56.924
-241.952	56.894
-241.952	56.729
-241.907	56.564
-241.787	56.309
-241.772	56.174
-241.772	55.994
-241.757	55.904
-241.757	55.724
-241.727	55.529
-241.727	55.469
-241.697	55.394
-241.697	55.349
-241.667	55.289
-241.667	55.259
-241.652	55.199
-241.652	55.169
-241.592	54.974
-241.532	54.839
-241.532	54.809
-241.502	54.749
-241.502	54.719
-241.487	54.659
-241.487	54.554
-241.472	54.479
-241.472	54.449
-241.457	54.419
-241.457	54.374
-241.442	54.344
-241.457	54.284
POLYLINE BLUE
-241.872	60.559
-241.802	60.729
POLYLINE BLUE
-242.112	61.849
-242.112	61.759
-242.042	61.639
-241.972	61.569
-241.962	61.479
-242.012	61.269
-242.002	61.229
-241.832	61.089
-241.812	61.029
-241.902	60.859
-241.952	60.779
-241.952	60.749
-241.962	60.729
-241.922	60.639
-241.892	60.589
-241.862	60.529
-241.862	60.509
-241.892	60.539
-242.012	60.659
-242.042	60.699
-242.052	60.739
-242.012	60.709
-241.882	60.489
-241.832	60.549
-241.832	60.579
-241.802	60.629
POLYLINE BLACK
-242.532	61.939
-242.472	61.729
-242.392	61.549
-242.392	61.529
-242.282	61.249
-242.262	61.029
-242.262	60.869
-242.252	60.829
-242.242	60.699
-242.262	60.589
-242.262	60.519
-242.272	60.479
-242.292	60.359
-242.292	60.289
-242.302	60.249
-242.302	60.159
-242.312	60.119
-242.312	60.079
-242.332	60.019
-242.332	59.989
-242.342	59.949
-242.342	59.889
-242.332	59.839
-242.322	59.799
-242.292	59.719
-242.292	59.649
-242.282	59.609
-242.222	59.509
-242.222	59.479
-242.202	59.419
-242.182	59.339
-242.172	59.299
-242.172	59.259
-242.202	59.139
-242.192	59.099
-242.162	58.989
-242.152	58.949
-242.102	58.779
-242.102	58.759
POLYLINE BLACK
-241.622	62.029
-241.602	61.999
-241.552	61.719
-241.542	61.539
-241.512	61.209
-241.502	61.139
-241.472	60.989
-241.472	60.799
-241.502	60.659
-241.512	60.549
-241.512	60.359
-241.502	60.289
-241.502	60.239
-241.492	60.189
-241.462	60.019
-241.432	59.929
-241.432	59.899
-241.422	59.859
-241.372	59.649
-241.352	59.609
-241.352	59.579
-241.322	59.499
-241.312	59.459
-241.292	59.369
-241.292	59.119
POLYLINE BLACK
-243.062	63.119
-243.062	63.029
-243.042	62.939
-243.022	62.859
-243.002	62.809
-242.982	62.789
-242.972	62.739
-242.872	62.519
-242.862	62.479
-242.782	62.359
-242.752	62.309
-242.702	62.209
-242.652	62.149
-242.572	61.989
-242.572	61.969
-242.532	61.909
-242.512	61.859
POLYLINE BLACK
-242.092	63.469
-242.012	63.299
-241.992	63.279
-241.982	63.229
-241.912	63.049
-241.872	62.859
-241.872	62.789
-241.842	62.719
-241.782	62.619
-241.762	62.579
-241.762	62.549
-241.722	62.399
-241.692	62.279
-241.662	62.219
-241.642	62.129
-241.632	62.089
POLYLINE BLACK
-242.877	64.399
-242.772	64.099
-242.742	64.039
-242.727	63.964
-242.697	63.904
-242.697	63.844
-242.652	63.724
-242.652	63.754
-242.607	63.889
-242.607	64.009
-242.592	64.099
-242.592	64.204
-242.577	64.234
-242.577	64.339
-242.562	64.399
-242.562	64.459
-242.592	64.444
-242.652	64.459
-242.772	64.429
-242.802	64.429
-242.832	64.414
POLYLINE BLACK
-243.192	66.724
-243.177	66.649
-243.147	66.544
-243.087	66.424
-243.087	66.394
-243.012	66.229
-242.922	66.109
-242.907	66.079
-242.907	66.664
-242.892	66.724
-242.892	66.769
-242.922	66.784
-242.982	66.754
-243.012	66.769
-243.042	66.754
-243.072	66.769
-243.102	66.754
-243.177	66.754
POLYLINE BLUE
-243.222	69.034
-243.237	68.899
-243.297	68.704
-243.327	68.644
-243.327	68.614
-243.342	68.554
-243.327	68.494
-243.222	68.374
-243.207	68.269
-243.327	68.089
-243.357	67.954
-243.357	67.924
-243.342	67.894
-243.222	67.819
-243.177	67.759
-243.177	67.729
-243.267	67.534
-243.267	67.504
-243.252	67.444
-243.177	67.354
-243.132	67.189
-243.162	67.189
-243.282	67.249
-243.357	67.339
-243.357	67.339
-243.207	67.189
-243.177	67.189
-243.117	67.204
-243.027	67.339
-242.982	67.444
-242.982	67.474
-242.967	67.504
POLYLINE BLACK
-242.382	66.019
-242.367	65.959
-242.367	65.899
-242.292	65.584
-242.277	65.524
-242.277	65.344
-242.292	65.284
-242.292	65.209
-242.307	65.149
-242.307	64.984
-242.292	64.924
-242.292	64.864
-242.277	64.834
-242.292	64.759
-242.292	64.669
-242.247	64.504
-242.247	64.459
-242.217	64.339
-242.217	64.309
-242.202	64.249
-242.202	64.054
-242.142	63.934
-242.142	63.889
-242.112	63.799
-242.112	63.754
-242.097	63.694
-242.097	63.409
-242.067	63.349
-242.067	63.319
-242.052	63.259
-242.052	63.094
-242.022	63.049
POLYLINE BLACK
-243.147	65.944
-243.132	65.914
-243.132	65.809
-243.102	65.644
-243.087	65.464
-243.057	65.344
-243.057	65.269
-243.042	65.239
-243.042	65.074
-243.027	64.879
-243.027	64.699
-242.997	64.459
-242.982	64.294
-242.982	63.904
-242.997	63.769
-242.997	63.724
-243.012	63.664
-243.012	63.604
-243.027	63.574
-243.027	63.409
-243.042	63.349
-243.042	63.064
-243.057	63.034
POLYLINE BLACK
-242.727	68.659
-242.727	68.509
-242.757	68.329
-242.772	68.269
-242.772	68.194
-242.742	68.089
-242.667	67.819
-242.667	67.789
-242.652	67.729
-242.622	67.564
-242.592	67.444
-242.592	67.339
-242.577	67.279
-242.592	67.219
-242.592	67.114
-242.577	67.084
-242.577	67.039
-242.532	66.949
-242.532	66.874
-242.517	66.814
-242.517	66.754
-242.502	66.679
-242.502	66.619
-242.517	66.559
-242.517	66.469
-242.472	66.334
-242.472	66.289
-242.442	66.229
-242.442	66.199
-242.427	66.139
-242.427	66.079
-242.442	66.019
-242.442	65.974
POLYLINE BLACK
-242.532	69.574
-242.517	69.544
-242.517	69.439
-242.502	69.304
-242.502	69.139
-242.517	69.109
-242.517	69.049
-242.547	68.944
-242.577	68.914
-242.577	68.884
-242.637	68.749
-242.667	68.749
-242.682	68.689
-242.667	68.629
-242.667	68.464
-242.682	68.434
POLYLINE BLACK
-243.057	65.704
-243.042	65.764
-243.102	65.974
-243.102	66.019
-243.192	66.199
-243.282	66.304
-243.312	66.364
-243.342	66.379
-243.417	66.544
-243.447	66.574
-243.447	66.619
-243.537	66.829
-243.537	66.859
-243.627	66.994
-243.777	67.324
-243.777	67.354
-243.807	67.489
-243.837	67.684
-243.837	67.714
-243.852	67.744
-243.852	67.789
-243.837	67.849
-243.852	67.909
-243.837	67.984
-243.837	68.179
-243.792	68.404
-243.777	68.554
-243.777	68.734
-243.762	68.794
-243.777	68.869
-243.777	69.004
-243.762	69.064
-243.777	69.094
-243.777	69.229
-243.762	69.304
-243.762	69.349
-243.747	69.409
-243.747	69.634
-243.732	69.664
-243.732	69.769
-243.717	69.799
-243.702	69.919
-243.717	69.949
-243.687	70.039
-243.687	70.174
-243.672	70.294
-243.672	70.369
-243.702	70.504
-243.717	70.654
-243.717	70.819
-243.747	70.909
POLYLINE BLACK
-241.752	69.469
-241.782	69.469
-241.812	69.409
-241.812	69.229
-241.797	69.169
-241.722	69.049
-241.527	68.719
-241.512	68.674
-241.452	68.584
-241.422	68.569
-241.317	68.419
-241.197	68.314
-241.182	68.254
POLYLINE BLACK
-242.472	69.439
-242.367	69.214
-242.352	69.139
-242.292	69.019
-242.292	68.989
-242.097	68.629
-241.962	68.449
-241.842	68.224
-241.842	68.194
-241.767	68.044
-241.767	68.014
-241.722	67.924
-241.722	67.879
POLYLINE BLACK
-243.462	72.049
-243.447	72.019
-243.492	71.944
-243.552	71.899
-243.612	71.794
-243.612	71.734
-243.642	71.674
-243.642	71.569
-243.657	71.509
-243.672	71.419
-243.687	71.359
-243.687	71.254
-243.702	71.194
-243.702	71.104
-243.717	71.044
-243.717	70.699
-243.747	70.609
POLYLINE BLACK
-241.827	69.514
-241.902	69.514
-241.962	69.484
-241.992	69.484
-242.052	69.499
-242.112	69.484
-242.142	69.499
-242.232	69.469
-242.397	69.469
-242.442	69.394
POLYLINE BLUE
-241.302	71.194
-241.437	71.119
-241.827	70.924
POLYLINE BLUE
-241.077	71.014
-241.122	71.014
-241.497	70.804
-242.082	70.504
POLYLINE BLUE
-241.002	70.729
-241.152	70.669
-241.602	70.429
-242.037	70.264
POLYLINE BLUE
-241.077	70.354
-241.107	70.354
-241.287	70.264
-241.422	70.219
-241.752	70.039
-241.887	69.949
-242.052	69.889
POLYLINE BLUE
-241.272	69.934
-241.347	69.904
-241.377	69.874
-241.827	69.724
-241.857	69.724
-241.887	69.709
POLYLINE BLUE
-242.172	70.144
-242.172	70.294
-242.157	70.354
-242.157	70.474
-242.052	70.684
-241.917	70.849
-241.872	70.879
-241.722	71.059
-241.602	71.134
-241.542	71.194
-241.512	71.194
-241.377	71.224
-241.317	71.224
-241.182	71.164
POLYLINE BLUE
-241.167	71.194
-241.137	71.194
-241.107	71.209
-241.017	71.134
-241.002	71.104
-240.957	71.074
-240.852	70.879
-240.867	70.744
-240.927	70.534
-241.047	70.279
-241.047	70.249
-241.077	70.189
-241.077	70.144
-241.122	70.039
-241.122	70.009
-241.242	69.754
-241.272	69.724
POLYLINE ORANGE
-238.272	69.679
-238.407	69.529
POLYLINE ORANGE
-238.602	69.979
-238.707	69.814
POLYLINE ORANGE
-238.977	70.369
-239.007	70.369
-239.067	70.354
POLYLINE ORANGE
-239.232	71.029
-239.292	70.999
-239.322	70.999
POLYLINE ORANGE
-239.082	70.864
-239.112	70.894
-239.112	70.924
-239.142	70.969
-239.142	70.999
-239.157	71.059
-239.157	71.089
POLYLINE ORANGE
-239.232	71.509
-239.262	71.494
-239.292	71.509
POLYLINE ORANGE
-238.902	71.974
-238.962	72.019
-239.022	72.109
POLYLINE ORANGE
-238.497	72.334
-238.572	72.454
POLYLINE ORANGE
-238.092	72.574
-238.092	72.634
-238.107	72.709
-238.107	72.739
POLYLINE ORANGE
-237.597	72.604
-237.552	72.694
-237.552	72.724
POLYLINE ORANGE
-237.042	72.334
-237.042	72.334
-237.012	72.349
-236.952	72.454
POLYLINE ORANGE
-236.547	71.959
-236.517	71.974
-236.442	72.064
-236.412	72.079
POLYLINE ORANGE
-236.112	71.494
-236.052	71.554
-236.022	71.554
-235.992	71.584
POLYLINE ORANGE
-237.447	72.439
-237.597	72.484
-237.687	72.484
POLYLINE ORANGE
-236.277	71.524
-236.187	71.389
-236.082	71.329
POLYLINE ORANGE
-236.682	71.974
-236.622	71.899
-236.562	71.869
-236.517	71.794
-236.472	71.764
POLYLINE ORANGE
-237.177	72.334
-237.117	72.244
-237.072	72.229
-236.922	72.109
POLYLINE ORANGE
-237.612	72.469
-237.582	72.469
-237.522	72.484
-237.477	72.469
POLYLINE ORANGE
-238.122	72.424
-238.092	72.439
-238.062	72.424
-237.942	72.454
-237.912	72.439
POLYLINE ORANGE
-238.542	72.199
-238.377	72.274
-238.347	72.304
POLYLINE ORANGE
-238.872	71.884
-238.842	71.899
-238.722	72.079
POLYLINE ORANGE
-239.157	71.389
-239.082	71.479
-239.067	71.524
POLYLINE ORANGE
-239.142	71.014
-239.142	71.074
POLYLINE ORANGE
-238.887	70.324
-238.947	70.474
-238.977	70.504
POLYLINE ORANGE
-238.542	69.919
-238.617	70.024
POLYLINE ORANGE
-238.092	69.589
-238.197	69.679
-238.272	69.784
-238.302	69.814
POLYLINE BLACK
-236.667	70.819
-236.727	70.864
-236.727	70.894
-236.742	70.924
-236.727	70.969
-236.682	70.954
-236.622	70.984
-236.532	70.984
-236.502	70.924
-236.502	70.879
-236.517	70.849
-236.637	70.774
-236.667	70.774
-236.697	70.789
POLYLINE BLACK
-236.067	70.474
-236.097	70.444
-236.127	70.444
-236.157	70.459
-236.187	70.534
-236.142	70.594
-236.082	70.609
-236.022	70.564
-236.007	70.534
-236.052	70.474
POLYLINE BLACK
-235.692	69.739
-235.782	69.769
-235.812	69.799
-235.812	69.919
-235.782	69.949
-235.737	69.964
-235.707	69.949
-235.677	69.964
-235.617	69.904
-235.617	69.859
-235.632	69.829
-235.722	69.769
POLYLINE BLACK
-236.412	69.319
-236.532	69.424
-236.547	69.454
-236.547	69.499
-236.517	69.559
-236.412	69.574
-236.352	69.514
-236.352	69.484
-236.367	69.454
-236.397	69.439
POLYLINE BLACK
-236.862	70.354
-236.922	70.354
-236.982	70.399
-236.982	70.429
-236.922	70.519
-236.892	70.549
-236.832	70.549
-236.772	70.519
-236.742	70.459
-236.787	70.384
-236.922	70.324
POLYLINE BLACK
-237.072	69.199
-237.132	69.229
-237.162	69.289
-237.162	69.319
-237.132	69.379
-237.042	69.379
-237.012	69.394
-236.982	69.379
-236.967	69.319
-236.967	69.289
-237.027	69.244
-237.072	69.244
POLYLINE BLACK
-237.732	69.889
-237.747	69.919
-237.777	69.919
-237.792	69.994
-237.792	70.024
-237.732	70.084
-237.702	70.084
-237.642	70.069
-237.612	70.069
-237.567	69.979
-237.612	69.949
-237.642	69.949
-237.747	69.919
POLYLINE BLACK
-238.272	71.104
-238.287	71.074
-238.647	70.909
-238.662	70.879
-238.722	70.849
-238.767	70.909
-238.887	71.239
-239.022	71.359
-239.037	71.389
-239.007	71.374
-238.947	71.389
-238.827	71.389
-238.782	71.404
-238.632	71.404
-238.602	71.419
-238.392	71.434
POLYLINE BLACK
-237.447	70.684
-237.507	70.669
-237.537	70.639
-237.612	70.609
-237.732	70.519
-237.777	70.579
-237.837	70.684
-237.957	70.834
-237.987	70.864
-238.002	70.909
-238.257	71.194
-238.287	71.269
-238.452	71.509
-238.467	71.539
-238.437	71.539
-238.197	71.689
-238.167	71.689
-238.107	71.734
-238.077	71.734
-237.762	71.269
-237.642	71.119
-237.552	70.999
-237.537	70.954
-237.462	70.864
-237.447	70.834
-237.537	70.759
POLYLINE BLACK
-237.357	71.584
-237.447	71.644
-237.522	71.659
-237.612	71.659
-237.642	71.689
-237.672	71.689
-237.717	71.719
-237.747	71.719
-237.777	71.734
POLYLINE BLACK
-237.507	71.644
-237.732	71.749
-237.762	71.734
-237.942	71.854
-237.972	71.854
-238.122	71.959
-238.272	71.959
-238.332	71.944
-238.392	71.974
-238.527	71.944
-238.557	71.959
-238.632	71.959
-238.782	71.899
-238.812	71.899
-238.887	71.854
-238.902	71.824
-238.992	71.779
-239.127	71.749
-239.217	71.704
-239.277	71.704
-239.307	71.674
-239.337	71.674
-239.427	71.614
-239.487	71.614
-239.532	71.599
-239.622	71.524
-239.652	71.524
POLYLINE BLACK
-243.462	71.944
-243.402	71.959
-243.342	71.944
-243.312	71.944
-243.282	71.914
-243.252	71.929
-243.057	71.854
-243.027	71.854
-242.757	71.704
-242.742	71.659
-242.667	71.539
-242.622	71.509
-242.592	71.434
-242.412	71.284
-242.397	71.239
-242.367	71.239
-242.292	71.119
-242.262	71.119
-242.202	71.104
-242.172	71.104
-242.112	71.089
-242.022	71.089
-241.872	71.149
-241.842	71.149
-241.812	71.134
-241.752	71.164
-241.722	71.164
-241.572	71.209
-241.542	71.209
-241.422	71.239
-241.347	71.254
-241.287	71.284
-241.257	71.284
-241.227	71.314
-241.197	71.314
-241.167	71.344
-241.137	71.344
-241.077	71.374
-240.942	71.374
-240.912	71.389
-240.852	71.374
-240.792	71.389
-240.732	71.389
-240.702	71.404
-240.642	71.389
-240.582	71.389
-240.552	71.404
-240.447	71.374
-240.417	71.374
-240.357	71.359
-240.297	71.359
-240.237	71.329
-240.012	71.329
-239.952	71.374
-239.922	71.359
-239.772	71.419
-239.712	71.464
-239.682	71.464
-239.622	71.509
-239.547	71.539
-239.487	71.584
POLYLINE BLACK
-241.077	69.769
-241.137	69.814
-241.197	69.784
-241.242	69.709
-241.332	69.649
-241.362	69.604
-241.452	69.544
-241.482	69.514
-241.512	69.514
-241.572	69.484
-241.692	69.484
-241.722	69.454
-241.752	69.484
-241.782	69.454
-241.902	69.544
-241.992	69.679
-241.992	69.709
-242.037	69.799
-242.037	69.829
-242.142	70.054
-242.172	70.084
POLYLINE BLACK
-238.782	70.264
-238.962	70.309
-239.037	70.279
-239.097	70.234
-239.127	70.234
-239.247	70.159
-239.337	70.114
-239.367	70.114
-239.427	70.084
-239.517	70.084
-239.667	70.024
-239.757	69.979
-239.787	69.979
-239.847	69.949
-239.877	69.949
-239.907	69.919
-239.997	69.949
-240.027	69.934
-240.057	69.964
-240.102	69.964
-240.132	69.994
-240.162	69.979
-240.192	69.994
-240.282	69.964
-240.342	69.964
-240.402	69.949
-240.462	69.949
-240.522	69.964
-240.612	69.964
-240.717	69.919
-240.747	69.919
-240.807	69.874
-240.837	69.874
-240.927	69.829
-240.987	69.829
-241.047	69.784
-241.107	69.784
-241.137	69.769
-241.152	69.739
POLYLINE BLACK
-242.442	69.324
-242.432	69.364
-242.452	69.504
-242.482	69.584
-242.482	69.614
-242.502	69.674
-242.502	69.704
-242.512	69.744
-242.532	69.854
-242.532	69.904
-242.542	69.944
-242.542	69.984
-242.552	70.034
-242.552	70.154
-242.562	70.194
-242.562	70.494
-242.552	70.534
-242.552	70.574
-242.522	70.654
-242.502	70.674
-242.402	70.694
-242.292	70.584
-242.292	70.584
-242.292	70.584
-242.262	70.474
-242.192	70.364
-242.182	70.324
-242.172	70.284
-242.162	70.244
-242.132	70.144
-242.132	70.094
-242.112	70.034
-242.082	70.004
-242.062	69.964
POLYLINE BLUE
-234.672	69.284
-234.412	69.484
-234.132	69.644
POLYLINE BLUE
-234.592	68.984
-234.352	69.144
-234.232	69.204
-234.052	69.344
-233.972	69.384
POLYLINE BLUE
-234.532	68.804
-234.492	68.844
-233.832	69.164
POLYLINE BLUE
-233.572	66.324
-233.112	66.584
-232.872	66.704
POLYLINE BLUE
-233.792	66.364
-233.132	66.764
-232.652	67.004
POLYLINE BLUE
-234.132	66.484
-233.832	66.644
-233.772	66.704
-233.492	66.844
-233.312	66.964
-233.172	67.004
-232.652	67.264
-232.552	67.304
POLYLINE BLUE
-234.312	66.644
-234.172	66.744
-233.972	66.844
-233.652	67.044
-232.412	67.664
POLYLINE BLUE
-234.512	66.844
-234.192	67.044
-233.972	67.144
-233.792	67.264
-233.252	67.524
-233.052	67.664
-232.652	67.844
-232.612	67.884
-232.432	67.944
-232.372	67.944
POLYLINE BLUE
-234.812	67.024
-234.372	67.304
-233.772	67.664
-233.512	67.784
-233.172	67.984
-232.912	68.124
-232.672	68.264
POLYLINE BLUE
-234.952	67.364
-234.872	67.444
-234.312	67.784
-233.432	68.224
-232.992	68.424
-232.812	68.524
-232.752	68.544
POLYLINE BLUE
-235.172	67.584
-235.092	67.604
-234.732	67.864
-233.952	68.324
-233.732	68.424
-233.552	68.544
-233.172	68.724
POLYLINE BLUE
-235.412	67.784
-235.192	67.944
-234.432	68.384
-234.192	68.504
-233.572	68.924
-233.472	68.964
POLYLINE BLUE
-235.612	68.024
-235.272	68.284
-235.092	68.424
-235.052	68.444
POLYLINE BLACK
-234.772	69.284
-234.632	69.484
-234.552	69.504
-234.472	69.564
-234.392	69.584
-234.272	69.644
POLYLINE BLACK
-235.592	67.984
-235.552	68.084
-235.552	68.164
-235.492	68.384
-235.412	68.564
-235.372	68.564
POLYLINE BLACK
-234.472	68.564
-234.492	68.524
-234.532	68.524
-234.892	68.224
-235.212	68.504
-235.452	68.704
-235.652	68.944
-235.772	69.064
-235.672	69.164
-235.472	69.324
-235.312	69.524
-235.192	69.684
-235.132	69.664
-235.072	69.564
-234.912	69.404
-234.892	69.364
-234.792	69.304
-234.712	69.184
-234.592	69.004
-234.572	68.924
-234.532	68.884
-234.512	68.804
-234.452	68.584
POLYLINE BLACK
-232.732	66.604
-232.692	66.604
-232.572	66.704
-232.512	66.844
-232.512	66.924
-232.552	67.044
-232.552	67.144
-232.492	67.364
-232.372	67.564
-232.292	67.724
-232.272	67.884
-232.272	68.064
-232.312	68.184
POLYLINE BLACK
-233.852	66.104
-233.752	66.104
-233.592	66.064
-233.492	66.084
-233.372	66.164
-233.332	66.244
-233.092	66.384
-233.052	66.384
-232.992	66.444
-232.912	66.444
-232.812	66.464
POLYLINE BLACK
-235.332	70.504
-235.292	70.504
-235.192	70.384
-235.112	70.264
POLYLINE BLACK
-237.532	71.824
-237.392	71.684
-237.152	71.524
-237.132	71.484
-237.092	71.484
-236.892	71.324
-236.832	71.264
-236.792	71.264
-236.752	71.304
POLYLINE BLACK
-235.192	70.504
-235.132	70.344
-235.332	70.564
-235.412	70.684
-235.532	70.844
-235.572	70.844
-235.872	71.144
-235.892	71.184
-236.032	71.184
-236.152	71.244
-236.212	71.244
-236.332	71.284
-236.412	71.244
-236.512	71.244
-236.592	71.264
-236.672	71.264
-236.712	71.244
POLYLINE BLACK
-231.552	67.684
-231.632	67.704
-231.712	67.724
-231.952	67.864
-232.212	68.104
-232.272	68.164
-232.432	68.324
-232.632	68.464
-232.672	68.464
-232.812	68.604
-233.092	68.764
-233.232	68.864
-233.312	68.884
-233.532	69.124
-233.612	69.244
-233.712	69.344
-233.752	69.344
-233.892	69.444
-233.972	69.464
-234.312	69.804
-234.392	69.884
-234.452	69.944
-234.492	69.944
-234.532	69.984
-234.612	69.984
-234.712	70.004
-234.832	70.104
-235.032	70.224
-235.072	70.264
POLYLINE BLACK
-233.012	65.544
-233.092	65.564
-233.212	65.664
-233.572	65.904
-233.772	66.064
-233.912	66.204
-234.112	66.364
-234.172	66.444
-234.252	66.464
-234.532	66.704
-234.692	66.904
-234.792	67.004
-234.972	67.224
-235.052	67.304
-235.232	67.664
-235.272	67.664
-235.632	67.984
-236.012	68.184
-236.172	68.324
-236.512	68.544
-236.592	68.564
-236.672	68.584
-236.932	68.764
-236.952	68.804
-237.052	68.864
-237.252	69.044
-237.332	69.064
-237.372	69.104
-237.472	69.124
-237.572	69.144
-237.652	69.164
-237.912	69.344
-238.052	69.644
-238.172	69.744
-238.292	69.864
-238.332	69.984
-238.372	70.004
-238.392	70.064
-238.552	70.164
-238.612	70.224
-238.712	70.324
POLYLINE GREEN
-230.377	67.399
-230.332	67.309
-230.332	67.234
-230.437	67.054
-230.437	67.024
-230.422	66.994
-230.362	66.964
-230.332	66.964
-230.302	66.949
-230.287	66.889
-230.287	66.859
-230.377	66.739
-230.392	66.664
-230.272	66.589
POLYLINE GREEN
-230.542	67.384
-230.512	67.384
-230.452	67.354
-230.362	67.384
-230.227	67.384
POLYLINE GREEN
-231.037	67.159
-230.827	66.979
POLYLINE GREEN
-231.022	67.594
-231.007	67.534
-231.007	67.084
-231.067	66.994
-231.127	66.949
POLYLINE GREEN
-231.157	67.744
-231.052	67.609
-231.022	67.594
-230.992	67.534
-230.977	67.564
-230.842	67.639
-230.812	67.684
POLYLINE BLUE
-231.067	65.569
-231.037	65.569
-230.827	65.704
-230.692	65.734
-230.452	65.839
-230.392	65.884
POLYLINE BLUE
-231.232	65.644
-230.962	65.749
-230.752	65.854
-230.572	65.944
-230.347	66.109
-230.317	66.109
-230.287	66.124
-230.272	66.154
POLYLINE BLUE
-231.352	65.794
-231.337	65.824
-231.307	65.839
-231.262	65.839
-231.052	65.959
-230.797	66.094
-230.737	66.109
-230.572	66.229
-230.527	66.244
-230.347	66.394
-230.317	66.394
POLYLINE BLUE
-231.412	65.989
-231.352	66.034
-230.962	66.244
-230.872	66.319
-230.707	66.424
-230.602	66.499
-230.542	66.544
POLYLINE BLUE
-231.502	66.184
-231.472	66.214
-231.052	66.454
-230.797	66.664
POLYLINE BLUE
-231.592	66.439
-231.562	66.439
-231.157	66.679
-231.127	66.709
-231.052	66.724
-230.992	66.769
POLYLINE BLUE
-231.727	66.619
-231.337	66.889
POLYLINE BLUE
-231.487	66.154
-231.487	66.184
-231.547	66.304
-231.637	66.439
-231.652	66.514
-231.757	66.634
-231.787	66.649
-231.787	66.724
-231.742	66.829
-231.652	66.904
-231.607	66.964
-231.547	66.994
-231.487	66.994
-231.427	67.009
-231.367	66.994
-231.337	66.994
-231.172	66.889
-231.067	66.829
-230.947	66.754
POLYLINE BLUE
-230.317	66.169
-230.287	66.109
-230.287	66.049
-230.362	65.854
-230.407	65.794
-230.422	65.749
-230.542	65.674
POLYLINE BLACK
-231.082	66.754
-231.022	66.754
-230.992	66.769
-230.962	66.739
-230.932	66.754
-230.872	66.724
-230.812	66.724
-230.662	66.634
-230.602	66.589
-230.362	66.289
-230.347	66.244
-230.242	66.124
-230.182	66.079
-230.152	66.079
-230.137	66.049
-229.987	66.004
-229.957	65.974
POLYLINE BLACK
-228.892	64.519
-228.907	64.549
-229.027	64.624
-229.057	64.624
-229.087	64.639
-229.132	64.699
-229.342	64.819
-229.462	64.894
-229.492	64.894
-229.762	65.089
-229.777	65.119
-229.807	65.104
-229.852	65.104
-229.912	65.134
-229.972	65.134
-230.152	65.254
-230.167	65.284
-230.197	65.284
-230.332	65.434
-230.392	65.524
-230.452	65.539
-230.467	65.569
-230.527	65.599
-230.557	65.569
-230.587	65.584
-230.632	65.524
-230.752	65.494
-230.857	65.479
-230.947	65.509
-231.007	65.494
-231.097	65.494
-231.217	65.569
-231.337	65.734
-231.337	65.764
-231.367	65.779
-231.397	65.839
-231.397	65.884
-231.427	66.004
-231.427	66.034
-231.487	66.214
POLYLINE BLACK
-232.282	65.059
-232.312	65.149
-232.372	65.209
-232.477	65.404
-232.537	65.569
-232.702	65.839
-232.732	65.869
-232.852	66.139
-232.867	66.244
-232.897	66.274
-232.897	66.304
-232.912	66.334
-232.717	66.454
-232.687	66.454
-232.597	66.514
-232.507	66.589
-232.447	66.634
-232.402	66.694
-232.372	66.694
-232.342	66.709
-232.327	66.739
-232.282	66.739
-232.267	66.769
-232.237	66.754
-232.162	66.649
-232.147	66.604
-231.922	66.304
-231.862	66.199
-231.712	65.989
-231.682	65.914
-231.577	65.764
-231.487	65.644
-231.457	65.629
-231.397	65.539
-231.352	65.479
-231.382	65.479
-231.442	65.449
-231.472	65.404
-231.607	65.359
-231.682	65.359
-231.712	65.344
-231.757	65.344
-231.817	65.314
-231.877	65.314
-232.042	65.239
-232.102	65.239
-232.267	65.164
-232.327	65.119
POLYLINE BLACK
-231.487	67.639
-231.277	67.534
-231.187	67.459
-231.097	67.399
-231.082	67.369
-231.022	67.339
-231.007	67.309
-230.977	67.294
-230.917	67.204
-230.737	66.994
-230.587	66.814
-230.482	66.634
-230.452	66.619
-230.197	66.304
-229.987	66.124
-229.957	66.049
-229.867	65.929
-229.852	65.884
-229.792	65.839
-229.717	65.749
-229.657	65.719
-229.627	65.719
-229.417	65.569
-229.387	65.524
-229.267	65.434
-229.177	65.404
-229.087	65.329
-229.027	65.314
-228.967	65.269
-228.937	65.284
-228.817	65.254
POLYLINE BLACK
-233.032	65.554
-233.002	65.524
-232.897	65.524
-232.672	65.419
-232.642	65.419
POLYLINE BLACK
-232.792	65.404
-232.762	65.404
-232.642	65.314
-232.462	65.194
-232.327	65.104
-232.297	65.074
-232.267	65.074
-232.147	64.924
-231.997	64.804
-231.967	64.804
-231.877	64.744
-231.847	64.744
-231.787	64.714
-231.757	64.714
-231.697	64.669
-231.622	64.654
-231.562	64.624
-231.532	64.624
-231.412	64.549
-231.352	64.504
-231.322	64.504
-231.277	64.444
-231.247	64.444
-231.187	64.399
-231.142	64.399
-230.992	64.354
-230.932	64.324
-230.902	64.324
-230.722	64.174
-230.512	64.024
-230.362	63.904
-230.332	63.874
-230.302	63.874
-230.272	63.844
-230.242	63.844
-230.077	63.754
-230.017	63.754
-229.942	63.709
-229.912	63.709
-229.747	63.649
-229.627	63.574
-229.597	63.544
-229.567	63.559
-229.537	63.529
-229.477	63.529
-229.447	63.514
POLYLINE BLACK
-225.307	63.214
-225.337	63.214
-225.397	63.199
-225.442	63.199
-225.472	63.214
-225.532	63.184
-225.562	63.184
-225.592	63.199
-225.667	63.199
-225.697	63.229
-225.727	63.229
-225.787	63.244
-225.847	63.214
-225.952	63.214
-225.982	63.199
-226.042	63.214
-226.117	63.214
-226.237	63.259
-226.357	63.334
-226.462	63.409
-226.582	63.409
-226.642	63.394
-226.672	63.409
-226.702	63.394
-226.852	63.439
-227.002	63.514
-227.122	63.619
-227.182	63.709
-227.272	63.784
-227.362	63.829
-227.422	63.814
-227.482	63.814
-227.542	63.844
-227.572	63.829
-227.602	63.859
-227.632	63.859
-227.752	63.934
-227.812	64.024
-227.842	64.039
-227.842	64.069
-227.872	64.099
-227.902	64.204
-227.962	64.234
-227.992	64.234
-228.052	64.279
-228.127	64.264
-228.187	64.309
-228.247	64.294
-228.457	64.354
-228.577	64.399
-228.592	64.429
-228.622	64.429
-228.652	64.459
-228.817	64.489
-228.847	64.504
POLYLINE GREEN
-228.487	64.099
-228.442	63.904
-228.442	63.874
-228.427	63.814
-228.427	63.739
-228.412	63.679
-228.412	63.499
POLYLINE GREEN
-228.697	64.249
-228.577	64.174
-228.517	64.129
-228.442	64.039
-228.262	64.249
-228.217	64.279
-228.202	64.309
-228.172	64.324
POLYLINE BLUE
-226.717	63.934
-226.657	63.919
-226.552	63.964
-226.522	63.949
-226.492	63.964
POLYLINE BLUE
-225.187	63.529
-225.247	63.529
-225.337	63.604
-225.382	63.619
-225.412	63.664
-225.472	63.649
-225.502	63.649
-225.532	63.619
-225.562	63.619
-225.772	63.544
-225.862	63.604
-225.937	63.694
-225.967	63.694
-226.027	63.724
-226.057	63.709
-226.117	63.619
-226.147	63.604
-226.342	63.754
-226.372	63.754
-226.432	63.769
-226.462	63.769
-226.627	63.844
-226.657	63.844
-226.687	63.859
-226.537	63.694
POLYLINE BLUE
-225.157	63.544
POLYLINE BLACK
-228.877	65.254
-228.847	65.224
-228.712	65.224
-228.652	65.194
-228.427	65.194
-228.367	65.164
-228.337	65.164
-228.277	65.149
-228.262	65.119
-228.022	64.969
-227.992	64.984
-227.962	64.954
-227.932	64.954
-227.842	64.894
-227.827	64.864
-227.707	64.789
-227.617	64.789
-227.467	64.714
-227.452	64.669
-227.392	64.639
-227.362	64.594
-227.197	64.519
-227.017	64.384
-226.957	64.339
-226.942	64.309
-226.822	64.234
-226.762	64.144
-226.702	64.144
-226.672	64.114
-226.552	64.114
-226.492	64.099
-226.432	64.099
-226.402	64.069
-226.297	64.039
-226.207	63.979
-226.177	63.979
-226.117	63.964
-226.042	63.964
-225.982	63.979
-225.892	63.934
-225.862	63.934
-225.832	63.949
-225.742	63.904
-225.667	63.904
-225.637	63.874
-225.577	63.874
-225.487	63.829
-225.457	63.829
-225.352	63.859
-225.292	63.844
POLYLINE BLACK
-224.662	63.709
-224.842	63.754
-224.872	63.754
-224.932	63.769
-225.067	63.784
-225.127	63.814
-225.232	63.814
-225.292	63.829
-225.322	63.829
POLYLINE BLACK
-229.597	63.544
-229.552	63.514
-229.492	63.514
-229.432	63.499
-229.402	63.499
-229.252	63.454
-229.222	63.454
-229.162	63.439
-229.132	63.439
-228.982	63.349
-228.892	63.349
-228.832	63.334
-228.802	63.334
-228.772	63.349
-228.712	63.319
-228.622	63.319
-228.562	63.274
-228.532	63.274
-228.472	63.259
-228.442	63.259
-228.382	63.244
-228.217	63.244
-228.067	63.184
-228.037	63.184
-227.947	63.124
-227.917	63.139
-227.707	63.064
-227.662	63.064
-227.602	63.049
-227.572	63.049
-227.497	63.019
-227.467	62.989
-227.437	62.989
-227.377	62.944
-227.332	62.854
-227.302	62.839
-227.272	62.794
-227.242	62.809
-227.122	62.734
-227.062	62.734
-227.002	62.689
-226.957	62.689
-226.837	62.659
-226.807	62.659
-226.717	62.614
-226.627	62.614
-226.612	62.584
-226.582	62.599
-226.537	62.599
-226.477	62.584
-226.447	62.584
-226.417	62.569
-226.387	62.599
-226.357	62.584
-226.297	62.614
-226.237	62.614
-226.177	62.644
-226.147	62.614
-226.087	62.659
-226.057	62.659
-226.042	62.689
-225.892	62.764
-225.862	62.764
-225.742	62.854
-225.712	62.854
-225.697	62.884
-225.607	62.944
-225.517	63.019
-225.472	63.079
-225.442	63.079
-225.382	63.124
-225.367	63.154
-225.337	63.154
-225.277	63.169
-225.247	63.199
-225.097	63.199
-225.067	63.184
-225.037	63.199
-224.977	63.184
-224.947	63.184
-224.827	63.154
-224.797	63.169
-224.737	63.139
POLYLINE BLACK
-229.357	63.529
-229.342	63.499
-229.297	63.469
-229.267	63.469
-229.207	63.424
-229.177	63.424
POLYLINE BLUE
-222.082	64.159
-222.067	64.264
-221.962	64.624
-221.947	64.699
POLYLINE BLUE
-222.397	63.874
-222.352	64.054
-222.097	64.849
-222.052	64.954
POLYLINE BLUE
-222.862	63.334
-222.787	63.574
-222.712	63.889
-222.532	64.444
-222.367	64.804
-222.337	64.834
-222.292	64.939
-222.262	64.969
POLYLINE BLUE
-223.252	63.169
-223.207	63.229
-223.057	63.619
-222.922	64.144
-222.787	64.549
-222.622	64.834
-222.502	64.984
POLYLINE BLUE
-223.642	62.974
-223.627	63.049
-223.552	63.184
-223.417	63.484
-223.372	63.634
-223.267	63.934
-223.222	64.024
-223.042	64.294
-222.997	64.384
POLYLINE BLUE
-223.942	62.974
-223.807	63.259
-223.537	63.754
-223.477	63.889
-223.372	64.084
-223.267	64.219
POLYLINE BLUE
-224.182	63.034
-224.092	63.229
-223.912	63.529
-223.777	63.784
-223.747	63.859
-223.657	63.949
POLYLINE BLUE
-224.347	63.214
-224.122	63.514
-224.107	63.559
-224.047	63.619
POLYLINE BLACK
-222.637	63.604
-222.697	63.514
-222.727	63.484
-222.742	63.439
-222.862	63.349
-222.937	63.319
-222.952	63.274
-222.982	63.244
-223.012	63.244
-223.162	63.154
-223.207	63.139
-223.327	63.034
-223.402	63.019
-223.462	62.974
-223.507	62.974
-223.567	62.959
-223.597	62.959
-223.657	62.929
-223.717	62.944
-223.822	62.914
-223.882	62.914
-223.942	62.929
-224.002	62.929
-224.062	62.944
-224.092	62.914
-224.152	62.944
-224.182	62.914
-224.302	63.019
-224.332	63.079
-224.332	63.124
-224.347	63.184
-224.347	63.214
-224.362	63.274
-224.362	63.409
-224.242	63.649
-224.152	63.724
POLYLINE BLACK
-222.937	64.924
-222.907	64.954
-222.802	64.999
-222.742	64.999
-222.682	65.044
-222.517	65.089
-222.487	65.104
-222.382	65.089
-222.322	65.089
-222.277	65.074
-222.157	65.074
-222.097	65.059
-222.067	65.059
-221.962	64.999
-221.917	64.924
-221.857	64.879
-221.857	64.834
-221.827	64.774
-221.827	64.744
-221.812	64.714
-221.812	64.639
-221.797	64.579
-221.797	64.519
POLYLINE BLACK
-222.922	62.479
-222.877	62.329
POLYLINE BLACK
-222.442	62.554
-222.442	62.494
-222.427	62.434
POLYLINE BLACK
-222.127	62.629
-222.082	62.539
-222.082	62.509
-222.067	62.479
POLYLINE BLACK
-222.247	62.704
-222.142	62.749
-222.112	62.734
-222.082	62.764
POLYLINE BLACK
-221.767	62.764
-221.692	62.644
POLYLINE BLACK
-221.932	62.809
-221.872	62.839
-221.827	62.839
-221.737	62.899
POLYLINE BLACK
-221.347	63.019
-221.272	62.929
POLYLINE BLACK
-221.032	63.514
-221.002	63.484
-220.972	63.484
-220.912	63.454
POLYLINE BLACK
-221.152	63.424
-221.062	63.619
-221.062	63.649
POLYLINE BLACK
-220.822	64.009
-220.762	63.994
-220.732	64.009
POLYLINE BLACK
-220.882	64.939
-220.822	64.954
-220.762	64.939
POLYLINE BLACK
-220.927	64.564
-220.867	64.549
-220.837	64.549
-220.807	64.564
-220.777	64.549
POLYLINE BLACK
-220.972	64.129
-220.972	64.069
-220.942	64.009
-220.942	63.949
-220.957	63.874
-220.957	63.844
POLYLINE BLACK
-220.972	64.699
-221.002	64.534
-221.002	64.399
POLYLINE BLACK
-220.957	65.014
-221.002	64.954
-221.002	64.924
-221.017	64.894
-221.002	64.864
POLYLINE BLACK
-221.167	63.454
-221.092	63.544
POLYLINE BLACK
-221.527	63.019
-221.362	63.154
POLYLINE BLACK
-221.812	62.854
-221.782	62.854
-221.707	62.914
POLYLINE BLACK
-222.127	62.719
-222.067	62.749
POLYLINE BLACK
-222.532	62.584
-222.517	62.614
-222.442	62.629
-222.412	62.629
-222.382	62.644
POLYLINE BLACK
-222.937	62.524
-222.787	62.524
POLYLINE BLACK
-222.937	65.959
-222.952	65.989
-222.982	65.989
-222.997	66.019
POLYLINE BLACK
-223.252	65.824
-223.282	65.824
-223.342	65.854
POLYLINE BLACK
-223.672	65.569
-223.762	65.599
-223.822	65.659
POLYLINE BLACK
-223.987	65.179
-224.122	65.239
-224.152	65.269
POLYLINE BLACK
-224.242	64.789
-224.302	64.804
-224.332	64.804
-224.362	64.819
POLYLINE BLACK
-224.437	64.444
-224.572	64.444
POLYLINE BLACK
-224.512	63.919
-224.542	63.919
-224.572	63.934
-224.602	63.919
-224.632	63.934
POLYLINE BLACK
-224.332	64.054
-224.332	63.829
-224.317	63.799
POLYLINE BLACK
-224.242	64.429
-224.257	64.369
-224.257	64.339
-224.272	64.279
POLYLINE BLACK
-224.062	64.804
-224.107	64.714
-224.107	64.684
-224.122	64.654
POLYLINE BLACK
-223.792	65.194
-223.897	65.014
POLYLINE BLACK
-223.507	65.509
-223.582	65.419
-223.612	65.404
POLYLINE BLACK
-223.102	65.719
-223.132	65.719
-223.162	65.689
-223.192	65.689
-223.252	65.644
POLYLINE BLACK
-222.772	65.869
-222.802	65.884
-222.952	65.809
POLYLINE BLACK
-221.812	64.399
-221.827	64.369
-221.857	64.354
-221.917	64.249
-221.917	64.219
-221.977	64.174
-222.142	63.994
-222.172	63.994
-222.202	63.979
-222.232	63.934
-222.322	63.874
-222.367	63.814
-222.472	63.769
-222.532	63.679
-222.577	63.574
-222.577	63.544
-222.547	63.454
-222.472	63.364
-222.412	63.244
-222.412	63.199
-222.397	63.139
-222.397	62.989
-222.427	62.899
-222.607	62.749
-222.637	62.749
-222.667	62.704
-222.727	62.689
-222.877	62.614
-222.937	62.569
-222.967	62.569
-223.027	62.584
-223.057	62.569
-223.147	62.569
-223.207	62.554
-223.342	62.554
-223.387	62.569
-223.447	62.554
-223.507	62.569
-223.567	62.569
-223.702	62.599
-223.762	62.599
-223.852	62.659
-223.882	62.659
-224.002	62.704
-224.032	62.734
-224.062	62.734
-224.092	62.749
-224.107	62.779
-224.182	62.809
-224.302	62.884
-224.392	62.944
-224.422	62.944
-224.542	63.034
-224.587	63.094
-224.737	63.139
-224.767	63.169
-224.797	63.169
-224.857	63.139
POLYLINE BLACK
-222.742	65.179
-222.862	65.089
-222.997	64.864
-223.012	64.789
-222.997	64.729
-222.997	64.579
-223.057	64.414
-223.102	64.354
-223.192	64.309
-223.282	64.204
-223.402	64.144
-223.432	64.144
-223.552	64.084
-223.597	64.024
-223.627	64.009
-223.657	63.949
-223.657	63.919
-223.792	63.769
-223.882	63.724
-223.912	63.724
-224.017	63.679
-224.047	63.679
-224.107	63.649
-224.137	63.649
-224.197	63.619
-224.257	63.649
-224.287	63.634
-224.347	63.664
-224.377	63.649
-224.527	63.694
-224.572	63.694
-224.632	63.679
-224.692	63.679
-224.722	63.664
-224.782	63.679
POLYLINE BLUE
-220.962	65.574
-220.882	65.634
-220.762	65.774
-220.662	65.914
-220.342	66.244
-220.272	66.314
POLYLINE BLUE
-221.342	65.434
-221.132	65.644
-221.032	65.724
-220.832	65.974
-220.552	66.304
-220.482	66.404
-220.302	66.594
-220.272	66.634
POLYLINE BLUE
-221.672	65.504
-221.422	65.764
-221.212	65.934
-221.062	66.054
-220.732	66.404
-220.602	66.534
-220.492	66.674
-220.472	66.714
-220.282	66.914
POLYLINE BLUE
-220.732	67.244
-220.562	67.414
-220.402	67.544
POLYLINE BLUE
-221.902	65.604
-221.462	66.024
-221.302	66.204
-221.172	66.314
-220.952	66.554
-220.882	66.644
-220.462	67.054
-220.342	67.144
-220.332	67.164
POLYLINE BLUE
-222.202	65.674
-222.022	65.844
-221.522	66.414
-220.842	67.094
-220.662	67.294
-220.622	67.324
POLYLINE BLUE
-222.432	65.864
-222.412	65.864
-222.192	66.064
-221.962	66.324
-221.692	66.594
-221.392	66.964
-220.902	67.474
-220.872	67.484
-220.562	67.764
-220.552	67.794
POLYLINE BLUE
-222.562	66.014
-222.402	66.174
-222.152	66.384
-221.862	66.674
-221.612	66.974
-221.192	67.504
-221.012	67.694
-220.932	67.794
-220.782	67.934
-220.712	67.974
-220.632	68.034
POLYLINE BLUE
-222.532	66.334
-222.432	66.484
-222.302	66.644
-222.062	66.894
-221.672	67.334
-221.582	67.434
-221.112	68.044
-220.912	68.224
POLYLINE BLUE
-222.562	66.824
-222.412	67.004
-221.962	67.424
-221.812	67.554
-221.502	67.894
-221.472	67.914
-221.322	68.084
-221.212	68.184
-221.182	68.234
-221.132	68.254
-221.042	68.334
POLYLINE BLUE
-222.412	67.314
-222.362	67.374
-222.222	67.474
-221.952	67.744
-221.612	68.004
-221.512	68.104
-221.362	68.294
-221.302	68.354
POLYLINE BLACK
-220.302	66.984
-220.302	67.014
-220.332	67.104
-220.342	67.204
-220.372	67.284
-220.382	67.424
-220.412	67.594
-220.432	67.644
POLYLINE BLACK
-220.382	65.964
-220.372	66.004
-220.332	66.074
-220.332	66.114
-220.312	66.174
-220.312	66.204
-220.292	66.264
-220.292	66.294
-220.262	66.414
-220.262	66.554
-220.252	66.594
-220.252	66.864
-220.262	66.904
-220.262	66.944
-220.282	67.034
-220.282	67.124
-220.302	67.164
-220.302	67.204
-220.312	67.244
POLYLINE BLACK
-220.102	66.664
-220.002	66.694
-219.982	66.684
-219.942	66.714
POLYLINE BLACK
-220.132	66.274
-220.092	66.264
-219.982	66.264
-219.962	66.254
POLYLINE BLACK
-220.102	66.454
-220.012	66.444
-219.952	66.424
POLYLINE BLACK
-220.102	66.604
-220.022	66.584
-219.972	66.584
POLYLINE BLACK
-220.072	66.734
-220.032	66.724
POLYLINE BLACK
-220.172	66.834
-220.152	66.814
-220.102	66.814
-220.032	66.844
POLYLINE BLACK
-219.902	66.644
-219.892	66.604
-219.892	66.464
-219.932	66.374
-219.942	66.334
-219.972	66.274
-219.962	66.324
-219.932	66.434
-219.922	66.514
-219.912	66.584
-219.922	66.604
-219.912	66.654
-219.952	66.794
-219.972	66.844
-220.002	66.884
-220.012	66.924
POLYLINE BLACK
-219.912	66.754
POLYLINE BLACK
-222.542	67.144
-222.542	67.104
-222.572	66.994
-222.592	66.884
-222.582	66.794
-222.582	66.744
-222.612	66.684
-222.622	66.644
-222.652	66.554
-222.652	66.394
-222.682	66.464
-222.672	66.504
-222.642	66.634
-222.622	66.714
-222.582	67.024
-222.582	67.074
-222.552	67.134
-222.532	67.224
-222.492	67.324
-222.432	67.444
POLYLINE BLACK
-222.362	65.754
-222.402	65.764
-222.472	65.834
-222.502	65.884
-222.582	65.994
-222.652	66.144
-222.662	66.194
-222.682	66.274
-222.682	66.454
-222.672	66.494
-222.672	66.514
POLYLINE BLACK
-220.362	66.024
-220.412	65.914
-220.582	65.774
-220.702	65.674
-220.782	65.624
-220.822	65.614
-220.922	65.564
-220.942	65.544
-221.102	65.504
-221.122	65.494
-221.142	65.504
-221.162	65.484
-221.222	65.484
-221.282	65.454
-221.322	65.454
-221.342	65.434
-221.412	65.434
-221.452	65.444
-221.492	65.434
-221.532	65.434
-221.602	65.424
-221.702	65.454
-221.762	65.454
-221.822	65.494
-221.842	65.494
-221.992	65.584
-222.012	65.574
-222.132	65.644
-222.172	65.644
-222.212	65.674
-222.252	65.684
-222.332	65.734
-222.352	65.734
-222.412	65.794
POLYLINE BLACK
-221.652	64.164
-221.652	64.184
-221.752	64.304
-221.772	64.404
-221.772	64.454
-221.752	64.514
-221.612	64.774
-221.612	64.804
-221.542	64.904
-221.542	64.924
-221.482	64.974
-221.382	65.024
-221.362	65.044
-221.272	65.064
-221.262	65.084
-221.222	65.074
-221.162	65.094
-221.112	65.084
-221.052	65.114
POLYLINE BLACK
-222.682	66.574
-222.692	66.534
-222.702	66.494
-222.702	66.434
-222.712	66.364
-222.712	66.224
-222.702	66.184
-222.702	66.154
-222.692	66.114
-222.692	66.074
-222.662	65.954
-222.652	65.914
-222.592	65.744
-222.572	65.644
-222.572	65.484
-222.602	65.404
-222.612	65.364
-222.642	65.324
-222.692	65.234
-222.732	65.204
-222.762	65.154
-222.782	65.154
-222.812	65.114
-222.832	65.124
POLYLINE BLACK
-219.792	66.394
-219.792	66.374
-219.822	66.374
-219.902	66.324
-219.972	66.214
-220.102	66.084
-220.152	65.964
-220.152	65.914
-220.162	65.874
-220.172	65.784
-220.172	65.734
-220.212	65.614
-220.362	65.434
-220.412	65.404
-220.482	65.334
-220.702	65.194
-220.832	65.144
-220.862	65.144
-220.922	65.094
-220.972	65.094
-221.032	65.074
-221.072	65.074
-221.092	65.064
-221.162	65.074
-221.202	65.074
-221.222	65.084
POLYLINE BLACK
-219.752	66.934
-219.792	66.924
-219.942	66.954
-219.962	66.974
-220.012	66.984
-220.062	67.034
-220.102	67.104
-220.122	67.164
-220.202	67.254
-220.272	67.384
-220.352	67.584
-220.512	67.894
-220.562	67.954
-220.642	68.114
-220.712	68.194
-220.732	68.194
-220.772	68.234
-220.822	68.254
-220.902	68.324
-220.942	68.314
-220.972	68.334
-221.272	68.384
-221.342	68.384
-221.382	68.374
POLYLINE BLACK
-222.602	66.364
-222.602	66.404
-222.622	66.474
-222.622	66.554
-222.562	66.774
-222.562	66.814
-222.552	66.874
-222.552	66.914
-222.532	67.014
-222.512	67.094
-222.422	67.324
-222.412	67.364
-222.322	67.524
-222.232	67.644
-222.142	67.774
-222.112	67.794
-222.042	67.914
-221.952	68.014
-221.772	68.194
-221.752	68.194
-221.612	68.284
-221.572	68.284
-221.532	68.314
-221.502	68.314
-221.442	68.334
-221.322	68.354
-221.282	68.364
-221.262	68.354
-221.222	68.364
-221.062	68.364
-220.932	68.314
POLYLINE BLACK
-222.612	66.774
POLYLINE BLACK
-222.622	66.734
POLYLINE BLACK
-216.582	66.414
-216.562	66.434
-216.512	66.414
-216.492	66.424
-216.452	66.404
POLYLINE BLACK
-216.602	66.364
-216.562	66.374
POLYLINE BLACK
-216.672	66.264
-216.612	66.234
POLYLINE BLACK
-216.822	66.194
-216.642	66.164
-216.592	66.164
-216.552	66.184
-216.462	66.284
-216.462	66.304
-216.432	66.354
-216.422	66.424
-216.452	66.514
POLYLINE BLACK
-217.232	66.464
-217.192	66.504
-217.132	66.504
-217.092	66.494
-217.002	66.404
-216.982	66.404
-216.842	66.254
-216.762	66.134
-216.742	66.144
-216.652	66.084
-216.602	66.024
POLYLINE BLACK
-217.532	65.954
-217.412	65.944
POLYLINE BLACK
-217.542	66.194
-217.502	66.194
-217.452	66.174
-217.372	66.174
-217.312	66.154
POLYLINE BLACK
-217.532	65.954
-217.472	65.954
-217.402	65.944
POLYLINE BLUE
-217.572	67.184
-217.512	67.034
-217.382	66.844
-217.342	66.774
POLYLINE BLUE
-217.792	67.294
-217.742	67.184
-217.602	66.984
-217.562	66.944
-217.352	66.604
-217.302	66.504
POLYLINE BLUE
-218.042	67.314
-218.022	67.274
-217.982	67.234
-217.812	66.984
-217.612	66.754
-217.482	66.544
-217.442	66.474
-217.412	66.434
-217.372	66.364
-217.352	66.344
POLYLINE BLUE
-218.232	67.314
-218.072	67.054
-217.892	66.794
-217.742	66.614
-217.542	66.344
-217.452	66.184
POLYLINE BLUE
-218.472	67.294
-218.452	67.274
-218.402	67.164
-218.332	67.054
-218.072	66.664
-217.892	66.414
-217.722	66.174
-217.672	66.104
POLYLINE BLUE
-218.692	67.174
-218.622	67.094
-218.482	66.854
-218.212	66.494
-218.182	66.434
-218.072	66.304
-218.032	66.224
-217.992	66.184
-217.952	66.104
-217.862	65.994
POLYLINE BLUE
-218.842	67.024
-218.652	66.724
-218.562	66.604
-218.532	66.544
-218.322	66.274
-218.162	66.024
POLYLINE BLUE
-218.922	66.804
-218.762	66.584
-218.432	66.194
-218.342	66.074
POLYLINE BLUE
-219.062	66.674
-218.962	66.524
-218.932	66.504
-218.832	66.354
-218.772	66.284
-218.712	66.194
-218.652	66.134
POLYLINE BLACK
-217.292	66.484
-217.242	66.544
-217.212	66.634
-217.222	66.754
-217.282	66.904
-217.282	66.924
-217.302	66.994
-217.332	67.044
-217.372	67.104
-217.522	67.204
-217.622	67.234
-217.842	67.344
-217.902	67.354
-217.922	67.374
-218.262	67.304
-218.312	67.294
-218.392	67.254
-218.462	67.254
-218.612	67.204
-218.632	67.184
-218.682	67.184
-218.762	67.154
-218.802	67.164
-218.892	67.074
-218.902	67.034
-218.912	66.984
-218.912	66.894
-218.962	66.784
-219.032	66.714
-219.082	66.614
-219.092	66.524
-219.092	66.484
POLYLINE BLACK
-219.102	66.474
-218.992	66.364
-218.922	66.314
-218.812	66.224
-218.762	66.204
-218.662	66.134
-218.552	66.084
-218.532	66.084
-218.492	66.054
-218.422	66.014
-218.402	65.994
-218.352	65.984
-218.312	65.974
-218.272	65.974
-218.212	65.954
-218.162	65.964
-218.142	65.954
-218.122	65.974
-218.022	65.954
-217.932	65.954
-217.892	65.964
-217.862	66.004
-217.842	66.004
-217.802	66.034
-217.762	66.044
-217.642	66.074
-217.582	66.074
-217.542	66.104
-217.522	66.094
POLYLINE BLACK
-218.072	65.614
-218.052	65.624
-218.032	65.614
-217.992	65.624
-217.972	65.614
-217.912	65.644
-217.872	65.644
-217.822	65.674
-217.732	65.704
-217.672	65.734
-217.632	65.734
-217.612	65.754
-217.552	65.764
-217.532	65.784
-217.492	65.784
-217.432	65.834
-217.392	65.844
-217.332	65.924
-217.322	65.964
-217.302	65.984
-217.292	66.044
-217.312	66.124
-217.332	66.184
-217.342	66.224
-217.352	66.274
-217.352	66.314
-217.362	66.334
-217.292	66.404
-217.232	66.444
-217.192	66.444
-217.142	66.454
-217.122	66.454
POLYLINE BLACK
-219.852	66.394
-219.722	66.364
-219.632	66.364
-219.542	66.324
-219.522	66.334
-219.462	66.294
-219.442	66.294
-219.342	66.224
-219.272	66.124
-219.222	66.064
-219.142	65.974
-219.032	65.864
-218.982	65.844
-218.942	65.804
-218.902	65.804
-218.782	65.724
-218.762	65.724
-218.732	65.704
-218.682	65.694
-218.622	65.664
-218.582	65.654
-218.512	65.634
-218.432	65.614
-218.412	65.604
-218.392	65.614
-218.322	65.604
-218.282	65.614
-218.212	65.614
-218.192	65.624
-218.152	65.614
-218.132	65.624
-218.092	65.614
-217.972	65.624
-217.952	65.614
-217.912	65.624
-217.872	65.624
POLYLINE BLACK
-219.812	66.954
-219.752	66.954
-219.732	66.944
-219.692	66.954
-219.652	66.944
-219.632	66.954
-219.592	66.944
-219.552	66.954
-219.502	66.954
-219.442	66.974
-219.402	66.984
-219.342	67.004
-219.322	67.004
-219.282	67.034
-219.242	67.034
-219.182	67.084
-219.162	67.084
-219.112	67.134
-219.052	67.184
-219.032	67.184
-218.992	67.244
-218.972	67.244
-218.942	67.294
-218.902	67.354
-218.812	67.444
-218.762	67.524
-218.742	67.574
-218.652	67.714
-218.592	67.774
-218.572	67.774
-218.512	67.834
-218.382	67.874
-218.332	67.904
-218.292	67.914
-218.192	67.944
-218.152	67.974
-218.112	67.964
-218.032	67.994
-217.942	68.004
-217.882	68.004
-217.862	68.014
POLYLINE BLACK
-217.202	66.974
-217.222	66.984
-217.192	67.014
-217.102	67.044
-217.082	67.054
POLYLINE BLACK
-217.282	67.644
-217.242	67.624
-217.162	67.644
POLYLINE BLACK
-217.272	67.464
-217.122	67.484
POLYLINE BLACK
-217.272	67.164
-217.172	67.194
-217.132	67.184
POLYLINE BLACK
-217.172	66.954
-217.132	66.974
POLYLINE BLACK
-217.012	66.834
-216.982	66.834
-216.942	66.864
POLYLINE BLACK
-216.822	66.694
-216.782	66.734
POLYLINE BLACK
-216.652	66.554
-216.632	66.604
-216.612	66.624
POLYLINE BLACK
-217.122	67.694
-217.122	67.664
-217.112	67.624
-217.102	67.534
-217.102	67.294
-217.122	67.204
-217.122	67.094
-216.992	66.964
-216.952	66.944
-216.872	66.824
-216.822	66.774
-216.712	66.714
-216.672	66.714
-216.592	66.664
-216.472	66.564
-216.382	66.544
POLYLINE BLACK
-216.202	66.714
-216.222	66.704
-216.282	66.724
-216.472	66.874
-216.592	67.044
-216.652	67.154
-216.652	67.174
-216.732	67.304
-216.802	67.434
-216.832	67.464
-216.872	67.524
-216.962	67.604
-217.022	67.644
-217.122	67.724
-217.182	67.764
-217.242	67.804
-217.292	67.824
-217.312	67.814
-217.392	67.854
-217.442	67.864
-217.502	67.884
-217.522	67.904
-217.562	67.904
-217.602	67.924
-217.632	67.924
-217.772	67.984
-217.792	67.974
-217.832	67.984
-217.872	67.964
-217.892	67.974
-217.932	67.964
POLYLINE BLACK
-216.872	66.324
-216.862	66.364
-216.842	66.404
POLYLINE BLACK
-217.002	66.424
-216.972	66.514
POLYLINE BLACK
-217.202	66.414
-217.192	66.494
POLYLINE BLACK
-217.292	66.284
-217.342	66.334
POLYLINE BLACK
-217.432	66.114
-217.522	66.184
-217.532	66.214
POLYLINE BLACK
-217.432	65.934
-217.492	65.964
-217.532	65.974
POLYLINE BLACK
-217.502	65.754
-217.372	65.754
-217.352	65.764
-217.262	65.734
-217.242	65.744
-217.002	65.674
-216.922	65.644
-216.782	65.514
-216.772	65.484

ELEVATION
STATIONS
402.535	-67.404	22.0
404.421	-68.264	22.1
406.802	-68.462	22.2
409.638	-70.615	22.3
412.007	-70.438	22.4
415.170	-70.730	22.5
419.765	-71.440	22.6
423.674	-72.132	22.7
431.162	-73.043	22.8
436.853	-74.493	22.9
440.372	-73.385	22.10
441.913	-75.378	22.11
444.629	-76.123	22.12
445.932	-77.942	22.13
449.153	-79.493	22.14
453.814	-80.310	22.15
457.444	-81.475	22.16
460.234	-81.859	22.17
463.145	-81.981	22.18
465.091	-82.243	22.19
469.701	-81.566	22.20
469.525	-89.454	22.20
460.860	-88.354	22.17
453.950	-86.749	22.15
446.285	-84.279	22.13
445.215	-96.919	22.12
430.585	-87.309	22.8
419.830	-77.284	22.6
415.240	-76.494	22.5
404.275	-82.174	22.1
SHOTS
465.091	-82.243	469.701	-81.566
469.701	-81.566	469.813	-81.511
469.701	-81.566	468.535	-81.663
469.701	-81.566	468.553	-77.731
469.701	-81.566	468.807	-83.649
469.701	-81.566	468.910	-83.558
469.701	-81.566	465.887	-81.948
469.701	-81.566	467.741	-81.884
469.701	-81.566	465.501	-82.015
469.701	-81.566	466.789	-82.119
469.701	-81.566	466.957	-80.703
469.701	-81.566	468.074	-77.650
463.145	-81.981	465.091	-82.243
465.091	-82.243	465.431	-82.220
465.091	-82.243	464.989	-81.429
465.091	-82.243	464.985	-83.737
460.234	-81.859	463.145	-81.981
463.145	-81.981	463.106	-81.990
463.145	-81.981	462.914	-81.104
463.145	-81.981	463.094	-81.743
463.145	-81.981	462.929	-83.697
463.145	-81.981	462.970	-83.723
457.444	-81.475	460.234	-81.859
460.234	-81.859	460.247	-81.011
460.234	-81.859	460.179	-81.560
460.234	-81.859	460.247	-81.909
460.234	-81.859	461.000	-83.904
453.814	-80.310	457.444	-81.475
457.444	-81.475	457.262	-79.938
457.444	-81.475	457.444	-81.004
457.444	-81.475	457.521	-81.380
457.444	-81.475	457.974	-83.144
457.444	-81.475	454.888	-82.689
449.153	-79.493	453.814	-80.310
453.814	-80.310	453.541	-80.317
453.814	-80.310	453.748	-77.622
453.814	-80.310	453.651	-79.679
453.814	-80.310	453.835	-80.521
453.814	-80.310	453.979	-82.200
445.932	-77.942	449.153	-79.493
449.153	-79.493	449.263	-75.981
449.153	-79.493	448.996	-79.410
449.153	-79.493	449.229	-81.393
444.629	-76.123	445.932	-77.942
445.932	-77.942	446.046	-77.933
445.932	-77.942	445.976	-77.691
445.932	-77.942	446.099	-77.367
445.932	-77.942	446.305	-75.165
445.932	-77.942	446.579	-80.263
441.913	-75.378	444.629	-76.123
444.629	-76.123	444.886	-76.154
444.629	-76.123	443.387	-67.425
444.629	-76.123	444.912	-74.340
444.629	-76.123	444.787	-79.371
436.853	-74.493	440.372	-73.385
440.372	-73.385	439.859	-73.422
440.372	-73.385	440.443	-73.003
440.372	-73.385	440.435	-71.079
440.372	-73.385	439.326	-76.639
436.853	-74.493	441.913	-75.378
441.913	-75.378	441.832	-75.380
441.913	-75.378	442.891	-67.243
441.913	-75.378	442.416	-72.314
431.162	-73.043	436.853	-74.493
436.853	-74.493	436.295	-74.422
436.853	-74.493	434.418	-69.627
436.853	-74.493	440.099	-70.955
436.853	-74.493	435.650	-74.751
436.853	-74.493	438.712	-74.859
436.853	-74.493	436.775	-76.079
423.674	-72.132	431.162	-73.043
431.162	-73.043	431.722	-72.965
431.162	-73.043	430.962	-66.384
431.162	-73.043	431.096	-74.588
431.162	-73.043	431.089	-74.560
431.162	-73.043	430.862	-72.962
419.765	-71.440	423.674	-72.132
423.674	-72.132	423.518	-71.792
423.674	-72.132	427.203	-65.684
423.674	-72.132	423.659	-71.821
423.674	-72.132	423.669	-72.285
415.170	-70.730	419.765	-71.440
419.765	-71.440	419.728	-71.283
419.765	-71.440	419.831	-71.061
419.765	-71.440	420.366	-69.028
419.765	-71.440	419.924	-72.670
412.007	-70.438	415.170	-70.730
415.170	-70.730	414.793	-70.745
415.170	-70.730	415.296	-70.411
415.170	-70.730	414.728	-68.296
415.170	-70.730	413.441	-71.029
415.170	-70.730	413.037	-71.011
415.170	-70.730	415.332	-72.238
409.638	-70.615	412.007	-70.438
412.007	-70.438	411.160	-70.584
412.007	-70.438	411.032	-72.095
412.007	-70.438	410.273	-61.389
406.802	-68.462	409.638	-70.615
409.638	-70.615	406.670	-70.592
409.638	-70.615	408.824	-66.682
409.638	-70.615	407.841	-64.321
409.638	-70.615	409.193	-72.131
409.638	-70.615	408.350	-70.508
409.638	-70.615	408.321	-71.865
409.638	-70.615	410.790	-70.678
409.638	-70.615	410.563	-70.528
404.421	-68.264	406.802	-68.462
406.802	-68.462	406.632	-68.407
406.802	-68.462	407.350	-64.410
406.802	-68.462	407.711	-72.058
406.802	-68.462	406.249	-70.355
402.535	-67.404	404.421	-68.264
404.421	-68.264	403.414	-68.173
404.421	-68.264	403.933	-70.116
404.421	-68.264	402.874	-64.408
402.535	-67.404	402.535	-67.404
402.535	-67.404	403.586	-67.360
402.535	-67.404	402.197	-67.405
402.535	-67.404	402.847	-64.589
402.535	-67.404	402.818	-69.188
469.525	-89.454	469.151	-89.399	
469.525	-89.454	472.594	-89.551	
469.525	-89.454	470.125	-85.619	
469.525	-89.454	471.084	-91.537	
469.525	-89.454	470.679	-91.446	
469.525	-89.454	469.768	-89.836	
469.525	-89.454	471.048	-89.772	
469.525	-89.454	468.263	-89.903	
469.525	-89.454	469.325	-90.007	
469.525	-89.454	469.293	-88.591	
469.525	-89.454	472.850	-85.538	
460.860	-88.354	460.809	-87.506	
460.860	-88.354	461.085	-88.055	
460.860	-88.354	461.303	-88.404	
460.860	-88.354	461.708	-90.399	
453.950	-86.749	454.572	-86.756	
453.950	-86.749	452.917	-84.061	
453.950	-86.749	453.948	-86.118	
453.950	-86.749	454.050	-86.960	
453.950	-86.749	454.607	-88.639	
446.285	-84.279	446.887	-84.270	
446.285	-84.279	445.951	-84.028	
446.285	-84.279	446.280	-83.704	
446.285	-84.279	445.720	-81.502	
446.285	-84.279	447.591	-86.600	
445.215	-96.919	444.509	-96.950	
445.215	-96.919	441.033	-88.221	
445.215	-96.919	444.833	-95.136	
445.215	-96.919	445.722	-100.167	
430.585	-87.309	429.381	-87.231	
430.585	-87.309	429.337	-80.650	
430.585	-87.309	430.439	-88.854	
430.585	-87.309	430.399	-88.826	
430.585	-87.309	431.142	-87.228	
419.830	-77.284	421.162	-77.127	
419.830	-77.284	419.265	-76.905	
419.830	-77.284	420.561	-74.872	
419.830	-77.284	420.783	-78.514	
415.240	-76.494	415.627	-76.509	
415.240	-76.494	415.495	-76.175	
415.240	-76.494	415.351	-74.060	
415.240	-76.494	414.181	-76.793	
415.240	-76.494	414.890	-76.775	
415.240	-76.494	415.273	-78.002	
404.275	-82.174	401.934	-82.083	
404.275	-82.174	403.613	-84.026	
404.275	-82.174	402.742	-78.318	
POLYLINE BLACK
470.265	-85.454
470.185	-85.494
470.065	-85.454
470.025	-85.454
469.785	-85.274
469.685	-85.174
469.505	-85.074
469.345	-85.034
469.265	-84.954
469.225	-84.974
469.105	-84.894
469.025	-84.914
468.985	-84.894
468.905	-84.914
468.825	-84.914
468.705	-84.974
468.665	-84.974
468.565	-85.134
468.565	-85.194
468.545	-85.274
468.545	-85.574
468.565	-85.654
468.605	-85.834
468.665	-86.034
468.785	-86.074
468.825	-86.054
468.865	-86.074
468.945	-86.034
469.105	-86.094
469.145	-86.094
469.225	-86.274
469.245	-86.454
469.265	-86.554
469.285	-86.694
469.265	-86.794
469.245	-86.874
469.185	-87.194
469.185	-87.494
469.245	-87.814
469.265	-87.914
469.265	-88.074
469.285	-88.174
469.285	-88.234
469.305	-88.314
469.305	-88.434
469.285	-88.514
469.285	-88.574
469.245	-88.694
469.185	-89.034
469.145	-89.194
469.145	-89.334
469.245	-89.634
469.325	-89.694
POLYLINE BLACK
472.425	-89.534
472.405	-89.374
472.405	-88.714
472.385	-88.674
472.385	-88.494
472.365	-88.414
472.365	-88.134
472.405	-87.974
472.405	-87.834
472.465	-87.494
472.465	-87.434
472.525	-87.274
472.525	-87.214
472.605	-86.974
472.605	-86.894
472.705	-86.574
472.745	-86.414
472.825	-86.174
472.825	-86.054
472.925	-85.754
472.965	-85.574
472.985	-85.494
472.965	-85.454
472.925	-85.454
472.905	-85.414
472.825	-85.434
472.705	-85.434
472.545	-85.514
472.225	-85.514
472.185	-85.494
472.005	-85.534
471.885	-85.494
471.805	-85.494
471.705	-85.514
471.465	-85.514
471.385	-85.494
471.265	-85.494
471.185	-85.474
471.065	-85.454
471.005	-85.474
470.845	-85.434
470.765	-85.454
470.685	-85.414
470.485	-85.474
470.405	-85.474
470.325	-85.494
470.285	-85.474
470.125	-85.594
POLYLINE BLACK
470.515	-91.554
470.575	-91.614
470.725	-91.614
470.845	-91.644
470.965	-91.644
471.085	-91.614
471.145	-91.644
471.385	-91.554
471.625	-91.584
471.805	-91.584
471.985	-91.524
472.045	-91.554
472.105	-91.494
472.165	-91.524
472.225	-91.494
472.345	-91.524
472.525	-91.224
472.555	-91.104
472.555	-90.924
472.585	-90.804
472.585	-90.474
472.555	-90.354
472.555	-90.264
472.525	-90.144
472.525	-89.844
472.495	-89.724
472.495	-89.574
POLYLINE BLACK
469.075	-89.664
469.435	-89.784
469.495	-89.754
469.615	-89.784
469.735	-89.754
469.795	-89.694
469.855	-89.754
470.035	-89.784
470.155	-89.904
470.245	-90.354
470.275	-90.594
470.275	-90.804
470.305	-90.924
470.305	-91.104
470.365	-91.284
470.365	-91.344
470.485	-91.554
470.605	-91.584
470.725	-91.704
POLYLINE CONNECT
469.525	-89.454
469.701	-81.566
POLYLINE GREEN
466.885	-81.474
466.855	-81.399
466.780	-81.309
466.780	-81.279
466.720	-81.144
466.720	-81.114
466.690	-81.024
466.690	-80.979
466.720	-80.919
466.720	-80.814
POLYLINE GREEN
466.405	-81.474
466.375	-81.414
466.375	-81.204
466.315	-81.069
466.345	-80.904
466.300	-80.814
POLYLINE GREEN
466.660	-81.414
466.630	-81.354
466.585	-80.964
466.570	-80.934
466.555	-80.829
466.540	-80.799
POLYLINE GREEN
466.915	-81.219
466.870	-80.919
466.840	-80.859
POLYLINE GREEN
466.720	-80.649
466.690	-80.649
466.570	-80.604
466.510	-80.604
466.495	-80.634
466.360	-80.649
466.300	-80.649
466.240	-80.634
466.210	-80.664
466.150	-80.634
466.015	-80.649
465.985	-80.649
465.925	-80.634
POLYLINE GREEN
466.960	-80.664
466.930	-80.664
466.870	-80.709
466.810	-80.709
466.780	-80.679
466.750	-80.679
466.570	-80.634
466.540	-80.634
POLYLINE GREEN
466.810	-80.724
466.960	-80.724
467.020	-80.754
467.050	-80.754
467.200	-80.859
467.260	-80.964
467.290	-80.979
467.320	-81.039
467.320	-81.084
467.335	-81.144
467.350	-81.309
467.350	-81.534
467.335	-81.594
467.350	-81.669
467.350	-81.774
467.365	-81.834
467.365	-81.984
467.290	-82.089
467.260	-82.089
467.245	-82.119
467.155	-82.119
467.140	-82.089
467.110	-82.104
467.020	-82.044
POLYLINE GREEN
467.005	-81.774
467.005	-81.549
466.990	-81.399
466.990	-81.324
466.960	-81.159
POLYLINE GREEN
466.855	-81.624
466.855	-81.594
466.825	-81.519
466.810	-81.354
466.795	-81.324
POLYLINE GREEN
466.690	-81.789
466.675	-81.729
466.675	-81.309
466.660	-81.279
POLYLINE GREEN
466.555	-81.714
466.555	-81.369
POLYLINE GREEN
466.195	-81.444
466.225	-81.474
466.255	-81.474
466.315	-81.504
466.450	-81.774
466.510	-81.834
466.585	-81.744
466.585	-81.699
466.600	-81.669
466.600	-81.624
466.630	-81.759
466.660	-81.834
466.720	-81.894
466.750	-81.894
466.795	-81.834
466.810	-81.729
466.825	-81.609
466.825	-81.609
466.825	-81.684
466.840	-81.759
466.840	-81.879
466.885	-81.999
466.915	-82.029
466.945	-82.029
466.990	-81.969
467.035	-81.819
467.035	-81.759
467.050	-81.699
467.050	-81.564
467.080	-81.594
467.170	-81.954
467.245	-82.074
467.275	-82.059
467.365	-81.774
467.365	-81.744
467.380	-81.714
467.380	-81.609
467.350	-81.519
467.305	-81.459
467.305	-81.414
467.290	-81.384
467.290	-81.279
467.245	-81.174
467.215	-81.144
467.185	-81.039
467.155	-80.979
467.095	-80.949
467.050	-80.949
466.990	-80.979
466.960	-80.979
466.900	-81.024
POLYLINE BLACK
465.010	-81.324
465.025	-81.369
465.055	-81.369
465.115	-81.384
465.145	-81.384
465.235	-81.414
465.265	-81.399
465.295	-81.414
465.370	-81.414
465.430	-81.399
465.520	-81.399
465.580	-81.384
465.775	-81.384
465.865	-81.414
465.895	-81.399
465.925	-81.429
465.955	-81.414
466.015	-81.429
466.030	-81.459
466.030	-81.429
466.045	-81.459
466.075	-81.459
466.105	-81.474
466.165	-81.459
466.195	-81.459
466.225	-81.474
POLYLINE BLACK
467.740	-81.474
POLYLINE BLACK
467.935	-81.414
POLYLINE BLACK
469.330	-77.889
POLYLINE BLACK
464.980	-83.739
464.980	-83.709
465.055	-83.664
465.190	-83.649
465.220	-83.649
465.280	-83.664
465.310	-83.664
465.340	-83.679
465.445	-83.679
465.520	-83.694
465.580	-83.679
465.640	-83.679
465.700	-83.694
465.730	-83.694
465.760	-83.679
465.805	-83.679
465.835	-83.664
465.865	-83.679
465.925	-83.664
465.985	-83.664
466.015	-83.649
466.090	-83.649
466.120	-83.664
466.225	-83.664
466.285	-83.649
466.360	-83.664
466.420	-83.634
466.510	-83.634
466.570	-83.649
466.615	-83.649
466.645	-83.664
466.690	-83.664
466.750	-83.649
466.810	-83.664
466.870	-83.649
466.900	-83.649
466.930	-83.664
466.960	-83.649
466.990	-83.664
467.095	-83.664
467.170	-83.679
467.260	-83.679
467.335	-83.664
467.395	-83.664
467.485	-83.694
467.530	-83.694
467.620	-83.664
467.680	-83.694
467.815	-83.694
467.965	-83.679
468.025	-83.649
468.100	-83.649
468.160	-83.634
468.265	-83.634
468.340	-83.664
468.400	-83.649
468.460	-83.664
468.490	-83.664
468.565	-83.634
468.625	-83.664
468.745	-83.634
468.805	-83.649
468.835	-83.634
468.865	-83.649
468.910	-83.649
469.000	-83.619
469.045	-83.619
469.105	-83.604
469.165	-83.604
469.225	-83.589
POLYLINE BLACK
462.865	-83.664
462.895	-83.664
462.925	-83.679
463.060	-83.679
463.165	-83.649
463.195	-83.664
463.255	-83.649
463.285	-83.664
463.315	-83.649
463.375	-83.664
463.465	-83.664
463.525	-83.679
463.645	-83.679
463.705	-83.664
463.735	-83.679
463.780	-83.679
463.840	-83.664
463.870	-83.679
463.930	-83.664
464.065	-83.664
464.125	-83.649
464.260	-83.649
464.320	-83.664
464.395	-83.664
464.455	-83.679
464.485	-83.679
464.635	-83.724
464.695	-83.739
464.755	-83.724
464.815	-83.724
464.845	-83.709
464.890	-83.709
464.920	-83.694
464.980	-83.724
465.010	-83.694
465.070	-83.694
465.100	-83.679
POLYLINE BLACK
462.880	-81.204
462.910	-81.234
462.970	-81.219
463.030	-81.234
463.060	-81.234
463.150	-81.279
463.315	-81.249
463.345	-81.279
463.405	-81.279
463.540	-81.324
463.600	-81.309
463.810	-81.384
463.840	-81.384
463.945	-81.429
463.990	-81.429
464.110	-81.459
464.275	-81.444
464.335	-81.429
464.365	-81.399
464.485	-81.399
464.515	-81.414
464.575	-81.384
464.650	-81.384
464.710	-81.369
464.800	-81.384
464.890	-81.384
464.920	-81.369
464.965	-81.369
465.025	-81.384
465.055	-81.369
465.100	-81.369
465.130	-81.384
POLYLINE BLACK
460.000	-81.054
460.045	-81.069
460.105	-81.054
460.135	-81.054
460.165	-81.069
460.195	-81.054
460.225	-81.069
460.255	-81.054
460.315	-81.069
460.345	-81.069
460.405	-81.099
460.435	-81.099
460.495	-81.114
460.570	-81.129
460.690	-81.114
460.720	-81.114
460.810	-81.159
460.960	-81.159
461.095	-81.114
461.155	-81.129
461.215	-81.114
461.245	-81.114
461.275	-81.129
461.380	-81.129
461.440	-81.144
461.470	-81.144
461.530	-81.159
461.620	-81.159
461.665	-81.144
461.695	-81.159
461.785	-81.129
461.860	-81.129
461.965	-81.099
462.070	-81.099
462.280	-81.174
462.370	-81.174
462.400	-81.159
462.430	-81.174
462.655	-81.174
462.715	-81.159
462.745	-81.159
462.775	-81.174
462.835	-81.159
462.865	-81.159
462.895	-81.174
462.970	-81.144
POLYLINE BLACK
463.000	-83.604
462.865	-83.634
462.745	-83.634
462.715	-83.649
462.655	-83.634
462.460	-83.634
462.400	-83.604
462.340	-83.604
462.280	-83.589
462.250	-83.589
462.160	-83.619
461.965	-83.634
461.935	-83.634
461.875	-83.604
461.770	-83.604
461.740	-83.619
461.680	-83.589
461.650	-83.589
461.590	-83.574
461.560	-83.574
461.530	-83.589
461.470	-83.559
461.410	-83.574
461.320	-83.574
461.245	-83.559
461.215	-83.559
461.155	-83.544
461.065	-83.544
461.005	-83.529
460.975	-83.499
460.885	-83.499
460.825	-83.469
460.795	-83.469
460.735	-83.454
460.630	-83.454
460.600	-83.439
460.540	-83.454
460.510	-83.454
460.450	-83.469
460.420	-83.469
460.390	-83.454
460.360	-83.469
460.195	-83.424
460.060	-83.424
459.910	-83.379
459.775	-83.319
459.745	-83.319
459.640	-83.289
459.550	-83.304
459.475	-83.304
459.340	-83.274
459.310	-83.274
459.250	-83.259
459.175	-83.244
459.115	-83.214
459.055	-83.229
458.995	-83.199
458.965	-83.199
458.935	-83.169
458.770	-83.169
458.680	-83.139
458.620	-83.154
458.590	-83.154
458.560	-83.169
458.410	-83.169
458.380	-83.199
458.350	-83.199
458.290	-83.214
458.260	-83.214
458.230	-83.184
458.200	-83.184
458.140	-83.154
458.110	-83.154
458.050	-83.124
457.960	-83.124
457.930	-83.139
457.870	-83.124
POLYLINE BLACK
462.415	-83.634
462.415	-83.664
462.355	-83.679
462.325	-83.679
462.295	-83.664
POLYLINE BLACK
462.385	-83.439
POLYLINE BLACK
461.690	-90.319
461.650	-90.339
461.580	-90.339
461.540	-90.349
461.460	-90.349
461.400	-90.319
461.410	-90.339
461.500	-90.349
461.540	-90.329
461.580	-90.339
461.660	-90.319
461.730	-90.299
461.760	-90.269
POLYLINE BLACK
461.720	-90.249
461.720	-90.249
461.710	-90.319
461.650	-90.339
461.630	-90.319
461.600	-90.329
461.560	-90.299
461.520	-90.319
461.480	-90.309
461.460	-90.329
461.420	-90.329
461.400	-90.319
POLYLINE BLACK
461.070	-88.129
461.240	-88.329
461.270	-88.379
POLYLINE BLACK
461.170	-88.239
461.140	-88.209
461.040	-88.079
461.010	-88.039
460.990	-87.959
460.960	-87.849
460.940	-87.829
460.940	-87.799
460.900	-87.719
460.900	-87.679
460.840	-87.499
460.820	-87.459
460.760	-87.459
460.720	-87.479
460.710	-87.529
460.710	-87.589
460.720	-87.639
460.720	-87.679
460.730	-87.719
460.730	-87.779
460.740	-87.819
460.740	-87.849
460.750	-87.889
460.750	-87.949
460.740	-88.019
460.750	-88.059
460.780	-88.189
460.810	-88.279
POLYLINE BLACK
461.650	-90.299
461.710	-90.299
461.740	-90.259
461.690	-90.149
461.690	-90.129
461.660	-90.089
461.650	-90.049
461.620	-89.939
461.620	-89.909
461.590	-89.869
461.580	-89.829
461.560	-89.809
461.560	-89.789
461.530	-89.739
461.500	-89.659
461.490	-89.609
461.450	-89.489
461.450	-89.439
461.440	-89.399
461.420	-89.309
461.400	-89.269
461.400	-89.239
461.370	-89.139
461.370	-89.109
461.360	-89.069
461.340	-88.939
461.330	-88.849
461.330	-88.809
461.320	-88.759
461.310	-88.669
461.300	-88.579
461.290	-88.539
461.280	-88.499
461.230	-88.349
461.230	-88.329
POLYLINE BLACK
461.710	-90.339
461.630	-90.329
461.540	-90.329
461.500	-90.339
461.460	-90.339
461.380	-90.369
461.300	-90.339
461.240	-90.239
461.230	-90.199
461.190	-90.029
461.160	-89.919
461.110	-89.859
461.100	-89.769
461.050	-89.719
461.010	-89.649
460.980	-89.599
460.970	-89.559
460.950	-89.459
460.940	-89.409
460.930	-89.299
460.920	-89.259
460.910	-89.219
460.860	-89.079
460.860	-88.979
460.850	-88.949
460.860	-88.909
460.860	-88.809
460.870	-88.739
460.870	-88.629
460.850	-88.509
460.830	-88.409
460.820	-88.359
460.790	-88.259
POLYLINE CONNECT
460.860	-88.354
460.234	-81.859
POLYLINE BLACK
457.275	-79.969
457.305	-79.969
457.395	-80.044
457.425	-80.044
457.455	-80.074
457.485	-80.074
457.575	-80.104
457.620	-80.104
457.740	-80.134
457.770	-80.134
457.950	-80.269
458.010	-80.299
458.040	-80.299
458.070	-80.314
458.130	-80.299
458.160	-80.299
458.220	-80.344
458.580	-80.509
458.610	-80.539
458.640	-80.539
458.700	-80.554
458.790	-80.629
458.895	-80.704
458.955	-80.749
459.060	-80.779
459.105	-80.779
459.135	-80.794
459.180	-80.794
459.240	-80.824
459.345	-80.824
459.555	-80.914
459.585	-80.914
459.615	-80.929
459.780	-80.929
459.975	-80.989
460.005	-80.989
460.110	-81.034
460.170	-81.079
460.200	-81.079
460.260	-81.094
POLYLINE BLACK
453.960	-77.764
454.110	-77.764
454.305	-77.809
454.350	-77.839
454.380	-77.839
454.620	-77.959
454.785	-78.109
454.800	-78.139
454.830	-78.154
454.890	-78.229
455.055	-78.349
455.100	-78.409
455.340	-78.514
455.430	-78.514
455.550	-78.589
455.655	-78.754
455.700	-78.919
455.700	-78.949
455.745	-79.054
455.805	-79.099
455.850	-79.114
455.970	-79.204
456.105	-79.264
456.180	-79.354
456.285	-79.429
456.435	-79.549
456.450	-79.594
456.525	-79.714
456.540	-79.759
456.630	-79.834
456.705	-79.849
456.750	-79.879
456.825	-79.879
456.930	-79.909
456.990	-79.909
457.020	-79.894
457.080	-79.924
457.110	-79.924
457.200	-79.984
457.260	-79.984
457.290	-80.014
457.395	-80.014
457.455	-80.044
457.485	-80.029
POLYLINE BLACK
454.095	-82.144
454.110	-82.174
454.170	-82.219
454.245	-82.219
454.305	-82.264
454.335	-82.264
454.425	-82.339
454.485	-82.414
454.665	-82.549
454.695	-82.549
454.740	-82.609
454.860	-82.699
454.875	-82.729
454.905	-82.729
454.965	-82.774
454.995	-82.774
455.055	-82.789
455.100	-82.789
455.190	-82.834
455.250	-82.819
455.310	-82.834
455.340	-82.834
455.550	-82.894
455.640	-82.954
455.700	-82.999
455.715	-83.029
455.775	-83.044
455.805	-83.044
455.895	-83.089
455.955	-83.089
456.015	-83.119
456.060	-83.119
456.090	-83.104
456.150	-83.119
456.180	-83.089
456.240	-83.119
456.270	-83.119
456.300	-83.104
456.435	-83.134
456.495	-83.134
456.585	-83.164
456.630	-83.164
456.660	-83.149
456.720	-83.164
456.750	-83.149
456.840	-83.179
456.945	-83.179
457.005	-83.164
457.035	-83.179
457.110	-83.164
457.140	-83.164
457.170	-83.179
457.260	-83.149
457.320	-83.164
457.395	-83.149
457.560	-83.149
457.590	-83.164
457.650	-83.134
457.680	-83.149
457.740	-83.119
457.770	-83.134
457.800	-83.119
457.830	-83.149
457.890	-83.119
457.980	-83.149
POLYLINE BLUE
454.320	-88.534
454.440	-88.579
454.470	-88.579
454.560	-88.624
454.680	-88.624
454.740	-88.594
454.785	-88.594
454.845	-88.609
454.875	-88.609
454.905	-88.594
454.875	-88.579
454.650	-88.639
454.575	-88.609
454.515	-88.624
454.410	-88.624
454.350	-88.639
454.320	-88.639
454.350	-88.624
454.380	-88.639
454.560	-88.639
454.590	-88.624
454.725	-88.654
454.815	-88.654
454.815	-88.654
454.755	-88.669
454.635	-88.669
454.500	-88.699
454.440	-88.699
454.365	-88.684
POLYLINE BLACK
452.850	-83.959
452.880	-84.124
452.865	-84.184
452.865	-84.214
452.850	-84.274
452.850	-84.364
452.880	-84.469
452.880	-84.619
452.895	-84.694
452.895	-84.784
452.985	-85.024
452.985	-85.054
453.000	-85.114
453.000	-85.189
453.045	-85.309
453.105	-85.384
453.120	-85.429
453.165	-85.489
453.195	-85.489
453.285	-85.609
453.315	-85.744
453.315	-85.774
453.360	-85.939
453.360	-86.014
453.390	-86.074
453.390	-86.119
453.525	-86.314
453.645	-86.419
453.780	-86.719
453.825	-86.734
453.960	-86.914
453.960	-86.944
454.005	-87.004
454.005	-87.034
454.020	-87.064
454.020	-87.244
454.035	-87.304
454.035	-87.364
454.050	-87.394
454.050	-87.469
454.095	-87.694
454.095	-87.724
454.155	-87.919
454.200	-88.114
454.260	-88.309
454.275	-88.384
454.305	-88.444
454.305	-88.474
454.350	-88.564
454.365	-88.639
454.410	-88.699
454.470	-88.699
454.500	-88.714
454.560	-88.684
454.635	-88.684
454.695	-88.654
454.785	-88.654
454.845	-88.639
454.995	-88.639
455.010	-88.579
455.010	-88.549
454.980	-88.489
454.980	-88.444
454.950	-88.384
454.950	-88.354
454.905	-88.219
454.905	-88.069
454.890	-88.009
454.890	-87.934
454.800	-87.634
454.800	-87.469
454.785	-87.394
454.785	-87.304
454.710	-87.124
454.710	-87.064
454.680	-86.944
454.680	-86.914
454.665	-86.884
454.665	-86.839
454.605	-86.689
454.590	-86.659
454.590	-86.614
454.560	-86.584
454.515	-86.479
454.485	-86.449
454.485	-86.419
454.275	-86.209
454.245	-86.209
454.155	-86.134
454.095	-86.134
454.005	-86.074
453.975	-86.074
453.885	-85.999
453.780	-85.849
453.780	-85.819
453.735	-85.714
453.735	-85.684
453.690	-85.594
453.690	-85.534
453.660	-85.474
453.660	-85.399
453.615	-85.249
453.570	-85.084
453.495	-84.964
453.450	-84.904
453.420	-84.889
453.405	-84.844
453.315	-84.709
453.225	-84.514
453.225	-84.454
453.195	-84.394
453.195	-84.364
453.165	-84.289
453.105	-84.244
453.090	-84.199
452.970	-84.094
452.940	-84.094
452.895	-84.034
452.865	-84.034
POLYLINE CONNECT
453.950	-86.749
453.814	-80.310
POLYLINE BLACK
449.170	-81.289
449.250	-81.309
449.390	-81.369
449.550	-81.389
449.710	-81.449
449.910	-81.469
450.050	-81.489
450.290	-81.529
450.370	-81.589
450.510	-81.629
450.590	-81.649
450.670	-81.669
450.750	-81.669
451.270	-81.849
451.390	-81.929
451.430	-81.929
451.470	-81.969
451.550	-81.949
451.630	-81.969
451.910	-82.029
452.050	-82.069
452.170	-82.069
452.350	-82.109
452.430	-82.109
452.490	-82.089
452.690	-82.129
452.830	-82.129
452.910	-82.149
452.990	-82.149
453.110	-82.189
453.230	-82.209
453.270	-82.189
453.350	-82.229
453.490	-82.229
453.530	-82.249
453.610	-82.209
453.650	-82.229
453.690	-82.209
453.730	-82.229
453.950	-82.169
453.990	-82.189
454.030	-82.169
454.090	-82.209
454.170	-82.209
POLYLINE BLACK
449.230	-75.969
449.230	-76.009
449.270	-76.049
449.310	-76.049
449.530	-76.149
449.570	-76.149
449.610	-76.189
449.690	-76.209
450.010	-76.289
450.110	-76.269
450.470	-76.529
450.790	-76.689
450.990	-76.849
451.070	-76.869
451.810	-77.069
451.990	-77.149
452.050	-77.149
452.090	-77.189
452.170	-77.209
452.290	-77.289
452.370	-77.309
452.530	-77.369
452.770	-77.369
452.950	-77.429
453.010	-77.469
453.050	-77.469
453.150	-77.529
453.250	-77.589
453.330	-77.609
453.510	-77.709
453.590	-77.729
453.670	-77.749
453.750	-77.729
453.930	-77.769
POLYLINE BLACK
446.390	-75.249
446.490	-75.329
446.570	-75.349
446.710	-75.389
446.790	-75.409
446.870	-75.429
446.930	-75.429
446.970	-75.449
447.050	-75.429
447.130	-75.429
447.390	-75.529
447.490	-75.589
447.570	-75.609
447.710	-75.689
447.890	-75.729
447.970	-75.769
448.030	-75.769
448.230	-75.829
448.430	-75.949
448.510	-75.969
448.610	-75.949
448.730	-75.989
448.870	-75.989
448.910	-75.969
448.950	-76.009
449.070	-76.009
449.390	-76.069
449.430	-76.089
POLYLINE BLACK
445.710	-80.129
445.870	-80.189
445.970	-80.189
446.050	-80.169
446.090	-80.189
446.230	-80.169
446.310	-80.189
446.470	-80.209
446.730	-80.369
446.970	-80.529
447.050	-80.549
447.210	-80.629
447.270	-80.629
447.670	-80.769
447.830	-80.809
447.970	-80.849
448.050	-80.869
448.150	-80.909
448.310	-81.029
448.350	-81.089
448.430	-81.109
448.650	-81.229
448.750	-81.209
448.830	-81.229
448.950	-81.229
449.330	-81.329
POLYLINE BLACK
446.765	-84.099
446.765	-84.069
446.675	-83.874
446.660	-83.799
446.615	-83.694
446.555	-83.604
446.540	-83.529
446.450	-83.439
446.450	-83.394
446.300	-83.139
446.300	-83.109
446.225	-82.959
446.225	-82.929
446.195	-82.869
446.195	-82.779
446.180	-82.704
446.180	-82.614
446.165	-82.554
446.165	-82.494
446.135	-82.374
446.120	-82.254
446.090	-82.134
446.045	-82.074
446.045	-82.044
445.985	-81.939
445.955	-81.879
445.955	-81.849
445.925	-81.789
445.925	-81.759
445.895	-81.699
445.895	-81.624
445.835	-81.474
445.805	-81.474
445.775	-81.414
445.715	-81.384
445.625	-81.414
POLYLINE BLACK
445.955	-84.159
445.970	-84.189
445.970	-84.264
446.015	-84.429
446.090	-84.549
446.210	-84.699
446.285	-84.819
446.390	-84.984
446.450	-85.104
446.480	-85.134
446.480	-85.164
446.690	-85.464
446.720	-85.569
446.810	-85.689
446.825	-85.734
446.915	-85.854
447.035	-86.019
447.140	-86.169
447.140	-86.304
447.170	-86.364
447.170	-86.394
447.305	-86.484
447.335	-86.529
447.365	-86.544
447.440	-86.709
447.560	-86.784
447.590	-86.784
447.680	-86.724
447.680	-86.664
447.650	-86.559
447.575	-86.439
447.575	-86.364
447.560	-86.304
447.560	-86.274
447.350	-85.809
447.350	-85.764
447.335	-85.734
447.335	-85.689
447.305	-85.629
447.305	-85.599
447.185	-85.179
446.990	-84.774
446.990	-84.669
446.945	-84.579
446.945	-84.504
446.915	-84.444
446.915	-84.414
446.840	-84.204
446.795	-84.114
POLYLINE BLACK
445.685	-81.384
445.655	-81.459
445.655	-81.639
445.640	-81.699
445.640	-81.759
445.700	-81.939
445.700	-81.984
445.730	-82.044
445.730	-82.224
445.745	-82.299
445.745	-82.584
445.760	-82.689
445.760	-83.139
445.775	-83.199
445.775	-83.229
445.790	-83.259
445.790	-83.484
445.805	-83.514
445.805	-83.559
445.820	-83.619
445.820	-83.694
445.850	-83.754
445.850	-83.784
445.880	-83.844
445.880	-83.874
445.925	-83.979
445.925	-84.009
445.985	-84.174
445.985	-84.204
446.045	-84.309
POLYLINE CONNECT
446.285	-84.279
445.932	-77.942
POLYLINE BLACK
444.965	-74.349
445.175	-74.439
445.235	-74.409
445.475	-74.559
445.565	-74.679
445.685	-74.709
445.985	-74.979
446.375	-75.279
446.435	-75.279
446.585	-75.459
POLYLINE BLACK
441.905	-77.199
441.965	-77.259
442.055	-77.259
442.235	-77.319
442.505	-77.649
442.595	-77.739
442.775	-77.799
442.835	-77.799
442.895	-77.859
443.015	-77.859
443.285	-77.979
443.345	-78.039
443.405	-78.039
443.555	-78.189
443.705	-78.429
443.855	-78.699
444.005	-78.909
444.515	-79.299
444.725	-79.359
445.295	-79.899
445.625	-80.139
445.685	-80.199
445.805	-80.199
445.985	-80.289
446.015	-80.349
446.075	-80.349
POLYLINE BLACK
444.795	-95.099
444.875	-95.459
445.075	-95.699
445.175	-95.919
445.195	-96.079
445.195	-96.179
445.215	-96.259
445.215	-96.359
445.235	-96.499
445.295	-96.879
445.355	-97.039
445.355	-97.099
445.415	-97.259
445.435	-97.339
445.495	-97.499
445.555	-97.579
445.635	-97.799
445.655	-97.979
445.675	-98.059
445.675	-98.359
445.655	-98.439
445.655	-98.659
445.755	-98.999
445.835	-99.319
445.835	-99.459
445.955	-99.839
445.975	-100.019
445.995	-100.099
445.995	-100.259
445.895	-100.419
445.815	-100.419
445.595	-100.199
445.495	-100.079
445.475	-99.999
445.375	-99.779
445.355	-99.699
445.315	-99.559
445.295	-99.479
445.315	-99.339
445.295	-99.199
445.295	-99.079
445.255	-98.939
445.215	-98.739
445.095	-98.359
445.055	-98.179
444.975	-98.059
444.915	-98.039
444.755	-97.859
444.695	-97.799
444.615	-97.719
444.555	-97.599
444.475	-97.179
444.455	-97.019
444.455	-96.939
POLYLINE BLACK
440.815	-88.079
440.815	-88.119
440.735	-88.139
440.655	-88.179
440.535	-88.319
440.415	-88.659
440.415	-88.799
440.475	-89.019
440.475	-89.159
440.555	-89.519
440.795	-89.899
440.795	-89.959
440.855	-90.039
440.875	-90.159
440.935	-90.259
441.135	-90.499
441.175	-90.699
441.175	-90.699
441.275	-90.999
441.315	-91.179
441.455	-91.379
441.555	-91.499
441.595	-91.479
441.735	-91.539
441.855	-91.639
441.955	-91.739
441.995	-91.879
441.995	-91.959
442.015	-92.099
442.015	-92.199
442.095	-92.419
442.255	-92.659
442.515	-92.839
442.595	-92.919
442.715	-92.999
442.735	-93.019
442.755	-93.099
442.735	-93.179
442.735	-93.279
442.775	-93.399
442.835	-93.699
442.855	-93.859
442.915	-94.019
443.035	-94.119
443.135	-94.159
443.395	-94.359
443.495	-94.479
443.615	-94.759
443.655	-94.799
443.655	-94.839
443.715	-94.919
443.735	-94.999
443.795	-95.259
443.835	-95.539
443.975	-95.699
444.055	-95.919
444.055	-95.979
444.135	-96.199
444.215	-96.259
444.335	-96.259
444.515	-96.339
444.615	-96.459
444.615	-96.579
444.535	-96.839
444.535	-97.019
POLYLINE BLACK
442.995	-90.539
443.035	-90.719
442.975	-91.019
442.975	-91.199
443.055	-91.359
443.075	-91.539
443.095	-91.619
443.135	-91.779
443.195	-91.999
443.235	-92.119
443.235	-92.259
443.275	-92.379
443.415	-92.519
443.795	-93.359
443.935	-93.559
444.295	-93.999
444.455	-94.359
444.475	-94.439
444.515	-94.559
444.575	-94.639
444.815	-95.119
444.835	-95.199
444.875	-95.239
POLYLINE BLACK
442.955	-90.519
POLYLINE BLACK
440.775	-88.159
440.855	-88.159
440.935	-88.139
441.015	-88.119
441.155	-88.059
441.255	-88.079
441.335	-88.039
441.475	-88.039
441.575	-87.999
441.655	-87.999
441.695	-88.019
441.835	-87.999
441.955	-88.039
442.015	-88.039
442.315	-88.139
442.395	-88.159
442.775	-88.379
442.975	-88.599
443.015	-88.679
443.015	-88.679
442.955	-88.799
442.935	-88.879
442.915	-88.979
442.915	-89.359
442.935	-89.439
442.935	-89.519
442.955	-89.599
442.955	-89.659
442.975	-89.739
442.995	-89.919
442.955	-90.239
442.915	-90.419
442.935	-90.499
442.935	-90.499
POLYLINE CONNECT
445.215	-96.919
444.629	-76.123
POLYLINE BLACK
442.335	-72.189
442.695	-72.759
443.205	-73.329
443.655	-73.749
443.805	-73.899
443.895	-73.899
444.075	-74.049
444.135	-74.049
444.285	-74.169
444.405	-74.199
444.495	-74.259
444.615	-74.289
444.765	-74.379
444.915	-74.409
445.065	-74.439
445.215	-74.469
445.515	-74.559
445.575	-74.529
POLYLINE BLACK
440.745	-70.599
440.745	-70.359
440.925	-69.549
440.955	-69.279
440.985	-69.039
440.955	-68.979
440.955	-68.829
440.925	-68.709
440.925	-68.379
441.075	-67.989
441.225	-67.749
441.675	-67.449
441.735	-67.449
441.795	-67.389
441.915	-67.389
442.005	-67.359
442.065	-67.389
442.125	-67.329
442.245	-67.299
442.305	-67.269
442.425	-67.299
442.545	-67.299
442.755	-67.269
442.845	-67.269
443.025	-67.329
443.145	-67.299
POLYLINE BLACK
440.355	-70.959
440.775	-70.779
440.895	-70.539
440.955	-70.299
440.985	-70.239
POLYLINE BLACK
439.245	-76.599
439.365	-76.629
439.635	-76.719
439.695	-76.689
439.815	-76.719
439.875	-76.719
439.965	-76.779
440.145	-76.779
440.355	-76.839
440.475	-76.839
440.655	-76.929
440.715	-76.899
441.165	-77.079
441.255	-77.079
441.435	-77.139
441.555	-77.109
442.035	-77.259
442.125	-77.229
POLYLINE BLACK
436.785	-75.789
436.905	-75.969
436.995	-75.939
437.175	-75.999
437.295	-76.029
437.415	-76.119
437.535	-76.149
437.805	-76.269
437.865	-76.239
438.135	-76.329
438.225	-76.329
438.465	-76.389
438.585	-76.419
438.855	-76.509
438.975	-76.539
439.185	-76.569
439.305	-76.569
439.365	-76.599
POLYLINE BLACK
439.965	-71.049
440.085	-71.079
440.565	-71.079
440.745	-71.019
440.805	-70.959
POLYLINE BLACK
436.185	-71.109
436.365	-71.199
436.425	-71.199
436.575	-71.289
436.755	-71.379
437.085	-71.439
437.385	-71.379
437.505	-71.409
437.715	-71.349
437.955	-71.409
438.135	-71.349
438.255	-71.349
438.255	-71.349
438.375	-71.349
438.555	-71.259
438.675	-71.289
438.915	-71.259
438.975	-71.289
439.095	-71.289
439.545	-71.199
439.815	-71.199
439.875	-71.229
439.995	-71.199
440.115	-71.169
440.175	-71.109
440.295	-71.139
440.385	-71.109
POLYLINE BLACK
431.175	-74.499
431.295	-74.499
431.415	-74.529
431.685	-74.529
432.075	-74.619
432.195	-74.619
432.255	-74.589
432.615	-74.709
432.825	-74.919
432.915	-75.099
432.945	-75.219
432.975	-75.279
432.975	-75.279
433.095	-75.459
433.275	-75.609
433.515	-75.609
433.845	-75.549
434.025	-75.579
434.085	-75.549
434.295	-75.609
434.415	-75.609
434.475	-75.639
434.535	-75.609
434.775	-75.669
434.955	-75.789
435.015	-75.789
435.045	-75.849
435.165	-75.849
435.315	-75.819
435.555	-75.909
435.705	-75.909
435.945	-75.969
436.065	-75.939
436.185	-75.969
436.425	-75.969
436.485	-75.999
436.545	-75.939
436.665	-75.969
436.905	-75.909
436.965	-75.939
POLYLINE BLACK
430.245	-74.379
430.305	-74.229
430.335	-74.019
430.395	-73.719
430.425	-73.389
430.455	-73.239
430.455	-73.119
430.605	-73.059
430.815	-73.059
431.025	-72.999
431.145	-72.999
431.295	-73.059
431.355	-73.029
431.535	-73.149
431.565	-73.269
431.565	-73.419
431.385	-74.469
431.385	-74.529
POLYLINE BLACK
434.265	-69.699
434.325	-69.729
434.415	-69.699
434.535	-69.729
434.595	-69.789
434.715	-69.789
434.775	-69.759
434.955	-69.819
435.315	-70.209
435.525	-70.659
435.525	-70.719
435.855	-71.049
435.945	-71.139
436.065	-71.139
436.335	-71.229
POLYLINE BLACK
432.375	-69.369
432.555	-69.549
432.615	-69.519
432.735	-69.609
433.005	-69.579
433.365	-69.639
433.485	-69.669
433.605	-69.669
433.665	-69.639
433.935	-69.729
434.055	-69.699
434.355	-69.639
434.415	-69.609
POLYLINE BLACK
430.785	-66.009
430.905	-66.129
431.145	-66.159
431.745	-66.159
431.865	-66.129
431.985	-66.159
432.105	-66.189
432.225	-66.189
432.315	-66.219
432.465	-66.219
432.705	-66.279
432.945	-66.339
433.005	-66.309
433.215	-66.369
433.335	-66.549
433.335	-66.669
433.305	-66.789
433.275	-66.909
433.245	-67.029
433.065	-67.179
432.945	-67.209
432.765	-67.389
432.465	-67.689
432.405	-67.689
432.315	-67.839
432.405	-68.019
432.405	-68.259
432.435	-68.379
432.435	-68.499
432.405	-68.649
432.405	-68.889
432.435	-69.009
432.435	-69.249
432.495	-69.369
POLYLINE BLACK
429.895	-88.669
429.895	-88.849
POLYLINE BLACK
429.935	-88.809
429.915	-88.769
429.935	-88.729
429.955	-88.509
429.995	-88.289
429.995	-88.189
430.075	-87.869
430.135	-87.689
430.135	-87.649
430.195	-87.569
430.195	-87.529
430.275	-87.449
430.315	-87.449
430.355	-87.409
430.395	-87.429
430.435	-87.409
430.475	-87.429
430.555	-87.409
430.595	-87.409
430.635	-87.689
430.655	-87.769
430.655	-87.949
430.675	-88.029
430.675	-88.569
430.655	-88.649
430.675	-88.729
430.675	-88.769
POLYLINE BLACK
430.375	-88.729
430.555	-88.789
430.595	-88.769
430.695	-88.789
430.735	-88.769
430.775	-88.789
430.815	-88.769
430.895	-88.789
430.935	-88.769
430.975	-88.829
430.975	-88.789
431.015	-88.809
431.055	-88.789
431.095	-88.809
431.175	-88.789
431.095	-88.469
431.055	-88.309
431.055	-88.229
431.075	-88.129
431.075	-87.969
431.095	-87.889
431.135	-87.689
431.115	-87.609
431.115	-87.489
431.135	-87.449
431.115	-87.409
431.135	-87.329
431.115	-87.169
POLYLINE BLACK
429.295	-87.209
429.395	-87.309
429.435	-87.429
429.435	-87.609
429.395	-87.769
429.415	-87.809
429.395	-87.889
429.355	-88.049
429.315	-88.129
429.315	-88.189
429.255	-88.309
429.235	-88.489
429.235	-88.609
429.335	-88.829
429.375	-88.869
429.535	-88.869
429.715	-88.909
429.875	-88.869
429.955	-88.889
430.175	-88.849
430.255	-88.849
430.295	-88.829
430.335	-88.849
430.375	-88.809
430.455	-88.829
430.595	-88.809
POLYLINE BLACK
428.315	-80.669
428.215	-80.749
428.175	-80.729
428.095	-80.749
428.015	-80.769
427.975	-80.749
427.835	-80.909
427.815	-81.069
427.835	-81.209
427.875	-81.249
427.955	-81.269
428.075	-81.309
428.115	-81.309
428.155	-81.349
428.155	-81.409
428.175	-81.489
428.235	-81.749
428.295	-81.829
428.315	-81.909
428.335	-82.049
428.375	-82.089
428.375	-82.129
428.415	-82.169
428.415	-82.209
428.595	-82.389
428.635	-82.469
428.635	-82.969
428.615	-83.109
428.615	-83.189
428.595	-83.329
428.595	-83.409
428.675	-83.569
428.675	-83.609
428.755	-83.729
428.755	-83.789
428.815	-84.029
428.835	-84.109
428.995	-84.269
429.135	-84.469
429.155	-84.549
429.215	-84.749
429.215	-84.809
429.255	-84.969
429.255	-85.049
429.335	-85.289
429.335	-85.509
429.275	-85.669
429.255	-85.829
429.255	-86.189
429.295	-86.369
429.295	-86.709
429.355	-86.789
429.415	-86.969
429.415	-87.049
429.375	-87.089
429.355	-87.269
429.335	-87.349
429.335	-87.389
POLYLINE BLACK
430.555	-85.409
430.595	-85.589
430.675	-85.809
430.715	-85.969
430.895	-86.249
430.995	-86.409
430.995	-86.509
431.015	-86.589
431.075	-86.849
431.115	-86.969
431.115	-87.109
431.135	-87.189
431.135	-87.269
431.155	-87.309
POLYLINE BLACK
429.735	-80.629
429.895	-80.629
429.975	-80.609
430.055	-80.629
430.095	-80.649
430.175	-80.629
430.375	-80.629
430.435	-80.709
430.435	-80.829
430.375	-80.989
430.335	-81.049
430.295	-81.049
430.295	-81.089
430.195	-81.149
430.115	-81.269
430.115	-81.409
430.135	-81.489
430.135	-81.729
430.155	-81.829
430.195	-82.089
430.195	-82.169
430.235	-82.349
430.235	-82.469
430.255	-82.549
430.295	-82.709
430.395	-83.009
430.395	-83.089
430.475	-83.389
430.495	-83.609
430.495	-83.609
430.515	-83.649
430.495	-83.729
430.475	-83.809
430.495	-83.889
430.495	-84.029
430.515	-84.109
430.535	-84.289
430.515	-84.369
430.495	-84.769
430.475	-84.809
430.495	-84.889
430.495	-85.069
430.515	-85.149
430.555	-85.369
430.575	-85.449
430.615	-85.609
430.635	-85.569
430.635	-85.569
POLYLINE BLACK
428.275	-80.729
428.375	-80.749
428.795	-80.749
428.835	-80.769
428.955	-80.709
429.215	-80.709
429.295	-80.689
429.375	-80.669
429.415	-80.649
429.495	-80.689
429.535	-80.649
429.775	-80.649
429.855	-80.629
POLYLINE CONNECT
430.585	-87.309
431.162	-73.043
POLYLINE BLUE
427.360	-73.734
427.240	-73.914
POLYLINE BLUE
427.120	-73.704
427.000	-73.884
426.880	-74.004
POLYLINE BLUE
426.790	-73.764
426.790	-73.824
426.580	-73.974
426.460	-74.094
POLYLINE BLUE
426.400	-73.734
426.280	-73.854
426.100	-74.004
POLYLINE BLUE
425.860	-73.734
425.800	-73.764
425.800	-73.824
425.710	-73.944
POLYLINE BLUE
425.380	-73.704
425.410	-73.764
425.140	-73.974
POLYLINE BLUE
424.870	-73.704
425.230	-73.764
425.350	-73.734
425.470	-73.794
425.530	-73.764
425.650	-73.794
425.770	-73.824
425.830	-73.854
426.160	-73.734
426.370	-73.764
426.610	-73.764
426.670	-73.734
426.730	-73.764
426.940	-73.704
427.120	-73.734
427.240	-73.704
427.360	-73.704
427.480	-73.734
427.600	-73.734
POLYLINE BLACK
427.510	-73.944
427.570	-73.644
427.540	-73.584
427.660	-73.524
427.810	-73.524
427.930	-73.494
428.050	-73.494
428.320	-73.434
428.440	-73.494
428.560	-73.464
428.680	-73.464
428.800	-73.494
428.920	-73.524
428.980	-73.554
429.040	-73.524
429.100	-73.584
429.100	-73.974
429.040	-74.094
POLYLINE BLACK
427.990	-74.064
428.110	-74.064
428.440	-74.154
428.650	-74.124
428.710	-74.154
428.890	-74.094
428.950	-74.184
429.190	-74.184
429.370	-74.274
429.580	-74.274
429.820	-74.334
429.940	-74.334
430.150	-74.424
430.240	-74.424
430.360	-74.454
430.780	-74.544
431.020	-74.514
431.350	-74.514
431.410	-74.484
POLYLINE BLACK
424.510	-73.194
424.840	-73.524
424.990	-73.824
425.170	-73.944
425.290	-73.974
425.680	-74.094
425.740	-74.064
426.070	-74.154
426.130	-74.124
426.340	-74.154
426.640	-74.094
426.700	-74.124
426.820	-74.094
426.880	-74.124
427.060	-74.034
427.360	-74.034
427.450	-74.064
427.570	-74.034
427.690	-74.004
427.750	-74.034
427.870	-74.004
427.930	-74.064
428.050	-74.034
POLYLINE BLACK
427.330	-65.514
427.600	-65.634
427.750	-65.664
427.810	-65.634
427.870	-65.694
427.960	-65.694
428.380	-65.784
428.710	-65.784
429.310	-65.844
429.880	-65.964
429.940	-65.994
430.000	-65.964
430.270	-66.084
430.510	-66.114
430.660	-66.084
430.900	-66.174
431.050	-66.174
POLYLINE BLACK
423.880	-65.364
424.000	-65.334
424.150	-65.334
424.210	-65.394
424.480	-65.394
424.600	-65.454
424.750	-65.454
425.230	-65.604
425.500	-65.604
425.620	-65.634
425.680	-65.604
426.070	-65.604
426.340	-65.544
426.460	-65.574
426.640	-65.574
426.790	-65.544
426.970	-65.544
427.090	-65.574
427.570	-65.574
427.690	-65.514
427.810	-65.574
427.870	-65.544
POLYLINE GREEN
423.250	-65.514
423.580	-65.304
423.850	-65.184
POLYLINE GREEN
423.970	-65.394
424.090	-65.574
424.120	-65.754
424.240	-66.174
424.240	-66.294
424.270	-66.504
424.270	-66.654
424.030	-67.164
424.030	-67.284
424.150	-67.674
424.150	-67.794
424.060	-68.064
424.060	-68.154
423.880	-68.454
423.820	-68.604
423.730	-68.724
POLYLINE GREEN
423.640	-65.274
423.790	-65.574
423.820	-65.814
423.820	-65.934
423.910	-66.204
423.910	-66.384
423.790	-66.714
423.790	-66.894
423.940	-67.464
423.940	-67.734
423.850	-68.064
423.850	-68.184
423.880	-68.394
423.880	-68.634
423.820	-68.904
423.640	-69.054
423.580	-69.054
423.460	-68.934
423.340	-68.844
423.340	-68.724
423.310	-68.604
423.310	-68.274
423.340	-68.154
423.340	-67.614
423.280	-67.374
423.280	-67.224
423.430	-66.714
423.400	-66.594
423.400	-66.204
423.310	-65.874
423.280	-65.754
423.250	-65.574
POLYLINE BLUE
420.655	-78.474
420.625	-78.489
POLYLINE BLUE
420.580	-78.444
420.580	-78.474
420.490	-78.564
POLYLINE BLUE
420.520	-78.399
420.445	-78.519
POLYLINE BLUE
420.400	-78.444
420.310	-78.504
POLYLINE BLUE
420.220	-78.489
420.130	-78.609
POLYLINE BLUE
419.980	-78.474
420.040	-78.459
420.100	-78.459
420.130	-78.474
420.160	-78.459
420.295	-78.474
420.475	-78.429
420.595	-78.429
420.655	-78.414
420.715	-78.444
POLYLINE BLACK
421.105	-77.079
421.105	-77.139
421.090	-77.214
421.090	-77.244
421.030	-77.334
420.985	-77.439
420.955	-77.454
420.910	-77.514
420.820	-77.589
420.820	-77.619
420.805	-77.679
420.820	-77.739
420.820	-77.829
420.835	-77.859
420.805	-77.994
420.805	-78.024
420.790	-78.084
420.790	-78.144
420.775	-78.204
420.805	-78.264
420.805	-78.354
420.820	-78.429
420.820	-78.459
420.835	-78.519
420.775	-78.609
POLYLINE BLACK
420.445	-74.919
420.505	-74.904
420.535	-74.904
420.595	-74.874
420.685	-74.874
420.835	-74.934
420.895	-74.964
420.925	-74.964
421.105	-75.069
421.135	-75.069
421.165	-75.099
421.225	-75.099
421.255	-75.129
421.255	-75.174
421.300	-75.324
421.300	-75.429
421.285	-75.489
421.285	-75.519
421.255	-75.639
421.255	-75.669
421.210	-75.759
421.180	-75.969
421.150	-76.104
421.150	-76.134
421.075	-76.404
421.075	-76.464
421.090	-76.524
421.090	-76.839
421.105	-76.899
421.105	-76.989
421.120	-77.049
421.120	-77.109
POLYLINE BLACK
419.170	-76.224
419.200	-76.239
419.230	-76.224
419.290	-76.089
419.290	-76.029
419.320	-75.969
419.320	-75.924
419.335	-75.894
419.365	-75.879
419.365	-75.849
419.395	-75.804
419.425	-75.789
419.545	-75.639
419.560	-75.609
419.620	-75.564
419.665	-75.504
419.845	-75.369
419.875	-75.369
419.950	-75.279
420.085	-75.189
420.310	-75.024
420.340	-74.994
420.370	-74.994
420.490	-74.904
420.565	-74.874
POLYLINE BLACK
419.680	-78.039
419.710	-77.979
419.710	-77.889
419.800	-77.694
419.800	-77.664
419.830	-77.604
419.815	-77.544
419.815	-77.454
419.770	-77.349
419.650	-77.259
419.620	-77.274
419.560	-77.244
419.530	-77.244
419.410	-77.184
419.380	-77.184
419.350	-77.154
419.305	-77.139
419.275	-77.109
419.245	-77.109
419.185	-77.019
419.140	-76.629
419.140	-76.494
419.155	-76.434
419.155	-76.404
419.185	-76.344
419.185	-76.314
419.260	-76.194
POLYLINE BLACK
420.100	-78.549
419.995	-78.294
420.055	-78.504
420.055	-78.474
419.995	-78.384
419.920	-78.294
419.890	-78.279
419.785	-78.129
419.830	-78.099
419.845	-78.069
419.755	-78.009
419.725	-77.979
419.695	-77.979
POLYLINE BLACK
420.805	-78.489
420.745	-78.534
420.715	-78.534
420.685	-78.564
420.685	-78.594
420.655	-78.564
420.625	-78.564
420.565	-78.594
420.535	-78.564
420.505	-78.564
420.415	-78.594
420.385	-78.579
420.355	-78.594
420.295	-78.564
420.265	-78.564
420.235	-78.579
420.175	-78.549
420.145	-78.549
POLYLINE CONNECT
419.830	-77.284
419.765	-71.440
POLYLINE BLACK
423.400	-72.184
423.520	-72.214
423.580	-72.244
424.270	-72.094
424.450	-72.124
424.480	-72.244
424.480	-72.484
424.510	-72.694
424.510	-72.994
424.540	-73.114
424.540	-73.234
424.420	-73.234
424.300	-73.264
423.910	-73.204
423.820	-73.204
423.760	-73.174
POLYLINE BLACK
423.550	-72.214
423.550	-72.154
423.430	-72.124
423.340	-72.124
423.130	-72.064
422.860	-72.094
422.650	-72.124
422.380	-72.124
422.140	-72.184
422.140	-72.424
422.110	-72.544
422.110	-72.934
422.080	-73.054
422.080	-73.144
422.110	-73.204
POLYLINE BLACK
419.500	-72.664
419.950	-72.664
420.190	-72.724
420.280	-72.724
420.340	-72.694
420.580	-72.784
420.700	-72.754
420.880	-72.844
421.120	-72.904
421.300	-72.994
421.540	-73.054
421.750	-73.114
421.810	-73.174
422.050	-73.174
422.110	-73.144
422.410	-73.234
422.560	-73.234
422.680	-73.204
422.800	-73.204
422.920	-73.144
422.980	-73.204
423.730	-73.204
423.880	-73.234
423.940	-73.174
424.180	-73.174
POLYLINE BLACK
419.800	-69.004
419.980	-69.034
420.100	-69.034
420.160	-69.064
420.220	-69.034
420.430	-69.064
420.550	-69.034
420.700	-69.124
420.940	-69.124
421.000	-69.184
421.270	-69.214
421.450	-69.154
421.570	-69.154
421.720	-69.124
421.780	-69.154
422.020	-69.064
422.080	-69.124
422.200	-69.094
422.380	-69.094
422.500	-69.034
422.590	-69.034
422.830	-68.974
422.890	-68.974
423.070	-68.824
423.190	-68.794
423.400	-68.704
423.490	-68.554
423.610	-68.524
POLYLINE GREEN
415.150	-68.884
415.090	-69.214
415.270	-69.334
415.330	-69.394
415.210	-69.454
415.120	-69.574
415.210	-69.724
415.300	-69.814
415.090	-70.024
415.090	-70.144
POLYLINE GREEN
414.760	-68.884
414.820	-68.914
414.880	-68.884
415.000	-68.884
415.210	-68.824
415.330	-68.824
415.480	-68.794
POLYLINE BLACK
415.240	-72.244
415.390	-72.154
415.570	-72.094
415.630	-72.124
415.690	-72.094
415.930	-72.154
415.990	-72.214
416.290	-72.274
416.410	-72.304
416.530	-72.304
416.650	-72.274
416.770	-72.244
416.830	-72.334
417.040	-72.274
417.160	-72.304
417.280	-72.304
417.340	-72.334
417.400	-72.304
417.520	-72.334
417.700	-72.364
417.760	-72.424
418.030	-72.484
418.090	-72.514
418.150	-72.484
418.630	-72.604
418.930	-72.604
419.050	-72.634
419.170	-72.634
419.290	-72.664
419.380	-72.664
419.500	-72.694
419.620	-72.664
POLYLINE BLACK
418.210	-68.974
418.330	-69.004
418.480	-69.004
418.600	-68.974
418.780	-68.974
418.900	-68.944
419.050	-69.004
419.110	-68.974
419.350	-69.034
419.590	-69.034
419.800	-69.004
420.010	-69.004
420.070	-69.034
POLYLINE BLACK
418.480	-68.764
418.630	-68.944
418.630	-69.004
POLYLINE BLACK
414.640	-68.674
414.820	-68.734
415.000	-68.884
415.120	-68.914
415.180	-68.974
415.300	-68.944
415.360	-68.974
415.480	-68.914
415.600	-68.944
415.870	-68.914
416.110	-68.884
416.230	-68.884
416.350	-68.854
416.620	-68.854
416.740	-68.884
416.860	-68.914
417.070	-69.004
417.220	-69.094
417.520	-69.274
417.640	-69.244
417.910	-69.154
418.030	-69.124
418.270	-69.124
418.450	-69.064
418.600	-69.034
POLYLINE BLACK
415.730	-77.854
415.790	-77.674
415.790	-77.574
415.810	-77.494
415.810	-77.414
415.790	-77.334
415.810	-77.254
415.790	-77.214
415.830	-77.094
415.830	-77.034
415.770	-76.874
415.750	-76.694
415.710	-76.614
415.710	-76.554
415.530	-76.214
415.470	-76.094
415.470	-76.014
415.510	-75.894
415.530	-75.674
415.530	-75.574
415.650	-75.214
415.610	-75.034
415.570	-74.814
415.530	-74.634
415.450	-74.374
415.410	-74.194
415.250	-74.014
415.170	-74.034
415.090	-74.154
415.050	-74.174
415.030	-74.294
414.990	-74.334
414.970	-74.414
414.810	-74.714
414.770	-74.754
414.750	-74.834
414.690	-75.014
414.670	-75.194
414.650	-75.374
414.650	-75.454
414.630	-75.534
414.630	-75.614
414.610	-75.694
414.590	-75.814
414.610	-75.894
414.610	-75.854
414.610	-75.994
414.630	-76.214
414.630	-76.294
414.650	-76.374
414.650	-76.454
414.550	-76.614
414.550	-76.674
414.530	-76.754
414.530	-76.974
414.550	-77.054
414.550	-77.254
414.530	-77.334
414.530	-77.394
414.490	-77.554
414.470	-77.714
414.470	-77.834
414.490	-77.914
414.670	-78.074
414.710	-78.074
POLYLINE BLACK
414.510	-77.994
414.590	-77.994
414.710	-78.054
414.870	-78.074
414.950	-78.054
415.030	-78.074
415.190	-78.054
415.270	-78.054
415.310	-78.034
415.350	-78.074
415.430	-78.054
415.530	-78.054
415.610	-78.034
415.650	-78.034
415.710	-77.974
415.730	-77.814
415.730	-77.734
POLYLINE CONNECT
415.240	-76.494
415.170	-70.730
POLYLINE BLUE
414.740	-72.044
414.500	-72.304
POLYLINE BLUE
414.300	-72.124
414.200	-72.264
414.160	-72.284
POLYLINE BLUE
413.760	-72.244
413.620	-72.424
POLYLINE BLUE
413.520	-72.224
413.240	-72.484
POLYLINE BLUE
413.100	-72.164
413.040	-72.264
412.940	-72.324
412.840	-72.484
POLYLINE BLUE
412.780	-72.124
412.700	-72.264
412.540	-72.424
POLYLINE BLUE
412.420	-72.144
412.240	-72.384
412.200	-72.424
POLYLINE BLUE
412.180	-72.124
412.040	-72.344
POLYLINE BLUE
411.420	-72.204
411.500	-72.184
411.580	-72.164
411.640	-72.164
411.720	-72.144
411.840	-72.144
412.020	-72.104
412.200	-72.124
412.360	-72.104
412.560	-72.124
412.740	-72.164
412.780	-72.164
412.920	-72.204
413.060	-72.204
413.260	-72.184
413.440	-72.164
413.560	-72.184
413.920	-72.144
414.020	-72.144
414.100	-72.124
414.300	-72.104
414.480	-72.104
414.540	-72.124
414.720	-72.084
414.880	-72.084
414.960	-72.064
415.040	-72.084
415.120	-72.064
415.180	-72.064
415.260	-72.044
415.300	-72.044
POLYLINE BLACK
415.360	-72.244
415.280	-72.224
415.120	-72.224
415.040	-72.244
414.940	-72.264
414.860	-72.244
414.820	-72.244
414.780	-72.284
414.700	-72.264
414.580	-72.304
414.500	-72.264
414.460	-72.304
414.420	-72.284
414.300	-72.324
414.260	-72.304
414.220	-72.344
414.060	-72.384
414.000	-72.444
413.960	-72.424
413.800	-72.464
413.760	-72.504
413.600	-72.504
413.520	-72.464
413.460	-72.464
413.380	-72.444
413.300	-72.464
413.220	-72.424
413.140	-72.444
413.060	-72.444
413.020	-72.464
412.920	-72.444
412.760	-72.444
412.720	-72.484
412.680	-72.464
412.600	-72.484
412.440	-72.484
412.020	-72.344
411.980	-72.304
411.940	-72.364
411.860	-72.324
411.820	-72.344
411.700	-72.304
411.660	-72.324
411.620	-72.284
411.580	-72.284
411.540	-72.244
411.460	-72.244
411.380	-72.204
411.340	-72.224
411.220	-72.124
POLYLINE BLACK
413.680	-61.644
413.860	-61.704
413.920	-61.764
414.070	-61.794
414.250	-61.854
414.760	-62.184
414.820	-62.184
415.000	-62.334
415.120	-62.394
415.270	-62.544
415.540	-62.724
415.810	-63.114
415.870	-63.474
415.870	-63.564
415.900	-63.684
415.900	-63.804
415.930	-63.984
415.930	-64.164
416.020	-64.614
416.050	-64.734
416.050	-65.154
416.080	-65.304
416.080	-65.484
416.050	-65.604
416.050	-65.814
416.020	-65.934
415.990	-66.054
415.870	-66.504
415.870	-66.594
415.750	-66.924
415.750	-67.014
415.540	-67.374
415.090	-67.794
414.970	-67.824
414.790	-68.034
414.760	-68.154
414.760	-68.334
414.730	-68.394
415.000	-68.844
415.060	-69.234
415.060	-69.414
415.090	-69.474
415.060	-69.534
415.090	-69.654
415.090	-69.714
415.150	-69.774
415.150	-69.834
415.330	-69.924
415.390	-69.924
POLYLINE BLACK
410.110	-61.434
410.170	-61.464
410.230	-61.434
410.680	-61.434
410.860	-61.374
411.190	-61.374
411.280	-61.344
411.340	-61.374
411.460	-61.344
411.640	-61.344
412.030	-61.434
412.180	-61.434
412.360	-61.464
412.600	-61.524
412.690	-61.554
412.810	-61.494
412.990	-61.554
413.290	-61.614
413.410	-61.644
413.530	-61.644
413.770	-61.704
413.890	-61.734
POLYLINE BLACK
409.100	-72.014
409.370	-71.954
409.490	-71.954
409.550	-71.924
409.790	-71.954
410.240	-71.954
410.330	-71.984
410.510	-71.924
410.570	-71.924
410.630	-71.984
410.750	-71.984
410.990	-72.044
411.050	-72.104
411.110	-72.104
411.290	-72.254
POLYLINE BLACK
407.900	-62.804
408.350	-62.114
408.710	-61.784
408.920	-61.664
409.040	-61.634
409.160	-61.544
409.430	-61.514
409.760	-61.424
409.820	-61.454
410.000	-61.394
410.240	-61.364
410.480	-61.424
410.570	-61.484
410.630	-61.484
POLYLINE GREEN
407.630	-62.954
407.480	-63.224
407.660	-63.374
407.660	-63.464
407.540	-63.704
407.720	-64.034
407.750	-64.154
407.630	-64.334
POLYLINE GREEN
407.270	-62.984
407.390	-62.954
407.480	-62.984
407.600	-62.954
407.840	-62.954
407.900	-62.924
POLYLINE GREEN
406.760	-63.884
407.060	-63.974
407.300	-64.184
407.330	-64.334
407.360	-64.454
407.390	-64.574
407.540	-64.964
407.720	-65.084
407.780	-64.934
408.020	-64.634
408.080	-64.454
408.080	-64.184
408.050	-63.974
408.020	-63.644
408.080	-63.464
POLYLINE BLACK
402.770	-64.424
402.860	-64.514
403.070	-64.514
403.190	-64.424
403.280	-64.424
403.400	-64.394
403.490	-64.394
403.610	-64.364
403.940	-64.334
404.270	-64.154
404.420	-64.004
404.570	-64.004
404.690	-63.914
404.870	-63.914
404.930	-63.884
404.990	-63.914
405.200	-63.854
405.320	-63.884
405.440	-63.854
405.680	-63.854
405.740	-63.914
405.800	-63.884
405.980	-63.944
406.340	-64.034
406.520	-63.914
406.640	-63.914
407.060	-64.214
407.120	-64.244
407.330	-64.244
407.450	-64.274
407.510	-64.274
POLYLINE BLUE
408.540	-72.654
408.580	-72.554
408.940	-72.014
POLYLINE BLUE
408.120	-72.614
408.260	-72.514
408.580	-72.094
408.660	-71.974
408.700	-71.934
POLYLINE BLUE
407.780	-72.614
407.940	-72.474
408.100	-72.234
408.240	-72.054
408.320	-71.994
POLYLINE BLUE
407.480	-72.514
407.760	-72.214
408.040	-71.874
POLYLINE BLUE
407.280	-72.434
407.480	-72.234
407.540	-72.134
407.700	-71.974
POLYLINE BLUE
407.140	-72.294
407.440	-71.954
POLYLINE BLACK
407.060	-72.074
407.140	-72.234
407.160	-72.314
407.320	-72.514
407.440	-72.614
407.600	-72.674
407.860	-72.794
407.900	-72.774
407.940	-72.794
407.980	-72.754
408.060	-72.774
408.280	-72.774
408.440	-72.714
408.720	-72.674
408.800	-72.654
408.840	-72.614
408.960	-72.594
409.000	-72.554
409.000	-72.514
409.180	-72.334
409.260	-72.174
409.280	-72.054
409.320	-72.014
POLYLINE BLUE
407.010	-71.984
407.070	-72.014
407.130	-71.984
407.520	-71.984
407.640	-71.954
407.760	-71.984
408.090	-71.984
408.210	-71.954
408.330	-71.984
408.450	-71.984
408.570	-71.954
408.720	-71.984
408.840	-71.954
409.080	-71.924
POLYLINE BLACK
403.020	-78.254
403.050	-78.254
403.080	-78.269
403.185	-78.284
403.320	-78.344
403.350	-78.374
403.380	-78.374
403.410	-78.404
403.440	-78.404
403.605	-78.554
403.635	-78.569
403.680	-78.629
403.680	-78.659
403.710	-78.734
403.725	-78.959
403.725	-78.989
403.800	-79.139
403.800	-79.499
403.815	-79.559
403.815	-79.619
403.845	-79.679
403.920	-79.724
403.935	-79.784
403.935	-79.964
403.920	-79.994
403.935	-80.069
403.935	-80.204
403.995	-80.354
404.085	-80.474
404.100	-80.519
404.130	-80.549
404.130	-80.579
404.160	-80.639
404.160	-80.879
404.130	-80.969
404.130	-81.044
404.115	-81.104
404.115	-81.344
404.130	-81.404
404.160	-81.434
404.160	-81.494
404.190	-81.599
404.190	-81.689
404.265	-81.974
404.265	-82.004
404.280	-82.064
POLYLINE BLACK
401.850	-82.079
401.880	-82.049
401.880	-81.944
401.895	-81.884
401.865	-81.749
401.865	-81.719
401.850	-81.659
401.865	-81.599
401.865	-81.554
401.910	-81.449
401.925	-81.374
401.955	-81.314
401.955	-81.269
402.000	-81.119
402.015	-81.044
402.030	-81.014
402.030	-80.954
402.075	-80.759
402.075	-80.699
402.105	-80.564
402.105	-80.519
402.135	-80.414
402.225	-80.294
402.255	-80.189
402.255	-80.084
402.225	-79.964
402.225	-79.904
402.195	-79.844
402.195	-79.799
402.150	-79.739
402.150	-79.739
402.150	-79.739
402.150	-79.739
402.150	-79.709
402.180	-79.589
402.180	-79.544
402.150	-79.424
402.150	-79.394
402.165	-79.334
402.255	-79.154
402.255	-79.124
402.270	-79.064
402.285	-78.929
402.345	-78.764
402.345	-78.704
402.390	-78.674
402.480	-78.554
402.495	-78.524
402.495	-78.449
402.510	-78.389
402.525	-78.314
402.705	-78.179
402.765	-78.179
402.855	-78.209
402.915	-78.254
402.945	-78.254
402.975	-78.284
403.005	-78.284
403.095	-78.329
POLYLINE BLUE
402.945	-84.374
402.975	-84.359
403.185	-84.104
403.215	-84.029
403.290	-83.939
403.320	-83.939
POLYLINE BLUE
402.690	-84.359
402.810	-84.224
402.870	-84.179
402.885	-84.134
402.990	-84.014
402.990	-83.984
POLYLINE BLUE
402.465	-84.269
402.555	-84.194
402.720	-83.969
POLYLINE BLUE
402.240	-84.194
402.450	-84.029
402.480	-84.014
402.495	-83.984
POLYLINE BLUE
402.180	-84.014
402.210	-84.029
402.285	-84.029
402.450	-83.969
402.480	-83.969
402.585	-83.999
402.750	-83.999
402.780	-83.969
402.840	-83.999
402.945	-83.969
403.050	-83.969
403.080	-83.954
403.110	-83.969
403.185	-83.969
403.245	-83.984
403.320	-83.969
403.350	-83.969
403.410	-83.954
403.500	-83.954
403.545	-83.939
403.605	-83.954
POLYLINE BLACK
401.895	-82.004
401.910	-82.064
401.910	-82.169
401.925	-82.229
401.925	-82.289
401.955	-82.409
401.955	-82.544
401.970	-82.604
401.940	-82.694
401.940	-82.829
402.000	-82.949
402.000	-83.009
402.015	-83.069
402.015	-83.174
402.060	-83.324
402.045	-83.459
402.045	-83.519
402.060	-83.579
402.105	-83.639
402.105	-83.699
402.120	-83.729
402.210	-83.759
402.210	-83.789
402.255	-83.879
402.255	-84.029
402.270	-84.089
402.270	-84.149
402.285	-84.179
402.315	-84.194
402.330	-84.224
402.360	-84.239
402.375	-84.269
402.405	-84.269
402.495	-84.329
402.525	-84.329
402.615	-84.374
402.690	-84.389
402.750	-84.404
402.810	-84.404
402.840	-84.419
402.885	-84.419
402.945	-84.404
403.005	-84.404
403.065	-84.389
403.095	-84.389
403.245	-84.329
403.275	-84.299
403.305	-84.299
403.335	-84.269
403.335	-84.239
403.455	-84.074
403.470	-84.044
403.500	-84.029
403.500	-83.999
403.530	-83.984
POLYLINE BLACK
401.685	-83.879
401.715	-83.954
POLYLINE BLUE
403.230	-84.014
403.200	-84.014
403.170	-84.044
403.170	-84.089
403.125	-84.194
403.125	-84.224
403.065	-84.329
403.065	-84.359
403.050	-84.389
POLYLINE BLACK
404.235	-81.869
404.235	-81.959
404.220	-81.989
404.280	-82.154
404.280	-82.424
404.295	-82.484
404.295	-82.574
404.220	-82.694
404.175	-82.799
404.115	-82.889
404.100	-82.964
404.100	-82.994
404.070	-83.054
404.070	-83.279
403.935	-83.429
403.935	-83.459
403.890	-83.519
403.890	-83.579
403.905	-83.639
403.845	-83.789
403.740	-83.909
403.590	-83.999
403.560	-83.999
403.500	-84.029
POLYLINE CONNECT
404.275	-82.174
404.421	-68.264
POLYLINE BLUE
406.175	-70.324
406.095	-70.344
405.975	-70.344
405.855	-70.384
405.715	-70.344
405.635	-70.364
405.575	-70.364
405.495	-70.384
405.415	-70.364
405.375	-70.384
405.195	-70.344
405.035	-70.344
POLYLINE BLUE
406.075	-70.344
406.075	-70.404
405.975	-70.504
405.835	-70.684
POLYLINE BLUE
405.795	-70.384
405.555	-70.804
POLYLINE BLUE
405.455	-70.404
405.395	-70.504
405.155	-70.784
405.115	-70.864
POLYLINE BLUE
405.115	-70.464
404.895	-70.724
POLYLINE BLUE
404.895	-70.384
404.755	-70.584
404.695	-70.664
POLYLINE BLUE
404.655	-70.364
404.535	-70.544
404.495	-70.664
404.375	-70.804
POLYLINE BLUE
404.215	-70.284
404.295	-70.324
404.395	-70.324
404.475	-70.344
404.635	-70.324
404.735	-70.344
405.315	-70.344
405.575	-70.404
405.755	-70.404
405.835	-70.424
405.895	-70.424
405.935	-70.444
405.975	-70.424
406.035	-70.444
406.115	-70.424
406.155	-70.444
406.195	-70.424
POLYLINE BLACK
406.195	-70.304
406.055	-70.464
406.015	-70.464
405.895	-70.624
405.695	-70.744
405.655	-70.784
405.595	-70.784
405.475	-70.844
405.315	-70.804
405.235	-70.824
405.155	-70.804
404.975	-70.824
404.935	-70.844
404.755	-70.824
404.595	-70.764
404.555	-70.724
404.515	-70.724
404.295	-70.504
404.275	-70.424
404.215	-70.284
404.175	-70.244
404.135	-70.244
403.935	-70.104
403.915	-70.064
POLYLINE BLACK
406.455	-70.364
406.375	-70.384
406.215	-70.344
406.135	-70.324
406.075	-70.304
406.035	-70.324
406.095	-70.284
406.255	-70.264
406.355	-70.264
406.475	-70.364
406.555	-70.424
406.555	-70.464
406.635	-70.584
406.655	-70.664
406.715	-70.884
406.735	-71.124
406.755	-71.264
406.835	-71.604
406.915	-71.784
406.935	-71.864
407.035	-72.024
407.055	-72.084
407.135	-72.084
407.215	-72.104
POLYLINE BLACK
406.275	-70.324
POLYLINE BLACK
402.235	-68.364
402.235	-68.324
402.295	-68.404
402.335	-68.404
402.395	-68.504
402.515	-68.584
402.615	-68.704
402.675	-68.924
402.695	-69.064
402.875	-69.244
403.155	-69.404
403.355	-69.624
403.415	-69.724
403.515	-69.824
403.575	-69.844
403.715	-70.044
403.775	-70.104
403.795	-70.144
